 AS V1.42 Beta [Bld 212] - Source File main.asm - Page 1 - 5/24/2025 15:10:13


       1/       0 :                     ; ===========================================================================
       2/       0 :                     ; NikonaMD by GenesisFan64 2023-2025
       3/       0 :                     ;
       4/       0 :                     ; A devkit in assembly for developing software on the SEGA 16-bit
       5/       0 :                     ; family of systems:
       6/       0 :                     ; Genesis, Sega CD, Sega 32X, Sega CD32X and Sega Pico.
       7/       0 :                     ;
       8/       0 :                     ; DO NOT MODIFY THE nikona FOLDER AS IT WILL GET UPDATED WITH THE
       9/       0 :                     ; LATEST CHANGES AND BUGFIXES WITHOUT INTERFERING YOUR GAME CODE
      10/       0 :                     ; ===========================================================================
      11/       0 :                     
      12/       0 :                     ; ====================================================================
      13/       0 :                     ; ----------------------------------------------------------------
      14/       0 :                     ; SETTINGS
      15/       0 :                     ; ----------------------------------------------------------------
      16/       0 :                     
      17/       0 : =$0                  SET_FIRSTSCRN	equ 0		; Starting screen mode number on boot
      18/       0 :                     
      19/       0 :                     ; ====================================================================
      20/       0 :                     ; ----------------------------------------------------------------
      21/       0 :                     ; AS Assembler starting settings
      22/       0 :                     ; ----------------------------------------------------------------
      23/       0 :                     
      24/       0 :                     		cpu 		68000		; Starting CPU is 68000
      25/       0 :                     		padding		off		; Don't pad dc.b
      26/       0 :                     		listing 	purecode
      27/       0 :                     		supmode 	on 		; Supervisor mode (68000)
      28/       0 :                     		page 		0
      29/       0 :                     
      30/       0 :                     ; ====================================================================
      31/       0 :                     ; ----------------------------------------------------------------
      32/       0 :                     ; Includes
      33/       0 :                     ; ----------------------------------------------------------------
      34/       0 :                     
      35/       0 :                     		include	"rominfo.asm"		; ROM info
(1)    1/       0 :                     ; ====================================================================
(1)    2/       0 :                     ; ----------------------------------------------------------------
(1)    3/       0 :                     ; ROM/DISC Info
(1)    4/       0 :                     ;
(1)    5/       0 :                     ; ** DO NOT CHANGE THE SIZE OF THE STRINGS **
(1)    6/       0 :                     ; ----------------------------------------------------------------
(1)    7/       0 :                     
(1)    8/       0 :                     ; --------------------------------------------------------
(1)    9/       0 :                     ; System tags
(1)   10/       0 :                     ;
(1)   11/       0 :                     ; First 4 letters MUST contain "SEGA" or " SEGA"
(1)   12/       0 :                     ; or this will NOT boot on hardware
(1)   13/       0 :                     ; --------------------------------------------------------
(1)   14/       0 :                     
(1)   15/       0 : ="SEGA GENESIS    "  HTAG_SYS_MD	equ "SEGA GENESIS    "
(1)   16/       0 : ="SEGA GENESIS    "  HTAG_SYS_MCD	equ "SEGA GENESIS    "	; Same as cartridge
(1)   17/       0 : ="SEGA 32X        "  HTAG_SYS_MARS	equ "SEGA 32X        "
(1)   18/       0 : ="SEGA GENESIS    "  HTAG_SYS_MARSCD	equ "SEGA GENESIS    "	; Same as cartridge
(1)   19/       0 :                     ;!@ Pico variants
(1)   20/       0 : ="SEGA PICO       "  HTAG_SYS_PICO	equ "SEGA PICO       "
(1)   21/       0 : ="SEGA MEGA PICO  "  HTAG_SYS_MEGAPICO	equ "SEGA MEGA PICO  "
(1)   22/       0 : ="SEGA COPERA     "  HTAG_SYS_COPERA	equ "SEGA COPERA     "
(1)   23/       0 :                     
(1)   24/       0 :                     ; --------------------------------------------------------
(1)   25/       0 :                     ; SCD/CD32X ONLY: Volume and System(SDK/Engine) name
(1)   26/       0 :                     ;
(1)   27/       0 :                     ; Note:
(1)   28/       0 :                     ; Leave the names as is if you haven't modified
(1)   29/       0 :                     ; any of the Nikona SDK files (/nikona folder)
(1)   30/       0 :                     ; --------------------------------------------------------
(1)   31/       0 :                     
(1)   32/       0 : ="NIKONACD   "       HTAG_DISCID	equ "NIKONACD   "	; SCD Disc Volume name
(1)   33/       0 : ="NIKONACD32X"       HTAG_DISCID_M	equ "NIKONACD32X"	; CD32X Disc Volume name
(1)   34/       0 : ="NIKONA-SDK "       HTAG_SYSNAME	equ "NIKONA-SDK "
(1)   35/       0 : =$102                HTAG_CDVER	equ $0100|$02		; $0100|Version: $00-$FF
(1)   36/       0 :                     
(1)   37/       0 :                     ; --------------------------------------------------------
(1)   38/       0 :                     ; Release date
(1)   39/       0 :                     ;
(1)   40/       0 :                     ; "(C)NAME year.month"
(1)   41/       0 :                     ; --------------------------------------------------------
(1)   42/       0 :                     
(1)   43/       0 : ="(C)GF64 2025.???"  HTAG_DATEINFO	equ "(C)GF64 2025.???"
(1)   44/       0 :                     
(1)   45/       0 :                     ; --------------------------------------------------------
(1)   46/       0 :                     ; "Domestic" Name: Your game's name in Japan
(1)   47/       0 :                     ; (or in your language)
(1)   48/       0 :                     ; --------------------------------------------------------
(1)   49/       0 :                     
(1)   50/       0 : ="Nikona MD     ..   HTAG_NDM_MD	equ "Nikona MD                                       "
(1)   51/       0 : ="Nikona MCD    ..   HTAG_NDM_MCD	equ "Nikona MCD                                      "
(1)   52/       0 : ="Nikona SUPER32..   HTAG_NDM_MARS	equ "Nikona SUPER32X                                 "
(1)   53/       0 : ="Nikona CD32X  ..   HTAG_NDM_MARSCD	equ "Nikona CD32X                                    "
(1)   54/       0 : ="Nikona PICO   ..   HTAG_NDM_PICO	equ "Nikona PICO                                     "
(1)   55/       0 :                     
(1)   56/       0 :                     ; --------------------------------------------------------
(1)   57/       0 :                     ; "Overseas" Name: Your game's name in english
(1)   58/       0 :                     ; --------------------------------------------------------
(1)   59/       0 :                     
(1)   60/       0 : ="Nikona GENESIS..   HTAG_NOV_MD	equ "Nikona GENESIS                                  "
(1)   61/       0 : ="Nikona SCD    ..   HTAG_NOV_MCD	equ "Nikona SCD                                      "
(1)   62/       0 : ="Nikona 32X    ..   HTAG_NOV_MARS	equ "Nikona 32X                                      "
(1)   63/       0 : ="Nikona CD32X  ..   HTAG_NOV_MARSCD	equ "Nikona CD32X                                    "
(1)   64/       0 : ="Nikona PICO   ..   HTAG_NOV_PICO	equ "Nikona PICO                                     "
(1)   65/       0 :                     
(1)   66/       0 :                     ; --------------------------------------------------------
(1)   67/       0 :                     ; Serial number
(1)   68/       0 :                     ;
(1)   69/       0 :                     ; "id anything-vv"
(1)   70/       0 :                     ;
(1)   71/       0 :                     ; id:
(1)   72/       0 :                     ; GM - Game
(1)   73/       0 :                     ; AI - Educative
(1)   74/       0 :                     ;
(1)   75/       0 :                     ; anything:
(1)   76/       0 :                     ; Your own serial format, there's no standard for this.
(1)   77/       0 :                     ;
(1)   78/       0 :                     ; vv:
(1)   79/       0 :                     ; Version number: 00 to 99
(1)   80/       0 :                     ; --------------------------------------------------------
(1)   81/       0 :                     
(1)   82/       0 : ="GM HOMEBREW-02"    HTAG_SERIAL	equ "GM HOMEBREW-02"
(1)   83/       0 :                     
(1)   84/       0 :                     ; --------------------------------------------------------
(1)   85/       0 :                     ; Regions supported
(1)   86/       0 :                     ; --------------------------------------------------------
(1)   87/       0 :                     
(1)   88/       0 : ="F               "  HTAG_REGIONS	equ "F               "
(1)   89/       0 :                     
(1)   90/       0 :                     ; --------------------------------------------------------
(1)   91/       0 :                     ; Save data settings, applies to both
(1)   92/       0 :                     ; Cartridge and CD
(1)   93/       0 :                     ;
(1)   94/       0 :                     ; For compatibility the size must be in sizes of $40
(1)   95/       0 :                     ; (or $20 w/BRAM's protection)
(1)   96/       0 :                     ; Size also affects the save copy stored on RAM
(1)   97/       0 :                     ;
(1)   98/       0 :                     ; BRAM name note: Only UPPERCASE and _ are allowed.
(1)   99/       0 :                     ; --------------------------------------------------------
(1)  100/       0 :                     
(1)  101/       0 : =$1                  SET_ENBLSAVE	equ True		; Disable/Enable saving support
(1)  102/       0 : =$100                SET_SRAMSIZE	equ $100		; SRAM/BRAM filesize
(1)  103/       0 : ="NIKONACD___"       HTAG_CDSAVE	equ "NIKONACD___"	; SCD internal save name
(1)  104/       0 : ="NIKONACD32X"       HTAG_MARSCDSAV	equ "NIKONACD32X"	; CD32X internal save name
(1)  105/       0 :                     
      36/       0 :                     		include	"nikona/macros.asm"	; Assembler macros
(1)    1/       0 :                     ; ===========================================================================
(1)    2/       0 :                     ; -------------------------------------------------------------------
(1)    3/       0 :                     ; MACROS Section
(1)    4/       0 :                     ;
(1)    5/       0 :                     ; *** THIS MUST BE INCLUDED AT START OF THE CODE ***
(1)    6/       0 :                     ; -------------------------------------------------------------------
(1)    7/       0 :                     
(1)    8/       0 : =$3F800              MAX_WramBank	equ $3F800	; Maxium WRAM available to use + filler $120
(1)    9/       0 :                     
(1)   10/       0 :                     ; ====================================================================
(1)   11/       0 :                     ; ------------------------------------------------------------
(1)   12/       0 :                     ; AS Functions
(1)   13/       0 :                     ; ------------------------------------------------------------
(1)   14/       0 :                     
(1)   15/       0 :                     splitw		function l,r,(((l))<<16&$FFFF0000|((r))&$FFFF)		; Two WORDS stored in a single LONG: $11112222
(1)   16/       0 :                     cell_num	function a,(a<<5)					; Value in VDP cells
(1)   17/       0 :                     ; pstr_mem	function a,b,((a|$80)<<24)|b&$FFFFFF			; PRINT memory: pstr_mem(type,mem_pos)
(1)   18/       0 :                     full_loc	function a,-(-a)&$FFFFFFFF
(1)   19/       0 :                     vdp_wrtl	function a,((a>>14)&3)|(((a&$3FFF)|$4000)<<16)
(1)   20/       0 :                     
(1)   21/       0 :                     ; ====================================================================
(1)   22/       0 :                     ; ------------------------------------------------------------
(1)   23/       0 :                     ; Macros
(1)   24/       0 :                     ; ------------------------------------------------------------
(1)   25/       0 :                     
(1)   26/       0 :                     ; --------------------------------------------
(1)   27/       0 :                     ; Memory reserve
(1)   28/       0 :                     ;
(1)   29/       0 :                     ; Example:
(1)   30/       0 :                     ; 		memory RAM_Somewhere
(1)   31/       0 :                     ; RAM_ThisLong	ds.l 1
(1)   32/       0 :                     ; RAM_ThisWord	ds.w 1
(1)   33/       0 :                     ; RAM_ThisByte	ds.b 1				; <-- careful with alignment
(1)   34/       0 :                     ; 		endmemory 			; finish
(1)   35/       0 :                     ; --------------------------------------------
(1)   36/       0 :                     
(1)   37/       0 :                     memory		macro thisinput			; Reserve memory address
(1)   38/       0 :                     GLBL_LASTPC	:= *
(1)   39/       0 :                     		dephase
(1)   40/       0 :                     		phase thisinput
(1)   41/       0 :                     GLBL_LASTORG	:= *
(1)   42/       0 :                     		endm
(1)   43/       0 :                     
(1)   44/       0 :                     ; --------------------------------------------
(1)   45/       0 :                     
(1)   46/       0 :                     endmemory	macro				; Then finish.
(1)   47/       0 :                     .here:		dephase
(1)   48/       0 :                     		ds.b -(.here-GLBL_LASTORG)
(1)   49/       0 :                     		phase GLBL_LASTPC
(1)   50/       0 :                     		endm
(1)   51/       0 :                     
(1)   52/       0 :                     ; --------------------------------------------
(1)   53/       0 :                     ; Report memory usage
(1)   54/       0 :                     ; --------------------------------------------
(1)   55/       0 :                     
(1)   56/       0 :                     report		macro text,this,that
(1)   57/       0 :                     	if MOMPASS == 2
(1)   58/       0 :                     		if that == -1
(1)   59/       0 :                     			message text+": \{(this)&$FFFFFF}"
(1)   60/       0 :                     		else
(1)   61/       0 :                     			if this > that
(1)   62/       0 :                     				warning "RAN OUT OF "+text+" SPACE (\{(this)&$FFFFFF} of \{(that)&$FFFFFF})"
(1)   63/       0 :                     			else
(1)   64/       0 :                     				message text+" uses \{(this)&$FFFFFF} of \{(that)&$FFFFFF}"
(1)   65/       0 :                     			endif
(1)   66/       0 :                     		endif
(1)   67/       0 :                     	endif
(1)   68/       0 :                     		endm
(1)   69/       0 :                     
(1)   70/       0 :                     ; --------------------------------------------
(1)   71/       0 :                     ; Same as report but only show on error
(1)   72/       0 :                     ; --------------------------------------------
(1)   73/       0 :                     
(1)   74/       0 :                     erreport	macro text,this,that
(1)   75/       0 :                     	if MOMPASS == 2
(1)   76/       0 :                     		if this > that
(1)   77/       0 :                     			error "RAN OUT OF "+text+" (\{(this)&$FFFFFF} of \{(that)&$FFFFFF})"
(1)   78/       0 :                     		endif
(1)   79/       0 :                     	endif
(1)   80/       0 :                     		endm
(1)   81/       0 :                     
(1)   82/       0 :                     ; --------------------------------------------
(1)   83/       0 :                     ; ZERO Fill padding
(1)   84/       0 :                     ; --------------------------------------------
(1)   85/       0 :                     
(1)   86/       0 :                     rompad		macro target
(1)   87/       0 :                     .this_sz := target - *
(1)   88/       0 :                     		if .this_sz < 0
(1)   89/       0 :                     			error "Too much data at $\{target} ($\{(-.this_sz)} bytes)"
(1)   90/       0 :                     		else
(1)   91/       0 :                     			dc.b [.this_sz]0
(1)   92/       0 :                     		endif
(1)   93/       0 :                     	endm
(1)   94/       0 :                     
(1)   95/       0 :                     ; ====================================================================
(1)   96/       0 :                     ; ------------------------------------------------------------
(1)   97/       0 :                     ; Filesystem macros
(1)   98/       0 :                     ;
(1)   99/       0 :                     ; NOTE: A pre-generated ISO head is required
(1)  100/       0 :                     ;       at $8000 until $B7FF
(1)  101/       0 :                     ; ------------------------------------------------------------
(1)  102/       0 :                     
(1)  103/       0 :                     ; ------------------------------------------------------------
(1)  104/       0 :                     ; FS setup
(1)  105/       0 :                     ; ------------------------------------------------------------
(1)  106/       0 :                     
(1)  107/       0 :                     fs_mkList	macro type,start,end
(1)  108/       0 :                     .fstrt:
(1)  109/       0 :                     		dc.b .fend-.fstrt				; Block size
(1)  110/       0 :                     		dc.b 0						; Zero
(1)  111/       0 :                     		dc.b (start>>11&$FF),(start>>19&$FF)		; Start sector, little endian
(1)  112/       0 :                     		dc.b (start>>27&$FF),(start>>35&$FF)
(1)  113/       0 :                     		dc.l start>>11					; Start sector, big endian
(1)  114/       0 :                     		dc.b ((end-start)&$FF),((end-start)>>8&$FF)	; Filesize, little endian
(1)  115/       0 :                     		dc.b ((end-start)>>16&$FF),((end-start)>>24&$FF)
(1)  116/       0 :                     		dc.l end-start					; Filesize, big endian
(1)  117/       0 :                     		dc.b (2025-1900)+1				; Year
(1)  118/       0 :                     		dc.b 0,0,0,0,0,0				; (filler)
(1)  119/       0 :                     		dc.b 2						; File flags
(1)  120/       0 :                     		dc.b 0,0
(1)  121/       0 :                     		dc.b 1,0					; Volume sequence number, little
(1)  122/       0 :                     		dc.b 0,1					; Volume sequence number, big
(1)  123/       0 :                     		dc.b 1,type
(1)  124/       0 :                     .fend:
(1)  125/       0 :                     		endm
(1)  126/       0 :                     
(1)  127/       0 :                     ; ------------------------------------------------------------
(1)  128/       0 :                     ; FS File
(1)  129/       0 :                     ; ------------------------------------------------------------
(1)  130/       0 :                     
(1)  131/       0 :                     fs_file		macro filename,start,end
(1)  132/       0 :                     .fstrt:		dc.b .fend-.fstrt				; Block size
(1)  133/       0 :                     		dc.b 0						; zero
(1)  134/       0 :                     		dc.b (start>>11&$FF),(start>>19&$FF)		; Start sector, little
(1)  135/       0 :                     		dc.b (start>>27&$FF),(start>>35&$FF)
(1)  136/       0 :                     		dc.l start>>11					; Start sector, big
(1)  137/       0 :                     		dc.b ((end-start)&$FF),((end-start)>>8&$FF)	; Filesize, little
(1)  138/       0 :                     		dc.b ((end-start)>>16&$FF),((end-start)>>24&$FF)
(1)  139/       0 :                     		dc.l end-start					; Filesize, big
(1)  140/       0 :                     		dc.b (2025-1900)+1				; Year
(1)  141/       0 :                     		dc.b 0,0,0,0,0,0				; (filler)
(1)  142/       0 :                     		dc.b 0						; File flags
(1)  143/       0 :                     		dc.b 0,0
(1)  144/       0 :                     		dc.b 1,0					; Volume sequence number, little
(1)  145/       0 :                     		dc.b 0,1					; Volume sequence number, big
(1)  146/       0 :                     		dc.b .flend-.flen
(1)  147/       0 :                     .flen:		dc.b filename,";1"
(1)  148/       0 :                     .flend:		dc.b 0
(1)  149/       0 :                     .fend:
(1)  150/       0 :                     		endm
(1)  151/       0 :                     
(1)  152/       0 :                     ; ====================================================================
(1)  153/       0 :                     ; ------------------------------------------------------------
(1)  154/       0 :                     ; Nikona macros
(1)  155/       0 :                     ; ------------------------------------------------------------
(1)  156/       0 :                     
(1)  157/       0 :                     ; --------------------------------------------
(1)  158/       0 :                     ; Screen mode code
(1)  159/       0 :                     ;
(1)  160/       0 :                     ; code_bank START_LABEL,END_LABEL,CODE_PATH
(1)  161/       0 :                     ; --------------------------------------------
(1)  162/       0 :                     
(1)  163/       0 :                     code_bank macro lblstart,lblend,path
(1)  164/       0 :                     	if MCD|MARSCD
(1)  165/       0 :                     		align $800		; SCD/CD32X sector align
(1)  166/       0 :                     	elseif MARS
(1)  167/       0 :                     		phase $880000+*		; 32X ROM-area
(1)  168/       0 :                     		align 4
(1)  169/       0 :                     	endif
(1)  170/       0 :                     lblstart label *			; Register start label
(1)  171/       0 :                     	if MARS
(1)  172/       0 :                     		dephase			; 32X dephase
(1)  173/       0 :                     	endif
(1)  174/       0 :                     mctopscrn:
(1)  175/       0 :                     	if MARS|MCD|MARSCD
(1)  176/       0 :                     		phase RAM_UserCode	; Phase code to RAM area
(1)  177/       0 :                     	endif
(1)  178/       0 :                     mcscrn_s:
(1)  179/       0 :                     	include path;"game/screenX/code.asm"
(1)  180/       0 :                     mcscrn_e:
(1)  181/       0 :                     	if MARS
(1)  182/       0 :                     		dephase			; dephase RAM section
(1)  183/       0 :                     	elseif MCD|MARSCD
(1)  184/       0 :                     		dephase
(1)  185/       0 :                     		phase mctopscrn+(mcscrn_e-RAM_UserCode)	; Add the used bytes
(1)  186/       0 :                     		align $800
(1)  187/       0 :                     	endif
(1)  188/       0 :                     lblend label *
(1)  189/       0 :                     	erreport "SCREEN CODE: lblstart",mcscrn_e-mcscrn_s,MAX_UserCode
(1)  190/       0 :                     	endm
(1)  191/       0 :                     
(1)  192/       0 :                     ; --------------------------------------------
(1)  193/       0 :                     ; Data bank START
(1)  194/       0 :                     ; --------------------------------------------
(1)  195/       0 :                     
(1)  196/       0 :                     data_bank macro startlbl
(1)  197/       0 :                     	if MCD|MARSCD
(1)  198/       0 :                     		align $800		; Sector alignment
(1)  199/       0 :                     	elseif MARS
(1)  200/       0 :                     		align 4			; 32X alignment
(1)  201/       0 :                     	endif
(1)  202/       0 :                     startlbl label *			; Register label
(1)  203/       0 :                     	if MCD|MARSCD			; Set PHASE
(1)  204/       0 :                     		phase sysmcd_wram
(1)  205/       0 :                     	elseif MARS
(1)  206/       0 :                     		phase $900000+(startlbl&$0FFFFF)
(1)  207/       0 :                     	endif
(1)  208/       0 :                     GLBL_MDATA_ST := *			; Save current pos globally
(1)  209/       0 :                     	endm
(1)  210/       0 :                     
(1)  211/       0 :                     ; --------------------------------------------
(1)  212/       0 :                     ; Data bank END
(1)  213/       0 :                     ; --------------------------------------------
(1)  214/       0 :                     
(1)  215/       0 :                     dend_bank macro endlbl
(1)  216/       0 :                     GLBL_MDATA_RP := *-GLBL_MDATA_ST	; Get used size to report
(1)  217/       0 :                     
(1)  218/       0 :                     	; Set 32X bank end
(1)  219/       0 :                     	if MARS
(1)  220/       0 :                     		if GLBL_MDATA_RP >= $900000+$100000
(1)  221/       0 :                     			error "32X: RAN OUT OF MEMORY FOR A SINGLE 1MB BANK"
(1)  222/       0 :                     		endif
(1)  223/       0 :                     		dephase			; Dephase $900000
(1)  224/       0 :                     
(1)  225/       0 :                     	; Set MCD/CD32X data end
(1)  226/       0 :                     	elseif MCD|MARSCD
(1)  227/       0 :                     		dephase			; Dephase WRAM
(1)  228/       0 :                     mlastpos := *	; <-- CD/CD32X ONLY
(1)  229/       0 :                     mpadlbl	:= (mlastpos&$FFF800)+$800	; Fill sectors
(1)  230/       0 :                     		rompad mpadlbl
(1)  231/       0 :                     endlbl label *	; <-- CD/CD32X ONLY
(1)  232/       0 :                     
(1)  233/       0 :                     		if GLBL_MDATA_RP > MAX_WramBank
(1)  234/       0 :                     			error "SCD/CD32X: DATA BANK IS TOO LARGE: $\{GLBL_MDATA_RP} of $\{MAX_WramBank}"
(1)  235/       0 :                     		endif
(1)  236/       0 :                     	endif
(1)  237/       0 :                     	endm
(1)  238/       0 :                     
(1)  239/       0 :                     ; --------------------------------------------
(1)  240/       0 :                     ; SCD Stamp Start/End
(1)  241/       0 :                     ; --------------------------------------------
(1)  242/       0 :                     
(1)  243/       0 :                     mcdStampData	macro
(1)  244/       0 :                     		phase 0
(1)  245/       0 :                     		ds.b $80
(1)  246/       0 :                     		endm
(1)  247/       0 :                     
(1)  248/       0 :                     mcdStampDEnd	macro
(1)  249/       0 :                     		align 2
(1)  250/       0 :                     .end:
(1)  251/       0 :                     		erreport "This SCD Stamp data",.end,$3F800
(1)  252/       0 :                     		dephase
(1)  253/       0 :                     		endm
(1)  254/       0 :                     
(1)  255/       0 :                     ; --------------------------------------------
(1)  256/       0 :                     ; 32X graphics data Start/End
(1)  257/       0 :                     ; --------------------------------------------
(1)  258/       0 :                     
(1)  259/       0 :                     marsVramData	macro
(1)  260/       0 :                     		phase 0
(1)  261/       0 :                     		endm
(1)  262/       0 :                     
(1)  263/       0 :                     marsVramDEnd	macro
(1)  264/       0 :                     		align 8
(1)  265/       0 :                     .end:
(1)  266/       0 :                     		erreport "This 32X graphics data",.end,$18000
(1)  267/       0 :                     		dephase
(1)  268/       0 :                     		endm
(1)  269/       0 :                     
(1)  270/       0 :                     ; --------------------------------------------
(1)  271/       0 :                     ; Fill CD sectors
(1)  272/       0 :                     ; --------------------------------------------
(1)  273/       0 :                     
(1)  274/       0 :                     fillSectors macro num
(1)  275/       0 :                     	rept num
(1)  276/       0 :                     		align $800-1
(1)  277/       0 :                     		dc.b 0
(1)  278/       0 :                     	endm
(1)  279/       0 :                     	endm
(1)  280/       0 :                     
(1)  281/       0 :                     ; --------------------------------------------
(1)  282/       0 :                     ; binclude VDP graphics
(1)  283/       0 :                     ; --------------------------------------------
(1)  284/       0 :                     
(1)  285/       0 :                     binclude_dma	macro lblstart,file
(1)  286/       0 :                     	; 32X: Temporally show ROM position
(1)  287/       0 :                     	if MARS
(1)  288/       0 :                     GLBL_LASTPHDMA	set *
(1)  289/       0 :                     	dephase
(1)  290/       0 :                     GLBL_PHASEDMA	set *
(1)  291/       0 :                     		endif
(1)  292/       0 :                     
(1)  293/       0 :                     		align 2
(1)  294/       0 :                     lblstart	label *
(1)  295/       0 :                     		binclude file
(1)  296/       0 :                     		align 2
(1)  297/       0 :                     	; 32X: Return to last phase
(1)  298/       0 :                     	if MARS
(1)  299/       0 :                     GLBL_ENDPHDMA	set *-GLBL_PHASEDMA
(1)  300/       0 :                     		phase GLBL_LASTPHDMA+GLBL_ENDPHDMA
(1)  301/       0 :                     	endif
(1)  302/       0 :                     		endm
(1)  303/       0 :                     
(1)  304/       0 :                     ; --------------------------------------------
(1)  305/       0 :                     ; binclude VDP graphics w/End label
(1)  306/       0 :                     ; --------------------------------------------
(1)  307/       0 :                     
(1)  308/       0 :                     binclude_dma_e	macro lblstart,lblend,file
(1)  309/       0 :                     	; 32X: Temporally show ROM position
(1)  310/       0 :                     	if MARS
(1)  311/       0 :                     GLBL_LASTPHDMA	set *
(1)  312/       0 :                     	dephase
(1)  313/       0 :                     GLBL_PHASEDMA	set *
(1)  314/       0 :                     		endif
(1)  315/       0 :                     		align 2
(1)  316/       0 :                     lblstart	label *
(1)  317/       0 :                     		binclude file
(1)  318/       0 :                     lblend		label *
(1)  319/       0 :                     		align 2
(1)  320/       0 :                     	; 32X: Return to last phase
(1)  321/       0 :                     	if MARS
(1)  322/       0 :                     GLBL_ENDPHDMA	set *-GLBL_PHASEDMA
(1)  323/       0 :                     		phase GLBL_LASTPHDMA+GLBL_ENDPHDMA
(1)  324/       0 :                     	endif
(1)  325/       0 :                     		endm
(1)  326/       0 :                     
(1)  327/       0 :                     ; ====================================================================
(1)  328/       0 :                     ; ------------------------------------------------------------
(1)  329/       0 :                     ; Nikona CODE macros
(1)  330/       0 :                     ; ------------------------------------------------------------
(1)  331/       0 :                     
(1)  332/       0 :                     ; --------------------------------------------
(1)  333/       0 :                     ; VDP color debug
(1)  334/       0 :                     ; --------------------------------------------
(1)  335/       0 :                     
(1)  336/       0 :                     vdp_showme	macro color
(1)  337/       0 :                     		move.l	#$C0000000,(vdp_ctrl).l
(1)  338/       0 :                     		move.w	#color,(vdp_data).l
(1)  339/       0 :                     		endm
(1)  340/       0 :                     
      37/       0 :                     		include	"nikona/mcd/map.asm"	; Sega CD hardware map (shared with Sub-CPU)
(1)    1/       0 :                     ; ===========================================================================
(1)    2/       0 :                     ; -------------------------------------------------------------------
(1)    3/       0 :                     ; SEGA CD SUB-CPU MAP
(1)    4/       0 :                     ; -------------------------------------------------------------------
(1)    5/       0 :                     
(1)    6/       0 :                     ; ----------------------------------------------------------------
(1)    7/       0 :                     ; SEGA CD map
(1)    8/       0 :                     ; ----------------------------------------------------------------
(1)    9/       0 :                     
(1)   10/       0 : =$200000             sysmcd_wram	equ	$200000
(1)   11/       0 : =$A12000             sysmcd_reg	equ	$A12000
(1)   12/       0 :                     
(1)   13/       0 :                     ; ------------------------------------------------
(1)   14/       0 :                     ; Register area
(1)   15/       0 :                     ;
(1)   16/       0 :                     ; MAIN-CPU: $A12000 (sysmcd_reg)
(1)   17/       0 :                     ; SUB-CPU:  $FF8000 (scpu_reg)
(1)   18/       0 :                     ; ------------------------------------------------
(1)   19/       0 :                     
(1)   20/       0 :                     ; -------------
(1)   21/       0 :                     ; bits
(1)   22/       0 : =$2                  bitWRamMode	equ 2		;2M | 1M
(1)   23/       0 :                     
(1)   24/       0 :                     ; -------------
(1)   25/       0 :                     ; Registers
(1)   26/       0 : =$3                  mcd_memory	equ $03
(1)   27/       0 : =$6                  mcd_hint	equ $06		; [W] HBlank RAM redirection-jump (MAIN CPU ONLY)
(1)   28/       0 : =$E                  mcd_comm_m	equ $0E		; [B] Comm port MAIN R/W | SUB READ ONLY
(1)   29/       0 : =$F                  mcd_comm_s	equ $0F		; [B] Comm port SUB R/W  | MAIN READ ONLY
(1)   30/       0 : =$10                 mcd_dcomm_m	equ $10		; [S: $0E] Communication MAIN
(1)   31/       0 : =$20                 mcd_dcomm_s	equ $20		; [S: $0E] Communication SUB
(1)   32/       0 : =$32                 mcd_intmask	equ $32		;
(1)   33/       0 :                     
(1)   34/       0 :                     ; ====================================================================
(1)   35/       0 :                     
      38/       0 :                     		include	"nikona/mars/map.asm"	; 32X hardware map (shared with SH2)
(1)    1/       0 :                     ; ===========================================================================
(1)    2/       0 :                     ; -------------------------------------------------------------------
(1)    3/       0 :                     ; SH2 MAP
(1)    4/       0 :                     ;
(1)    5/       0 :                     ; Variables are shared with 68K
(1)    6/       0 :                     ; -------------------------------------------------------------------
(1)    7/       0 :                     
(1)    8/       0 :                     ; ----------------------------------------------------------------
(1)    9/       0 :                     ; 32X map
(1)   10/       0 :                     ; ----------------------------------------------------------------
(1)   11/       0 :                     
(1)   12/       0 : =$A130EC             sysmars_id		equ	$A130EC		; 32X's ID: "MARS"
(1)   13/       0 : =$A15100             sysmars_reg		equ	$A15100		; MARS 32X registers area
(1)   14/       0 : =$A15180             sysmars_svdp		equ	$A15180		; SVDP registers
(1)   15/       0 : =$840000             sysmars_framebuffer	equ	$840000
(1)   16/       0 : =$860000             sysmars_overwrite	equ	$860000
(1)   17/       0 :                     
(1)   18/       0 :                     ; ------------------------------------------------------------
(1)   19/       0 :                     ; SH2 MAP
(1)   20/       0 :                     ; ------------------------------------------------------------
(1)   21/       0 :                     
(1)   22/       0 : =$0                  CS0		equ	$00000000	; Boot ROM & System registers
(1)   23/       0 : =$2000000            CS1		equ	$02000000	; ROM view (CARTRIDGE ONLY, BLOCKED if RV=1)
(1)   24/       0 : =$4000000            CS2		equ	$04000000	; Framebuffer/Overwrite area
(1)   25/       0 : =$6000000            CS3		equ	$06000000	; SDRAM
(1)   26/       0 : =$20000000           TH		equ	$20000000	; Cache-Thru OR Value
(1)   27/       0 : =$20004000           _sysreg		equ	$00004000|TH	; 32X system registers
(1)   28/       0 : =$20004100           _vdpreg		equ	$00004100|TH	; SuperVDP registers
(1)   29/       0 : =$20004200           _palette	equ	$00004200|TH	; Palette RAM for Pixel-Packed or RLE mode
(1)   30/       0 : =$24000000           _framebuffer:	equ	CS2|TH		; Framebuffer: First 240 words are the linetable
(1)   31/       0 : =$24020000           _overwrite:	equ	CS2|TH+$20000	; Overwrite:   Same but any 0 value writes are ignored
(1)   32/       0 :                     
(1)   33/       0 :                     ; ------------------------------------------------------------
(1)   34/       0 :                     ; Variables
(1)   35/       0 :                     ; ------------------------------------------------------------
(1)   36/       0 :                     
(1)   37/       0 :                     ; ------------------------------------------------
(1)   38/       0 :                     ; System
(1)   39/       0 :                     ;
(1)   40/       0 :                     ; _sysreg / sysmars_reg
(1)   41/       0 :                     ; ------------------------------------------------
(1)   42/       0 :                     
(1)   43/       0 : =$0                  adapter		equ	$00		; adapter control register
(1)   44/       0 : =$1                  intmask		equ	$01		; SH2 CPU ONLY: interrupts mask
(1)   45/       0 : =$3                  standby		equ	$03		; CMD interrupt request bit by MD side (slave|master) (BYTE)
(1)   46/       0 : =$4                  bankset		equ	$04		; 68K ONLY: $900000 bank
(1)   47/       0 : =$6                  dreqctl		equ	$06		; DREQ control (WORD)
(1)   48/       0 : =$8                  dreqsource	equ	$08		; DREQ source address
(1)   49/       0 : =$C                  dreqdest	equ	$0C		; DREQ destination address
(1)   50/       0 : =$10                 dreqlen		equ	$10		; DREQ length
(1)   51/       0 : =$12                 dreqfifo	equ	$12		; DREQ FIFO
(1)   52/       0 : =$14                 vresintclr	equ	$14		; VRES interrupt clear
(1)   53/       0 : =$16                 vintclr		equ	$16		; V interrupt clear
(1)   54/       0 : =$18                 hintclr		equ	$18		; H interrupt clear
(1)   55/       0 : =$1A                 cmdintclr	equ	$1a		; CMD interrupt clear
(1)   56/       0 : =$1C                 pwmintclr	equ	$1C		; PWM interrupt clear
(1)   57/       0 : =$20                 comm0		equ	$20		; Communication ports
(1)   58/       0 : =$21                 comm1		equ	$21		; ** ALL CPUs can see this ports: including Z80
(1)   59/       0 : =$22                 comm2		equ	$22		; only be careful with the read/write directions. **
(1)   60/       0 : =$23                 comm3		equ	$23		;
(1)   61/       0 : =$24                 comm4		equ	$24		;
(1)   62/       0 : =$25                 comm5		equ	$25		;
(1)   63/       0 : =$26                 comm6		equ	$26		;
(1)   64/       0 : =$27                 comm7		equ	$27		;
(1)   65/       0 : =$28                 comm8		equ	$28		;
(1)   66/       0 : =$29                 comm9		equ	$29		;
(1)   67/       0 : =$2A                 comm10		equ	$2A		;
(1)   68/       0 : =$2B                 comm11		equ	$2B		;
(1)   69/       0 : =$2C                 comm12		equ	$2C		;
(1)   70/       0 : =$2D                 comm13		equ	$2D		;
(1)   71/       0 : =$2E                 comm14		equ	$2E		;
(1)   72/       0 : =$2F                 comm15		equ	$2F		;
(1)   73/       0 : =$30                 timerctl	equ	$30		; PWM Timer Control
(1)   74/       0 : =$31                 pwmctl		equ	$31		; PWM Control
(1)   75/       0 : =$32                 cycle		equ	$32		; PWM Cycle
(1)   76/       0 : =$34                 lchwidth	equ	$34		; PWM L ch Width
(1)   77/       0 : =$36                 rchwidth	equ	$36		; PWM R ch Width
(1)   78/       0 : =$38                 monowidth	equ	$38		; PWM Monaural Width
(1)   79/       0 :                     
(1)   80/       0 :                     ; adapter
(1)   81/       0 : =$1                  ADEN		equ	%00000001	; MARS Enabled: No/Yes
(1)   82/       0 : =$2                  RES		equ	%00000010	; SH2 Reset: Yes/Cancelled
(1)   83/       0 : =$80                 FM		equ	%10000000	; SuperVDP permission: MD or SH
(1)   84/       0 :                     
(1)   85/       0 :                     ; framectl
(1)   86/       0 : =$1                  FS		equ	%00000001	; Current framebuffer DRAM pixel data
(1)   87/       0 : =$2                  FEN		equ	%00000010	; Can write to Framebuffer: Yes/No
(1)   88/       0 :                     
(1)   89/       0 :                     ; vdpsts
(1)   90/       0 : =$80                 VBLK		equ	%10000000	; VBlank bit
(1)   91/       0 : =$40                 HBLK		equ	%01000000	; HBlank bit
(1)   92/       0 : =$20                 PEN		equ	%00100000	; Can write to Palette: Yes/No
(1)   93/       0 :                     
(1)   94/       0 :                     ; intmask
(1)   95/       0 : =$8                  VIRQ_ON		equ	$08		; IRQ masks for IRQ mask register
(1)   96/       0 : =$4                  HIRQ_ON		equ	$04
(1)   97/       0 : =$2                  CMDIRQ_ON	equ	$02
(1)   98/       0 : =$1                  PWMIRQ_ON	equ	$01
(1)   99/       0 :                     
(1)  100/       0 :                     ; ------------------------------------------------
(1)  101/       0 :                     ; Super VDP
(1)  102/       0 :                     ;
(1)  103/       0 :                     ; _vdpreg
(1)  104/       0 :                     ; ------------------------------------------------
(1)  105/       0 :                     
(1)  106/       0 : =$0                  tvmode		equ	$00		; TV mode
(1)  107/       0 : =$1                  bitmapmd	equ	$01		; Bitmap mode
(1)  108/       0 : =$2                  shift		equ	$02		; Lineshift bit
(1)  109/       0 : =$4                  filllength	equ	$04		; Auto Fill Length register
(1)  110/       0 : =$6                  fillstart	equ	$06		; Auto Fill Start Address register
(1)  111/       0 : =$8                  filldata	equ	$08		; Auto Fill Data register
(1)  112/       0 : =$A                  vdpsts		equ	$0A		; VDP Status register
(1)  113/       0 : =$B                  framectl	equ	$0B		; Frame Buffer Control register
(1)  114/       0 :                     
(1)  115/       0 :                     ; ------------------------------------------------------------
(1)  116/       0 :                     ; SH2 internal registers
(1)  117/       0 :                     ;
(1)  118/       0 :                     ; DREQ and PWM are directly connected to
(1)  119/       0 :                     ; their specific channel:
(1)  120/       0 :                     ; Channel 0: DREQ
(1)  121/       0 :                     ; Channel 1: PWM
(1)  122/       0 :                     ; ------------------------------------------------------------
(1)  123/       0 :                     
(1)  124/       0 : =$FFFFFE00           _SERIAL		equ	$FFFFFE00	; Serial Control
(1)  125/       0 : =$FFFFFE10           _FRT		equ	$FFFFFE10	; Free run timer
(1)  126/       0 : =$0                  _TIER		equ	$00		; Timer interrupt enable register
(1)  127/       0 : =$1                  _TCSR		equ	$01		; Timer control & status register
(1)  128/       0 : =$2                  _FRC_H		equ	$02		; Free running counter High
(1)  129/       0 : =$3                  _FRC_L		equ	$03		; Free running counter Low
(1)  130/       0 : =$4                  _OCR_H		equ	$04		; Output compare register High
(1)  131/       0 : =$5                  _OCR_L		equ	$05		; Output compare register Low
(1)  132/       0 : =$6                  _TCR		equ	$06		; Timer control register
(1)  133/       0 : =$7                  _TOCR		equ	$07		; Timer output compare control register
(1)  134/       0 : =$FFFFFE92           _CCR		equ	$FFFFFE92	; Cache register (WORD)
(1)  135/       0 : =$FFFFFF00           _JR		equ	$FFFFFF00	; DIVU (--- / val)
(1)  136/       0 : =$FFFFFF04           _HRL32		equ	$FFFFFF04	; DIVU (val / ---) or RIGHT-long result on Read.
(1)  137/       0 : =$FFFFFF10           _HRH		equ	$FFFFFF10	; DIVU Result: LEFT long
(1)  138/       0 : =$FFFFFF14           _HRL		equ	$FFFFFF14	; DIVU Result: RIGHT long
(1)  139/       0 : =$FFFFFF80           _DMASOURCE0	equ	$FFFFFF80	; DMA source address 0
(1)  140/       0 : =$FFFFFF84           _DMADEST0	equ	$FFFFFF84	; DMA destination address 0
(1)  141/       0 : =$FFFFFF88           _DMACOUNT0	equ	$FFFFFF88	; DMA transfer count 0
(1)  142/       0 : =$FFFFFF8C           _DMACHANNEL0	equ	$FFFFFF8C	; DMA channel control 0
(1)  143/       0 : =$FFFFFF90           _DMASOURCE1	equ	$FFFFFF90	; DMA source address 1
(1)  144/       0 : =$FFFFFF94           _DMADEST1	equ	$FFFFFF94	; DMA destination address 1
(1)  145/       0 : =$FFFFFF98           _DMACOUNT1	equ	$FFFFFF98	; DMA transfer count 1
(1)  146/       0 : =$FFFFFF9C           _DMACHANNEL1	equ	$FFFFFF9C	; DMA channel control 1
(1)  147/       0 : =$FFFFFFA0           _DMAVECTORN0	equ	$FFFFFFA0	; DMA vector number N0
(1)  148/       0 : =$FFFFFFA4           _DMAVECTORE0	equ	$FFFFFFA4	; DMA vector number E0
(1)  149/       0 : =$FFFFFFA8           _DMAVECTORN1	equ	$FFFFFFA8	; DMA vector number N1
(1)  150/       0 : =$FFFFFFAC           _DMAVECTORE1	equ	$FFFFFFAC	; DMA vector number E1
(1)  151/       0 : =$FFFFFFB0           _DMAOPERATION	equ	$FFFFFFB0	; DMA operation
(1)  152/       0 : =$FFFFFFB4           _DMAREQACK0	equ	$FFFFFFB4	; DMA request/ack select control 0
(1)  153/       0 : =$FFFFFFB8           _DMAREQACK1	equ	$FFFFFFB8	; DMA request/ack select control 1
(1)  154/       0 :                     
      39/       0 :                     		include	"nikona/md/map.asm"	; Genesis hardware map and other areas
(1)    1/       0 :                     ; ===========================================================================
(1)    2/       0 :                     ; ----------------------------------------------------------------
(1)    3/       0 :                     ; Genesis / Pico 68000 map
(1)    4/       0 :                     ; ----------------------------------------------------------------
(1)    5/       0 :                     
(1)    6/       0 : =$200000             sys_sram	equ	$200000		; Second half of 4MB rom or external RAM, Normal or Save data
(1)    7/       0 : =$A00000             z80_cpu		equ	$A00000		; Z80 CPU area, size: $2000
(1)    8/       0 : =$A04000             ym_ctrl_1	equ	$A04000		; YM2612 reg 1
(1)    9/       0 : =$A04001             ym_data_1	equ	$A04001		; YM2612 reg 2
(1)   10/       0 : =$A04002             ym_ctrl_2	equ	$A04002		; YM2612 reg 1
(1)   11/       0 : =$A04003             ym_data_2	equ	$A04003		; YM2612 reg 2
(1)   12/       0 : =$A10001             sys_io		equ	$A10001		; bits: OVRSEAS(7)|PAL(6)|DISK(5)|VER(3-0)
(1)   13/       0 : =$A10003             sys_data_1	equ	$A10003		; Port 1 DATA
(1)   14/       0 : =$A10005             sys_data_2	equ	$A10005		; Port 2 DATA
(1)   15/       0 : =$A10007             sys_data_3	equ	$A10007		; Modem DATA
(1)   16/       0 : =$A10009             sys_ctrl_1	equ	$A10009		; Port 1 CTRL
(1)   17/       0 : =$A1000B             sys_ctrl_2	equ	$A1000B		; Port 2 CTRL
(1)   18/       0 : =$A1000D             sys_ctrl_3	equ	$A1000D		; Modem CTRL
(1)   19/       0 : =$A11100             z80_bus 	equ	$A11100		; only use bit 0 (bit 8 as WORD)
(1)   20/       0 : =$A11200             z80_reset	equ	$A11200		; WRITE only ($0000 reset/$0100 cancel)
(1)   21/       0 : =$A130F1             md_bank_sram	equ	$A130F1		; Make SRAM visible at $200000
(1)   22/       0 : =$A14000             sys_tmss	equ	$A14000		; write "SEGA" here for ver > 0
(1)   23/       0 :                     
(1)   24/       0 :                     
(1)   25/       0 :                     ; !@ PICO addresses
(1)   26/       0 : =$800000             pico_START:			equ $800000
(1)   27/       0 : =$800001             pico_ver:			equ	$800001	;1 byte
(1)   28/       0 : =$800003             pico_btn:			equ	$800003	;~
(1)   29/       0 : =$800005             pico_penX_hi:		equ	$800005	;~
(1)   30/       0 : =$800007             pico_penX_lo:		equ	$800007	;~
(1)   31/       0 : =$800009             pico_penY_hi:		equ	$800009	;~
(1)   32/       0 : =$80000B             pico_penY_lo:		equ	$80000B	;~
(1)   33/       0 : =$80000D             pico_BookPage:		equ	$80000D	;~
(1)   34/       0 : =$80000F             pico_copType:		equ	$80000F	;~
(1)   35/       0 : =$800010             pico_pcm_data:		equ	$800010	;1 word
(1)   36/       0 : =$800012             pico_pcm_ctrl:		equ	$800012	;~
(1)   37/       0 : =$800015             pico_port_1_data:	equ	$800015	;~
(1)   38/       0 : =$800017             pico_port_1_ctrl:	equ	$800017	;~
(1)   39/       0 : =$800019             pico_security_addr:	equ	$800019	;2 odd words
(1)   40/       0 :                     
(1)   41/       0 :                     ; !@ Copera addresses
(1)   42/       0 : =$BFF801             copr_ymz263b_a0:	equ	$BFF801	;1 word
(1)   43/       0 : =$BFF803             copr_ymz263b_d0:	equ	$BFF803	;~
(1)   44/       0 : =$BFF805             copr_ymz263b_a1:	equ	$BFF805	;~
(1)   45/       0 : =$BFF807             copr_ymz263b_d1:	equ	$BFF807	;~
(1)   46/       0 :                     
(1)   47/       0 : =$BFF824             copr_ymf262_a0:		equ	$BFF824
(1)   48/       0 : =$BFF828             copr_ymf262_d0:		equ	$BFF828
(1)   49/       0 : =$BFF834             copr_ymf262_a1:		equ	$BFF834
(1)   50/       0 :                     
(1)   51/       0 : =$BFF840             copr_ym712b_a0:		equ	$BFF840
(1)   52/       0 :                     
(1)   53/       0 :                     
(1)   54/       0 :                     ;VDP/PSG
(1)   55/       0 : =$C00000             vdp_data	equ	$C00000		; video data port
(1)   56/       0 : =$C00004             vdp_ctrl	equ	$C00004		; video control port
(1)   57/       0 : =$C00011             psg_ctrl	equ	$C00011		; PSG control
(1)   58/       0 :                     
(1)   59/       0 :                     ; ----------------------------------------------------------------
(1)   60/       0 :                     ; Genesis / Mega drive Z80 map
(1)   61/       0 :                     ; ----------------------------------------------------------------
(1)   62/       0 :                     
(1)   63/       0 : =$4000               zym_ctrl_1	equ	$4000		; YM2612 reg 1
(1)   64/       0 : =$4001               zym_data_1	equ	$4001		; YM2612 reg 2
(1)   65/       0 : =$4002               zym_ctrl_2	equ	$4002		; YM2612 reg 1
(1)   66/       0 : =$4003               zym_data_2	equ	$4003		; YM2612 reg 2
(1)   67/       0 : =$6000               zbank		equ	$6000		; Z80 ROM BANK: %XXXXXXXX X0000000 00000000 (write 9 times)
(1)   68/       0 :                     ; zvdp_data	equ	$7F00		; VDP data port
(1)   69/       0 :                     ; zvdp_ctrl	equ	$7F04		; VDP control port
(1)   70/       0 : =$7F11               zpsg_ctrl	equ	$7F11		; PSG control
(1)   71/       0 :                     
      40/       0 :                     		include	"nikona/ram.asm"	; Genesis RAM sections
(1)    1/       0 :                     ; ===========================================================================
(1)    2/       0 :                     ; ----------------------------------------------------------------
(1)    3/       0 :                     ; Genesis/Pico 68000 RAM section (SCD: "MAIN-CPU")
(1)    4/       0 :                     ;
(1)    5/       0 :                     ; Reserved RAM areas:
(1)    6/       0 :                     ; $FFFD00-$FFFDEF |  SCD: Boot-ROM's Vector jumps ($FFFD00-$FFFDB3)
(1)    7/       0 :                     ;                 |  32X: HOT-START jump code
(1)    8/       0 :                     ;                 | PICO: 68K Sound driver buffer (TODO)
(1)    9/       0 :                     ;                 | Else: Unused, could be used for bankswitching
(1)   10/       0 :                     ;                 |       or any modern-day cartridge chip
(1)   11/       0 :                     ; $FFFDF0-$FFFDFF | Byte writes from Z80
(1)   12/       0 :                     ; $FFFE00-$FFFFFF | Stack
(1)   13/       0 :                     ; ----------------------------------------------------------------
(1)   14/       0 :                     
(1)   15/       0 :                     ; ====================================================================
(1)   16/       0 :                     ; ----------------------------------------------------------------
(1)   17/       0 :                     ; 68000 RAM SIZES (MAIN-CPU in SegaCD/CD32X)
(1)   18/       0 :                     ; ----------------------------------------------------------------
(1)   19/       0 :                     
(1)   20/       0 : =$1000               MAX_Globals	equ $1000	; USER Global variables
(1)   21/       0 : =$2000               MAX_ScrnBuff	equ $2000	; Current Screen's temporal memory
(1)   22/       0 : =$3000               MAX_LibCode	equ $3000	; SCD/32X/CD32X: Nikona lib
(1)   23/       0 : =$7800               MAX_UserCode	equ $7800	; SCD/32X/CD32X: Current SCREEN's CODE+small DATA
(1)   24/       0 :                     
(1)   25/       0 :                     ; ====================================================================
(1)   26/       0 :                     
(1)   27/       0 : =$FFFD00             SET_RAMLIMIT	equ $FFFD00
(1)   28/       0 :                     
(1)   29/       0 :                     ; ===========================================================================
(1)   30/       0 :                     ; ----------------------------------------------------------------
(1)   31/       0 :                     ; MAIN USER RAM
(1)   32/       0 :                     ; ----------------------------------------------------------------
(1)   33/       0 :                     
(1)   34/       0 : (MACRO)              			memory $FFFF0000
(1)   34/       0 : =$0                  GLBL_LASTPC     := *
(1)   34/       0 :                                     dephase
(1)   34/FFFFFFFFFFFF0000 :                                     phase $FFFF0000
(1)   34/FFFFFFFFFFFF0000 : =$FFFFFFFFFFFF0000   GLBL_LASTORG    := *
(1)   40/FFFFFFFFFFFF0000 :                     .end:
(1)   41/FFFFFFFFFFFF0000 : (MACRO)              			endmemory
(1)   41/       0 :                     .here:          dephase
(1)   41/       0 :                                     ds.b -(.here-GLBL_LASTORG)
(1)   41/       0 :                                     phase GLBL_LASTPC
(1)   42/       0 :                     
(1)   46/       0 : (MACRO)              			memory $FFFFB000	; Genesis/Pico ONLY
(1)   46/       0 : =$0                  GLBL_LASTPC     := *
(1)   46/       0 :                                     dephase
(1)   46/FFFFFFFFFFFFB000 :                                     phase $FFFFB000
(1)   46/FFFFFFFFFFFFB000 : =$FFFFFFFFFFFFB000   GLBL_LASTORG    := *
(1)   48/FFFFFFFFFFFFB000 :                     RAM_ScrnBuff		ds.b MAX_ScrnBuff
(1)   49/FFFFFFFFFFFFD000 :                     RAM_Globals		ds.b MAX_Globals
(1)   50/FFFFFFFFFFFFE000 :                     RAM_SaveData		ds.b SET_SRAMSIZE	; Read/Write of the SAVE data
(1)   51/FFFFFFFFFFFFE100 :                     RAM_HorScroll		ds.l 240		; DMA Horizontal scroll data
(1)   52/FFFFFFFFFFFFE4C0 :                     RAM_VerScroll		ds.l 320/16		; DMA Vertical scroll data
(1)   53/FFFFFFFFFFFFE510 :                     RAM_Sprites		ds.w 8*80		; DMA Sprites
(1)   54/FFFFFFFFFFFFEA10 :                     RAM_Palette		ds.w 64			; DMA Palette
(1)   55/FFFFFFFFFFFFEA90 :                     
(1)   56/FFFFFFFFFFFFEA90 :                     ; ----------------------------------------
(1)   57/FFFFFFFFFFFFEA90 :                     ; * FIRST PASS LABELS *
(1)   66/FFFFFFFFFFFFEA90 :                     ; ----------------------------------------
(1)   67/FFFFFFFFFFFFEA90 :                     ; * AUTOMATIC SIZES *
(1)   71/FFFFFFFFFFFFEA90 :                     RAM_MdVideo		ds.b sizeof_mdvid-RAM_MdVideo	; $FF8000
(1)   72/FFFFFFFFFFFFF0F8 :                     RAM_MdSystem		ds.b sizeof_mdsys-RAM_MdSystem	;
(1)   73/FFFFFFFFFFFFF186 :                     sizeof_MdRam		ds.l 0
(1)   75/FFFFFFFFFFFFF18C :                     ; ------------------------------------------------
(1)   76/FFFFFFFFFFFFF18C : (MACRO)              			endmemory
(1)   76/    418C :                     .here:          dephase
(1)   76/    418C :                                     ds.b -(.here-GLBL_LASTORG)
(1)   76/       0 :                                     phase GLBL_LASTPC
(1)   77/       0 :                     
(1)   81/       0 :                     
(1)   82/       0 :                     ; --------------------------------------------------------
(1)   83/       0 :                     ; SCD and 32X special section
(1)   84/       0 :                     ; --------------------------------------------------------
(1)   85/       0 :                     
(1)  115/       0 :                     
(1)  116/       0 :                     ; --------------------------------------------------------
(1)  117/       0 :                     ; Fixed areas
(1)  118/       0 :                     ; --------------------------------------------------------
(1)  119/       0 :                     
(1)  120/       0 : =$FFFFFD00           RAM_ExReserved		equ $FFFFFD00	; $100 bytes
(1)  121/       0 : =$0                  RAM_Stack		equ 0		; <-- Goes backwards
(1)  122/       0 :                     
      41/       0 :                     		include	"nikona/shared.asm"	; Shared variables and specials
(1)    1/       0 :                     ; ===========================================================================
(1)    2/       0 :                     ; -------------------------------------------------------------------
(1)    3/       0 :                     ; Shared variables
(1)    4/       0 :                     ; -------------------------------------------------------------------
(1)    5/       0 :                     
(1)    6/       0 :                     ; ====================================================================
(1)    7/       0 :                     ; ----------------------------------------------------------------
(1)    8/       0 :                     ; MCD SECTION
(1)    9/       0 :                     ; ----------------------------------------------------------------
(1)   10/       0 :                     
(1)   50/       0 :                     
(1)   51/       0 :                     ; ====================================================================
(1)   52/       0 :                     ; ----------------------------------------------------------------
(1)   53/       0 :                     ; 32X SECTION
(1)   54/       0 :                     ; ----------------------------------------------------------------
(1)   55/       0 :                     
(1)  242/       0 :                     
      42/       0 :                     
      43/       0 :                     ; ====================================================================
      44/       0 :                     ; ----------------------------------------------------------------
      45/       0 :                     ; GLOBAL variables
      46/       0 :                     ; ----------------------------------------------------------------
      47/       0 :                     
      48/       0 : (MACRO)              		memory RAM_Globals
      48/       0 : =$0                  GLBL_LASTPC     := *
      48/       0 :                                     dephase
      48/FFFFFFFFFFFFD000 :                                     phase RAM_GLOBALS
      48/FFFFFFFFFFFFD000 : =$FFFFFFFFFFFFD000   GLBL_LASTORG    := *
      49/FFFFFFFFFFFFD000 :                     	; ------------------------------------------------
      50/FFFFFFFFFFFFD000 :                     		include "game/globals.asm"
(1)    1/FFFFFFFFFFFFD000 :                     ; ====================================================================
(1)    2/FFFFFFFFFFFFD000 :                     ; ----------------------------------------------------------------
(1)    3/FFFFFFFFFFFFD000 :                     ; USER GLOBAL settings and variables at RAM_Global
(1)    4/FFFFFFFFFFFFD000 :                     ;
(1)    5/FFFFFFFFFFFFD000 :                     ; Maximum size: $1000
(1)    6/FFFFFFFFFFFFD000 :                     ; ----------------------------------------------------------------
(1)    7/FFFFFFFFFFFFD000 :                     
(1)    8/FFFFFFFFFFFFD000 :                     ; ------------------------------------------------------------
(1)    9/FFFFFFFFFFFFD000 :                     ; Your Score, Lives, Level number, etc. go here.
(1)   10/FFFFFFFFFFFFD000 :                     ; These will remain after changing screens, for temporal
(1)   11/FFFFFFFFFFFFD000 :                     ; buffers use RAM_ScrnBuff (Max. $1000, MAX_ScrnBuff)
(1)   12/FFFFFFFFFFFFD000 :                     ;
(1)   13/FFFFFFFFFFFFD000 :                     ; You can use any name you want but be careful with any
(1)   14/FFFFFFFFFFFFD000 :                     ; conflicting names used by the Nikona code
(1)   15/FFFFFFFFFFFFD000 :                     ; "equ" es permanent, "set" is rewritable during build
(1)   16/FFFFFFFFFFFFD000 :                     ;
(1)   17/FFFFFFFFFFFFD000 :                     ; Example variables:
(1)   18/FFFFFFFFFFFFD000 :                     ;
(1)   19/FFFFFFFFFFFFD000 :                     ; example_value		equ $1234
(1)   20/FFFFFFFFFFFFD000 :                     ; example_bool		equ True
(1)   21/FFFFFFFFFFFFD000 :                     ; example_string	equ "NIKONA"
(1)   22/FFFFFFFFFFFFD000 :                     ;
(1)   23/FFFFFFFFFFFFD000 :                     ; Example RAM labels:
(1)   24/FFFFFFFFFFFFD000 :                     ;
(1)   25/FFFFFFFFFFFFD000 :                     ; RAM_YourName		ds.X N ; X: size b, w, l
(1)   26/FFFFFFFFFFFFD000 :                     ;                              ; N: number of items
(1)   27/FFFFFFFFFFFFD000 :                     ;                              ;
(1)   28/FFFFFFFFFFFFD000 :                     ; RAM_Glbl_ExL		ds.l 8 ; Reserve 8 LONGS ($20 bytes)
(1)   29/FFFFFFFFFFFFD000 :                     ; RAM_Glbl_ExW		ds.w 5 ; Reserve 5 WORDS ($0A bytes)
(1)   30/FFFFFFFFFFFFD000 :                     ; RAM_Glbl_ExB		ds.b 6 ; Reserve 6 BYTES
(1)   31/FFFFFFFFFFFFD000 :                     ;
(1)   32/FFFFFFFFFFFFD000 :                     ; Be careful with the aligment or you will get an
(1)   33/FFFFFFFFFFFFD000 :                     ; ADDRESS ERROR on real hardware
(1)   34/FFFFFFFFFFFFD000 :                     ; ------------------------------------------------------------
(1)   35/FFFFFFFFFFFFD000 :                     
(1)   36/FFFFFFFFFFFFD000 :                     RAM_Glbl_Example_L	ds.l 1		; 1 long (4 bytes)
(1)   37/FFFFFFFFFFFFD004 :                     RAM_Glbl_Example_W	ds.w 1		; 1 word (2 bytes)
(1)   38/FFFFFFFFFFFFD006 :                     RAM_Glbl_Example_B	ds.b 1		; 1 byte
(1)   39/FFFFFFFFFFFFD007 :                     					ds.b 1
(1)   40/FFFFFFFFFFFFD008 :                     
(1)   41/FFFFFFFFFFFFD008 :                     ;!@ Stores hold,press,release state for ANY controller (c1-c5). This = Pico_pen OR (pico_ext AND Genesis p1-p2 AND modem)
(1)   42/FFFFFFFFFFFFD008 :                     RAM_Glbl_joy_hold		ds.w 1
(1)   43/FFFFFFFFFFFFD00A :                     RAM_Glbl_joy_press		ds.w 1
(1)   44/FFFFFFFFFFFFD00C :                     RAM_Glbl_joy_release	ds.w 1
(1)   45/FFFFFFFFFFFFD00E :                     
(1)   46/FFFFFFFFFFFFD00E :                     ;!@ Stores hold,press,release state for standard Genesis/expansions controllers (pico_ext, Genesis p1/p2 AND modem)
(1)   47/FFFFFFFFFFFFD00E :                     RAM_Glbl_joy2_hold		ds.w 1
(1)   48/FFFFFFFFFFFFD010 :                     RAM_Glbl_joy2_press		ds.w 1
(1)   49/FFFFFFFFFFFFD012 :                     RAM_Glbl_joy2_release	ds.w 1
      51/FFFFFFFFFFFFD014 :                     		align 2
      52/FFFFFFFFFFFFD016 :                     	; ------------------------------------------------
      53/FFFFFFFFFFFFD016 :                     sizeof_MdGlbl	ds.l 0
      57/FFFFFFFFFFFFD01C : (MACRO)              		erreport "USER Globals",(sizeof_MdGlbl-RAM_Globals),MAX_Globals	; Report error if ran out
      58/FFFFFFFFFFFFD01C : (MACRO)              		endmemory
      58/      1C :                     .here:          dephase
      58/      1C :                                     ds.b -(.here-GLBL_LASTORG)
      58/       0 :                                     phase GLBL_LASTPC
      59/       0 :                     
      60/       0 :                     ; ====================================================================
      61/       0 :                     ; ----------------------------------------------------------------
      62/       0 :                     ; SAVE data structure
      63/       0 :                     ; ----------------------------------------------------------------
      64/       0 :                     
      65/       0 : (MACRO)              		memory RAM_SaveData
      65/       0 : =$0                  GLBL_LASTPC     := *
      65/       0 :                                     dephase
      65/FFFFFFFFFFFFE000 :                                     phase RAM_SAVEDATA
      65/FFFFFFFFFFFFE000 : =$FFFFFFFFFFFFE000   GLBL_LASTORG    := *
      66/FFFFFFFFFFFFE000 :                     	; ------------------------------------------------
      67/FFFFFFFFFFFFE000 :                     		include "game/savestruct.asm"
(1)    1/FFFFFFFFFFFFE000 :                     ; ====================================================================
(1)    2/FFFFFFFFFFFFE000 :                     ; ----------------------------------------------------------------
(1)    3/FFFFFFFFFFFFE000 :                     ; Save file struct
(1)    4/FFFFFFFFFFFFE000 :                     ;
(1)    5/FFFFFFFFFFFFE000 :                     ; Make sure SET_ENBLSAVE is enabled on rominfo.asm
(1)    6/FFFFFFFFFFFFE000 :                     ; ----------------------------------------------------------------
(1)    7/FFFFFFFFFFFFE000 :                     
(1)    8/FFFFFFFFFFFFE000 :                     RAM_Save_TAG		ds.b 4		; ** DO NOT REMOVE **
(1)    9/FFFFFFFFFFFFE004 :                     RAM_Save_Counter	ds.l 1		; Temporal counter
(1)   10/FFFFFFFFFFFFE008 :                     
      68/FFFFFFFFFFFFE008 :                     		align 2
      69/FFFFFFFFFFFFE00A :                     	; ------------------------------------------------
      70/FFFFFFFFFFFFE00A :                     sizeof_SaveInfo	ds.l 0
      74/FFFFFFFFFFFFE010 :                     ; 		erreport "SAVE struct",(sizeof_SaveInfo-RAM_SaveData),SET_SRAMSIZE	; Report error if ran out
      75/FFFFFFFFFFFFE010 : (MACRO)              		endmemory
      75/      10 :                     .here:          dephase
      75/      10 :                                     ds.b -(.here-GLBL_LASTORG)
      75/       0 :                                     phase GLBL_LASTPC
      76/       0 :                     
      77/       0 :                     ; ====================================================================
      78/       0 :                     ; ----------------------------------------------------------------
      79/       0 :                     ; Init procedures for all systems
      80/       0 :                     ; ----------------------------------------------------------------
      81/       0 :                     
      82/       0 :                     		!org 0						; Start at 0
      83/       0 :                     
      84/       0 :                     ; ---------------------------------------------
      85/       0 :                     ; SEGA 32X
      86/       0 :                     ; ---------------------------------------------
      87/       0 :                     
     154/       0 :                     		include	"nikona/head_md.asm"			; Genesis header
(1)    1/       0 :                     ; ===========================================================================
(1)    2/       0 :                     ; -------------------------------------------------------------------
(1)    3/       0 :                     ; Genesis header
(1)    4/       0 :                     ; -------------------------------------------------------------------
(1)    5/       0 :                     
(1)    6/       0 : 0000 0000           		dc.l RAM_Stack		; Stack point
(1)    7/       4 : 0000 0206           		dc.l MD_Entry		; Entry point MUST point to $3F0
(1)    8/       8 : 0000 0200           		dc.l MD_ErrBus		; Bus error
(1)    9/       C : 0000 0200           		dc.l MD_ErrAddr		; Address error
(1)   10/      10 : 0000 0200           		dc.l MD_ErrIll		; ILLEGAL Instruction
(1)   11/      14 : 0000 0200           		dc.l MD_ErrZDiv		; Divide by 0
(1)   12/      18 : 0000 0200           		dc.l MD_ErrChk		; CHK Instruction
(1)   13/      1C : 0000 0200           		dc.l MD_ErrTrapV	; TRAPV Instruction
(1)   14/      20 : 0000 0200           		dc.l MD_ErrPrivl	; Privilege violation
(1)   15/      24 : 0000 0200           		dc.l MD_Trace		; Trace
(1)   16/      28 : 0000 0200           		dc.l MD_Line1010	; Line 1010 Emulator
(1)   17/      2C : 0000 0200           		dc.l MD_Line1111	; Line 1111 Emulator
(1)   18/      30 : 0000 0200           		dc.l MD_ErrorEx		; Error exception
(1)   19/      34 : 0000 0200           		dc.l MD_ErrorEx
(1)   20/      38 : 0000 0200           		dc.l MD_ErrorEx
(1)   21/      3C : 0000 0200           		dc.l MD_ErrorEx
(1)   22/      40 : 0000 0200           		dc.l MD_ErrorEx
(1)   23/      44 : 0000 0200           		dc.l MD_ErrorEx
(1)   24/      48 : 0000 0200           		dc.l MD_ErrorEx
(1)   25/      4C : 0000 0200           		dc.l MD_ErrorEx
(1)   26/      50 : 0000 0200           		dc.l MD_ErrorEx
(1)   27/      54 : 0000 0200           		dc.l MD_ErrorEx
(1)   28/      58 : 0000 0200           		dc.l MD_ErrorEx
(1)   29/      5C : 0000 0200           		dc.l MD_ErrorEx
(1)   30/      60 : 0000 0200           		dc.l MD_ErrorEx
(1)   31/      64 : 0000 0200           		dc.l MD_ErrorTrap
(1)   32/      68 : FFFF F178           		dc.l RAM_ExternalJump	; RAM jump for External (JMP xxxx xxxx)
(1)   33/      6C : 0000 0200           		dc.l MD_ErrorTrap
(1)   34/      70 : FFFF F172           		dc.l RAM_HBlankJump	; RAM jump for HBlank (JMP xxxx xxxx)
(1)   35/      74 : 0000 0200           		dc.l MD_ErrorTrap
(1)   36/      78 : FFFF F16C           		dc.l RAM_VBlankJump	; RAM jump for VBlank (JMP xxxx xxxx)
(1)   37/      7C : 0000 0200           		dc.l MD_ErrorTrap
(1)   38/      80 : 0000 0200           		dc.l MD_ErrorTrap
(1)   39/      84 : 0000 0200           		dc.l MD_ErrorTrap
(1)   40/      88 : 0000 0200           		dc.l MD_ErrorTrap
(1)   41/      8C : 0000 0200           		dc.l MD_ErrorTrap
(1)   42/      90 : 0000 0200           		dc.l MD_ErrorTrap
(1)   43/      94 : 0000 0200           		dc.l MD_ErrorTrap
(1)   44/      98 : 0000 0200           		dc.l MD_ErrorTrap
(1)   45/      9C : 0000 0200           		dc.l MD_ErrorTrap
(1)   46/      A0 : 0000 0200           		dc.l MD_ErrorTrap
(1)   47/      A4 : 0000 0200           		dc.l MD_ErrorTrap
(1)   48/      A8 : 0000 0200           		dc.l MD_ErrorTrap
(1)   49/      AC : 0000 0200           		dc.l MD_ErrorTrap
(1)   50/      B0 : 0000 0200           		dc.l MD_ErrorTrap
(1)   51/      B4 : 0000 0200           		dc.l MD_ErrorTrap
(1)   52/      B8 : 0000 0200           		dc.l MD_ErrorTrap
(1)   53/      BC : 0000 0200           		dc.l MD_ErrorTrap
(1)   54/      C0 : 0000 0200           		dc.l MD_ErrorTrap
(1)   55/      C4 : 0000 0200           		dc.l MD_ErrorTrap
(1)   56/      C8 : 0000 0200           		dc.l MD_ErrorTrap
(1)   57/      CC : 0000 0200           		dc.l MD_ErrorTrap
(1)   58/      D0 : 0000 0200           		dc.l MD_ErrorTrap
(1)   59/      D4 : 0000 0200           		dc.l MD_ErrorTrap
(1)   60/      D8 : 0000 0200           		dc.l MD_ErrorTrap
(1)   61/      DC : 0000 0200           		dc.l MD_ErrorTrap
(1)   62/      E0 : 0000 0200           		dc.l MD_ErrorTrap
(1)   63/      E4 : 0000 0200           		dc.l MD_ErrorTrap
(1)   64/      E8 : 0000 0200           		dc.l MD_ErrorTrap
(1)   65/      EC : 0000 0200           		dc.l MD_ErrorTrap
(1)   66/      F0 : 0000 0200           		dc.l MD_ErrorTrap
(1)   67/      F4 : 0000 0200           		dc.l MD_ErrorTrap
(1)   68/      F8 : 0000 0200           		dc.l MD_ErrorTrap
(1)   69/      FC : 0000 0200           		dc.l MD_ErrorTrap
(1)   70/     100 : 5345 4741 2047      		dc.b HTAG_SYS_MD;"SEGA GENESIS    "
              106 : 454E 4553 4953 
              10C : 2020 2020          
(1)   71/     110 : 2843 2947 4636      		dc.b HTAG_DATEINFO;"(C)GF64 2024.???"
              116 : 3420 3230 3235 
              11C : 2E3F 3F3F          
(1)   72/     120 : 4E69 6B6F 6E61      		dc.b HTAG_NDM_MD;"Nikona MD                                       "
              126 : 204D 4420 2020 
              12C : 2020 2020 2020 
              132 : 2020 2020 2020 
              138 : 2020 2020 2020 
              13E : 2020 2020 2020 
              144 : 2020 2020 2020 
              14A : 2020 2020 2020    
(1)   73/     150 : 4E69 6B6F 6E61      		dc.b HTAG_NOV_MD;"Nikona GENESIS                                  "
              156 : 2047 454E 4553 
              15C : 4953 2020 2020 
              162 : 2020 2020 2020 
              168 : 2020 2020 2020 
              16E : 2020 2020 2020 
              174 : 2020 2020 2020 
              17A : 2020 2020 2020    
(1)   74/     180 : 474D 2048 4F4D      		dc.b HTAG_SERIAL;"GM HOMEBREW-02"
              186 : 4542 5245 572D 
              18C : 3032             
(1)   75/     18E : 0000                		dc.w 0
(1)   76/     190 : 4A36 4D20 2020      		dc.b "J6M             "
              196 : 2020 2020 2020 
              19C : 2020 2020          
(1)   77/     1A0 : 0000 0000           		dc.l 0
(1)   78/     1A4 : 0004 35F8           		dc.l ROM_END
(1)   79/     1A8 : 00FF 0000           		dc.l $FF0000
(1)   80/     1AC : 00FF FFFF           		dc.l $FFFFFF
(1)   81/     1B0 : 5241 F820           		dc.b "RA",$F8,$20
(1)   82/     1B4 : 0020 0001           		dc.l $200001
(1)   83/     1B8 : 0020 01FF           		dc.l $200001+((SET_SRAMSIZE*2)-2)	;$203FFF
(1)   84/     1BC :                     		align $1F0
(1)   85/     1F0 : 4620 2020 2020      		dc.b HTAG_REGIONS;"F               "
              1F6 : 2020 2020 2020 
              1FC : 2020 2020          
(1)   86/     200 :                     
(1)   87/     200 :                     ; ====================================================================
(1)   88/     200 :                     ; ----------------------------------------------------------------
(1)   89/     200 :                     ; Error handlers
(1)   90/     200 :                     ; ----------------------------------------------------------------
(1)   91/     200 :                     
(1)   92/     200 :                     MD_ErrBus:				; Bus error
(1)   93/     200 :                     MD_ErrAddr:				; Address error
(1)   94/     200 :                     MD_ErrIll:				; ILLEGAL Instruction
(1)   95/     200 :                     MD_ErrZDiv:				; Divide by 0
(1)   96/     200 :                     MD_ErrChk:				; CHK Instruction
(1)   97/     200 :                     MD_ErrTrapV:				; TRAPV Instruction
(1)   98/     200 :                     MD_ErrPrivl:				; Privilege violation
(1)   99/     200 :                     MD_Trace:				; Trace
(1)  100/     200 :                     MD_Line1010:				; Line 1010 Emulator
(1)  101/     200 :                     MD_Line1111:				; Line 1111 Emulator
(1)  102/     200 :                     MD_ErrorEx:				; Error exception
(1)  103/     200 :                     MD_ErrorTrap:
(1)  104/     200 : 4E71                		nop
(1)  105/     202 : 4E71                		nop
(1)  106/     204 : 60FA                		bra	MD_ErrorTrap	; Infinite loop
(1)  107/     206 :                     ; 		rte
(1)  108/     206 :                     
(1)  109/     206 :                     ; ====================================================================
(1)  110/     206 :                     ; ----------------------------------------------------------------
(1)  111/     206 :                     ; Entry point
(1)  112/     206 :                     ; ----------------------------------------------------------------
(1)  113/     206 :                     
(1)  114/     206 :                     MD_Entry:
(1)  115/     206 : 46FC 2700           		move	#$2700,sr			; Disable interrputs
(1)  116/     20A : 1039 00A1 0001      		move.b	(sys_io).l,d0			; Read IO port
(1)  117/     210 : 0200 000F           		andi.b	#%00001111,d0			; Get version, right 4 bits
(1)  118/     214 : 670A                		beq.s	.old_md				; If 0, No TMSS
(1)  119/     216 : 23F9 0000 0100      		move.l	($100).l,(sys_tmss).l		; Write "SEGA" to port sys_tmss
              21C : 00A1 4000          
(1)  120/     220 :                     .old_md:
(1)  121/     220 : 4A79 00C0 0004      		tst.w	(vdp_ctrl).l			; Test VDP to unlock Video
(1)  122/     226 :                     	; --------------------------------
(1)  123/     226 : 7000                		moveq	#0,d0
(1)  124/     228 : 2C40                		movea.l	d0,a6
(1)  125/     22A : 4E66                		move.l	a6,usp
(1)  126/     22C : 41F9 FFFF 0000      		lea	($FFFF0000).l,a0		; Clean our "work" RAM
(1)  127/     232 : 223C FFFF F186      		move.l	#sizeof_mdram,d1
(1)  128/     238 : 7000                		moveq	#0,d0
(1)  129/     23A : 30C0                .loop_ram:	move.w	d0,(a0)+
(1)  130/     23C : B1C1                		cmp.l	d1,a0
(1)  131/     23E : 65FA                		bcs.s	.loop_ram
(1)  132/     240 : 4DF9 00C0 0000      		lea	(vdp_data),a6
(1)  133/     246 : 3E2E 0004           .wait_dma:	move.w	4(a6),d7			; Check if DMA is active.
(1)  134/     24A : 0807 0001           		btst	#1,d7
(1)  135/     24E : 66F6                		bne.s	.wait_dma
(1)  136/     250 : 2D7C 8004 8104      		move.l	#$80048104,4(a6)		; Reset these VDP registers
              256 : 0004             
(1)  137/     258 : 2D7C C000 0000      		move.l	#$C0000000,4(a6)		; Clear palette
              25E : 0004             
(1)  138/     260 : 7E3F                		moveq	#64-1,d7
(1)  139/     262 : 7C00                		moveq	#0,d6
(1)  140/     264 :                     .palclear:
(1)  141/     264 : 3C86                		move.w	d6,(a6)
(1)  142/     266 : 51CF FFFC           		dbf	d7,.palclear
(1)  143/     26A : 4CF9 7FFF 00FF      		movem.l	($FF0000).l,d0-a6		; Clean registers using zeros from RAM
              270 : 0000             
(1)  144/     272 : 33FC 0100 00A1      		move.w	#$0100,(z80_bus).l		; Get Z80 bus
              278 : 1100             
(1)  145/     27A : 33FC 0100 00A1      		move.w	#$0100,(z80_reset).l		; Z80 reset
              280 : 1200             
(1)  146/     282 :                     .wait:
(1)  147/     282 : 0839 0000 00A1      		btst	#0,(z80_bus).l
              288 : 1100             
(1)  148/     28A : 66F6                		bne.s	.wait
(1)  149/     28C :                     
     155/     28C : 6100 1506           		bsr	Sound_init				; Init Sound driver FIRST
     156/     290 : 6100 02A4           		bsr	Video_init				;  ''  Video
     157/     294 : 6100 1436           		bsr	System_Init				;  ''  Values
     158/     298 : 31FC 0000 F180      		move.w	#SET_FIRSTSCRN,(RAM_ScreenMode).w	; Reset screen mode
     159/     29E : 6000 1D7C           		bra.w	Md_ReadModes				; Go to SCREEN LOAD section
     160/     2A2 :                     
     161/     2A2 :                     ; ---------------------------------------------
     163/     2A2 :                     
     164/     2A2 :                     ; ====================================================================
     165/     2A2 :                     ; --------------------------------------------------------
     166/     2A2 :                     ; SYSTEM routines
     167/     2A2 :                     ;
     168/     2A2 :                     ; MD/PICO:  Normal ROM locations
     169/     2A2 :                     ; 32X:      Loaded into RAM to prevent problems with SH2
     170/     2A2 :                     ; CD/CD32X: Loaded into RAM normally
     171/     2A2 :                     ; --------------------------------------------------------
     172/     2A2 :                     
     177/     2A2 :                     ; ---------------------------------------------
     178/     2A2 :                     
     179/     2A2 :                     		include	"sound/drv/gema_macros.asm"
(1)    1/     2A2 :                     ; ===========================================================================
(1)    2/     2A2 :                     ; ------------------------------------------------------------
(1)    3/     2A2 :                     ; GEMA MACROS
(1)    4/     2A2 :                     ;
(1)    5/     2A2 :                     ; Variables used:
(1)    6/     2A2 :                     ; MCD, MARS, MARSCD
(1)    7/     2A2 :                     ; ------------------------------------------------------------
(1)    8/     2A2 :                     
(1)    9/     2A2 :                     ; ----------------------------------------------------
(1)   10/     2A2 :                     ; gSmplData - Special include for .wav files,
(1)   11/     2A2 :                     ;
(1)   12/     2A2 :                     ; labl | Label for this sample
(1)   13/     2A2 :                     ; file | WAV file location
(1)   14/     2A2 :                     ; loop | Loop start point
(1)   15/     2A2 :                     ; ----------------------------------------------------
(1)   16/     2A2 :                     
(1)   17/     2A2 :                     gSmplData macro labl,file,loop
(1)   18/     2A2 :                     	if MARS|MARSCD		; <-- label align for 32X
(1)   19/     2A2 :                     		align 4
(1)   20/     2A2 :                     	endif
(1)   21/     2A2 :                     labl	label *
(1)   22/     2A2 :                     	dc.b ((labl_e-labl_s)&$FF),(((labl_e-labl_s)>>8)&$FF),(((labl_e-labl_s)>>16)&$FF)	; dc.b 1,2,3 Length
(1)   23/     2A2 :                     	dc.b ((loop)&$FF),(((loop)>>8)&$FF),(((loop)>>16)&$FF)					; dc.b 4,5,6 Start loop
(1)   24/     2A2 :                     labl_s:
(1)   25/     2A2 :                     	binclude file,$2C	; dc.b (data)
(1)   26/     2A2 :                     labl_e:
(1)   27/     2A2 :                     	if MARS|MARSCD		; <-- label align for 32X
(1)   28/     2A2 :                     		align 4
(1)   29/     2A2 :                     	endif
(1)   30/     2A2 :                     	endm
(1)   31/     2A2 :                     
(1)   32/     2A2 :                     ; ----------------------------------------------------
(1)   33/     2A2 :                     ; gSmplRaw - Special include for raw files
(1)   34/     2A2 :                     ;
(1)   35/     2A2 :                     ; labl | Label for this sample
(1)   36/     2A2 :                     ; file | RAW file location
(1)   37/     2A2 :                     ; loop | Loop start point
(1)   38/     2A2 :                     ; ----------------------------------------------------
(1)   39/     2A2 :                     
(1)   40/     2A2 :                     gSmplRaw macro labl,file,loop
(1)   41/     2A2 :                     	if MARS|MARSCD		; <-- label align for 32X
(1)   42/     2A2 :                     		align 4
(1)   43/     2A2 :                     	endif
(1)   44/     2A2 :                     labl	label *
(1)   45/     2A2 :                     	dc.b ((labl_e-labl_s)&$FF),(((labl_e-labl_s)>>8)&$FF),(((labl_e-labl_s)>>16)&$FF)	; dc.b 1,2,3 Length
(1)   46/     2A2 :                     	dc.b ((loop)&$FF),(((loop)>>8)&$FF),(((loop)>>16)&$FF)					; dc.b 4,5,6 Start loop
(1)   47/     2A2 :                     labl_s:
(1)   48/     2A2 :                     	binclude file		; dc.b (data)
(1)   49/     2A2 :                     labl_e:
(1)   50/     2A2 :                     	if MARS|MARSCD		; <-- label align for 32X
(1)   51/     2A2 :                     		align 4
(1)   52/     2A2 :                     	endif
(1)   53/     2A2 :                     	endm
(1)   54/     2A2 :                     
(1)   55/     2A2 :                     ; ----------------------------------------------------
(1)   56/     2A2 :                     ; gemaTrk - Sequence entry in the current master
(1)   57/     2A2 :                     ;           list
(1)   58/     2A2 :                     ;
(1)   59/     2A2 :                     ; enblt | Disable/Enable global beats on this Sequence:
(1)   60/     2A2 :                     ;         0 - Don't use beats
(1)   61/     2A2 :                     ;         1 - Use beats
(1)   62/     2A2 :                     ; ticks | Ticks (Default tempo: 150-NTSC 120-PAL)
(1)   63/     2A2 :                     ;   loc | Direct 24-bit location of the sequence data
(1)   64/     2A2 :                     ; ----------------------------------------------------
(1)   65/     2A2 :                     
(1)   66/     2A2 :                     gemaTrk macro enblt,ticks,loc
(1)   67/     2A2 :                     	dc.l ((enblt&$01)<<31)|((ticks&$7F)<<24)|(loc&$FFFFFF)
(1)   68/     2A2 :                     	endm
(1)   69/     2A2 :                     
(1)   70/     2A2 :                     ; ----------------------------------------------------
(1)   71/     2A2 :                     ; gemaHead - Sequence data header
(1)   72/     2A2 :                     ;
(1)   73/     2A2 :                     ; blk_data  | Block data pointer
(1)   74/     2A2 :                     ; patt_data | Pattern data pointer
(1)   75/     2A2 :                     ; ins_list  | instrument list pointer
(1)   76/     2A2 :                     ; num_chnls | Number of channels used in the seq
(1)   77/     2A2 :                     ;             If 0: Read ALL channels
(1)   78/     2A2 :                     ;                   (NOT recommended, UNSTABLE)
(1)   79/     2A2 :                     ;
(1)   80/     2A2 :                     ; Note:
(1)   81/     2A2 :                     ; Pointers are in 68k map area
(1)   82/     2A2 :                     ; ----------------------------------------------------
(1)   83/     2A2 :                     
(1)   84/     2A2 :                     gemaHead macro blk,pat,ins,num
(1)   85/     2A2 :                     	dc.w num
(1)   86/     2A2 :                     	dc.l blk
(1)   87/     2A2 :                     	dc.l pat
(1)   88/     2A2 :                     	dc.l ins
(1)   89/     2A2 :                     	endm
(1)   90/     2A2 :                     
(1)   91/     2A2 :                     ; ------------------------------------------------------------
(1)   92/     2A2 :                     ; Instrument macros, instrument_num-1
(1)   93/     2A2 :                     ; (ex. Instrument 1 is 0 here)
(1)   94/     2A2 :                     ;
(1)   95/     2A2 :                     ; Note:
(1)   96/     2A2 :                     ; UNUSED instruments MUST use gInsNull or
(1)   97/     2A2 :                     ; the Z80 gets unexpected results and probably crash.
(1)   98/     2A2 :                     ; ------------------------------------------------------------
(1)   99/     2A2 :                     
(1)  100/     2A2 :                     ; ----------------------------------------------------
(1)  101/     2A2 :                     ; gInsNull - Null instrument
(1)  102/     2A2 :                     ;
(1)  103/     2A2 :                     ; You MUST use this on unused instruments.
(1)  104/     2A2 :                     ; ----------------------------------------------------
(1)  105/     2A2 :                     
(1)  106/     2A2 :                     gInsNull macro
(1)  107/     2A2 :                     	dc.b $00,$00,$00,$00
(1)  108/     2A2 :                     	dc.b $00,$00,$00,$00
(1)  109/     2A2 :                     	endm
(1)  110/     2A2 :                     
(1)  111/     2A2 :                     ; ----------------------------------------------------
(1)  112/     2A2 :                     ; gInsPsg - PSG tone
(1)  113/     2A2 :                     ;
(1)  114/     2A2 :                     ; pitch | Pitch/Octave
(1)  115/     2A2 :                     ; alv   | Attack level
(1)  116/     2A2 :                     ; atk   | Attack rate
(1)  117/     2A2 :                     ; slv   | Sustain
(1)  118/     2A2 :                     ; dky   | Decay rate (up)
(1)  119/     2A2 :                     ; rrt   | Release rate (down)
(1)  120/     2A2 :                     ; vib   | Set to 0, reserved for vibrato
(1)  121/     2A2 :                     ; ----------------------------------------------------
(1)  122/     2A2 :                     
(1)  123/     2A2 :                     gInsPsg	macro pitch,alv,atk,slv,dky,rrt,vib
(1)  124/     2A2 :                     	dc.b $80,pitch,alv,atk
(1)  125/     2A2 :                     	dc.b slv,dky,rrt,vib
(1)  126/     2A2 :                     	endm
(1)  127/     2A2 :                     
(1)  128/     2A2 :                     ; ----------------------------------------------------
(1)  129/     2A2 :                     ; gInsPsg - PSG noise
(1)  130/     2A2 :                     ;
(1)  131/     2A2 :                     ; pitch | Pitch/Octave
(1)  132/     2A2 :                     ; alv   | Attack level
(1)  133/     2A2 :                     ; atk   | Attack rate
(1)  134/     2A2 :                     ; slv   | Sustain
(1)  135/     2A2 :                     ; dky   | Decay rate (up)
(1)  136/     2A2 :                     ; rrt   | Release rate (down)
(1)  137/     2A2 :                     ; vib   | Set to 0, reserved for vibrato
(1)  138/     2A2 :                     ; mode  | Noise mode: %tmm
(1)  139/     2A2 :                     ;         t - Bass(0)|Noise(1)
(1)  140/     2A2 :                     ;         m - Clock(00)|Clock/2(01)|Clock/4(10)|Tone3(11)
(1)  141/     2A2 :                     ;
(1)  142/     2A2 :                     ; Note:
(1)  143/     2A2 :                     ; Using Tone3 will turn OFF channel 3.
(1)  144/     2A2 :                     ; ----------------------------------------------------
(1)  145/     2A2 :                     
(1)  146/     2A2 :                     gInsPsgN macro pitch,alv,atk,slv,dky,rrt,vib,mode
(1)  147/     2A2 :                     	dc.b $90|mode,pitch,alv,atk
(1)  148/     2A2 :                     	dc.b slv,dky,rrt,vib
(1)  149/     2A2 :                     	endm
(1)  150/     2A2 :                     
(1)  151/     2A2 :                     ; ----------------------------------------------------
(1)  152/     2A2 :                     ; gInsFm - YM2612 FM normal instrument/patch
(1)  153/     2A2 :                     ;
(1)  154/     2A2 :                     ; pitch | Pitch/Octave
(1)  155/     2A2 :                     ; fmins | 24-bit pointer to FM patch data
(1)  156/     2A2 :                     ; ----------------------------------------------------
(1)  157/     2A2 :                     
(1)  158/     2A2 :                     gInsFm macro pitch,fmins
(1)  159/     2A2 :                     	dc.b $A0,pitch,((fmins>>16)&$FF),((fmins>>8)&$FF)
(1)  160/     2A2 :                     	dc.b fmins&$FF,$00,$00,$00
(1)  161/     2A2 :                     	endm
(1)  162/     2A2 :                     
(1)  163/     2A2 :                     ; ----------------------------------------------------
(1)  164/     2A2 :                     ; gInsFm - YM2612 FM special instrument/patch
(1)  165/     2A2 :                     ;
(1)  166/     2A2 :                     ; pitch | UNUSED, value ignored (set to 0)
(1)  167/     2A2 :                     ; fmins | 24-bit pointer to FM patch data
(1)  168/     2A2 :                     ; ----------------------------------------------------
(1)  169/     2A2 :                     
(1)  170/     2A2 :                     gInsFm3	macro pitch,fmins
(1)  171/     2A2 :                     	dc.b $B0,pitch,((fmins>>16)&$FF),((fmins>>8)&$FF)
(1)  172/     2A2 :                     	dc.b fmins&$FF,$00,$00,$00
(1)  173/     2A2 :                     	endm
(1)  174/     2A2 :                     
(1)  175/     2A2 :                     ; ----------------------------------------------------
(1)  176/     2A2 :                     ; gInsDac - DAC instrument
(1)  177/     2A2 :                     ;
(1)  178/     2A2 :                     ; pitch | Pitch/Octave
(1)  179/     2A2 :                     ; start | 24-bit pointer
(1)  180/     2A2 :                     ; flags | Flags: %0000000l
(1)  181/     2A2 :                     ;         | l - Enable loop: No(0)/Yes(1)
(1)  182/     2A2 :                     ; ----------------------------------------------------
(1)  183/     2A2 :                     
(1)  184/     2A2 :                     gInsDac	macro pitch,start,flags
(1)  185/     2A2 :                     	dc.b $C0|flags,pitch,((start>>16)&$FF),((start>>8)&$FF)
(1)  186/     2A2 :                     	dc.b start&$FF,0,0,0
(1)  187/     2A2 :                     	endm
(1)  188/     2A2 :                     
(1)  189/     2A2 :                     ; ----------------------------------------------------
(1)  190/     2A2 :                     ; gInsPcm - RF5C164 PCM Sample (SEGA CD)
(1)  191/     2A2 :                     ;
(1)  192/     2A2 :                     ; pitch | Pitch/Octave
(1)  193/     2A2 :                     ; start | 24-bit direct pointer to
(1)  194/     2A2 :                     ;         Sub-CPU's memory area.
(1)  195/     2A2 :                     ; flags | Flags: %0000000l
(1)  196/     2A2 :                     ;         | l - Enable loop: No(0)/Yes(1)
(1)  197/     2A2 :                     ; ----------------------------------------------------
(1)  198/     2A2 :                     
(1)  199/     2A2 :                     gInsPcm	macro pitch,start,flags
(1)  200/     2A2 :                      if MCD|MARSCD
(1)  201/     2A2 :                     	dc.b $D0|flags,pitch,((start>>16)&$FF),((start>>8)&$FF)
(1)  202/     2A2 :                     	dc.b start&$FF,0,0,0
(1)  203/     2A2 :                      else
(1)  204/     2A2 :                     	dc.b $00,$00,$00,$00
(1)  205/     2A2 :                     	dc.b $00,$00,$00,$00
(1)  206/     2A2 :                      endif
(1)  207/     2A2 :                     	endm
(1)  208/     2A2 :                     
(1)  209/     2A2 :                     ; ----------------------------------------------------
(1)  210/     2A2 :                     ; gInsPwm - PWM Sample (SEGA 32X)
(1)  211/     2A2 :                     ;
(1)  212/     2A2 :                     ; pitch | Pitch/Octave
(1)  213/     2A2 :                     ; start | 32-bit pointer to
(1)  214/     2A2 :                     ;         SH2's map view: CS1(ROM) or CS3(SDRAM)
(1)  215/     2A2 :                     ; flags | Flags: %000000sl
(1)  216/     2A2 :                     ;         | l - Enable loop: No(0)/Yes(1)
(1)  217/     2A2 :                     ;         | s - Sample data is in Stereo: No(0)/Yes(1)
(1)  218/     2A2 :                     ; ----------------------------------------------------
(1)  219/     2A2 :                     
(1)  220/     2A2 :                     gInsPwm	macro pitch,start,flags
(1)  221/     2A2 :                      if MARS|MARSCD
(1)  222/     2A2 :                     	dc.b $E0|flags,pitch,((start>>24)&$FF),((start>>16)&$FF)
(1)  223/     2A2 :                     	dc.b ((start>>8)&$FF),start&$FF,0,0
(1)  224/     2A2 :                      else
(1)  225/     2A2 :                     	dc.b $00,$00,$00,$00
(1)  226/     2A2 :                     	dc.b $00,$00,$00,$00
(1)  227/     2A2 :                      endif
(1)  228/     2A2 :                     	endm
(1)  229/     2A2 :                     
     180/     2A2 :                     		include	"sound/drv/gema.asm"
(1)    1/     2A2 :                     ; ===========================================================================
(1)    2/     2A2 :                     ; -------------------------------------------------------------------
(1)    3/     2A2 :                     ; GEMA/Nikona Sound Driver v1.0
(1)    4/     2A2 :                     ; by GenesisFan64 2023-2024
(1)    5/     2A2 :                     ; -------------------------------------------------------------------
(1)    6/     2A2 :                     
(1)    7/     2A2 :                     ; ====================================================================
(1)    8/     2A2 :                     ; --------------------------------------------------------
(1)    9/     2A2 :                     ; Variables
(1)   10/     2A2 :                     ; --------------------------------------------------------
(1)   11/     2A2 :                     
(1)   12/     2A2 :                     ; z80_cpu	equ $A00000			; Z80 CPU area
(1)   13/     2A2 :                     ; z80_bus 	equ $A11100			; only read bit 0 (bit 8 as WORD)
(1)   14/     2A2 :                     ; z80_reset	equ $A11200			; WRITE only: $0000 reset/$0100 cancel
(1)   15/     2A2 : =$1F60               zDrvFifo	equ $1F60;commZfifo		; FIFO command storage
(1)   16/     2A2 : =$1F80               zDrvFWrt	equ $1F80;commZWrite		; FIFO command index
(1)   17/     2A2 : =$1F81               zDrvRomBlk	equ $1F81;commZRomBlk		; ROM block flag
(1)   18/     2A2 : =$1F86               zDrvRamSrc	equ $1F82+4;cdRamSrcB		; !! RAM-read source+dest pointers
(1)   19/     2A2 : =$1F87               zDrvRamLen	equ $1F87;cdRamLen		; RAM-read length + flag
(1)   20/     2A2 : =$1F88               zDrvPalMode	equ $1F88;palMode		; PAL speed flag
(1)   21/     2A2 : =$1F89               zDrvMarsBlk	equ $1F89;marsBlock		; Flag to disable 32X's PWM
(1)   22/     2A2 : =$1F8A               zDrvMcdBlk	equ $1F8A;mcdBlock		; Flag to disable SegaCD's PCM
(1)   23/     2A2 : =$20                 zDrvMaxCmnd	equ $20;MAX_ZCMND		; Command fifo size
(1)   24/     2A2 :                     
(1)   25/     2A2 :                     ; ====================================================================
(1)   26/     2A2 :                     ; --------------------------------------------------------
(1)   27/     2A2 :                     ; Labels
(1)   28/     2A2 :                     ; --------------------------------------------------------
(1)   29/     2A2 :                     
(1)   30/     2A2 : =$FFFFFDFF           RAM_ZCdFlagD	equ RAM_ExReserved+$FF			; transferRom flag shared with Z80
(1)   31/     2A2 :                     
(1)   32/     2A2 :                     ; ====================================================================
(1)   33/     2A2 :                     ; --------------------------------------------------------
(1)   34/     2A2 :                     ; Initialize Sound
(1)   35/     2A2 :                     ; --------------------------------------------------------
(1)   36/     2A2 :                     
(1)   37/     2A2 :                     gemaInit:
(1)   38/     2A2 :                     	;!@
(1)   40/     2A2 : 41F9 0000 20CC      		lea	(Z80_CODE).l,a0			; a0 - Z80 code (on $880000)
(1)   41/     2A8 : 303C 1F8B           		move.w	#(Z80_CODE_END-Z80_CODE)-1,d0	; d0 - Size
(1)   42/     2AC : 33FC 0100 00A1      		move.w	#$0100,(z80_bus).l		; Request Z80 stop
              2B2 : 1100             
(1)   43/     2B4 : 33FC 0100 00A1      		move.w	#$0100,(z80_reset).l		; Z80 reset
              2BA : 1200             
(1)   44/     2BC :                     .wait:
(1)   45/     2BC : 0839 0000 00A1      		btst	#0,(z80_bus).l			; Did it stop?
              2C2 : 1100             
(1)   46/     2C4 : 66F6                		bne.s	.wait
(1)   47/     2C6 : 43F9 00A0 0000      		lea	(z80_cpu).l,a1			; a1 - output Z80 memory
(1)   48/     2CC : 383C 1FFF           		move.w	#$2000-1,d4
(1)   49/     2D0 :                     .copy_drvr:
(1)   50/     2D0 : 12D8                		move.b	(a0)+,(a1)+
(1)   51/     2D2 : 5344                		subq.w	#1,d4
(1)   52/     2D4 : 51C8 FFFA           		dbf	d0,.copy_drvr			; Pass 1: copy data
(1)   53/     2D8 : 5240                		addq.w	#1,d0
(1)   54/     2DA : 12C0                .clear_rest:	move.b	d0,(a1)+
(1)   55/     2DC : 51CC FFFC           		dbf	d4,.clear_rest			; Pass 2: clear remains
(1)   56/     2E0 : 33FC 0000 00A1      		move.w	#0,(z80_reset).l		; Reset Z80 again
              2E6 : 1200             
(1)   57/     2E8 :                     
(1)   58/     2E8 : 4238 FDFF           		clr.b	(RAM_ZCdFlagD).w		; Clear ramRead flag here
(1)   59/     2EC : 1039 00A1 0001      		move.b	(sys_io).l,d0			; Check for PAL speed
(1)   60/     2F2 : 0800 0006           		btst	#6,d0
(1)   61/     2F6 : 6708                		beq.s	.not_pal
(1)   62/     2F8 : 13FC 0001 00A0      		move.b	#1,(z80_cpu+zDrvPalMode).l	; Tell Z80 we are running slower
              2FE : 1F88             
(1)   63/     300 :                     .not_pal:
(1)   64/     300 : 4E71                		nop
(1)   65/     302 : 4E71                		nop
(1)   66/     304 : 33FC 0100 00A1      		move.w	#$100,(z80_reset).l
              30A : 1200             
(1)   67/     30C : 33FC 0000 00A1      		move.w	#0,(z80_bus).l			; Start Z80
              312 : 1100             
(1)   69/     314 :                     
(1)   70/     314 :                     ; ====================================================================
(1)   71/     314 :                     ; ----------------------------------------------------------------
(1)   72/     314 :                     ; gemaReset
(1)   73/     314 :                     ;
(1)   74/     314 :                     ; Reset ALL sound to defaults
(1)   75/     314 :                     ; ----------------------------------------------------------------
(1)   76/     314 :                     
(1)   77/     314 :                     gemaReset:
(1)   78/     314 : 6100 01B6           		bsr	gemaStopAll
(1)   79/     318 : 41F8 4DDE           		lea	(MainGemaSeqList),a0
(1)   80/     31C : 6100 0140           		bsr	gemaSetMasterList
(1)   81/     320 : 7E08                		moveq	#8,d7				; Make sure it finishes.
(1)   82/     322 : 51CF FFFE           		dbf	d7,*
(1)   83/     326 : 4E75                		rts
(1)   84/     328 :                     
(1)   85/     328 :                     ; ====================================================================
(1)   86/     328 :                     ; ------------------------------------------------
(1)   87/     328 :                     ; sndLockZ80
(1)   88/     328 :                     ;
(1)   89/     328 :                     ; Stop Z80, unlocks bus
(1)   90/     328 :                     ; ------------------------------------------------
(1)   91/     328 :                     
(1)   92/     328 :                     sndLockZ80:
(1)   93/     328 :                     	;!@
(1)   95/     328 : 33FC 0100 00A1      		move.w	#$0100,(z80_bus).l
              32E : 1100             
(1)   96/     330 :                     .wait:
(1)   97/     330 : 0839 0000 00A1      		btst	#0,(z80_bus).l
              336 : 1100             
(1)   98/     338 : 66F6                		bne.s	.wait
(1)  100/     33A : 4E75                		rts
(1)  101/     33C :                     
(1)  102/     33C :                     ; ------------------------------------------------
(1)  103/     33C :                     ; sndUnlockZ80
(1)  104/     33C :                     ;
(1)  105/     33C :                     ; Resume Z80, locks bus
(1)  106/     33C :                     ; ------------------------------------------------
(1)  107/     33C :                     
(1)  108/     33C :                     sndUnlockZ80:
(1)  109/     33C :                     	;!@
(1)  111/     33C : 33FC 0000 00A1      		move.w	#0,(z80_bus).l
              342 : 1100             
(1)  113/     344 : 4E75                		rts
(1)  114/     346 :                     
(1)  115/     346 :                     ; ====================================================================
(1)  116/     346 :                     ; ----------------------------------------------------------------
(1)  117/     346 :                     ; gemaSendRam
(1)  118/     346 :                     ;
(1)  119/     346 :                     ; If you are reading data from 68000's RAM you MUST call
(1)  120/     346 :                     ; this a lot during display, commonly during the VBlank waiting
(1)  121/     346 :                     ; loop.
(1)  122/     346 :                     ;
(1)  123/     346 :                     ; This checks if the Z80 wants to read from RAM, then here
(1)  124/     346 :                     ; we manually write the bytes to the Z80
(1)  125/     346 :                     ;
(1)  126/     346 :                     ; SCD/CD32X:
(1)  127/     346 :                     ; - DAC samples are safe to read from WORD-RAM, but NOT
(1)  128/     346 :                     ;   when Stamps are being used, use PCM samples instead.
(1)  129/     346 :                     ; - Be careful when loading new data with gemaSetMasterList to
(1)  130/     346 :                     ;   WORD-RAM, make sure MAIN-CPU has the permission set.
(1)  131/     346 :                     ; ----------------------------------------------------------------
(1)  132/     346 :                     
(1)  133/     346 :                     gemaSendRam:
(1)  134/     346 : 4A38 FDFF           		tst.b	(RAM_ZCdFlagD).w		; Z80 WROTE the flag?
(1)  135/     34A : 674C                		beq.s	.no_task
(1)  136/     34C : 4238 FDFF           		clr.b	(RAM_ZCdFlagD).w		; Clear flag here
(1)  137/     350 : 48E7 070E           		movem.l	a4-a6/d5-d7,-(sp)
(1)  138/     354 : 61D2                		bsr	sndLockZ80
(1)  139/     356 : 7E00                		moveq	#0,d7
(1)  140/     358 : 1E39 00A0 1F87      		move.b	(z80_cpu+zDrvRamLen).l,d7	; Len == 0?
(1)  141/     35E : 6732                		beq.s	.no_size			; Invalid size, do nothing
(1)  142/     360 : 5347                		subq.w	#1,d7				; dbf -1
(1)  143/     362 : 4DF9 00A0 1F87      		lea	(z80_cpu+(zDrvRamSrc+1)),a6	; a6 - SRC location and DST, backwards
(1)  144/     368 : 4BF9 00A0 0000      		lea	(z80_cpu),a5			; a5 - Z80 area
(1)  145/     36E : 1C26                		move.b	-(a6),d6			; d6 - Source in 68K area
(1)  146/     370 : 4846                		swap	d6
(1)  147/     372 : 1C26                		move.b	-(a6),d6
(1)  148/     374 : E14E                		lsl.w	#8,d6
(1)  149/     376 : 1C26                		move.b	-(a6),d6
(1)  150/     378 : 7A00                		moveq	#0,d5
(1)  151/     37A : 1A26                		move.b	-(a6),d5			; d5 - Destination in Z80 area
(1)  152/     37C : E14D                		lsl.w	#8,d5
(1)  153/     37E : 1A26                		move.b	-(a6),d5
(1)  154/     380 : DBC5                		add.l	d5,a5				; Add base to destination
(1)  155/     382 : 2846                		move.l	d6,a4
(1)  156/     384 :                     .copy_bytes:
(1)  157/     384 : 1ADC                		move.b	(a4)+,(a5)+
(1)  158/     386 : 51CF FFFC           		dbf	d7,.copy_bytes
(1)  159/     38A : 13FC 0000 00A0      		move.b	#0,(z80_cpu+zDrvRamLen).l	; clear LEN and Z80 resumes
              390 : 1F87             
(1)  160/     392 :                     .no_size:
(1)  161/     392 : 61A8                		bsr	sndUnlockZ80
(1)  162/     394 : 4CDF 70E0           		movem.l	(sp)+,a4-a6/d5-d7
(1)  163/     398 :                     .no_task:
(1)  164/     398 : 4E75                		rts
(1)  165/     39A :                     
(1)  166/     39A :                     ; ====================================================================
(1)  167/     39A :                     ; ------------------------------------------------
(1)  168/     39A :                     ; 68K-to-Z80 sound request enter/exit routines
(1)  169/     39A :                     ; ------------------------------------------------
(1)  170/     39A :                     
(1)  171/     39A :                     sndReq_Enter:
(1)  172/     39A :                     	;!@
(1)  174/     39A : 33FC 0100 00A1      		move.w	#$0100,(z80_bus).l		; Request Z80 Stop
              3A0 : 1100             
(1)  176/     3A2 : 9EFC 0004           		suba	#4,sp				; Extra jump return
(1)  177/     3A6 : 48E7 0306           		movem.l	d6-d7/a5-a6,-(sp)		; Save these regs to the stack
(1)  178/     3AA : 40E7                		move.w	sr,-(sp)			; and sr too
(1)  179/     3AC : 007C 0700           		ori.w	#$0700,sr			; Disable interrupts
(1)  180/     3B0 : DEFC 0016           		adda	#(4*4)+2+4,sp			; Go back to the RTS jump
(1)  181/     3B4 : 4BF9 00A0 1F80      		lea	(z80_cpu+zDrvFWrt).l,a5		; a5 - commZWrite
(1)  182/     3BA : 4DF9 00A0 1F60      		lea	(z80_cpu+zDrvFifo).l,a6		; a6 - fifo command list
(1)  183/     3C0 :                     .wait:
(1)  184/     3C0 :                     	;!@
(1)  186/     3C0 : 0839 0000 00A1      		btst	#0,(z80_bus).l			; Wait for Z80
              3C6 : 1100             
(1)  187/     3C8 : 66F6                		bne.s	.wait
(1)  189/     3CA : 1C15                		move.b	(a5),d6				; d6 - index fifo position
(1)  190/     3CC : 4886                		ext.w	d6				; extend to 16 bits
(1)  191/     3CE : 4E75                		rts
(1)  192/     3D0 :                     ; JUMP ONLY
(1)  193/     3D0 :                     sndReq_Exit:
(1)  194/     3D0 :                     	;!@
(1)  196/     3D0 : 33FC 0000 00A1      		move.w	#0,(z80_bus).l
              3D6 : 1100             
(1)  198/     3D8 : 9EFC 001A           		suba	#8+2+(4*4),sp
(1)  199/     3DC : 46DF                		move.w	(sp)+,sr
(1)  200/     3DE : 4CDF 60C0           		movem.l	(sp)+,d6-d7/a5-a6		; And pop those back
(1)  201/     3E2 : DEFC 0008           		adda	#8,sp
(1)  202/     3E6 : 027C F8FF           		andi.w	#$F8FF,sr			; Enable interrupts
(1)  203/     3EA : 4E75                		rts
(1)  204/     3EC :                     
(1)  205/     3EC :                     ; ------------------------------------------------
(1)  206/     3EC :                     ; Send request id and arguments
(1)  207/     3EC :                     ;
(1)  208/     3EC :                     ; Input:
(1)  209/     3EC :                     ; d7 - byte to write
(1)  210/     3EC :                     ; d6 - index pointer
(1)  211/     3EC :                     ; a5 - commZWrite, update index
(1)  212/     3EC :                     ; a6 - commZfifo command list
(1)  213/     3EC :                     ;
(1)  214/     3EC :                     ; *** CALL sndReq_Enter FIRST ***
(1)  215/     3EC :                     ; ------------------------------------------------
(1)  216/     3EC :                     
(1)  217/     3EC :                     sndReq_scmd:
(1)  218/     3EC : 1DBC 00FF 6000      		move.b	#-1,(a6,d6.w)			; Command-start flag
(1)  219/     3F2 : 5206                		addq.b	#1,d6				; Next fifo position
(1)  220/     3F4 : 0206 001F           		andi.b	#zDrvMaxCmnd-1,d6
(1)  221/     3F8 : 600C                		bra.s	sndReq_sbyte
(1)  222/     3FA :                     sndReq_slong:
(1)  223/     3FA : 610A                		bsr	sndReq_sbyte
(1)  224/     3FC : E09F                		ror.l	#8,d7
(1)  225/     3FE :                     ; 24-bit address
(1)  226/     3FE :                     sndReq_saddr:
(1)  227/     3FE : 6106                		bsr	sndReq_sbyte
(1)  228/     400 : E09F                		ror.l	#8,d7
(1)  229/     402 :                     sndReq_sword:
(1)  230/     402 : 6102                		bsr	sndReq_sbyte
(1)  231/     404 : E09F                		ror.l	#8,d7
(1)  232/     406 :                     sndReq_sbyte:
(1)  233/     406 : 1D87 6000           		move.b	d7,(a6,d6.w)			; Write byte
(1)  234/     40A : 5206                		addq.b	#1,d6				; Next fifo pos
(1)  235/     40C : 0206 001F           		andi.b	#zDrvMaxCmnd-1,d6
(1)  236/     410 : 1A86                		move.b	d6,(a5)				; Update commZWrite
(1)  237/     412 : 4E75                		rts
(1)  238/     414 :                     
(1)  239/     414 :                     ; ====================================================================
(1)  240/     414 :                     ; ------------------------------------------------
(1)  241/     414 :                     ; USER calls area
(1)  242/     414 :                     ; ------------------------------------------------
(1)  243/     414 :                     
(1)  244/     414 :                     ; --------------------------------------------------------
(1)  245/     414 :                     ; gemaDmaPause
(1)  246/     414 :                     ;
(1)  247/     414 :                     ; Call this BEFORE doing any DMA transfer
(1)  248/     414 :                     ;
(1)  249/     414 :                     ; 32X: Set RV bit manually AFTER calling this.
(1)  250/     414 :                     ; --------------------------------------------------------
(1)  251/     414 :                     
(1)  252/     414 :                     gemaDmaPause:
(1)  253/     414 :                     	;!@
(1)  255/     414 : 2F07                		move.l	d7,-(sp)
(1)  256/     416 : 6100 FF10           		bsr	sndLockZ80
(1)  257/     41A : 13FC 0001 00A0      		move.b	#1,(z80_cpu+zDrvRomBlk).l	; Set ROM-busy flag
              420 : 1F81             
(1)  258/     422 : 6100 FF18           		bsr	sndUnlockZ80
(1)  259/     426 : 3E3C 0060           		move.w	#96,d7				; Small delay
(1)  260/     42A : 51CF FFFE           		dbf	d7,*
(1)  261/     42E : 2E1F                		move.l	(sp)+,d7
(1)  263/     430 : 4E75                		rts
(1)  264/     432 :                     
(1)  265/     432 :                     ; --------------------------------------------------------
(1)  266/     432 :                     ; gemaDmaResume
(1)  267/     432 :                     ;
(1)  268/     432 :                     ; Call this AFTER finishing DMA transfer
(1)  269/     432 :                     ;
(1)  270/     432 :                     ; 32X: Reset the RV bit manually BEFORE calling this.
(1)  271/     432 :                     ; --------------------------------------------------------
(1)  272/     432 :                     
(1)  273/     432 :                     gemaDmaResume:
(1)  274/     432 :                     	;!@
(1)  276/     432 : 2F07                		move.l	d7,-(sp)
(1)  277/     434 : 6100 FEF2           		bsr	sndLockZ80
(1)  278/     438 : 13FC 0000 00A0      		move.b	#0,(z80_cpu+zDrvRomBlk).l	; Clear ROM-busy flag
              43E : 1F81             
(1)  279/     440 : 6100 FEFA           		bsr	sndUnlockZ80
(1)  280/     444 : 3E3C 0060           		move.w	#96,d7				; Small delay
(1)  281/     448 : 51CF FFFE           		dbf	d7,*
(1)  282/     44C : 2E1F                		move.l	(sp)+,d7
(1)  284/     44E : 4E75                		rts
(1)  285/     450 :                     
(1)  286/     450 :                     ; --------------------------------------------------------
(1)  287/     450 :                     ; gemaTest
(1)  288/     450 :                     ;
(1)  289/     450 :                     ; For TESTING only
(1)  290/     450 :                     ; --------------------------------------------------------
(1)  291/     450 :                     
(1)  292/     450 :                     gemaTest:
(1)  293/     450 : 6100 FF48           		bsr	sndReq_Enter
(1)  294/     454 : 3E3C 0000           		move.w	#$00,d7		; Command $00
(1)  295/     458 : 6192                		bsr	sndReq_scmd
(1)  296/     45A : 6000 FF74           		bra 	sndReq_Exit
(1)  297/     45E :                     
(1)  298/     45E :                     ; --------------------------------------------------------
(1)  299/     45E :                     ; gemaSetMasterList
(1)  300/     45E :                     ;
(1)  301/     45E :                     ; Sets the master sequence list
(1)  302/     45E :                     ;
(1)  303/     45E :                     ; Input:
(1)  304/     45E :                     ; a0 | 68k pointer
(1)  305/     45E :                     ;
(1)  306/     45E :                     ; Notes:
(1)  307/     45E :                     ; - ALL TRACKS MUST BE STOPPED, CALL gemaStopAll FIRST
(1)  308/     45E :                     ; with a separate delay
(1)  309/     45E :                     ; --------------------------------------------------------
(1)  310/     45E :                     
(1)  311/     45E :                     gemaSetMasterList:
(1)  312/     45E : 6100 FF3A           		bsr	sndReq_Enter
(1)  313/     462 : 3E3C 0001           		move.w	#$01,d7		; Command $01
(1)  314/     466 : 6184                		bsr	sndReq_scmd
(1)  315/     468 : 2E08                		move.l	a0,d7
(1)  316/     46A : 618E                		bsr	sndReq_slong
(1)  317/     46C : 6000 FF62           		bra 	sndReq_Exit
(1)  318/     470 :                     
(1)  319/     470 :                     ; --------------------------------------------------------
(1)  320/     470 :                     ; gemaPlaySeq
(1)  321/     470 :                     ;
(1)  322/     470 :                     ; Play a sequence
(1)  323/     470 :                     ;
(1)  324/     470 :                     ; Input:
(1)  325/     470 :                     ; d0.b | Sequence number
(1)  326/     470 :                     ; d1.b | Starting block
(1)  327/     470 :                     ; d2.b | Playback slot number: 0-2
(1)  328/     470 :                     ;        If set to -1:
(1)  329/     470 :                     ;        Auto-search free slot (same as gemaPlaySeqAuto)
(1)  330/     470 :                     ; --------------------------------------------------------
(1)  331/     470 :                     
(1)  332/     470 :                     gemaPlaySeq:
(1)  333/     470 : 6100 FF28           		bsr	sndReq_Enter
(1)  334/     474 : 3E3C 0002           		move.w	#$02,d7		; Command $02
(1)  335/     478 : 6100 FF72           		bsr	sndReq_scmd
(1)  336/     47C : 1E00                		move.b	d0,d7		; d0.b Seq number
(1)  337/     47E : 6186                		bsr	sndReq_sbyte
(1)  338/     480 : 1E01                		move.b	d1,d7		; d1.b Block <--
(1)  339/     482 : 6182                		bsr	sndReq_sbyte
(1)  340/     484 : 1E02                		move.b	d2,d7		; d2.b Slot
(1)  341/     486 : 6100 FF7E           		bsr	sndReq_sbyte
(1)  342/     48A : 6000 FF44           		bra 	sndReq_Exit
(1)  343/     48E :                     
(1)  344/     48E :                     ; --------------------------------------------------------
(1)  345/     48E :                     ; gemaPlaySeqAuto
(1)  346/     48E :                     ;
(1)  347/     48E :                     ; Play a sequence into a free slot, if all get full
(1)  348/     48E :                     ; it will overwrite the last one.
(1)  349/     48E :                     ;
(1)  350/     48E :                     ; Input:
(1)  351/     48E :                     ; d0.b | Sequence number
(1)  352/     48E :                     ; d1.b | Starting block
(1)  353/     48E :                     ; --------------------------------------------------------
(1)  354/     48E :                     
(1)  355/     48E :                     gemaPlaySeqAuto:
(1)  356/     48E : 6100 FF0A           		bsr	sndReq_Enter
(1)  357/     492 : 3E3C 0002           		move.w	#$02,d7		; Command $02
(1)  358/     496 : 6100 FF54           		bsr	sndReq_scmd
(1)  359/     49A : 1E00                		move.b	d0,d7		; d0.b Seq number
(1)  360/     49C : 6100 FF68           		bsr	sndReq_sbyte
(1)  361/     4A0 : 1E01                		move.b	d1,d7		; d1.b Block <--
(1)  362/     4A2 : 6100 FF62           		bsr	sndReq_sbyte
(1)  363/     4A6 : 7EFF                		moveq	#-1,d7		; d2.b Slot
(1)  364/     4A8 : 6100 FF5C           		bsr	sndReq_sbyte
(1)  365/     4AC : 6000 FF22           		bra 	sndReq_Exit
(1)  366/     4B0 :                     
(1)  367/     4B0 :                     ; --------------------------------------------------------
(1)  368/     4B0 :                     ; gemaStopSeq
(1)  369/     4B0 :                     ;
(1)  370/     4B0 :                     ; Stops tracks with the same sequence number
(1)  371/     4B0 :                     ;
(1)  372/     4B0 :                     ; Input:
(1)  373/     4B0 :                     ; d0.b | Sequence number to search
(1)  374/     4B0 :                     ;        If -1: Stop all tracks with any sequence
(1)  375/     4B0 :                     ; d1.b | Playback slot number
(1)  376/     4B0 :                     ;        If -1: Stop all slots
(1)  377/     4B0 :                     ;
(1)  378/     4B0 :                     ; If both d0 and d1 are -1 it acts like gemaStopAll
(1)  379/     4B0 :                     ; --------------------------------------------------------
(1)  380/     4B0 :                     
(1)  381/     4B0 :                     gemaStopSeq:
(1)  382/     4B0 : 6100 FEE8           		bsr	sndReq_Enter
(1)  383/     4B4 : 3E3C 0003           		move.w	#$03,d7		; Command $03
(1)  384/     4B8 : 6100 FF32           		bsr	sndReq_scmd
(1)  385/     4BC : 1E00                		move.b	d0,d7		; d0.b Seq number
(1)  386/     4BE : 6100 FF46           		bsr	sndReq_sbyte
(1)  387/     4C2 : 1E01                		move.b	d1,d7		; d1.b Slot
(1)  388/     4C4 : 6100 FF40           		bsr	sndReq_sbyte
(1)  389/     4C8 : 6000 FF06           		bra 	sndReq_Exit
(1)  390/     4CC :                     
(1)  391/     4CC :                     ; --------------------------------------------------------
(1)  392/     4CC :                     ; gemaStopAll
(1)  393/     4CC :                     ;
(1)  394/     4CC :                     ; Stops ALL tracks, quick version of gemaStopTrack.
(1)  395/     4CC :                     ; --------------------------------------------------------
(1)  396/     4CC :                     
(1)  397/     4CC :                     gemaStopAll:
(1)  398/     4CC : 6100 FECC           		bsr	sndReq_Enter
(1)  399/     4D0 : 3E3C 0003           		move.w	#$03,d7		; Command $03
(1)  400/     4D4 : 6100 FF16           		bsr	sndReq_scmd
(1)  401/     4D8 : 7EFF                		moveq	#-1,d7		; d0.b Seq number
(1)  402/     4DA : 6100 FF2A           		bsr	sndReq_sbyte
(1)  403/     4DE : 7EFF                		moveq	#-1,d7		; d1.b Slot
(1)  404/     4E0 : 6100 FF24           		bsr	sndReq_sbyte
(1)  405/     4E4 : 6000 FEEA           		bra 	sndReq_Exit
(1)  406/     4E8 :                     
(1)  407/     4E8 :                     ; --------------------------------------------------------
(1)  408/     4E8 :                     ; gemaFadeSeq
(1)  409/     4E8 :                     ;
(1)  410/     4E8 :                     ; Set Master volume to a track slot.
(1)  411/     4E8 :                     ;
(1)  412/     4E8 :                     ; Input:
(1)  413/     4E8 :                     ; d0.b | Target volume
(1)  414/     4E8 :                     ; d1.b | Playback slot number
(1)  415/     4E8 :                     ;        If -1: Apply to all slots
(1)  416/     4E8 :                     ;
(1)  417/     4E8 :                     ; Notes:
(1)  418/     4E8 :                     ; - DO NOT MIX THIS WITH gemaSetTrackVol
(1)  419/     4E8 :                     ; - v1.0: This only works on (re)start
(1)  420/     4E8 :                     ;   or during new notes on playback.
(1)  421/     4E8 :                     ; --------------------------------------------------------
(1)  422/     4E8 :                     
(1)  423/     4E8 :                     gemaFadeSeq:
(1)  424/     4E8 : 6100 FEB0           		bsr	sndReq_Enter
(1)  425/     4EC : 3E3C 0005           		move.w	#$05,d7		; Command $05
(1)  426/     4F0 : 6100 FEFA           		bsr	sndReq_scmd
(1)  427/     4F4 : 1E00                		move.b	d0,d7		; d0.b Target volume
(1)  428/     4F6 : 6100 FF0E           		bsr	sndReq_sbyte
(1)  429/     4FA : 1E01                		move.b	d1,d7		; d1.b Slot
(1)  430/     4FC : 6100 FF08           		bsr	sndReq_sbyte
(1)  431/     500 : 6000 FECE           		bra 	sndReq_Exit
(1)  432/     504 :                     
(1)  433/     504 :                     ; --------------------------------------------------------
(1)  434/     504 :                     ; gemaSetSeqVol
(1)  435/     504 :                     ;
(1)  436/     504 :                     ; Set Master volume to a Seq slot.
(1)  437/     504 :                     ;
(1)  438/     504 :                     ; Input:
(1)  439/     504 :                     ; d0.b | Master volume: $00-max $40-min
(1)  440/     504 :                     ; d1.b | Playback slot number
(1)  441/     504 :                     ;        If -1: Set to all slots
(1)  442/     504 :                     ;
(1)  443/     504 :                     ; Notes:
(1)  444/     504 :                     ; - DO NOT MIX THIS WITH gemaFadeSeq
(1)  445/     504 :                     ; - v1.0: This only works on (re)start
(1)  446/     504 :                     ;   or during new notes on playback.
(1)  447/     504 :                     ; --------------------------------------------------------
(1)  448/     504 :                     
(1)  449/     504 :                     gemaSetSeqVol:
(1)  450/     504 : 6100 FE94           		bsr	sndReq_Enter
(1)  451/     508 : 3E3C 0006           		move.w	#$06,d7		; Command $06
(1)  452/     50C : 6100 FEDE           		bsr	sndReq_scmd
(1)  453/     510 : 1E00                		move.b	d0,d7		; d1.b Volume data <--
(1)  454/     512 : 6100 FEF2           		bsr	sndReq_sbyte
(1)  455/     516 : 1E01                		move.b	d1,d7		; d0.b Slot
(1)  456/     518 : 6100 FEEC           		bsr	sndReq_sbyte
(1)  457/     51C : 6000 FEB2           		bra 	sndReq_Exit
(1)  458/     520 :                     
(1)  459/     520 :                     ; --------------------------------------------------------
(1)  460/     520 :                     ; gemaSetBeats
(1)  461/     520 :                     ;
(1)  462/     520 :                     ; Set global sub-beats
(1)  463/     520 :                     ;
(1)  464/     520 :                     ; Input:
(1)  465/     520 :                     ; d0.w | Sub-beats value
(1)  466/     520 :                     ;
(1)  467/     520 :                     ; Note:
(1)  468/     520 :                     ; If the Z80 is running in PAL mode the number will
(1)  469/     520 :                     ; change inside the Z80 to match the PAL's speed.
(1)  470/     520 :                     ; --------------------------------------------------------
(1)  471/     520 :                     
(1)  472/     520 :                     gemaSetBeats:
(1)  473/     520 : 6100 FE78           		bsr	sndReq_Enter
(1)  474/     524 : 3E3C 0007           		move.w	#$07,d7		; Command $07
(1)  475/     528 : 6100 FEC2           		bsr	sndReq_scmd
(1)  476/     52C : 3E00                		move.w	d0,d7		; d0.w Sub-beat value
(1)  477/     52E : 6100 FED2           		bsr	sndReq_sword
(1)  478/     532 : 6000 FE9C           		bra 	sndReq_Exit
(1)  479/     536 :                     
     181/     536 :                     		include	"nikona/md/video.asm"
(1)    1/     536 :                     ; ===========================================================================
(1)    2/     536 :                     ; ----------------------------------------------------------------
(1)    3/     536 :                     ; Genesis VDP section
(1)    4/     536 :                     ; ----------------------------------------------------------------
(1)    5/     536 :                     
(1)    6/     536 :                     ; ====================================================================
(1)    7/     536 :                     ; --------------------------------------------------------
(1)    8/     536 :                     ; Settings
(1)    9/     536 :                     ; --------------------------------------------------------
(1)   10/     536 :                     
(1)   11/     536 : =$18                 MAX_MDDMATSK		equ 24		; DMA BLAST entries
(1)   12/     536 : =$18                 MAX_MDMAPSPR		equ 24		; VDP sprites with map data
(1)   13/     536 : =$8                  MAX_PALFDREQ		equ 8		; Maximum Pal-fading requests both VDP/SVDP, includes full fade
(1)   14/     536 :                     
(1)   15/     536 : =$7FE                SET_NullVram		equ $07FE	; Default Blank cell
(1)   16/     536 : =$480                SET_DefAutoDma		equ $0480	; Default VRAM location for automatic-DMA output
(1)   17/     536 : =$5A0                DEF_PrintVram		equ $05A0	; Default VRAM location of the PRINT text graphics
(1)   18/     536 : =$4E0                DEF_PrintVramW		equ $04E0
(1)   19/     536 : =$6000               DEF_PrintPal		equ $6000
(1)   20/     536 :                     
(1)   21/     536 : =$60                 DEF_MaxStampCOut	equ $60		; Maximum backup cells for the SCD Stamps
(1)   22/     536 :                     
(1)   23/     536 :                     ; ===================================================================
(1)   24/     536 :                     ; --------------------------------------------------------
(1)   25/     536 :                     ; Variables
(1)   26/     536 :                     ; --------------------------------------------------------
(1)   27/     536 :                     
(1)   28/     536 :                     ; VATTR_PAL0		equ $0000
(1)   29/     536 : =$800                VATTR_FLIPH		equ $0800
(1)   30/     536 : =$1000               VATTR_FLIPV		equ $1000
(1)   31/     536 : =$2000               VATTR_PAL1		equ $2000
(1)   32/     536 : =$4000               VATTR_PAL2		equ $4000
(1)   33/     536 : =$6000               VATTR_PAL3		equ $6000
(1)   34/     536 : =$8000               VATTR_HI		equ $8000
(1)   35/     536 :                     
(1)   36/     536 :                     ; ------------------------------------------------
(1)   37/     536 :                     ; Use these if you are not planning changing
(1)   38/     536 :                     ; the VRAM locations of the scrolling area(s)
(1)   39/     536 :                     ; ------------------------------------------------
(1)   40/     536 : =$C000               DEF_VRAM_FG		equ $C000
(1)   41/     536 : =$E000               DEF_VRAM_BG		equ $E000
(1)   42/     536 : =$D000               DEF_VRAM_WD		equ $D000
(1)   43/     536 : =$F800               DEF_VRAM_SPR		equ $F800
(1)   44/     536 : =$FC00               DEF_VRAM_HSCRL		equ $FC00
(1)   45/     536 :                     
(1)   46/     536 :                     ; ------------------------------------------------
(1)   47/     536 :                     ; H sizes for the current layer
(1)   48/     536 :                     ;
(1)   49/     536 :                     ; Note:
(1)   50/     536 :                     ; WINDOW's width changes between H32 and H40
(1)   51/     536 :                     ; resolution modes.
(1)   52/     536 :                     ; ------------------------------------------------
(1)   53/     536 : =$40                 DEF_HSIZE_32		equ $040
(1)   54/     536 : =$80                 DEF_HSIZE_64		equ $080	; Default
(1)   55/     536 : =$100                DEF_HSIZE_128		equ $100
(1)   56/     536 :                     
(1)   57/     536 :                     ; ------------------------------------------------
(1)   58/     536 :                     ; VDP registers
(1)   59/     536 :                     ; ------------------------------------------------
(1)   60/     536 :                     ; $80
(1)   61/     536 : =$2                  HVStop			equ $02
(1)   62/     536 : =$10                 HintEnbl		equ $10
(1)   63/     536 : =$1                  bitHVStop		equ 1
(1)   64/     536 : =$4                  bitHintEnbl		equ 4
(1)   65/     536 :                     ; $81
(1)   66/     536 : =$40                 DispEnbl 		equ $40
(1)   67/     536 : =$20                 VintEnbl 		equ $20
(1)   68/     536 : =$10                 DmaEnbl			equ $10
(1)   69/     536 : =$6                  bitDispEnbl		equ 6
(1)   70/     536 : =$5                  bitVintEnbl		equ 5
(1)   71/     536 : =$4                  bitDmaEnbl		equ 4
(1)   72/     536 : =$3                  bitV30			equ 3
(1)   73/     536 :                     
(1)   74/     536 :                     ; ------------------------------------------------
(1)   75/     536 :                     ; VDP VRAM bits
(1)   76/     536 :                     ; ------------------------------------------------
(1)   77/     536 :                     ; BYTE read:
(1)   78/     536 : =$7                  bitAttrPrio		equ 7
(1)   79/     536 : =$4                  bitAttrV		equ 4
(1)   80/     536 : =$3                  bitAttrH		equ 3
(1)   81/     536 :                     ; WORD read:
(1)   82/     536 : =$8000               AttrPrio		equ $8000
(1)   83/     536 : =$1000               AttrV			equ $1000
(1)   84/     536 : =$800                AttrH			equ $0800
(1)   85/     536 :                     
(1)   86/     536 :                     ; ------------------------------------------------
(1)   87/     536 :                     ; vdp_ctrl READ bits
(1)   88/     536 :                     ; Read as WORD
(1)   89/     536 :                     ; ------------------------------------------------
(1)   90/     536 : =$9                  bitFifoE		equ 9		; VDP DMA FIFO empty
(1)   91/     536 : =$8                  bitFifoF		equ 8		; VDP DMA FIFO full
(1)   92/     536 : =$7                  bitVInt			equ 7		; Vertical interrupt (NOT confused with bitVBlk)
(1)   93/     536 : =$6                  bitSprOvr		equ 6		; Sprite overflow
(1)   94/     536 : =$5                  bitSprCol		equ 5		; Sprite collision (leftover feature)
(1)   95/     536 : =$4                  bitOdd			equ 4		; EVEN or ODD frame displayed on interlace mode
(1)   96/     536 : =$3                  bitVBlk			equ 3		; Inside VBlank
(1)   97/     536 : =$2                  bitHBlk			equ 2		; Inside HBlank
(1)   98/     536 : =$1                  bitDma			equ 1		; DMA active bit, only works on FILL and COPY
(1)   99/     536 : =$0                  bitPal			equ 0		; VDP PAL-speed mode flag
(1)  100/     536 :                     
(1)  101/     536 :                     ; ====================================================================
(1)  102/     536 :                     ; ----------------------------------------------------------------
(1)  103/     536 :                     ; Structs
(1)  104/     536 :                     ; ----------------------------------------------------------------
(1)  105/     536 :                     
(1)  106/     536 :                     ; ------------------------------------------------
(1)  107/     536 :                     ; RAM_PalFadeList
(1)  108/       0 :                     palfd			struct
(1)  109/       0 :                     req			ds.b 1
(1)  110/       1 :                     delay			ds.b 1
(1)  111/       2 :                     start			ds.b 1
(1)  112/       3 :                     incr			ds.b 1
(1)  113/       4 :                     target			ds.b 1
(1)  114/       5 :                     timer			ds.b 1
(1)  115/       6 :                     num			ds.w 1
(1)  116/       8 :                     ; len			ds.l 0
(1)  117/     536 : =$8                  			endstruct
(1)  118/     536 :                     
(1)  119/     536 :                     ; ------------------------------------------------
(1)  120/     536 :                     ; RAM_MdMcd_Stamps
(1)  121/     536 :                     
(1)  122/       0 :                     mdstmp			struct
(1)  123/       0 :                     flags			ds.w 1		; Flags settings/status
(1)  124/       2 :                     vramMain		ds.w 1		; Main VRAM output *full*
(1)  125/       4 :                     vramSec			ds.w 1		; Secondary VRAM output *full*
(1)  126/       6 :                     vramSize		ds.w 1
(1)  127/       8 :                     vramLen			ds.w 1		; temporals
(1)  128/       A :                     vramIncr		ds.w 1		; ''
(1)  129/       C :                     stmpoutb		ds.w 1
(1)  130/       E :                     currOutFlip		ds.w 1
(1)  131/      10 :                     fdrop			ds.w 1
(1)  132/      12 :                     cellstorage		ds.l 1
(1)  133/      16 :                     dotIncr			ds.l 1
(1)  134/      1A :                     buffIncr		ds.l 1
(1)  135/      1E :                     ; len			ds.l 0
(1)  136/     536 : =$1E                 			endstruct
(1)  137/     536 :                     
(1)  138/     536 :                     ; ====================================================================
(1)  139/     536 :                     ; ----------------------------------------------------------------
(1)  140/     536 :                     ; RAM section
(1)  141/     536 :                     ; ----------------------------------------------------------------
(1)  142/     536 :                     ; Some 32X labels are in system/shared.asm
(1)  143/     536 :                     
(1)  144/     536 : (MACRO)              			memory RAM_MdVideo
(1)  144/     536 : =$536                GLBL_LASTPC     := *
(1)  144/     536 :                                     dephase
(1)  144/FFFFFFFFFFFFEA90 :                                     phase RAM_MDVIDEO
(1)  144/FFFFFFFFFFFFEA90 : =$FFFFFFFFFFFFEA90   GLBL_LASTORG    := *
(1)  145/FFFFFFFFFFFFEA90 :                     	; *** Variables cleared when changing screen modes ***
(1)  146/FFFFFFFFFFFFEA90 :                     RAM_PalFadeList		ds.b palfd_len*MAX_PALFDREQ	; Pal-fade request and buffers
(1)  147/FFFFFFFFFFFFEAD0 :                     RAM_SprMapList		ds.b $10*MAX_MDMAPSPR		; List of mapped-sprite data
(1)  148/FFFFFFFFFFFFEC50 :                     RAM_SprPzList		ds.b $08*80			; List of sprite pieces to build
(1)  149/FFFFFFFFFFFFEED0 :                     RAM_PaletteFade		ds.w 64				; Target MD palette for FadeIn/Out
(1)  150/FFFFFFFFFFFFEF50 :                     RAM_VdpDmaIndx		ds.w 1				; Current index in DMA BLAST list
(1)  151/FFFFFFFFFFFFEF52 :                     RAM_VdpDmaMod		ds.w 1				; Mid-write flag
(1)  152/FFFFFFFFFFFFEF54 :                     RAM_SprOffsetX		ds.w 1				; X spriteset position
(1)  153/FFFFFFFFFFFFEF56 :                     RAM_SprOffsetY		ds.w 1				; Y spriteset position
(1)  154/FFFFFFFFFFFFEF58 :                     RAM_MdVidClr_e		ds.l 0				; <-- END POINT for Video_Clear
(1)  155/FFFFFFFFFFFFEF5C :                     	; *** Variables kept when changing screen modes ***
(1)  156/FFFFFFFFFFFFEF5C :                     RAM_VdpDmaList		ds.b $10*MAX_MDDMATSK		; DMA BLAST list for VBlank
(1)  157/FFFFFFFFFFFFF0DC :                     RAM_FrameCount		ds.l 1				; Frame-counter
(1)  158/FFFFFFFFFFFFF0E0 :                     RAM_IndxPalFade		ds.w 1				; Current index in the pal-fade request list
(1)  159/FFFFFFFFFFFFF0E2 :                     RAM_SprLinkNum		ds.w 1				; Current link number for the sprite-building routines
(1)  160/FFFFFFFFFFFFF0E4 :                     RAM_VdpVramFG		ds.w 1				; Full VRAM location for FG
(1)  161/FFFFFFFFFFFFF0E6 :                     RAM_VdpVramBG		ds.w 1				; '' BG
(1)  162/FFFFFFFFFFFFF0E8 :                     RAM_VdpVramWD		ds.w 1				; '' Window
(1)  163/FFFFFFFFFFFFF0EA :                     RAM_VdpVramSpr		ds.w 1				; '' Sprites
(1)  164/FFFFFFFFFFFFF0EC :                     RAM_VdpVramHScrl	ds.w 1				; '' Horizontal scroll
(1)  165/FFFFFFFFFFFFF0EE :                     RAM_VdpMapSize		ds.w 1				; BG/FG Size
(1)  166/FFFFFFFFFFFFF0F0 :                     RAM_VdpRegSet0		ds.w 1				; * VDP Register $80
(1)  167/FFFFFFFFFFFFF0F2 :                     RAM_VdpRegSet1		ds.w 1				; * VDP Register $81
(1)  168/FFFFFFFFFFFFF0F4 :                     RAM_VdpRegSetB		ds.w 1				; * VDP Register $8B
(1)  169/FFFFFFFFFFFFF0F6 :                     RAM_VdpRegSetC		ds.w 1				; * VDP Register $8C
(1)  170/FFFFFFFFFFFFF0F8 :                     sizeof_mdvid		ds.l 0
(1)  171/FFFFFFFFFFFFF0FC : (MACRO)              			endmemory
(1)  171/     BA2 :                     .here:          dephase
(1)  171/     BA2 :                                     ds.b -(.here-GLBL_LASTORG)
(1)  171/     536 :                                     phase GLBL_LASTPC
(1)  172/     536 :                     
(1)  173/     536 :                     ; ====================================================================
(1)  174/     536 :                     ; ----------------------------------------------------------------
(1)  175/     536 :                     ; Video_Init
(1)  176/     536 :                     ;
(1)  177/     536 :                     ; Initialize Genesis video
(1)  178/     536 :                     ;
(1)  179/     536 :                     ; Uses:
(1)  180/     536 :                     ; d5-d7/a5-a6
(1)  181/     536 :                     ; ----------------------------------------------------------------
(1)  182/     536 :                     
(1)  183/     536 :                     Video_Init:
(1)  184/     536 : 4DF8 EA90           		lea	(RAM_MdVideo).w,a6			; Clear ALL Video RAM section
(1)  185/     53A : 7C00                		moveq	#0,d6
(1)  186/     53C : 3E3C 0667           		move.w	#(sizeof_mdvid-RAM_MdVideo)-1,d7
(1)  187/     540 :                     .clr_ram:
(1)  188/     540 : 1CC6                		move.b	d6,(a6)+
(1)  189/     542 : 51CF FFFC           		dbf	d7,.clr_ram
(1)  190/     546 : 4DF8 EF5C           		lea	(RAM_VdpDmaList).w,a6			; Write base DMA registers
(1)  191/     54A : 4BFA 005E           		lea	.dma_entry(pc),a5
(1)  192/     54E : 3E3C 0017           		move.w	#MAX_MDDMATSK-1,d7
(1)  193/     552 :                     .copy_dma:
(1)  194/     552 : 2CD5                		move.l	(a5),(a6)+
(1)  195/     554 : 2CED 0004           		move.l	4(a5),(a6)+
(1)  196/     558 : 2CED 0008           		move.l	8(a5),(a6)+
(1)  197/     55C : 2CED 000C           		move.l	$C(a5),(a6)+
(1)  198/     560 : 51CF FFF0           		dbf	d7,.copy_dma
(1)  199/     564 : 4DF8 EAD0           		lea	(RAM_SprMapList).w,a6			; Clear Sprite w/Map entries
(1)  200/     568 : 3E3C 0017           		move.w	#MAX_MDMAPSPR-1,d7
(1)  201/     56C :                     .clr_d:
(1)  202/     56C : 429E                		clr.l	(a6)+
(1)  203/     56E : 429E                		clr.l	(a6)+
(1)  204/     570 : 429E                		clr.l	(a6)+
(1)  205/     572 : 429E                		clr.l	(a6)+
(1)  206/     574 : 51CF FFF6           		dbf	d7,.clr_d
(1)  207/     578 : 4278 F0E0           		clr.w	(RAM_IndxPalFade).w			; Reset all VDP pal-fade requests
(1)  208/     57C : 4DF8 EA90           		lea	(RAM_PalFadeList).w,a6
(1)  209/     580 : 3E3C 0007           		move.w	#MAX_PALFDREQ-1,d7
(1)  210/     584 :                     .clr_preq:
(1)  211/     584 : 429E                		clr.l	(a6)+
(1)  212/     586 : 429E                		clr.l	(a6)+
(1)  213/     588 : 51CF FFFA           		dbf	d7,.clr_preq
(1)  223/     58C : 4CBA 000F 002A      		movem.w	.def_regset(pc),d0-d3			; Set default VDP regs $80,$81,$8B,$8C
(1)  224/     592 : 48B8 000F F0F0      		movem.w	d0-d3,(RAM_VdpRegSet0).w
(1)  225/     598 : 23F8 F0F0 00C0      		move.l	(RAM_VdpRegSet0).w,(vdp_ctrl).l		; Write VDP regs 80xx-81xx and 8Bxx-8Cxx
              59E : 0004             
(1)  226/     5A0 : 23F8 F0F4 00C0      		move.l	(RAM_VdpRegSetB).w,(vdp_ctrl).l
              5A6 : 0004             
(1)  227/     5A8 : 6018                		bra	Video_Default
(1)  228/     5AA :                     
(1)  229/     5AA :                     ; --------------------------------------------------------
(1)  230/     5AA :                     ; DMA blast base entry
(1)  231/     5AA :                     .dma_entry:
(1)  232/     5AA : 9400 9300           		dc.w $9400,$9300			; Size
(1)  233/     5AE : 9600 9500 9700      		dc.w $9600,$9500,$9700			; Source
(1)  234/     5B4 : 4000 0080           		dc.l $40000080 				; VDP write with DMA
(1)  235/     5B8 : 0000                		dc.w $0000				; Patch for the first 4 pixels (SCD/CD32X only)
(1)  236/     5BA :                     		align 2
(1)  237/     5BA :                     .def_regset:
(1)  238/     5BA : 8004 8104 8B00      		dc.w $8004,$8104,$8B00,$8C00
              5C0 : 8C00             
(1)  239/     5C2 :                     		align 2
(1)  240/     5C2 :                     
(1)  241/     5C2 :                     ; --------------------------------------------------------
(1)  242/     5C2 :                     ; Video_Default
(1)  243/     5C2 :                     ;
(1)  244/     5C2 :                     ; Reset VDP settings to defaults
(1)  245/     5C2 :                     ; --------------------------------------------------------
(1)  246/     5C2 :                     
(1)  247/     5C2 :                     Video_Default:
(1)  248/     5C2 : 23FC 9100 9200      		move.l	#$91009200,(vdp_ctrl).l			; Clear WINDOW
              5C8 : 00C0 0004          
(1)  249/     5CC : 33FC 8F02 00C0      		move.w	#$8F00|$02,(vdp_ctrl).l			; Default VDP increment $02
              5D2 : 0004             
(1)  250/     5D4 : 31FC C000 F0E4      		move.w	#DEF_VRAM_FG,(RAM_VdpVramFG).w
(1)  251/     5DA : 31FC E000 F0E6      		move.w	#DEF_VRAM_BG,(RAM_VdpVramBG).w
(1)  252/     5E0 : 31FC D000 F0E8      		move.w	#DEF_VRAM_WD,(RAM_VdpVramWD).w
(1)  253/     5E6 : 31FC F800 F0EA      		move.w	#DEF_VRAM_SPR,(RAM_VdpVramSpr).w
(1)  254/     5EC : 31FC FC00 F0EC      		move.w	#DEF_VRAM_HSCRL,(RAM_VdpVramHScrl).w
(1)  255/     5F2 : 6100 0446           		bsr	Video_UpdMapVram
(1)  256/     5F6 : 6100 0494           		bsr	Video_UpdSprHVram
(1)  257/     5FA : 3F00                		move.w	d0,-(sp)
(1)  258/     5FC : 303C 0001           		move.w	#%0001,d0				; Size H64 V32
(1)  259/     600 : 6100 04C4           		bsr	Video_SetMapSize
(1)  260/     604 : 303C 0001           		move.w	#%0001,d0				; Resolution 320x224
(1)  261/     608 : 6100 03E0           		bsr	Video_Resolution
(1)  262/     60C : 301F                		move.w	(sp)+,d0
(1)  263/     60E : 4E75                		rts
(1)  264/     610 :                     
(1)  265/     610 :                     ; ====================================================================
(1)  266/     610 :                     ; --------------------------------------------------------
(1)  267/     610 :                     ; Video_Render
(1)  268/     610 :                     ;
(1)  269/     610 :                     ; Processes VDP Sprites, H/V Scrolling, Palette
(1)  270/     610 :                     ; and process the DMA BLAST list
(1)  271/     610 :                     ;
(1)  272/     610 :                     ; Uses:
(1)  273/     610 :                     ; ALL
(1)  274/     610 :                     ;
(1)  275/     610 :                     ; Notes:
(1)  276/     610 :                     ; VBlank ONLY, already called by System_Render
(1)  277/     610 :                     ; --------------------------------------------------------
(1)  278/     610 :                     
(1)  279/     610 :                     Video_Render:
(1)  280/     610 : 6100 0362           		bsr	Video_DmaOn
(1)  281/     614 : 6100 1176           		bsr	System_DmaEnter_RAM
(1)  282/     618 : 4DF9 00C0 0004      		lea	(vdp_ctrl).l,a6
(1)  283/     61E : 3E38 F0EA           		move.w	(RAM_VdpVramSpr).w,d7
(1)  284/     622 : 3A38 F0EC           		move.w	(RAM_VdpVramHScrl).w,d5
(1)  285/     626 : 3C07                		move.w	d7,d6
(1)  286/     628 : 0247 3FFF           		andi.w	#$3FFF,d7
(1)  287/     62C : 0047 4000           		ori.w	#$4000,d7
(1)  288/     630 : E55E                		rol.w	#2,d6
(1)  289/     632 : 0246 0003           		andi.w	#%11,d6
(1)  290/     636 : 8C7C 0080           		or.w	#$80,d6
(1)  291/     63A : 3805                		move.w	d5,d4
(1)  292/     63C : 0245 3FFF           		andi.w	#$3FFF,d5
(1)  293/     640 : 0045 4000           		ori.w	#$4000,d5
(1)  294/     644 : E55C                		rol.w	#2,d4
(1)  295/     646 : 0244 0003           		andi.w	#%11,d4
(1)  296/     64A : 887C 0080           		or.w	#$80,d4
(1)  297/     64E : 2CBC 9401 9340      		move.l	#$94019340,(a6)			; Size $280/2
(1)  298/     654 : 2CBC 96F2 9588      		move.l	#$96009500|(RAM_Sprites<<7&$FF0000)|(RAM_Sprites>>1&$FF),(a6)
(1)  299/     65A : 3CBC 977F           		move.w	#$9700|(RAM_Sprites>>17&$7F),(a6)
(1)  300/     65E : 3C87                		move.w	d7,(a6)
(1)  301/     660 : 3F06                		move.w	d6,-(sp)
(1)  302/     662 : 3C9F                		move.w	(sp)+,(a6)
(1)  303/     664 : 2CBC 9401 93E0      		move.l	#$940193E0,(a6)			; Size $3C0/2
(1)  304/     66A : 2CBC 96F0 9580      		move.l	#$96009500|(RAM_HorScroll<<7&$FF0000)|(RAM_HorScroll>>1&$FF),(a6)
(1)  305/     670 : 3CBC 977F           		move.w	#$9700|(RAM_HorScroll>>17&$7F),(a6)
(1)  306/     674 : 3C85                		move.w	d5,(a6)
(1)  307/     676 : 3F04                		move.w	d4,-(sp)
(1)  308/     678 : 3C9F                		move.w	(sp)+,(a6)
(1)  309/     67A : 2CBC 9400 9328      		move.l	#$94009328,(a6)
(1)  310/     680 : 2CBC 96F2 9560      		move.l	#$96009500|(RAM_VerScroll<<7&$FF0000)|(RAM_VerScroll>>1&$FF),(a6)
(1)  311/     686 : 3CBC 977F           		move.w	#$9700|(RAM_VerScroll>>17&$7F),(a6)
(1)  312/     68A : 3CBC 4000           		move.w	#$4000,(a6)
(1)  313/     68E : 3F3C 0090           		move.w	#$0010|$80,-(sp)
(1)  314/     692 : 3C9F                		move.w	(sp)+,(a6)
(1)  315/     694 : 2CBC 9400 9340      		move.l	#$94009340,(a6)
(1)  316/     69A : 2CBC 96F5 9508      		move.l	#$96009500|(RAM_Palette<<7&$FF0000)|(RAM_Palette>>1&$FF),(a6)
(1)  317/     6A0 : 3CBC 977F           		move.w	#$9700|(RAM_Palette>>17&$7F),(a6)
(1)  318/     6A4 : 3CBC C000           		move.w	#$C000,(a6)
(1)  319/     6A8 : 3F3C 0080           		move.w	#$0000|$80,-(sp)
(1)  320/     6AC : 3C9F                		move.w	(sp)+,(a6)
(1)  321/     6AE : 6100 10E0           		bsr	System_DmaExit_RAM
(1)  322/     6B2 : 6100 02CC           		bsr	Video_DmaOff
(1)  323/     6B6 :                     
(1)  324/     6B6 :                     ; --------------------------------------------------------
(1)  325/     6B6 :                     ; Struct:
(1)  326/     6B6 :                     ; dc.w $94xx,$93xx		; Size
(1)  327/     6B6 :                     ; dc.w $96xx,$95xx,$97xx	; Source
(1)  328/     6B6 :                     ; dc.l $4xxx008x 		; VDP destination with DMA bit
(1)  329/     6B6 :                     ; dc.w $xxxx			; SegaCD/CD32X only: Patch for the first 4 pixels
(1)  330/     6B6 : 4A78 EF52           		tst.w	(RAM_VdpDmaMod).w		; Got mid-write?
(1)  331/     6BA : 6642                		bne.s	.exit
(1)  332/     6BC : 4A78 EF50           		tst.w	(RAM_VdpDmaIndx).w		; Any requests?
(1)  333/     6C0 : 673C                		beq.s	.exit
(1)  334/     6C2 : 49F9 00C0 0004      		lea	(vdp_ctrl).l,a4			; a4 - vdp_ctrl
(1)  335/     6C8 : 47F8 EF5C           		lea	(RAM_VdpDmaList).w,a3		; a3 - Blast list
(1)  336/     6CC : 3E38 F0F2           		move.w	(RAM_VdpRegSet1).w,d7		; DMA Enable + VDP Display OFF
(1)  337/     6D0 : 08C7 0004           		bset	#bitDmaEnbl,d7
(1)  338/     6D4 : 3887                		move.w	d7,(a4)
(1)  339/     6D6 : 6100 10AE           		bsr	System_DmaEnter_ROM
(1)  340/     6DA : 4A78 EF50           .next:		tst.w	(RAM_VdpDmaIndx).w
(1)  341/     6DE : 6714                		beq.s	.end
(1)  342/     6E0 : 289B                		move.l	(a3)+,(a4)			; Size
(1)  343/     6E2 : 289B                		move.l	(a3)+,(a4)			; Source
(1)  344/     6E4 : 389B                		move.w	(a3)+,(a4)
(1)  345/     6E6 :                     	; CD/CD32X
(1)  358/     6E6 : 389B                		move.w	(a3)+,(a4)			; Normal VDP control write
(1)  359/     6E8 : 389B                		move.w	(a3)+,(a4)			; *** CPU freezes ***
(1)  360/     6EA : D6FC 0002           		adda	#2,a3
(1)  362/     6EE : 5378 EF50           		subq.w	#1,(RAM_VdpDmaIndx).w
(1)  363/     6F2 : 60E6                		bra.s	.next
(1)  364/     6F4 :                     .end:
(1)  365/     6F4 : 6100 1094           		bsr	System_DmaExit_ROM
(1)  366/     6F8 : 3E38 F0F2           		move.w	(RAM_VdpRegSet1).w,d7		; Restore VDP reg $81
(1)  367/     6FC : 3887                		move.w	d7,(a4)
(1)  368/     6FE :                     .exit:
(1)  369/     6FE : 4E75                		rts
(1)  370/     700 :                     
(1)  371/     700 :                     ; ====================================================================
(1)  372/     700 :                     ; --------------------------------------------------------
(1)  373/     700 :                     ; Video_BuildSprites
(1)  374/     700 :                     ;
(1)  375/     700 :                     ; Build VDP Sprite pieces and maps, call before VBlank
(1)  376/     700 :                     ; overwrites RAM_Sprites
(1)  377/     700 :                     ;
(1)  378/     700 :                     ; Uses:
(1)  379/     700 :                     ; ALL
(1)  380/     700 :                     ; --------------------------------------------------------
(1)  381/     700 :                     
(1)  382/     700 :                     Video_BuildSprites:
(1)  383/     700 : 31FC 0001 F0E2      		move.w	#1,(RAM_SprLinkNum).w		; Reset SPRITE LINK number
(1)  384/     706 : 4DF8 E510           		lea	(RAM_Sprites).w,a6		; a6 - Genesis sprites
(1)  385/     70A : 3C38 F0E2           		move.w	(RAM_SprLinkNum).w,d6		; d6 - Starting sprite link
(1)  386/     70E : BC7C 0050           		cmp.w	#80,d6
(1)  387/     712 : 6C00 017C           		bge	.stop_all
(1)  388/     716 : 3A06                		move.w	d6,d5
(1)  389/     718 : 5345                		subq.w	#1,d5
(1)  390/     71A : 6B04                		bmi	.first_spr
(1)  391/     71C : E74D                		lsl.w	#3,d5
(1)  392/     71E : DCC5                		adda	d5,a6
(1)  393/     720 :                     .first_spr:
(1)  394/     720 : 4BF8 EC50           		lea	(RAM_SprPzList).w,a5
(1)  395/     724 : 3E3C 004F           		move.w	#80-1,d7			; Loop all pieces
(1)  396/     728 :                     .next_pz:
(1)  397/     728 : 0C46 0050           		cmpi.w	#80,d6
(1)  398/     72C : 6E00 0162           		bgt	.stop_all
(1)  399/     730 : 0815 0007           		btst	#7,(a5)
(1)  400/     734 : 6722                		beq	.no_slot_s
(1)  401/     736 : 3015                		move.w	(a5),d0				; This slot is used?
(1)  402/     738 : 3200                		move.w	d0,d1
(1)  403/     73A : 0241 3C00           		andi.w	#$3C00,d1
(1)  404/     73E : E449                		lsr.w	#2,d1
(1)  405/     740 : D246                		add.w	d6,d1
(1)  406/     742 : 342D 0004           		move.w	4(a5),d2
(1)  407/     746 : 362D 0002           		move.w	2(a5),d3
(1)  408/     74A : 0240 03FF           		andi.w	#$03FF,d0
(1)  409/     74E : 3CC0                		move.w	d0,(a6)+
(1)  410/     750 : 3CC1                		move.w	d1,(a6)+
(1)  411/     752 : 3CC2                		move.w	d2,(a6)+
(1)  412/     754 : 3CC3                		move.w	d3,(a6)+
(1)  413/     756 : 5246                		addq.w	#1,d6
(1)  414/     758 :                     .no_slot_s:
(1)  415/     758 : DAFC 0008           		adda	#$08,a5
(1)  416/     75C : 51CF FFCA           		dbf	d7,.next_pz
(1)  417/     760 : 4BF8 EAD0           		lea	(RAM_SprMapList).w,a5	; Sprite with map data
(1)  418/     764 : 3E3C 0017           		move.w	#MAX_MDMAPSPR-1,d7
(1)  419/     768 :                     .next:
(1)  420/     768 : 0815 0007           		btst	#7,(a5)
(1)  421/     76C : 6700 0118           		beq	.no_map
(1)  422/     770 : 2055                		move.l	(a5),a0
(1)  423/     772 : 4847                		swap	d7
(1)  424/     774 : 7000                		moveq	#0,d0
(1)  425/     776 : 302D 0004           		move.w	$04(a5),d0		; Read frame number
(1)  426/     77A : D040                		add.w	d0,d0
(1)  427/     77C : 3030 0000           		move.w	(a0,d0.w),d0
(1)  428/     780 : 41F0 0000           		lea	(a0,d0.w),a0
(1)  429/     784 : 3A18                		move.w	(a0)+,d5
(1)  430/     786 : 6700 00FE           		beq	.no_map
(1)  431/     78A : 5345                		subq.w	#1,d5
(1)  432/     78C :                     .mk_pz:
(1)  433/     78C : 0C46 0050           		cmpi.w	#80,d6
(1)  434/     790 : 6E00 00FE           		bgt	.stop_all
(1)  435/     794 : 4845                		swap	d5
(1)  436/     796 : 4846                		swap	d6
(1)  437/     798 : 1018                		move.b	(a0)+,d0		; d0 - Y pos
(1)  438/     79A : 1218                		move.b	(a0)+,d1		; d1 - Size
(1)  439/     79C : 3410                		move.w	(a0),d2			; d2 - VRAM main
(1)  440/     79E : 0838 0002 F0F7      		btst	#2,(RAM_VdpRegSetC+1).w
(1)  441/     7A4 : 6710                		beq.s	.ex_vram
(1)  442/     7A6 : 3801                		move.w	d1,d4
(1)  443/     7A8 : 0241 000C           		andi.w	#%1100,d1
(1)  444/     7AC : 0244 0003           		andi.w	#%0011,d4
(1)  445/     7B0 : E24C                		lsr.w	#1,d4
(1)  446/     7B2 : 8244                		or.w	d4,d1
(1)  447/     7B4 : E24A                		lsr.w	#1,d2
(1)  448/     7B6 :                     .ex_vram:
(1)  449/     7B6 : D0FC 0004           		adda	#4,a0			; <-- Reserved for VRAM double-interlace
(1)  450/     7BA : 3618                		move.w	(a0)+,d3		; d3 - X pos
(1)  451/     7BC : 4880                		ext.w	d0
(1)  452/     7BE : 3A2D 0006           		move.w	$06(a5),d5		; Read VRAM
(1)  453/     7C2 : 3805                		move.w	d5,d4
(1)  454/     7C4 : 0838 0002 F0F7      		btst	#2,(RAM_VdpRegSetC+1).w
(1)  455/     7CA : 670E                		beq.s	.ex_vrams
(1)  456/     7CC : 3805                		move.w	d5,d4
(1)  457/     7CE : 0244 F800           		andi.w	#$F800,d4
(1)  458/     7D2 : 0245 07FF           		andi.w	#$07FF,d5
(1)  459/     7D6 : E24D                		lsr.w	#1,d5
(1)  460/     7D8 : 8A44                		or.w	d4,d5
(1)  461/     7DA :                     .ex_vrams:
(1)  462/     7DA : 3805                		move.w	d5,d4
(1)  463/     7DC : 0244 1000           		andi.w	#$1000,d4
(1)  464/     7E0 : 6710                		beq.s	.vram_v
(1)  465/     7E2 : 4440                		neg.w	d0
(1)  466/     7E4 : 0440 0008           		subi.w	#8,d0
(1)  467/     7E8 : 3C01                		move.w	d1,d6
(1)  468/     7EA : 0246 0003           		andi.w	#%0011,d6
(1)  469/     7EE : E74E                		lsl.w	#3,d6
(1)  470/     7F0 : 9046                		sub.w	d6,d0
(1)  471/     7F2 :                     .vram_v:
(1)  472/     7F2 : 3805                		move.w	d5,d4
(1)  473/     7F4 : 0244 0800           		andi.w	#$0800,d4
(1)  474/     7F8 : 6710                		beq.s	.vram_h
(1)  475/     7FA : 4443                		neg.w	d3
(1)  476/     7FC : 0443 0008           		subi.w	#8,d3
(1)  477/     800 : 3C01                		move.w	d1,d6
(1)  478/     802 : 0246 000C           		andi.w	#%1100,d6
(1)  479/     806 : DC46                		add.w	d6,d6
(1)  480/     808 : 9646                		sub.w	d6,d3
(1)  481/     80A :                     .vram_h:
(1)  482/     80A : D445                		add.w	d5,d2
(1)  483/     80C : 4845                		swap	d5
(1)  484/     80E : 4846                		swap	d6
(1)  485/     810 : D06D 000A           		add.w	$0A(a5),d0		; Add Y pos
(1)  486/     814 : D66D 0008           		add.w	$08(a5),d3		; Add X pos
(1)  487/     818 : D078 EF56           		add.w	(RAM_SprOffsetY).w,d0
(1)  488/     81C : 9678 EF54           		sub.w	(RAM_SprOffsetX).w,d3
(1)  489/     820 : B67C 0140           		cmp.w	#320,d3			; X/Y wrap
(1)  490/     824 : 6C5C                		bge.s	.no_pz
(1)  491/     826 : 3801                		move.w	d1,d4
(1)  492/     828 : 0244 000C           		andi.w	#%1100,d4
(1)  493/     82C : D844                		add.w	d4,d4
(1)  494/     82E : D87C 0008           		add.w	#8,d4
(1)  495/     832 : 3E03                		move.w	d3,d7
(1)  496/     834 : DE44                		add.w	d4,d7
(1)  497/     836 : 6B4A                		bmi.s	.no_pz
(1)  498/     838 : 383C 00F0           		move.w	#240,d4
(1)  499/     83C : 0838 0002 F0F7      		btst	#2,(RAM_VdpRegSetC+1).w
(1)  500/     842 : 6702                		beq.s	.ex_yext
(1)  501/     844 : D844                		add.w	d4,d4
(1)  502/     846 :                     .ex_yext:
(1)  503/     846 : B044                		cmp.w	d4,d0
(1)  504/     848 : 6C38                		bge.s	.no_pz
(1)  505/     84A : 3801                		move.w	d1,d4
(1)  506/     84C : 0244 0003           		andi.w	#%0011,d4
(1)  507/     850 : E74C                		lsl.w	#3,d4
(1)  508/     852 : D87C 0008           		add.w	#8,d4
(1)  509/     856 : 3E00                		move.w	d0,d7
(1)  510/     858 : DE44                		add.w	d4,d7
(1)  511/     85A : 6B26                		bmi.s	.no_pz
(1)  512/     85C : E149                		lsl.w	#8,d1			; Size + Link
(1)  513/     85E : 8246                		or.w	d6,d1
(1)  514/     860 : 0640 0080           		addi.w	#$80,d0
(1)  515/     864 : 3838 F0F6           		move.w	(RAM_VdpRegSetC).w,d4
(1)  516/     868 : 0804 0002           		btst	#2,d4
(1)  517/     86C : 6704                		beq.s	.dont_add
(1)  518/     86E : 0640 0080           		addi.w	#$80,d0
(1)  519/     872 :                     .dont_add:
(1)  520/     872 : 0643 0080           		addi.w	#$80,d3
(1)  521/     876 : 3CC0                		move.w	d0,(a6)+
(1)  522/     878 : 3CC1                		move.w	d1,(a6)+
(1)  523/     87A : 3CC2                		move.w	d2,(a6)+
(1)  524/     87C : 3CC3                		move.w	d3,(a6)+
(1)  525/     87E : DC7C 0001           		add.w	#1,d6
(1)  526/     882 :                     .no_pz:
(1)  527/     882 : 51CD FF08           		dbf	d5,.mk_pz
(1)  528/     886 :                     .no_map:
(1)  529/     886 : DAFC 0010           		adda	#$10,a5
(1)  530/     88A : 4847                		swap	d7
(1)  531/     88C :                     .no_slot:
(1)  532/     88C : 51CF FEDA           		dbf	d7,.next
(1)  533/     890 :                     .stop_all:
(1)  534/     890 : 614A                		bsr	vid_CheckLastSpr
(1)  535/     892 : 31C6 F0E2           		move.w	d6,(RAM_SprLinkNum).w
(1)  536/     896 :                     	; Reset slots
(1)  537/     896 : 4DF8 EC50           		lea	(RAM_SprPzList).w,a6
(1)  538/     89A : 7E4F                		moveq	#80-1,d7
(1)  539/     89C : 7C08                		moveq	#$08,d6
(1)  540/     89E :                     .chk_spr_r:
(1)  541/     89E : 1A16                		move.b	(a6),d5
(1)  542/     8A0 : 0805 0007           		btst	#7,d5
(1)  543/     8A4 : 670C                		beq.s	.no_slot_r
(1)  544/     8A6 : 0805 0006           		btst	#6,d5
(1)  545/     8AA : 6706                		beq.s	.no_slot_r
(1)  546/     8AC : 4296                		clr.l	(a6)
(1)  547/     8AE : 42AE 0004           		clr.l	4(a6)
(1)  548/     8B2 :                     .no_slot_r:
(1)  549/     8B2 : DCC6                		adda	d6,a6
(1)  550/     8B4 : 51CF FFE8           		dbf	d7,.chk_spr_r
(1)  551/     8B8 : 4DF8 EAD0           		lea	(RAM_SprMapList).w,a6
(1)  552/     8BC : 7E17                		moveq	#MAX_MDMAPSPR-1,d7
(1)  553/     8BE : 7C10                		moveq	#$10,d6
(1)  554/     8C0 :                     .chk_spr_mr:
(1)  555/     8C0 : 1A16                		move.b	(a6),d5
(1)  556/     8C2 : 0805 0007           		btst	#7,d5
(1)  557/     8C6 : 670C                		beq.s	.no_slot_mr
(1)  558/     8C8 : 0805 0006           		btst	#6,d5
(1)  559/     8CC : 6706                		beq.s	.no_slot_mr
(1)  560/     8CE : 4296                		clr.l	(a6)
(1)  561/     8D0 : 42AE 0004           		clr.l	4(a6)
(1)  562/     8D4 :                     .no_slot_mr:
(1)  563/     8D4 : DCC6                		adda	d6,a6
(1)  564/     8D6 : 51CF FFE8           		dbf	d7,.chk_spr_mr
(1)  565/     8DA : 4E75                		rts
(1)  566/     8DC :                     
(1)  567/     8DC :                     ; --------------------------------------------------------
(1)  568/     8DC :                     ; d6 - Current link
(1)  569/     8DC :                     vid_CheckLastSpr:
(1)  570/     8DC : 4DF8 E510           		lea	(RAM_Sprites).w,a6	; Check last sprite piece
(1)  571/     8E0 : 0C46 0001           		cmpi.w	#1,d6
(1)  572/     8E4 : 6710                		beq.s	.blnk_first
(1)  573/     8E6 : 0C46 0050           		cmpi.w	#80,d6
(1)  574/     8EA : 6E10                		bgt.s	.last_one
(1)  575/     8EC : 3E06                		move.w	d6,d7
(1)  576/     8EE : 0447 0001           		subi.w	#1,d7
(1)  577/     8F2 : E74F                		lsl.w	#3,d7
(1)  578/     8F4 : DCC7                		adda	d7,a6
(1)  579/     8F6 :                     .blnk_first:
(1)  580/     8F6 : 429E                		clr.l	(a6)+
(1)  581/     8F8 : 429E                		clr.l	(a6)+
(1)  582/     8FA : 6010                		bra.s	.spr_exit
(1)  583/     8FC :                     .last_one:
(1)  584/     8FC : DCFC 0278           		adda	#79*8,a6		; Go to last sprite
(1)  585/     900 : 3E2E 0002           		move.w	2(a6),d7		; Set last link to 0
(1)  586/     904 : 0247 0F00           		andi.w	#$0F00,d7
(1)  587/     908 : 3D47 0002           		move.w	d7,2(a6)
(1)  588/     90C :                     .spr_exit:
(1)  589/     90C : 4E75                		rts
(1)  590/     90E :                     
(1)  591/     90E :                     ; ====================================================================
(1)  592/     90E :                     ; --------------------------------------------------------
(1)  593/     90E :                     ; Subroutines
(1)  594/     90E :                     ; --------------------------------------------------------
(1)  595/     90E :                     
(1)  596/     90E :                     ; --------------------------------------------------------
(1)  597/     90E :                     ; Video_Clear
(1)  598/     90E :                     ;
(1)  599/     90E :                     ; Clears ALL VDP VRAM and other RAM sections
(1)  600/     90E :                     ;
(1)  601/     90E :                     ; Breaks:
(1)  602/     90E :                     ; ALL
(1)  603/     90E :                     ; --------------------------------------------------------
(1)  604/     90E :                     
(1)  605/     90E :                     Video_Clear:
(1)  614/     90E : 7C00                		moveq	#0,d6
(1)  615/     910 : 4DF8 EA90           		lea	(RAM_MdVideo).w,a6			; Clear half of Video RAM section
(1)  616/     914 : 3E3C 04C7           		move.w	#(RAM_MdVidClr_e-RAM_MdVideo)-1,d7
(1)  617/     918 :                     .clr_me:
(1)  618/     918 : 1CC6                		move.b	d6,(a6)+
(1)  619/     91A : 51CF FFFC           		dbf	d7,.clr_me
(1)  620/     91E : 303C 0000           		move.w	#0,d0
(1)  621/     922 : 323C 0000           		move.w	#0,d1
(1)  622/     926 : 343C FFC0           		move.w	#cell_num($7FE),d2
(1)  623/     92A : 6100 0300           		bsr	Video_Fill
(1)  624/     92E :                     
(1)  625/     92E :                     ; --------------------------------------------------------
(1)  626/     92E :                     ; Video_ClearScreen
(1)  627/     92E :                     ;
(1)  628/     92E :                     ; Clears ALL 3 map layers entirely
(1)  629/     92E :                     ;
(1)  630/     92E :                     ; Uses:
(1)  631/     92E :                     ; ALL
(1)  632/     92E :                     ; --------------------------------------------------------
(1)  633/     92E :                     
(1)  634/     92E :                     Video_ClearScreen:
(1)  635/     92E : 7000                		moveq	#0,d0
(1)  636/     930 : 3238 F0E4           		move.w	(RAM_VdpVramFG).w,d1
(1)  637/     934 : 3438 F0EE           		move.w	(RAM_VdpMapSize).w,d2	; FG/BG size
(1)  638/     938 : 6100 02F2           		bsr	Video_Fill
(1)  639/     93C : 3238 F0E6           		move.w	(RAM_VdpVramBG).w,d1
(1)  640/     940 : 6100 02EA           		bsr	Video_Fill
(1)  641/     944 : 343C 0800           		move.w	#$800,d2		; WD Size
(1)  642/     948 : 3E38 F0F6           		move.w	(RAM_VdpRegSetC).w,d7	; Current $8Cxx
(1)  643/     94C : 0247 0081           		andi.w	#%10000001,d7		; Check if we are in H40
(1)  644/     950 : 6702                		beq.s	.not_small
(1)  645/     952 : D442                		add.w	d2,d2			; Size $1000
(1)  646/     954 :                     .not_small:
(1)  647/     954 : 3238 F0E8           		move.w	(RAM_VdpVramWD).w,d1
(1)  648/     958 : 6000 02D2           		bra	Video_Fill
(1)  649/     95C :                     
(1)  650/     95C :                     ; --------------------------------------------------------
(1)  651/     95C :                     ; Video_DisplayOn, Video_DisplayOff
(1)  652/     95C :                     ;
(1)  653/     95C :                     ; Enable or Disable VDP Display
(1)  654/     95C :                     ; --------------------------------------------------------
(1)  655/     95C :                     
(1)  656/     95C :                     Video_DisplayOn:
(1)  657/     95C : 3F07                		move.w	d7,-(sp)
(1)  658/     95E : 3E38 F0F2           		move.w	(RAM_VdpRegSet1).w,d7
(1)  659/     962 : 08C7 0006           		bset	#bitDispEnbl,d7
(1)  660/     966 : 6022                		bra.s	vid_WrtReg01
(1)  661/     968 :                     Video_DisplayOff:
(1)  662/     968 : 3F07                		move.w	d7,-(sp)
(1)  663/     96A : 3E38 F0F2           		move.w	(RAM_VdpRegSet1).w,d7
(1)  664/     96E : 0887 0006           		bclr	#bitDispEnbl,d7
(1)  665/     972 : 6016                		bra.s	vid_WrtReg01
(1)  666/     974 :                     
(1)  667/     974 :                     ; --------------------------------------------------------
(1)  668/     974 :                     ; Video_DmaOn, Video_DmaOff
(1)  669/     974 :                     ;
(1)  670/     974 :                     ; Enable or Disable DMA
(1)  671/     974 :                     ;
(1)  672/     974 :                     ; Note:
(1)  673/     974 :                     ; Various routines that use DMA already call these
(1)  674/     974 :                     ; --------------------------------------------------------
(1)  675/     974 :                     
(1)  676/     974 :                     Video_DmaOn:
(1)  677/     974 : 3F07                		move.w	d7,-(sp)
(1)  678/     976 : 3E38 F0F2           		move.w	(RAM_VdpRegSet1).w,d7
(1)  679/     97A : 08C7 0004           		bset	#bitDmaEnbl,d7
(1)  680/     97E : 600A                		bra.s	vid_WrtReg01
(1)  681/     980 :                     Video_DmaOff:
(1)  682/     980 : 3F07                		move.w	d7,-(sp)
(1)  683/     982 : 3E38 F0F2           		move.w	(RAM_VdpRegSet1).w,d7
(1)  684/     986 : 0887 0004           		bclr	#bitDmaEnbl,d7
(1)  685/     98A :                     
(1)  686/     98A :                     ; ------------------------------------------------
(1)  687/     98A :                     
(1)  688/     98A :                     vid_WrtReg01:
(1)  689/     98A : 33C7 00C0 0004      		move.w	d7,(vdp_ctrl).l
(1)  690/     990 : 31C7 F0F2           		move.w	d7,(RAM_VdpRegSet1).w
(1)  691/     994 : 3E1F                		move.w	(sp)+,d7
(1)  692/     996 : 4E75                		rts
(1)  693/     998 :                     
(1)  694/     998 :                     ; --------------------------------------------------------
(1)  695/     998 :                     ; Video_IntEnable
(1)  696/     998 :                     ;
(1)  697/     998 :                     ; Enable or Disable VBlank, HBlank and
(1)  698/     998 :                     ; External interrupts.
(1)  699/     998 :                     ;
(1)  700/     998 :                     ; This is for Enabling and Disabling interrupts generated
(1)  701/     998 :                     ; by the VDP, to set your interrupt locations
(1)  702/     998 :                     ; use System_SetIntJumps
(1)  703/     998 :                     ;
(1)  704/     998 :                     ; Input:
(1)  705/     998 :                     ; d0.b | Enable these interrupts:
(1)  706/     998 :                     ;      | %00000ehv
(1)  707/     998 :                     ;      |     e: External
(1)  708/     998 :                     ;      |     h: HBlank
(1)  709/     998 :                     ;      |     v: VBlank
(1)  710/     998 :                     ; --------------------------------------------------------
(1)  711/     998 :                     
(1)  712/     998 :                     Video_IntEnable:
(1)  713/     998 : 48A7 0300           		movem.w	d6-d7,-(sp)
(1)  714/     99C : 3E38 F0F2           		move.w	(RAM_VdpRegSet1).w,d7
(1)  715/     9A0 : 3C00                		move.w	d0,d6
(1)  716/     9A2 : 0246 0001           		andi.w	#1,d6			; %--V
(1)  717/     9A6 : EB4E                		lsl.w	#5,d6
(1)  718/     9A8 : 8E46                		or.w	d6,d7
(1)  719/     9AA : 31C7 F0F2           		move.w	d7,(RAM_VdpRegSet1).w
(1)  720/     9AE : 33C7 00C0 0004      		move.w	d7,(vdp_ctrl).l
(1)  721/     9B4 : 3E38 F0F0           		move.w	(RAM_VdpRegSet0).w,d7
(1)  722/     9B8 : 3C00                		move.w	d0,d6
(1)  723/     9BA : 0246 0002           		andi.w	#%10,d6			; %-H-
(1)  724/     9BE : E74E                		lsl.w	#3,d6
(1)  725/     9C0 : 8E46                		or.w	d6,d7
(1)  726/     9C2 : 31C7 F0F0           		move.w	d7,(RAM_VdpRegSet0).w
(1)  727/     9C6 : 33C7 00C0 0004      		move.w	d7,(vdp_ctrl).l
(1)  728/     9CC : 3E38 F0F4           		move.w	(RAM_VdpRegSetB).w,d7
(1)  729/     9D0 : 3C00                		move.w	d0,d6			; %E--
(1)  730/     9D2 : 0246 0004           		andi.w	#%100,d6
(1)  731/     9D6 : DC46                		add.w	d6,d6
(1)  732/     9D8 : 8E46                		or.w	d6,d7
(1)  733/     9DA : 31C7 F0F4           		move.w	d7,(RAM_VdpRegSetB).w
(1)  734/     9DE : 33C7 00C0 0004      		move.w	d7,(vdp_ctrl).l
(1)  735/     9E4 : 4C9F 00C0           		movem.w	(sp)+,d6-d7
(1)  736/     9E8 : 4E75                		rts
(1)  737/     9EA :                     
(1)  738/     9EA :                     ; --------------------------------------------------------
(1)  739/     9EA :                     ; Video_Resolution
(1)  740/     9EA :                     ;
(1)  741/     9EA :                     ; Set VDP Video resolution
(1)  742/     9EA :                     ;
(1)  743/     9EA :                     ; Input:
(1)  744/     9EA :                     ; d0.b | Vertical and Horizontal modes:
(1)  745/     9EA :                     ;      | %0000iivh
(1)  746/     9EA :                     ;      |     h: Horizontal 256/320
(1)  747/     9EA :                     ;      |     v: Vertical 224/240 (PAL ONLY)
(1)  748/     9EA :                     ;      |    ii: Interlace mode
(1)  749/     9EA :                     ;      | 	%00 - None
(1)  750/     9EA :                     ;      | 	%01 - Enable
(1)  751/     9EA :                     ;      | 	%10 - INVALID
(1)  752/     9EA :                     ;      | 	%11 - Double (Vertical 448/480)
(1)  753/     9EA :                     ; --------------------------------------------------------
(1)  754/     9EA :                     
(1)  755/     9EA :                     Video_Resolution:
(1)  756/     9EA : 48A7 0300           		movem.w	d6-d7,-(sp)
(1)  757/     9EE : 3E38 F0F2           		move.w	(RAM_VdpRegSet1).w,d7
(1)  758/     9F2 : 0207 00F7           		andi.b	#%11110111,d7
(1)  759/     9F6 : 3C00                		move.w	d0,d6
(1)  760/     9F8 : CC7C 0002           		and.w	#%0010,d6
(1)  761/     9FC : E54E                		lsl.w	#2,d6
(1)  762/     9FE : 8E46                		or.w	d6,d7
(1)  763/     A00 : 33C7 00C0 0004      		move.w	d7,(vdp_ctrl).l
(1)  764/     A06 : 31C7 F0F2           		move.w	d7,(RAM_VdpRegSet1).w
(1)  765/     A0A : 3E38 F0F6           		move.w	(RAM_VdpRegSetC).w,d7
(1)  766/     A0E : 0207 0078           		andi.b	#%01111000,d7
(1)  767/     A12 : 3C00                		move.w	d0,d6
(1)  768/     A14 : CC7C 0001           		and.w	#%0001,d6
(1)  769/     A18 : 6704                		beq.s	.ex_bit
(1)  770/     A1A : 8C7C 0081           		or.w	#%10000001,d6
(1)  771/     A1E :                     .ex_bit:
(1)  772/     A1E : 8E46                		or.w	d6,d7
(1)  773/     A20 : 3C00                		move.w	d0,d6
(1)  774/     A22 : 0246 000C           		andi.w	#%1100,d6
(1)  775/     A26 : E24E                		lsr.w	#1,d6
(1)  776/     A28 : 8E46                		or.w	d6,d7
(1)  777/     A2A : 33C7 00C0 0004      		move.w	d7,(vdp_ctrl).l
(1)  778/     A30 : 31C7 F0F6           		move.w	d7,(RAM_VdpRegSetC).w
(1)  779/     A34 : 4C9F 00C0           		movem.w	(sp)+,d6-d7
(1)  780/     A38 : 4E75                		rts
(1)  781/     A3A :                     
(1)  782/     A3A :                     ; --------------------------------------------------------
(1)  783/     A3A :                     ; Video_UpdMapVram, Video_UpdSprHVram
(1)  784/     A3A :                     ;
(1)  785/     A3A :                     ; Update VRAM locations for FG, BG, Window and
(1)  786/     A3A :                     ; the Horizontal scroll to VDP
(1)  787/     A3A :                     ; --------------------------------------------------------
(1)  788/     A3A :                     
(1)  789/     A3A :                     Video_UpdMapVram:
(1)  790/     A3A : 48A7 0300           		movem.w	d6-d7,-(sp)
(1)  791/     A3E : 3E3C 8200           		move.w	#$8200,d7
(1)  792/     A42 : 3C38 F0E4           		move.w	(RAM_VdpVramFG).w,d6
(1)  793/     A46 : E04E                		lsr.w	#8,d6
(1)  794/     A48 : E44E                		lsr.w	#2,d6
(1)  795/     A4A : 0246 0038           		andi.w	#%00111000,d6
(1)  796/     A4E : 8E46                		or.w	d6,d7
(1)  797/     A50 : 33C7 00C0 0004      		move.w	d7,(vdp_ctrl).l
(1)  798/     A56 : 3E3C 8300           		move.w	#$8300,d7
(1)  799/     A5A : 3C38 F0E8           		move.w	(RAM_VdpVramWD).w,d6
(1)  800/     A5E : E04E                		lsr.w	#8,d6
(1)  801/     A60 : E44E                		lsr.w	#2,d6
(1)  802/     A62 : 0246 003E           		andi.w	#%00111110,d6
(1)  803/     A66 : 8E46                		or.w	d6,d7
(1)  804/     A68 : 33C7 00C0 0004      		move.w	d7,(vdp_ctrl).l
(1)  805/     A6E : 3E3C 8400           		move.w	#$8400,d7
(1)  806/     A72 : 3C38 F0E6           		move.w	(RAM_VdpVramBG).w,d6
(1)  807/     A76 : E04E                		lsr.w	#8,d6
(1)  808/     A78 : EA4E                		lsr.w	#5,d6
(1)  809/     A7A : 0246 0007           		andi.w	#%00000111,d6
(1)  810/     A7E : 8E46                		or.w	d6,d7
(1)  811/     A80 : 33C7 00C0 0004      		move.w	d7,(vdp_ctrl).l
(1)  812/     A86 : 4C9F 00C0           		movem.w	(sp)+,d6-d7
(1)  813/     A8A : 4E75                		rts
(1)  814/     A8C :                     Video_UpdSprHVram:
(1)  815/     A8C : 48E7 0300           		movem.l	d6-d7,-(sp)
(1)  816/     A90 : 3E3C 8500           		move.w	#$8500,d7
(1)  817/     A94 : 3C38 F0EA           		move.w	(RAM_VdpVramSpr).w,d6
(1)  818/     A98 : E04E                		lsr.w	#8,d6
(1)  819/     A9A : E24E                		lsr.w	#1,d6
(1)  820/     A9C : 0246 007F           		andi.w	#%01111111,d6
(1)  821/     AA0 : 8E46                		or.w	d6,d7
(1)  822/     AA2 : 33C7 00C0 0004      		move.w	d7,(vdp_ctrl).l
(1)  823/     AA8 : 3E3C 8D00           		move.w	#$8D00,d7
(1)  824/     AAC : 3C38 F0EC           		move.w	(RAM_VdpVramHScrl).w,d6
(1)  825/     AB0 : E04E                		lsr.w	#8,d6
(1)  826/     AB2 : E44E                		lsr.w	#2,d6
(1)  827/     AB4 : 0246 003F           		andi.w	#%00111111,d6
(1)  828/     AB8 : 8E46                		or.w	d6,d7
(1)  829/     ABA : 33C7 00C0 0004      		move.w	d7,(vdp_ctrl).l
(1)  830/     AC0 : 4CDF 00C0           		movem.l	(sp)+,d6-d7
(1)  831/     AC4 : 4E75                		rts
(1)  832/     AC6 :                     
(1)  833/     AC6 :                     ; --------------------------------------------------------
(1)  834/     AC6 :                     ; Video_SetMapSize
(1)  835/     AC6 :                     ;
(1)  836/     AC6 :                     ; Set MAP size to FG and BG
(1)  837/     AC6 :                     ;
(1)  838/     AC6 :                     ; Input:
(1)  839/     AC6 :                     ; d0.b | Map size:
(1)  840/     AC6 :                     ;      | %0000vvhh
(1)  841/     AC6 :                     ;      |     vv and hh:
(1)  842/     AC6 :                     ;      | 	%00 - 32
(1)  843/     AC6 :                     ;      | 	%01 - 64
(1)  844/     AC6 :                     ;      | 	%10 - INVALID
(1)  845/     AC6 :                     ;      | 	%11 - 128
(1)  846/     AC6 :                     ; --------------------------------------------------------
(1)  847/     AC6 :                     
(1)  848/     AC6 :                     Video_SetMapSize:
(1)  849/     AC6 : 48A7 0300           		movem.w	d6-d7,-(sp)
(1)  850/     ACA : 3E00                		move.w	d0,d7
(1)  851/     ACC : 0247 000F           		andi.w	#%1111,d7
(1)  852/     AD0 : DE47                		add.w	d7,d7
(1)  853/     AD2 : 3E3B 7026           		move.w	.size_tbl(pc,d7.w),d7
(1)  854/     AD6 : 31C7 F0EE           		move.w	d7,(RAM_VdpMapSize).w
(1)  855/     ADA : 3E00                		move.w	d0,d7
(1)  856/     ADC : 3C07                		move.w	d7,d6
(1)  857/     ADE : 0247 0003           		andi.w	#%0011,d7
(1)  858/     AE2 : 0246 000C           		andi.w	#%1100,d6
(1)  859/     AE6 : E54E                		lsl.w	#2,d6
(1)  860/     AE8 : 8E7C 9000           		or.w	#$9000,d7
(1)  861/     AEC : 8E46                		or.w	d6,d7
(1)  862/     AEE : 33C7 00C0 0004      		move.w	d7,(vdp_ctrl).l
(1)  863/     AF4 : 4C9F 00C0           		movem.w	(sp)+,d6-d7
(1)  864/     AF8 : 4E75                		rts
(1)  865/     AFA :                     .size_tbl:
(1)  866/     AFA : 0800 1000 1800      		dc.w $0800,$1000,$1800,$2000
              B00 : 2000             
(1)  867/     B02 : 1000 2000 3000      		dc.w $1000,$2000,$3000,$4000
              B08 : 4000             
(1)  868/     B0A : 1800 3000 4800      		dc.w $1800,$3000,$4800,$6000
              B10 : 6000             
(1)  869/     B12 : 2000 4000 6000      		dc.w $2000,$4000,$6000,$8000
              B18 : 8000             
(1)  870/     B1A :                     
(1)  871/     B1A :                     ; --------------------------------------------------------
(1)  872/     B1A :                     ; Video_LoadArt
(1)  873/     B1A :                     ;
(1)  874/     B1A :                     ; Loads VDP graphics using DMA
(1)  875/     B1A :                     ;
(1)  876/     B1A :                     ; Input:
(1)  877/     B1A :                     ; d0.l | Graphics data (NOT a0)
(1)  878/     B1A :                     ; d1.w | VRAM location: cell_num(vram_pos)
(1)  879/     B1A :                     ; d2.w | Size:          cell_num(size)
(1)  880/     B1A :                     ;
(1)  881/     B1A :                     ; Notes:
(1)  882/     B1A :                     ; - For a faster load, call this during VBlank or
(1)  883/     B1A :                     ;   disable VDP Display temporally.
(1)  884/     B1A :                     ;
(1)  885/     B1A :                     ; * 32X Cartridge ONLY:
(1)  886/     B1A :                     ; - This sets RV bit, make sure your code is
(1)  887/     B1A :                     ;   running on RAM (already doing here) and the
(1)  888/     B1A :                     ;   SH2 is not reading from it's ROM area CS1
(1)  889/     B1A :                     ; --------------------------------------------------------
(1)  890/     B1A :                     
(1)  891/     B1A :                     Video_LoadArt:
(1)  892/     B1A : 48E7 0F02           		movem.l	d4-d7/a6,-(sp)
(1)  893/     B1E : 2E00                		move.l	d0,d7
(1)  894/     B20 : 0287 00FF 0000      		andi.l	#$FF0000,d7
(1)  895/     B26 : BEBC 00FF 0000      		cmp.l	#$FF0000,d7
(1)  896/     B2C : 6736                		beq.s	.normal
(1)  897/     B2E : 2A00                		move.l	d0,d5
(1)  898/     B30 : DA42                		add.w	d2,d5
(1)  899/     B32 : 6430                		bcc.s	.normal
(1)  900/     B34 : 2A00                		move.l	d0,d5		; <-- DOUBLE TRANSFER
(1)  901/     B36 : 3C01                		move.w	d1,d6
(1)  902/     B38 : 2E05                		move.l	d5,d7		; Top
(1)  903/     B3A : 0687 0001 0000      		addi.l	#$010000,d7
(1)  904/     B40 : 0287 00FF 0000      		andi.l	#$FF0000,d7
(1)  905/     B46 : 9E80                		sub.l	d0,d7
(1)  906/     B48 : 6128                		bsr.s	.mk_set
(1)  907/     B4A : 2A00                		move.l	d0,d5		; Bottom
(1)  908/     B4C : 0685 0001 0000      		addi.l	#$010000,d5
(1)  909/     B52 : 0285 00FF 0000      		andi.l	#$FF0000,d5
(1)  910/     B58 : 2C05                		move.l	d5,d6
(1)  911/     B5A : 9C80                		sub.l	d0,d6
(1)  912/     B5C : 3E02                		move.w	d2,d7
(1)  913/     B5E : 9E46                		sub.w	d6,d7
(1)  914/     B60 : DC41                		add.w	d1,d6
(1)  915/     B62 : 6006                		bra.s	.last_set
(1)  916/     B64 :                     .normal:
(1)  917/     B64 : 2A00                		move.l	d0,d5
(1)  918/     B66 : 3C01                		move.w	d1,d6
(1)  919/     B68 : 3E02                		move.w	d2,d7
(1)  920/     B6A :                     .last_set:
(1)  921/     B6A : 6106                		bsr.s	.mk_set
(1)  922/     B6C : 4CDF 40F0           		movem.l	(sp)+,d4-d7/a6
(1)  923/     B70 : 4E75                		rts
(1)  924/     B72 :                     
(1)  925/     B72 :                     ; d7 - size
(1)  926/     B72 :                     ; d6 - vram
(1)  927/     B72 :                     ; d5 - data
(1)  928/     B72 :                     .mk_set:
(1)  929/     B72 : 0285 00FF FFFF        		andi.l	#$FFFFFF,d5
(1)  930/     B78 : 0287 0000 FFFE      		andi.l	#$0000FFFE,d7
(1)  931/     B7E : 6734                		beq.s	.bad_size
(1)  932/     B80 : 4846                		swap	d6
(1)  933/     B82 : 4845                		swap	d5
(1)  934/     B84 : 3C05                		move.w	d5,d6
(1)  935/     B86 : 4845                		swap	d5
(1)  944/     B88 : 4DF9 00C0 0004      		lea	(vdp_ctrl).l,a6
(1)  945/     B8E : 2F07                		move.l	d7,-(sp)		; <--
(1)  946/     B90 : 6100 FDE2           		bsr	Video_DmaOn
(1)  947/     B94 : 2E1F                		move.l	(sp)+,d7
(1)  948/     B96 : 0246 00FF           		andi.w	#$FF,d6
(1)  949/     B9A : BC3C 00FF           		cmp.b	#$FF,d6
(1)  950/     B9E : 6716                		beq.s	.ram_write
(1)  951/     BA0 : 4846                		swap	d6
(1)  952/     BA2 : 6126                		bsr.s	.shared_setup
(1)  953/     BA4 : 6100 0BE0           		bsr	System_DmaEnter_ROM
(1)  954/     BA8 : 3C86                		move.w	d6,(a6)			; First write
(1)  955/     BAA : 3C87                		move.w	d7,(a6)			; Second write
(1)  956/     BAC : 6100 0BDC           		bsr	System_DmaExit_ROM
(1)  957/     BB0 : 6100 FDCE           		bsr	Video_DmaOff
(1)  958/     BB4 :                     	; Word-RAM patch
(1)  979/     BB4 :                     .bad_size:
(1)  980/     BB4 : 4E75                		rts
(1)  981/     BB6 :                     
(1)  982/     BB6 :                     ; --------------------------------------------------------
(1)  983/     BB6 :                     
(1)  984/     BB6 :                     .ram_write:
(1)  985/     BB6 : 4846                		swap	d6
(1)  986/     BB8 : 6110                		bsr.s	.shared_setup
(1)  987/     BBA : 6100 0BD0           		bsr	System_DmaEnter_RAM
(1)  988/     BBE : 3C86                		move.w	d6,(a6)			; First write
(1)  989/     BC0 : 3C87                		move.w	d7,(a6)			; Second write
(1)  990/     BC2 : 6100 0BCC           		bsr	System_DmaExit_RAM
(1)  991/     BC6 : 6000 FDB8           		bra	Video_DmaOff
(1)  992/     BCA :                     
(1)  993/     BCA :                     ; --------------------------------------------------------
(1)  994/     BCA :                     
(1)  995/     BCA :                     .shared_setup:
(1)  996/     BCA : EF8F                		lsl.l	#7,d7
(1)  997/     BCC : E04F                		lsr.w	#8,d7
(1)  998/     BCE : 0087 9400 9300      		ori.l	#$94009300,d7
(1)  999/     BD4 : 2C87                		move.l	d7,(a6)
(1) 1000/     BD6 : E28D                  		lsr.l	#1,d5			; d5 - Source
(1) 1001/     BD8 : 2E3C 9600 9500       		move.l	#$96009500,d7
(1) 1002/     BDE : 1E05                 		move.b	d5,d7
(1) 1003/     BE0 : E08D                 		lsr.l	#8,d5
(1) 1004/     BE2 : 4847                 		swap	d7
(1) 1005/     BE4 : 1E05                 		move.b	d5,d7
(1) 1006/     BE6 : 2C87                 		move.l	d7,(a6)
(1) 1007/     BE8 : 3E3C 9700            		move.w	#$9700,d7
(1) 1008/     BEC : E08D                 		lsr.l	#8,d5
(1) 1009/     BEE : 1E05                 		move.b	d5,d7
(1) 1010/     BF0 : 3C87                 		move.w	d7,(a6)
(1) 1011/     BF2 : 3E06                		move.w	d6,d7			; Destination
(1) 1012/     BF4 : 0286 0000 3FFF      		andi.l	#$3FFF,d6
(1) 1013/     BFA : 0046 4000           		ori.w	#$4000,d6
(1) 1014/     BFE : E04F                		lsr.w	#8,d7
(1) 1015/     C00 : EC4F                		lsr.w	#6,d7
(1) 1016/     C02 : 0247 0003           		andi.w	#%11,d7
(1) 1017/     C06 : 0047 0080           		ori.w	#$80,d7
(1) 1018/     C0A : 4E75                		rts
(1) 1019/     C0C :                     
(1) 1020/     C0C :                     ; --------------------------------------------------------
(1) 1021/     C0C :                     ; Video_LoadArt_List
(1) 1022/     C0C :                     ;
(1) 1023/     C0C :                     ; Loads VDP graphics on bulk
(1) 1024/     C0C :                     ;
(1) 1025/     C0C :                     ; Input:
(1) 1026/     C0C :                     ; a0 | List of graphics to load:
(1) 1027/     C0C :                     ;        dc.w numof_entries
(1) 1028/     C0C :                     ;        dc.l ART_DATA
(1) 1029/     C0C :                     ;        dc.w cell_num(vram_pos)
(1) 1030/     C0C :                     ;        dc.w ART_DATA_end-ART_DATA OR cell_num(size)
(1) 1031/     C0C :                     ;        ; ...more entries
(1) 1032/     C0C :                     ;
(1) 1033/     C0C :                     ; Note:
(1) 1034/     C0C :                     ; CPU heavy.
(1) 1035/     C0C :                     ; --------------------------------------------------------
(1) 1036/     C0C :                     
(1) 1037/     C0C :                     Video_LoadArt_List:
(1) 1038/     C0C : 48E7 E100           		movem.l	d0-d2/d7,-(sp)
(1) 1039/     C10 : 3E18                		move.w	(a0)+,d7
(1) 1040/     C12 : 6712                		beq.s	.invalid
(1) 1041/     C14 : 6B10                		bmi.s	.invalid
(1) 1042/     C16 : 5347                		subq.w	#1,d7
(1) 1043/     C18 :                     .next_one:
(1) 1044/     C18 : 2018                		move.l	(a0)+,d0
(1) 1045/     C1A : 3218                		move.w	(a0)+,d1
(1) 1046/     C1C : 3418                		move.w	(a0)+,d2
(1) 1047/     C1E : 6100 FEFA           		bsr	Video_LoadArt
(1) 1048/     C22 : 51CF FFF4           		dbf	d7,.next_one
(1) 1049/     C26 :                     .invalid:
(1) 1050/     C26 : 4CDF 0087           		movem.l	(sp)+,d0-d2/d7
(1) 1051/     C2A : 4E75                		rts
(1) 1052/     C2C :                     
(1) 1053/     C2C :                     ; --------------------------------------------------------
(1) 1054/     C2C :                     ; Video_Fill
(1) 1055/     C2C :                     ;
(1) 1056/     C2C :                     ; Fill data to VRAM
(1) 1057/     C2C :                     ;
(1) 1058/     C2C :                     ; Input:
(1) 1059/     C2C :                     ; d0.b | BYTE to fill
(1) 1060/     C2C :                     ; d1.w | VRAM destination: cell_num(dest)
(1) 1061/     C2C :                     ; d2.w | Size:             cell_num(size)
(1) 1062/     C2C :                     ;
(1) 1063/     C2C :                     ; Notes:
(1) 1064/     C2C :                     ; - FILL writes in this order: $56781234, Size $0001 is
(1) 1065/     C2C :                     ;   invalid.
(1) 1066/     C2C :                     ; --------------------------------------------------------
(1) 1067/     C2C :                     
(1) 1068/     C2C :                     ; Video_Fill_Incr:
(1) 1069/     C2C :                     ; 		movem.l	d6-d7/a6,-(sp)
(1) 1070/     C2C :                     ; 		move.w	d3,d6
(1) 1071/     C2C :                     ; 		bra.s	vid_FillGo
(1) 1072/     C2C :                     Video_Fill:
(1) 1073/     C2C : 48E7 0302           		movem.l	d6-d7/a6,-(sp)
(1) 1074/     C30 : 3C3C 0001           		move.w	#1,d6
(1) 1075/     C34 :                     vid_FillGo:
(1) 1076/     C34 : 4DF9 00C0 0004      		lea	(vdp_ctrl).l,a6
(1) 1077/     C3A : 3E16                .dmaw:		move.w	(a6),d7
(1) 1078/     C3C : 0807 0001           		btst	#bitDma,d7
(1) 1079/     C40 : 66F8                		bne.s	.dmaw
(1) 1080/     C42 : 6100 FD30           		bsr	Video_DmaOn
(1) 1081/     C46 : 0246 00FF           		andi.w	#$FF,d6
(1) 1082/     C4A : 8C7C 8F00           		or.w	#$8F00,d6
(1) 1083/     C4E : 3C86                		move.w	d6,(a6)		; Set increment to $01
(1) 1084/     C50 : 3E02                		move.w	d2,d7		; d2 - Size
(1) 1085/     C52 : 0447 0001           		subi.w	#1,d7
(1) 1086/     C56 : 2C3C 9400 9300      		move.l	#$94009300,d6
(1) 1087/     C5C : 1C07                		move.b	d7,d6
(1) 1088/     C5E : 4846                		swap	d6
(1) 1089/     C60 : E04F                		lsr.w	#8,d7
(1) 1090/     C62 : 1C07                		move.b	d7,d6
(1) 1091/     C64 : 4846                		swap	d6
(1) 1092/     C66 : 2C86                		move.l	d6,(a6)
(1) 1093/     C68 : 3CBC 9780           		move.w	#$9780,(a6)	; DMA Fill mode
(1) 1094/     C6C : 3E01                		move.w	d1,d7		; d1 - Destination
(1) 1095/     C6E : 3C01                		move.w	d1,d6
(1) 1096/     C70 : 0246 3FFF           		andi.w	#$3FFF,d6
(1) 1097/     C74 : 0046 4000           		ori.w	#$4000,d6
(1) 1098/     C78 : 4846                		swap	d6
(1) 1099/     C7A : 3C07                		move.w	d7,d6
(1) 1100/     C7C : E04E                		lsr.w	#8,d6
(1) 1101/     C7E : EC4E                		lsr.w	#6,d6
(1) 1102/     C80 : 0246 0003           		andi.w	#%11,d6
(1) 1103/     C84 : 0046 0080           		ori.w	#$80,d6
(1) 1104/     C88 : 2C86                		move.l	d6,(a6)
(1) 1105/     C8A : 3D40 FFFC           		move.w	d0,-4(a6)
(1) 1106/     C8E : 3E16                .dma_w:		move.w	(a6),d7
(1) 1107/     C90 : 0807 0001           		btst	#bitDma,d7
(1) 1108/     C94 : 66F8                		bne.s	.dma_w
(1) 1109/     C96 : 3CBC 8F02           		move.w	#$8F02,(a6)
(1) 1110/     C9A : 6100 FCE4           		bsr	Video_DmaOff
(1) 1111/     C9E : 4CDF 40C0           		movem.l	(sp)+,d6-d7/a6
(1) 1112/     CA2 : 4E75                		rts
(1) 1113/     CA4 :                     
(1) 1114/     CA4 :                     ; --------------------------------------------------------
(1) 1115/     CA4 :                     ; Video_Copy
(1) 1116/     CA4 :                     ;
(1) 1117/     CA4 :                     ; Copy VRAM data to another location inside VRAM
(1) 1118/     CA4 :                     ;
(1) 1119/     CA4 :                     ; Input:
(1) 1120/     CA4 :                     ; d0.w | VRAM Source:      cell_num(src)
(1) 1121/     CA4 :                     ; d1.w | VRAM Destination: cell_num(dest)
(1) 1122/     CA4 :                     ; d2.w | Size
(1) 1123/     CA4 :                     ; --------------------------------------------------------
(1) 1124/     CA4 :                     
(1) 1125/     CA4 :                     Video_Copy:
(1) 1126/     CA4 : 48E7 0302           		movem.l	d6-d7/a6,-(sp)
(1) 1127/     CA8 : 4DF9 00C0 0004      		lea	(vdp_ctrl).l,a6
(1) 1128/     CAE : 3E16                .dmaw:		move.w	(a6),d7
(1) 1129/     CB0 : 0807 0001           		btst	#bitDma,d7
(1) 1130/     CB4 : 66F8                		bne.s	.dmaw
(1) 1131/     CB6 : 6100 FCBC           		bsr	Video_DmaOn
(1) 1132/     CBA : 3CBC 8F01           		move.w	#$8F01,(a6)		; Increment $01
(1) 1133/     CBE : 3E02                		move.w	d2,d7			; SIZE
(1) 1134/     CC0 : 2C3C 9400 9300      		move.l	#$94009300,d6
(1) 1135/     CC6 : 1C07                		move.b	d7,d6
(1) 1136/     CC8 : 4846                		swap	d6
(1) 1137/     CCA : E04F                		lsr.w	#8,d7
(1) 1138/     CCC : 1C07                		move.b	d7,d6
(1) 1139/     CCE : 4846                		swap	d6
(1) 1140/     CD0 : 2C86                		move.l	d6,(a6)
(1) 1141/     CD2 : 2C3C 9600 9500      		move.l	#$96009500,d6		; SOURCE
(1) 1142/     CD8 : 3E00                		move.w	d0,d7
(1) 1143/     CDA : 1C07                		move.b	d7,d6
(1) 1144/     CDC : 4846                		swap	d6
(1) 1145/     CDE : E04F                		lsr.w	#8,d7
(1) 1146/     CE0 : 1C07                		move.b	d7,d6
(1) 1147/     CE2 : 2C86                		move.l	d6,(a6)
(1) 1148/     CE4 : 3CBC 97C0           		move.w	#$97C0,(a6)		; DMA Copy mode
(1) 1149/     CE8 : 2E01                		move.l	d1,d7			; DESTINATION
(1) 1150/     CEA : 3C07                		move.w	d7,d6
(1) 1151/     CEC : 0246 3FFF           		andi.w	#$3FFF,d6
(1) 1152/     CF0 : 0046 4000           		ori.w	#$4000,d6
(1) 1153/     CF4 : 4846                		swap	d6
(1) 1154/     CF6 : 3C07                		move.w	d7,d6
(1) 1155/     CF8 : E04E                		lsr.w	#8,d6
(1) 1156/     CFA : EC4E                		lsr.w	#6,d6
(1) 1157/     CFC : 0246 0003           		andi.w	#%11,d6
(1) 1158/     D00 : 0046 00C0           		ori.w	#$C0,d6
(1) 1159/     D04 : 2C86                		move.l	d6,(a6)
(1) 1160/     D06 : 3D41 FFFC           		move.w	d1,-4(a6)
(1) 1161/     D0A : 3E16                .dma_w:		move.w	(a6),d7
(1) 1162/     D0C : 0807 0001           		btst	#bitDma,d7
(1) 1163/     D10 : 66F8                		bne.s	.dma_w
(1) 1164/     D12 : 3CBC 8F02           		move.w	#$8F02,(a6)		; Increment $02
(1) 1165/     D16 : 6100 FC68           		bsr	Video_DmaOff
(1) 1166/     D1A : 4CDF 40C0           		movem.l	(sp)+,d6-d7/a6
(1) 1167/     D1E : 4E75                		rts
(1) 1168/     D20 :                     
(1) 1169/     D20 :                     ; --------------------------------------------------------
(1) 1170/     D20 :                     ; Video_MakeDmaEntry
(1) 1171/     D20 :                     ;
(1) 1172/     D20 :                     ; Makes a new entry to the DMA BLAST list
(1) 1173/     D20 :                     ; to be processed on the next VBlank
(1) 1174/     D20 :                     ;
(1) 1175/     D20 :                     ; Input:
(1) 1176/     D20 :                     ; d0.l | Graphics data location
(1) 1177/     D20 :                     ; d1.w | VRAM location: cell_num(vram_pos)
(1) 1178/     D20 :                     ; d2.w | Size
(1) 1179/     D20 :                     ;
(1) 1180/     D20 :                     ; Notes:
(1) 1181/     D20 :                     ; - Call this during DISPLAY only
(1) 1182/     D20 :                     ; - For loading graphics quickly use Video_LoadArt
(1) 1183/     D20 :                     ;
(1) 1184/     D20 :                     ; * SCD/CD32X ONLY:
(1) 1185/     D20 :                     ; - The 4-pixel patch is ALWAYS applied even
(1) 1186/     D20 :                     ;   if not reading from WORD-RAM
(1) 1187/     D20 :                     ; --------------------------------------------------------
(1) 1188/     D20 :                     
(1) 1189/     D20 :                     Video_MakeDmaEntry:
(1) 1190/     D20 : 48E7 0702           		movem.l	d5-d7/a6,-(sp)
(1) 1191/     D24 : 2E00                		move.l	d0,d7
(1) 1192/     D26 : 0287 00FF 0000      		andi.l	#$FF0000,d7
(1) 1193/     D2C : BEBC 00FF 0000      		cmp.l	#$FF0000,d7
(1) 1194/     D32 : 6736                		beq.s	.normal
(1) 1195/     D34 : 2A00                		move.l	d0,d5
(1) 1196/     D36 : DA42                		add.w	d2,d5
(1) 1197/     D38 : 6430                		bcc.s	.normal
(1) 1198/     D3A : 2A00                		move.l	d0,d5		; d5 - TOP point
(1) 1199/     D3C : 3C01                		move.w	d1,d6		; d6 - VRAM position
(1) 1200/     D3E : 2E05                		move.l	d5,d7
(1) 1201/     D40 : 0287 00FF 0000      		andi.l	#$FF0000,d7
(1) 1202/     D46 : 0687 0001 0000      		addi.l	#$010000,d7
(1) 1203/     D4C : 9E80                		sub.l	d0,d7		; d7 - TOP Size
(1) 1204/     D4E : 6128                		bsr.s	.mk_set
(1) 1205/     D50 : 2A00                		move.l	d0,d5		; d5 - BOTTOM point
(1) 1206/     D52 : 0685 0001 0000      		addi.l	#$010000,d5
(1) 1207/     D58 : 0285 00FF 0000      		andi.l	#$FF0000,d5
(1) 1208/     D5E : 2C05                		move.l	d5,d6
(1) 1209/     D60 : 9C80                		sub.l	d0,d6
(1) 1210/     D62 : 3E02                		move.w	d2,d7
(1) 1211/     D64 : 9E46                		sub.w	d6,d7
(1) 1212/     D66 : DC41                		add.w	d1,d6
(1) 1213/     D68 : 6006                		bra.s	.last_set
(1) 1214/     D6A :                     .normal:
(1) 1215/     D6A : 2A00                		move.l	d0,d5
(1) 1216/     D6C : 3C01                		move.w	d1,d6
(1) 1217/     D6E : 3E02                		move.w	d2,d7
(1) 1218/     D70 :                     .last_set:
(1) 1219/     D70 : 6106                		bsr.s	.mk_set
(1) 1220/     D72 : 4CDF 40E0           		movem.l	(sp)+,d5-d7/a6
(1) 1221/     D76 : 4E75                		rts
(1) 1222/     D78 :                     
(1) 1223/     D78 :                     ; d7 - size
(1) 1224/     D78 :                     ; d6 - vram
(1) 1225/     D78 :                     ; d5 - data
(1) 1226/     D78 :                     .mk_set:
(1) 1227/     D78 : 0285 00FF FFFF        		andi.l	#$FFFFFF,d5
(1) 1228/     D7E : 4847                		swap	d7
(1) 1229/     D80 : 3E38 EF50           		move.w	(RAM_VdpDmaIndx).w,d7
(1) 1230/     D84 : 0C47 0018           		cmpi.w	#MAX_MDDMATSK,d7
(1) 1231/     D88 : 6C5A                		bge	.ran_out
(1) 1232/     D8A : E94F                		lsl.w	#4,d7			; Size $10
(1) 1233/     D8C : 4DF8 EF5C           		lea	(RAM_VdpDmaList).w,a6
(1) 1234/     D90 : DCC7                		adda	d7,a6
(1) 1235/     D92 : 4847                		swap	d7
(1) 1236/     D94 : 0287 0000 FFFE      		andi.l	#$0000FFFE,d7		; d7 - Size
(1) 1237/     D9A : 6748                		beq.s	.ran_out		; If == 0, bad
(1) 1238/     D9C : 4A47                		tst.w	d7
(1) 1239/     D9E : 6B44                		bmi.s	.ran_out		; If negative, bad
(1) 1240/     DA0 : 31FC 0001 EF52      		move.w	#1,(RAM_VdpDmaMod).w
(1) 1241/     DA6 : 5278 EF50           		addq.w	#1,(RAM_VdpDmaIndx).w
(1) 1242/     DAA : E24F                		lsr.w	#1,d7
(1) 1243/     DAC : 0F8E 0001           		movep.w	d7,1(a6)
(1) 1253/     DB0 : E28D                  		lsr.l	#1,d5			; d5 - Source
(1) 1254/     DB2 : 2E05                  		move.l	d5,d7
(1) 1255/     DB4 : 4847                  		swap	d7
(1) 1256/     DB6 : 0B8E 0005            		movep.w	d5,5(a6)
(1) 1257/     DBA : 1D47 0009            		move.b	d7,9(a6)
(1) 1258/     DBE : 3E06                		move.w	d6,d7			; Destination
(1) 1259/     DC0 : 0286 0000 3FFF      		andi.l	#$3FFF,d6
(1) 1260/     DC6 : 0046 4000           		ori.w	#$4000,d6
(1) 1261/     DCA : E04F                		lsr.w	#8,d7
(1) 1262/     DCC : EC4F                		lsr.w	#6,d7
(1) 1263/     DCE : 0247 0003           		andi.w	#%11,d7
(1) 1264/     DD2 : 0047 0080           		ori.w	#$80,d7
(1) 1265/     DD6 : 3D46 000A           		move.w	d6,$A(a6)
(1) 1266/     DDA : 3D47 000C           		move.w	d7,$C(a6)
(1) 1274/     DDE : 31FC 0000 EF52      		move.w	#0,(RAM_VdpDmaMod).w
(1) 1275/     DE4 :                     .ran_out:
(1) 1276/     DE4 : 4E75                		rts
(1) 1277/     DE6 :                     
(1) 1278/     DE6 :                     ; ====================================================================
(1) 1279/     DE6 :                     ; --------------------------------------------------------
(1) 1280/     DE6 :                     ; Video_LoadMap, Video_LoadMapV
(1) 1281/     DE6 :                     ;
(1) 1282/     DE6 :                     ; Write map data to VDP
(1) 1283/     DE6 :                     ;
(1) 1284/     DE6 :                     ; _LoadMap:  Left to Right / Top to Bottom
(1) 1285/     DE6 :                     ; _LoadMapV: Top to Bottom / Left to Right, double-res safe
(1) 1286/     DE6 :                     ;
(1) 1287/     DE6 :                     ; Input:
(1) 1288/     DE6 :                     ; a0   | Map data
(1) 1289/     DE6 :                     ; d0.l | X/Y Position: splitw(x_pos,y_pos)
(1) 1290/     DE6 :                     ; d1.l | Width/Height: splitw(width/8,height/8)
(1) 1291/     DE6 :                     ; d2.l | Screen Width/VRAM location:
(1) 1292/     DE6 :                     ;        splitw(sw_size,vram_map_loc)
(1) 1293/     DE6 :                     ; d3.w | VRAM-cell increment
(1) 1294/     DE6 :                     ;
(1) 1295/     DE6 :                     ; Notes:
(1) 1296/     DE6 :                     ; - Data starts from 0, tile $FFFF(-1) is
(1) 1297/     DE6 :                     ;   used to place the BLANK tile (see SET_NullVram)
(1) 1298/     DE6 :                     ; - SCD/CD32X NOTE:
(1) 1299/     DE6 :                     ;   For making the dot-screen map for
(1) 1300/     DE6 :                     ;   the Stamps use Video_MdMcd_StampDotMap
(1) 1301/     DE6 :                     ; --------------------------------------------------------
(1) 1302/     DE6 :                     
(1) 1303/     DE6 :                     Video_LoadMap:
(1) 1304/     DE6 : 48E7 0F0E           		movem.l	d4-d7/a4-a6,-(sp)
(1) 1305/     DEA : 4DF9 00C0 0000      		lea	(vdp_data).l,a6
(1) 1306/     DF0 :                     
(1) 1307/     DF0 : 2C02                		move.l	d2,d6
(1) 1308/     DF2 : 4846                		swap	d6
(1) 1309/     DF4 : 3A00                		move.w	d0,d5
(1) 1310/     DF6 : CAC6                		mulu.w	d6,d5
(1) 1311/     DF8 : 2800                		move.l	d0,d4
(1) 1312/     DFA : 4844                		swap	d4
(1) 1313/     DFC : D844                		add.w	d4,d4
(1) 1314/     DFE : DA44                		add.w	d4,d5
(1) 1315/     E00 : 3E02                		move.w	d2,d7
(1) 1316/     E02 : DE45                		add.w	d5,d7
(1) 1317/     E04 : 7A00                		moveq	#0,d5
(1) 1318/     E06 : 3A07                		move.w	d7,d5
(1) 1319/     E08 : 0247 3FFF           		andi.w	#$3FFF,d7
(1) 1320/     E0C : 8E7C 4000           		or.w	#$4000,d7
(1) 1321/     E10 : E55D                		rol.w	#2,d5
(1) 1322/     E12 : 0245 0003           		andi.w	#%11,d5
(1) 1323/     E16 : 4845                		swap	d5
(1) 1324/     E18 : 2A48                		move.l	a0,a5
(1) 1325/     E1A : 3801                		move.w	d1,d4
(1) 1326/     E1C : 5344                		subq.w	#1,d4
(1) 1327/     E1E : 6B36                		bmi.s	.bad_size
(1) 1328/     E20 :                     .y_loop:
(1) 1329/     E20 : 2844                		move.l	d4,a4
(1) 1330/     E22 : 4845                		swap	d5
(1) 1331/     E24 : 3D47 0004           		move.w	d7,4(a6)
(1) 1332/     E28 : 3D45 0004           		move.w	d5,4(a6)
(1) 1333/     E2C : 4845                		swap	d5
(1) 1334/     E2E : 2801                		move.l	d1,d4
(1) 1335/     E30 : 4844                		swap	d4
(1) 1336/     E32 : 5344                		subq.w	#1,d4
(1) 1337/     E34 :                     .x_loop:
(1) 1338/     E34 : 4844                		swap	d4
(1) 1339/     E36 : 381D                		move.w	(a5)+,d4
(1) 1340/     E38 : B87C FFFF           		cmp.w	#-1,d4
(1) 1341/     E3C : 6606                		bne.s	.non_blank
(1) 1342/     E3E : 383C 07FE           		move.w	#SET_NullVram,d4
(1) 1343/     E42 : 6002                		bra.s	.mk_cell
(1) 1344/     E44 :                     .non_blank:
(1) 1345/     E44 : D843                		add.w	d3,d4
(1) 1346/     E46 :                     .mk_cell:
(1) 1347/     E46 : 3C84                		move.w	d4,(a6)
(1) 1348/     E48 : 4844                		swap	d4
(1) 1349/     E4A : 51CC FFE8           		dbf	d4,.x_loop
(1) 1350/     E4E : DE46                		add.w	d6,d7
(1) 1351/     E50 : 280C                		move.l	a4,d4
(1) 1352/     E52 : 51CC FFCC           		dbf	d4,.y_loop
(1) 1353/     E56 :                     .bad_size:
(1) 1354/     E56 : 4CDF 70F0           		movem.l	(sp)+,d4-d7/a4-a6
(1) 1355/     E5A : 4E75                		rts
(1) 1356/     E5C :                     
(1) 1357/     E5C :                     ; ------------------------------------------------
(1) 1358/     E5C :                     ; d1.l | Width/Height: splitw(width/8,height/8)
(1) 1359/     E5C :                     ; d2.l | Screen Width/VRAM location:
(1) 1360/     E5C :                     ; d3.w | VRAM-cell increment
(1) 1361/     E5C :                     
(1) 1362/     E5C :                     Video_LoadMapV:
(1) 1363/     E5C : 48E7 0F0E           		movem.l	d4-d7/a4-a6,-(sp)
(1) 1364/     E60 : 4DF9 00C0 0000      		lea	(vdp_data).l,a6
(1) 1365/     E66 : 2C02                		move.l	d2,d6
(1) 1366/     E68 : 4846                		swap	d6
(1) 1367/     E6A : 3A00                		move.w	d0,d5
(1) 1368/     E6C : CAC6                		mulu.w	d6,d5
(1) 1369/     E6E : 2800                		move.l	d0,d4
(1) 1370/     E70 : 4844                		swap	d4
(1) 1371/     E72 : D844                		add.w	d4,d4
(1) 1372/     E74 : DA44                		add.w	d4,d5
(1) 1373/     E76 : 3E02                		move.w	d2,d7
(1) 1374/     E78 : DE45                		add.w	d5,d7
(1) 1375/     E7A : 7A00                		moveq	#0,d5
(1) 1376/     E7C : 3A07                		move.w	d7,d5
(1) 1377/     E7E : 0247 3FFF           		andi.w	#$3FFF,d7
(1) 1378/     E82 : 8E7C 4000           		or.w	#$4000,d7
(1) 1379/     E86 : E55D                		rol.w	#2,d5
(1) 1380/     E88 : 0245 0003           		andi.w	#%11,d5
(1) 1381/     E8C : 4845                		swap	d5
(1) 1382/     E8E : 2A48                		move.l	a0,a5
(1) 1383/     E90 : 0838 0002 F0F7      		btst	#2,(RAM_VdpRegSetC+1).w
(1) 1384/     E96 : 664C                		bne.s	.dble_mode
(1) 1385/     E98 : 2801                		move.l	d1,d4
(1) 1386/     E9A : 4844                		swap	d4
(1) 1387/     E9C : 5344                		subq.w	#1,d4
(1) 1388/     E9E : 6B3E                		bmi.s	.bad_size
(1) 1389/     EA0 :                     .x_loop:
(1) 1390/     EA0 : 2844                		move.l	d4,a4
(1) 1391/     EA2 : 3801                		move.w	d1,d4
(1) 1392/     EA4 : 5344                		subq.w	#1,d4
(1) 1393/     EA6 :                     .y_loop:
(1) 1394/     EA6 : 4844                		swap	d4
(1) 1395/     EA8 : 3807                		move.w	d7,d4
(1) 1396/     EAA : D845                		add.w	d5,d4
(1) 1397/     EAC : 4845                		swap	d5
(1) 1398/     EAE : 3D44 0004           		move.w	d4,4(a6)
(1) 1399/     EB2 : 3D45 0004           		move.w	d5,4(a6)
(1) 1400/     EB6 : 4845                		swap	d5
(1) 1401/     EB8 : 381D                		move.w	(a5)+,d4
(1) 1402/     EBA : B87C FFFF           		cmp.w	#-1,d4
(1) 1403/     EBE : 6606                		bne.s	.non_blank
(1) 1404/     EC0 : 383C 07FE           		move.w	#SET_NullVram,d4
(1) 1405/     EC4 : 6002                		bra.s	.mk_cell
(1) 1406/     EC6 :                     .non_blank:
(1) 1407/     EC6 : D843                		add.w	d3,d4
(1) 1408/     EC8 :                     .mk_cell:
(1) 1409/     EC8 : 3C84                		move.w	d4,(a6)
(1) 1410/     ECA : DA46                		add.w	d6,d5
(1) 1411/     ECC : 4844                		swap	d4
(1) 1412/     ECE : 51CC FFD6           		dbf	d4,.y_loop
(1) 1413/     ED2 : DE7C 0002           		add.w	#2,d7
(1) 1414/     ED6 : 4245                		clr.w	d5
(1) 1415/     ED8 : 280C                		move.l	a4,d4
(1) 1416/     EDA : 51CC FFC4           		dbf	d4,.x_loop
(1) 1417/     EDE :                     .bad_size:
(1) 1418/     EDE : 4CDF 70F0           		movem.l	(sp)+,d4-d7/a4-a6
(1) 1419/     EE2 : 4E75                		rts
(1) 1420/     EE4 :                     
(1) 1421/     EE4 :                     ; ------------------------------------------------
(1) 1422/     EE4 :                     
(1) 1423/     EE4 :                     .dble_mode:
(1) 1424/     EE4 : 2F01                		move.l	d1,-(sp)
(1) 1425/     EE6 : E249                		lsr.w	#1,d1			; <-- lazy patch
(1) 1426/     EE8 : 3803                		move.w	d3,d4
(1) 1427/     EEA : 0244 F800           		andi.w	#$F800,d4
(1) 1428/     EEE : 0243 07FF           		andi.w	#$7FF,d3
(1) 1429/     EF2 : E24B                		lsr.w	#1,d3
(1) 1430/     EF4 : 8644                		or.w	d4,d3
(1) 1431/     EF6 : 2801                		move.l	d1,d4
(1) 1432/     EF8 : 4844                		swap	d4
(1) 1433/     EFA : 5344                		subq.w	#1,d4
(1) 1434/     EFC : 6B48                		bmi.s	.bad_size_d
(1) 1435/     EFE :                     .x_loop_d:
(1) 1436/     EFE : 2844                		move.l	d4,a4
(1) 1437/     F00 : 3801                		move.w	d1,d4
(1) 1438/     F02 : 5344                		subq.w	#1,d4
(1) 1439/     F04 :                     .y_loop_d:
(1) 1440/     F04 : 4844                		swap	d4
(1) 1441/     F06 : 3807                		move.w	d7,d4
(1) 1442/     F08 : D845                		add.w	d5,d4
(1) 1443/     F0A : 4845                		swap	d5
(1) 1444/     F0C : 3D44 0004           		move.w	d4,4(a6)
(1) 1445/     F10 : 3D45 0004           		move.w	d5,4(a6)
(1) 1446/     F14 : 4845                		swap	d5
(1) 1447/     F16 : 381D                		move.w	(a5)+,d4
(1) 1448/     F18 : DAFC 0002           		adda	#2,a5
(1) 1449/     F1C : B87C FFFF           		cmp.w	#-1,d4
(1) 1450/     F20 : 6606                		bne.s	.non_blank_d
(1) 1451/     F22 : 383C 03FF           		move.w	#SET_NullVram/2,d4
(1) 1452/     F26 : 6008                		bra.s	.mk_cell_d
(1) 1453/     F28 :                     .non_blank_d:
(1) 1454/     F28 : 0244 07FF           		andi.w	#$7FF,d4
(1) 1455/     F2C : E24C                		lsr.w	#1,d4
(1) 1456/     F2E : D843                		add.w	d3,d4
(1) 1457/     F30 :                     .mk_cell_d:
(1) 1458/     F30 : 3C84                		move.w	d4,(a6)
(1) 1459/     F32 : DA46                		add.w	d6,d5
(1) 1460/     F34 : 4844                		swap	d4
(1) 1461/     F36 : 51CC FFCC           		dbf	d4,.y_loop_d
(1) 1462/     F3A : DE7C 0002           		add.w	#2,d7
(1) 1463/     F3E : 4245                		clr.w	d5
(1) 1464/     F40 : 280C                		move.l	a4,d4
(1) 1465/     F42 : 51CC FFBA           		dbf	d4,.x_loop_d
(1) 1466/     F46 :                     .bad_size_d:
(1) 1467/     F46 : 221F                		move.l	(sp)+,d1
(1) 1468/     F48 : 6094                		bra	.bad_size
(1) 1469/     F4A :                     
(1) 1470/     F4A :                     ; ====================================================================
(1) 1471/     F4A :                     ; ----------------------------------------------------------------
(1) 1472/     F4A :                     ; Palette fading section
(1) 1473/     F4A :                     ; ----------------------------------------------------------------
(1) 1474/     F4A :                     
(1) 1475/     F4A :                     ; --------------------------------------------------------
(1) 1476/     F4A :                     ; Video_RunFade
(1) 1477/     F4A :                     ;
(1) 1478/     F4A :                     ; Process Palette changes (fade and effects)
(1) 1479/     F4A :                     ; --------------------------------------------------------
(1) 1480/     F4A :                     
(1) 1481/     F4A :                     Video_RunFade:
(1) 1482/     F4A : 4DF8 EA90           		lea	(RAM_PalFadeList).w,a6
(1) 1483/     F4E :                     .next_req:
(1) 1484/     F4E : 1016                		move.b	palfd_req(a6),d0
(1) 1485/     F50 : 6744                		beq.s	.no_req
(1) 1486/     F52 : 532E 0005           		subq.b	#1,palfd_timer(a6)
(1) 1487/     F56 : 6A38                		bpl.s	.busy_timer
(1) 1488/     F58 : 1D6E 0001 0005      		move.b	palfd_delay(a6),palfd_timer(a6)
(1) 1489/     F5E : 4BF8 EA10           		lea	(RAM_Palette).w,a5
(1) 1490/     F62 : 49F8 EED0           		lea	(RAM_PaletteFade).w,a4
(1) 1491/     F66 : 7E00                		moveq	#0,d7
(1) 1492/     F68 : 1E2E 0002           		move.b	palfd_start(a6),d7
(1) 1493/     F6C : DE47                		add.w	d7,d7
(1) 1494/     F6E : DAC7                		adda	d7,a5
(1) 1495/     F70 : D8C7                		adda	d7,a4
(1) 1496/     F72 : 7C00                		moveq	#0,d6
(1) 1497/     F74 : 3E2E 0006           		move.w	palfd_num(a6),d7
(1) 1498/     F78 : 6716                		beq.s	.busy_timer
(1) 1499/     F7A : 1C2E 0003           		move.b	palfd_incr(a6),d6
(1) 1500/     F7E : DC46                		add.w	d6,d6		; * 2
(1) 1501/     F80 : 5347                		subq.w	#1,d7
(1) 1502/     F82 : 0240 00FF           		andi.w	#$FF,d0
(1) 1503/     F86 : D040                		add.w	d0,d0
(1) 1504/     F88 : 303B 0012           		move.w	.fade_list(pc,d0.w),d0
(1) 1505/     F8C : 4EBB 000E           		jsr	.fade_list(pc,d0.w)
(1) 1506/     F90 :                     .busy_timer:
(1) 1507/     F90 : DCFC 0008           		adda	#palfd_len,a6
(1) 1508/     F94 : 60B8                		bra.s	.next_req
(1) 1509/     F96 :                     .no_req:
(1) 1510/     F96 : 4278 F0E0           		clr.w	(RAM_IndxPalFade).w
(1) 1511/     F9A : 4E75                		rts
(1) 1512/     F9C :                     
(1) 1513/     F9C :                     ; ------------------------------------------------
(1) 1514/     F9C :                     
(1) 1515/     F9C :                     .fade_list:
(1) 1516/     F9C : 0010                		dc.w .nothing-.fade_list	; $00
(1) 1517/     F9E : 0018                		dc.w .fade_out-.fade_list
(1) 1518/     FA0 : 0088                		dc.w .fade_in-.fade_list
(1) 1519/     FA2 : 0010                		dc.w .nothing-.fade_list
(1) 1520/     FA4 : 0010                		dc.w .nothing-.fade_list	; $04
(1) 1521/     FA6 : 0010                		dc.w .nothing-.fade_list
(1) 1522/     FA8 : 0010                		dc.w .nothing-.fade_list
(1) 1523/     FAA : 0010                		dc.w .nothing-.fade_list
(1) 1524/     FAC :                     
(1) 1525/     FAC :                     ; ----------------------------------------------------
(1) 1526/     FAC :                     ; Fade request $00: Null/exit.
(1) 1527/     FAC :                     ; ----------------------------------------------------
(1) 1528/     FAC :                     
(1) 1529/     FAC :                     .nothing:
(1) 1530/     FAC :                     .pfade_del:
(1) 1531/     FAC : 4216                		clr.b	palfd_req(a6)
(1) 1532/     FAE : 422E 0005           		clr.b	palfd_timer(a6)
(1) 1533/     FB2 : 4E75                		rts
(1) 1534/     FB4 :                     
(1) 1535/     FB4 :                     ; ----------------------------------------------------
(1) 1536/     FB4 :                     ; Fade request $01: fade-out to black
(1) 1537/     FB4 :                     ; Quick.
(1) 1538/     FB4 :                     ;
(1) 1539/     FB4 :                     ; d7 - Num colors
(1) 1540/     FB4 :                     ; d6 - Increment*2
(1) 1541/     FB4 :                     ; ----------------------------------------------------
(1) 1542/     FB4 :                     
(1) 1543/     FB4 :                     .fade_out:
(1) 1544/     FB4 : 0246 000E           		andi.w	#%0000000000001110,d6	; d6 - Max increment
(1) 1545/     FB8 : 3A3C 000E           		move.w	#%0000000000001110,d5	; d5 - Target filter
(1) 1546/     FBC : 383C EEE0           		move.w	#%1110111011100000,d4	; d4 - Others filter + extra
(1) 1547/     FC0 : 7600                		moveq	#0,d3			; d3 - Exit counter
(1) 1548/     FC2 :                     .next_color:
(1) 1549/     FC2 : 3015                		move.w	(a5),d0
(1) 1550/     FC4 : 6750                		beq.s	.all_black		; Skip if all black
(1) 1551/     FC6 :                     	rept 3
(1) 1552/     FC6 :                     		move.w	d0,d1
(1) 1553/     FC6 :                     		and.w	d5,d1			; Filter TARGET
(1) 1554/     FC6 :                     		beq.s	.no_chng
(1) 1555/     FC6 :                     		and.w	d4,d0			; Filter OTHERS
(1) 1556/     FC6 :                     		sub.w	d6,d1
(1) 1557/     FC6 :                     		bpl.s	.blck_alrdy
(1) 1558/     FC6 :                     		clr.w	d1
(1) 1559/     FC6 :                     .blck_alrdy:
(1) 1560/     FC6 :                     		addq.w	#1,d3			; Color changed
(1) 1561/     FC6 :                     .no_chng:
(1) 1562/     FC6 :                     		or.w	d1,d0
(1) 1563/     FC6 :                     		rol.w	#4,d6			; next << color
(1) 1564/     FC6 :                     		rol.w	#4,d5
(1) 1565/     FC6 :                     		rol.w	#4,d4
(1) 1566/     FC6 :                     	endm
(1) 1552/     FC6 : 3200                		move.w	d0,d1
(1) 1553/     FC8 : C245                		and.w	d5,d1			; Filter TARGET
(1) 1554/     FCA : 670A                		beq.s	.no_chng
(1) 1555/     FCC : C044                		and.w	d4,d0			; Filter OTHERS
(1) 1556/     FCE : 9246                		sub.w	d6,d1
(1) 1557/     FD0 : 6A02                		bpl.s	.blck_alrdy
(1) 1558/     FD2 : 4241                		clr.w	d1
(1) 1559/     FD4 :                     .blck_alrdy:
(1) 1560/     FD4 : 5243                		addq.w	#1,d3			; Color changed
(1) 1561/     FD6 :                     .no_chng:
(1) 1562/     FD6 : 8041                		or.w	d1,d0
(1) 1563/     FD8 : E95E                		rol.w	#4,d6			; next << color
(1) 1564/     FDA : E95D                		rol.w	#4,d5
(1) 1565/     FDC : E95C                		rol.w	#4,d4
(1) 1552/     FDE : 3200                		move.w	d0,d1
(1) 1553/     FE0 : C245                		and.w	d5,d1			; Filter TARGET
(1) 1554/     FE2 : 670A                		beq.s	.no_chng
(1) 1555/     FE4 : C044                		and.w	d4,d0			; Filter OTHERS
(1) 1556/     FE6 : 9246                		sub.w	d6,d1
(1) 1557/     FE8 : 6A02                		bpl.s	.blck_alrdy
(1) 1558/     FEA : 4241                		clr.w	d1
(1) 1559/     FEC :                     .blck_alrdy:
(1) 1560/     FEC : 5243                		addq.w	#1,d3			; Color changed
(1) 1561/     FEE :                     .no_chng:
(1) 1562/     FEE : 8041                		or.w	d1,d0
(1) 1563/     FF0 : E95E                		rol.w	#4,d6			; next << color
(1) 1564/     FF2 : E95D                		rol.w	#4,d5
(1) 1565/     FF4 : E95C                		rol.w	#4,d4
(1) 1552/     FF6 : 3200                		move.w	d0,d1
(1) 1553/     FF8 : C245                		and.w	d5,d1			; Filter TARGET
(1) 1554/     FFA : 670A                		beq.s	.no_chng
(1) 1555/     FFC : C044                		and.w	d4,d0			; Filter OTHERS
(1) 1556/     FFE : 9246                		sub.w	d6,d1
(1) 1557/    1000 : 6A02                		bpl.s	.blck_alrdy
(1) 1558/    1002 : 4241                		clr.w	d1
(1) 1559/    1004 :                     .blck_alrdy:
(1) 1560/    1004 : 5243                		addq.w	#1,d3			; Color changed
(1) 1561/    1006 :                     .no_chng:
(1) 1562/    1006 : 8041                		or.w	d1,d0
(1) 1563/    1008 : E95E                		rol.w	#4,d6			; next << color
(1) 1564/    100A : E95D                		rol.w	#4,d5
(1) 1565/    100C : E95C                		rol.w	#4,d4
(1) 1567/    100E :                     	; we got $Exxx, rotate back to $xxxE:
(1) 1568/    100E : E95E                		rol.w	#4,d6
(1) 1569/    1010 : E95D                		rol.w	#4,d5
(1) 1570/    1012 : E95C                		rol.w	#4,d4
(1) 1571/    1014 : 3A80                		move.w	d0,(a5)
(1) 1572/    1016 :                     .all_black:
(1) 1573/    1016 : DAFC 0002           		adda	#2,a5
(1) 1574/    101A : 51CF FFA6           		dbf	d7,.next_color
(1) 1575/    101E : 4A43                		tst.w	d3
(1) 1576/    1020 : 678A                		beq	.pfade_del
(1) 1577/    1022 :                     .fdout_nend:
(1) 1578/    1022 : 4E75                		rts
(1) 1579/    1024 :                     
(1) 1580/    1024 :                     ; ----------------------------------------------------
(1) 1581/    1024 :                     ; Fade request $02
(1) 1582/    1024 :                     ; Fade-in
(1) 1583/    1024 :                     ; ----------------------------------------------------
(1) 1584/    1024 :                     
(1) 1585/    1024 :                     .fade_in:
(1) 1586/    1024 : 0246 000E           		andi.w	#%0000000000001110,d6	; d6 - Max increment
(1) 1587/    1028 : 3A3C 000E           		move.w	#%0000000000001110,d5	; d5 - Target filter
(1) 1588/    102C : 383C 0EEE           		move.w	#$0EEE,d4		; d4 - Filter bits
(1) 1589/    1030 :                     .next_in:
(1) 1590/    1030 : 4847                		swap	d7
(1) 1591/    1032 : 3015                		move.w	(a5),d0			; d0 - Current
(1) 1592/    1034 : 3414                		move.w	(a4),d2			; d2 - Target
(1) 1593/    1036 : C044                		and.w	d4,d0
(1) 1594/    1038 : C444                		and.w	d4,d2
(1) 1595/    103A : B042                		cmp.w	d2,d0
(1) 1596/    103C : 6766                		beq.s	.same_in
(1) 1597/    103E :                     	rept 3
(1) 1598/    103E :                     		move.w	d0,d1
(1) 1599/    103E :                     		move.w	d4,d3
(1) 1600/    103E :                     		eor.w	d5,d3
(1) 1601/    103E :                     		and.w	d3,d0
(1) 1602/    103E :                     		move.w	d2,d3
(1) 1603/    103E :                     		and.w	d5,d1		; filter CURRENT color
(1) 1604/    103E :                     		and.w	d5,d3		; filter TARGET color
(1) 1605/    103E :                     
(1) 1606/    103E :                     		add.w	d6,d1		; ADD to current
(1) 1607/    103E :                     		cmp.w	d3,d1
(1) 1608/    103E :                     		bcs.s	.max_out
(1) 1609/    103E :                     		move.w	d2,d1
(1) 1610/    103E :                     		and.w	d5,d1
(1) 1611/    103E :                     .max_out:
(1) 1612/    103E :                     		addq.w	#1,d7
(1) 1613/    103E :                     		or.w	d1,d0
(1) 1614/    103E :                     		rol.w	#4,d6		; next << color
(1) 1615/    103E :                     		rol.w	#4,d5
(1) 1616/    103E :                     	endm
(1) 1598/    103E : 3200                		move.w	d0,d1
(1) 1599/    1040 : 3604                		move.w	d4,d3
(1) 1600/    1042 : BB43                		eor.w	d5,d3
(1) 1601/    1044 : C043                		and.w	d3,d0
(1) 1602/    1046 : 3602                		move.w	d2,d3
(1) 1603/    1048 : C245                		and.w	d5,d1		; filter CURRENT color
(1) 1604/    104A : C645                		and.w	d5,d3		; filter TARGET color
(1) 1605/    104C :                     
(1) 1606/    104C : D246                		add.w	d6,d1		; ADD to current
(1) 1607/    104E : B243                		cmp.w	d3,d1
(1) 1608/    1050 : 6504                		bcs.s	.max_out
(1) 1609/    1052 : 3202                		move.w	d2,d1
(1) 1610/    1054 : C245                		and.w	d5,d1
(1) 1611/    1056 :                     .max_out:
(1) 1612/    1056 : 5247                		addq.w	#1,d7
(1) 1613/    1058 : 8041                		or.w	d1,d0
(1) 1614/    105A : E95E                		rol.w	#4,d6		; next << color
(1) 1615/    105C : E95D                		rol.w	#4,d5
(1) 1598/    105E : 3200                		move.w	d0,d1
(1) 1599/    1060 : 3604                		move.w	d4,d3
(1) 1600/    1062 : BB43                		eor.w	d5,d3
(1) 1601/    1064 : C043                		and.w	d3,d0
(1) 1602/    1066 : 3602                		move.w	d2,d3
(1) 1603/    1068 : C245                		and.w	d5,d1		; filter CURRENT color
(1) 1604/    106A : C645                		and.w	d5,d3		; filter TARGET color
(1) 1605/    106C :                     
(1) 1606/    106C : D246                		add.w	d6,d1		; ADD to current
(1) 1607/    106E : B243                		cmp.w	d3,d1
(1) 1608/    1070 : 6504                		bcs.s	.max_out
(1) 1609/    1072 : 3202                		move.w	d2,d1
(1) 1610/    1074 : C245                		and.w	d5,d1
(1) 1611/    1076 :                     .max_out:
(1) 1612/    1076 : 5247                		addq.w	#1,d7
(1) 1613/    1078 : 8041                		or.w	d1,d0
(1) 1614/    107A : E95E                		rol.w	#4,d6		; next << color
(1) 1615/    107C : E95D                		rol.w	#4,d5
(1) 1598/    107E : 3200                		move.w	d0,d1
(1) 1599/    1080 : 3604                		move.w	d4,d3
(1) 1600/    1082 : BB43                		eor.w	d5,d3
(1) 1601/    1084 : C043                		and.w	d3,d0
(1) 1602/    1086 : 3602                		move.w	d2,d3
(1) 1603/    1088 : C245                		and.w	d5,d1		; filter CURRENT color
(1) 1604/    108A : C645                		and.w	d5,d3		; filter TARGET color
(1) 1605/    108C :                     
(1) 1606/    108C : D246                		add.w	d6,d1		; ADD to current
(1) 1607/    108E : B243                		cmp.w	d3,d1
(1) 1608/    1090 : 6504                		bcs.s	.max_out
(1) 1609/    1092 : 3202                		move.w	d2,d1
(1) 1610/    1094 : C245                		and.w	d5,d1
(1) 1611/    1096 :                     .max_out:
(1) 1612/    1096 : 5247                		addq.w	#1,d7
(1) 1613/    1098 : 8041                		or.w	d1,d0
(1) 1614/    109A : E95E                		rol.w	#4,d6		; next << color
(1) 1615/    109C : E95D                		rol.w	#4,d5
(1) 1617/    109E : E95E                		rol.w	#4,d6
(1) 1618/    10A0 : E95D                		rol.w	#4,d5
(1) 1619/    10A2 : 3A80                		move.w	d0,(a5)
(1) 1620/    10A4 :                     .same_in:
(1) 1621/    10A4 : DAFC 0002           		adda	#2,a5		; Next index
(1) 1622/    10A8 : D8FC 0002           		adda	#2,a4
(1) 1623/    10AC : 4847                		swap	d7
(1) 1624/    10AE : 51CF FF80           		dbf	d7,.next_in
(1) 1625/    10B2 : 4847                		swap	d7
(1) 1626/    10B4 : 4A47                		tst.w	d7
(1) 1627/    10B6 : 6700 FEF4           		beq	.pfade_del
(1) 1628/    10BA :                     .fdin_nend:
(1) 1629/    10BA : 4E75                		rts
(1) 1630/    10BC :                     
(1) 1631/    10BC :                     ; --------------------------------------------------------
(1) 1632/    10BC :                     ; Video_WaitFade
(1) 1633/    10BC :                     ;
(1) 1634/    10BC :                     ; CPU-saving version of System_Render when
(1) 1635/    10BC :                     ; waiting for a fade-in/fade-out
(1) 1636/    10BC :                     ;
(1) 1637/    10BC :                     ; THIS IS REQUIRED FOR 32X as
(1) 1638/    10BC :                     ; fading all 32X's 256 colors is too heavy for the 68000.
(1) 1639/    10BC :                     ; --------------------------------------------------------
(1) 1640/    10BC :                     
(1) 1641/    10BC :                     Video_WaitFade:
(1) 1642/    10BC :                     .loop:
(1) 1643/    10BC : 6100 068C           		bsr	System_Render
(1) 1644/    10C0 : 4DF8 EA90           		lea	(RAM_PalFadeList).w,a6
(1) 1648/    10C4 : 3E3C 0007           		move.w	#MAX_PALFDREQ-1,d7
(1) 1649/    10C8 : 7C00                		moveq	#0,d6
(1) 1650/    10CA :                     .next_one:
(1) 1651/    10CA : 8C16                		or.b	palfd_req(a6),d6
(1) 1652/    10CC : DCFC 0008           		adda	#palfd_len,a6
(1) 1657/    10D0 : 51CF FFF8           		dbf	d7,.next_one
(1) 1658/    10D4 : 4A06                		tst.b	d6
(1) 1659/    10D6 : 66E4                		bne.s	.loop
(1) 1660/    10D8 : 4E75                		rts
(1) 1661/    10DA :                     
(1) 1662/    10DA :                     ; --------------------------------------------------------
(1) 1663/    10DA :                     ; Video_FadeIn_Full
(1) 1664/    10DA :                     ;
(1) 1665/    10DA :                     ; Overwrites first entry on each's PalFadeList
(1) 1666/    10DA :                     ; --------------------------------------------------------
(1) 1667/    10DA :                     
(1) 1668/    10DA :                     Video_FadeIn_Full:
(1) 1675/    10DA : 7002                		moveq	#2,d0
(1) 1676/    10DC : 223C 0000 0040      		move.l	#splitw(0,64),d1
(1) 1677/    10E2 : 243C 0000 0001      		move.l	#splitw(0,1),d2
(1) 1678/    10E8 : 6116                		bsr	Video_MakeFade
(1) 1679/    10EA : 60D0                		bra	Video_WaitFade
(1) 1680/    10EC :                     
(1) 1681/    10EC :                     ; --------------------------------------------------------
(1) 1682/    10EC :                     ; Video_FadeIn_Full
(1) 1683/    10EC :                     ;
(1) 1684/    10EC :                     ; Overwrites first entry on each's PalFadeList
(1) 1685/    10EC :                     ; --------------------------------------------------------
(1) 1686/    10EC :                     
(1) 1687/    10EC :                     Video_FadeOut_Full:
(1) 1694/    10EC : 7001                		moveq	#1,d0
(1) 1695/    10EE : 223C 0000 0040      		move.l	#splitw(0,64),d1
(1) 1696/    10F4 : 243C 0000 0001      		move.l	#splitw(0,1),d2
(1) 1697/    10FA : 6104                		bsr	Video_MakeFade
(1) 1698/    10FC : 60BE                		bra	Video_WaitFade
(1) 1699/    10FE :                     
(1) 1700/    10FE :                     ; ============================================================
(1) 1701/    10FE :                     ; --------------------------------------------------------
(1) 1702/    10FE :                     ; Subroutines
(1) 1703/    10FE :                     ; --------------------------------------------------------
(1) 1704/    10FE :                     
(1) 1705/    10FE :                     ; --------------------------------------------------------
(1) 1706/    10FE :                     ; Video_MakeFade, Video_MdMars_MakeFade
(1) 1707/    10FE :                     ;
(1) 1708/    10FE :                     ; Make palette Fading (or other) request, for
(1) 1709/    10FE :                     ; both VDP and SVDP
(1) 1710/    10FE :                     ;
(1) 1711/    10FE :                     ; Input:
(1) 1712/    10FE :                     ; d0.w | Task number:
(1) 1713/    10FE :                     ;        	$0000 - Fade-out
(1) 1714/    10FE :                     ;        	$0001 - Fade-in
(1) 1715/    10FE :                     ; d1.l | Start at/Number of colors: splitw(start,num)
(1) 1716/    10FE :                     ; d2.l | Delay/Increment: splitw(delay,incr)
(1) 1717/    10FE :                     ; --------------------------------------------------------
(1) 1718/    10FE :                     
(1) 1719/    10FE :                     Video_MdMars_MakeFade:
(1) 1728/    10FE : 4E75                		rts
(1) 1729/    1100 :                     Video_MakeFade:
(1) 1730/    1100 : 48E7 0302           		movem.l	d6-d7/a6,-(sp)
(1) 1731/    1104 : 4DF8 EA90           		lea	(RAM_PalFadeList).w,a6
(1) 1732/    1108 : 3E38 F0E0           		move.w	(RAM_IndxPalFade).w,d7
(1) 1733/    110C : 5278 F0E0           		addq.w	#1,(RAM_IndxPalFade).w
(1) 1734/    1110 : 6106                		bsr	vidMkFade_Go
(1) 1735/    1112 : 4CDF 40C0           		movem.l	(sp)+,d6-d7/a6
(1) 1736/    1116 : 4E75                		rts
(1) 1737/    1118 :                     vidMkFade_Go:
(1) 1738/    1118 : 0287 0000 00FF      		andi.l	#$FF,d7
(1) 1739/    111E : E74F                		lsl.w	#3,d7			; index * 8
(1) 1740/    1120 : DCC7                		adda	d7,a6
(1) 1741/    1122 : 2E01                		move.l	d1,d7
(1) 1742/    1124 : 2C02                		move.l	d2,d6
(1) 1743/    1126 : 1C80                		move.b	d0,palfd_req(a6)
(1) 1744/    1128 : 3D47 0006           		move.w	d7,palfd_num(a6)
(1) 1745/    112C : 1D46 0003           		move.b	d6,palfd_incr(a6)
(1) 1746/    1130 : 4846                		swap	d6
(1) 1747/    1132 : 4847                		swap	d7
(1) 1748/    1134 : 1D47 0002           		move.b	d7,palfd_start(a6)
(1) 1749/    1138 : 1D46 0001           		move.b	d6,palfd_delay(a6)
(1) 1750/    113C : 4E75                		rts
(1) 1751/    113E :                     
(1) 1752/    113E :                     ; --------------------------------------------------------
(1) 1753/    113E :                     ; Video_LoadPal, Video_FadePal
(1) 1754/    113E :                     ;
(1) 1755/    113E :                     ; Load VDP palette data, either current or for fading.
(1) 1756/    113E :                     ;
(1) 1757/    113E :                     ; Input:
(1) 1758/    113E :                     ; a0   | Palette data
(1) 1759/    113E :                     ; d0.w | Starting color index
(1) 1760/    113E :                     ; d1.w | Number of colors
(1) 1761/    113E :                     ; --------------------------------------------------------
(1) 1762/    113E :                     
(1) 1763/    113E :                     Video_FadePal:
(1) 1764/    113E : 48E7 0306           		movem.l	d6-d7/a5-a6,-(sp)
(1) 1765/    1142 : 4DF8 EED0           		lea	(RAM_PaletteFade).w,a6
(1) 1766/    1146 : 6008                		bra.s	vidMd_Pal
(1) 1767/    1148 :                     ; 		movem.l	(sp)+,d6-d7/a5-a6
(1) 1768/    1148 :                     ; 		rts
(1) 1769/    1148 :                     Video_LoadPal:
(1) 1770/    1148 : 48E7 0306           		movem.l	d6-d7/a5-a6,-(sp)
(1) 1771/    114C : 4DF8 EA10           		lea	(RAM_Palette).w,a6
(1) 1772/    1150 :                     ; 		bsr.s	vidMd_Pal
(1) 1773/    1150 :                     ; 		movem.l	(sp)+,d6-d7/a5-a6
(1) 1774/    1150 :                     ; 		rts
(1) 1775/    1150 :                     
(1) 1776/    1150 :                     ; --------------------------------------------------------
(1) 1777/    1150 :                     vidMd_Pal:
(1) 1778/    1150 : 2A48                		move.l	a0,a5
(1) 1779/    1152 : 7E00                		moveq	#0,d7
(1) 1780/    1154 : 3E00                		move.w	d0,d7
(1) 1781/    1156 : DE47                		add.w	d7,d7
(1) 1782/    1158 : DCC7                		adda	d7,a6
(1) 1783/    115A : 3E01                		move.w	d1,d7
(1) 1784/    115C : 5347                		subq.w	#1,d7
(1) 1785/    115E : 6B0E                		bmi.s	.bad
(1) 1786/    1160 : 3C02                		move.w	d2,d6
(1) 1787/    1162 : 0246 0001           		andi.w	#1,d6
(1) 1788/    1166 : E25E                		ror.w	#1,d6
(1) 1789/    1168 :                     .loop:
(1) 1790/    1168 : 3CDD                		move.w	(a5)+,(a6)+
(1) 1791/    116A : 51CF FFFC           		dbf	d7,.loop
(1) 1792/    116E :                     .bad:
(1) 1793/    116E : 4CDF 60C0           		movem.l	(sp)+,d6-d7/a5-a6
(1) 1794/    1172 : 4E75                		rts
(1) 1795/    1174 :                     
(1) 1796/    1174 :                     ; --------------------------------------------------------
(1) 1797/    1174 :                     ; Video_LoadPal_List, Video_FadePal_List
(1) 1798/    1174 :                     ;
(1) 1799/    1174 :                     ; Loads palettes on bulk with a list
(1) 1800/    1174 :                     ;
(1) 1801/    1174 :                     ; Input:
(1) 1802/    1174 :                     ; a0 | List of graphics to load:
(1) 1803/    1174 :                     ;        dc.w numof_entries
(1) 1804/    1174 :                     ;        dc.l palette_data
(1) 1805/    1174 :                     ;        dc.w start_at
(1) 1806/    1174 :                     ;        dc.w numof_colors
(1) 1807/    1174 :                     ;        ; ...more entries
(1) 1808/    1174 :                     ; --------------------------------------------------------
(1) 1809/    1174 :                     
(1) 1810/    1174 :                     Video_LoadPal_List:
(1) 1811/    1174 : 48E7 0104           		movem.l	d7/a5,-(sp)
(1) 1812/    1178 : 2A48                		move.l	a0,a5
(1) 1813/    117A : 3E1D                		move.w	(a5)+,d7
(1) 1814/    117C : 6710                		beq.s	.invalid
(1) 1815/    117E : 6B0E                		bmi.s	.invalid
(1) 1816/    1180 : 5347                		subq.w	#1,d7
(1) 1817/    1182 :                     .next_one:
(1) 1818/    1182 : 205D                		move.l	(a5)+,a0
(1) 1819/    1184 : 301D                		move.w	(a5)+,d0
(1) 1820/    1186 : 321D                		move.w	(a5)+,d1
(1) 1821/    1188 : 61BE                		bsr	Video_LoadPal
(1) 1822/    118A : 51CF FFF6           		dbf	d7,.next_one
(1) 1823/    118E :                     .invalid:
(1) 1824/    118E : 4CDF 2080           		movem.l	(sp)+,d7/a5
(1) 1825/    1192 : 4E75                		rts
(1) 1826/    1194 :                     
(1) 1827/    1194 :                     Video_FadePal_List:
(1) 1828/    1194 : 48E7 0104           		movem.l	d7/a5,-(sp)
(1) 1829/    1198 : 2A48                		move.l	a0,a5
(1) 1830/    119A : 3E1D                		move.w	(a5)+,d7
(1) 1831/    119C : 6710                		beq.s	.invalid
(1) 1832/    119E : 6B0E                		bmi.s	.invalid
(1) 1833/    11A0 : 5347                		subq.w	#1,d7
(1) 1834/    11A2 :                     .next_one:
(1) 1835/    11A2 : 205D                		move.l	(a5)+,a0
(1) 1836/    11A4 : 301D                		move.w	(a5)+,d0
(1) 1837/    11A6 : 321D                		move.w	(a5)+,d1
(1) 1838/    11A8 : 6194                		bsr	Video_FadePal
(1) 1839/    11AA : 51CF FFF6           		dbf	d7,.next_one
(1) 1840/    11AE :                     .invalid:
(1) 1841/    11AE : 4CDF 2080           		movem.l	(sp)+,d7/a5
(1) 1842/    11B2 : 4E75                		rts
(1) 1843/    11B4 :                     
(1) 1844/    11B4 :                     ; ====================================================================
(1) 1845/    11B4 :                     ; ----------------------------------------------------------------
(1) 1846/    11B4 :                     ; Text PRINT system.
(1) 1847/    11B4 :                     ; ----------------------------------------------------------------
(1) 1848/    11B4 :                     
(1) 1849/    11B4 :                     ; --------------------------------------------------------
(1) 1850/    11B4 :                     ; Video_PrintInit, Video_PrintInitW
(1) 1851/    11B4 :                     ;
(1) 1852/    11B4 :                     ; Initializes the default Graphics and Palette
(1) 1853/    11B4 :                     ; for the font.
(1) 1854/    11B4 :                     ;
(1) 1855/    11B4 :                     ; Input:
(1) 1856/    11B4 :                     ; d0.l | Graphics data
(1) 1857/    11B4 :                     ;        $20 (" ") to $7F ("[DEL]")
(1) 1858/    11B4 :                     ;        * Default labels:
(1) 1859/    11B4 :                     ;        ASCII_FONT   for 8x8
(1) 1860/    11B4 :                     ;        ASCII_FONT_W for 8x16
(1) 1861/    11B4 :                     ;
(1) 1862/    11B4 :                     ; d1.w | VRAM output location to load and use
(1) 1863/    11B4 :                     ;        the ASCII text including attribute
(1) 1864/    11B4 :                     ;        settings (Palette and Priority)
(1) 1865/    11B4 :                     ;        * Defualt values:
(1) 1866/    11B4 :                     ;        DEF_PrintVram  for 8x8
(1) 1867/    11B4 :                     ;        DEF_PrintVramW for 8x16
(1) 1868/    11B4 :                     ;
(1) 1869/    11B4 :                     ; Breaks:
(1) 1870/    11B4 :                     ; d0-d3
(1) 1871/    11B4 :                     ;
(1) 1872/    11B4 :                     ; Notes:
(1) 1873/    11B4 :                     ; - Only call this when the VDP DISPLAY is OFF
(1) 1874/    11B4 :                     ; - Write your palette manually after this
(1) 1875/    11B4 :                     ; --------------------------------------------------------
(1) 1876/    11B4 :                     
(1) 1877/    11B4 :                     Video_PrintInitW:
(1) 1878/    11B4 : 343C 1800           		move.w	#($60*$20)*2,d2			; Graphics data from " " to "[DEL]"
(1) 1879/    11B8 : 6004                		bra.s	vidPrint_Init
(1) 1880/    11BA :                     Video_PrintInit:
(1) 1881/    11BA : 343C 0C00           		move.w	#($60*$20),d2			; Graphics data from " " to "[DEL]"
(1) 1882/    11BE :                     vidPrint_Init:
(1) 1883/    11BE : EB49                		lsl.w	#5,d1				; VRAM location to real position
(1) 1884/    11C0 : 6000 F958           		bra	Video_LoadArt
(1) 1885/    11C4 :                     
(1) 1886/    11C4 :                     ; --------------------------------------------------------
(1) 1887/    11C4 :                     ; Video_PrintDefPal, Video_PrintDefPal_Fade
(1) 1888/    11C4 :                     ;
(1) 1889/    11C4 :                     ; Loads default palette for the font
(1) 1890/    11C4 :                     ; --------------------------------------------------------
(1) 1891/    11C4 :                     
(1) 1892/    11C4 :                     Video_PrintDefPal_Fade:
(1) 1893/    11C4 : 2F0E                		move.l	a6,-(sp)
(1) 1894/    11C6 : 4DF8 EF30           		lea	(RAM_PaletteFade+$60).w,a6		; Palette line 4:
(1) 1895/    11CA : 6006                		bra.s	vid_FontDefPal
(1) 1896/    11CC :                     Video_PrintDefPal:
(1) 1897/    11CC : 2F0E                		move.l	a6,-(sp)
(1) 1898/    11CE : 4DF8 EA70           		lea	(RAM_Palette+$60).w,a6			; Palette line 4
(1) 1899/    11D2 :                     vid_FontDefPal:
(1) 1900/    11D2 : 3CFC 0000           		move.w	#$0000,(a6)+				; black (background)
(1) 1901/    11D6 : 3CFC 0EEE           		move.w	#$0EEE,(a6)+				; white
(1) 1902/    11DA : 3CFC 0888           		move.w	#$0888,(a6)+				; gray
(1) 1903/    11DE : 2C5F                		move.l	(sp)+,a6
(1) 1904/    11E0 : 4E75                		rts
(1) 1905/    11E2 :                     
(1) 1906/    11E2 :                     ; --------------------------------------------------------
(1) 1907/    11E2 :                     ; Video_Print, Video_PrintW
(1) 1908/    11E2 :                     ;
(1) 1909/    11E2 :                     ; Prints a text string, VDP side.
(1) 1910/    11E2 :                     ;
(1) 1911/    11E2 :                     ; Input:
(1) 1912/    11E2 :                     ; a0   | String data
(1) 1913/    11E2 :                     ; d0.w | X position
(1) 1914/    11E2 :                     ; d1.w | Y position
(1) 1915/    11E2 :                     ; d2.w | Font VRAM location
(1) 1916/    11E2 :                     ; d3.l | Screen width / Screen VRAM location:
(1) 1917/    11E2 :                     ;        splitw(width,vram_out)
(1) 1918/    11E2 :                     ;
(1) 1919/    11E2 :                     ; * Font VRAM location
(1) 1920/    11E2 :                     ; Default 8x8:  DEF_PrintVram
(1) 1921/    11E2 :                     ; Default 8x16: DEF_PrintVramW
(1) 1922/    11E2 :                     ;
(1) 1923/    11E2 :                     ; * Screen VRAM
(1) 1924/    11E2 :                     ; Foreground: DEF_VRAM_FG
(1) 1925/    11E2 :                     ; Background: DEF_VRAM_BG
(1) 1926/    11E2 :                     ; Window:     DEF_VRAM_WD
(1) 1927/    11E2 :                     ;
(1) 1928/    11E2 :                     ; * Screen Width
(1) 1929/    11E2 :                     ; $040 (DEF_HSIZE_32)
(1) 1930/    11E2 :                     ; $080 (DEF_HSIZE_64)
(1) 1931/    11E2 :                     ; $100 (DEF_HSIZE_128)
(1) 1932/    11E2 :                     ;
(1) 1933/    11E2 :                     ; Notes:
(1) 1934/    11E2 :                     ; - Initialize your graphics and VRAM location
(1) 1935/    11E2 :                     ;   with Video_PrintInit
(1) 1936/    11E2 :                     ; - Only Video_PrintW can be used in double-interlace
(1) 1937/    11E2 :                     ;   mode.
(1) 1938/    11E2 :                     ; --------------------------------------------------------
(1) 1939/    11E2 :                     
(1) 1940/    11E2 :                     ; dc.l pstr(type,ram_location)
(1) 1941/    11E2 :                     ;
(1) 1942/    11E2 :                     ; type:
(1) 1943/    11E2 :                     ; 0 - Byte
(1) 1944/    11E2 :                     ; 1 - Word
(1) 1945/    11E2 :                     ; 2 - 24-bit
(1) 1946/    11E2 :                     ; 3 - Long
(1) 1947/    11E2 :                     
(1) 1948/    11E2 :                     Video_Print:
(1) 1949/    11E2 : 48E7 0F0E           		movem.l	d4-d7/a4-a6,-(sp)
(1) 1950/    11E6 : 4DF9 00C0 0000      		lea	(vdp_data).l,a6
(1) 1951/    11EC : 3E03                		move.w	d3,d7
(1) 1952/    11EE : 3A00                		move.w	d0,d5
(1) 1953/    11F0 : DA45                		add.w	d5,d5
(1) 1954/    11F2 : 3801                		move.w	d1,d4
(1) 1955/    11F4 : 4843                		swap	d3
(1) 1956/    11F6 : C8C3                		mulu.w	d3,d4
(1) 1957/    11F8 : DA44                		add.w	d4,d5
(1) 1958/    11FA : DE45                		add.w	d5,d7
(1) 1959/    11FC : 3C03                		move.w	d3,d6
(1) 1960/    11FE : 4843                		swap	d3
(1) 1961/    1200 : 7A00                		moveq	#0,d5
(1) 1962/    1202 : 3A07                		move.w	d7,d5
(1) 1963/    1204 : 0247 3FFF           		andi.w	#$3FFF,d7
(1) 1964/    1208 : 8E7C 4000           		or.w	#$4000,d7
(1) 1965/    120C : E55D                		rol.w	#2,d5
(1) 1966/    120E : 0245 0003           		andi.w	#%11,d5
(1) 1967/    1212 : 4845                		swap	d5
(1) 1968/    1214 : 2A48                		move.l	a0,a5
(1) 1969/    1216 :                     .loop:
(1) 1970/    1216 : 3806                		move.w	d6,d4
(1) 1971/    1218 : 5344                		subq.w	#1,d4
(1) 1972/    121A : CA44                		and.w	d4,d5
(1) 1973/    121C :                     
(1) 1974/    121C : 3807                		move.w	d7,d4
(1) 1975/    121E : D845                		add.w	d5,d4
(1) 1976/    1220 : 4845                		swap	d5
(1) 1977/    1222 : 3D44 0004           		move.w	d4,4(a6)
(1) 1978/    1226 : 3D45 0004           		move.w	d5,4(a6)
(1) 1979/    122A : 4845                		swap	d5
(1) 1980/    122C :                     .q_loop:
(1) 1981/    122C : 181D                		move.b	(a5)+,d4
(1) 1982/    122E : 671E                		beq.s	.exit
(1) 1983/    1230 : 6B22                		bmi.s	.special
(1) 1984/    1232 : 0C04 000A           		cmpi.b	#$0A,d4
(1) 1985/    1236 : 6710                		beq.s	.next
(1) 1986/    1238 :                     ; ------------------------------------------------
(1) 1987/    1238 :                     ; Normal text
(1) 1988/    1238 : 0244 00FF           		andi.w	#$FF,d4
(1) 1989/    123C :                     ; 		add.w	(RAM_SetPrntVram).w,d4
(1) 1990/    123C : D842                		add.w	d2,d4
(1) 1991/    123E : 0444 0020           		subi.w	#$20,d4
(1) 1992/    1242 : 3C84                		move.w	d4,(a6)
(1) 1993/    1244 : 5445                		addq.w	#2,d5
(1) 1994/    1246 : 60E4                		bra.s	.q_loop
(1) 1995/    1248 :                     .next:
(1) 1996/    1248 : 4245                		clr.w	d5
(1) 1997/    124A : DE46                		add.w	d6,d7			; Next line
(1) 1998/    124C : 60C8                		bra.s	.loop
(1) 1999/    124E :                     .exit:
(1) 2000/    124E : 4CDF 70F0           		movem.l	(sp)+,d4-d7/a4-a6
(1) 2001/    1252 : 4E75                		rts
(1) 2002/    1254 :                     ; ------------------------------------------------
(1) 2003/    1254 :                     ; Show value
(1) 2004/    1254 :                     ; d4 - $80|flags
(1) 2005/    1254 :                     .special:
(1) 2006/    1254 : 4846                		swap	d6
(1) 2007/    1256 : 1C04                		move.b	d4,d6
(1) 2008/    1258 : E19C                		rol.l	#8,d4
(1) 2009/    125A : 181D                		move.b	(a5)+,d4	; $00xx0000
(1) 2010/    125C : E19C                		rol.l	#8,d4
(1) 2011/    125E : 181D                		move.b	(a5)+,d4	; $0000xx00
(1) 2012/    1260 : E19C                		rol.l	#8,d4
(1) 2013/    1262 : 181D                		move.b	(a5)+,d4	; $000000xx
(1) 2014/    1264 : 2844                		move.l	d4,a4
(1) 2015/    1266 : 6100 01B6           		bsr	vid_PrintTVal
(1) 2016/    126A : 60AA                		bra	.loop
(1) 2017/    126C :                     
(1) 2018/    126C :                     ; --------------------------------------------------------
(1) 2019/    126C :                     ; 8x16 version
(1) 2020/    126C :                     ; --------------------------------------------------------
(1) 2021/    126C :                     
(1) 2022/    126C :                     Video_PrintW:
(1) 2023/    126C : 48E7 0F1E           		movem.l	d4-d7/a3-a6,-(sp)
(1) 2024/    1270 : 4DF9 00C0 0000      		lea	(vdp_data).l,a6
(1) 2025/    1276 :                     ; 		move.w	(RAM_SetPrntVramW).w,d6
(1) 2026/    1276 : 3C02                		move.w	d2,d6
(1) 2027/    1278 : 0446 0040           		subi.w	#$20*2,d6
(1) 2028/    127C : 3A38 F0F6           		move.w	(RAM_VdpRegSetC).w,d5
(1) 2029/    1280 : 0805 0002           		btst	#2,d5
(1) 2030/    1284 : 670E                		beq.s	.no_dble_y
(1) 2031/    1286 : 3E06                		move.w	d6,d7
(1) 2032/    1288 : 0247 F800           		andi.w	#$F800,d7
(1) 2033/    128C : 0246 07FF           		andi.w	#$7FF,d6
(1) 2034/    1290 : E24E                		lsr.w	#1,d6
(1) 2035/    1292 : 8C47                		or.w	d7,d6
(1) 2036/    1294 :                     .no_dble_y:
(1) 2037/    1294 : 4846                		swap	d6
(1) 2038/    1296 : 3E03                		move.w	d3,d7
(1) 2039/    1298 : 3A00                		move.w	d0,d5
(1) 2040/    129A : DA45                		add.w	d5,d5
(1) 2041/    129C : 3801                		move.w	d1,d4
(1) 2042/    129E : 4843                		swap	d3
(1) 2043/    12A0 : C8C3                		mulu.w	d3,d4
(1) 2044/    12A2 : DA44                		add.w	d4,d5
(1) 2045/    12A4 : DE45                		add.w	d5,d7
(1) 2046/    12A6 : 3C03                		move.w	d3,d6
(1) 2047/    12A8 : 4843                		swap	d3
(1) 2048/    12AA :                     
(1) 2049/    12AA : 7A00                		moveq	#0,d5
(1) 2050/    12AC : 3A07                		move.w	d7,d5
(1) 2051/    12AE : 0247 3FFF           		andi.w	#$3FFF,d7
(1) 2052/    12B2 : 8E7C 4000           		or.w	#$4000,d7
(1) 2053/    12B6 : E55D                		rol.w	#2,d5
(1) 2054/    12B8 : 0245 0003           		andi.w	#%11,d5
(1) 2055/    12BC : 4845                		swap	d5
(1) 2056/    12BE : 2A48                		move.l	a0,a5
(1) 2057/    12C0 :                     	; d7 -      TEMP       | VDP write left
(1) 2058/    12C0 :                     	; d6 -      TEMP       | Y next-line size
(1) 2059/    12C0 :                     	; d5 - VDP write right | X current pos
(1) 2060/    12C0 :                     	; d4 -                 | TEMP
(1) 2061/    12C0 :                     .loop:
(1) 2062/    12C0 : 3806                		move.w	d6,d4
(1) 2063/    12C2 : 5344                		subq.w	#1,d4
(1) 2064/    12C4 : CA44                		and.w	d4,d5
(1) 2065/    12C6 : 181D                		move.b	(a5)+,d4
(1) 2066/    12C8 : 6776                		beq.s	.exit
(1) 2067/    12CA : 6B7A                		bmi.s	.special
(1) 2068/    12CC : 0C04 000A           		cmpi.b	#$0A,d4
(1) 2069/    12D0 : 6766                		beq.s	.next
(1) 2070/    12D2 :                     ; ------------------------------------------------
(1) 2071/    12D2 :                     ; Normal text
(1) 2072/    12D2 : 0244 00FF           		andi.w	#$FF,d4
(1) 2073/    12D6 : 4847                		swap	d7
(1) 2074/    12D8 : 3E38 F0F6           		move.w	(RAM_VdpRegSetC).w,d7
(1) 2075/    12DC : 0807 0002           		btst	#2,d7
(1) 2076/    12E0 : 671E                		beq.s	.ver_normal
(1) 2077/    12E2 : 4846                		swap	d6
(1) 2078/    12E4 : D846                		add.w	d6,d4
(1) 2079/    12E6 : 4846                		swap	d6
(1) 2080/    12E8 : 4844                		swap	d4
(1) 2081/    12EA : 4847                		swap	d7
(1) 2082/    12EC : 3807                		move.w	d7,d4
(1) 2083/    12EE : D845                		add.w	d5,d4
(1) 2084/    12F0 : 4845                		swap	d5
(1) 2085/    12F2 : 3D44 0004           		move.w	d4,4(a6)
(1) 2086/    12F6 : 3D45 0004           		move.w	d5,4(a6)
(1) 2087/    12FA : 4844                		swap	d4
(1) 2088/    12FC : 3C84                		move.w	d4,(a6)
(1) 2089/    12FE : 6032                		bra.s	.ver_cont
(1) 2090/    1300 :                     .ver_normal:
(1) 2091/    1300 : D844                		add.w	d4,d4
(1) 2092/    1302 : 4846                		swap	d6
(1) 2093/    1304 : D846                		add.w	d6,d4
(1) 2094/    1306 : 4846                		swap	d6
(1) 2095/    1308 : 4844                		swap	d4
(1) 2096/    130A : 4847                		swap	d7
(1) 2097/    130C : 3807                		move.w	d7,d4
(1) 2098/    130E : D845                		add.w	d5,d4
(1) 2099/    1310 : 4845                		swap	d5
(1) 2100/    1312 : 3D44 0004           		move.w	d4,4(a6)
(1) 2101/    1316 : 3D45 0004           		move.w	d5,4(a6)
(1) 2102/    131A : 4844                		swap	d4
(1) 2103/    131C : 3C84                		move.w	d4,(a6)
(1) 2104/    131E : 5244                		addq.w	#1,d4
(1) 2105/    1320 : 4844                		swap	d4
(1) 2106/    1322 : D846                		add.w	d6,d4
(1) 2107/    1324 : 3D44 0004           		move.w	d4,4(a6)
(1) 2108/    1328 : 3D45 0004           		move.w	d5,4(a6)
(1) 2109/    132C : 4844                		swap	d4
(1) 2110/    132E : 3C84                		move.w	d4,(a6)
(1) 2111/    1330 : 4844                		swap	d4
(1) 2112/    1332 :                     
(1) 2113/    1332 :                     .ver_cont:
(1) 2114/    1332 : 4845                		swap	d5
(1) 2115/    1334 : 5445                		addq.w	#2,d5		; Next VDP X pos
(1) 2116/    1336 : 6088                		bra.s	.loop
(1) 2117/    1338 :                     .next:
(1) 2118/    1338 : 4245                		clr.w	d5		; Clear X pos
(1) 2119/    133A : DE46                		add.w	d6,d7		; Next Y line
(1) 2120/    133C : DE46                		add.w	d6,d7		; twice
(1) 2121/    133E : 6080                		bra	.loop
(1) 2122/    1340 :                     .exit:
(1) 2123/    1340 : 4CDF 78F0           		movem.l	(sp)+,d4-d7/a3-a6
(1) 2124/    1344 : 4E75                		rts
(1) 2125/    1346 :                     ; ------------------------------------------------
(1) 2126/    1346 :                     ; Show value
(1) 2127/    1346 :                     ; d4 - $80|flags
(1) 2128/    1346 :                     .special:
(1) 2129/    1346 : 2646                		move.l	d6,a3
(1) 2130/    1348 : 1C04                		move.b	d4,d6
(1) 2131/    134A : E19C                		rol.l	#8,d4
(1) 2132/    134C : 181D                		move.b	(a5)+,d4	; $00xx0000
(1) 2133/    134E : E19C                		rol.l	#8,d4
(1) 2134/    1350 : 181D                		move.b	(a5)+,d4	; $0000xx00
(1) 2135/    1352 : E19C                		rol.l	#8,d4
(1) 2136/    1354 : 181D                		move.b	(a5)+,d4	; $000000xx
(1) 2137/    1356 : 2844                		move.l	d4,a4
(1) 2138/    1358 : 6100 0130           		bsr	vid_PrintTValW
(1) 2139/    135C : 6000 FF62           		bra	.loop
(1) 2140/    1360 :                     
(1) 2141/    1360 :                     ; --------------------------------------------------------
(1) 2142/    1360 :                     ; Video_PrintVal, Video_PrintValW
(1) 2143/    1360 :                     ;
(1) 2144/    1360 :                     ; Prints a memory value
(1) 2145/    1360 :                     ;
(1) 2146/    1360 :                     ; Input:
(1) 2147/    1360 :                     ; a0   | Memory location to read
(1) 2148/    1360 :                     ; a1   | Type:
(1) 2149/    1360 :                     ;        	0 - Byte
(1) 2150/    1360 :                     ;        	1 - Word
(1) 2151/    1360 :                     ;        	2 - Longword but as a 24-bit address
(1) 2152/    1360 :                     ;        	3 - Full Longword
(1) 2153/    1360 :                     ;
(1) 2154/    1360 :                     ; d0.w | X position
(1) 2155/    1360 :                     ; d1.w | Y position
(1) 2156/    1360 :                     ; d2.w | Font VRAM location
(1) 2157/    1360 :                     ; d3.l | Screen width / Screen VRAM location:
(1) 2158/    1360 :                     ;        splitw(width,vram_out)
(1) 2159/    1360 :                     ;
(1) 2160/    1360 :                     ; * Font VRAM location
(1) 2161/    1360 :                     ; Default 8x8:  DEF_PrintVram
(1) 2162/    1360 :                     ; Default 8x16: DEF_PrintVramW
(1) 2163/    1360 :                     ;
(1) 2164/    1360 :                     ; * Screen VRAM
(1) 2165/    1360 :                     ; Foreground: DEF_VRAM_FG
(1) 2166/    1360 :                     ; Background: DEF_VRAM_BG
(1) 2167/    1360 :                     ; Window:     DEF_VRAM_WD
(1) 2168/    1360 :                     ;
(1) 2169/    1360 :                     ; * Screen Width
(1) 2170/    1360 :                     ; $040 (DEF_HSIZE_32)
(1) 2171/    1360 :                     ; $080 (DEF_HSIZE_64)
(1) 2172/    1360 :                     ; $100 (DEF_HSIZE_128)
(1) 2173/    1360 :                     ;
(1) 2174/    1360 :                     ; Notes:
(1) 2175/    1360 :                     ; - Initialize your graphics and VRAM location
(1) 2176/    1360 :                     ;   with Video_PrintInit
(1) 2177/    1360 :                     ; - Only Video_PrintW can be used in double-interlace
(1) 2178/    1360 :                     ;   mode.
(1) 2179/    1360 :                     ; --------------------------------------------------------
(1) 2180/    1360 :                     
(1) 2181/    1360 :                     Video_PrintVal:
(1) 2182/    1360 : 48E7 0F0E           		movem.l	d4-d7/a4-a6,-(sp)
(1) 2183/    1364 : 4DF9 00C0 0000      		lea	(vdp_data).l,a6
(1) 2184/    136A : 3E03                		move.w	d3,d7
(1) 2185/    136C : 3A00                		move.w	d0,d5
(1) 2186/    136E : DA45                		add.w	d5,d5
(1) 2187/    1370 : 3801                		move.w	d1,d4
(1) 2188/    1372 : 4843                		swap	d3
(1) 2189/    1374 : C8C3                		mulu.w	d3,d4
(1) 2190/    1376 : DA44                		add.w	d4,d5
(1) 2191/    1378 : DE45                		add.w	d5,d7
(1) 2192/    137A : 3C03                		move.w	d3,d6
(1) 2193/    137C : 4843                		swap	d3
(1) 2194/    137E : 7A00                		moveq	#0,d5
(1) 2195/    1380 : 3A07                		move.w	d7,d5
(1) 2196/    1382 : 0247 3FFF           		andi.w	#$3FFF,d7
(1) 2197/    1386 : 8E7C 4000           		or.w	#$4000,d7
(1) 2198/    138A : E55D                		rol.w	#2,d5
(1) 2199/    138C : 0245 0003           		andi.w	#%11,d5
(1) 2200/    1390 : 4845                		swap	d5
(1) 2201/    1392 : 2A48                		move.l	a0,a5
(1) 2202/    1394 :                     .loop:
(1) 2203/    1394 : 3806                		move.w	d6,d4
(1) 2204/    1396 : 5344                		subq.w	#1,d4
(1) 2205/    1398 : CA44                		and.w	d4,d5
(1) 2206/    139A :                     
(1) 2207/    139A : 3807                		move.w	d7,d4
(1) 2208/    139C : D845                		add.w	d5,d4
(1) 2209/    139E : 4845                		swap	d5
(1) 2210/    13A0 : 3D44 0004           		move.w	d4,4(a6)
(1) 2211/    13A4 : 3D45 0004           		move.w	d5,4(a6)
(1) 2212/    13A8 : 4845                		swap	d5
(1) 2213/    13AA :                     .q_loop:
(1) 2214/    13AA : 2848                		move.l	a0,a4
(1) 2215/    13AC : 3C09                		move.w	a1,d6
(1) 2216/    13AE : 616E                		bsr	vid_PrintTVal
(1) 2217/    13B0 : 4CDF 70F0           		movem.l	(sp)+,d4-d7/a4-a6
(1) 2218/    13B4 : 4E75                		rts
(1) 2219/    13B6 :                     
(1) 2220/    13B6 :                     ; --------------------------------------------------------
(1) 2221/    13B6 :                     ; 8x16 version
(1) 2222/    13B6 :                     ; --------------------------------------------------------
(1) 2223/    13B6 :                     
(1) 2224/    13B6 :                     Video_PrintValW:
(1) 2225/    13B6 : 48E7 0F1E           		movem.l	d4-d7/a3-a6,-(sp)
(1) 2226/    13BA : 4DF9 00C0 0000      		lea	(vdp_data).l,a6
(1) 2227/    13C0 :                     ; 		move.w	(RAM_SetPrntVramW).w,d6
(1) 2228/    13C0 : 3C02                		move.w	d2,d6
(1) 2229/    13C2 : 0446 0040           		subi.w	#$20*2,d6
(1) 2230/    13C6 : 3A38 F0F6           		move.w	(RAM_VdpRegSetC).w,d5
(1) 2231/    13CA : 0805 0002           		btst	#2,d5
(1) 2232/    13CE : 670E                		beq.s	.no_dble_y
(1) 2233/    13D0 : 3E06                		move.w	d6,d7
(1) 2234/    13D2 : 0247 F800           		andi.w	#$F800,d7
(1) 2235/    13D6 : 0246 07FF           		andi.w	#$7FF,d6
(1) 2236/    13DA : E24E                		lsr.w	#1,d6
(1) 2237/    13DC : 8C47                		or.w	d7,d6
(1) 2238/    13DE :                     .no_dble_y:
(1) 2239/    13DE : 4846                		swap	d6
(1) 2240/    13E0 : 3E03                		move.w	d3,d7
(1) 2241/    13E2 : 3A00                		move.w	d0,d5
(1) 2242/    13E4 : DA45                		add.w	d5,d5
(1) 2243/    13E6 : 3801                		move.w	d1,d4
(1) 2244/    13E8 : 4843                		swap	d3
(1) 2245/    13EA : C8C3                		mulu.w	d3,d4
(1) 2246/    13EC : DA44                		add.w	d4,d5
(1) 2247/    13EE : DE45                		add.w	d5,d7
(1) 2248/    13F0 : 3C03                		move.w	d3,d6
(1) 2249/    13F2 : 4843                		swap	d3
(1) 2250/    13F4 :                     
(1) 2251/    13F4 : 7A00                		moveq	#0,d5
(1) 2252/    13F6 : 3A07                		move.w	d7,d5
(1) 2253/    13F8 : 0247 3FFF           		andi.w	#$3FFF,d7
(1) 2254/    13FC : 8E7C 4000           		or.w	#$4000,d7
(1) 2255/    1400 : E55D                		rol.w	#2,d5
(1) 2256/    1402 : 0245 0003           		andi.w	#%11,d5
(1) 2257/    1406 : 4845                		swap	d5
(1) 2258/    1408 : 2A48                		move.l	a0,a5
(1) 2259/    140A :                     	; d7 -      TEMP       | VDP write left
(1) 2260/    140A :                     	; d6 -      TEMP       | Y next-line size
(1) 2261/    140A :                     	; d5 - VDP write right | X current pos
(1) 2262/    140A :                     	; d4 -                 | TEMP
(1) 2263/    140A :                     .loop:
(1) 2264/    140A : 3806                		move.w	d6,d4
(1) 2265/    140C : 5344                		subq.w	#1,d4
(1) 2266/    140E : CA44                		and.w	d4,d5
(1) 2267/    1410 : 2646                		move.l	d6,a3
(1) 2268/    1412 : 2848                		move.l	a0,a4
(1) 2269/    1414 : 3C09                		move.w	a1,d6
(1) 2270/    1416 : 6172                		bsr	vid_PrintTValW
(1) 2271/    1418 : 4CDF 78F0           		movem.l	(sp)+,d4-d7/a3-a6
(1) 2272/    141C : 4E75                		rts
(1) 2273/    141E :                     
(1) 2274/    141E :                     ; ------------------------------------------------
(1) 2275/    141E :                     ; a4 - Memory value
(1) 2276/    141E :                     ; d6 - Type
(1) 2277/    141E :                     
(1) 2278/    141E :                     vid_PrintTVal:
(1) 2279/    141E : 0246 0003           		andi.w	#%11,d6
(1) 2280/    1422 : 4847                		swap	d7
(1) 2281/    1424 : 3E3C 0000           		move.w	#1-1,d7
(1) 2282/    1428 : BC3C 0003           		cmp.b	#$03,d6
(1) 2283/    142C : 6724                		beq.s	.show_long
(1) 2284/    142E : BC3C 0002           		cmp.b	#$02,d6
(1) 2285/    1432 : 6716                		beq.s	.show_24
(1) 2286/    1434 : BC3C 0001           		cmp.b	#$01,d6
(1) 2287/    1438 : 6708                		beq.s	.show_word
(1) 2288/    143A :                     .show_byte:
(1) 2289/    143A : 1814                		move.b	(a4),d4
(1) 2290/    143C : 4844                		swap	d4
(1) 2291/    143E : E19C                		rol.l	#8,d4
(1) 2292/    1440 : 6014                		bra.s	.mk_value
(1) 2293/    1442 :                     .show_word:
(1) 2294/    1442 : 3814                		move.w	(a4),d4
(1) 2295/    1444 : 4844                		swap	d4
(1) 2296/    1446 : 5247                		addq.w	#1,d7
(1) 2297/    1448 : 600C                		bra.s	.mk_value
(1) 2298/    144A :                     .show_24:
(1) 2299/    144A : 2814                		move.l	(a4),d4
(1) 2300/    144C : E19C                		rol.l	#8,d4
(1) 2301/    144E : 5447                		addq.w	#2,d7
(1) 2302/    1450 : 6004                		bra.s	.mk_value
(1) 2303/    1452 :                     .show_long:
(1) 2304/    1452 : 2814                		move.l	(a4),d4
(1) 2305/    1454 : 5647                		addq.w	#3,d7
(1) 2306/    1456 :                     .mk_value:
(1) 2307/    1456 : E99C                		rol.l	#4,d4
(1) 2308/    1458 : 610E                		bsr.s	.show_nibbl
(1) 2309/    145A : E99C                		rol.l	#4,d4
(1) 2310/    145C : 610A                		bsr.s	.show_nibbl
(1) 2311/    145E : 51CF FFF6           		dbf	d7,.mk_value
(1) 2312/    1462 : 4846                		swap	d6
(1) 2313/    1464 : 4847                		swap	d7
(1) 2314/    1466 : 4E75                		rts
(1) 2315/    1468 :                     .show_nibbl:
(1) 2316/    1468 : 2846                		move.l	d6,a4
(1) 2317/    146A : 1C04                		move.b	d4,d6
(1) 2318/    146C : 0246 000F           		andi.w	#$0F,d6
(1) 2319/    1470 : 0C46 000A           		cmpi.w	#$0A,d6
(1) 2320/    1474 : 6502                		bcs.s	.hex_incr
(1) 2321/    1476 : 5E46                		addq.w	#7,d6
(1) 2322/    1478 : DC7C 0030           .hex_incr:	add.w	#"0",d6
(1) 2323/    147C :                     ; 		add.w	(RAM_SetPrntVram).w,d6
(1) 2324/    147C : DC42                		add.w	d2,d6
(1) 2325/    147E : 0446 0020           		subi.w	#$20,d6
(1) 2326/    1482 : 3C86                		move.w	d6,(a6)
(1) 2327/    1484 : 5445                		addq.w	#2,d5
(1) 2328/    1486 : 2C0C                		move.l	a4,d6
(1) 2329/    1488 : 4E75                		rts
(1) 2330/    148A :                     
(1) 2331/    148A :                     ; ------------------------------------------------
(1) 2332/    148A :                     
(1) 2333/    148A :                     vid_PrintTValW:
(1) 2334/    148A : 0246 0003           		andi.w	#%11,d6
(1) 2335/    148E : 4847                		swap	d7
(1) 2336/    1490 : 3E3C 0000           		move.w	#1-1,d7
(1) 2337/    1494 : BC3C 0003           		cmp.b	#$03,d6
(1) 2338/    1498 : 6724                		beq.s	.show_long
(1) 2339/    149A : BC3C 0002           		cmp.b	#$02,d6
(1) 2340/    149E : 6716                		beq.s	.show_24
(1) 2341/    14A0 : BC3C 0001           		cmp.b	#$01,d6
(1) 2342/    14A4 : 6708                		beq.s	.show_word
(1) 2343/    14A6 :                     .show_byte:
(1) 2344/    14A6 : 1814                		move.b	(a4),d4
(1) 2345/    14A8 : 4844                		swap	d4
(1) 2346/    14AA : E19C                		rol.l	#8,d4
(1) 2347/    14AC : 6014                		bra.s	.mk_value_in
(1) 2348/    14AE :                     .show_word:
(1) 2349/    14AE : 3814                		move.w	(a4),d4
(1) 2350/    14B0 : 4844                		swap	d4
(1) 2351/    14B2 : 5247                		addq.w	#1,d7
(1) 2352/    14B4 : 600C                		bra.s	.mk_value_in
(1) 2353/    14B6 :                     .show_24:
(1) 2354/    14B6 : 2814                		move.l	(a4),d4
(1) 2355/    14B8 : E19C                		rol.l	#8,d4
(1) 2356/    14BA : 5447                		addq.w	#2,d7
(1) 2357/    14BC : 6004                		bra.s	.mk_value_in
(1) 2358/    14BE :                     .show_long:
(1) 2359/    14BE : 2814                		move.l	(a4),d4
(1) 2360/    14C0 : 5647                		addq.w	#3,d7
(1) 2361/    14C2 :                     .mk_value_in:
(1) 2362/    14C2 : 2C0B                		move.l	a3,d6
(1) 2363/    14C4 :                     
(1) 2364/    14C4 :                     
(1) 2365/    14C4 :                     	; d4 - value
(1) 2366/    14C4 : 4846                		swap	d6
(1) 2367/    14C6 :                     .mk_value:
(1) 2368/    14C6 : E99C                		rol.l	#4,d4
(1) 2369/    14C8 : 610E                		bsr.s	.show_nibbl
(1) 2370/    14CA : E99C                		rol.l	#4,d4
(1) 2371/    14CC : 610A                		bsr.s	.show_nibbl
(1) 2372/    14CE : 51CF FFF6           		dbf	d7,.mk_value
(1) 2373/    14D2 : 4846                		swap	d6
(1) 2374/    14D4 : 4847                		swap	d7
(1) 2375/    14D6 : 4E75                		rts
(1) 2376/    14D8 :                     
(1) 2377/    14D8 :                     	; d6 - Y next-line size | TEMP
(1) 2378/    14D8 :                     .show_nibbl:
(1) 2379/    14D8 : 2846                		move.l	d6,a4
(1) 2380/    14DA : 2644                		move.l	d4,a3
(1) 2381/    14DC : 3C38 F0F6           		move.w	(RAM_VdpRegSetC).w,d6
(1) 2382/    14E0 : 0806 0002           		btst	#2,d6
(1) 2383/    14E4 : 6730                		beq.s	.nibbl_norm
(1) 2384/    14E6 :                     
(1) 2385/    14E6 :                     	; TODO CHECAR ESTO
(1) 2386/    14E6 : 616C                		bsr.s	.get_preval
(1) 2387/    14E8 : 0446 0020           		subi.w	#$20,d6
(1) 2388/    14EC : 4847                		swap	d7
(1) 2389/    14EE :                     ; 		move.w	(RAM_SetPrntVramW).w,d4
(1) 2390/    14EE : 3802                		move.w	d2,d4
(1) 2391/    14F0 : 0244 07FF           		andi.w	#$7FF,d4
(1) 2392/    14F4 : E24C                		lsr.w	#1,d4
(1) 2393/    14F6 : DC44                		add.w	d4,d6
(1) 2394/    14F8 :                     ; 		move.w	(RAM_SetPrntVramW).w,d4
(1) 2395/    14F8 : 3802                		move.w	d2,d4
(1) 2396/    14FA : 0244 F800           		andi.w	#$F800,d4
(1) 2397/    14FE : 8C44                		or.w	d4,d6
(1) 2398/    1500 : 3807                		move.w	d7,d4
(1) 2399/    1502 : 4847                		swap	d7
(1) 2400/    1504 : D845                		add.w	d5,d4
(1) 2401/    1506 : 4845                		swap	d5
(1) 2402/    1508 : 3D44 0004           		move.w	d4,4(a6)
(1) 2403/    150C : 3D45 0004           		move.w	d5,4(a6)
(1) 2404/    1510 : 4845                		swap	d5
(1) 2405/    1512 : 3C86                		move.w	d6,(a6)
(1) 2406/    1514 : 6036                		bra.s	.nibbl_cont
(1) 2407/    1516 :                     
(1) 2408/    1516 :                     .nibbl_norm:
(1) 2409/    1516 : 613C                		bsr.s	.get_preval
(1) 2410/    1518 : 0446 0020           		subi.w	#$20,d6
(1) 2411/    151C : DC46                		add.w	d6,d6
(1) 2412/    151E : DC42                		add.w	d2,d6
(1) 2413/    1520 : 4847                		swap	d7
(1) 2414/    1522 : 3807                		move.w	d7,d4
(1) 2415/    1524 : 4847                		swap	d7
(1) 2416/    1526 : D845                		add.w	d5,d4
(1) 2417/    1528 : 4845                		swap	d5
(1) 2418/    152A : 3D44 0004           		move.w	d4,4(a6)
(1) 2419/    152E : 3D45 0004           		move.w	d5,4(a6)
(1) 2420/    1532 : 4845                		swap	d5
(1) 2421/    1534 : 3C86                		move.w	d6,(a6)
(1) 2422/    1536 : 5246                		addq.w	#1,d6
(1) 2423/    1538 : 4846                		swap	d6
(1) 2424/    153A : D846                		add.w	d6,d4
(1) 2425/    153C : 4846                		swap	d6
(1) 2426/    153E : 4845                		swap	d5
(1) 2427/    1540 : 3D44 0004           		move.w	d4,4(a6)
(1) 2428/    1544 : 3D45 0004           		move.w	d5,4(a6)
(1) 2429/    1548 : 4845                		swap	d5
(1) 2430/    154A : 3C86                		move.w	d6,(a6)
(1) 2431/    154C :                     .nibbl_cont:
(1) 2432/    154C : 5445                		addq.w	#2,d5
(1) 2433/    154E : 2C0C                		move.l	a4,d6
(1) 2434/    1550 : 280B                		move.l	a3,d4
(1) 2435/    1552 : 4E75                		rts
(1) 2436/    1554 :                     
(1) 2437/    1554 :                     .get_preval:
(1) 2438/    1554 : 1C04                		move.b	d4,d6
(1) 2439/    1556 : 0246 000F           		andi.w	#$0F,d6
(1) 2440/    155A : 0C46 000A           		cmpi.w	#$0A,d6
(1) 2441/    155E : 6502                		bcs.s	.hex_incr
(1) 2442/    1560 : 5E46                		addq.w	#7,d6
(1) 2443/    1562 :                     .hex_incr:
(1) 2444/    1562 : DC7C 0030           		add.w	#"0",d6
(1) 2445/    1566 : 4E75                		rts
(1) 2446/    1568 :                     
(1) 2447/    1568 :                     ; ====================================================================
(1) 2448/    1568 :                     ; ----------------------------------------------------------------
(1) 2449/    1568 :                     ; VDP Sprites
(1) 2450/    1568 :                     ; ----------------------------------------------------------------
(1) 2451/    1568 :                     
(1) 2452/    1568 :                     ; --------------------------------------------------------
(1) 2453/    1568 :                     ; Video_SetSpr, Video_MakeSpr
(1) 2454/    1568 :                     ;
(1) 2455/    1568 :                     ; Sets or Makes a VDP Sprite piece
(1) 2456/    1568 :                     ;
(1) 2457/    1568 :                     ; Input:
(1) 2458/    1568 :                     ; a0   | Slot (0-80) for _SetSpr
(1) 2459/    1568 :                     ; d0.w | X pos
(1) 2460/    1568 :                     ; d1.w | Y pos
(1) 2461/    1568 :                     ; d2.w | VRAM
(1) 2462/    1568 :                     ; d3.w | Size
(1) 2463/    1568 :                     ;
(1) 2464/    1568 :                     ; Returns:
(1) 2465/    1568 :                     ; bcc | OK
(1) 2466/    1568 :                     ; bcs | Ran out of slots (not sprites)
(1) 2467/    1568 :                     ; --------------------------------------------------------
(1) 2468/    1568 :                     
(1) 2469/    1568 :                     Video_SetSpr:
(1) 2470/    1568 : 48E7 0302           		movem.l	d6-d7/a6,-(sp)
(1) 2471/    156C : 2E08                		move.l	a0,d7
(1) 2472/    156E : 7C00                		moveq	#0,d6
(1) 2473/    1570 : 6020                		bra	vidMdSpr_MkSpr
(1) 2474/    1572 :                     Video_MakeSpr:
(1) 2475/    1572 : 48E7 0302           		movem.l	d6-d7/a6,-(sp)
(1) 2476/    1576 : 7E00                		moveq	#0,d7
(1) 2477/    1578 : 4DF8 EC50           		lea	(RAM_SprPzList).w,a6
(1) 2478/    157C : 7C4F                		moveq	#80-1,d6
(1) 2479/    157E :                     .chk_free:
(1) 2480/    157E : 0816 0007           		btst	#7,(a6)
(1) 2481/    1582 : 670C                		beq.s	.mk_spr
(1) 2482/    1584 : 5247                		addq.w	#1,d7
(1) 2483/    1586 : DCFC 0008           		adda	#8,a6
(1) 2484/    158A : 51CE FFF2           		dbf	d6,.chk_free
(1) 2485/    158E : 605C                		bra.s	vidMd_CError
(1) 2486/    1590 :                     .mk_spr:
(1) 2487/    1590 : 7C40                		moveq	#$40,d6
(1) 2488/    1592 :                     vidMdSpr_MkSpr:
(1) 2489/    1592 : 0287 0000 00FF      		andi.l	#$FF,d7
(1) 2490/    1598 : BE7C 0050           		cmp.w	#80,d7
(1) 2491/    159C : 6C4E                		bge.s	vidMd_CError
(1) 2492/    159E : E74F                		lsl.w	#3,d7
(1) 2493/    15A0 : 0687 FFFF EC50      		addi.l	#RAM_SprPzList,d7
(1) 2494/    15A6 : 2C47                		move.l	d7,a6
(1) 2495/    15A8 : 4846                		swap	d6
(1) 2496/    15AA : 3E01                		move.w	d1,d7			; Y pos
(1) 2497/    15AC : 0647 0080           		addi.w	#$80,d7			; +$80
(1) 2498/    15B0 : 0838 0002 F0F7      		btst	#2,(RAM_VdpRegSetC+1).w
(1) 2499/    15B6 : 6704                		beq.s	.dont_add
(1) 2500/    15B8 : 0647 0080           		addi.w	#$80,d7
(1) 2501/    15BC :                     .dont_add:
(1) 2502/    15BC : 0247 03FF           		andi.w	#$3FF,d7
(1) 2503/    15C0 : 3C03                		move.w	d3,d6
(1) 2504/    15C2 : 0246 000F           		andi.w	#%1111,d6
(1) 2505/    15C6 : E14E                		lsl.w	#8,d6
(1) 2506/    15C8 : E54E                		lsl.w	#2,d6
(1) 2507/    15CA : 8E46                		or.w	d6,d7			; %00ssssyyyyyyyyyy
(1) 2508/    15CC : 4846                		swap	d6
(1) 2509/    15CE : E14E                		lsl.w	#8,d6
(1) 2510/    15D0 : 8E7C 8000           		or.w	#$8000,d7
(1) 2511/    15D4 : 8E46                		or.w	d6,d7
(1) 2512/    15D6 : 3CC7                		move.w	d7,(a6)+
(1) 2513/    15D8 : 3E00                		move.w	d0,d7
(1) 2514/    15DA : 0647 0080           		addi.w	#$80,d7
(1) 2515/    15DE : 3CC7                		move.w	d7,(a6)+
(1) 2516/    15E0 : 3CC2                		move.w	d2,(a6)+
(1) 2517/    15E2 : 4CDF 40C0           		movem.l	(sp)+,d6-d7/a6
(1) 2518/    15E6 : 023C 001E           		and	#%11110,ccr		; Return OK
(1) 2519/    15EA : 4E75                		rts
(1) 2520/    15EC :                     ; Carry error
(1) 2521/    15EC :                     vidMd_CError:
(1) 2522/    15EC : 4CDF 40C0           		movem.l	(sp)+,d6-d7/a6
(1) 2523/    15F0 : 003C 0001           		or	#1,ccr			; Return Error
(1) 2524/    15F4 :                     vidMd_CFreeze:
(1) 2525/    15F4 : 4E75                		rts
(1) 2526/    15F6 :                     
(1) 2527/    15F6 :                     ; --------------------------------------------------------
(1) 2528/    15F6 :                     ; Video_SetSprMap, Video_MakeSprMap
(1) 2529/    15F6 :                     ; Video_SetSprMap_DMA, Video_MakeSprMap_DMA
(1) 2530/    15F6 :                     ;
(1) 2531/    15F6 :                     ; Sets or Makes a VDP Sprite with map data
(1) 2532/    15F6 :                     ;
(1) 2533/    15F6 :                     ; Input:
(1) 2534/    15F6 :                     ; a0   | Slot (0-80) for _SetSprMap/_SetSprMap_DMA
(1) 2535/    15F6 :                     ; a1   | Map data
(1) 2536/    15F6 :                     ; a2   | PLC data (_DMA/_DMA_Auto ONLY)
(1) 2537/    15F6 :                     ; a3   | Graphics data (_DMA/_DMA_Auto ONLY)
(1) 2538/    15F6 :                     ; d0.w | X position
(1) 2539/    15F6 :                     ; d1.w | Y position
(1) 2540/    15F6 :                     ; d2.w | VRAM output location
(1) 2541/    15F6 :                     ;        For _DMA_Auto: VRAM's attribute bits,
(1) 2542/    15F6 :                     ;        cell vram is ignored.
(1) 2543/    15F6 :                     ; d3.w | Frame number
(1) 2544/    15F6 :                     ;
(1) 2545/    15F6 :                     ; Returns:
(1) 2546/    15F6 :                     ; bcc | OK
(1) 2547/    15F6 :                     ; bcs | Ran out of slots (not sprites)
(1) 2548/    15F6 :                     ; --------------------------------------------------------
(1) 2549/    15F6 :                     
(1) 2550/    15F6 :                     Video_SetSprMap_DMA:
(1) 2551/    15F6 : 48E7 F0E0           		movem.l	d0-d3/a0-a2,-(sp)
(1) 2552/    15FA : 6104                		bsr	Video_SetSprMap
(1) 2553/    15FC : 651E                		bcs.s	vid_MkDmaCarry
(1) 2554/    15FE : 6012                		bra	vid_MkDmaNext
(1) 2555/    1600 :                     Video_SetSprMap:
(1) 2556/    1600 : 48E7 0302           		movem.l	d6-d7/a6,-(sp)
(1) 2557/    1604 : 2E08                		move.l	a0,d7
(1) 2558/    1606 : 7C00                		moveq	#0,d6
(1) 2559/    1608 : 6036                		bra	vidMdSpr_MkSprMap
(1) 2560/    160A :                     Video_MakeSprMap_DMA:
(1) 2561/    160A : 48E7 F0E0           		movem.l	d0-d3/a0-a2,-(sp)
(1) 2562/    160E : 6112                		bsr	Video_MakeSprMap
(1) 2563/    1610 : 650A                		bcs.s	vid_MkDmaCarry
(1) 2564/    1612 :                     vid_MkDmaNext:
(1) 2565/    1612 : 204A                		move.l	a2,a0			; Redirect these regs
(1) 2566/    1614 : 224B                		move.l	a3,a1
(1) 2567/    1616 : 3003                		move.w	d3,d0
(1) 2568/    1618 : 3202                		move.w	d2,d1
(1) 2569/    161A : 6160                		bsr	vid_MkMapDma
(1) 2570/    161C :                     vid_MkDmaCarry:
(1) 2571/    161C : 4CDF 070F           		movem.l	(sp)+,d0-d3/a0-a2
(1) 2572/    1620 : 4E75                		rts
(1) 2573/    1622 :                     
(1) 2574/    1622 :                     Video_MakeSprMap:
(1) 2575/    1622 : 48E7 0302           		movem.l	d6-d7/a6,-(sp)
(1) 2576/    1626 : 7E00                		moveq	#0,d7
(1) 2577/    1628 : 4DF8 EAD0           		lea	(RAM_SprMapList).w,a6
(1) 2578/    162C : 7C17                		moveq	#MAX_MDMAPSPR-1,d6
(1) 2579/    162E :                     .chk_free:
(1) 2580/    162E : 4A16                		tst.b	(a6)
(1) 2581/    1630 : 670C                		beq.s	.mk_spr
(1) 2582/    1632 : 5247                		addq.w	#1,d7
(1) 2583/    1634 : DCFC 0010           		adda	#$10,a6
(1) 2584/    1638 : 51CE FFF4           		dbf	d6,.chk_free
(1) 2585/    163C : 60AE                		bra	vidMd_CError
(1) 2586/    163E :                     .mk_spr:
(1) 2587/    163E : 7C40                		moveq	#$40,d6
(1) 2588/    1640 :                     vidMdSpr_MkSprMap:
(1) 2589/    1640 : 0287 0000 00FF      		andi.l	#$FF,d7
(1) 2590/    1646 : BE7C 0018           		cmp.w	#MAX_MDMAPSPR,d7
(1) 2591/    164A : 6CA0                		bge	vidMd_CError
(1) 2592/    164C : E98F                		lsl.l	#4,d7
(1) 2593/    164E : 0687 FFFF EAD0      		addi.l	#RAM_SprMapList,d7
(1) 2594/    1654 : 2C47                		move.l	d7,a6
(1) 2595/    1656 : 2E09                		move.l	a1,d7
(1) 2596/    1658 : 8C7C 0080           		or.w	#$80,d6
(1) 2597/    165C : 4846                		swap	d6
(1) 2598/    165E : E18E                		lsl.l	#8,d6
(1) 2599/    1660 : CEBC 00FF FFFF      		and.l	#$FFFFFF,d7
(1) 2600/    1666 : 8E86                		or.l	d6,d7
(1) 2601/    1668 : 2CC7                		move.l	d7,(a6)+		; $00 - Map data
(1) 2602/    166A : 3CC3                		move.w	d3,(a6)+		; $04 - Frame
(1) 2603/    166C : 3CC2                		move.w	d2,(a6)+		; $06 - VRAM
(1) 2604/    166E : 3CC0                		move.w	d0,(a6)+		; $08 - X pos
(1) 2605/    1670 : 3CC1                		move.w	d1,(a6)+		; $0A - Y pos
(1) 2606/    1672 : 4CDF 40C0           		movem.l	(sp)+,d6-d7/a6
(1) 2607/    1676 : 023C 001E           		and	#%11110,ccr		; Return OK
(1) 2608/    167A : 4E75                		rts
(1) 2609/    167C :                     
(1) 2610/    167C :                     ; --------------------------------------------------------
(1) 2611/    167C :                     ; Input:
(1) 2612/    167C :                     ; a0   | DMA map data
(1) 2613/    167C :                     ; a1   | Graphics data
(1) 2614/    167C :                     ; d0.w | Current frame in DMA list
(1) 2615/    167C :                     ; d1.w | VRAM position
(1) 2616/    167C :                     ;
(1) 2617/    167C :                     ; USES:
(1) 2618/    167C :                     ; a6
(1) 2619/    167C :                     vid_MkMapDma:
(1) 2620/    167C : 48E7 0F02           		movem.l	d4-d7/a6,-(sp)		; SAVE a6
(1) 2621/    1680 : 7800                		moveq	#0,d4
(1) 2622/    1682 : 0240 00FF           		andi.w	#$FF,d0
(1) 2623/    1686 : D040                 		add.w	d0,d0
(1) 2624/    1688 : 3830 0000           		move.w	(a0,d0.w),d4
(1) 2625/    168C : D0C4                 		adda	d4,a0
(1) 2626/    168E : 3818                 		move.w	(a0)+,d4
(1) 2627/    1690 : 6734                 		beq.s	.no_dma			; If no valid entries, exit.
(1) 2628/    1692 : 6B32                 		bmi.s	.no_dma
(1) 2629/    1694 : 5344                 		subq.w	#1,d4
(1) 2630/    1696 : 0241 07FF           		andi.w	#$07FF,d1
(1) 2631/    169A : EB49                		lsl.w	#5,d1
(1) 2632/    169C :                     .next_pz:
(1) 2633/    169C : 4844                		swap	d4
(1) 2634/    169E : 3818                		move.w	(a0)+,d4
(1) 2635/    16A0 : 3404                		move.w	d4,d2
(1) 2636/    16A2 : EE4A                		lsr.w	#7,d2
(1) 2637/    16A4 : 0242 01E0           		andi.w	#$1E0,d2
(1) 2638/    16A8 : D47C 0020           		add.w	#$20,d2
(1) 2639/    16AC : 7000                		moveq	#0,d0
(1) 2640/    16AE : 3004                		move.w	d4,d0
(1) 2641/    16B0 : 0240 0FFF           		andi.w	#$FFF,d0
(1) 2642/    16B4 : EB48                		lsl.w	#5,d0
(1) 2643/    16B6 : D089                		add.l	a1,d0
(1) 2644/    16B8 : 6100 F666           		bsr	Video_MakeDmaEntry
(1) 2645/    16BC : D242                		add.w	d2,d1
(1) 2646/    16BE : 4844                		swap	d4
(1) 2647/    16C0 : 51CC FFDA           		dbf	d4,.next_pz
(1) 2648/    16C4 : EA49                		lsr.w	#5,d1			; Get d1 back
(1) 2649/    16C6 :                     .no_dma:
(1) 2650/    16C6 : 4CDF 40F0           		movem.l	(sp)+,d4-d7/a6		; Restore a6
(1) 2651/    16CA : 4E75                		rts
(1) 2652/    16CC :                     
(1) 2653/    16CC :                     ; ====================================================================
(1) 2654/    16CC :                     ; ----------------------------------------------------------------
(1) 2655/    16CC :                     ; Video routines for SEGA CD
(1) 2656/    16CC :                     ; ----------------------------------------------------------------
(1) 2657/    16CC :                     
(1) 3193/    16CC :                     
(1) 3194/    16CC :                     ; ====================================================================
(1) 3195/    16CC :                     ; ----------------------------------------------------------------
(1) 3196/    16CC :                     ; Video routines for 32X
(1) 3197/    16CC :                     ; ----------------------------------------------------------------
(1) 3198/    16CC :                     
(1) 3933/    16CC :                     
     182/    16CC :                     		include	"nikona/md/system.asm"
(1)    1/    16CC :                     ; ===========================================================================
(1)    2/    16CC :                     ; ----------------------------------------------------------------
(1)    3/    16CC :                     ; Genesis system routines
(1)    4/    16CC :                     ;
(1)    5/    16CC :                     ; including SCD, 32X and PICO.
(1)    6/    16CC :                     ; ----------------------------------------------------------------
(1)    7/    16CC :                     
(1)    8/    16CC :                     ; ====================================================================
(1)    9/    16CC :                     ; --------------------------------------------------------
(1)   10/    16CC :                     ; Settings
(1)   11/    16CC :                     ; --------------------------------------------------------
(1)   12/    16CC :                     
(1)   13/    16CC : ="SAVE"              TAG_SRAMDATA		equ "SAVE"	; 4-letter savefile id
(1)   14/    16CC :                     
(1)   15/    16CC :                     ; ===================================================================
(1)   16/    16CC :                     ; --------------------------------------------------------
(1)   17/    16CC :                     ; Variables
(1)   18/    16CC :                     ; --------------------------------------------------------
(1)   19/    16CC :                     
(1)   20/    16CC :                     ; ------------------------------------------------
(1)   21/    16CC :                     ; Controller buffer data
(1)   22/    16CC :                     ;
(1)   23/    16CC :                     ; MUST call System_Input during VBlank
(1)   24/    16CC :                     ; ------------------------------------------------
(1)   25/    16CC :                     
(1)   26/    16CC :                     ; ------------------------------------------------
(1)   27/    16CC :                     ; pad_id
(1)   28/    16CC :                     ;
(1)   29/    16CC :                     ; JoyID_MD:
(1)   30/    16CC :                     ; Read pad_ver separately to check if controller
(1)   31/    16CC :                     ; is 3button(0) or 6button(1)
(1)   32/    16CC :                     ; ------------------------------------------------
(1)   33/    16CC :                     
(1)   34/    16CC :                     ;!@
(1)   35/    16CC : =$5                  JoyCount		equ	$05		;!@ Number of controller ports
(1)   36/    16CC : =$3                  JoyID_Mouse		equ $03
(1)   37/    16CC : =$D                  JoyID_MD		equ $0D
(1)   38/    16CC : =$F                  JoyID_MS		equ $0F		; <-- Same ID for no controller
(1)   39/    16CC :                     
(1)   40/    16CC :                     ; ------------------------------------------------
(1)   41/    16CC :                     ; Genesis controller
(1)   42/    16CC :                     ; ------------------------------------------------
(1)   43/    16CC :                     
(1)   44/    16CC : =$1                  JoyUp			equ $0001
(1)   45/    16CC : =$2                  JoyDown			equ $0002
(1)   46/    16CC : =$4                  JoyLeft			equ $0004
(1)   47/    16CC : =$8                  JoyRight		equ $0008
(1)   48/    16CC : =$10                 JoyB			equ $0010
(1)   49/    16CC : =$20                 JoyC			equ $0020
(1)   50/    16CC : =$40                 JoyA			equ $0040
(1)   51/    16CC : =$80                 JoyStart		equ $0080
(1)   52/    16CC : =$100                JoyZ			equ $0100
(1)   53/    16CC : =$200                JoyY			equ $0200
(1)   54/    16CC : =$400                JoyX			equ $0400
(1)   55/    16CC : =$800                JoyMode			equ $0800
(1)   56/    16CC : =$0                  bitJoyUp		equ 0
(1)   57/    16CC : =$1                  bitJoyDown		equ 1
(1)   58/    16CC : =$2                  bitJoyLeft		equ 2
(1)   59/    16CC : =$3                  bitJoyRight		equ 3
(1)   60/    16CC : =$4                  bitJoyB			equ 4
(1)   61/    16CC : =$5                  bitJoyC			equ 5
(1)   62/    16CC : =$6                  bitJoyA			equ 6
(1)   63/    16CC : =$7                  bitJoyStart		equ 7
(1)   64/    16CC : =$8                  bitJoyZ			equ 8
(1)   65/    16CC : =$9                  bitJoyY			equ 9
(1)   66/    16CC : =$A                  bitJoyX			equ 10
(1)   67/    16CC : =$B                  bitJoyMode		equ 11
(1)   68/    16CC :                     
(1)   69/    16CC :                     ; ------------------------------------------------
(1)   70/    16CC :                     ; Mega Mouse
(1)   71/    16CC :                     ;
(1)   72/    16CC :                     ; pad_x and pad_y are speed increment values,
(1)   73/    16CC :                     ; NOT screen position.
(1)   74/    16CC :                     ; ------------------------------------------------
(1)   75/    16CC :                     
(1)   76/    16CC : =$1                  ClickR			equ $0001
(1)   77/    16CC : =$2                  ClickL			equ $0002
(1)   78/    16CC : =$4                  ClickM			equ $0004	; US MOUSE ONLY
(1)   79/    16CC : =$8                  ClickS			equ $0008	; (Untested)
(1)   80/    16CC : =$0                  bitClickL		equ 0
(1)   81/    16CC : =$1                  bitClickR		equ 1
(1)   82/    16CC : =$2                  bitClickM		equ 2
(1)   83/    16CC : =$3                  bitClickS		equ 3
(1)   84/    16CC :                     
(1)   85/    16CC :                     ; ------------------------------------------------
(1)   86/    16CC :                     ; Sega PICO
(1)   87/    16CC :                     ; Directons U/D/L/R use the same bits as Genesis.
(1)   88/    16CC :                     ;
(1)   89/    16CC :                     ; For reading the pen use pad_x and pad_y
(1)   90/    16CC :                     ; pad_y:
(1)   91/    16CC :                     ; $0000-$00EF - Tablet area
(1)   92/    16CC :                     ; $0100-$01EF - Storyware area
(1)   93/    16CC :                     ; ------------------------------------------------
(1)   94/    16CC :                     
(1)   95/    16CC : =$10                 JoyRED			equ $0010
(1)   96/    16CC : =$80                 JoyPEN			equ $0080
(1)   97/    16CC : =$4                  bitJoyRED		equ 4
(1)   98/    16CC : =$7                  bitJoyPEN		equ 7
(1)   99/    16CC :                     
(1)  100/    16CC :                     ; ====================================================================
(1)  101/    16CC :                     ; ----------------------------------------------------------------
(1)  102/    16CC :                     ; Structs
(1)  103/    16CC :                     ; ----------------------------------------------------------------
(1)  104/    16CC :                     
(1)  105/    16CC :                     ; ------------------------------------------------
(1)  106/    16CC :                     ; RAM_InputData
(1)  107/    16CC :                     ; ------------------------------------------------
(1)  108/    16CC :                     
(1)  109/       0 :                     pad			struct
(1)  110/       0 :                     id			ds.b 1		; Controller ID
(1)  111/       1 :                     ver			ds.b 1		; Controller type/revision
(1)  112/       2 :                     hold			ds.w 1		; HOLD bits
(1)  113/       4 :                     press			ds.w 1		; PRESSED bits
(1)  114/       6 :                     release			ds.w 1		; RELEASED bits
(1)  115/       8 :                     x			ds.w 1		; Mouse/Pen X speed
(1)  116/       A :                     y			ds.w 1		; Mouse/Pen Y speed
(1)  117/       C :                     page			ds.w 1		; PICO page
(1)  118/       E :                     ext			ds.w 1
(1)  119/      10 :                     port	ds.l 1		;!@ MMIO addr for the controller port
(1)  120/      14 :                     ; pad_len		ds.l 0
(1)  121/    16CC : =$14                 			endstruct
(1)  122/    16CC :                     
(1)  123/    16CC :                     ; ------------------------------------------------
(1)  124/    16CC :                     ; The object's memory
(1)  125/    16CC :                     ; ------------------------------------------------
(1)  126/    16CC :                     
(1)  127/       0 :                     obj			struct
(1)  128/       0 :                     code			ds.l 1		; Object code, If 0 == blank slot
(1)  129/       4 :                     x			ds.l 1		; Object X Position $xxxx.0000
(1)  130/       8 :                     y			ds.l 1		; Object Y Position $yyyy.0000
(1)  131/       C :                     z			ds.l 1		; Object Z Position $zzzz.0000 (3D ONLY)
(1)  132/      10 :                     size_x			ds.w 1		; Object size Left/Right $llrr
(1)  133/      12 :                     size_y			ds.w 1		; Object size Up/Down $uudd
(1)  134/      14 :                     size_z			ds.w 1		; Object size Zback/Zfront $bbff starting from object's X/Y pointer in 10mm's (3D ONLY)
(1)  135/      16 :                     x_spd			ds.w 1		; Object X Speed $xx.00 (object_Speed)
(1)  136/      18 :                     y_spd			ds.w 1		; Object Y Speed $yy.00 ''
(1)  137/      1A :                     z_spd			ds.w 1		; Object Z Speed $zz.00 '' (3D ONLY)
(1)  138/      1C :                     index			ds.b 1		; Object current code index, mostly for init(0) and main(1)
(1)  139/      1D :                     subid			ds.b 1		; Object Sub-ID for custom placement settings
(1)  140/      1E :                     status			ds.b 1		; General purpose USER status: Falling, Floating, etc.
(1)  141/      1F :                     attr			ds.b 1		; Quick attribute bits for VRAM (depending of the type)
(1)  142/      20 :                     					; ** object_Animate ONLY:
(1)  143/      20 :                     frame			ds.w 1		; ** Current frame, object_Animate outputs here
(1)  144/      22 :                     anim_num		ds.w 1		; ** Animation number to use
(1)  145/      24 :                     anim_indx		ds.w 1		; ** Animation script index
(1)  146/      26 :                     anim_icur		ds.b 1		; ** Current animation id
(1)  147/      27 :                     anim_spd		ds.b 1		; ** Animation delay set on animation script
(1)  148/      28 :                     ram			ds.b $40	; Object's own RAM
(1)  149/      68 :                     ; obj_len		ds.l 0
(1)  150/    16CC : =$68                 			endstruct
(1)  151/    16CC :                     
(1)  152/    16CC :                     ; ====================================================================
(1)  153/    16CC :                     ; ----------------------------------------------------------------
(1)  154/    16CC :                     ; RAM section
(1)  155/    16CC :                     ; ----------------------------------------------------------------
(1)  156/    16CC :                     
(1)  157/    16CC : (MACRO)              			memory RAM_MdSystem
(1)  157/    16CC : =$16CC               GLBL_LASTPC     := *
(1)  157/    16CC :                                     dephase
(1)  157/FFFFFFFFFFFFF0F8 :                                     phase RAM_MDSYSTEM
(1)  157/FFFFFFFFFFFFF0F8 : =$FFFFFFFFFFFFF0F8   GLBL_LASTORG    := *
(1)  158/FFFFFFFFFFFFF0F8 :                     ;!@ RAM_InputData		ds.b pad_len*4		; Input data section
(1)  159/FFFFFFFFFFFFF0F8 :                     RAM_InputData		ds.b pad_len*JoyCount	; Input data section
(1)  160/FFFFFFFFFFFFF15C :                     RAM_SysRandVal		ds.l 1			; Random value
(1)  161/FFFFFFFFFFFFF160 :                     RAM_SysRandom		ds.l 1			; Randomness seed
(1)  162/FFFFFFFFFFFFF164 :                     RAM_SysLastBank		ds.l 1			; Last bank loaded
(1)  163/FFFFFFFFFFFFF168 :                     RAM_CurrObjList		ds.l 1			; Current pointer to objects
(1)  164/FFFFFFFFFFFFF16C :                     RAM_VBlankJump		ds.w 3			; VBlank jump (JMP xxxx xxxx)
(1)  165/FFFFFFFFFFFFF172 :                     RAM_HBlankJump		ds.w 3			; HBlank jump (JMP xxxx xxxx)
(1)  166/FFFFFFFFFFFFF178 :                     RAM_ExternalJump	ds.w 3			; External jump (JMP xxxx xxxx)
(1)  167/FFFFFFFFFFFFF17E :                     RAM_SaveEnable		ds.w 1			; Flag to enable SAVE data
(1)  168/FFFFFFFFFFFFF180 :                     RAM_ScreenMode		ds.w 1			; Current screen number
(1)  169/FFFFFFFFFFFFF182 :                     RAM_ScreenOption	ds.w 1			; Current screen setting (OPTIONAL)
(1)  170/FFFFFFFFFFFFF184 :                     RAM_CurrObjNum		ds.w 1
(1)  171/FFFFFFFFFFFFF186 :                     sizeof_mdsys		ds.l 0
(1)  172/FFFFFFFFFFFFF18C : (MACRO)              			endmemory
(1)  172/    1760 :                     .here:          dephase
(1)  172/    1760 :                                     ds.b -(.here-GLBL_LASTORG)
(1)  172/    16CC :                                     phase GLBL_LASTPC
(1)  173/    16CC :                     
(1)  174/    16CC :                     ; ====================================================================
(1)  175/    16CC :                     ; ----------------------------------------------------------------
(1)  176/    16CC :                     ; Label aliases
(1)  177/    16CC :                     ; ----------------------------------------------------------------
(1)  178/    16CC :                     
(1)  179/    16CC : =$FFFFFFFFFFFFF0F8   Controller_1		equ RAM_InputData
(1)  180/    16CC : =$FFFFFFFFFFFFF10C   Controller_2		equ RAM_InputData+pad_len
(1)  181/    16CC : =$FFFFFFFFFFFFF120   Controller_3		equ RAM_InputData+pad_len*2
(1)  182/    16CC : =$FFFFFFFFFFFFF134   Controller_4		equ RAM_InputData+pad_len*3
(1)  183/    16CC : =$FFFFFFFFFFFFF148   Controller_5		equ RAM_InputData+pad_len*4	;!@
(1)  184/    16CC :                     
(1)  185/    16CC :                     ; ====================================================================
(1)  186/    16CC :                     ; --------------------------------------------------------
(1)  187/    16CC :                     ; Init System
(1)  188/    16CC :                     ; 
(1)  189/    16CC :                     ; Uses:
(1)  190/    16CC :                     ; a0-a2,d0-d1
(1)  191/    16CC :                     ; --------------------------------------------------------
(1)  192/    16CC :                     
(1)  193/    16CC :                     System_Init:
(1)  194/    16CC : 007C 0700           		or.w	#$0700,sr
(1)  195/    16D0 :                     	;!@
(1)  197/    16D0 : 33FC 0100 00A1      		move.w	#$0100,(z80_bus).l	; Stop Z80
             16D6 : 1100             
(1)  198/    16D8 :                     .wait:
(1)  199/    16D8 : 0839 0000 00A1      		btst	#0,(z80_bus).l		; Wait Z80
             16DE : 1100             
(1)  200/    16E0 : 66F6                		bne.s	.wait
(1)  201/    16E2 :                     	;!@
(1)  203/    16E2 :                     		
(1)  204/    16E2 : 7040                		moveq	#%01000000,d0		; Init ports, TH=1
(1)  205/    16E4 :                     	;!@ 
(1)  209/    16E4 :                     		
(1)  210/    16E4 :                     	;!@ ???
(1)  212/    16E4 : 13C0 00A1 0009      		move.b	d0,(sys_ctrl_1).l	; Controller 1
(1)  213/    16EA : 13C0 00A1 000B      		move.b	d0,(sys_ctrl_2).l	; Controller 2
(1)  214/    16F0 : 13C0 00A1 000D      		move.b	d0,(sys_ctrl_3).l	; Modem
(1)  216/    16F6 :                     		
(1)  217/    16F6 :                     	;!@
(1)  219/    16F6 : 33FC 0000 00A1      		move.w	#0,(z80_bus).l		; Enable Z80
             16FC : 1100             
(1)  221/    16FE :                     	
(1)  222/    16FE : 303C 4EF9           		move.w	#$4EF9,d0		; JMP opcode
(1)  223/    1702 : 31C0 F16C            		move.w	d0,(RAM_VBlankJump).w
(1)  224/    1706 : 31C0 F172           		move.w	d0,(RAM_HBlankJump).w
(1)  225/    170A : 31C0 F178           		move.w	d0,(RAM_ExternalJump).w
(1)  226/    170E : 203C 0000 1A98      		move.l	#VInt_Default,d0	; Set default interrupt jumps
(1)  227/    1714 : 223C 0000 1A98      		move.l	#HInt_Default,d1
(1)  228/    171A : 243C 0000 1A98      		move.l	#ExtInt_Default,d2
(1)  229/    1720 : 6100 0592           		bsr	System_SetIntJumps
(1)  230/    1724 : 41F8 F0F8           		lea	(RAM_InputData).w,a0	; Clear input data buffer
(1)  231/    1728 : 323C 0009           		move.w	#(pad_len/2)-1,d1
(1)  232/    172C : 7000                		moveq	#0,d0
(1)  233/    172E : 23C0 FFFF F164      		move.l	d0,(RAM_SysLastBank).l
(1)  234/    1734 :                     .clrinput:
(1)  235/    1734 : 30C0                		move.w	d0,(a0)+
(1)  236/    1736 : 51C9 FFFC           		dbf	d1,.clrinput
(1)  238/    173A : 6100 027E           		bsr	System_SramInit		; Init/Load SRAM
(1)  240/    173E : 027C F8FF           		andi.w	#$F8FF,sr
(1)  241/    1742 :                     		
(1)  242/    1742 :                     		;!@ Initialize controller port data addresses
(1)  243/    1742 : 4EB9 0000 179C      		jsr	(System_Input_Init).l
(1)  244/    1748 : 4E75                		rts
(1)  245/    174A :                     
(1)  246/    174A :                     ; ====================================================================
(1)  247/    174A :                     ; --------------------------------------------------------
(1)  248/    174A :                     ; System_Render
(1)  249/    174A :                     ;
(1)  250/    174A :                     ; This will:
(1)  251/    174A :                     ; - Drop a frame if we got late on VBlank
(1)  252/    174A :                     ; - Process Palette fading buffers
(1)  253/    174A :                     ;   (Video_MdMars_RunFade: CPU-INTENSIVE IF PROCESSING
(1)  254/    174A :                     ;   BOTH VDP AND 32X SVDP Palettes)
(1)  255/    174A :                     ; - Check the sound driver for any changes/requests
(1)  256/    174A :                     ;   from Z80 (Sound_Update, several times)
(1)  257/    174A :                     ; - 32X/CD32X only: Update the "DREQ RAM" section
(1)  258/    174A :                     ;   to the SH2 using DREQ FIFO (System_MdMars_Update)
(1)  259/    174A :                     ;
(1)  260/    174A :                     ; Then during VBlank:
(1)  261/    174A :                     ; - Read the Input data (System_Input)
(1)  262/    174A :                     ; - Transfer the VDP Palette, Sprites and Scroll
(1)  263/    174A :                     ;   from from RAM to VDP and process the DMA BLAST list.
(1)  264/    174A :                     ;   (Video_Render)
(1)  265/    174A :                     ;
(1)  266/    174A :                     ; Notes:
(1)  267/    174A :                     ; - This exits INSIDE VBlank
(1)  268/    174A :                     ; - If VDP Display is disabled all of this
(1)  269/    174A :                     ;   will be skipped.
(1)  270/    174A :                     ; --------------------------------------------------------
(1)  271/    174A :                     
(1)  272/    174A :                     System_Render:
(1)  273/    174A : 3E38 F0F2           		move.w	(RAM_VdpRegSet1).w,d7
(1)  274/    174E : 0807 0006           		btst	#bitDispEnbl,d7
(1)  275/    1752 : 671C                		beq	.forgot_disp
(1)  276/    1754 : 6100 F7F4           		bsr	Video_RunFade			; Process VDP palette fade
(1)  277/    1758 :                     .wait_early:
(1)  278/    1758 : 613E                		bsr	Sound_Update			; Update sound on wait
(1)  279/    175A : 3E39 00C0 0004      		move.w	(vdp_ctrl).l,d7
(1)  280/    1760 : 0807 0003           		btst	#bitVBlk,d7
(1)  281/    1764 : 66F2                		bne.s	.wait_early
(1)  282/    1766 :                     	; ----------------------------------------
(1)  283/    1766 :                     	; 32X/CD32X
(1)  313/    1766 :                     ; ----------------------------------------
(1)  314/    1766 : 610A                		bsr	.wait_vblank			; Genesis normal VBlank wait
(1)  315/    1768 :                     ; ----------------------------------------
(1)  321/    1768 :                     .from_late:
(1)  322/    1768 : 612E                		bsr	Sound_Update
(1)  326/    176A : 52B8 F0DC           		addq.l	#1,(RAM_Framecount).w		; Count the frame.
(1)  327/    176E : 6128                		bsr	Sound_Update
(1)  328/    1770 :                     .forgot_disp:
(1)  329/    1770 : 4E75                		rts
(1)  330/    1772 :                     
(1)  331/    1772 :                     ; ----------------------------------------
(1)  332/    1772 :                     ; Wait until beam reaches VBlank
(1)  333/    1772 :                     ; ----------------------------------------
(1)  334/    1772 :                     
(1)  335/    1772 : 6124                .wait_vblank:	bsr	Sound_Update			; Update sound on wait
(1)  336/    1774 : 3E39 00C0 0004      		move.w	(vdp_ctrl).l,d7
(1)  337/    177A : 0807 0003           		btst	#bitVBlk,d7
(1)  338/    177E : 67F2                		beq.s	.wait_vblank
(1)  339/    1780 : 6160                		bsr	System_Input			; Read input data **FIRST**
(1)  340/    1782 : 6000 EE8C           		bra	Video_Render			; Render VDP Visuals
(1)  341/    1786 :                     
(1)  342/    1786 :                     ; ====================================================================
(1)  343/    1786 :                     ; --------------------------------------------------------
(1)  344/    1786 :                     ; System_DmaEnter_(from) and System_DmaEnter_(from)
(1)  345/    1786 :                     ; from ROM or RAM
(1)  346/    1786 :                     ;
(1)  347/    1786 :                     ; Call these labels BEFORE and AFTER your
(1)  348/    1786 :                     ; DMA-to-VDP transers, these are NOT needed for
(1)  349/    1786 :                     ; FILL or COPY.
(1)  350/    1786 :                     ;
(1)  351/    1786 :                     ; This is where you put your Sound driver's Z80 stop
(1)  352/    1786 :                     ; or pause calls here
(1)  353/    1786 :                     ; SAVE THE REGISTERS THAT YOU GONNA USE TO STACK.
(1)  354/    1786 :                     ; --------------------------------------------------------
(1)  355/    1786 :                     
(1)  356/    1786 :                     ; --------------------------------------------------------
(1)  357/    1786 :                     ; *** THESE ENABLE AND DISABLE THE RV BIT ***
(1)  358/    1786 :                     System_DmaEnter_ROM:
(1)  359/    1786 : 6104                		bsr	System_DmaEnter_RAM
(1)  367/    1788 : 4E75                		rts
(1)  368/    178A :                     
(1)  369/    178A :                     System_DmaExit_ROM:
(1)  377/    178A : 6004                		bra	System_DmaExit_RAM
(1)  378/    178C :                     
(1)  379/    178C :                     ; --------------------------------------------------------
(1)  380/    178C :                     ; *** EXTERNAL JUMPS ***
(1)  381/    178C :                     ; --------------------------------------------------------
(1)  382/    178C :                     
(1)  383/    178C :                     System_DmaEnter_RAM:
(1)  384/    178C : 6000 EC86           		bra	gemaDmaPause
(1)  385/    1790 :                     System_DmaExit_RAM:
(1)  386/    1790 : 6000 ECA0           		bra	gemaDmaResume
(1)  387/    1794 :                     
(1)  388/    1794 :                     ; ------------------------------------------------
(1)  389/    1794 :                     
(1)  408/    1794 :                     
(1)  409/    1794 :                     ; ====================================================================
(1)  410/    1794 :                     ; --------------------------------------------------------
(1)  411/    1794 :                     ; Init sound driver
(1)  412/    1794 :                     ; --------------------------------------------------------
(1)  413/    1794 :                     
(1)  414/    1794 :                     Sound_Init:
(1)  415/    1794 : 6000 EB0C           		bra	gemaInit
(1)  416/    1798 :                     
(1)  417/    1798 :                     ; ====================================================================
(1)  418/    1798 :                     ; --------------------------------------------------------
(1)  419/    1798 :                     ; Update sound/syncronize with the Z80
(1)  420/    1798 :                     ; --------------------------------------------------------
(1)  421/    1798 :                     
(1)  422/    1798 :                     Sound_Update:
(1)  423/    1798 : 6000 EBAC           		bra	gemaSendRam
(1)  424/    179C :                     	
(1)  425/    179C :                     ;!@ 	
(1)  426/    179C :                     ; ====================================================================
(1)  427/    179C :                     ; --------------------------------------------------------
(1)  428/    179C :                     ; System_Input_Init
(1)  429/    179C :                     ; Initializes the MMIO ports to poll for controller data (Controller_1 to Controller_5) based on platform (Pico or not-Pico)
(1)  430/    179C :                     ;
(1)  431/    179C :                     ; Uses: a0-a1
(1)  432/    179C :                     ; --------------------------------------------------------
(1)  433/    179C :                     
(1)  434/    179C :                     System_Input_Init:	
(1)  478/    179C :                     	;Genesis-based platforms, so:
(1)  479/    179C :                     	;Controller_1 = Genesis_p1
(1)  480/    179C :                     	;Controller_2 = Genesis_p2
(1)  481/    179C :                     	;Controller_3-Controller_5= Genesis_ext
(1)  482/    179C : 41F9 FFFF F0F8      	lea	(Controller_1).l,a0
(1)  483/    17A2 : 43F9 00A1 0003      	lea	(sys_data_1).l,a1
(1)  484/    17A8 : 2149 0010           	move.l	a1,pad_port(a0)
(1)  485/    17AC :                     	
(1)  486/    17AC : 41F9 FFFF F10C      	lea	(Controller_2).l,a0
(1)  487/    17B2 : 43F9 00A1 0005      	lea	(sys_data_2).l,a1
(1)  488/    17B8 : 2149 0010           	move.l	a1,pad_port(a0)
(1)  489/    17BC :                     	
(1)  490/    17BC : 41F9 FFFF F120      	lea	(Controller_3).l,a0
(1)  491/    17C2 : 43F9 00A1 0007      	lea	(sys_data_3).l,a1
(1)  492/    17C8 : 2149 0010           	move.l	a1,pad_port(a0)	
(1)  493/    17CC : 41F9 FFFF F134      	lea	(Controller_4).l,a0
(1)  494/    17D2 : 2149 0010           	move.l	a1,pad_port(a0)	
(1)  495/    17D6 : 41F9 FFFF F148      	lea	(Controller_5).l,a0
(1)  496/    17DC : 2149 0010           	move.l	a1,pad_port(a0)
(1)  498/    17E0 :                     	
(1)  499/    17E0 : 4E75                	rts
(1)  500/    17E2 :                     ; ====================================================================
(1)  501/    17E2 :                     
(1)  502/    17E2 :                     
(1)  503/    17E2 :                     ; ====================================================================
(1)  504/    17E2 :                     ; --------------------------------------------------------
(1)  505/    17E2 :                     ; System_Input
(1)  506/    17E2 :                     ;
(1)  507/    17E2 :                     ; Reads data from the Controller ports
(1)  508/    17E2 :                     ;
(1)  509/    17E2 :                     ; Call this during VBlank only once per frame,
(1)  510/    17E2 :                     ; System_Render already calls this.
(1)  511/    17E2 :                     ;
(1)  512/    17E2 :                     ; Uses:
(1)  513/    17E2 :                     ; d5-d7,a5-a6
(1)  514/    17E2 :                     ; --------------------------------------------------------
(1)  515/    17E2 :                     
(1)  516/    17E2 :                     ; ----------------------------------------
(1)  517/    17E2 :                     ; PICO input is hard-coded to
(1)  518/    17E2 :                     ; Controller_1
(1)  519/    17E2 :                     ;
(1)  520/    17E2 :                     ; pad_hold/pad_press:
(1)  521/    17E2 :                     ; %P00BRLDU
(1)  522/    17E2 :                     ; UDLR - Arrows
(1)  523/    17E2 :                     ;    B - BIG button red (JoyB)
(1)  524/    17E2 :                     ;    P - Pen press/click (JoyStart)
(1)  525/    17E2 :                     ;
(1)  526/    17E2 :                     ; pad_x/pad_y:
(1)  527/    17E2 :                     ; Pen X/Y position
(1)  528/    17E2 :                     ; ----------------------------------------
(1)  529/    17E2 :                     
(1)  530/    17E2 :                     System_Input:
(1)  581/    17E2 :                     
(1)  582/    17E2 :                     	; ----------------------------------------
(1)  583/    17E2 :                     	; !@ Normal Genesis controls (P1 port)
(1)  584/    17E2 : 4DF8 F0F8           	lea	(RAM_InputData),a6
(1)  585/    17E6 : 2A6E 0010           	move.l	pad_port(a6),a5
(1)  586/    17EA : 612A                	bsr.s	.this_one
(1)  588/    17EC :                     	
(1)  589/    17EC : DCFC 0014           	adda	#pad_len,a6
(1)  590/    17F0 : 2A6E 0010           	move.l	pad_port(a6),a5
(1)  591/    17F4 : 6120                	bsr.s	.this_one
(1)  592/    17F6 :                     	
(1)  593/    17F6 :                     	;if PICO_MODS == 1
(1)  594/    17F6 : DCFC 0014           	adda	#pad_len,a6
(1)  595/    17FA : 2A6E 0010           	move.l	pad_port(a6),a5
(1)  596/    17FE : 6116                	bsr.s	.this_one
(1)  597/    1800 :                     	
(1)  598/    1800 : DCFC 0014           	adda	#pad_len,a6
(1)  599/    1804 : 2A6E 0010           	move.l	pad_port(a6),a5
(1)  600/    1808 : 610C                	bsr.s	.this_one
(1)  601/    180A :                     	
(1)  602/    180A : DCFC 0014           	adda	#pad_len,a6
(1)  603/    180E : 2A6E 0010           	move.l	pad_port(a6),a5
(1)  604/    1812 : 6102                	bsr.s	.this_one
(1)  605/    1814 :                     	;endif
(1)  606/    1814 : 4E75                	rts
(1)  607/    1816 :                     	
(1)  608/    1816 :                     	; moveq	#JoyCount-1,d4		;!@
(1)  609/    1816 :                     	; lea		(RAM_InputData).w,a6	; a6 - Output
(1)  610/    1816 :                     		
(1)  611/    1816 :                     ; .poll:
(1)  612/    1816 :                     	; ;!@ lea	(sys_data_1),a5		; a5 - BASE Genesis Input regs area
(1)  613/    1816 :                     	; movea.l	pad_port(a6),a5
(1)  614/    1816 :                     	; bsr.s	.this_one
(1)  615/    1816 :                     	; ;!@ adda	#2,a5
(1)  616/    1816 :                     	; adda	#pad_len,a6
(1)  617/    1816 :                     	; dbf		d4,.poll			;!@
(1)  618/    1816 :                     	; rts
(1)  619/    1816 :                     ; ====================================================================
(1)  620/    1816 :                     
(1)  621/    1816 :                     ; ----------------------------------------
(1)  622/    1816 :                     ; Read port
(1)  623/    1816 :                     ;
(1)  624/    1816 :                     ; a5 - Current port
(1)  625/    1816 :                     ; a6 - Output data
(1)  626/    1816 :                     ; ----------------------------------------
(1)  627/    1816 :                     
(1)  628/    1816 :                     .this_one:
(1)  629/    1816 : 611C                		bsr	.pick_id
(1)  630/    1818 : 1C87                		move.b	d7,pad_id(a6)
(1)  631/    181A : 0C47 000F           		cmpi.w	#$0F,d7
(1)  632/    181E : 670E                		beq.s	.exit
(1)  633/    1820 : 0247 000F           		andi.w	#$0F,d7
(1)  634/    1824 : DE47                		add.w	d7,d7
(1)  635/    1826 : 3C3B 703C           		move.w	.list(pc,d7.w),d6
(1)  636/    182A : 4EFB 6038           		jmp	.list(pc,d6.w)
(1)  637/    182E :                     .exit:
(1)  638/    182E : 422E 0001           		clr.b	pad_ver(a6)
(1)  639/    1832 : 4E75                		rts
(1)  640/    1834 :                     
(1)  641/    1834 :                     ; ----------------------------------------
(1)  642/    1834 :                     ; Grab ID
(1)  643/    1834 :                     ; ----------------------------------------
(1)  644/    1834 :                     
(1)  645/    1834 :                     .pick_id:
(1)  646/    1834 : 7E00                		moveq	#0,d7
(1)  647/    1836 : 1ABC 0070           		move.b	#%01110000,(a5)		; TH=1,TR=1,TL=1
(1)  648/    183A : 4E71                		nop
(1)  649/    183C : 4E71                		nop
(1)  650/    183E : 610A                		bsr	.read
(1)  651/    1840 : 1ABC 0030           		move.b	#%00110000,(a5)		; TH=0,TR=1,TL=1
(1)  652/    1844 : 4E71                		nop
(1)  653/    1846 : 4E71                		nop
(1)  654/    1848 : DE47                		add.w	d7,d7
(1)  655/    184A :                     .read:
(1)  656/    184A : 1A15                		move.b	(a5),d5
(1)  657/    184C : 1C05                		move.b	d5,d6
(1)  658/    184E : 0206 000C           		andi.b	#%1100,d6
(1)  659/    1852 : 6702                		beq.s	.step_1
(1)  660/    1854 : 5247                		addq.w	#1,d7
(1)  661/    1856 :                     .step_1:
(1)  662/    1856 : DE47                		add.w	d7,d7
(1)  663/    1858 : 1C05                		move.b	d5,d6
(1)  664/    185A : 0246 0003           		andi.w	#%0011,d6
(1)  665/    185E : 6702                		beq.s	.step_2
(1)  666/    1860 : 5247                		addq.w	#1,d7
(1)  667/    1862 :                     .step_2:
(1)  668/    1862 : 4E75                		rts
(1)  669/    1864 :                     
(1)  670/    1864 :                     ; ----------------------------------------
(1)  671/    1864 :                     ; Grab ID
(1)  672/    1864 :                     ; ----------------------------------------
(1)  673/    1864 :                     
(1)  674/    1864 :                     .list:
(1)  675/    1864 : FFCA                		dc.w .exit-.list	; $00
(1)  676/    1866 : FFCA                		dc.w .exit-.list
(1)  677/    1868 : FFCA                		dc.w .exit-.list
(1)  678/    186A : 0020                		dc.w .id_03-.list	; $03 - Mega Mouse
(1)  679/    186C : FFCA                		dc.w .exit-.list	; $04
(1)  680/    186E : FFCA                		dc.w .exit-.list
(1)  681/    1870 : FFCA                		dc.w .exit-.list
(1)  682/    1872 : FFCA                		dc.w .exit-.list
(1)  683/    1874 : FFCA                		dc.w .exit-.list	; $08
(1)  684/    1876 : FFCA                		dc.w .exit-.list
(1)  685/    1878 : FFCA                		dc.w .exit-.list
(1)  686/    187A : FFCA                		dc.w .exit-.list
(1)  687/    187C : FFCA                		dc.w .exit-.list	; $0C
(1)  688/    187E : 00CA                		dc.w .id_0D-.list	; $0D - Genesis controller 3 or 6 button
(1)  689/    1880 : FFCA                		dc.w .exit-.list
(1)  690/    1882 : FFCA                		dc.w .exit-.list	; $0F - No controller / Master System controller (Buttons 1 and 2)
(1)  691/    1884 :                     
(1)  692/    1884 :                     ; ----------------------------------------
(1)  693/    1884 :                     ; ID $03
(1)  694/    1884 :                     ;
(1)  695/    1884 :                     ; Mega Mouse
(1)  696/    1884 :                     ; ----------------------------------------
(1)  697/    1884 :                     
(1)  698/    1884 :                     ; *** NOT TESTED ON HARDWARE ***
(1)  699/    1884 :                     
(1)  700/    1884 :                     .id_03:
(1)  701/    1884 : 1ABC 0020           		move.b	#$20,(a5)
(1)  702/    1888 : 1B7C 0060 0006      		move.b	#$60,6(a5)
(1)  703/    188E : 0815 0004           		btst	#4,(a5)
(1)  704/    1892 : 6700 0094           		beq.w	.invalid
(1)  705/    1896 : 1ABC 0000           		move.b	#$00,(a5)	; $0F
(1)  706/    189A : 4E71                		nop
(1)  707/    189C : 4E71                		nop
(1)  708/    189E : 1ABC 0020           		move.b	#$20,(a5)	; $0F
(1)  709/    18A2 : 4E71                		nop
(1)  710/    18A4 : 4E71                		nop
(1)  711/    18A6 : 1ABC 0000           		move.b	#$00,(a5)	; Yo | Xo | Ys | Xs
(1)  712/    18AA : 4E71                		nop
(1)  713/    18AC : 4E71                		nop
(1)  714/    18AE : 1A15                		move.b	(a5),d5		; d5 - X/Y direction bits (Ys Xs)
(1)  715/    18B0 : 1ABC 0020           		move.b	#$20,(a5)	; C | M | R | L
(1)  716/    18B4 : 4E71                		nop
(1)  717/    18B6 : 4E71                		nop
(1)  718/    18B8 : 1E15                		move.b	(a5),d7
(1)  719/    18BA : 0247 000F            		andi.w	#%1111,d7
(1)  720/    18BE : 3C2E 0002           		move.w	pad_hold(a6),d6
(1)  721/    18C2 : BF46                		eor.w	d7,d6
(1)  722/    18C4 : 3D47 0002           		move.w	d7,pad_hold(a6)
(1)  723/    18C8 : CC47                		and.w	d7,d6
(1)  724/    18CA : 3D46 0004           		move.w	d6,pad_press(a6)
(1)  725/    18CE : 1ABC 0000           		move.b	#$00,(a5)	; X7 | X6 | X5 | X4
(1)  726/    18D2 : 4E71                		nop
(1)  727/    18D4 : 4E71                		nop
(1)  728/    18D6 : 1E15                		move.b	(a5),d7
(1)  729/    18D8 : 1ABC 0020           		move.b	#$20,(a5)	; X3 | X2 | X1 | X0
(1)  730/    18DC : 0247 000F           		andi.w	#%1111,d7
(1)  731/    18E0 : E94F                		lsl.w	#4,d7
(1)  732/    18E2 : 4E71                		nop
(1)  733/    18E4 : 1C15                		move.b	(a5),d6
(1)  734/    18E6 : 0246 000F           		andi.w	#%1111,d6
(1)  735/    18EA : 8E46                		or.w	d6,d7
(1)  736/    18EC : 0805 0000           		btst    #0,d5
(1)  737/    18F0 : 6704                		beq.s	.x_neg
(1)  738/    18F2 : 4407                		neg.b	d7
(1)  739/    18F4 : 4447                		neg.w	d7
(1)  740/    18F6 :                     .x_neg:
(1)  741/    18F6 : 3D47 0008           		move.w	d7,pad_x(a6)
(1)  742/    18FA : 1ABC 0000           		move.b	#$00,(a5)	; Y7 | Y6 | Y5 | Y4
(1)  743/    18FE : 4E71                		nop
(1)  744/    1900 : 4E71                		nop
(1)  745/    1902 : 1E15                		move.b	(a5),d7
(1)  746/    1904 : 1ABC 0020           		move.b	#$20,(a5)	; Y3 | Y2 | Y1 | Y0
(1)  747/    1908 : 0247 000F           		andi.w	#%1111,d7
(1)  748/    190C : E94F                		lsl.w	#4,d7
(1)  749/    190E : 4E71                		nop
(1)  750/    1910 : 1C15                		move.b	(a5),d6
(1)  751/    1912 : 0246 000F           		andi.w	#%1111,d6
(1)  752/    1916 : 8E46                		or.w	d6,d7
(1)  753/    1918 : 0805 0001           		btst    #1,d5
(1)  754/    191C : 6704                		beq.s	.y_neg
(1)  755/    191E : 4407                		neg.b	d7
(1)  756/    1920 : 4447                		neg.w	d7
(1)  757/    1922 :                     .y_neg:
(1)  758/    1922 : 4447                		neg.w	d7		; Reverse Y
(1)  759/    1924 : 3D47 000A           		move.w	d7,pad_y(a6)
(1)  760/    1928 :                     
(1)  761/    1928 :                     .invalid:
(1)  762/    1928 : 1ABC 0060           		move.b	#$60,(a5)
(1)  763/    192C : 4E75                		rts
(1)  764/    192E :                     
(1)  765/    192E :                     ; ----------------------------------------
(1)  766/    192E :                     ; ID $0D
(1)  767/    192E :                     ;
(1)  768/    192E :                     ; Normal controller: 3 button or 6 button.
(1)  769/    192E :                     ; ----------------------------------------
(1)  770/    192E :                     
(1)  771/    192E :                     .id_0D:
(1)  772/    192E : 1ABC 0040           		move.b	#$40,(a5)	; Show CB|RLDU
(1)  773/    1932 : 4E71                		nop
(1)  774/    1934 : 4E71                		nop
(1)  775/    1936 : 1A15                		move.b	(a5),d5
(1)  776/    1938 : 0245 003F           		andi.w	#%00111111,d5
(1)  777/    193C : 1ABC 0000           		move.b	#$00,(a5)	; Show SA|RLDU
(1)  778/    1940 : 4E71                		nop
(1)  779/    1942 : 4E71                		nop
(1)  780/    1944 : 1E15                		move.b	(a5),d7
(1)  781/    1946 : E54F                		lsl.w	#2,d7
(1)  782/    1948 : 0247 00C0           		andi.w	#%11000000,d7
(1)  783/    194C : 8E45                		or.w	d5,d7
(1)  784/    194E : 1ABC 0040           		move.b	#$40,(a5)	; Show CB|RLDU (2)
(1)  785/    1952 : 4647                		not.w	d7
(1)  786/    1954 : 1A2E 0003           		move.b	pad_hold+1(a6),d5
(1)  787/    1958 : 1805                		move.b	d5,d4
(1)  788/    195A : 1ABC 0000           		move.b	#$00,(a5)	; Show SA|RLDU (3)
(1)  789/    195E : BF05                		eor.b	d7,d5
(1)  790/    1960 : 1D47 0003           		move.b	d7,pad_hold+1(a6)
(1)  791/    1964 : CA07                		and.b	d7,d5
(1)  792/    1966 : 1ABC 0040           		move.b	#$40,(a5)	; 6 button responds (4)
(1)  793/    196A : 1D45 0005           		move.b	d5,pad_press+1(a6)
(1)  794/    196E : 1A07                		move.b	d7,d5
(1)  795/    1970 : 1E15                		move.b	(a5),d7		; Grab ??|MXYZ
(1)  796/    1972 : 1ABC 0000            		move.b	#$00,(a5)	; (5)
(1)  797/    1976 : B905                		eor.b	d4,d5
(1)  798/    1978 : CA04                		and.b	d4,d5
(1)  799/    197A : 1C15                 		move.b	(a5),d6		; Type: $03 old, $0F new
(1)  800/    197C : 1ABC 0040            		move.b	#$40,(a5)	; (6)
(1)  801/    1980 : 1D45 0007           		move.b	d5,pad_release+1(a6)
(1)  802/    1984 : 0246 000F           		andi.w	#$F,d6
(1)  803/    1988 : E44E                		lsr.w	#2,d6
(1)  804/    198A : 0246 0001           		andi.w	#1,d6
(1)  805/    198E : 6724                		beq.s	.oldpad
(1)  806/    1990 : 4607                		not.b	d7
(1)  807/    1992 : 0247 000F            		andi.w	#%1111,d7
(1)  808/    1996 : 1C07                 		move.b	d7,d6
(1)  809/    1998 : 1A2E 0002           		move.b	pad_hold(a6),d5
(1)  810/    199C : BB06                		eor.b	d5,d6
(1)  811/    199E : CC05                		and.b	d5,d6
(1)  812/    19A0 : 1D46 0006           		move.b	d6,pad_release(a6)
(1)  813/    19A4 : 1A2E 0002           		move.b	pad_hold(a6),d5
(1)  814/    19A8 : BF05                		eor.b	d7,d5
(1)  815/    19AA : 1D47 0002           		move.b	d7,pad_hold(a6)
(1)  816/    19AE : CA07                		and.b	d7,d5
(1)  817/    19B0 : 1D45 0004           		move.b	d5,pad_press(a6)
(1)  818/    19B4 :                     .oldpad:
(1)  819/    19B4 : 1D46 0001           		move.b	d6,pad_ver(a6)
(1)  820/    19B8 : 4E75                		rts
(1)  821/    19BA :                     	;!@ endif
(1)  822/    19BA :                     
(1)  823/    19BA :                     ; ====================================================================
(1)  824/    19BA :                     ; ----------------------------------------------------------------
(1)  825/    19BA :                     ; SRAM/BRAM Support
(1)  826/    19BA :                     ; ----------------------------------------------------------------
(1)  827/    19BA :                     
(1)  828/    19BA :                     ; --------------------------------------------------------
(1)  829/    19BA :                     ; System_SramInit
(1)  830/    19BA :                     ;
(1)  831/    19BA :                     ; Enable SRAM/BRAM support
(1)  832/    19BA :                     ; SET_ENBLSAVE must be set to True (rominfo.asm)
(1)  833/    19BA :                     ;
(1)  834/    19BA :                     ; Input:
(1)  835/    19BA :                     ; a0 | CD/CD32X ONLY: Save data settings for BRAM
(1)  836/    19BA :                     ;      dc.b "SAVE_NAME__",0
(1)  837/    19BA :                     ;      dc.w SET_SRAMSIZE/$40 ; (save_size/$20 if using
(1)  838/    19BA :                     ;                            ; protection)
(1)  839/    19BA :                     ;      dc.w flags:
(1)  840/    19BA :                     ;            0 | Normal
(1)  841/    19BA :                     ;           -1 | Protected
(1)  842/    19BA :                     ;
(1)  843/    19BA :                     ; Notes:
(1)  844/    19BA :                     ; - Already called by System_Init
(1)  845/    19BA :                     ; - ONLY modify the RAM_SaveData section and
(1)  846/    19BA :                     ;   then call System_SramSave to save it into SRAM/BRAM.
(1)  847/    19BA :                     ;
(1)  848/    19BA :                     ; CD/CD32X ONLY:
(1)  849/    19BA :                     ; - NO lowercase CHARACTERS, NO " "($20) SPACES.
(1)  850/    19BA :                     ; - BE CAREFUL CHOOSING YOUR FILENAME as it can
(1)  851/    19BA :                     ;   OVERWRITE without warning any other save.
(1)  852/    19BA :                     ; - Call gemaStopAll FIRST if any track uses
(1)  853/    19BA :                     ;   PCM samples
(1)  854/    19BA :                     ; --------------------------------------------------------
(1)  855/    19BA :                     
(1)  856/    19BA :                     System_SramInit:
(1)  858/    19BA :                     
(1)  898/    19BA :                     
(1)  899/    19BA :                     	; ------------------------------------------------
(1)  900/    19BA :                     	; Cartridge SRAM
(1)  901/    19BA :                     	; ------------------------------------------------
(1)  902/    19BA : 4A78 F17E           		tst.w	(RAM_SaveEnable).w
(1)  903/    19BE : 6634                		bne.s	.cant_use
(1)  904/    19C0 : 31FC 0001 F17E      		move.w	#1,(RAM_SaveEnable).w
(1)  905/    19C6 :                     
(1)  906/    19C6 :                     	; Make SAVE template
(1)  907/    19C6 : 6130                		bsr	System_SramLoad
(1)  908/    19C8 : 0CB8 5341 5645      		cmpi.l	#TAG_SRAMDATA,(RAM_SaveData).w
             19CE : E000             
(1)  909/    19D0 : 6722                		beq.s	.cant_use
(1)  910/    19D2 : 48E7 0302           		movem.l	d6-d7/a6,-(sp)
(1)  911/    19D6 : 4DF8 E000           		lea	(RAM_SaveData).w,a6
(1)  912/    19DA : 7C00                		moveq	#0,d6
(1)  913/    19DC : 3E3C 00FF           		move.w	#SET_SRAMSIZE-1,d7
(1)  914/    19E0 :                     .clr_sram:
(1)  915/    19E0 : 1CC6                		move.b	d6,(a6)+
(1)  916/    19E2 : 51CF FFFC           		dbf	d7,.clr_sram
(1)  917/    19E6 : 4CDF 40C0           		movem.l	(sp)+,d6-d7/a6
(1)  918/    19EA : 21FC 5341 5645      		move.l	#TAG_SRAMDATA,(RAM_SaveData).w		; Write SAVE signature
             19F0 : E000             
(1)  919/    19F2 : 6146                		bsr	System_SramSave
(1)  921/    19F4 :                     .cant_use:
(1)  922/    19F4 : 6002                		bra	System_SramLoad
(1)  923/    19F6 :                     .already_set:
(1)  924/    19F6 : 4E75                		rts
(1)  926/    19F8 :                     
(1)  927/    19F8 :                     ; --------------------------------------------------------
(1)  928/    19F8 :                     ; System_SramLoad
(1)  929/    19F8 :                     ;
(1)  930/    19F8 :                     ; Load the SRAM/BRAM to the SAVE data buffer
(1)  931/    19F8 :                     ; SET_ENBLSAVE must be set to True (rominfo.asm)
(1)  932/    19F8 :                     ;
(1)  933/    19F8 :                     ; Notes:
(1)  934/    19F8 :                     ; CD/CD32X ONLY:
(1)  935/    19F8 :                     ; - Call gemaStopAll FIRST if any track uses
(1)  936/    19F8 :                     ;   PCM samples
(1)  937/    19F8 :                     ; --------------------------------------------------------
(1)  938/    19F8 :                     
(1)  939/    19F8 :                     System_SramLoad:
(1)  941/    19F8 :                     
(1)  992/    19F8 :                     
(1)  993/    19F8 :                     	; ------------------------------------------------
(1)  994/    19F8 :                     	; Cartridge SRAM
(1)  995/    19F8 :                     	; ------------------------------------------------
(1)  996/    19F8 : 4A78 F17E           		tst.w	(RAM_SaveEnable).w
(1)  997/    19FC : 673A                		beq.s	.cant_use_c
(1)  998/    19FE : 40E7                		move.w	sr,-(sp)
(1)  999/    1A00 : 48E7 0306           		movem.l	d6-d7/a5-a6,-(sp)
(1) 1000/    1A04 : 007C 0700           		ori.w	#$0700,sr
(1) 1004/    1A08 : 13FC 0001 00A1      		move.b	#1,(md_bank_sram).l
             1A0E : 30F1             
(1) 1005/    1A10 : 4DF8 E000           		lea	(RAM_SaveData).w,a6
(1) 1006/    1A14 : 4BF9 0020 0003      		lea	($200003).l,a5
(1) 1007/    1A1A : 3E3C 00FE           		move.w	#((SET_SRAMSIZE-1))-1,d7
(1) 1008/    1A1E :                     .load:
(1) 1009/    1A1E : 1C15                		move.b	(a5),d6
(1) 1010/    1A20 : 1CC6                		move.b	d6,(a6)+
(1) 1011/    1A22 : DAFC 0002           		adda	#2,a5
(1) 1012/    1A26 : 51CF FFF6           		dbf	d7,.load
(1) 1013/    1A2A :                     .dont_reset:
(1) 1014/    1A2A : 13FC 0000 00A1      		move.b	#0,(md_bank_sram).l
             1A30 : 30F1             
(1) 1018/    1A32 : 4CDF 60C0           		movem.l	(sp)+,d6-d7/a5-a6
(1) 1019/    1A36 : 46DF                		move.w	(sp)+,sr
(1) 1020/    1A38 :                     .cant_use_c:
(1) 1021/    1A38 :                     	; ------------------------------------------------
(1) 1023/    1A38 : 4E75                		rts
(1) 1025/    1A3A :                     
(1) 1026/    1A3A :                     ; --------------------------------------------------------
(1) 1027/    1A3A :                     ; System_SramSave
(1) 1028/    1A3A :                     ;
(1) 1029/    1A3A :                     ; Write the SAVE data buffer to SRAM/BRAM
(1) 1030/    1A3A :                     ; SET_ENBLSAVE must be set to True (rominfo.asm)
(1) 1031/    1A3A :                     ;
(1) 1032/    1A3A :                     ; Notes:
(1) 1033/    1A3A :                     ; CD/CD32X ONLY:
(1) 1034/    1A3A :                     ; - Call gemaStopAll FIRST if any track uses
(1) 1035/    1A3A :                     ;   PCM samples
(1) 1036/    1A3A :                     ; --------------------------------------------------------
(1) 1037/    1A3A :                     
(1) 1038/    1A3A :                     System_SramSave:
(1) 1040/    1A3A :                     
(1) 1088/    1A3A :                     
(1) 1089/    1A3A :                     	; ------------------------------------------------
(1) 1090/    1A3A :                     	; Cartridge SRAM
(1) 1091/    1A3A :                     	; ------------------------------------------------
(1) 1092/    1A3A : 4A78 F17E           		tst.w	(RAM_SaveEnable).w
(1) 1093/    1A3E : 6736                		beq.s	.cant_use_c
(1) 1094/    1A40 : 40E7                		move.w	sr,-(sp)
(1) 1095/    1A42 : 48E7 0306           		movem.l	d6-d7/a5-a6,-(sp)
(1) 1099/    1A46 : 13FC 0001 00A1      		move.b	#1,(md_bank_sram).l
             1A4C : 30F1             
(1) 1100/    1A4E : 4DF8 E000           		lea	(RAM_SaveData).w,a6
(1) 1101/    1A52 : 4BF9 0020 0003      		lea	($200003).l,a5
(1) 1102/    1A58 : 3E3C 00FE           		move.w	#((SET_SRAMSIZE-1))-1,d7
(1) 1103/    1A5C : 1C1E                .save:		move.b	(a6)+,d6
(1) 1104/    1A5E : 1A86                		move.b	d6,(a5)
(1) 1105/    1A60 : DAFC 0002           		adda	#2,a5
(1) 1106/    1A64 : 51CF FFF6           		dbf	d7,.save
(1) 1107/    1A68 : 13FC 0000 00A1      		move.b	#0,(md_bank_sram).l
             1A6E : 30F1             
(1) 1111/    1A70 : 4CDF 60C0           		movem.l	(sp)+,d6-d7/a5-a6
(1) 1112/    1A74 : 46DF                		move.w	(sp)+,sr
(1) 1113/    1A76 :                     .cant_use_c:
(1) 1114/    1A76 :                     	; ------------------------------------------------
(1) 1117/    1A76 : 4E75                		rts
(1) 1118/    1A78 :                     
(1) 1119/    1A78 :                     ; ============================================================
(1) 1120/    1A78 :                     ; --------------------------------------------------------
(1) 1121/    1A78 :                     ; System_Default
(1) 1122/    1A78 :                     ;
(1) 1123/    1A78 :                     ; Initializes current screen mode
(1) 1124/    1A78 :                     ;
(1) 1125/    1A78 :                     ; Uses:
(1) 1126/    1A78 :                     ; ALL
(1) 1127/    1A78 :                     ; --------------------------------------------------------
(1) 1128/    1A78 :                     
(1) 1129/    1A78 :                     System_Default:
(1) 1130/    1A78 : 007C 0700           		ori.w	#$0700,sr			; Disable interrupts
(1) 1131/    1A7C : 4DF8 B000           		lea	(RAM_ScrnBuff).w,a6
(1) 1132/    1A80 : 3E3C 1FFF           		move.w	#MAX_ScrnBuff-1,d7
(1) 1133/    1A84 : 7C00                		moveq	#0,d6
(1) 1134/    1A86 :                     .clr_loop:
(1) 1135/    1A86 : 1CC6                		move.b	d6,(a6)+
(1) 1136/    1A88 : 51CF FFFC           		dbf	d7,.clr_loop
(1) 1137/    1A8C : 6100 EE80           		bsr	Video_Clear
(1) 1138/    1A90 : 6100 EB30           		bsr	Video_Default
(1) 1139/    1A94 : 6000 02DE           		bra	Objects_Init			; Reset all objects
(1) 1140/    1A98 :                     
(1) 1141/    1A98 :                     ; ====================================================================
(1) 1142/    1A98 :                     ; ----------------------------------------------------------------
(1) 1143/    1A98 :                     ; Default interrupts
(1) 1144/    1A98 :                     ; ----------------------------------------------------------------
(1) 1145/    1A98 :                     
(1) 1146/    1A98 :                     ; --------------------------------------------------------
(1) 1147/    1A98 :                     ; VBlank
(1) 1148/    1A98 :                     ; --------------------------------------------------------
(1) 1149/    1A98 :                     
(1) 1150/    1A98 :                     VInt_Default:
(1) 1151/    1A98 :                     ; 		rte
(1) 1152/    1A98 :                     
(1) 1153/    1A98 :                     ; --------------------------------------------------------
(1) 1154/    1A98 :                     ; HBlank
(1) 1155/    1A98 :                     ; --------------------------------------------------------
(1) 1156/    1A98 :                     
(1) 1157/    1A98 :                     HInt_Default:
(1) 1158/    1A98 :                     ; 		rte
(1) 1159/    1A98 :                     
(1) 1160/    1A98 :                     ; --------------------------------------------------------
(1) 1161/    1A98 :                     ; External interrupt
(1) 1162/    1A98 :                     ; --------------------------------------------------------
(1) 1163/    1A98 :                     
(1) 1164/    1A98 :                     ExtInt_Default:
(1) 1165/    1A98 : 4E73                		rte
(1) 1166/    1A9A :                     
(1) 1167/    1A9A :                     ; ====================================================================
(1) 1168/    1A9A :                     ; ------------------------------------------------------------
(1) 1169/    1A9A :                     ; Subroutines
(1) 1170/    1A9A :                     ; ------------------------------------------------------------
(1) 1171/    1A9A :                     
(1) 1172/    1A9A :                     ; --------------------------------------------------------
(1) 1173/    1A9A :                     ; System_Random, System_Random_Seed
(1) 1174/    1A9A :                     ;
(1) 1175/    1A9A :                     ; Generate random value
(1) 1176/    1A9A :                     ;
(1) 1177/    1A9A :                     ; Input:
(1) 1178/    1A9A :                     ; d0.l | Seed value (_Random_Seed ONLY)
(1) 1179/    1A9A :                     ;
(1) 1180/    1A9A :                     ; Returns:
(1) 1181/    1A9A :                     ; d0.l | Result value
(1) 1182/    1A9A :                     ; --------------------------------------------------------
(1) 1183/    1A9A :                     
(1) 1184/    1A9A :                     System_Random_Seed:
(1) 1185/    1A9A : 2F04                		move.l	d4,-(sp)
(1) 1186/    1A9C : 2800                		move.l	d0,d4
(1) 1187/    1A9E : 6114                		bsr	sysRnd_MkValue
(1) 1188/    1AA0 : 281F                		move.l	(sp)+,d4
(1) 1189/    1AA2 : 4E75                		rts
(1) 1190/    1AA4 :                     System_Random:
(1) 1191/    1AA4 : 2F04                		move.l	d4,-(sp)
(1) 1192/    1AA6 : 2838 F160           		move.l	(RAM_SysRandom).w,d4
(1) 1193/    1AAA : 6108                		bsr	sysRnd_MkValue
(1) 1194/    1AAC : 21C4 F160           		move.l	d4,(RAM_SysRandom).w
(1) 1195/    1AB0 : 281F                		move.l	(sp)+,d4
(1) 1196/    1AB2 : 4E75                		rts
(1) 1197/    1AB4 :                     sysRnd_MkValue:
(1) 1198/    1AB4 : 4A84                		tst.l	d4
(1) 1199/    1AB6 : 660E                		bne.s	.has_seed
(1) 1200/    1AB8 : 2838 F0DC           		move.l	(RAM_FrameCount).w,d4
(1) 1201/    1ABC : E1BC                		rol.l	d0,d4
(1) 1202/    1ABE : E2BC                		ror.l	d1,d4
(1) 1203/    1AC0 : D8BC 23B5 1947      		add.l	#$23B51947,d4		; Restart SEED if zero.
(1) 1204/    1AC6 :                     .has_seed:
(1) 1205/    1AC6 : 2004                		move.l	d4,d0
(1) 1206/    1AC8 : E484                		asr.l	#2,d4
(1) 1207/    1ACA : D880                		add.l	d0,d4
(1) 1208/    1ACC : E79C                		rol.l	#3,d4
(1) 1209/    1ACE : D880                		add.l	d0,d4
(1) 1210/    1AD0 : 3004                		move.w	d4,d0
(1) 1211/    1AD2 : 4844                		swap	d4
(1) 1212/    1AD4 : D044                		add.w	d4,d0
(1) 1213/    1AD6 : 3800                		move.w	d0,d4
(1) 1214/    1AD8 : E0BC                		ror.l	d0,d4
(1) 1215/    1ADA : 4844                		swap	d4
(1) 1216/    1ADC : 4E75                		rts
(1) 1217/    1ADE :                     
(1) 1218/    1ADE :                     ; --------------------------------------------------------
(1) 1219/    1ADE :                     ; System_DiceRoll, System_DiceRoll_Seed
(1) 1220/    1ADE :                     ;
(1) 1221/    1ADE :                     ; Pick a random number using a maximum value,
(1) 1222/    1ADE :                     ; uses System_Random
(1) 1223/    1ADE :                     ;
(1) 1224/    1ADE :                     ; Input:
(1) 1225/    1ADE :                     ; d0.l | Maximum number + 1
(1) 1226/    1ADE :                     ; d1.l | Starting seed (_DiceRoll_Seed ONLY)
(1) 1227/    1ADE :                     ;
(1) 1228/    1ADE :                     ; Returns:
(1) 1229/    1ADE :                     ; d0.w | Output value
(1) 1230/    1ADE :                     ; --------------------------------------------------------
(1) 1231/    1ADE :                     
(1) 1232/    1ADE :                     System_DiceRoll_Seed:
(1) 1233/    1ADE : 48E7 0C00           		movem.l	d4-d5,-(sp)
(1) 1234/    1AE2 : 2A00                		move.l	d0,d5
(1) 1235/    1AE4 : 2801                		move.l	d1,d4
(1) 1236/    1AE6 : 61B2                		bsr	System_Random_Seed
(1) 1237/    1AE8 : C0BC 0000 FFFF      		and.l	#$FFFF,d0
(1) 1238/    1AEE : C0C5                		mulu.w	d5,d0
(1) 1239/    1AF0 : 4840                		swap	d0
(1) 1240/    1AF2 : C0BC 0000 FFFF      		and.l	#$FFFF,d0
(1) 1241/    1AF8 : 4CDF 0030           		movem.l	(sp)+,d4-d5
(1) 1242/    1AFC : 4E75                		rts
(1) 1243/    1AFE :                     
(1) 1244/    1AFE :                     System_DiceRoll:
(1) 1245/    1AFE : 2F04                		move.l	d4,-(sp)
(1) 1246/    1B00 : 2800                		move.l	d0,d4
(1) 1247/    1B02 : 61A0                		bsr	System_Random
(1) 1248/    1B04 : C0BC 0000 FFFF      		and.l	#$FFFF,d0
(1) 1249/    1B0A : C0C4                		mulu.w	d4,d0
(1) 1250/    1B0C : 4840                		swap	d0
(1) 1251/    1B0E : C0BC 0000 FFFF      		and.l	#$FFFF,d0
(1) 1252/    1B14 : 281F                		move.l	(sp)+,d4
(1) 1253/    1B16 : 4E75                		rts
(1) 1254/    1B18 :                     
(1) 1255/    1B18 :                     ; --------------------------------------------------------
(1) 1256/    1B18 :                     ; System_SineWave, System_SineWave_Cos
(1) 1257/    1B18 :                     ;
(1) 1258/    1B18 :                     ; Get Sine or Cosine value
(1) 1259/    1B18 :                     ;
(1) 1260/    1B18 :                     ; Input:
(1) 1261/    1B18 :                     ; d0.w | Tan value: 0-511
(1) 1262/    1B18 :                     ;
(1) 1263/    1B18 :                     ; Returns:
(1) 1264/    1B18 :                     ; d1.w | Result
(1) 1265/    1B18 :                     ; --------------------------------------------------------
(1) 1266/    1B18 :                     
(1) 1267/    1B18 :                     System_SineWave_Cos:
(1) 1268/    1B18 : 2F07                		move.l	d7,-(sp)
(1) 1269/    1B1A : 3E00                		move.w	d0,d7
(1) 1270/    1B1C : 0647 0080           		addi.w  #$80,d7
(1) 1271/    1B20 : 6004                		bra	sys_SineWave
(1) 1272/    1B22 :                     System_SineWave:
(1) 1273/    1B22 : 2F07                		move.l	d7,-(sp)
(1) 1274/    1B24 : 3E00                		move.w	d0,d7
(1) 1275/    1B26 :                     sys_SineWave:
(1) 1276/    1B26 : 0247 01FF           		andi.w	#$1FF,d7
(1) 1277/    1B2A : 3207                		move.w	d7,d1
(1) 1278/    1B2C : 0807 0007           		btst	#7,d7
(1) 1279/    1B30 : 6702                		beq.s	.loc_7EFA
(1) 1280/    1B32 : 4641                		not.w	d1
(1) 1281/    1B34 :                     .loc_7EFA:
(1) 1282/    1B34 : 0241 007F           		andi.w  #$7F,d1
(1) 1283/    1B38 : D241                		add.w	d1,d1
(1) 1284/    1B3A : 323B 1010           		move.w  .sine_data(pc,d1.w),d1
(1) 1285/    1B3E : 0807 0008           		btst    #8,d7
(1) 1286/    1B42 : 6702                		beq.s   .loc_7F0C
(1) 1287/    1B44 : 4441                		neg.w   d1
(1) 1288/    1B46 :                     .loc_7F0C:
(1) 1289/    1B46 : 48C1                		ext.l	d1
(1) 1290/    1B48 : 2E1F                		move.l (sp)+,d7
(1) 1291/    1B4A : 4E75                		rts
(1) 1292/    1B4C :                     
(1) 1293/    1B4C :                     .sine_data:
(1) 1294/    1B4C :                     		binclude "nikona/md/data/sine_data.bin"
(1) 1295/    1C4C :                     		align 2
(1) 1296/    1C4C :                     
(1) 1297/    1C4C :                     ; --------------------------------------------------------
(1) 1298/    1C4C :                     ; System_BCD_AddB, System_BCD_AddW, System_BCD_AddL
(1) 1299/    1C4C :                     ; System_BCD_SubB, System_BCD_SubW, System_BCD_SubL
(1) 1300/    1C4C :                     ;
(1) 1301/    1C4C :                     ; Increment/Decrement BCD value
(1) 1302/    1C4C :                     ; for Scores, Lives, and such.
(1) 1303/    1C4C :                     ;
(1) 1304/    1C4C :                     ; Input:
(1) 1305/    1C4C :                     ; d0.? | BCD value input
(1) 1306/    1C4C :                     ; d1.l | Increment/Decrement by
(1) 1307/    1C4C :                     ;
(1) 1308/    1C4C :                     ; Returns:
(1) 1309/    1C4C :                     ; d0.? | BCD value output
(1) 1310/    1C4C :                     ; --------------------------------------------------------
(1) 1311/    1C4C :                     
(1) 1312/    1C4C :                     ; TODO: An overflow check
(1) 1313/    1C4C :                     
(1) 1314/    1C4C :                     System_BCD_SubB:
(1) 1315/    1C4C : 0280 0000 00FF      		andi.l	#$00FF,d0
(1) 1316/    1C52 : 6006                		bra.s	System_BCD_SubL
(1) 1317/    1C54 :                     System_BCD_SubW:
(1) 1318/    1C54 : 0280 0000 FFFF      		andi.l	#$FFFF,d0
(1) 1319/    1C5A :                     ; 		bra.s	System_BCD_SubL
(1) 1320/    1C5A :                     System_BCD_SubL:
(1) 1321/    1C5A : 48E7 0006           		movem.l	a5-a6,-(sp)
(1) 1322/    1C5E : 613C                		bsr	sysBCD_SpOut
(1) 1323/    1C60 : 023C 0000           		and	#0,ccr
(1) 1324/    1C64 : 8D0D                		sbcd	-(a5),-(a6)
(1) 1325/    1C66 : 8D0D                		sbcd	-(a5),-(a6)
(1) 1326/    1C68 : 8D0D                		sbcd	-(a5),-(a6)
(1) 1327/    1C6A : 8D0D                		sbcd	-(a5),-(a6)
(1) 1328/    1C6C : 2016                		move.l	(a6),d0
(1) 1329/    1C6E : 4CDF 6000           		movem.l	(sp)+,a5-a6
(1) 1330/    1C72 : 4E75                		rts
(1) 1331/    1C74 :                     System_BCD_AddB:
(1) 1332/    1C74 : 0280 0000 00FF      		andi.l	#$00FF,d0
(1) 1333/    1C7A : 6006                		bra.s	System_BCD_AddL
(1) 1334/    1C7C :                     System_BCD_AddW:
(1) 1335/    1C7C : 0280 0000 FFFF      		andi.l	#$FFFF,d0
(1) 1336/    1C82 :                     ; 		bsr.s	System_BCD_AddL
(1) 1337/    1C82 :                     System_BCD_AddL:
(1) 1338/    1C82 : 48E7 0006           		movem.l	a5-a6,-(sp)
(1) 1339/    1C86 : 6114                		bsr	sysBCD_SpOut
(1) 1340/    1C88 : 023C 0000           		and	#0,ccr
(1) 1341/    1C8C : CD0D                		abcd	-(a5),-(a6)
(1) 1342/    1C8E : CD0D                		abcd	-(a5),-(a6)
(1) 1343/    1C90 : CD0D                		abcd	-(a5),-(a6)
(1) 1344/    1C92 : CD0D                		abcd	-(a5),-(a6)
(1) 1345/    1C94 : 2016                		move.l	(a6),d0
(1) 1346/    1C96 : 4CDF 6000           		movem.l	(sp)+,a5-a6
(1) 1347/    1C9A : 4E75                		rts
(1) 1348/    1C9C :                     sysBCD_SpOut:
(1) 1349/    1C9C : 598F                		subq.l	#4,sp
(1) 1350/    1C9E : 2C4F                		move.l	sp,a6
(1) 1351/    1CA0 : 598F                		subq.l	#4,sp
(1) 1352/    1CA2 : 2A4F                		move.l	sp,a5
(1) 1353/    1CA4 : 2C80                		move.l	d0,(a6)
(1) 1354/    1CA6 : 2A81                		move.l	d1,(a5)
(1) 1355/    1CA8 : DCFC 0004           		adda	#4,a6
(1) 1356/    1CAC : DAFC 0004           		adda	#4,a5
(1) 1357/    1CB0 : 508F                		addq.l	#8,sp
(1) 1358/    1CB2 : 4E75                		rts
(1) 1359/    1CB4 :                     
(1) 1360/    1CB4 :                     ; --------------------------------------------------------
(1) 1361/    1CB4 :                     ; System_SetIntJumps
(1) 1362/    1CB4 :                     ;
(1) 1363/    1CB4 :                     ; Set new VBlank/HBlank/External Interrupt jumps
(1) 1364/    1CB4 :                     ; generated by VDP
(1) 1365/    1CB4 :                     ;
(1) 1366/    1CB4 :                     ; Input:
(1) 1367/    1CB4 :                     ; d0.l | New VBlank location
(1) 1368/    1CB4 :                     ; d1.l | New HBlank location
(1) 1369/    1CB4 :                     ; d2.l | New External location
(1) 1370/    1CB4 :                     ;
(1) 1371/    1CB4 :                     ; Notes:
(1) 1372/    1CB4 :                     ; - Writing 0 to any of the INPUTs skips it
(1) 1373/    1CB4 :                     ; - Use Video_IntEnable to enable/disable the interrupts
(1) 1374/    1CB4 :                     ; --------------------------------------------------------
(1) 1375/    1CB4 :                     
(1) 1376/    1CB4 :                     System_SetIntJumps:
(1) 1377/    1CB4 : 4A80                		tst.l	d0
(1) 1378/    1CB6 : 6704                		beq.s	.no_vint
(1) 1382/    1CB8 : 21C0 F16E            		move.l	d0,(RAM_VBlankJump+2).w
(1) 1384/    1CBC :                     .no_vint:
(1) 1385/    1CBC : 4A81                		tst.l	d1
(1) 1386/    1CBE : 6704                		beq.s	.no_hint
(1) 1390/    1CC0 : 21C1 F174            		move.l	d1,(RAM_HBlankJump+2).w
(1) 1392/    1CC4 :                     .no_hint:
(1) 1393/    1CC4 : 4A82                		tst.l	d2
(1) 1394/    1CC6 : 6704                		beq.s	.no_exint
(1) 1398/    1CC8 : 21C2 F17A            		move.l	d2,(RAM_ExternalJump+2).w
(1) 1400/    1CCC :                     .no_exint:
(1) 1401/    1CCC : 4E75                		rts
(1) 1402/    1CCE :                     
(1) 1403/    1CCE :                     ; ====================================================================
(1) 1404/    1CCE :                     ; ----------------------------------------------------------------
(1) 1405/    1CCE :                     ; SCD / CD32X ONLY
(1) 1406/    1CCE :                     ; ----------------------------------------------------------------
(1) 1407/    1CCE :                     
(1) 1408/    1CCE :                     ; --------------------------------------------------------
(1) 1409/    1CCE :                     ; System_MdMcd_Interrupt
(1) 1410/    1CCE :                     ;
(1) 1411/    1CCE :                     ; Request an interrupt to Sub-CPU, call this during
(1) 1412/    1CCE :                     ; VBlank.
(1) 1413/    1CCE :                     ; --------------------------------------------------------
(1) 1414/    1CCE :                     
(1) 1415/    1CCE :                     System_MdMcd_Interrupt:
(1) 1416/    1CCE : 2F07                		move.l	d7,-(sp)
(1) 1417/    1CD0 :                     ; .wait_first:
(1) 1418/    1CD0 :                     ; 		bsr	System_MdMcd_SubWait
(1) 1419/    1CD0 :                     ; 		move.b	(sysmcd_reg+mcd_comm_m).l,d7
(1) 1420/    1CD0 :                     ; 		andi.w	#$C0,d7
(1) 1421/    1CD0 :                     ; 		cmpi.w	#$C0,d7
(1) 1422/    1CD0 :                     ; 		beq.s	.wait_first
(1) 1423/    1CD0 :                     ; 		bset	#0,(sysmcd_reg).l
(1) 1424/    1CD0 : 13FC 0081 00A1      		move.b	#%10000001,(sysmcd_reg).l		; Request Level 1
             1CD6 : 2000             
(1) 1425/    1CD8 : 2E1F                		move.l	(sp)+,d7
(1) 1426/    1CDA : 4E75                		rts
(1) 1427/    1CDC :                     
(1) 1428/    1CDC :                     ; --------------------------------------------------------
(1) 1429/    1CDC :                     ; System_MdMcd_SubWait
(1) 1430/    1CDC :                     ;
(1) 1431/    1CDC :                     ; Waits until Sub-CPU finishes.
(1) 1432/    1CDC :                     ; --------------------------------------------------------
(1) 1433/    1CDC :                     
(1) 1434/    1CDC :                     System_MdMcd_SubWait:
(1) 1441/    1CDC : 4E75                		rts
(1) 1442/    1CDE :                     
(1) 1443/    1CDE :                     ; --------------------------------------------------------
(1) 1444/    1CDE :                     ; System_MdMcd_SubEnter
(1) 1445/    1CDE :                     ;
(1) 1446/    1CDE :                     ; Waits until Sub-CPU starts.
(1) 1447/    1CDE :                     ; --------------------------------------------------------
(1) 1448/    1CDE :                     
(1) 1449/    1CDE :                     System_MdMcd_SubEnter:
(1) 1456/    1CDE : 4E75                		rts
(1) 1457/    1CE0 :                     
(1) 1458/    1CE0 :                     ; --------------------------------------------------------
(1) 1459/    1CE0 :                     ; System_MdMcd_SubTask
(1) 1460/    1CE0 :                     ;
(1) 1461/    1CE0 :                     ; Request task to Sub-CPU
(1) 1462/    1CE0 :                     ;
(1) 1463/    1CE0 :                     ; Input:
(1) 1464/    1CE0 :                     ; d0.b | Task number
(1) 1465/    1CE0 :                     ;
(1) 1466/    1CE0 :                     ; Uses:
(1) 1467/    1CE0 :                     ; d7/a6
(1) 1468/    1CE0 :                     ;
(1) 1469/    1CE0 :                     ; Notes:
(1) 1470/    1CE0 :                     ; This exits without waiting SUB to finish,
(1) 1471/    1CE0 :                     ; call System_MdMcd_SubWait afterwards if required.
(1) 1472/    1CE0 :                     ; --------------------------------------------------------
(1) 1473/    1CE0 :                     
(1) 1474/    1CE0 :                     System_MdMcd_SubTask:
(1) 1499/    1CE0 : 4E75                		rts
(1) 1500/    1CE2 :                     
(1) 1501/    1CE2 :                     ; --------------------------------------------------------
(1) 1502/    1CE2 :                     ; System_MdMcd_WaitWRAM
(1) 1503/    1CE2 :                     ;
(1) 1504/    1CE2 :                     ; Wait for Word-RAM permission.
(1) 1505/    1CE2 :                     ; --------------------------------------------------------
(1) 1506/    1CE2 :                     
(1) 1507/    1CE2 :                     System_MdMcd_WaitWRAM:
(1) 1508/    1CE2 : 0839 0000 00A1      		btst	#0,(sysmcd_reg+mcd_memory).l
             1CE8 : 2003             
(1) 1509/    1CEA : 67F6                		beq.s	System_MdMcd_WaitWRAM
(1) 1510/    1CEC : 4E75                		rts
(1) 1511/    1CEE :                     
(1) 1512/    1CEE :                     ; --------------------------------------------------------
(1) 1513/    1CEE :                     ; System_MdMcd_CheckWRAM
(1) 1514/    1CEE :                     ;
(1) 1515/    1CEE :                     ; Checks if Word-RAM is set to MAIN in return, 2M
(1) 1516/    1CEE :                     ;
(1) 1517/    1CEE :                     ; Returns:
(1) 1518/    1CEE :                     ; beq | Word-RAM is available
(1) 1519/    1CEE :                     ; bne | Word-RAM is locked
(1) 1520/    1CEE :                     ; --------------------------------------------------------
(1) 1521/    1CEE :                     
(1) 1522/    1CEE :                     System_MdMcd_CheckWRAM:
(1) 1523/    1CEE : 0839 0000 00A1      		btst	#0,(sysmcd_reg+mcd_memory).l
             1CF4 : 2003             
(1) 1524/    1CF6 : 6706                		beq.s	.no_ret
(1) 1525/    1CF8 : 003C 0004           		or	#%00100,ccr	; beq
(1) 1526/    1CFC : 4E75                		rts
(1) 1527/    1CFE :                     .no_ret:
(1) 1528/    1CFE : 023C 001B           		and	#%11011,ccr	; bne
(1) 1529/    1D02 : 4E75                		rts
(1) 1530/    1D04 :                     
(1) 1531/    1D04 :                     ; --------------------------------------------------------
(1) 1532/    1D04 :                     ; System_MdMcd_GiveWRAM
(1) 1533/    1D04 :                     ;
(1) 1534/    1D04 :                     ; Give Word-RAM to SubCPU (DMNA), 2M
(1) 1535/    1D04 :                     ; --------------------------------------------------------
(1) 1536/    1D04 :                     
(1) 1537/    1D04 :                     System_MdMcd_GiveWRAM:
(1) 1538/    1D04 : 08F9 0001 00A1      		bset	#1,(sysmcd_reg+mcd_memory).l
             1D0A : 2003             
(1) 1539/    1D0C : 67F6                		beq.s	System_MdMcd_GiveWRAM
(1) 1540/    1D0E : 4E75                		rts
(1) 1541/    1D10 :                     
(1) 1542/    1D10 :                     ; --------------------------------------------------------
(1) 1543/    1D10 :                     ; System_MdMcd_RdFile_RAM
(1) 1544/    1D10 :                     ;
(1) 1545/    1D10 :                     ; Read file from disc and transfers output the
(1) 1546/    1D10 :                     ; data to a1, uses communication ports.
(1) 1547/    1D10 :                     ;
(1) 1548/    1D10 :                     ; Input:
(1) 1549/    1D10 :                     ; a0   | Filename string: "FILENAME.BIN",0
(1) 1550/    1D10 :                     ; a1   | Output location in RAM
(1) 1551/    1D10 :                     ; d0.w | Size, $10-aligned sizes only
(1) 1552/    1D10 :                     ;
(1) 1553/    1D10 :                     ; Uses:
(1) 1554/    1D10 :                     ; d7,a0-a1,a5-a6
(1) 1555/    1D10 :                     ;
(1) 1556/    1D10 :                     ; Notes:
(1) 1557/    1D10 :                     ; - Uses ALL dcomm_m ports, breaks GEMA's PCM playback
(1) 1558/    1D10 :                     ; --------------------------------------------------------
(1) 1559/    1D10 :                     
(1) 1560/    1D10 :                     System_MdMcd_RdFile_RAM:
(1) 1610/    1D10 : 4E75                		rts
(1) 1611/    1D12 :                     
(1) 1612/    1D12 :                     ; --------------------------------------------------------
(1) 1613/    1D12 :                     ; System_MdMcd_Trnsfr_WRAM
(1) 1614/    1D12 :                     ;
(1) 1615/    1D12 :                     ; Read file from disc and sends it to WORD-RAM,
(1) 1616/    1D12 :                     ; waits on finish.
(1) 1617/    1D12 :                     ;
(1) 1618/    1D12 :                     ; Input:
(1) 1619/    1D12 :                     ; a0   | Filename string "FILENAME.BIN"
(1) 1620/    1D12 :                     ; a1   | Output location
(1) 1621/    1D12 :                     ;
(1) 1622/    1D12 :                     ; Notes:
(1) 1623/    1D12 :                     ; - Uses ALL dcomm_m ports, breaks GEMA's PCM playback
(1) 1624/    1D12 :                     ; --------------------------------------------------------
(1) 1625/    1D12 :                     
(1) 1626/    1D12 :                     System_MdMcd_RdFile_WRAM:
(1) 1650/    1D12 : 4E75                		rts
(1) 1651/    1D14 :                     
(1) 1652/    1D14 :                     ; --------------------------------------------------------
(1) 1653/    1D14 :                     ; System_MdMcd_CheckHome
(1) 1654/    1D14 :                     ;
(1) 1655/    1D14 :                     ; Checks if the player is holding A, B, C and
(1) 1656/    1D14 :                     ; then presses the START button.
(1) 1657/    1D14 :                     ;
(1) 1658/    1D14 :                     ; Returns:
(1) 1659/    1D14 :                     ; bcc | Combo input not pressed
(1) 1660/    1D14 :                     ; bcs | User did the combo presses
(1) 1661/    1D14 :                     ;
(1) 1662/    1D14 :                     ; Notes:
(1) 1663/    1D14 :                     ; If you call this from your Title Screen:
(1) 1664/    1D14 :                     ; carry MUST JUMP to System_MdMcd_ExitShell,
(1) 1665/    1D14 :                     ; for other screen modes carry jumps to your
(1) 1666/    1D14 :                     ; Title Screen.
(1) 1667/    1D14 :                     ; --------------------------------------------------------
(1) 1668/    1D14 :                     
(1) 1669/    1D14 :                     System_MdMcd_CheckHome:
(1) 1670/    1D14 : 48A7 0300           		movem.w	d6-d7,-(sp)
(1) 1671/    1D18 : 3E38 F0FC           		move.w	(Controller_1+pad_press).w,d7
(1) 1672/    1D1C : 3C38 F0FA           		move.w	(Controller_1+pad_hold).w,d6
(1) 1673/    1D20 : 0246 0070           		andi.w	#JoyA+JoyB+JoyC,d6
(1) 1674/    1D24 : 0C46 0070           		cmpi.w	#JoyA+JoyB+JoyC,d6
(1) 1675/    1D28 : 6610                		bne.s	.not_press
(1) 1676/    1D2A : 0247 0080           		andi.w	#JoyStart,d7
(1) 1677/    1D2E : 670A                		beq.s	.not_press
(1) 1678/    1D30 : 4C9F 00C0           		movem.w	(sp)+,d6-d7
(1) 1679/    1D34 : 003C 0001           		or	#1,ccr
(1) 1680/    1D38 : 4E75                		rts
(1) 1681/    1D3A :                     .not_press:
(1) 1682/    1D3A : 4C9F 00C0           		movem.w	(sp)+,d6-d7
(1) 1683/    1D3E : 023C 001E           		and	#%11110,ccr
(1) 1684/    1D42 : 4E75                		rts
(1) 1685/    1D44 :                     
(1) 1686/    1D44 :                     ; --------------------------------------------------------
(1) 1687/    1D44 :                     ; System_MdMcd_ExitShell
(1) 1688/    1D44 :                     ;
(1) 1689/    1D44 :                     ; Exits the entire program and goes to
(1) 1690/    1D44 :                     ; the BIOS/Shell.
(1) 1691/    1D44 :                     ;
(1) 1692/    1D44 :                     ; *** JUMP ONLY
(1) 1693/    1D44 :                     ; --------------------------------------------------------
(1) 1694/    1D44 :                     
(1) 1695/    1D44 :                     ; jmp $0280: Hot restart, stops PSG and clears VDP
(1) 1696/    1D44 :                     ; jmp $0284: Entry point
(1) 1697/    1D44 :                     ; jmp $0288: CD player, keeps SP (unsafe)
(1) 1698/    1D44 :                     ; jmp $028C: CD player, resets SP (official method)
(1) 1699/    1D44 :                     
(1) 1700/    1D44 :                     System_MdMcd_ExitShell:
(1) 1710/    1D44 : 4E75                		rts
(1) 1712/    1D46 :                     
(1) 1713/    1D46 :                     ; ------------------------------------------------------------
(1) 1714/    1D46 :                     ; CDDA PLAYBACK
(1) 1715/    1D46 :                     ; ------------------------------------------------------------
(1) 1716/    1D46 :                     
(1) 1717/    1D46 :                     ; --------------------------------------------------------
(1) 1718/    1D46 :                     ; System_MdMcd_CddaPlay, System_MdMcd_CddaPlayL
(1) 1719/    1D46 :                     ;
(1) 1720/    1D46 :                     ; Play CDDA track, normal or looped.
(1) 1721/    1D46 :                     ;
(1) 1722/    1D46 :                     ; Input:
(1) 1723/    1D46 :                     ; d0.w | CD track number
(1) 1724/    1D46 :                     ;
(1) 1725/    1D46 :                     ; This calls Sub-Task $10 for normal playback
(1) 1726/    1D46 :                     ; and $11 for looped
(1) 1727/    1D46 :                     ;
(1) 1728/    1D46 :                     ; Notes:
(1) 1729/    1D46 :                     ; Tracks $00, $01 and any negative values are ignored.
(1) 1730/    1D46 :                     ; --------------------------------------------------------
(1) 1731/    1D46 :                     
(1) 1732/    1D46 :                     System_MdMcd_CddaPlay:
(1) 1733/    1D46 : 48E7 8902           		movem.l	d0/d4/d7/a6,-(sp)
(1) 1734/    1D4A : 383C 0010           		move.w	#$0010,d4
(1) 1735/    1D4E : 6008                		bra	sysMdMcd_SetCdda
(1) 1736/    1D50 :                     System_MdMcd_CddaPlayL:
(1) 1737/    1D50 : 48E7 8902           		movem.l	d0/d4/d7/a6,-(sp)
(1) 1738/    1D54 : 383C 0011           		move.w	#$0011,d4
(1) 1739/    1D58 :                     sysMdMcd_SetCdda:
(1) 1751/    1D58 : 4CDF 4091           		movem.l	(sp)+,d0/d4/d7/a6
(1) 1752/    1D5C : 4E75                		rts
(1) 1753/    1D5E :                     
(1) 1754/    1D5E :                     ; --------------------------------------------------------
(1) 1755/    1D5E :                     ; System_MdMcd_CdStop
(1) 1756/    1D5E :                     ;
(1) 1757/    1D5E :                     ; Stop CDDA track
(1) 1758/    1D5E :                     ; --------------------------------------------------------
(1) 1759/    1D5E :                     
(1) 1760/    1D5E :                     System_MdMcd_CddaStop:
(1) 1767/    1D5E : 4E75                		rts
(1) 1768/    1D60 :                     
(1) 1769/    1D60 :                     ; --------------------------------------------------------
(1) 1770/    1D60 :                     ; System_MdMcd_CdFade
(1) 1771/    1D60 :                     ;
(1) 1772/    1D60 :                     ; Fade the CDDA Volume
(1) 1773/    1D60 :                     ;
(1) 1774/    1D60 :                     ; Input:
(1) 1775/    1D60 :                     ; d0.w | Target volume:
(1) 1776/    1D60 :                     ;        $000-$400 - Min to Max
(1) 1777/    1D60 :                     ; d1.w | Fading speed:
(1) 1778/    1D60 :                     ;        $001-$200 - Slow to Fast
(1) 1779/    1D60 :                     ;             $400 - Set quick
(1) 1780/    1D60 :                     ;
(1) 1781/    1D60 :                     ; This calls Sub-Task $16
(1) 1782/    1D60 :                     ; --------------------------------------------------------
(1) 1783/    1D60 :                     
(1) 1784/    1D60 :                     System_MdMcd_CddaFade:
(1) 1793/    1D60 : 4E75                		rts
(1) 1794/    1D62 :                     
(1) 1795/    1D62 :                     ; --------------------------------------------------------
(1) 1796/    1D62 :                     ; DEFAULT Save filename for SEGA CD / CD32X
(1) 1797/    1D62 :                     ; --------------------------------------------------------
(1) 1798/    1D62 :                     
(1) 1799/    1D62 :                     def_SaveInfo:
(1) 1803/    1D62 : 4E49 4B4F 4E41      		dc.b HTAG_CDSAVE,0
             1D68 : 4344 5F5F 5F00    
(1) 1805/    1D6E : 0004                		dc.w (SET_SRAMSIZE/$40)
(1) 1806/    1D70 : 0000                		dc.w 0
(1) 1807/    1D72 :                     		align 2
(1) 1808/    1D72 :                     
(1) 1809/    1D72 :                     ; ====================================================================
(1) 1810/    1D72 :                     ; ----------------------------------------------------------------
(1) 1811/    1D72 :                     ; 32X and CD32X ONLY
(1) 1812/    1D72 :                     ; ----------------------------------------------------------------
(1) 1813/    1D72 :                     
(1) 1814/    1D72 :                     ; --------------------------------------------------------
(1) 1815/    1D72 :                     ; System_MdMars_SendData
(1) 1816/    1D72 :                     ;
(1) 1817/    1D72 :                     ; Transfers Genesis data to the 32X's SDRAM
(1) 1818/    1D72 :                     ; using DREQ
(1) 1819/    1D72 :                     ;
(1) 1820/    1D72 :                     ; Input:
(1) 1821/    1D72 :                     ; a0   | Source data
(1) 1822/    1D72 :                     ; a1.l | Destination in SH2's SDRAM area ($00xxxxxx)
(1) 1823/    1D72 :                     ; d0.l | Size, only 8-byte-aligned sizes allowed.
(1) 1824/    1D72 :                     ;
(1) 1825/    1D72 :                     ; Returns:
(1) 1826/    1D72 :                     ; a1   | New output SDRAM location
(1) 1827/    1D72 :                     ;
(1) 1828/    1D72 :                     ; Uses:
(1) 1829/    1D72 :                     ; d0/a4-a5,d5-d7
(1) 1830/    1D72 :                     ;
(1) 1831/    1D72 :                     ; Notes:
(1) 1832/    1D72 :                     ; - Call this during DISPLAY ONLY, NOT during VBlank.
(1) 1833/    1D72 :                     ; - MOST 32X EMULATORS WILL GET STUCK HERE
(1) 1834/    1D72 :                     ; --------------------------------------------------------
(1) 1835/    1D72 :                     
(1) 1836/    1D72 :                     System_MdMars_SendData:
(1) 1873/    1D72 :                     
(1) 1874/    1D72 :                     ; --------------------------------------------------------
(1) 1875/    1D72 :                     ; System_MdMars_Update
(1) 1876/    1D72 :                     ;
(1) 1877/    1D72 :                     ; Send a section of MD RAM to 32X's SDRAM
(1) 1878/    1D72 :                     ;
(1) 1879/    1D72 :                     ; Notes:
(1) 1880/    1D72 :                     ; Call this during DISPLAY ONLY
(1) 1881/    1D72 :                     ; --------------------------------------------------------
(1) 1882/    1D72 :                     
(1) 1883/    1D72 :                     System_MdMars_Update:
(1) 1937/    1D72 :                     
(1) 1938/    1D72 :                     ; ====================================================================
(1) 1939/    1D72 :                     ; ----------------------------------------------------------------
(1) 1940/    1D72 :                     ; SHARED for all
(1) 1941/    1D72 :                     ; ----------------------------------------------------------------
(1) 1942/    1D72 :                     
(1) 1943/    1D72 :                     ; --------------------------------------------------------
(1) 1944/    1D72 :                     ; System_SetDataBank
(1) 1945/    1D72 :                     ;
(1) 1946/    1D72 :                     ; Sets the current DATA bank depending of the system
(1) 1947/    1D72 :                     ;
(1) 1948/    1D72 :                     ; Input:
(1) 1949/    1D72 :                     ; d0 | Data location
(1) 1950/    1D72 :                     ;      SCD/CD32X: Data label for searching
(1) 1951/    1D72 :                     ;      the ISO filename in incl_list.asm
(1) 1952/    1D72 :                     ;
(1) 1953/    1D72 :                     ; Returns:
(1) 1954/    1D72 :                     ; bcc | Loaded bank without problem
(1) 1955/    1D72 :                     ; bcs | Bank not found on DISC (CD/CD32 ONLY)
(1) 1956/    1D72 :                     ;
(1) 1957/    1D72 :                     ; Uses:
(1) 1958/    1D72 :                     ; a4-a5,d5-d7
(1) 1959/    1D72 :                     ;
(1) 1960/    1D72 :                     ; Notes:
(1) 1961/    1D72 :                     ; - This code is shared to all systems, on CD/CD32X
(1) 1962/    1D72 :                     ;   this will load from DISC so transfer will be
(1) 1963/    1D72 :                     ;   slow.
(1) 1964/    1D72 :                     ; - CD/CD32X: Requires adding the ISO filename
(1) 1965/    1D72 :                     ;   in incl_list.asm
(1) 1966/    1D72 :                     ; - CD/CD32X: DO NOT CALL THIS WHEN STAMPS ARE BEING
(1) 1967/    1D72 :                     ;   ACTIVE, Load the stamp data with this
(1) 1968/    1D72 :                     ;   BEFORE enabling them.
(1) 1969/    1D72 :                     ; --------------------------------------------------------
(1) 1970/    1D72 :                     
(1) 1971/    1D72 :                     System_SetDataBank:
(1) 1972/    1D72 :                     	; CD/CD32X:
(1) 2020/    1D72 :                     
(1) 2021/    1D72 : 4E75                		rts			; *** KEEP THIS RTS ***
(1) 2022/    1D74 :                     
(1) 2023/    1D74 :                     ; ====================================================================
(1) 2024/    1D74 :                     ; ----------------------------------------------------------------
(1) 2025/    1D74 :                     ; Objects system
(1) 2026/    1D74 :                     ; ----------------------------------------------------------------
(1) 2027/    1D74 :                     
(1) 2028/    1D74 :                     ; --------------------------------------------------------
(1) 2029/    1D74 :                     ; Objects_Init
(1) 2030/    1D74 :                     ;
(1) 2031/    1D74 :                     ; Reset Objects system
(1) 2032/    1D74 :                     ; --------------------------------------------------------
(1) 2033/    1D74 :                     
(1) 2034/    1D74 :                     Objects_Init:
(1) 2035/    1D74 : 21FC 0000 0000      		move.l	#0,(RAM_CurrObjList).w
             1D7A : F168             
(1) 2036/    1D7C : 31FC 0000 F184      		move.w	#0,(RAM_CurrObjNum).w
(1) 2037/    1D82 : 4E75                		rts
(1) 2038/    1D84 :                     
(1) 2039/    1D84 :                     ; --------------------------------------------------------
(1) 2040/    1D84 :                     ; Objects_Enable
(1) 2041/    1D84 :                     ;
(1) 2042/    1D84 :                     ; Enable Objects on the current screen
(1) 2043/    1D84 :                     ;
(1) 2044/    1D84 :                     ; Input:
(1) 2045/    1D84 :                     ; a0   | Objects buffer
(1) 2046/    1D84 :                     ; d0.w | Number of Objects to use
(1) 2047/    1D84 :                     ; --------------------------------------------------------
(1) 2048/    1D84 :                     
(1) 2049/    1D84 :                     Objects_Enable:
(1) 2050/    1D84 : 48E7 0102           		movem.l	d7/a6,-(sp)
(1) 2051/    1D88 : 2C48                		move.l	a0,a6
(1) 2052/    1D8A : 3E00                		move.w	d0,d7
(1) 2053/    1D8C : CEFC 0068           		mulu.w	#obj_len,d7
(1) 2054/    1D90 : 5347                		subq.w	#1,d7
(1) 2055/    1D92 :                     .clr_first:
(1) 2056/    1D92 : 421E                		clr.b	(a6)+
(1) 2057/    1D94 : 51CF FFFC           		dbf	d7,.clr_first
(1) 2058/    1D98 : 21C8 F168           		move.l	a0,(RAM_CurrObjList).w
(1) 2059/    1D9C : 31C0 F184           		move.w	d0,(RAM_CurrObjNum).w
(1) 2060/    1DA0 : 4CDF 4080           		movem.l	(sp)+,d7/a6
(1) 2061/    1DA4 : 4E75                		rts
(1) 2062/    1DA6 :                     
(1) 2063/    1DA6 :                     ; --------------------------------------------------------
(1) 2064/    1DA6 :                     ; Objects_Run
(1) 2065/    1DA6 :                     ;
(1) 2066/    1DA6 :                     ; Process ALL Objects
(1) 2067/    1DA6 :                     ;
(1) 2068/    1DA6 :                     ; Uses:
(1) 2069/    1DA6 :                     ; ALL
(1) 2070/    1DA6 :                     ;
(1) 2071/    1DA6 :                     ; Notes:
(1) 2072/    1DA6 :                     ; - ONLY CALL THIS ONCE PER FRAME
(1) 2073/    1DA6 :                     ; --------------------------------------------------------
(1) 2074/    1DA6 :                     
(1) 2075/    1DA6 :                     Objects_Run:
(1) 2076/    1DA6 : 2E38 F168           		move.l	(RAM_CurrObjList).w,d7
(1) 2077/    1DAA : 671E                		beq.s	.invld_num
(1) 2078/    1DAC : 2C47                		move.l	d7,a6
(1) 2079/    1DAE : 3E38 F184           		move.w	(RAM_CurrObjNum).w,d7
(1) 2080/    1DB2 : 6716                		beq.s	.invld_num
(1) 2081/    1DB4 : 6B14                		bmi.s	.invld_num
(1) 2082/    1DB6 :                     .next_one:
(1) 2083/    1DB6 : 2C16                		move.l	obj_code(a6),d6
(1) 2084/    1DB8 : 6708                		beq.s	.no_code
(1) 2085/    1DBA : 2F07                		move.l	d7,-(sp)
(1) 2086/    1DBC : 2A46                		move.l	d6,a5
(1) 2087/    1DBE : 4E95                		jsr	(a5)
(1) 2088/    1DC0 : 2E1F                		move.l	(sp)+,d7
(1) 2089/    1DC2 :                     .no_code:
(1) 2090/    1DC2 : DCFC 0068           		adda	#obj_len,a6
(1) 2091/    1DC6 : 51CF FFEE           		dbf	d7,.next_one
(1) 2092/    1DCA :                     .invld_num:
(1) 2093/    1DCA : 4E75                		rts
(1) 2094/    1DCC :                     
(1) 2095/    1DCC :                     ; --------------------------------------------------------
(1) 2096/    1DCC :                     ; Objects_Set, Objects_Make
(1) 2097/    1DCC :                     ;
(1) 2098/    1DCC :                     ; Set a new object into a specific slot.
(1) 2099/    1DCC :                     ;
(1) 2100/    1DCC :                     ; Input:
(1) 2101/    1DCC :                     ; d0.l | Object code pointer
(1) 2102/    1DCC :                     ;        If 0: DELETE the object including it's memory
(1) 2103/    1DCC :                     ; d1.b | Object sub-type (obj_subid)
(1) 2104/    1DCC :                     ; d2.w | Object slot
(1) 2105/    1DCC :                     ;        If -1: Auto-search starting from FIRST slot.
(1) 2106/    1DCC :                     ;
(1) 2107/    1DCC :                     ; Returns:
(1) 2108/    1DCC :                     ; bcc | Found free slot
(1) 2109/    1DCC :                     ; bcs | Ran-out of object slots
(1) 2110/    1DCC :                     ;
(1) 2111/    1DCC :                     ; Notes:
(1) 2112/    1DCC :                     ; If you are not using obj_subid you can ignore it,
(1) 2113/    1DCC :                     ; but it will contain the remains of d2 when you
(1) 2114/    1DCC :                     ; called this.
(1) 2115/    1DCC :                     ; --------------------------------------------------------
(1) 2116/    1DCC :                     
(1) 2117/    1DCC :                     Objects_Set:
(1) 2118/    1DCC : 48E7 0306           		movem.l	d6-d7/a5-a6,-(sp)
(1) 2119/    1DD0 : 2C78 F168           		movea.l	(RAM_CurrObjList).w,a6
(1) 2120/    1DD4 : 7E00                		moveq	#0,d7
(1) 2121/    1DD6 : 3E02                		move.w	d2,d7
(1) 2122/    1DD8 : CEFC 0068           		mulu.w	#obj_len,d7
(1) 2123/    1DDC : DCC7                		adda	d7,a6
(1) 2124/    1DDE : 602E                		bra.s	objSet_Go
(1) 2125/    1DE0 :                     Objects_Make:
(1) 2126/    1DE0 : 48E7 0306           		movem.l	d6-d7/a5-a6,-(sp)
(1) 2127/    1DE4 : 2C78 F168           		movea.l	(RAM_CurrObjList).w,a6
(1) 2128/    1DE8 : 3E38 F184           		move.w	(RAM_CurrObjNum).w,d7
(1) 2129/    1DEC : 5347                		subq.w	#1,d7
(1) 2130/    1DEE : 7C00                		moveq	#0,d6
(1) 2131/    1DF0 :                     .search:
(1) 2132/    1DF0 : BC78 F184           		cmp.w	(RAM_CurrObjNum).w,d6
(1) 2133/    1DF4 : 6C0E                		bge.s	objSet_Error
(1) 2134/    1DF6 : 4A96                		tst.l	obj_code(a6)
(1) 2135/    1DF8 : 6714                		beq.s	objSet_Go
(1) 2136/    1DFA : DCFC 0068           		adda	#obj_len,a6
(1) 2137/    1DFE : 5246                		addq.w	#1,d6
(1) 2138/    1E00 : 51CF FFEE           		dbf	d7,.search
(1) 2139/    1E04 :                     objSet_Error:
(1) 2140/    1E04 : 4CDF 60C0           		movem.l	(sp)+,d6-d7/a5-a6
(1) 2141/    1E08 : 44FC 0001           		move	#1,ccr			; Return carry (No slots)
(1) 2142/    1E0C : 4E75                		rts
(1) 2143/    1E0E :                     objSet_Go:
(1) 2144/    1E0E : 4A80                		tst.l	d0
(1) 2145/    1E10 : 670A                		beq.s	.from_del
(1) 2146/    1E12 : 2E00                		move.l	d0,d7
(1) 2147/    1E14 : 2C87                		move.l	d7,obj_code(a6)
(1) 2148/    1E16 : 1D41 001D           		move.b	d1,obj_subid(a6)
(1) 2149/    1E1A : 600C                		bra.s	.exit_this
(1) 2150/    1E1C :                     .from_del:
(1) 2151/    1E1C : 2A4E                		move.l	a6,a5			; Delete entire object
(1) 2152/    1E1E : 3E3C 0067           		move.w	#obj_len-1,d7
(1) 2153/    1E22 : 421D                .clr:		clr.b	(a5)+
(1) 2154/    1E24 : 51CF FFFC           		dbf	d7,.clr
(1) 2155/    1E28 :                     .exit_this:
(1) 2156/    1E28 : 4CDF 60C0           		movem.l	(sp)+,d6-d7/a5-a6
(1) 2157/    1E2C : 003C 0001           		or	#1,ccr
(1) 2158/    1E30 : 4E75                		rts
(1) 2159/    1E32 :                     
(1) 2160/    1E32 :                     ; ====================================================================
(1) 2161/    1E32 :                     ; --------------------------------------------------------
(1) 2162/    1E32 :                     ; Object functions
(1) 2163/    1E32 :                     ; --------------------------------------------------------
(1) 2164/    1E32 :                     
(1) 2165/    1E32 :                     ; --------------------------------------------------------
(1) 2166/    1E32 :                     ; object_Reset
(1) 2167/    1E32 :                     ;
(1) 2168/    1E32 :                     ; Resets the current object's memory, call this
(1) 2169/    1E32 :                     ; at very beginning of your object's init code
(1) 2170/    1E32 :                     ;
(1) 2171/    1E32 :                     ; Input:
(1) 2172/    1E32 :                     ; a6 | This object
(1) 2173/    1E32 :                     ; --------------------------------------------------------
(1) 2174/    1E32 :                     
(1) 2175/    1E32 :                     object_Reset:
(1) 2176/    1E32 : 48E7 0304           		movem.l	d6-d7/a5,-(sp)
(1) 2177/    1E36 : 4BEE 0028           		lea	obj_ram(a6),a5
(1) 2178/    1E3A : 3C3C 003F           		move.w	#(obj_len-obj_ram)-1,d6
(1) 2179/    1E3E : 7E00                		moveq	#0,d7
(1) 2180/    1E40 : 1AC7                .clr_ram:	move.b	d7,(a5)+
(1) 2181/    1E42 : 51CE FFFC           		dbf	d6,.clr_ram
(1) 2182/    1E46 : 4CDF 20C0           		movem.l	(sp)+,d6-d7/a5
(1) 2183/    1E4A : 4E75                		rts
(1) 2184/    1E4C :                     
(1) 2185/    1E4C :                     ; --------------------------------------------------------
(1) 2186/    1E4C :                     ; object_ResetAnim
(1) 2187/    1E4C :                     ;
(1) 2188/    1E4C :                     ; Reset animation variables
(1) 2189/    1E4C :                     ; call this BEFORE using object_Animate
(1) 2190/    1E4C :                     ;
(1) 2191/    1E4C :                     ; Input:
(1) 2192/    1E4C :                     ; a6 | This object
(1) 2193/    1E4C :                     ; --------------------------------------------------------
(1) 2194/    1E4C :                     
(1) 2195/    1E4C :                     object_ResetAnim:
(1) 2196/    1E4C :                     ;  		clr.w	obj_anim_indx(a6)
(1) 2197/    1E4C :                     ;  		clr.b	obj_anim_spd(a6)
(1) 2198/    1E4C : 1D7C 00FF 0026      		move.b	#-1,obj_anim_icur(a6)
(1) 2199/    1E52 : 4E75                		rts
(1) 2200/    1E54 :                     
(1) 2201/    1E54 :                     ; --------------------------------------------------------
(1) 2202/    1E54 :                     ; object_Speed
(1) 2203/    1E54 :                     ;
(1) 2204/    1E54 :                     ; Moves the object using speed values set on
(1) 2205/    1E54 :                     ; obj_x_spd and obj_y_spd, updates obj_x and obj_y
(1) 2206/    1E54 :                     ;
(1) 2207/    1E54 :                     ; Input:
(1) 2208/    1E54 :                     ; a6 | This object
(1) 2209/    1E54 :                     ; --------------------------------------------------------
(1) 2210/    1E54 :                     
(1) 2211/    1E54 :                     object_Speed:
(1) 2212/    1E54 : 2F07                		move.l	d7,-(sp)
(1) 2213/    1E56 : 7E00                		moveq	#0,d7
(1) 2214/    1E58 : 3E2E 0016           		move.w	obj_x_spd(a6),d7
(1) 2215/    1E5C : 48C7                		ext.l	d7
(1) 2216/    1E5E : E187                		asl.l	#8,d7
(1) 2217/    1E60 : DFAE 0004           		add.l	d7,obj_x(a6)
(1) 2218/    1E64 : 7E00                		moveq	#0,d7
(1) 2219/    1E66 : 3E2E 0018           		move.w	obj_y_spd(a6),d7
(1) 2220/    1E6A : 48C7                		ext.l	d7
(1) 2221/    1E6C : E187                		asl.l	#8,d7
(1) 2222/    1E6E : DFAE 0008           		add.l	d7,obj_y(a6)
(1) 2223/    1E72 : 7E00                		moveq	#0,d7
(1) 2224/    1E74 : 3E2E 001A           		move.w	obj_z_spd(a6),d7
(1) 2225/    1E78 : 48C7                		ext.l	d7
(1) 2226/    1E7A : E187                		asl.l	#8,d7
(1) 2227/    1E7C : DFAE 000C           		add.l	d7,obj_z(a6)
(1) 2228/    1E80 : 2E1F                		move.l	(sp)+,d7
(1) 2229/    1E82 : 4E75                		rts
(1) 2230/    1E84 :                     
(1) 2231/    1E84 :                     ; --------------------------------------------------------
(1) 2232/    1E84 :                     ; object_Animate
(1) 2233/    1E84 :                     ;
(1) 2234/    1E84 :                     ; Animates the sprite with a animation script,
(1) 2235/    1E84 :                     ; modifies obj_frame with the frame to use
(1) 2236/    1E84 :                     ;
(1) 2237/    1E84 :                     ; Input:
(1) 2238/    1E84 :                     ; a6 | This object
(1) 2239/    1E84 :                     ; a0 | Animation data
(1) 2240/    1E84 :                     ; --------------------------------------------------------
(1) 2241/    1E84 :                     
(1) 2242/    1E84 :                     ; anim_data:
(1) 2243/    1E84 :                     ; 	dc.w .frame_1-anim_data
(1) 2244/    1E84 :                     ; 	dc.w .frame_2-anim_data
(1) 2245/    1E84 :                     ; 	;...
(1) 2246/    1E84 :                     ;
(1) 2247/    1E84 :                     ; .frame_num:
(1) 2248/    1E84 :                     ; 	dc.w speed			; Animation speed/delay
(1) 2249/    1E84 :                     ; 	dc.w frame_0,frame_1,...	; Frames list
(1) 2250/    1E84 :                     ; 	dc.w command			; End-of-data command
(1) 2251/    1E84 :                     ;
(1) 2252/    1E84 :                     ; commands:
(1) 2253/    1E84 :                     ; dc.w -1 		; Finish animation, stops at last frame.
(1) 2254/    1E84 :                     ; dc.w -2 		; Loop animation, goes back to index 0
(1) 2255/    1E84 :                     ; dc.w -3,to_indx	; Jump to index
(1) 2256/    1E84 :                     
(1) 2257/    1E84 :                     object_Animate:
(1) 2258/    1E84 : 48E7 0780           		movem.l	a0/d5-d7,-(sp)
(1) 2259/    1E88 : 7E00                		moveq	#0,d7
(1) 2260/    1E8A : 1E2E 0026            		move.b	obj_anim_icur(a6),d7
(1) 2261/    1E8E : BE6E 0022            		cmp.w	obj_anim_num(a6),d7
(1) 2262/    1E92 : 670E                 		beq.s	.sameThing
(1) 2263/    1E94 : 1D6E 0023 0026       		move.b	obj_anim_num+1(a6),obj_anim_icur(a6)
(1) 2264/    1E9A : 426E 0024            		clr.w	obj_anim_indx(a6)
(1) 2265/    1E9E : 422E 0027            		clr.b	obj_anim_spd(a6)
(1) 2266/    1EA2 :                     .sameThing:
(1) 2267/    1EA2 : 3E2E 0022            		move.w	obj_anim_num(a6),d7
(1) 2268/    1EA6 : 0C07 00FF            		cmpi.b	#-1,d7
(1) 2269/    1EAA : 6748                 		beq.s	.return
(1) 2270/    1EAC : DE47                 		add.w	d7,d7
(1) 2271/    1EAE : 3E30 7000            		move.w	(a0,d7.w),d7
(1) 2272/    1EB2 : 41F0 7000            		lea	(a0,d7.w),a0
(1) 2273/    1EB6 : 3E18                 		move.w	(a0)+,d7
(1) 2274/    1EB8 : 0C47 FFFF            		cmpi.w	#-1,d7
(1) 2275/    1EBC : 670C                 		beq.s	.keepspd
(1) 2276/    1EBE : 042E 0001 0027       		subi.b	#1,obj_anim_spd(a6)
(1) 2277/    1EC4 : 6A2E                 		bpl.s	.return
(1) 2278/    1EC6 : 1D47 0027           		move.b	d7,obj_anim_spd(a6)
(1) 2279/    1ECA :                     .keepspd:
(1) 2280/    1ECA : 7C00                 		moveq	#0,d6
(1) 2281/    1ECC : 3E2E 0024            		move.w	obj_anim_indx(a6),d7
(1) 2282/    1ED0 : DE47                 		add.w	d7,d7
(1) 2283/    1ED2 : 3C10                 		move.w	(a0),d6
(1) 2284/    1ED4 : D0C7                 		adda	d7,a0
(1) 2285/    1ED6 : 3A10                 		move.w	(a0),d5
(1) 2286/    1ED8 : 0C45 FFFF            		cmpi.w	#-1,d5
(1) 2287/    1EDC : 6730                 		beq.s	.lastFrame	; finish
(1) 2288/    1EDE : 0C45 FFFE            		cmpi.w	#-2,d5
(1) 2289/    1EE2 : 6712                 		beq.s	.noAnim		; loop animation
(1) 2290/    1EE4 : 0C45 FFFD            		cmpi.w	#-3,d5
(1) 2291/    1EE8 : 671A                 		beq.s	.goToFrame
(1) 2292/    1EEA : 3D45 0020            		move.w	d5,obj_frame(a6)
(1) 2293/    1EEE : 066E 0001 0024       		add.w	#1,obj_anim_indx(a6)
(1) 2294/    1EF4 :                     .return:
(1) 2295/    1EF4 : 601C                 		bra.s	.exit_anim
(1) 2296/    1EF6 :                     .noAnim:
(1) 2297/    1EF6 : 3D7C 0001 0024       		move.w	#1,obj_anim_indx(a6)
(1) 2298/    1EFC : 3A06                 		move.w	d6,d5
(1) 2299/    1EFE : 3D45 0020            		move.w	d5,obj_frame(a6)
(1) 2300/    1F02 : 600E                		bra.s	.exit_anim
(1) 2301/    1F04 :                     .goToFrame:
(1) 2302/    1F04 : 426E 0024           		clr.w	obj_anim_indx(a6)
(1) 2303/    1F08 : 3D68 0002 0024      		move.w	2(a0),obj_anim_indx(a6)
(1) 2304/    1F0E :                     .lastFrame:
(1) 2305/    1F0E : 422E 0027            		clr.b	obj_anim_spd(a6)
(1) 2306/    1F12 :                     .exit_anim:
(1) 2307/    1F12 : 4CDF 01E0           		movem.l	(sp)+,a0/d5-d7
(1) 2308/    1F16 : 4E75                		rts
(1) 2309/    1F18 :                     
(1) 2310/    1F18 :                     ; --------------------------------------------------------
(1) 2311/    1F18 :                     ; object_Touch
(1) 2312/    1F18 :                     ;
(1) 2313/    1F18 :                     ; Detects collision with another Object
(1) 2314/    1F18 :                     ; from the Object's list, reads TOP to BOTTOM
(1) 2315/    1F18 :                     ;
(1) 2316/    1F18 :                     ; Input:
(1) 2317/    1F18 :                     ; a6   | This object
(1) 2318/    1F18 :                     ; d0.w | Start from slot
(1) 2319/    1F18 :                     ;
(1) 2320/    1F18 :                     ; Returns:
(1) 2321/    1F18 :                     ; d0.l | If Nothing: 0
(1) 2322/    1F18 :                     ;        If Found:   The target's RAM location
(1) 2323/    1F18 :                     ; --------------------------------------------------------
(1) 2324/    1F18 :                     
(1) 2325/    1F18 :                     object_Touch:
(1) 2326/    1F18 : 48E7 7F04           		movem.l	d1-d7/a5,-(sp)
(1) 2327/    1F1C : 7000                		moveq	#0,d0
(1) 2328/    1F1E : 3C2E 0010           		move.w	obj_size_x(a6),d6	; Check if we have a valid size
(1) 2329/    1F22 : 3A2E 0012           		move.w	obj_size_y(a6),d5
(1) 2330/    1F26 : 8C45                		or.w	d5,d6
(1) 2331/    1F28 : 672C                		beq	.exit_this
(1) 2332/    1F2A : 2A78 F168           		movea.l	(RAM_CurrObjList).w,a5
(1) 2333/    1F2E : 3C00                		move.w	d0,d6
(1) 2334/    1F30 : CCFC 0068           		mulu.w	#obj_len,d6
(1) 2335/    1F34 : DAC6                		adda	d6,a5
(1) 2336/    1F36 : 3E00                		move.w	d0,d7
(1) 2337/    1F38 :                     .next:
(1) 2338/    1F38 : BE78 F184           		cmp.w	(RAM_CurrObjNum).w,d7
(1) 2339/    1F3C : 6C16                		bge.s	.ran_out
(1) 2340/    1F3E : BBCE                		cmp.l	a6,a5			; If reading THIS object, skip
(1) 2341/    1F40 : 670A                		beq.s	.skip
(1) 2342/    1F42 : 4A95                		tst.l	obj_code(a5)		; This object has code?
(1) 2343/    1F44 : 6706                		beq.s	.skip
(1) 2344/    1F46 : 6114                		bsr.s	.check_this
(1) 2345/    1F48 : 4A40                		tst.w	d0			; Exit if Found.
(1) 2346/    1F4A : 660A                		bne.s	.exit_this
(1) 2347/    1F4C : DAFC 0068           .skip:		adda	#obj_len,a5
(1) 2348/    1F50 : 51CF FFE6           		dbf	d7,.next
(1) 2349/    1F54 :                     .ran_out:
(1) 2350/    1F54 : 7000                		moveq	#0,d0
(1) 2351/    1F56 :                     .exit_this:
(1) 2352/    1F56 : 4CDF 20FE           		movem.l	(sp)+,d1-d7/a5
(1) 2353/    1F5A : 4E75                		rts
(1) 2354/    1F5C :                     
(1) 2355/    1F5C :                     ; main check
(1) 2356/    1F5C :                     .check_this:
(1) 2357/    1F5C : 7000                		moveq	#0,d0			; Reset Return
(1) 2358/    1F5E :                     	; d6 - Y current top
(1) 2359/    1F5E :                     	; d5 - Y current bottom
(1) 2360/    1F5E :                     	; d4 - Y target top
(1) 2361/    1F5E :                     	; d3 - Y target bottom
(1) 2362/    1F5E :                     	; Check X
(1) 2363/    1F5E : 322E 0010           		move.w	obj_size_x(a6),d1	; $LLRR
(1) 2364/    1F62 : 6700 00B4           		beq	.not_ytop
(1) 2365/    1F66 : 3C2E 0004           		move.w	obj_x(a6),d6		; d6 - Left point
(1) 2366/    1F6A : 3A06                		move.w	d6,d5			; d5 - Right point
(1) 2367/    1F6C : 3401                		move.w	d1,d2
(1) 2368/    1F6E : E049                		lsr.w	#8,d1			; d1 - Left size
(1) 2369/    1F70 : 0242 00FF           		andi.w	#$FF,d2			; d2 - Right size
(1) 2370/    1F74 :                     ; 		lsl.w	#3,d1
(1) 2371/    1F74 :                     ; 		lsl.w	#3,d2
(1) 2372/    1F74 : 5342                		subq.w	#1,d2			; X right adjust
(1) 2373/    1F76 : 9C41                		sub.w	d1,d6
(1) 2374/    1F78 : DA42                		add.w	d2,d5
(1) 2375/    1F7A : 322D 0010           		move.w	obj_size_x(a5),d1	; $LLRR
(1) 2376/    1F7E : 6700 0098           		beq	.not_ytop
(1) 2377/    1F82 : 382D 0004           		move.w	obj_x(a5),d4		; d4 - Left point
(1) 2378/    1F86 : 3604                		move.w	d4,d3			; d3 - Right point
(1) 2379/    1F88 : 3401                		move.w	d1,d2
(1) 2380/    1F8A : E049                		lsr.w	#8,d1			; d1 - Left size
(1) 2381/    1F8C : 0242 00FF           		andi.w	#$FF,d2			; d2 - Right size
(1) 2382/    1F90 :                     ; 		lsl.w	#3,d1
(1) 2383/    1F90 :                     ; 		lsl.w	#3,d2
(1) 2384/    1F90 : 5342                		subq.w	#1,d2
(1) 2385/    1F92 : 9841                		sub.w	d1,d4
(1) 2386/    1F94 : D642                		add.w	d2,d3
(1) 2387/    1F96 : B646                		cmp.w	d6,d3
(1) 2388/    1F98 : 6D7E                		blt	.not_ytop
(1) 2389/    1F9A : B845                		cmp.w	d5,d4
(1) 2390/    1F9C : 6C7A                		bge	.not_ytop
(1) 2391/    1F9E :                     
(1) 2392/    1F9E :                     	; Check Y
(1) 2393/    1F9E : 322E 0012           		move.w	obj_size_y(a6),d1	; $LLRR
(1) 2394/    1FA2 : 6774                		beq	.not_ytop
(1) 2395/    1FA4 : 3C2E 0008           		move.w	obj_y(a6),d6		; d6 - Left point
(1) 2396/    1FA8 : 3A06                		move.w	d6,d5			; d5 - Right point
(1) 2397/    1FAA : 3401                		move.w	d1,d2
(1) 2398/    1FAC : E049                		lsr.w	#8,d1			; d1 - Left size
(1) 2399/    1FAE : 0242 00FF           		andi.w	#$FF,d2			; d2 - Right size
(1) 2400/    1FB2 :                     ; 		lsl.w	#3,d1
(1) 2401/    1FB2 :                     ; 		lsl.w	#3,d2
(1) 2402/    1FB2 : 5342                		subq.w	#1,d2
(1) 2403/    1FB4 : 9C41                		sub.w	d1,d6
(1) 2404/    1FB6 : DA42                		add.w	d2,d5
(1) 2405/    1FB8 : 322D 0012           		move.w	obj_size_y(a5),d1	; $LLRR
(1) 2406/    1FBC : 675A                		beq	.not_ytop
(1) 2407/    1FBE : 382D 0008           		move.w	obj_y(a5),d4		; d4 - Left point
(1) 2408/    1FC2 : 3604                		move.w	d4,d3			; d3 - Right point
(1) 2409/    1FC4 : 3401                		move.w	d1,d2
(1) 2410/    1FC6 : E049                		lsr.w	#8,d1			; d1 - Left size
(1) 2411/    1FC8 : 0242 00FF           		andi.w	#$FF,d2			; d2 - Right size
(1) 2412/    1FCC :                     ; 		lsl.w	#3,d1
(1) 2413/    1FCC :                     ; 		lsl.w	#3,d2
(1) 2414/    1FCC : 5342                		subq.w	#1,d2
(1) 2415/    1FCE : 9841                		sub.w	d1,d4
(1) 2416/    1FD0 : D642                		add.w	d2,d3
(1) 2417/    1FD2 : B646                		cmp.w	d6,d3
(1) 2418/    1FD4 : 6D42                		blt.s	.not_ytop
(1) 2419/    1FD6 : B845                		cmp.w	d5,d4
(1) 2420/    1FD8 : 6C3E                		bge.s	.not_ytop
(1) 2421/    1FDA :                     
(1) 2422/    1FDA :                     	; Special Z check
(1) 2423/    1FDA : 322E 0014           		move.w	obj_size_z(a6),d1	; $LLRR
(1) 2424/    1FDE : 6736                		beq.s	.set_ok
(1) 2425/    1FE0 : 3C2E 000C           		move.w	obj_z(a6),d6		; d6 - Left point
(1) 2426/    1FE4 : 3A06                		move.w	d6,d5			; d5 - Right point
(1) 2427/    1FE6 : 3401                		move.w	d1,d2
(1) 2428/    1FE8 : E049                		lsr.w	#8,d1			; d1 - Left size
(1) 2429/    1FEA : 0242 00FF           		andi.w	#$FF,d2			; d2 - Right size
(1) 2430/    1FEE :                     ; 		lsl.w	#3,d1
(1) 2431/    1FEE :                     ; 		lsl.w	#3,d2
(1) 2432/    1FEE : 5342                		subq.w	#1,d2
(1) 2433/    1FF0 : 9C41                		sub.w	d1,d6
(1) 2434/    1FF2 : DA42                		add.w	d2,d5
(1) 2435/    1FF4 : 322D 0014           		move.w	obj_size_z(a5),d1	; $LLRR
(1) 2436/    1FF8 : 671C                		beq.s	.set_ok
(1) 2437/    1FFA : 382D 000C           		move.w	obj_z(a5),d4		; d4 - Left point
(1) 2438/    1FFE : 3604                		move.w	d4,d3			; d3 - Right point
(1) 2439/    2000 : 3401                		move.w	d1,d2
(1) 2440/    2002 : E049                		lsr.w	#8,d1			; d1 - Left size
(1) 2441/    2004 : 0242 00FF           		andi.w	#$FF,d2			; d2 - Right size
(1) 2442/    2008 :                     ; 		lsl.w	#3,d1
(1) 2443/    2008 :                     ; 		lsl.w	#3,d2
(1) 2444/    2008 : 5342                		subq.w	#1,d2
(1) 2445/    200A : 9841                		sub.w	d1,d4
(1) 2446/    200C : D642                		add.w	d2,d3
(1) 2447/    200E : B646                		cmp.w	d6,d3
(1) 2448/    2010 : 6D06                		blt	.not_ytop
(1) 2449/    2012 : B845                		cmp.w	d5,d4
(1) 2450/    2014 : 6C02                		bge	.not_ytop
(1) 2451/    2016 :                     .set_ok:
(1) 2452/    2016 : 200D                		move.l	a5,d0			; FOUND OBJECT
(1) 2453/    2018 :                     .not_ytop:
(1) 2454/    2018 : 4E75                		rts
(1) 2455/    201A :                     
(1) 2456/    201A :                     ; ============================================================
(1) 2457/    201A :                     ; --------------------------------------------------------
(1) 2458/    201A :                     ; object_MdMars_GetSprInfo
(1) 2459/    201A :                     ;
(1) 2460/    201A :                     ; Grabs info from the current object
(1) 2461/    201A :                     ; for Video_MdMars_MakeSpr2D and Video_MdMars_MakeSpr3D
(1) 2462/    201A :                     ;
(1) 2463/    201A :                     ; Input:
(1) 2464/    201A :                     ; a6   | This object
(1) 2465/    201A :                     ; d0.l | X/Y center: splitw(center_x,center_y)
(1) 2466/    201A :                     ;        Set to 0 for 3D Sprites
(1) 2467/    201A :                     ; d1.w | Flags
(1) 2468/    201A :                     ;
(1) 2469/    201A :                     ; Output:
(1) 2470/    201A :                     ; d0.l | X and Y position
(1) 2471/    201A :                     ; d1.l | Flags and Z Position
(1) 2472/    201A :                     ; d2.w | Current frame when using object_Animate
(1) 2473/    201A :                     ; --------------------------------------------------------
(1) 2474/    201A :                     
(1) 2475/    201A :                     object_MdMars_GetSprInfo:
(1) 2490/    201A : 4E75                		rts
(1) 2491/    201C :                     
     183/    201C :                     
     184/    201C :                     ; --------------------------------------------------------
     185/    201C :                     ; SCREEN MODE MAIN LOOP
     186/    201C :                     ;
     187/    201C :                     ;  MD/Pico: Direct ROM jump
     188/    201C :                     ; CD/CD32X: Reads file from DISC and
     189/    201C :                     ;           transfers code to RAM
     190/    201C :                     ;      32X: Code is stored on ROM but runs in
     191/    201C :                     ;           RAM to prevent conflicts with the
     192/    201C :                     ;           SH2
     193/    201C :                     ;
     194/    201C :                     ; - Returning(rts) in your current screen code return
     195/    201C :                     ;   here
     196/    201C :                     ; - CD/32X/CD32X:
     197/    201C :                     ;   This will turn OFF ALL special features
     198/    201C :                     ; --------------------------------------------------------
     199/    201C :                     
     200/    201C :                     Md_ReadModes:
     201/    201C : 007C 0700           		ori.w	#$0700,sr			; Disable interrupts
     209/    2020 : 7000                		moveq	#0,d0
     210/    2022 : 3038 F180           		move.w	(RAM_ScreenMode).w,d0		; Read current screen number
     211/    2026 : C07C 007F           		and.w	#$7F,d0				; <-- CURRENT LIMIT
     212/    202A : E948                		lsl.w	#4,d0				; number * $10
     213/    202C : 41FB 000A           		lea	.screen_list(pc,d0.w),a0		; Read list
     214/    2030 :                     	; SCD/CD32X
     234/    2030 : 207B 0006           		movea.l	.screen_list(pc,d0.w),a0		; a0 - ROM location
     235/    2034 : 4E90                		jsr	(a0)
     237/    2036 : 60E4                		bra.s	Md_ReadModes			; Loop on rts
     238/    2038 :                     
     239/    2038 :                     ; ====================================================================
     240/    2038 :                     
     241/    2038 :                     		include "game/incl_list.asm"
(1)    1/    2038 :                     ; ============================================================
(1)    2/    2038 :                     ; --------------------------------------------------------
(1)    3/    2038 :                     ; SCREEN CODE jump list sorted by ID (RAM_ScreenMode)
(1)    4/    2038 :                     ;
(1)    5/    2038 :                     ; - CODE banks are at: incl_code.asm
(1)    6/    2038 :                     ; - For SCD/CD32X:
(1)    7/    2038 :                     ;   Include the Start+End labels and ISO filename
(1)    8/    2038 :                     ;   at iso_files.asm
(1)    9/    2038 :                     ; --------------------------------------------------------
(1)   10/    2038 :                     
(1)   11/    2038 :                     .screen_list:
(1)   12/    2038 : 0000 4058           		dc.l Md_Screen00	; ROM label
(1)   13/    203C : 5343 5245 454E      		dc.b "SCREEN00.BIN"	; ISO Filename
             2042 : 3030 2E42 494E    
(1)   14/    2048 : 0000 4058           		dc.l Md_Screen00
(1)   15/    204C : 5343 5245 454E      		dc.b "SCREEN00.BIN"
             2052 : 3030 2E42 494E    
(1)   16/    2058 : 0000 4058           		dc.l Md_Screen00
(1)   17/    205C : 5343 5245 454E      		dc.b "SCREEN00.BIN"
             2062 : 3030 2E42 494E    
(1)   18/    2068 : 0000 4058           		dc.l Md_Screen00
(1)   19/    206C : 5343 5245 454E      		dc.b "SCREEN00.BIN"
             2072 : 3030 2E42 494E    
(1)   20/    2078 : 0000 4058           		dc.l Md_Screen00
(1)   21/    207C : 5343 5245 454E      		dc.b "SCREEN00.BIN"
             2082 : 3030 2E42 494E    
(1)   22/    2088 : 0000 4058           		dc.l Md_Screen00
(1)   23/    208C : 5343 5245 454E      		dc.b "SCREEN00.BIN"
             2092 : 3030 2E42 494E    
(1)   24/    2098 : 0000 4058           		dc.l Md_Screen00
(1)   25/    209C : 5343 5245 454E      		dc.b "SCREEN00.BIN"
             20A2 : 3030 2E42 494E    
(1)   26/    20A8 : 0000 4226           		dc.l Md_Screen07
(1)   27/    20AC : 5343 5245 454E      		dc.b "SCREEN07.BIN"
             20B2 : 3037 2E42 494E    
(1)   28/    20B8 :                     
(1)   29/    20B8 :                     ; ============================================================
(1)   30/    20B8 :                     ; --------------------------------------------------------
(1)   31/    20B8 :                     ; CD/CD32X ONLY: Bank filenames at any order
(1)   32/    20B8 :                     ;
(1)   33/    20B8 :                     ; If you forget to reference the label it will crash
(1)   34/    20B8 :                     ; the entire SCD system.
(1)   35/    20B8 :                     ;
(1)   36/    20B8 :                     ; - Include the Start+End labels and ISO filename
(1)   37/    20B8 :                     ;   at iso_files.asm
(1)   38/    20B8 :                     ; --------------------------------------------------------
(1)   39/    20B8 :                     
(1)   40/    20B8 :                     disc_banklist:
(1)   41/    20B8 : 0000 4DDE           		dc.l DATA_BANK0		; Start Label
(1)   42/    20BC : 424E 4B5F 4D41      		dc.b "BNK_MAIN.BIN"	; ISO filename
             20C2 : 494E 2E42 494E    
(1)   43/    20C8 : FFFF FFFF           		dc.l -1			; END-OF-LIST
(1)   44/    20CC :                     
     242/    20CC :                     		align 2
     243/    20CC :                     
     244/    20CC :                     ; ====================================================================
     245/    20CC :                     
     252/    20CC :                     
     253/    20CC :                     Md_SysCode_e:
     254/    20CC :                     		align 2
     255/    20CC :                     
     256/    20CC :                     ; ===========================================================================
     257/    20CC :                     ; ----------------------------------------------------------------
     258/    20CC :                     ; DATA section shared on both Cartridge or Disc
     259/    20CC :                     ; ----------------------------------------------------------------
     260/    20CC :                     
     261/    20CC :                     ; --------------------------------------------------------
     262/    20CC :                     ; CD/CD32X ISO header and files
     263/    20CC :                     ; --------------------------------------------------------
     264/    20CC :                     
     279/    20CC :                     
     280/    20CC :                     ; ===========================================================================
     281/    20CC :                     ; --------------------------------------------------------
     282/    20CC :                     ; Z80 driver include
     283/    20CC :                     ;
     284/    20CC :                     ; SCD/CD32X: Stored on DISC
     285/    20CC :                     ; --------------------------------------------------------
     286/    20CC :                     
     294/    20CC :                     Z80_CODE:
     298/    20CC :                     		include "sound/drv/gema_zdrv.asm"
(1)    1/    20CC :                     ; ===========================================================================
(1)    2/    20CC :                     ; -------------------------------------------------------------------
(1)    3/    20CC :                     ; GEMA Z80 code
(1)    4/    20CC :                     ; -------------------------------------------------------------------
(1)    5/    20CC :                     
(1)    6/       0 :                     		phase 0
(1)    7/       0 :                     		cpu Z80		; Enter Z80 CPU
(1)    8/       0 :                     
(1)    9/       0 :                     ; --------------------------------------------------------
(1)   10/       0 :                     ; SETTINGS
(1)   11/       0 :                     ; --------------------------------------------------------
(1)   12/       0 :                     
(1)   13/       0 :                     ; !! = HARDCODED
(1)   14/       0 : =9H                  MAX_TRFRPZ	equ 9		; !! Max readRom packets(bytes) **AFFECTS WAVE QUALITY**
(1)   15/       0 : =20H                 MAX_TRKCHN	equ 32		; !! Max internal shared tracker channel slots *** MSB alinged ***
(1)   16/       0 : =20H                 MAX_RCACH	equ 20h		; !! Max storage for ROM pattern data *** 1-BIT SIZES ONLY, MUST BE LSB ALIGNED ***
(1)   17/       0 : =8H                  MAX_BUFFNTRY	equ 4*2		; !! nikona_BuffList buffer entry size **HARDCODED
(1)   18/       0 : =3H                  MAX_SLOTS	equ 3		; !! Number of track buffers
(1)   19/       0 : =20H                 MAX_ZCMND	equ 20h		; !! Size of command array ** 1-bit SIZES ONLY ** (68k uses this label too)
(1)   20/       0 : =12H                 MAX_TBLSIZE	equ 12h		; Maximum size for chip table arrays
(1)   21/       0 : =1AH                 MAX_TRKINDX	equ 26		; Max channel indexes per buffer: 4PSG+6FM+8PCM+8PWM
(1)   22/       0 :                     
(1)   23/       0 :                     ; --------------------------------------------------------
(1)   24/       0 :                     ; Structs
(1)   25/       0 :                     ; --------------------------------------------------------
(1)   26/       0 :                     
(1)   27/       0 :                     ; trkBuff struct
(1)   28/       0 :                     ;
(1)   29/       0 :                     ; seq_Status: %ERP- V--0
(1)   30/       0 :                     ; E - enabled
(1)   31/       0 :                     ; R - Init|Restart track
(1)   32/       0 :                     ; P - refill-on-playback
(1)   33/       0 :                     ; V - volume change flag
(1)   34/       0 :                     ; 0 - Use global sub-beats
(1)   35/       0 : =0H                  seq_Status	equ 00h	; ** Slot Status and flags (MUST BE at 00h)
(1)   36/       0 : =1H                  seq_Num		equ 01h ; ** Sequence number
(1)   37/       0 : =2H                  seq_SetBlk	equ 02h	; ** Start on this block
(1)   38/       0 : =3H                  seq_TickSet	equ 03h	; ** Ticks for this track
(1)   39/       0 : =4H                  seq_Blocks	equ 04h ; ** [W] Current track's blocks
(1)   40/       0 : =6H                  seq_Patt	equ 06h ; ** [W] Current track's heads and patterns
(1)   41/       0 : =8H                  seq_Cach	equ 08h	; ** [W] Current track's cache notedata
(1)   42/       0 : =0AH                 seq_Read	equ 0Ah	; [W] Track current pattern read
(1)   43/       0 : =0CH                 seq_Rows	equ 0Ch	; [W] Track row counter
(1)   44/       0 : =0EH                 seq_VolMaster	equ 0Eh ; [W] Master volume for this track slot (00-max), +80h update
(1)   45/       0 : =10H                 seq_cachHalf	equ 10h ; ROM-cache halfcheck
(1)   46/       0 : =11H                 seq_rowPause	equ 11h	; Row-pause timer
(1)   47/       0 : =12H                 seq_TickTmr	equ 12h	; Ticks timer
(1)   48/       0 : =13H                 seq_currBlk	equ 13h	; Current block
(1)   49/       0 : =14H                 seq_Priority	equ 14h ; Priority level for this buffer
(1)   50/       0 : =15H                 seq_BankHeads	equ 15h ; Header bank
(1)   51/       0 : =16H                 seq_BankBlk	equ 16h	; Block bank
(1)   52/       0 : =17H                 seq_MaxChnl	equ 17h ; MAX channels used in this track
(1)   53/       0 : =18H                 seq_VolFdTarget	equ 18h	; Target fade volume
(1)   54/       0 : =19H                 seq_RomPattRead	equ 19h ; [3b] ROM current pattern data to be cache'd
(1)   55/       0 : =1CH                 seq_RomPatt	equ 1Ch ; [3b] ROM BASE pattern data
(1)   56/       0 : =1FH                 seq_RomInst	equ 1Fh ; [3b] ROM instrument data
(1)   57/       0 : =22H                 seq_RomBlks	equ 22h ; [3b] ROM blocks data
(1)   58/       0 : =25H                 seq_ChnIndx	equ 25h	; CHANNEL INDEXING START HERE
(1)   59/       0 :                     
(1)   60/       0 :                     ; chnBuff struct, 8 BYTES ONLY.
(1)   61/       0 :                     ;
(1)   62/       0 :                     ; chnl_Flags: E0LRevin
(1)   63/       0 :                     ; 	 E - Channel is active
(1)   64/       0 :                     ; 	LR - 1-bit Left/Right panning bits: 0-ON 1-OFF
(1)   65/       0 :                     ; 	 e - Effect*
(1)   66/       0 :                     ; 	 v - Volume*
(1)   67/       0 :                     ; 	 i - Intrument*
(1)   68/       0 :                     ; 	 n - Note*
(1)   69/       0 :                     
(1)   70/       0 : =0H                  chnl_Flags	equ 0	; !! Playback flags: %E0LRevin ** MUST BE LOCATED AT 0 **
(1)   71/       0 : =1H                  chnl_Chip	equ 1	; %ccccpppp c - Current Chip ID / p - Priority level
(1)   72/       0 : =2H                  chnl_Note	equ 2	; IT Music note or command
(1)   73/       0 : =3H                  chnl_Ins	equ 3	; IT Instrument starting from 1 (0 is invalid)
(1)   74/       0 : =4H                  chnl_Vol	equ 4	; IT Volume: MAX(64) to MIN(0)
(1)   75/       0 : =5H                  chnl_EffId	equ 5	; IT Effect number
(1)   76/       0 : =6H                  chnl_EffArg	equ 6	; IT Effect argument
(1)   77/       0 : =7H                  chnl_Type	equ 7	; Impulse type bits
(1)   78/       0 :                     
(1)   79/       0 :                     
(1)   80/       0 :                     ; Table struct
(1)   81/       0 : =0H                  ztbl_Link	equ 00h			; !! current linked channel in trkChnls
(1)   82/       0 : =2H                  ztbl_Priority	equ 02h			; !! 00h-7Fh: Priority level 0-15 + 80h+chipID Silence request
(1)   83/       0 : =3H                  ztbl_Chip	equ 03h			; !! Chip index (YM2612: direct index) *MUST BE ON THE LIST*
(1)   84/       0 : =4H                  ztbl_MasterVol	equ 04h			; MASTER volume for this channel
(1)   85/       0 : =5H                  ztbl_FreqIndx	equ 05h			; Frequency list index (YM2612: %oooiiiii oct|index)
(1)   86/       0 : =6H                  ztbl_PitchBend	equ 06h			; Pitchbend incr/decr
(1)   87/       0 : =7H                  ztbl_Volume	equ 07h			; Current Volume: 00-max
(1)   88/       0 : =8H                  ztbl_VolSlide	equ 08h			; Volume slide incr/decr
(1)   89/       0 : =0AH                 ztbl_InstCach	equ 0Ah			; <-- 8 bytes
(1)   90/       0 :                     
(1)   91/       0 :                     ; --------------------------------------------------------
(1)   92/       0 :                     ; Variables
(1)   93/       0 :                     ; --------------------------------------------------------
(1)   94/       0 :                     
(1)   95/       0 :                     ; Z80 opcode labels for the wave playback routines
(1)   96/       0 : =0H                  zopcNop		equ 00h
(1)   97/       0 : =8H                  zopcEx		equ 08h
(1)   98/       0 : =0C9H                zopcRet		equ 0C9h
(1)   99/       0 : =0D9H                zopcExx		equ 0D9h		; (dac_me ONLY)
(1)  100/       0 : =0F5H                zopcPushAf	equ 0F5h		; (dac_fill ONLY)
(1)  101/       0 :                     
(1)  102/       0 :                     ; PSG
(1)  103/       0 : =0H                  COM		equ 0
(1)  104/       0 : =4H                  LEV		equ 4
(1)  105/       0 : =8H                  ATK		equ 8
(1)  106/       0 : =0CH                 DKY		equ 12
(1)  107/       0 : =10H                 SLV		equ 16
(1)  108/       0 : =14H                 RRT		equ 20
(1)  109/       0 : =18H                 MODE		equ 24
(1)  110/       0 : =1CH                 DTL		equ 28
(1)  111/       0 : =20H                 DTH		equ 32
(1)  112/       0 : =24H                 ALV		equ 36
(1)  113/       0 : =28H                 FLG		equ 40
(1)  114/       0 : =2CH                 ARP		equ 44
(1)  115/       0 : =30H                 MVOL		equ 48
(1)  116/       0 : =34H                 EFFV		equ 52
(1)  117/       0 : =38H                 PTMR		equ 56
(1)  118/       0 :                     
(1)  119/       0 :                     ; ====================================================================
(1)  120/       0 :                     ; --------------------------------------------------------
(1)  121/       0 :                     ; Code starts here
(1)  122/       0 :                     ; --------------------------------------------------------
(1)  123/       0 :                     
(1)  124/       0 : F3                  		di			; Disable interrupts
(1)  125/       1 : ED 56               		im	1		; Interrupt mode 1
(1)  126/       3 : 31 00 20            		ld	sp,2000h	; Set STACK at the end of Z80
(1)  127/       6 : 18 36               		jr	z80_init	; Jump to z80_init
(1)  128/       8 :                     
(1)  129/       8 :                     ; --------------------------------------------------------
(1)  130/       8 :                     ; RST 8 (dac_me)
(1)  131/       8 :                     ;
(1)  132/       8 :                     ; Writes wave data to DAC using data stored
(1)  133/       8 :                     ; on the wave buffer, call this routine every 6 or 8
(1)  134/       8 :                     ; instructions to keep the samplerate stable.
(1)  135/       8 :                     ;
(1)  136/       8 :                     ; Input (EXX):
(1)  137/       8 :                     ;  c - WAVE buffer MSB
(1)  138/       8 :                     ; de - Pitch (xx.00)
(1)  139/       8 :                     ; h  - WAVE buffer LSB (as xx.00)
(1)  140/       8 :                     ;
(1)  141/       8 :                     ; Uses (EXX):
(1)  142/       8 :                     ; b
(1)  143/       8 :                     ;
(1)  144/       8 :                     ; Notes:
(1)  145/       8 :                     ; ONLY USE dac_on and dac_off to turn OFF/ON
(1)  146/       8 :                     ; DAC playback
(1)  147/       8 :                     ;
(1)  148/       8 :                     ; Samplerate is 16000hz with minimal quality loss.
(1)  149/       8 :                     ; --------------------------------------------------------
(1)  150/       8 :                     
(1)  151/       8 :                     ; EXX set:
(1)  152/       8 :                     ; af - temporal
(1)  153/       8 :                     ; bc - l temporal | dWaveBuff MSB
(1)  154/       8 :                     ; de - pitch increment
(1)  155/       8 :                     ; hl - wave buffer position 00.00h
(1)  156/       8 :                     		org 8
(1)  157/       8 : D9                  dac_me:		exx			; * flip registers | Changes between EXX(play) and RET(stop)
(1)  158/       9 : 08                  		ex	af,af'		; Swap af
(1)  159/       A : 45                  		ld	b,l		; Save old hl buff
(1)  160/       B : 6C                  		ld	l,h		;
(1)  161/       C : 61                  		ld	h,c		; h - Set buffer MSB
(1)  162/       D : 3E 2A               		ld	a,2Ah		;
(1)  163/       F : 32 00 40            		ld	(Zym_ctrl_1),a	; Set YM Register 2Ah
(1)  164/      12 : 7E                  		ld	a,(hl)		; Read wave byte and
(1)  165/      13 : 32 01 40            		ld	(Zym_data_1),a	; write it to DAC
(1)  166/      16 : 65                  		ld	h,l		; Get hl buff back
(1)  167/      17 : 68                  		ld	l,b		;
(1)  168/      18 : 19                  		add	hl,de		; Pitch increment hl
(1)  169/      19 : 08                  		ex	af,af'		; Return af
(1)  170/      1A : D9                  		exx			; * return regs
(1)  171/      1B : C9                  		ret
(1)  172/      1C :                     
(1)  173/      1C :                     ; --------------------------------------------------------
(1)  174/      1C :                     ; 1Ch - Master tracklist pointer
(1)  175/      1C :                     gemaMstrListPos:
(1)  176/      1C : 00                  		db 0			; ** 32-bit 68k address **
(1)  177/      1D : 00                  		db 0
(1)  178/      1E : 00                  		db 0
(1)  179/      1F : 00                  		db 0
(1)  180/      20 :                     
(1)  181/      20 :                     ; --------------------------------------------------------
(1)  182/      20 :                     ; RST 20h (dac_me)
(1)  183/      20 :                     ; *** self-modifiable code ***
(1)  184/      20 :                     ;
(1)  185/      20 :                     ; Checks if the WAVE cache needs refilling to keep
(1)  186/      20 :                     ; it playing.
(1)  187/      20 :                     ; --------------------------------------------------------
(1)  188/      20 :                     
(1)  189/      20 :                     		org 20h
(1)  190/      20 : F5                  dac_fill:	push	af		; Save af | Changes between PUSH AF(play) and RET(stop)
(1)  191/      21 : 3A 37 00            		ld	a,(dDacFifoMid)	; a - Get half-way value
(1)  192/      24 : D9                  		exx			; * flip registers
(1)  193/      25 : AC                  		xor	h		; Grab LSB.00
(1)  194/      26 : D9                  		exx			; * restore regs
(1)  195/      27 : E6 80               		and	80h		; Check if LSB 7th bit changed
(1)  196/      29 : C4 40 12            		call	nz,dac_refill	; If yes, call refill and update LSB
(1)  197/      2C : F1                  		pop	af		; Restore af
(1)  198/      2D : C9                  		ret
(1)  199/      2E :                     
(1)  200/      2E :                     ; --------------------------------------------------------
(1)  201/      2E :                     ; 02Eh - User read/write values
(1)  202/      2E :                     
(1)  203/      2E : 00                  commZRead	db 0			; cmd fifo READ pointer (here)
(1)  204/      2F : 00                  psgHatMode	db 0			; Current PSGN mode
(1)  205/      30 : 00                  fmSpecial	db 0			; copy of FM3 enable bit
(1)  206/      31 : 00 00               sbeatAcc	dw 0			; Accumulates on each tick to trigger the sub beats
(1)  207/      33 : D6 00               sbeatPtck	dw 214			; Default global subbeats (this-32 for PAL) 214=125
(1)  208/      35 : 00                  x68ksrclsb	db 0			; readRom temporal LSB
(1)  209/      36 : 00                  x68ksrcmid	db 0			; readRom temporal MID
(1)  210/      37 : 00                  dDacFifoMid	db 0			; WAVE play halfway refill flag (00h/80h)
(1)  211/      38 :                     
(1)  212/      38 :                     ; --------------------------------------------------------
(1)  213/      38 :                     ; Z80 Interrupt at 0038h
(1)  214/      38 :                     ; --------------------------------------------------------
(1)  215/      38 :                     
(1)  216/      38 :                     		org 38h				; Align 38h
(1)  217/      38 : ED 73 F6 1C         		ld	(tickSpSet),sp		; Write TICK flag using current sp (read tickFlag only)
(1)  218/      3C : F3                  		di				; Disable interrupt
(1)  219/      3D : C9                  		ret
(1)  220/      3E :                     
(1)  221/      3E :                     ; --------------------------------------------------------
(1)  222/      3E :                     ; Initialize
(1)  223/      3E :                     ; --------------------------------------------------------
(1)  224/      3E :                     
(1)  225/      3E :                     z80_init:
(1)  226/      3E : CD 1B 0F            		call	gema_init		; Init values
(1)  227/      41 :                     
(1)  228/      41 :                     ; --------------------------------------------------------
(1)  229/      41 :                     ; MAIN LOOP
(1)  230/      41 :                     ; --------------------------------------------------------
(1)  231/      41 :                     
(1)  232/      41 :                     drv_loop:
(1)  233/      41 : CF                  		rst	8
(1)  234/      42 : CD 8D 0F            		call	get_tick		; Check tick on VBlank
(1)  235/      45 : E7                  		rst	20h			; Refill wave here
(1)  236/      46 : CF                  		rst	8
(1)  237/      47 : 06 00               		ld	b,0			; b - Reset current flags (beat|tick)
(1)  238/      49 : 3A F8 1C            		ld	a,(tickCnt)		; Decrement tick counter
(1)  239/      4C : D6 01               		sub	1
(1)  240/      4E : 38 0B               		jr	c,.noticks		; If non-zero, no tick passed.
(1)  241/      50 : 32 F8 1C            		ld	(tickCnt),a
(1)  242/      53 : CD 65 10            		call	chip_env		; Process PSG and YM
(1)  243/      56 : CD 8D 0F            		call	get_tick		; Check for another tick
(1)  244/      59 : 06 01               		ld 	b,01b			; Set TICK and clear BEAT flags (01b)
(1)  245/      5B :                     .noticks:
(1)  246/      5B : 3A 32 00            		ld	a,(sbeatAcc+1)		; check beat counter (scaled by tempo)
(1)  247/      5E : D6 01               		sub	1
(1)  248/      60 : 38 06               		jr	c,.nobeats
(1)  249/      62 : CF                  		rst	8
(1)  250/      63 : 32 32 00            		ld	(sbeatAcc+1),a		; 1/24 beat passed.
(1)  251/      66 : CB C8               		set	1,b			; Set BEAT (10b) flag
(1)  252/      68 :                     .nobeats:
(1)  253/      68 : CF                  		rst	8
(1)  254/      69 : 78                  		ld	a,b			; Any beat/tick bits set?
(1)  255/      6A : B7                  		or	a
(1)  256/      6B : 28 15               		jr	z,.neither
(1)  257/      6D : 32 F9 1C            		ld	(currTickBits),a	; Save BEAT/TICK bits
(1)  258/      70 : E7                  		rst	20h
(1)  259/      71 : CF                  		rst	8
(1)  260/      72 : CD 8D 0F            		call	get_tick
(1)  261/      75 : CD FE 05            		call	set_chips		; Process sound chips
(1)  262/      78 : CD 8D 0F            		call	get_tick
(1)  263/      7B : CF                  		rst	8
(1)  264/      7C : CD 26 02            		call	upd_seq			; Read sequences
(1)  265/      7F : CD 8D 0F            		call	get_tick
(1)  266/      82 :                     .neither:
(1)  267/      82 : E7                  		rst	20h
(1)  274/      83 : CF                  		rst	8
(1)  275/      84 : 00                  		nop
(1)  276/      85 : 00                  		nop
(1)  277/      86 : 00                  		nop
(1)  278/      87 : CD 8D 0F            		call	get_tick
(1)  279/      8A : CF                  		rst	8
(1)  281/      8B :                     .next_cmd:
(1)  282/      8B : 3A 80 1F            		ld	a,(commZWrite)		; Check if commZ R/W indexes
(1)  283/      8E : 47                  		ld	b,a			; are in the same spot a == b
(1)  284/      8F : 3A 2E 00            		ld	a,(commZRead)
(1)  285/      92 : B8                  		cp	b			; If equal, no changes.
(1)  286/      93 : 28 AC               		jr	z,drv_loop
(1)  287/      95 : CF                  		rst	8
(1)  288/      96 : CD AE 00            		call	.grab_arg		; Get command start flag -1
(1)  289/      99 : FE FF               		cp	-1
(1)  290/      9B : 20 A4               		jr	nz,drv_loop		; If not, end of command
(1)  291/      9D : CD AE 00            		call	.grab_arg		; Read command number
(1)  292/      A0 : 87                  		add	a,a			; num*2
(1)  293/      A1 : 21 CD 00            		ld	hl,.list		; Index-jump
(1)  294/      A4 : 16 00               		ld	d,0
(1)  295/      A6 : 5F                  		ld	e,a
(1)  296/      A7 : 19                  		add	hl,de
(1)  297/      A8 : 7E                  		ld	a,(hl)
(1)  298/      A9 : 23                  		inc	hl
(1)  299/      AA : 66                  		ld	h,(hl)
(1)  300/      AB : CF                  		rst	8
(1)  301/      AC : 6F                  		ld	l,a
(1)  302/      AD : E9                  		jp	(hl)			; Jump to label
(1)  303/      AE :                     
(1)  304/      AE :                     ; --------------------------------------------------------
(1)  305/      AE :                     ; Read cmd byte
(1)  306/      AE :                     ; --------------------------------------------------------
(1)  307/      AE :                     
(1)  308/      AE :                     .grab_arg:
(1)  309/      AE : D5                  		push	de
(1)  310/      AF : E5                  		push	hl
(1)  311/      B0 :                     .getcbytel:
(1)  312/      B0 : 3A 80 1F            		ld	a,(commZWrite)
(1)  313/      B3 : 57                  		ld	d,a
(1)  314/      B4 : CF                  		rst	8
(1)  315/      B5 : 3A 2E 00            		ld	a,(commZRead)
(1)  316/      B8 : BA                  		cp	d			; commZ R/W indexes are the same?
(1)  317/      B9 : 28 F5               		jr	z,.getcbytel		; wait until these counters change.
(1)  318/      BB : 16 00               		ld	d,0
(1)  319/      BD : 5F                  		ld	e,a
(1)  320/      BE : 21 60 1F            		ld	hl,commZfifo		; Read commZ list + index
(1)  321/      C1 : 19                  		add	hl,de
(1)  322/      C2 : CF                  		rst	8
(1)  323/      C3 : 3C                  		inc	a
(1)  324/      C4 : E6 1F               		and	MAX_ZCMND-1		; ** commZ list buffer limit
(1)  325/      C6 : 32 2E 00            		ld	(commZRead),a
(1)  326/      C9 : 7E                  		ld	a,(hl)			; a - got this byte from the buffer
(1)  327/      CA : E1                  		pop	hl
(1)  328/      CB : D1                  		pop	de
(1)  329/      CC : C9                  		ret
(1)  330/      CD :                     
(1)  331/      CD :                     ; --------------------------------------------------------
(1)  332/      CD :                     
(1)  333/      CD :                     .list:
(1)  334/      CD : DD 00               		dw .cmnd_0		; 00h - TESTING
(1)  335/      CF : E0 00               		dw .cmnd_1		; 01h - Set Master tracklist
(1)  336/      D1 : F9 00               		dw .cmnd_2		; 02h - Play by track number
(1)  337/      D3 : 33 01               		dw .cmnd_3		; 03h - Stop by track number
(1)  338/      D5 : DD 00               		dw .cmnd_0		; 04h - (free)
(1)  339/      D7 : 71 01               		dw .cmnd_5		; 05h - Fade volume (FadeIn/FadeOut)
(1)  340/      D9 : AA 01               		dw .cmnd_6		; 06h - Set maximum volume to slot
(1)  341/      DB : E3 01               		dw .cmnd_7		; 07h - Set GLOBAL sub-beats
(1)  342/      DD :                     
(1)  343/      DD :                     ; --------------------------------------------------------
(1)  344/      DD :                     ; Command 00h
(1)  345/      DD :                     ;
(1)  346/      DD :                     ; Reserved for TESTING purposes.
(1)  347/      DD :                     ; --------------------------------------------------------
(1)  348/      DD :                     
(1)  349/      DD :                     .cmnd_0:
(1)  350/      DD : C3 8B 00            		jp	.next_cmd
(1)  351/      E0 :                     
(1)  352/      E0 :                     ; --------------------------------------------------------
(1)  353/      E0 :                     ; Command 01h:
(1)  354/      E0 :                     ;
(1)  355/      E0 :                     ; Set the Track MASTER-list.
(1)  356/      E0 :                     ; --------------------------------------------------------
(1)  357/      E0 :                     
(1)  358/      E0 :                     .cmnd_1:
(1)  359/      E0 : 21 1F 00            		ld	hl,gemaMstrListPos+3	; 32-bit big endian
(1)  360/      E3 : CD AE 00            		call	.grab_arg		; $000000xx
(1)  361/      E6 : 77                  		ld	(hl),a
(1)  362/      E7 : 2B                  		dec	hl
(1)  363/      E8 : CD AE 00            		call	.grab_arg		; $0000xx00
(1)  364/      EB : 77                  		ld	(hl),a
(1)  365/      EC : 2B                  		dec	hl
(1)  366/      ED : CD AE 00            		call	.grab_arg		; $00xx0000
(1)  367/      F0 : 77                  		ld	(hl),a
(1)  368/      F1 : 2B                  		dec	hl
(1)  369/      F2 : CD AE 00            		call	.grab_arg		; $xx000000 (filler)
(1)  370/      F5 : 77                  		ld	(hl),a
(1)  371/      F6 : C3 8B 00            		jp	.next_cmd
(1)  372/      F9 :                     
(1)  373/      F9 :                     ; --------------------------------------------------------
(1)  374/      F9 :                     ; Command 02h:
(1)  375/      F9 :                     ;
(1)  376/      F9 :                     ; Make new track by sequence number
(1)  377/      F9 :                     ;
(1)  378/      F9 :                     ; SeqID, BlockPos, SlotIndex(If -1 autofill)
(1)  379/      F9 :                     ; --------------------------------------------------------
(1)  380/      F9 :                     
(1)  381/      F9 :                     .cmnd_2:
(1)  382/      F9 : CD AE 00            		call	.grab_arg		; d1: Sequence ID
(1)  383/      FC : 4F                  		ld	c,a			; copy to c
(1)  384/      FD : CD AE 00            		call	.grab_arg		; d2: Block from
(1)  385/     100 : 47                  		ld	b,a			; copy to b
(1)  386/     101 : CF                  		rst	8
(1)  387/     102 : CD AE 00            		call	.grab_arg		; d0: Slot index
(1)  388/     105 : FD 21 D1 17         		ld	iy,nikona_BuffList	; iy - Slot buffer list
(1)  389/     109 : B7                  		or	a
(1)  390/     10A : FA 19 01            		jp	m,.srch_mode		; If negative, search for all with same ID
(1)  391/     10D : FE 03               		cp	MAX_SLOTS
(1)  392/     10F : D2 8B 00            		jp	nc,.next_cmd		; Exit if maxed out slots
(1)  393/     112 : CF                  		rst	8
(1)  394/     113 : CD 01 02            		call	.cmnd_rdslot
(1)  395/     116 : C3 28 01            		jp	.wrtto_slot
(1)  396/     119 :                     ; -1
(1)  397/     119 :                     .srch_mode:
(1)  398/     119 : CD 13 02            		call	.srch_slot		; Read this slot
(1)  399/     11C : FE FF               		cp	-1
(1)  400/     11E : CA 8B 00            		jp	z,.next_cmd		; if -1, exit.
(1)  401/     121 : CB 7E               		bit	7,(hl)			; Is this track active?
(1)  402/     123 : CA 28 01            		jp	z,.wrtto_slot
(1)  403/     126 : 18 F1               		jr	.srch_mode		; Check next one
(1)  404/     128 :                     .wrtto_slot:
(1)  405/     128 : 36 C0               		ld	(hl),11000000b		; ** Write seq_Status (Enable+FirstFill)
(1)  406/     12A : 23                  		inc	hl
(1)  407/     12B : CF                  		rst	8
(1)  408/     12C : 71                  		ld	(hl),c			; ** seq_Num
(1)  409/     12D : 23                  		inc	hl
(1)  410/     12E : 70                  		ld	(hl),b			; ** seq_SetBlk
(1)  411/     12F : 79                  		ld	a,c
(1)  412/     130 : C3 8B 00            		jp	.next_cmd
(1)  413/     133 :                     
(1)  414/     133 :                     ; --------------------------------------------------------
(1)  415/     133 :                     ; Command 03h:
(1)  416/     133 :                     ;
(1)  417/     133 :                     ; Stop track with the same sequence number
(1)  418/     133 :                     ;
(1)  419/     133 :                     ; SeqID,SlotIndex(If -1, stop all)
(1)  420/     133 :                     ; --------------------------------------------------------
(1)  421/     133 :                     
(1)  422/     133 :                     .cmnd_3:
(1)  423/     133 : CD AE 00            		call	.grab_arg		; d1: Sequence ID
(1)  424/     136 : 4F                  		ld	c,a			; copy to c
(1)  425/     137 : CD AE 00            		call	.grab_arg		; d0: Slot index
(1)  426/     13A : FD 21 D1 17         		ld	iy,nikona_BuffList	; iy - Slot buffer list
(1)  427/     13E : B7                  		or	a
(1)  428/     13F : FA 51 01            		jp	m,.srch_del		; If negative, search for all with same ID
(1)  429/     142 : FE 03               		cp	MAX_SLOTS
(1)  430/     144 : D2 8B 00            		jp	nc,.next_cmd		; Exit if maxed out slots
(1)  431/     147 : CF                  		rst	8
(1)  432/     148 : CD 01 02            		call	.cmnd_rdslot
(1)  433/     14B : CD 5E 01            		call	.wrtto_del
(1)  434/     14E : C3 8B 00            		jp	.next_cmd
(1)  435/     151 :                     ; -1
(1)  436/     151 :                     .srch_del:
(1)  437/     151 : CD 13 02            		call	.srch_slot		; Read this slot
(1)  438/     154 : FE FF               		cp	-1
(1)  439/     156 : CA 8B 00            		jp	z,.next_cmd		; if -1, exit.
(1)  440/     159 : CD 5E 01            		call	.wrtto_del
(1)  441/     15C : 18 F3               		jr	.srch_del
(1)  442/     15E :                     .wrtto_del:
(1)  443/     15E : CB 7E               		bit	7,(hl)			; Slot is active?
(1)  444/     160 : C8                  		ret	z
(1)  445/     161 : CB 79               		bit	7,c			; seq is -1? (lazy bit check)
(1)  446/     163 : 20 05               		jr	nz,.del_all
(1)  447/     165 : DD 7E 01            		ld	a,(ix+seq_Num)
(1)  448/     168 : B9                  		cp	c			; Is this the same seq?
(1)  449/     169 : C0                  		ret	nz			; Return if not.
(1)  450/     16A :                     .del_all:
(1)  451/     16A : 36 FF               		ld	(hl),-1			; stop channel and clear slot
(1)  452/     16C : 23                  		inc	hl
(1)  453/     16D : 36 FF               		ld	(hl),-1			; Reset seqId
(1)  454/     16F : CF                  		rst	8
(1)  455/     170 : C9                  		ret
(1)  456/     171 :                     
(1)  457/     171 :                     ; --------------------------------------------------------
(1)  458/     171 :                     ; Command 05h:
(1)  459/     171 :                     ;
(1)  460/     171 :                     ; Fade volume (FadeIn/FadeOut)
(1)  461/     171 :                     ;
(1)  462/     171 :                     ; Arguments:
(1)  463/     171 :                     ; TargetVol,SlotIndex(If -1 autofill)
(1)  464/     171 :                     ; --------------------------------------------------------
(1)  465/     171 :                     
(1)  466/     171 :                     .cmnd_5:
(1)  467/     171 : CD AE 00            		call	.grab_arg		; d1: Master volume
(1)  468/     174 : 4F                  		ld	c,a			; copy to c
(1)  469/     175 : CD AE 00            		call	.grab_arg		; d0: Slot index
(1)  470/     178 : FD 21 D1 17         		ld	iy,nikona_BuffList	; iy - Slot buffer list
(1)  471/     17C : B7                  		or	a
(1)  472/     17D : FA 8F 01            		jp	m,.srch_fvol		; if -1, search for all with same ID
(1)  473/     180 : FE 03               		cp	MAX_SLOTS
(1)  474/     182 : D2 8B 00            		jp	nc,.next_cmd		; Exit If maxed out slots
(1)  475/     185 : CF                  		rst	8
(1)  476/     186 : CD 01 02            		call	.cmnd_rdslot
(1)  477/     189 : CD 9C 01            		call	.wrtto_fvol
(1)  478/     18C : C3 8B 00            		jp	.next_cmd
(1)  479/     18F :                     ; -1
(1)  480/     18F :                     .srch_fvol:
(1)  481/     18F : CD 13 02            		call	.srch_slot
(1)  482/     192 : FE FF               		cp	-1
(1)  483/     194 : CA 8B 00            		jp	z,.next_cmd		; Then skip, no free slot.
(1)  484/     197 : CD 9C 01            		call	.wrtto_fvol
(1)  485/     19A : 18 F3               		jr	.srch_fvol
(1)  486/     19C :                     .wrtto_fvol:
(1)  487/     19C : CB 7E               		bit	7,(hl)			; Active?
(1)  488/     19E : C8                  		ret	z
(1)  489/     19F : CB DE               		set	3,(hl)			; Volume update flag
(1)  490/     1A1 : DD 71 18            		ld	(ix+seq_VolFdTarget),c
(1)  491/     1A4 : DD 36 0F 00         		ld	(ix+seq_VolMaster+1),0
(1)  492/     1A8 : CF                  		rst	8
(1)  493/     1A9 : C9                  		ret
(1)  494/     1AA :                     
(1)  495/     1AA :                     ; --------------------------------------------------------
(1)  496/     1AA :                     ; Command 06h:
(1)  497/     1AA :                     ;
(1)  498/     1AA :                     ; Set track's master volume
(1)  499/     1AA :                     ;
(1)  500/     1AA :                     ; Arguments:
(1)  501/     1AA :                     ; MasterVol,SlotIndex(If -1 autofill)
(1)  502/     1AA :                     ; --------------------------------------------------------
(1)  503/     1AA :                     
(1)  504/     1AA :                     .cmnd_6:
(1)  505/     1AA : CD AE 00            		call	.grab_arg		; d1: Master volume
(1)  506/     1AD : 4F                  		ld	c,a			; copy to c
(1)  507/     1AE : CD AE 00            		call	.grab_arg		; d0: Slot index
(1)  508/     1B1 : FD 21 D1 17         		ld	iy,nikona_BuffList	; iy - Slot buffer list
(1)  509/     1B5 : B7                  		or	a
(1)  510/     1B6 : FA C8 01            		jp	m,.srch_vol		; if -1, search for all with same ID
(1)  511/     1B9 : FE 03               		cp	MAX_SLOTS		; If maxed out slots
(1)  512/     1BB : D2 8B 00            		jp	nc,.next_cmd
(1)  513/     1BE : CF                  		rst	8
(1)  514/     1BF : CD 01 02            		call	.cmnd_rdslot
(1)  515/     1C2 : CD D5 01            		call	.wrtto_vol
(1)  516/     1C5 : C3 8B 00            		jp	.next_cmd
(1)  517/     1C8 :                     ; -1
(1)  518/     1C8 :                     .srch_vol:
(1)  519/     1C8 : CD 13 02            		call	.srch_slot
(1)  520/     1CB : FE FF               		cp	-1
(1)  521/     1CD : CA 8B 00            		jp	z,.next_cmd		; Then skip, no free slot.
(1)  522/     1D0 : CD D5 01            		call	.wrtto_vol
(1)  523/     1D3 : 18 F3               		jr	.srch_vol
(1)  524/     1D5 :                     .wrtto_vol:
(1)  525/     1D5 : CB DE               		set	3,(hl)			; Volume update flag
(1)  526/     1D7 : DD 71 0E            		ld	(ix+seq_VolMaster),c
(1)  527/     1DA : DD 71 18            		ld	(ix+seq_VolFdTarget),c
(1)  528/     1DD : DD 36 0F 00         		ld	(ix+seq_VolMaster+1),0
(1)  529/     1E1 : CF                  		rst	8
(1)  530/     1E2 : C9                  		ret
(1)  531/     1E3 :                     
(1)  532/     1E3 :                     ; --------------------------------------------------------
(1)  533/     1E3 :                     ; Command 07h:
(1)  534/     1E3 :                     ;
(1)  535/     1E3 :                     ; Set global sub-beats
(1)  536/     1E3 :                     ; --------------------------------------------------------
(1)  537/     1E3 :                     
(1)  538/     1E3 :                     .cmnd_7:
(1)  539/     1E3 : CD AE 00            		call	.grab_arg		; d0.w: $00xx
(1)  540/     1E6 : 4F                  		ld	c,a
(1)  541/     1E7 : CD AE 00            		call	.grab_arg		; d0.w: $xx00
(1)  542/     1EA : 67                  		ld	h,a
(1)  543/     1EB : 69                  		ld	l,c
(1)  544/     1EC : 3A 88 1F            		ld	a,(palMode)		; PAL speed mode?
(1)  545/     1EF : B7                  		or	a
(1)  546/     1F0 : 28 04               		jr	z,.not_pal
(1)  547/     1F2 : 11 28 00            		ld	de,40			; Add 40
(1)  548/     1F5 : 19                  		add	hl,de
(1)  549/     1F6 :                     .not_pal:
(1)  550/     1F6 : 7C                  		ld	a,h
(1)  551/     1F7 : 32 34 00            		ld	(sbeatPtck+1),a
(1)  552/     1FA : 7D                  		ld	a,l
(1)  553/     1FB : 32 33 00            		ld	(sbeatPtck),a
(1)  554/     1FE : C3 8B 00            		jp	.next_cmd
(1)  555/     201 :                     
(1)  556/     201 :                     ; --------------------------------------------------------
(1)  557/     201 :                     ; Shared subs
(1)  558/     201 :                     ; --------------------------------------------------------
(1)  559/     201 :                     
(1)  560/     201 :                     .cmnd_rdslot:
(1)  561/     201 : 87                  		add	a,a			; ** MANUAL MAX_BUFFNTRY
(1)  562/     202 : 87                  		add	a,a			; id*8
(1)  563/     203 : 87                  		add	a,a
(1)  564/     204 : 16 00               		ld	d,0
(1)  565/     206 : 5F                  		ld	e,a
(1)  566/     207 : FD 19               		add	iy,de
(1)  567/     209 : FD 6E 00            		ld	l,(iy)
(1)  568/     20C : FD 66 01            		ld	h,(iy+1)
(1)  569/     20F : E5                  		push	hl
(1)  570/     210 : DD E1               		pop	ix
(1)  571/     212 : C9                  		ret
(1)  572/     213 :                     
(1)  573/     213 :                     ; ------------------------------------------------
(1)  574/     213 :                     ; iy - nikona_BuffList
(1)  575/     213 :                     
(1)  576/     213 :                     .srch_slot:
(1)  577/     213 : FD 7E 00            		ld	a,(iy)
(1)  578/     216 : FE FF               		cp	-1			; End of list?
(1)  579/     218 : C8                  		ret	z
(1)  580/     219 : FD 66 01            		ld	h,(iy+1)		; hl - Current track slot
(1)  581/     21C : 6F                  		ld	l,a
(1)  582/     21D : E5                  		push	hl
(1)  583/     21E : DD E1               		pop	ix
(1)  584/     220 : 11 08 00            		ld	de,MAX_BUFFNTRY
(1)  585/     223 : FD 19               		add	iy,de			; Next entry for later
(1)  586/     225 : C9                  		ret
(1)  587/     226 :                     
(1)  588/     226 :                     ; ====================================================================
(1)  589/     226 :                     ; ----------------------------------------------------------------
(1)  590/     226 :                     ; MAIN Playback section
(1)  591/     226 :                     ; ----------------------------------------------------------------
(1)  592/     226 :                     
(1)  593/     226 :                     ; --------------------------------------------------------
(1)  594/     226 :                     ; Read mini-impulse-tracker data
(1)  595/     226 :                     ; --------------------------------------------------------
(1)  596/     226 :                     
(1)  597/     226 :                     upd_seq:
(1)  598/     226 : CD 8D 0F            		call	get_tick		; Check for tick flag
(1)  599/     229 : FD 21 E2 16         		ld	iy,trkBuff_0		; ** MANUAL BUFFERS
(1)  600/     22D : CD 3B 02            		call	.read_seq
(1)  601/     230 : FD 21 21 17         		ld	iy,trkBuff_1
(1)  602/     234 : CD 3B 02            		call	.read_seq
(1)  603/     237 : FD 21 60 17         		ld	iy,trkBuff_2
(1)  604/     23B :                     
(1)  605/     23B :                     ; ----------------------------------------
(1)  606/     23B :                     ; Read sequence
(1)  607/     23B :                     ;
(1)  608/     23B :                     ; iy - Current sequence buffer
(1)  609/     23B :                     ; ----------------------------------------
(1)  610/     23B :                     
(1)  611/     23B :                     .read_seq:
(1)  612/     23B : FD 46 00            		ld	b,(iy+seq_Status)	; b - Track status and settings
(1)  613/     23E : CB 78               		bit	7,b			; bit7: Track active?
(1)  614/     240 : C8                  		ret	z			; Return if not.
(1)  615/     241 : 78                  		ld	a,b
(1)  616/     242 : FE FF               		cp	-1			; Status is -1?
(1)  617/     244 : C8                  		ret	z			; then skip this
(1)  618/     245 : CF                  		rst	8
(1)  619/     246 :                     	; ----------------------------------------
(1)  620/     246 :                     	; Track volume changes
(1)  621/     246 : FD 6E 0F            		ld	l,(iy+seq_VolMaster+1)
(1)  622/     249 : FD 66 0E            		ld	h,(iy+seq_VolMaster)
(1)  623/     24C : FD 4E 18            		ld	c,(iy+seq_VolFdTarget)
(1)  624/     24F : 11 00 01            		ld	de,0100h		; <-- Manual volfade speed MAX 0100h
(1)  625/     252 : 79                  		ld	a,c
(1)  626/     253 : BC                  		cp	h
(1)  627/     254 : 28 1E               		jr	z,.keep_vol
(1)  628/     256 : 30 06               		jr	nc,.fade_out
(1)  629/     258 : 11 80 FF            		ld	de,-80h
(1)  630/     25B : 19                  		add	hl,de
(1)  631/     25C : 18 0C               		jr	.too_much
(1)  632/     25E :                     .fade_out:
(1)  633/     25E : 19                  		add	hl,de
(1)  634/     25F : CF                  		rst	8
(1)  635/     260 : 7C                  		ld	a,h
(1)  636/     261 : B9                  		cp	c
(1)  637/     262 : 38 06               		jr	c,.too_much
(1)  638/     264 : 61                  		ld	h,c
(1)  639/     265 : 2E 00               		ld	l,0
(1)  640/     267 : FD 71 18            		ld	(iy+seq_VolFdTarget),c
(1)  641/     26A :                     .too_much:
(1)  642/     26A : FD CB 00 DE         		set	3,(iy+seq_Status)	; Volume update flag
(1)  643/     26E : FD 75 0F            		ld	(iy+seq_VolMaster+1),l
(1)  644/     271 : FD 74 0E            		ld	(iy+seq_VolMaster),h
(1)  645/     274 :                     .keep_vol:
(1)  646/     274 :                     	; ----------------------------------------
(1)  647/     274 : 3A F9 1C            		ld	a,(currTickBits)	; a - Tick/Beat bits
(1)  648/     277 : CB 40               		bit	0,b			; bit0: This seq uses Beats?
(1)  649/     279 : 28 03               		jr	z,.sfxmd
(1)  650/     27B : CB 4F               		bit	1,a			; BEAT passed?
(1)  651/     27D : C8                  		ret	z			; No BEAT.
(1)  652/     27E :                     .sfxmd:
(1)  653/     27E : CB 47               		bit	0,a			; TICK passed?
(1)  654/     280 : C8                  		ret	z			; No TICK.
(1)  655/     281 : CF                  		rst	8
(1)  656/     282 :                     	; ----------------------------------------
(1)  657/     282 :                     	; Start reading notes
(1)  658/     282 : CB 70               		bit	6,b			; bit6: Restart/First time?
(1)  659/     284 : C4 0F 05            		call	nz,.first_fill
(1)  660/     287 : CB 68               		bit	5,b			; bit5: FILL request by effect?
(1)  661/     289 : C4 08 05            		call	nz,.effect_fill
(1)  662/     28C : FD 7E 12            		ld	a,(iy+seq_TickTmr)	; TICK ex-timer for this seq
(1)  663/     28F : 3D                  		dec	a
(1)  664/     290 : FD 77 12            		ld	(iy+seq_TickTmr),a
(1)  665/     293 : B7                  		or	a			; Check a
(1)  666/     294 : C0                  		ret	nz			; If Tick timer != 0, exit.
(1)  667/     295 : CF                  		rst	8
(1)  668/     296 : FD 7E 03            		ld	a,(iy+seq_TickSet)	; Set new tick timer
(1)  669/     299 : FD 77 12            		ld	(iy+seq_TickTmr),a
(1)  670/     29C :                     	; ----------------------------------------
(1)  671/     29C : FD 4E 0C            		ld	c,(iy+seq_Rows)		; bc - Set row counter
(1)  672/     29F : FD 46 0D            		ld	b,(iy+(seq_Rows+1))
(1)  673/     2A2 : 79                  		ld	a,c			; Check rowcount
(1)  674/     2A3 : B0                  		or	b
(1)  675/     2A4 : 20 14               		jr	nz,.row_active		; If bc != 0: row is currenly playing.
(1)  676/     2A6 :                     	; ----------------------------------------
(1)  677/     2A6 :                     	; Read next block
(1)  678/     2A6 : CF                  		rst	8
(1)  679/     2A7 : FD 7E 13            		ld	a,(iy+seq_currBlk)	; Next block
(1)  680/     2AA : 3C                  		inc	a
(1)  681/     2AB : FD 77 13            		ld 	(iy+seq_currBlk),a
(1)  682/     2AE : CD 2B 04            		call	.set_track		; Read track data ** ROM ACCESS **
(1)  683/     2B1 : FE FF               		cp	-1			; Track finished?
(1)  684/     2B3 : C8                  		ret	z
(1)  685/     2B4 : FD 4E 0C            		ld	c,(iy+seq_Rows)		; Set new rowcount to bc
(1)  686/     2B7 : FD 46 0D            		ld	b,(iy+(seq_Rows+1))
(1)  687/     2BA :                     	; ----------------------------------------
(1)  688/     2BA :                     	; bc - Row count
(1)  689/     2BA :                     .row_active:
(1)  690/     2BA : CF                  		rst	8
(1)  691/     2BB : FD 6E 0A            		ld	l,(iy+seq_Read)		; hl - CURRENT pattern to read
(1)  692/     2BE : FD 66 0B            		ld	h,(iy+((seq_Read+1)))
(1)  693/     2C1 :                     
(1)  694/     2C1 :                     ; --------------------------------
(1)  695/     2C1 :                     ; Main read-loop
(1)  696/     2C1 :                     ; --------------------------------
(1)  697/     2C1 :                     
(1)  698/     2C1 :                     .next_note:
(1)  699/     2C1 : FD 7E 11            		ld	a,(iy+seq_rowPause)	; Check row timer
(1)  700/     2C4 : B7                  		or	a
(1)  701/     2C5 : 20 16               		jr	nz,.dec_row
(1)  702/     2C7 : 7E                  		ld	a,(hl)			; Check if byte is a timer or a note
(1)  703/     2C8 : B7                  		or	a
(1)  704/     2C9 : 28 06               		jr	z,.exit			; If == 00h: exit
(1)  705/     2CB : FA E8 02            		jp	m,.has_note		; If 80h-0FFh: Note data
(1)  706/     2CE : FD 77 11            		ld	(iy+seq_rowPause),a	; If 01h-07Fh: Row-pause timer
(1)  707/     2D1 :                     
(1)  708/     2D1 :                     ; --------------------------------
(1)  709/     2D1 :                     ; Exit
(1)  710/     2D1 :                     ; --------------------------------
(1)  711/     2D1 :                     
(1)  712/     2D1 :                     .exit:
(1)  713/     2D1 : CF                  		rst	8
(1)  714/     2D2 : CD F3 03            		call	.inc_cpatt		; * Increment patt pos
(1)  715/     2D5 : FD 75 0A            		ld	(iy+seq_Read),l		; Update READ location
(1)  716/     2D8 : FD 74 0B            		ld	(iy+((seq_Read+1))),h
(1)  717/     2DB : 18 03               		jr	.dec_row_e
(1)  718/     2DD :                     .dec_row:
(1)  719/     2DD : FD 35 11            		dec	(iy+seq_rowPause)	; Decrement row-pause timer
(1)  720/     2E0 :                     .dec_row_e:
(1)  721/     2E0 : 0B                  		dec	bc			; Decrement rowcount
(1)  722/     2E1 : FD 71 0C            		ld	(iy+seq_Rows),c		; Write last row to memory
(1)  723/     2E4 : FD 70 0D            		ld	(iy+(seq_Rows+1)),b
(1)  724/     2E7 : C9                  		ret	; Exit sequence
(1)  725/     2E8 :                     
(1)  726/     2E8 :                     ; --------------------------------
(1)  727/     2E8 :                     ; New note request
(1)  728/     2E8 :                     ;
(1)  729/     2E8 :                     ; a - %1tcccccc
(1)  730/     2E8 :                     ;   | t - next byte has new type
(1)  731/     2E8 :                     ;   | c - channel
(1)  732/     2E8 :                     ; --------------------------------
(1)  733/     2E8 :                     
(1)  734/     2E8 :                     .has_note:
(1)  735/     2E8 : CF                  		rst	8
(1)  736/     2E9 : C5                  		push	bc			; Save rowcount
(1)  737/     2EA : 4F                  		ld	c,a			; Copy patt byte control to c
(1)  738/     2EB : CD F3 03            		call	.inc_cpatt		; * Increment patt pos
(1)  739/     2EE : E5                  		push	hl			; Save hl patt pos
(1)  740/     2EF : FD E5               		push	iy			; copy iy to hl
(1)  741/     2F1 : E1                  		pop	hl
(1)  742/     2F2 : DD 21 00 1E         		ld	ix,trkChnls		; ix - Channels playback list
(1)  743/     2F6 : 11 25 00            		ld	de,seq_ChnIndx		; <-- this clears d
(1)  744/     2F9 : CF                  		rst	8
(1)  745/     2FA : 19                  		add	hl,de			; hl - Track's index points buffer
(1)  746/     2FB : 79                  		ld	a,c			; Get patt note index
(1)  747/     2FC : E6 1F               		and	00011111b		; Filter bits
(1)  748/     2FE : 5F                  		ld	e,a			; Save as e
(1)  749/     2FF : 19                  		add	hl,de			; Increment more by this pos
(1)  750/     300 :                     	; hl - trkChnls+index
(1)  751/     300 : 7E                  		ld	a,(hl)			; Check if this index is occupied.
(1)  752/     301 : B7                  		or	a
(1)  753/     302 : 28 15               		jr	z,.srch_new		; If == 0, search new one
(1)  754/     304 : E6 1F               		and	00011111b		; If already taken, read that channel
(1)  755/     306 : 87                  		add	a,a
(1)  756/     307 : 87                  		add	a,a
(1)  757/     308 : 87                  		add	a,a
(1)  758/     309 : 5F                  		ld	e,a
(1)  759/     30A : DD 19               		add	ix,de
(1)  760/     30C : DD 7E 00            		ld	a,(ix)			; Check status (chnl_Flags)
(1)  761/     30F : B7                  		or	a
(1)  762/     310 : F2 15 03            		jp	p,.srch_reroll
(1)  763/     313 : 18 31               		jr	.cont_chnl
(1)  764/     315 :                     ; Make NEW channel
(1)  765/     315 :                     ; ix - channel list start
(1)  766/     315 :                     .srch_reroll:
(1)  767/     315 : DD 36 00 00         		ld	(ix),0
(1)  768/     319 :                     .srch_new:
(1)  769/     319 : CF                  		rst	8
(1)  770/     31A : 06 1F               		ld	b,MAX_TRKCHN-1		; Max channels to check - 1
(1)  771/     31C : 16 00               		ld	d,0			; Reset out index
(1)  772/     31E :                     .next_chnl:
(1)  773/     31E : DD 7E 00            		ld	a,(ix)			; Read chnl_Flags
(1)  774/     321 : B7                  		or	a			; If plus, track channel is free
(1)  775/     322 : F2 3C 03            		jp	p,.chnl_free
(1)  776/     325 : DD 23               		inc	ix			; Search next channel, increment by 8
(1)  777/     327 : DD 23               		inc	ix
(1)  778/     329 : DD 23               		inc	ix
(1)  779/     32B : CF                  		rst	8
(1)  780/     32C : DD 23               		inc	ix
(1)  781/     32E : DD 23               		inc	ix
(1)  782/     330 : DD 23               		inc	ix
(1)  783/     332 : DD 23               		inc	ix
(1)  784/     334 : DD 23               		inc	ix
(1)  785/     336 : CF                  		rst	8
(1)  786/     337 : 14                  		inc	d			; Increment out index
(1)  787/     338 : 00                  		nop
(1)  788/     339 : 00                  		nop
(1)  789/     33A : 10 E2               		djnz	.next_chnl
(1)  790/     33C :                     .chnl_free:
(1)  791/     33C : 7A                  		ld	a,d			; Read index we got
(1)  792/     33D : E6 1F               		and	00011111b		; Filter bits
(1)  793/     33F : F6 80               		or	10000000b		; and set as used
(1)  794/     341 : 77                  		ld	(hl),a			; Write index slot
(1)  795/     342 : DD CB 00 FE         		set	7,(ix+chnl_Flags)	; Enable channel on the list
(1)  796/     346 :                     .cont_chnl:
(1)  797/     346 : E1                  		pop	hl			; Recover patt pos
(1)  798/     347 : CF                  		rst	8
(1)  799/     348 : DD 46 07            		ld	b,(ix+chnl_Type)	; b - current TYPE byte
(1)  800/     34B :                     
(1)  801/     34B :                     	; ix - Current channel
(1)  802/     34B :                     	; c  - Channel and type bits (7-6)
(1)  803/     34B :                     	; b  - Flags: evinEVIN
(1)  804/     34B :                     	;      E-effect/V-volume/I-instrument/N-note
(1)  805/     34B :                     	;      evin: byte is already stored on track-channel buffer
(1)  806/     34B :                     	;      EVIN: next byte(s) contain a new value. for eff:2 bytes
(1)  807/     34B : CB 71               		bit	6,c			; This byte has new TYPE setting?
(1)  808/     34D : 28 08               		jr	z,.old_type
(1)  809/     34F : 7E                  		ld	a,(hl)
(1)  810/     350 : DD 77 07            		ld	(ix+chnl_Type),a	; Update TYPE byte
(1)  811/     353 : 47                  		ld	b,a			; Set to b
(1)  812/     354 : CD F3 03            		call	.inc_cpatt		; Next patt pos
(1)  813/     357 :                     .old_type:
(1)  814/     357 : CF                  		rst	8
(1)  815/     358 : CB 40               		bit	0,b			; New NOTE?
(1)  816/     35A : 28 07               		jr	z,.no_note
(1)  817/     35C : 7E                  		ld	a,(hl)			; Set NOTE and increment patt
(1)  818/     35D : DD 77 02            		ld	(ix+chnl_Note),a
(1)  819/     360 : CD F3 03            		call	.inc_cpatt
(1)  820/     363 :                     .no_note:
(1)  821/     363 : CB 48               		bit	1,b			; New INS?
(1)  822/     365 : 28 07               		jr	z,.no_ins
(1)  823/     367 : 7E                  		ld	a,(hl)			; Set INS and increment patt
(1)  824/     368 : DD 77 03            		ld	(ix+chnl_Ins),a
(1)  825/     36B : CD F3 03            		call	.inc_cpatt
(1)  826/     36E :                     .no_ins:
(1)  827/     36E : CF                  		rst	8
(1)  828/     36F : CB 50               		bit	2,b			; New VOL?
(1)  829/     371 : 28 07               		jr	z,.no_vol
(1)  830/     373 : 7E                  		ld	a,(hl)			; Set VOL and increment patt
(1)  831/     374 : DD 77 04            		ld	(ix+chnl_Vol),a
(1)  832/     377 : CD F3 03            		call	.inc_cpatt
(1)  833/     37A :                     .no_vol:
(1)  834/     37A : CB 58               		bit	3,b			; New EFFECT?
(1)  835/     37C : 28 0F               		jr	z,.no_eff
(1)  836/     37E : 7E                  		ld	a,(hl)			; Set EFFECT ID, incr patt
(1)  837/     37F : DD 77 05            		ld	(ix+chnl_EffId),a
(1)  838/     382 : CD F3 03            		call	.inc_cpatt
(1)  839/     385 : CF                  		rst	8
(1)  840/     386 : 7E                  		ld	a,(hl)			; Set EFFECT ARG, incr patt
(1)  841/     387 : DD 77 06            		ld	(ix+chnl_EffArg),a
(1)  842/     38A : CD F3 03            		call	.inc_cpatt
(1)  843/     38D :                     .no_eff:
(1)  844/     38D : 78                  		ld	a,b			; Merge the Impulse evin bits into main EVIN bits
(1)  845/     38E : 0F                  		rrca
(1)  846/     38F : 0F                  		rrca
(1)  847/     390 : 0F                  		rrca
(1)  848/     391 : 0F                  		rrca
(1)  849/     392 : E6 0F               		and	00001111b		; Filter bits
(1)  850/     394 : 4F                  		ld	c,a			; Save as c
(1)  851/     395 : 78                  		ld	a,b
(1)  852/     396 : E6 0F               		and	00001111b		; Filter again
(1)  853/     398 : B1                  		or	c			; Merge c with a
(1)  854/     399 : CF                  		rst	8
(1)  855/     39A : 4F                  		ld	c,a			; Save bit flags
(1)  856/     39B : DD 7E 00            		ld	a,(ix+chnl_Flags)
(1)  857/     39E : B1                  		or	c
(1)  858/     39F : DD 77 00            		ld	(ix+chnl_Flags),a
(1)  859/     3A2 : C1                  		pop	bc			; Restore rowcount
(1)  860/     3A3 :                     	; ----------------------------------------
(1)  861/     3A3 :                     	; Effects that affect internal playback
(1)  862/     3A3 : DD 7E 00            		ld	a,(ix+chnl_Flags)
(1)  863/     3A6 : E6 08               		and	1000b			; ONLY check for the EFFECT bit
(1)  864/     3A8 : CA C1 02            		jp	z,.next_note
(1)  865/     3AB : DD 7E 05            		ld	a,(ix+chnl_EffId)
(1)  866/     3AE : B7                  		or	a			; 00h = invalid effect
(1)  867/     3AF : CA C1 02            		jp	z,.next_note
(1)  868/     3B2 : FE 01               		cp	1			; Effect A: Tick set
(1)  869/     3B4 : 28 0B               		jr	z,.eff_A
(1)  870/     3B6 : FE 02               		cp	2			; Effect B: Position Jump
(1)  871/     3B8 : 28 18               		jr	z,.eff_B
(1)  872/     3BA : FE 03               		cp	3			; Effect C: Pattern break
(1)  873/     3BC : 28 32               		jr	z,.eff_C
(1)  874/     3BE : C3 C1 02            		jp	.next_note
(1)  875/     3C1 :                     
(1)  876/     3C1 :                     ; ----------------------------------------
(1)  877/     3C1 :                     ; Effect A: Set ticks
(1)  878/     3C1 :                     ; ----------------------------------------
(1)  879/     3C1 :                     
(1)  880/     3C1 :                     .eff_A:
(1)  881/     3C1 : CF                  		rst	8
(1)  882/     3C2 : DD 5E 06            		ld	e,(ix+chnl_EffArg)	; e - ticks number
(1)  883/     3C5 : FD 73 03            		ld	(iy+seq_TickSet),e	; set for both Set and Timer.
(1)  884/     3C8 : FD 73 12            		ld	(iy+seq_TickTmr),e
(1)  885/     3CB : DD CB 00 9E         		res	3,(ix+chnl_Flags)	; <-- Clear EFFECT bit
(1)  886/     3CF : C3 C1 02            		jp	.next_note
(1)  887/     3D2 :                     
(1)  888/     3D2 :                     ; ----------------------------------------
(1)  889/     3D2 :                     ; Effect B: jump to a new block
(1)  890/     3D2 :                     ; ----------------------------------------
(1)  891/     3D2 :                     
(1)  892/     3D2 :                     .eff_B:
(1)  893/     3D2 : DD 5E 06            		ld	e,(ix+chnl_EffArg)	; e - Block SLOT to jump
(1)  894/     3D5 : FD 73 13            		ld 	(iy+seq_currBlk),e
(1)  895/     3D8 : CF                  		rst	8
(1)  896/     3D9 : FD 36 11 00         		ld	(iy+seq_rowPause),0	; Reset rowpause
(1)  897/     3DD : DD CB 00 9E         		res	3,(ix+chnl_Flags)	; <-- Clear EFFECT bit
(1)  898/     3E1 : FD CB 00 EE         		set	5,(iy+seq_Status)	; set fill-from-effect flag on exit
(1)  899/     3E5 : 3E 80               		ld	a,80h
(1)  900/     3E7 : FD 77 15            		ld	(iy+seq_BankHeads),a
(1)  901/     3EA : FD 77 16            		ld	(iy+seq_BankBlk),a
(1)  902/     3ED : C3 C1 02            		jp	.next_note
(1)  903/     3F0 :                     
(1)  904/     3F0 :                     ; ----------------------------------------
(1)  905/     3F0 :                     ; Effect C: Pattern break/exit
(1)  906/     3F0 :                     ;
(1)  907/     3F0 :                     ; Only used on SFX, arguments ignored.
(1)  908/     3F0 :                     ; ----------------------------------------
(1)  909/     3F0 :                     
(1)  910/     3F0 :                     .eff_C:
(1)  911/     3F0 : C3 02 05            		jp	.track_end
(1)  912/     3F3 :                     
(1)  913/     3F3 :                     ; ----------------------------------------
(1)  914/     3F3 :                     ; Increment the current patt position
(1)  915/     3F3 :                     ; and recieve more data
(1)  916/     3F3 :                     ;
(1)  917/     3F3 :                     ; Breaks:
(1)  918/     3F3 :                     ; a,e
(1)  919/     3F3 :                     ; ----------------------------------------
(1)  920/     3F3 :                     
(1)  921/     3F3 :                     .inc_cpatt:
(1)  922/     3F3 : FD 5E 08            		ld	e,(iy+seq_Cach)		; Read curret cache LSB
(1)  923/     3F6 : 7D                  		ld	a,l
(1)  924/     3F7 : 3C                  		inc	a
(1)  925/     3F8 : E6 1F               		and	MAX_RCACH-1
(1)  926/     3FA : FE 1E               		cp	MAX_RCACH-2		; ALMOST RAN OUT of bytes?
(1)  927/     3FC : 30 03               		jr	nc,.ran_out
(1)  928/     3FE : B3                  		or	e
(1)  929/     3FF : 6F                  		ld	l,a
(1)  930/     400 : C9                  		ret
(1)  931/     401 :                     .ran_out:
(1)  932/     401 : FD 6E 08            		ld	l,(iy+seq_Cach)
(1)  933/     404 : E5                  		push	hl
(1)  934/     405 : C5                  		push	bc
(1)  935/     406 : 06 00               		ld	b,0
(1)  936/     408 : 4F                  		ld	c,a
(1)  937/     409 : CF                  		rst	8
(1)  938/     40A : 5D                  		ld	e,l
(1)  939/     40B : 54                  		ld	d,h
(1)  940/     40C : FD 6E 19            		ld	l,(iy+seq_RomPattRead)
(1)  941/     40F : FD 66 1A            		ld	h,(iy+(seq_RomPattRead+1))
(1)  942/     412 : FD 7E 1B            		ld	a,(iy+(seq_RomPattRead+2))
(1)  943/     415 : 09                  		add	hl,bc
(1)  944/     416 : CE 00               		adc	a,0
(1)  945/     418 : FD 75 19            		ld	(iy+seq_RomPattRead),l
(1)  946/     41B : FD 74 1A            		ld	(iy+(seq_RomPattRead+1)),h
(1)  947/     41E : CF                  		rst	8
(1)  948/     41F : FD 77 1B            		ld	(iy+(seq_RomPattRead+2)),a
(1)  949/     422 : 01 20 00            		ld	bc,MAX_RCACH
(1)  950/     425 : CD AE 0F            		call	readRom		; *** ROM ACCESS ***
(1)  951/     428 : C1                  		pop	bc
(1)  952/     429 : E1                  		pop	hl
(1)  953/     42A : C9                  		ret
(1)  954/     42B :                     
(1)  955/     42B :                     ; ----------------------------------------
(1)  956/     42B :                     ; Set track pattern by seq_currBlk
(1)  957/     42B :                     ; ----------------------------------------
(1)  958/     42B :                     
(1)  959/     42B :                     .set_track:
(1)  960/     42B :                     	; ----------------------------------------
(1)  961/     42B :                     	; Make block id list
(1)  962/     42B : FD 5E 04            		ld	e,(iy+seq_Blocks)
(1)  963/     42E : FD 56 05            		ld	d,(iy+(seq_Blocks+1))
(1)  964/     431 : FD 7E 13            		ld	a,(iy+seq_currBlk)
(1)  965/     434 : 4F                  		ld	c,a
(1)  966/     435 : C5                  		push	bc
(1)  967/     436 : D5                  		push	de
(1)  968/     437 : CF                  		rst	8
(1)  969/     438 : 0F                  		rrca
(1)  970/     439 : 0F                  		rrca
(1)  971/     43A : 0F                  		rrca
(1)  972/     43B : E6 1F               		and	00011111b
(1)  973/     43D : FD 4E 16            		ld	c,(iy+seq_BankBlk)	; c - current block bank
(1)  974/     440 : CB 79               		bit	7,c			; First time?
(1)  975/     442 : 20 03               		jr	nz,.first_blk
(1)  976/     444 : B9                  		cp	c			; SAME instrument data?
(1)  977/     445 : 28 1C               		jr	z,.keep_blk
(1)  978/     447 :                     .first_blk:
(1)  979/     447 : CF                  		rst	8
(1)  980/     448 : FD 77 16            		ld	(iy+seq_BankBlk),a	; Save inst number
(1)  981/     44B : 07                  		rlca
(1)  982/     44C : 07                  		rlca
(1)  983/     44D : 07                  		rlca
(1)  984/     44E : 06 00               		ld	b,0
(1)  985/     450 : 4F                  		ld	c,a
(1)  986/     451 : FD 6E 22            		ld	l,(iy+seq_RomBlks)
(1)  987/     454 : FD 66 23            		ld	h,(iy+(seq_RomBlks+1))
(1)  988/     457 : FD 7E 24            		ld	a,(iy+(seq_RomBlks+2))
(1)  989/     45A : 09                  		add	hl,bc
(1)  990/     45B : CE 00               		adc	a,0
(1)  991/     45D : 01 08 00            		ld	bc,8			; 8 blocks stored
(1)  992/     460 : CD AE 0F            		call	readRom			; ** ROM ACCESS **
(1)  993/     463 :                     .keep_blk:
(1)  994/     463 : E1                  		pop	hl
(1)  995/     464 : C1                  		pop	bc
(1)  996/     465 : 79                  		ld	a,c
(1)  997/     466 : E6 07               		and	00000111b
(1)  998/     468 : CF                  		rst	8
(1)  999/     469 : 16 00               		ld	d,0
(1) 1000/     46B : 5F                  		ld	e,a
(1) 1001/     46C : 19                  		add	hl,de
(1) 1002/     46D :                     	; ----------------------------------------
(1) 1003/     46D : 7E                  		ld	a,(hl)			; Read block byte
(1) 1004/     46E : FE FF               		cp	-1			; If block == -1, end track
(1) 1005/     470 : CA 02 05            		jp	z,.track_end
(1) 1006/     473 : CF                  		rst	8
(1) 1007/     474 :                     	; ----------------------------------------
(1) 1008/     474 : FD 5E 06            		ld	e,(iy+seq_Patt)		; Read CACHE patt heads
(1) 1009/     477 : FD 56 07            		ld	d,(iy+(seq_Patt+1))
(1) 1010/     47A : 4F                  		ld	c,a
(1) 1011/     47B : D5                  		push	de
(1) 1012/     47C : C5                  		push	bc
(1) 1013/     47D : CF                  		rst	8
(1) 1014/     47E : 0F                  		rrca
(1) 1015/     47F : 0F                  		rrca
(1) 1016/     480 : 0F                  		rrca
(1) 1017/     481 : E6 1F               		and	00011111b
(1) 1018/     483 : FD 4E 15            		ld	c,(iy+seq_BankHeads)	; c - current intrument loaded
(1) 1019/     486 : CB 79               		bit	7,c			; First time?
(1) 1020/     488 : 20 03               		jr	nz,.first_head
(1) 1021/     48A : B9                  		cp	c			; SAME instrument data?
(1) 1022/     48B : 28 26               		jr	z,.keep_it
(1) 1023/     48D :                     .first_head:
(1) 1024/     48D : CF                  		rst	8
(1) 1025/     48E : FD 77 15            		ld	(iy+seq_BankHeads),a	; Save inst number
(1) 1026/     491 : 47                  		ld	b,a
(1) 1027/     492 : 0F                  		rrca
(1) 1028/     493 : 0F                  		rrca
(1) 1029/     494 : 0F                  		rrca
(1) 1030/     495 : E6 E0               		and	11100000b
(1) 1031/     497 : 4F                  		ld	c,a
(1) 1032/     498 : 78                  		ld	a,b
(1) 1033/     499 : 0F                  		rrca
(1) 1034/     49A : 0F                  		rrca
(1) 1035/     49B : 0F                  		rrca
(1) 1036/     49C : E6 03               		and	00000011b
(1) 1037/     49E : 47                  		ld	b,a
(1) 1038/     49F :                     	; ----------------------------------------
(1) 1039/     49F : FD 6E 1C            		ld	l,(iy+seq_RomPatt)	; Transfer FIRST patt
(1) 1040/     4A2 : FD 66 1D            		ld	h,(iy+(seq_RomPatt+1))	; packet
(1) 1041/     4A5 : FD 7E 1E            		ld	a,(iy+(seq_RomPatt+2))
(1) 1042/     4A8 : E7                  		rst	20h
(1) 1043/     4A9 : CF                  		rst	8
(1) 1044/     4AA : 09                  		add	hl,bc
(1) 1045/     4AB : CE 00               		adc	a,0
(1) 1046/     4AD : 01 20 00            		ld	bc,4*8			; 8 heads stored
(1) 1047/     4B0 : CD AE 0F            		call	readRom			; ** ROM ACCESS **
(1) 1048/     4B3 :                     .keep_it:
(1) 1049/     4B3 : C1                  		pop	bc
(1) 1050/     4B4 : 79                  		ld	a,c
(1) 1051/     4B5 : E6 07               		and	00000111b
(1) 1052/     4B7 : 87                  		add	a,a
(1) 1053/     4B8 : 87                  		add	a,a
(1) 1054/     4B9 : 57                  		ld	d,a
(1) 1055/     4BA : CF                  		rst	8
(1) 1056/     4BB : E6 FC               		and	11111100b
(1) 1057/     4BD : 5F                  		ld	e,a
(1) 1058/     4BE : 7A                  		ld	a,d
(1) 1059/     4BF : E6 03               		and	00000011b
(1) 1060/     4C1 : 57                  		ld	d,a
(1) 1061/     4C2 : E1                  		pop	hl
(1) 1062/     4C3 : 19                  		add	hl,de
(1) 1063/     4C4 : 5E                  		ld	e,(hl)			; de - Pos
(1) 1064/     4C5 : 23                  		inc	hl
(1) 1065/     4C6 : CF                  		rst	8
(1) 1066/     4C7 : 56                  		ld	d,(hl)
(1) 1067/     4C8 : 23                  		inc	hl
(1) 1068/     4C9 : 7E                  		ld	a,(hl)
(1) 1069/     4CA : 23                  		inc	hl
(1) 1070/     4CB : FD 77 0C            		ld	(iy+seq_Rows),a
(1) 1071/     4CE : 7E                  		ld	a,(hl)
(1) 1072/     4CF : 23                  		inc	hl
(1) 1073/     4D0 : FD 77 0D            		ld	(iy+(seq_Rows+1)),a
(1) 1074/     4D3 : FD 6E 1C            		ld	l,(iy+seq_RomPatt)	; Transfer FIRST patt
(1) 1075/     4D6 : FD 66 1D            		ld	h,(iy+(seq_RomPatt+1))	; packet
(1) 1076/     4D9 : CF                  		rst	8
(1) 1077/     4DA : FD 7E 1E            		ld	a,(iy+(seq_RomPatt+2))
(1) 1078/     4DD : 19                  		add	hl,de
(1) 1079/     4DE : CE 00               		adc	a,0
(1) 1080/     4E0 : FD 75 19            		ld	(iy+seq_RomPattRead),l
(1) 1081/     4E3 : FD 74 1A            		ld	(iy+(seq_RomPattRead+1)),h
(1) 1082/     4E6 : FD 77 1B            		ld	(iy+(seq_RomPattRead+2)),a
(1) 1083/     4E9 : FD 5E 08            		ld	e,(iy+seq_Cach)
(1) 1084/     4EC : FD 56 09            		ld	d,(iy+(seq_Cach+1))
(1) 1085/     4EF : FD 73 0A            		ld	(iy+seq_Read),e
(1) 1086/     4F2 : FD 72 0B            		ld	(iy+(seq_Read+1)),d
(1) 1087/     4F5 : 0E 20               		ld	c,MAX_RCACH
(1) 1088/     4F7 : FD 36 10 00         		ld	(iy+seq_cachHalf),0
(1) 1089/     4FB : FD 36 11 00         		ld	(iy+seq_rowPause),0
(1) 1090/     4FF : C3 AE 0F            		jp	readRom			; ** ROM access **
(1) 1091/     502 :                     
(1) 1092/     502 :                     ; ----------------------------------------
(1) 1093/     502 :                     ; **JUMP ONLY**
(1) 1094/     502 :                     .track_end:
(1) 1095/     502 : CF                  		rst	8
(1) 1096/     503 : FD 36 00 FF         		ld	(iy+seq_Status),-1	; Disable track slot
(1) 1097/     507 : C9                  		ret
(1) 1098/     508 :                     
(1) 1099/     508 :                     ; ----------------------------------------
(1) 1100/     508 :                     ; Track refill
(1) 1101/     508 :                     ; ----------------------------------------
(1) 1102/     508 :                     
(1) 1103/     508 :                     .effect_fill:
(1) 1104/     508 : FD CB 00 AE         		res	5,(iy+seq_Status)	; Reset refill-from-effect flag
(1) 1105/     50C : C3 2B 04            		jp	.set_track
(1) 1106/     50F :                     
(1) 1107/     50F :                     ; ----------------------------------------
(1) 1108/     50F :                     ; Track Start/Reset
(1) 1109/     50F :                     ;
(1) 1110/     50F :                     ; iy - Track buffer
(1) 1111/     50F :                     ; ----------------------------------------
(1) 1112/     50F :                     
(1) 1113/     50F :                     .first_fill:
(1) 1114/     50F : FD CB 00 B6         		res	6,(iy+seq_Status)	; Clear FILL flag
(1) 1115/     513 : CD B0 05            		call	track_out
(1) 1116/     516 : FD 36 12 01         		ld	(iy+seq_TickTmr),1	; Reset tick timer
(1) 1117/     51A : FD 7E 02            		ld	a,(iy+seq_SetBlk)	; Make start block as current block
(1) 1118/     51D : CF                  		rst	8
(1) 1119/     51E : FD 77 13            		ld 	(iy+seq_currBlk),a	; block
(1) 1120/     521 : FD 7E 01            		ld	a,(iy+seq_Num)
(1) 1121/     524 : FE FF               		cp	-1			; Sequence -1?
(1) 1122/     526 : C8                  		ret	z
(1) 1123/     527 : 87                  		add	a,a
(1) 1124/     528 : 87                  		add	a,a
(1) 1125/     529 : 16 00               		ld	d,0
(1) 1126/     52B : 5F                  		ld	e,a
(1) 1127/     52C : 21 1C 00            		ld	hl,gemaMstrListPos
(1) 1128/     52F : 23                  		inc	hl
(1) 1129/     530 : 7E                  		ld	a,(hl)			; $00xx0000
(1) 1130/     531 : 23                  		inc	hl
(1) 1131/     532 : 4E                  		ld	c,(hl)			; $0000xx00
(1) 1132/     533 : 23                  		inc	hl
(1) 1133/     534 : 6E                  		ld	l,(hl)			; $000000xx
(1) 1134/     535 : CF                  		rst	8
(1) 1135/     536 : 61                  		ld	h,c
(1) 1136/     537 : 19                  		add	hl,de
(1) 1137/     538 : CE 00               		adc	a,0
(1) 1138/     53A : 11 5A 16            		ld	de,trkInfoCach
(1) 1139/     53D : D5                  		push	de
(1) 1140/     53E : 01 04 00            		ld	bc,4
(1) 1141/     541 : CD AE 0F            		call	readRom			; *** ROM ACCESS ***
(1) 1142/     544 : E1                  		pop	hl
(1) 1143/     545 : 7E                  		ld	a,(hl)
(1) 1144/     546 : 23                  		inc	hl
(1) 1145/     547 : CB 7F               		bit	7,a
(1) 1146/     549 : 28 04               		jr	z,.no_glbl
(1) 1147/     54B : FD CB 00 C6         		set	0,(iy+seq_Status)	; Enable GLOBAL sub-beats
(1) 1148/     54F :                     .no_glbl:
(1) 1149/     54F : CF                  		rst	8
(1) 1150/     550 : E6 7F               		and	01111111b
(1) 1151/     552 : FD 77 03            		ld	(iy+seq_TickSet),a
(1) 1152/     555 : 7E                  		ld	a,(hl)			; Read and temporally
(1) 1153/     556 : 23                  		inc	hl			; grab it's pointers
(1) 1154/     557 : 4E                  		ld	c,(hl)
(1) 1155/     558 : 23                  		inc	hl
(1) 1156/     559 : 6E                  		ld	l,(hl)
(1) 1157/     55A : 61                  		ld	h,c
(1) 1158/     55B : 11 B3 17            		ld	de,headerOut
(1) 1159/     55E : 0E 0E               		ld	c,0Eh
(1) 1160/     560 : CD AE 0F            		call	readRom		; ** ROM access **
(1) 1161/     563 :                     
(1) 1162/     563 :                     	; headerOut:
(1) 1163/     563 :                     	; dc.w numof_chnls
(1) 1164/     563 :                     	; dc.l .blk,.pat,.ins
(1) 1165/     563 :                     	; *** READING BACKWARDS
(1) 1166/     563 : DD 21 C0 17         		ld	ix,headerOut_e-1	; Read temp header BACKWARDS
(1) 1167/     567 : CD 9D 05            		call	.grab_rhead		; Instrument data
(1) 1168/     56A : FD 75 1F            		ld	(iy+seq_RomInst),l
(1) 1169/     56D : FD 74 20            		ld	(iy+(seq_RomInst+1)),h
(1) 1170/     570 : FD 70 21            		ld	(iy+(seq_RomInst+2)),b
(1) 1171/     573 : CD 9D 05            		call	.grab_rhead		; Pattern heads
(1) 1172/     576 : FD 75 1C            		ld	(iy+seq_RomPatt),l	; Save ROM patt base
(1) 1173/     579 : FD 74 1D            		ld	(iy+(seq_RomPatt+1)),h
(1) 1174/     57C : FD 70 1E            		ld	(iy+(seq_RomPatt+2)),b
(1) 1175/     57F : FD 36 15 80         		ld	(iy+seq_BankHeads),80h	; Reset pattern banking
(1) 1176/     583 : CD 9D 05            		call	.grab_rhead		; Block data
(1) 1177/     586 : FD 75 22            		ld	(iy+seq_RomBlks),l	; Save ROM patt base
(1) 1178/     589 : FD 74 23            		ld	(iy+(seq_RomBlks+1)),h
(1) 1179/     58C : FD 70 24            		ld	(iy+(seq_RomBlks+2)),b
(1) 1180/     58F : FD 36 16 80         		ld	(iy+seq_BankBlk),80h	; Reset pattern banking
(1) 1181/     593 : DD 7E 00            		ld	a,(ix)			; dc.w numof_chnls
(1) 1182/     596 : FD 77 17            		ld	(iy+seq_MaxChnl),a
(1) 1183/     599 : CF                  		rst	8
(1) 1184/     59A : C3 2B 04            		jp	.set_track
(1) 1185/     59D :                     
(1) 1186/     59D :                     ; Read 68K pointer:
(1) 1187/     59D :                     ; hl - 00xxxx
(1) 1188/     59D :                     ;  b - xx0000
(1) 1189/     59D :                     .grab_rhead:
(1) 1190/     59D : DD 6E 00            		ld	l,(ix)
(1) 1191/     5A0 : DD 2B               		dec	ix
(1) 1192/     5A2 : DD 66 00            		ld	h,(ix)
(1) 1193/     5A5 : CF                  		rst	8
(1) 1194/     5A6 : DD 2B               		dec	ix
(1) 1195/     5A8 : DD 46 00            		ld	b,(ix)
(1) 1196/     5AB : DD 2B               		dec	ix
(1) 1197/     5AD :                     ; 		ld	c,(ix)
(1) 1198/     5AD : DD 2B               		dec	ix
(1) 1199/     5AF : C9                  		ret
(1) 1200/     5B0 :                     
(1) 1201/     5B0 :                     ; ----------------------------------------
(1) 1202/     5B0 :                     ; Reset tracker channels
(1) 1203/     5B0 :                     ;
(1) 1204/     5B0 :                     ; iy - Track buffer
(1) 1205/     5B0 :                     ;
(1) 1206/     5B0 :                     ; Breaks:
(1) 1207/     5B0 :                     ; b ,de,hl,ix
(1) 1208/     5B0 :                     ; ----------------------------------------
(1) 1209/     5B0 :                     
(1) 1210/     5B0 :                     track_out:
(1) 1211/     5B0 : FD E5               		push	iy
(1) 1212/     5B2 : E1                  		pop	hl
(1) 1213/     5B3 : DD 21 00 1E         		ld	ix,trkChnls
(1) 1214/     5B7 : CF                  		rst	8
(1) 1215/     5B8 : 11 25 00            		ld	de,seq_ChnIndx
(1) 1216/     5BB : 19                  		add	hl,de
(1) 1217/     5BC : FD 7E 17            		ld	a,(iy+seq_MaxChnl)
(1) 1218/     5BF : B7                  		or	a
(1) 1219/     5C0 : 20 02               		jr	nz,.valid
(1) 1220/     5C2 : 3E 1A               		ld	a,MAX_TRKINDX		; If zero, Read ALL channels
(1) 1221/     5C4 :                     .valid:
(1) 1222/     5C4 : 47                  		ld	b,a
(1) 1223/     5C5 :                     .indx_del:
(1) 1224/     5C5 : 7E                  		ld	a,(hl)
(1) 1225/     5C6 : B7                  		or	a
(1) 1226/     5C7 : 28 29               		jr	z,.nothin
(1) 1227/     5C9 : CF                  		rst	8
(1) 1228/     5CA : DD E5               		push	ix
(1) 1229/     5CC : E6 1F               		and	00011111b
(1) 1230/     5CE : 87                  		add	a,a
(1) 1231/     5CF : 87                  		add	a,a
(1) 1232/     5D0 : 87                  		add	a,a
(1) 1233/     5D1 : 5F                  		ld	e,a
(1) 1234/     5D2 : CF                  		rst	8
(1) 1235/     5D3 : DD 19               		add	ix,de
(1) 1236/     5D5 : AF                  		xor	a
(1) 1237/     5D6 : DD 36 02 FE         		ld	(ix+chnl_Note),-2
(1) 1238/     5DA : DD 36 00 01         		ld	(ix+chnl_Flags),1
(1) 1239/     5DE : DD 77 04            		ld	(ix+chnl_Vol),a
(1) 1240/     5E1 : DD 77 05            		ld	(ix+chnl_EffId),a
(1) 1241/     5E4 : DD 77 06            		ld	(ix+chnl_EffArg),a
(1) 1242/     5E7 : CF                  		rst	8
(1) 1243/     5E8 : DD 77 03            		ld	(ix+chnl_Ins),a
(1) 1244/     5EB : DD 77 07            		ld	(ix+chnl_Type),a
(1) 1245/     5EE : DD E1               		pop	ix
(1) 1246/     5F0 : 77                  		ld	(hl),a
(1) 1247/     5F1 : 00                  		nop
(1) 1248/     5F2 :                     .nothin:
(1) 1249/     5F2 : 23                  		inc	hl
(1) 1250/     5F3 : 10 D0               		djnz	.indx_del
(1) 1251/     5F5 : 3E 01               		ld	a,1
(1) 1252/     5F7 : 32 A5 17            		ld	(marsUpd),a
(1) 1253/     5FA : 32 A6 17            		ld	(mcdUpd),a
(1) 1254/     5FD : C9                  		ret
(1) 1255/     5FE :                     
(1) 1256/     5FE :                     ; ============================================================
(1) 1257/     5FE :                     ; --------------------------------------------------------
(1) 1258/     5FE :                     ; Process track channels to the sound chips
(1) 1259/     5FE :                     ; --------------------------------------------------------
(1) 1260/     5FE :                     
(1) 1261/     5FE :                     set_chips:
(1) 1262/     5FE : CD 8D 0F            		call	get_tick
(1) 1263/     601 : FD 21 E2 16         		ld	iy,trkBuff_0		; ** MANUAL BUFFERS
(1) 1264/     605 : CD 3E 06            		call	tblbuff_read
(1) 1265/     608 : FD 21 21 17         		ld	iy,trkBuff_1
(1) 1266/     60C : CD 3E 06            		call	tblbuff_read
(1) 1267/     60F : FD 21 60 17         		ld	iy,trkBuff_2
(1) 1268/     613 : CD 3E 06            		call	tblbuff_read
(1) 1269/     616 : E7                  		rst	20h
(1) 1270/     617 : CD 8D 0F            		call	get_tick
(1) 1271/     61A : FD 21 46 1C         		ld	iy,tblPSGN		; PSG Noise
(1) 1272/     61E : CD 02 08            		call	dtbl_singl
(1) 1273/     621 : FD 21 0E 1C         		ld	iy,tblPSG		; PSG Squares
(1) 1274/     625 : CD EE 07            		call	dtbl_multi
(1) 1275/     628 : FD 21 A0 1B         		ld	iy,tblFM		; FM/FM3/DAC
(1) 1276/     62C : CD EE 07            		call	dtbl_multi
(1) 1277/     62F : E7                  		rst	20h
(1) 1278/     630 : FD 21 0E 1B         		ld	iy,tblPCM		; SEGA CD PCM
(1) 1279/     634 : CD EE 07            		call	dtbl_multi
(1) 1280/     637 : FD 21 58 1C         		ld	iy,tblPWM		; 32X PWM
(1) 1281/     63B : C3 EE 07            		jp	dtbl_multi
(1) 1282/     63E :                     
(1) 1283/     63E :                     ; ----------------------------------------
(1) 1284/     63E :                     ; Read current track
(1) 1285/     63E :                     ;
(1) 1286/     63E :                     ; iy - Buffer
(1) 1287/     63E :                     tblbuff_read:
(1) 1288/     63E : CF                  		rst	8
(1) 1289/     63F : FD 46 00            		ld	b,(iy+seq_Status)	; bit7: Track active?
(1) 1290/     642 : CB 78               		bit	7,b
(1) 1291/     644 : C8                  		ret	z
(1) 1292/     645 : 78                  		ld	a,b			; seq_Status == -1?
(1) 1293/     646 : FE FF               		cp	-1
(1) 1294/     648 : C2 56 06            		jp	nz,.track_cont
(1) 1295/     64B : CD B0 05            		call	track_out
(1) 1296/     64E : FD 36 00 00         		ld	(iy+seq_Status),0
(1) 1297/     652 : FD 36 01 FF         		ld	(iy+seq_Num),-1
(1) 1298/     656 :                     .track_cont:
(1) 1299/     656 : FD E5               		push	iy
(1) 1300/     658 : E1                  		pop	hl
(1) 1301/     659 : CF                  		rst	8
(1) 1302/     65A : DD 21 00 1E         		ld	ix,trkChnls
(1) 1303/     65E : 11 25 00            		ld	de,seq_ChnIndx
(1) 1304/     661 : 19                  		add	hl,de
(1) 1305/     662 : FD 7E 17            		ld	a,(iy+seq_MaxChnl)
(1) 1306/     665 : B7                  		or	a
(1) 1307/     666 : 20 02               		jr	nz,.valid
(1) 1308/     668 : 3E 1A               		ld	a,MAX_TRKINDX		; If zero, Read ALL channels
(1) 1309/     66A :                     .valid:
(1) 1310/     66A : CF                  		rst	8
(1) 1311/     66B : 47                  		ld	b,a
(1) 1312/     66C :                     .next_indx:
(1) 1313/     66C : 7E                  		ld	a,(hl)			; Read index
(1) 1314/     66D : B7                  		or	a
(1) 1315/     66E : 20 02               		jr	nz,.has_indx		; If non-zero: valid
(1) 1316/     670 : 18 1C               		jr	.no_indx
(1) 1317/     672 :                     .has_indx:
(1) 1318/     672 : E6 1F               		and	00011111b
(1) 1319/     674 : 87                  		add	a,a
(1) 1320/     675 : 87                  		add	a,a
(1) 1321/     676 : 87                  		add	a,a
(1) 1322/     677 : CF                  		rst	8
(1) 1323/     678 : 16 00               		ld	d,0
(1) 1324/     67A : 5F                  		ld	e,a
(1) 1325/     67B : C5                  		push	bc			; Save bc, hl and ix
(1) 1326/     67C : E5                  		push	hl
(1) 1327/     67D : DD E5               		push	ix
(1) 1328/     67F : DD 19               		add	ix,de
(1) 1329/     681 : DD 7E 00            		ld	a,(ix)			; Read 0000evin
(1) 1330/     684 : E6 0F               		and	00001111b
(1) 1331/     686 : C4 96 06            		call	nz,.do_chip		; Call if non-zero
(1) 1332/     689 : CF                  		rst	8
(1) 1333/     68A : DD E1               		pop	ix
(1) 1334/     68C : E1                  		pop	hl
(1) 1335/     68D : C1                  		pop	bc
(1) 1336/     68E :                     .no_indx:
(1) 1337/     68E : 23                  		inc	hl
(1) 1338/     68F : 10 DB               		djnz	.next_indx
(1) 1339/     691 : FD CB 00 9E         		res	3,(iy+seq_Status)	; RESET Volume update bit
(1) 1340/     695 : C9                  		ret
(1) 1341/     696 :                     
(1) 1342/     696 :                     ; ----------------------------------------
(1) 1343/     696 :                     ; iy - Track buffer
(1) 1344/     696 :                     ; ix - Current channel
(1) 1345/     696 :                     
(1) 1346/     696 :                     .do_chip:
(1) 1347/     696 : DD 7E 03            		ld	a,(ix+chnl_Ins)		; Check intrument type FIRST
(1) 1348/     699 : B7                  		or	a
(1) 1349/     69A : C8                  		ret	z			; If 0 == stop
(1) 1350/     69B : 3D                  		dec	a			; inst-1
(1) 1351/     69C : E6 7F               		and	01111111b
(1) 1352/     69E : 21 C9 17            		ld	hl,instListOut		; hl - Temporal storage for instrument
(1) 1353/     6A1 : E5                  		push	hl
(1) 1354/     6A2 : CF                  		rst	8
(1) 1355/     6A3 : 07                  		rlca
(1) 1356/     6A4 : 07                  		rlca
(1) 1357/     6A5 : 07                  		rlca
(1) 1358/     6A6 : 47                  		ld	b,a
(1) 1359/     6A7 : E6 F8               		and	11111000b
(1) 1360/     6A9 : 4F                  		ld	c,a
(1) 1361/     6AA : 78                  		ld	a,b
(1) 1362/     6AB : AF                  		xor	a
(1) 1363/     6AC : E6 03               		and	00000011b
(1) 1364/     6AE : CF                  		rst	8
(1) 1365/     6AF : 47                  		ld	b,a
(1) 1366/     6B0 : EB                  		ex	hl,de
(1) 1367/     6B1 : FD 6E 1F            		ld	l,(iy+seq_RomInst)
(1) 1368/     6B4 : FD 66 20            		ld	h,(iy+(seq_RomInst+1))
(1) 1369/     6B7 : FD 7E 21            		ld	a,(iy+(seq_RomInst+2))
(1) 1370/     6BA : 09                  		add	hl,bc
(1) 1371/     6BB : CE 00               		adc	a,0
(1) 1372/     6BD : 01 08 00            		ld	bc,8			; 8 bytes
(1) 1373/     6C0 : CD AE 0F            		call	readRom			; ** ROM access **
(1) 1374/     6C3 : E1                  		pop	hl
(1) 1375/     6C4 : E5                  		push	hl			; <-- save hl
(1) 1376/     6C5 : CD E0 06            		call	.grab_link
(1) 1377/     6C8 : D1                  		pop	de			; --> recover as de
(1) 1378/     6C9 :                     	; hl - current table
(1) 1379/     6C9 :                     	; de - instrument data
(1) 1380/     6C9 : FE FF               		cp	-1			; Found any link?
(1) 1381/     6CB : C8                  		ret	z
(1) 1382/     6CC : 23                  		inc	hl			; MANUAL SETTING ztbl_MasterVol
(1) 1383/     6CD : 23                  		inc	hl
(1) 1384/     6CE : 23                  		inc	hl
(1) 1385/     6CF : 23                  		inc	hl
(1) 1386/     6D0 : CF                  		rst	8
(1) 1387/     6D1 : FD 7E 0E            		ld	a,(iy+seq_VolMaster)
(1) 1388/     6D4 : 77                  		ld	(hl),a
(1) 1389/     6D5 : 01 06 00            		ld	bc,ztbl_InstCach-4	; Move to instr data
(1) 1390/     6D8 : 09                  		add	hl,bc
(1) 1391/     6D9 : EB                  		ex	hl,de			; <-- swap for ldir
(1) 1392/     6DA : 01 08 00            		ld	bc,8
(1) 1393/     6DD : ED B0               		ldir				; COPYPASTE instr data from temporal
(1) 1394/     6DF : C9                  		ret
(1) 1395/     6E0 :                     
(1) 1396/     6E0 :                     ; ----------------------------------------
(1) 1397/     6E0 :                     ; Search for a linked channel on the
(1) 1398/     6E0 :                     ; chip table
(1) 1399/     6E0 :                     ;
(1) 1400/     6E0 :                     ; Input:
(1) 1401/     6E0 :                     ; iy - Track buffer
(1) 1402/     6E0 :                     ; ix - Current channel
(1) 1403/     6E0 :                     ; hl - Intrument data
(1) 1404/     6E0 :                     ;
(1) 1405/     6E0 :                     ; Returns:
(1) 1406/     6E0 :                     ; hl | Channel table to use
(1) 1407/     6E0 :                     ;  a | Return value:
(1) 1408/     6E0 :                     ;       0 | Found
(1) 1409/     6E0 :                     ;      -1 | Not found
(1) 1410/     6E0 :                     ; ----------------------------------------
(1) 1411/     6E0 :                     
(1) 1412/     6E0 :                     .grab_link:
(1) 1413/     6E0 : 7E                  		ld	a,(hl)
(1) 1414/     6E1 : E6 F0               		and	11110000b
(1) 1415/     6E3 : 5F                  		ld	e,a			; e - NEW chip
(1) 1416/     6E4 : DD 7E 01            		ld	a,(ix+chnl_Chip)	; a - CURRENT chip in this channel
(1) 1417/     6E7 : E6 F0               		and	11110000b
(1) 1418/     6E9 : 28 72               		jr	z,.new_chip		; If current is blank, it's a NEW chip
(1) 1419/     6EB : BB                  		cp 	e			; CURRENT chip is same as NEW?
(1) 1420/     6EC : 28 11               		jr	z,.same_link		; If yes, check linked channel.
(1) 1421/     6EE : CF                  		rst	8
(1) 1422/     6EF : 57                  		ld	d,a			; d - Chip to silence
(1) 1423/     6F0 : D5                  		push	de
(1) 1424/     6F1 : CD 0B 07            		call	.srch_link		; Search OLD link
(1) 1425/     6F4 : D1                  		pop	de
(1) 1426/     6F5 : FE FF               		cp	-1
(1) 1427/     6F7 : 28 03               		jr	z,.dont_res
(1) 1428/     6F9 : CD 0B 0F            		call	tblz_clear
(1) 1429/     6FC :                     .dont_res:
(1) 1430/     6FC : CF                  		rst	8
(1) 1431/     6FD : 18 5E               		jr	.new_chip
(1) 1432/     6FF :                     .same_link:
(1) 1433/     6FF : CD 0B 07            		call	.srch_link		; Search link
(1) 1434/     702 : FE FF               		cp	-1
(1) 1435/     704 : C0                  		ret	nz
(1) 1436/     705 : DD 5E 01            		ld	e,(ix+chnl_Chip)
(1) 1437/     708 : CF                  		rst	8
(1) 1438/     709 : 18 52               		jr	.new_chip
(1) 1439/     70B :                     
(1) 1440/     70B :                     ; ----------------------------------------
(1) 1441/     70B :                     ; Search same link
(1) 1442/     70B :                     ;
(1) 1443/     70B :                     ; a - Chip to search for
(1) 1444/     70B :                     ; e - NEW chip
(1) 1445/     70B :                     ; ----------------------------------------
(1) 1446/     70B :                     
(1) 1447/     70B :                     .srch_link:
(1) 1448/     70B : CD D2 07            		call	.pick_tbl		; Pick chip table in hl
(1) 1449/     70E : DD E5               		push	ix			; Copy ix to bc for checking
(1) 1450/     710 : C1                  		pop	bc
(1) 1451/     711 : B7                  		or	a			; Single table?
(1) 1452/     712 : FA 29 07            		jp	m,.singl_link
(1) 1453/     715 :                     .srch_lloop:
(1) 1454/     715 : 7E                  		ld	a,(hl)			; Read Table's LSB
(1) 1455/     716 : FE FF               		cp	-1			; If -1 (EOL) also return -1
(1) 1456/     718 : 28 3F               		jr	z,.not_samel
(1) 1457/     71A : B9                  		cp	c			; Same link LSB?
(1) 1458/     71B : 20 07               		jr	nz,.invldl
(1) 1459/     71D : 23                  		inc	hl
(1) 1460/     71E : CF                  		rst	8
(1) 1461/     71F : 7E                  		ld	a,(hl)
(1) 1462/     720 : 2B                  		dec	hl
(1) 1463/     721 : B8                  		cp	b			; Same link MSB?
(1) 1464/     722 : 28 13               		jr	z,.got_link
(1) 1465/     724 :                     .invldl:
(1) 1466/     724 : CD C9 07            		call	.nextsrch_tbl
(1) 1467/     727 : 18 EC               		jr	.srch_lloop
(1) 1468/     729 :                     
(1) 1469/     729 :                     ; --------------------------------
(1) 1470/     729 :                     ; PSGN/FM3/FM6
(1) 1471/     729 :                     ; --------------------------------
(1) 1472/     729 :                     
(1) 1473/     729 :                     .singl_link:
(1) 1474/     729 : 23                  		inc	hl			; Read MSB first
(1) 1475/     72A : 7E                  		ld	a,(hl)
(1) 1476/     72B : 2B                  		dec	hl
(1) 1477/     72C : CF                  		rst	8
(1) 1478/     72D : B8                  		cp	b			; MSB match?
(1) 1479/     72E : 20 29               		jr	nz,.not_samel
(1) 1480/     730 : 7E                  		ld	a,(hl)			; Read LSB
(1) 1481/     731 : B9                  		cp	c
(1) 1482/     732 : 20 25               		jr	nz,.not_samel
(1) 1483/     734 : C3 5B 07            		jp	.rnot_psg
(1) 1484/     737 :                     
(1) 1485/     737 :                     ; ----------------------------------------
(1) 1486/     737 :                     ; Got the link, do special checks
(1) 1487/     737 :                     ; ----------------------------------------
(1) 1488/     737 :                     
(1) 1489/     737 :                     .got_link:
(1) 1490/     737 : E5                  		push	hl
(1) 1491/     738 : 23                  		inc	hl
(1) 1492/     739 : 23                  		inc	hl
(1) 1493/     73A : 23                  		inc	hl		; <-- ztbl_Chip
(1) 1494/     73B : CF                  		rst	8
(1) 1495/     73C : 4E                  		ld	c,(hl)		; c - ID
(1) 1496/     73D : E1                  		pop	hl
(1) 1497/     73E :                     	; PSG3/PSGN check
(1) 1498/     73E : 7B                  		ld	a,e
(1) 1499/     73F : FE 80               		cp	80h		; PSG?
(1) 1500/     741 : 20 18               		jr	nz,.rnot_psg
(1) 1501/     743 : 3A 2F 00            		ld	a,(psgHatMode)	; Tone3 enabled?
(1) 1502/     746 : E6 03               		and	011b
(1) 1503/     748 : FE 03               		cp	011b
(1) 1504/     74A : 20 0F               		jr	nz,.rnot_psg
(1) 1505/     74C : 79                  		ld	a,c		; Channel 2? (PSG3)
(1) 1506/     74D : FE 02               		cp	2
(1) 1507/     74F : 20 0A               		jr	nz,.rnot_psg
(1) 1508/     751 : CF                  		rst	8
(1) 1509/     752 : D5                  		push	de
(1) 1510/     753 : 16 80               		ld	d,80h		; Force silence
(1) 1511/     755 : CD 0B 0F            		call	tblz_clear
(1) 1512/     758 : D1                  		pop	de
(1) 1513/     759 :                     .not_samel:
(1) 1514/     759 : 18 52               		jr	.set_asfull
(1) 1515/     75B :                     .rnot_psg:
(1) 1516/     75B : AF                  		xor	a
(1) 1517/     75C : C9                  		ret
(1) 1518/     75D :                     
(1) 1519/     75D :                     ; ----------------------------------------
(1) 1520/     75D :                     ; *** NEW CHIP ***
(1) 1521/     75D :                     ;
(1) 1522/     75D :                     ; Input:
(1) 1523/     75D :                     ; e - Chip to set
(1) 1524/     75D :                     ; ----------------------------------------
(1) 1525/     75D :                     
(1) 1526/     75D :                     .new_chip:
(1) 1527/     75D : 7B                  		ld	a,e			; Read NEW chip
(1) 1528/     75E : B7                  		or	a
(1) 1529/     75F : F2 AD 07            		jp	p,.set_asfull		; If Null, mark as full
(1) 1530/     762 : CD D2 07            		call	.pick_tbl		; Pick chip table
(1) 1531/     765 : CF                  		rst	8
(1) 1532/     766 : FD 4E 14            		ld	c,(iy+seq_Priority)	; c - Seq priority level
(1) 1533/     769 : B7                  		or	a			; Chip is single?
(1) 1534/     76A : FA 98 07            		jp	m,.singl_free
(1) 1535/     76D : E5                  		push	hl			; Backup START table
(1) 1536/     76E :                     ; PASS 1
(1) 1537/     76E :                     .srch_free:
(1) 1538/     76E : 7E                  		ld	a,(hl)			; Read LSB
(1) 1539/     76F : FE FF               		cp	-1			; If -1, return -1
(1) 1540/     771 : 28 0F               		jr	z,.pass_2
(1) 1541/     773 : 23                  		inc	hl
(1) 1542/     774 : 46                  		ld	b,(hl)			; Read MSB
(1) 1543/     775 : 2B                  		dec	hl
(1) 1544/     776 : B0                  		or	b
(1) 1545/     777 : 28 05               		jr	z,.found_tnew
(1) 1546/     779 : CD C9 07            		call	.nextsrch_tbl
(1) 1547/     77C : 18 F0               		jr	.srch_free
(1) 1548/     77E :                     .found_tnew:
(1) 1549/     77E : 33                  		inc	sp			; skip backup
(1) 1550/     77F : 33                  		inc	sp
(1) 1551/     780 : 18 36               		jr	.new_link
(1) 1552/     782 :                     ; PASS 2
(1) 1553/     782 :                     .pass_2:
(1) 1554/     782 : E1                  		pop	hl			; Recover START
(1) 1555/     783 :                     .next_prio:
(1) 1556/     783 : 7E                  		ld	a,(hl)			; Read LSB
(1) 1557/     784 : FE FF               		cp	-1			; If -1, return -1
(1) 1558/     786 : C8                  		ret	z
(1) 1559/     787 : 23                  		inc	hl
(1) 1560/     788 : 23                  		inc	hl
(1) 1561/     789 : 7E                  		ld	a,(hl)			; Read priority
(1) 1562/     78A : 2B                  		dec	hl
(1) 1563/     78B : 2B                  		dec	hl
(1) 1564/     78C : B7                  		or	a			; Failsafe zero priority overwrite
(1) 1565/     78D : 28 21               		jr	z,.ovrw_link
(1) 1566/     78F : B9                  		cp	c
(1) 1567/     790 : 38 1E               		jr	c,.ovrw_link		; PRIORITY
(1) 1568/     792 : CF                  		rst	8
(1) 1569/     793 : CD C9 07            		call	.nextsrch_tbl
(1) 1570/     796 : 18 EB               		jr	.next_prio
(1) 1571/     798 :                     
(1) 1572/     798 :                     ; ----------------------------------------
(1) 1573/     798 :                     ; Single slot PSGN/FM3/FM6
(1) 1574/     798 :                     ;
(1) 1575/     798 :                     ; c - priority
(1) 1576/     798 :                     ; e - chip
(1) 1577/     798 :                     ; ----------------------------------------
(1) 1578/     798 :                     
(1) 1579/     798 :                     .singl_free:
(1) 1580/     798 : E5                  		push	hl
(1) 1581/     799 : 46                  		ld	b,(hl)
(1) 1582/     79A : 23                  		inc	hl
(1) 1583/     79B : 7E                  		ld	a,(hl)
(1) 1584/     79C : 23                  		inc	hl
(1) 1585/     79D : 56                  		ld	d,(hl)		; this prio
(1) 1586/     79E : E1                  		pop	hl
(1) 1587/     79F : B0                  		or	b
(1) 1588/     7A0 : 28 0E               		jr	z,.ovrw_link
(1) 1589/     7A2 : CF                  		rst	8
(1) 1590/     7A3 : 7A                  		ld	a,d
(1) 1591/     7A4 : B7                  		or	a
(1) 1592/     7A5 : 28 09               		jr	z,.ovrw_link
(1) 1593/     7A7 : B9                  		cp	c
(1) 1594/     7A8 : 38 06               		jr	c,.ovrw_link	; PRIORITY
(1) 1595/     7AA : 28 04               		jr	z,.ovrw_link	; <-- ALWAYS overwrite
(1) 1596/     7AC : CF                  		rst	8
(1) 1597/     7AD :                     .set_asfull:
(1) 1598/     7AD : 3E FF               		ld	a,-1		; Return -1
(1) 1599/     7AF : C9                  		ret
(1) 1600/     7B0 :                     
(1) 1601/     7B0 :                     ; ----------------------------------------
(1) 1602/     7B0 :                     
(1) 1603/     7B0 :                     .ovrw_link:
(1) 1604/     7B0 : E5                  		push	hl
(1) 1605/     7B1 : DD 56 01            		ld	d,(ix+chnl_Chip)
(1) 1606/     7B4 : CD 0B 0F            		call	tblz_clear
(1) 1607/     7B7 : E1                  		pop	hl
(1) 1608/     7B8 :                     .new_link:
(1) 1609/     7B8 : CF                  		rst	8
(1) 1610/     7B9 : 23                  		inc	hl
(1) 1611/     7BA : 23                  		inc	hl
(1) 1612/     7BB :                     ; hl+2
(1) 1613/     7BB :                     .l_hiprio:
(1) 1614/     7BB : DD 73 01            		ld	(ix+chnl_Chip),e
(1) 1615/     7BE : DD E5               		push	ix
(1) 1616/     7C0 : D1                  		pop	de
(1) 1617/     7C1 : 71                  		ld	(hl),c		; Write priority
(1) 1618/     7C2 : 2B                  		dec	hl
(1) 1619/     7C3 : CF                  		rst	8
(1) 1620/     7C4 : 72                  		ld 	(hl),d		; MSB
(1) 1621/     7C5 : 2B                  		dec	hl
(1) 1622/     7C6 : 73                  		ld	(hl),e		; LSB
(1) 1623/     7C7 : AF                  		xor	a		; Return OK
(1) 1624/     7C8 : C9                  		ret
(1) 1625/     7C9 :                     
(1) 1626/     7C9 :                     ; ----------------------------------------
(1) 1627/     7C9 :                     
(1) 1628/     7C9 :                     .nextsrch_tbl:
(1) 1629/     7C9 : CF                  		rst	8
(1) 1630/     7CA : 00                  		nop
(1) 1631/     7CB : D5                  		push	de
(1) 1632/     7CC : 11 12 00            		ld	de,MAX_TBLSIZE
(1) 1633/     7CF : 19                  		add	hl,de
(1) 1634/     7D0 : D1                  		pop	de
(1) 1635/     7D1 : C9                  		ret
(1) 1636/     7D2 :                     
(1) 1637/     7D2 :                     ; ----------------------------------------
(1) 1638/     7D2 :                     ; Pick chip table
(1) 1639/     7D2 :                     ;
(1) 1640/     7D2 :                     ; Input:
(1) 1641/     7D2 :                     ; a  - Chip ID
(1) 1642/     7D2 :                     ;
(1) 1643/     7D2 :                     ; Output:
(1) 1644/     7D2 :                     ; hl - Current table
(1) 1645/     7D2 :                     ; a  - bit 7 only: multi or single table
(1) 1646/     7D2 :                     ; ----------------------------------------
(1) 1647/     7D2 :                     
(1) 1648/     7D2 :                     .pick_tbl:
(1) 1649/     7D2 : D5                  		push	de
(1) 1650/     7D3 : 0F                  		rrca
(1) 1651/     7D4 : 0F                  		rrca
(1) 1652/     7D5 : 0F                  		rrca
(1) 1653/     7D6 : 0F                  		rrca
(1) 1654/     7D7 : E6 07               		and	00000111b
(1) 1655/     7D9 : 87                  		add	a,a
(1) 1656/     7DA : 21 00 1B            		ld	hl,tblList
(1) 1657/     7DD : E5                  		push	hl
(1) 1658/     7DE : 16 00               		ld	d,0
(1) 1659/     7E0 : 5F                  		ld	e,a
(1) 1660/     7E1 : 19                  		add	hl,de
(1) 1661/     7E2 : 5E                  		ld	e,(hl)
(1) 1662/     7E3 : 23                  		inc	hl
(1) 1663/     7E4 : 7E                  		ld	a,(hl)
(1) 1664/     7E5 : 57                  		ld	d,a
(1) 1665/     7E6 : E6 80               		and	10000000b
(1) 1666/     7E8 : CB BA               		res	7,d
(1) 1667/     7EA : E1                  		pop	hl
(1) 1668/     7EB : 19                  		add	hl,de
(1) 1669/     7EC : D1                  		pop	de
(1) 1670/     7ED : C9                  		ret
(1) 1671/     7EE :                     
(1) 1672/     7EE :                     ; ============================================
(1) 1673/     7EE :                     ; ----------------------------------------
(1) 1674/     7EE :                     ; Process chip using it's table
(1) 1675/     7EE :                     ;
(1) 1676/     7EE :                     ; iy - table to read
(1) 1677/     7EE :                     ; ----------------------------------------
(1) 1678/     7EE :                     
(1) 1679/     7EE :                     dtbl_multi:
(1) 1680/     7EE : FD 7E 00            		ld	a,(iy)
(1) 1681/     7F1 : FE FF               		cp	-1
(1) 1682/     7F3 : C8                  		ret	z
(1) 1683/     7F4 : CF                  		rst	8
(1) 1684/     7F5 : CD 02 08            		call	dtbl_singl
(1) 1685/     7F8 : 11 12 00            		ld	de,MAX_TBLSIZE
(1) 1686/     7FB : FD 19               		add	iy,de
(1) 1687/     7FD : CF                  		rst	8
(1) 1688/     7FE : 00                  		nop
(1) 1689/     7FF : 00                  		nop
(1) 1690/     800 : 18 EC               		jr	dtbl_multi
(1) 1691/     802 :                     dtbl_singl:
(1) 1692/     802 : FD 5E 00            		ld	e,(iy)			; Read link
(1) 1693/     805 : FD 56 01            		ld	d,(iy+1)
(1) 1694/     808 : 7A                  		ld	a,d			; If no-zero, active
(1) 1695/     809 : B3                  		or	e
(1) 1696/     80A : 20 60               		jr	nz,.linked
(1) 1697/     80C : FD 7E 02            		ld	a,(iy+ztbl_Priority)	; Silence request?
(1) 1698/     80F : B7                  		or	a
(1) 1699/     810 : F0                  		ret	p			; Return if not.
(1) 1700/     811 : CF                  		rst	8
(1) 1701/     812 : FD 36 02 00         		ld	(iy+ztbl_Priority),0	; Reset request on memory
(1) 1702/     816 :                     
(1) 1703/     816 :                     ; ----------------------------------------
(1) 1704/     816 :                     ; chip-silence request
(1) 1705/     816 :                     ; iy - Table
(1) 1706/     816 :                     
(1) 1707/     816 : 06 00               		ld	b,0
(1) 1708/     818 : FD 4E 03            		ld	c,(iy+ztbl_Chip)
(1) 1709/     81B : E6 F0               		and	11110000b
(1) 1710/     81D : FE 80               		cp	80h
(1) 1711/     81F : 28 1E               		jr	z,.siln_psg
(1) 1712/     821 : FE 90               		cp	90h
(1) 1713/     823 : 28 16               		jr	z,.siln_psg_n
(1) 1714/     825 : FE A0               		cp	0A0h
(1) 1715/     827 : 28 3D               		jr	z,.siln_fm
(1) 1716/     829 : FE B0               		cp	0B0h
(1) 1717/     82B : 28 39               		jr	z,.siln_fm
(1) 1718/     82D : CF                  		rst	8
(1) 1719/     82E : FE C0               		cp	0C0h
(1) 1720/     830 : 28 31               		jr	z,.siln_dac
(1) 1721/     832 : FE D0               		cp	0D0h
(1) 1722/     834 : 28 0F               		jr	z,.siln_pcm
(1) 1723/     836 : FE E0               		cp	0E0h
(1) 1724/     838 : 28 1C               		jr	z,.siln_pwm
(1) 1725/     83A : C9                  		ret
(1) 1726/     83B :                     .siln_psg_n:
(1) 1727/     83B : AF                  		xor	a
(1) 1728/     83C : 32 2F 00            		ld	(psgHatMode),a
(1) 1729/     83F :                     .siln_psg:
(1) 1730/     83F : CF                  		rst	8
(1) 1731/     840 : 21 22 15            		ld	hl,psgcom
(1) 1732/     843 : 18 1A               		jr	.rcyl_com
(1) 1733/     845 :                     
(1) 1734/     845 :                     ; --------------------------------
(1) 1735/     845 :                     
(1) 1736/     845 :                     .siln_pcm:
(1) 1737/     845 : 3E 01               		ld	a,1
(1) 1738/     847 : 32 A6 17            		ld	(mcdUpd),a
(1) 1739/     84A : CF                  		rst	8
(1) 1740/     84B : 21 CA 14            		ld	hl,pcmcom+32
(1) 1741/     84E : 09                  		add	hl,bc
(1) 1742/     84F : 36 FF               		ld	(hl),-1
(1) 1743/     851 : 21 AA 14            		ld	hl,pcmcom
(1) 1744/     854 : 18 09               		jr	.rcyl_com
(1) 1745/     856 :                     .siln_pwm:
(1) 1746/     856 : 3E 01               		ld	a,1
(1) 1747/     858 : 32 A5 17            		ld	(marsUpd),a
(1) 1748/     85B : CF                  		rst	8
(1) 1749/     85C : 21 EA 14            		ld	hl,pwmcom
(1) 1750/     85F :                     .rcyl_com:
(1) 1751/     85F : 09                  		add	hl,bc
(1) 1752/     860 : 36 04               		ld	(hl),100b	; key-cut
(1) 1753/     862 : C9                  		ret
(1) 1754/     863 :                     
(1) 1755/     863 :                     ; --------------------------------
(1) 1756/     863 :                     
(1) 1757/     863 :                     .siln_dac:
(1) 1758/     863 : CD F7 11            		call	dac_off
(1) 1759/     866 :                     .siln_fm:
(1) 1760/     866 : CD 6D 0A            		call	.fm_tloff
(1) 1761/     869 : C3 65 0A            		jp	.fm_keyoff
(1) 1762/     86C :                     
(1) 1763/     86C :                     ; ----------------------------------------
(1) 1764/     86C :                     ; Process channel now
(1) 1765/     86C :                     ; iy - Table
(1) 1766/     86C :                     ; ix - Tracker channel
(1) 1767/     86C :                     .linked:
(1) 1768/     86C : 1A                  		ld	a,(de)		; ** chnl_Flags
(1) 1769/     86D : 47                  		ld	b,a		; b - flags to check
(1) 1770/     86E : E6 0F               		and	00001111b	; evin flags?
(1) 1771/     870 : C8                  		ret	z
(1) 1772/     871 : 78                  		ld	a,b
(1) 1773/     872 : E6 F0               		and	11110000b	; Keep OTHER bits
(1) 1774/     874 : 12                  		ld	(de),a		; ** clear chnl_Flags
(1) 1775/     875 : CF                  		rst	8
(1) 1776/     876 : FD E5               		push	iy		; table+10h instrment data
(1) 1777/     878 : D5                  		push	de
(1) 1778/     879 : DD E1               		pop	ix
(1) 1779/     87B : E1                  		pop	hl
(1) 1780/     87C : 11 0A 00            		ld	de,ztbl_InstCach	; Go to stored inst data
(1) 1781/     87F : 19                  		add	hl,de
(1) 1782/     880 :                     	; --------------------------------
(1) 1783/     880 :                     	;  b - Flags LR00evin (Eff|Vol|Ins|Note)
(1) 1784/     880 :                     	; iy - Our chip table
(1) 1785/     880 :                     	; ix - Track channel
(1) 1786/     880 :                     	; hl - Intrument data
(1) 1787/     880 : 78                  		ld	a,b		; Note and/or Inst?
(1) 1788/     881 : E6 03               		and	0011b
(1) 1789/     883 : C4 AE 08            		call	nz,.reset_effc	; Reset effects
(1) 1790/     886 : CB 50               		bit	2,b		; Volume
(1) 1791/     888 : C4 15 0D            		call	nz,.volu
(1) 1792/     88B : CF                  		rst	8
(1) 1793/     88C : CB 40               		bit	0,b		; Note
(1) 1794/     88E : C4 B8 0E            		call	nz,.note
(1) 1795/     891 : CB 48               		bit	1,b		; Intrument
(1) 1796/     893 : C4 1E 0D            		call	nz,.inst
(1) 1797/     896 : CB 58               		bit	3,b		; Effect
(1) 1798/     898 : C4 2A 0C            		call	nz,.effc
(1) 1799/     89B : 7E                  		ld	a,(hl)		; Read INS type
(1) 1800/     89C : E6 70               		and	01110000b	; Filter bits
(1) 1801/     89E : 0F                  		rrca
(1) 1802/     89F : CF                  		rst	8
(1) 1803/     8A0 : 0F                  		rrca
(1) 1804/     8A1 : 0F                  		rrca
(1) 1805/     8A2 : 16 00               		ld	d,0
(1) 1806/     8A4 : 5F                  		ld	e,a
(1) 1807/     8A5 : 21 BB 08            		ld	hl,.mk_list
(1) 1808/     8A8 : 19                  		add	hl,de
(1) 1809/     8A9 : 7E                  		ld	a,(hl)
(1) 1810/     8AA : 23                  		inc	hl
(1) 1811/     8AB : 66                  		ld	h,(hl)
(1) 1812/     8AC : 6F                  		ld	l,a
(1) 1813/     8AD : E9                  		jp	(hl)
(1) 1814/     8AE :                     .reset_effc:
(1) 1815/     8AE : FD 36 06 00         		ld	(iy+ztbl_PitchBend),0
(1) 1816/     8B2 : FD 36 08 00         		ld	(iy+ztbl_VolSlide),0
(1) 1817/     8B6 : FD 36 07 00         		ld	(iy+ztbl_Volume),0
(1) 1818/     8BA : C9                  		ret
(1) 1819/     8BB :                     
(1) 1820/     8BB :                     ; --------------------------------
(1) 1821/     8BB :                     .mk_list:
(1) 1822/     8BB : C9 08               		dw .mk_psg
(1) 1823/     8BD : C9 08               		dw .mk_psg
(1) 1824/     8BF : 7C 09               		dw .mk_fm
(1) 1825/     8C1 : 00 0A               		dw .mk_fm_sp
(1) 1826/     8C3 : B4 0B               		dw .mk_dac
(1) 1827/     8C5 : 0A 0C               		dw .mk_pcm
(1) 1828/     8C7 : 0B 0C               		dw .mk_pwm
(1) 1829/     8C9 :                     
(1) 1830/     8C9 :                     ; --------------------------------
(1) 1831/     8C9 :                     ; PSG and PSGN
(1) 1832/     8C9 :                     ; --------------------------------
(1) 1833/     8C9 :                     
(1) 1834/     8C9 :                     .mk_psg:
(1) 1835/     8C9 : DD 4E 02            		ld	c,(ix+chnl_Note)	; c - Note
(1) 1836/     8CC : DD E5               		push	ix			; * Save ix
(1) 1837/     8CE : CF                  		rst	8
(1) 1838/     8CF : DD 21 22 15         		ld	ix,psgcom		; ix - psgcom
(1) 1839/     8D3 : 16 00               		ld	d,0
(1) 1840/     8D5 : FD 5E 03            		ld	e,(iy+ztbl_Chip)
(1) 1841/     8D8 : DD 19               		add	ix,de			; Get com index
(1) 1842/     8DA : 78                  		ld	a,b			; New NOTE and/or INS?
(1) 1843/     8DB : E6 03               		and	0011b
(1) 1844/     8DD : 28 4A               		jr	z,.psgc_proc		; Process only
(1) 1845/     8DF : 79                  		ld	a,c			; c - Note
(1) 1846/     8E0 : B7                  		or	a
(1) 1847/     8E1 : C8                  		ret	z
(1) 1848/     8E2 : CF                  		rst	8
(1) 1849/     8E3 : FE FE               		cp	-2			; Key cut?
(1) 1850/     8E5 : 28 32               		jr	z,.kycut_psg
(1) 1851/     8E7 : FE FF               		cp	-1			; Key off?
(1) 1852/     8E9 : 28 22               		jr	z,.kyoff_psg
(1) 1853/     8EB : DD 36 00 01         		ld	(ix+COM),001b		; Set Key ON
(1) 1854/     8EF : 7B                  		ld	a,e			; a - Channel 0-3
(1) 1855/     8F0 : 11 00 00            		ld	de,0			; Clear de
(1) 1856/     8F3 : FE 03               		cp	3			; NOISE channel?
(1) 1857/     8F5 : 20 0E               		jr	nz,.not_ns
(1) 1858/     8F7 : CF                  		rst	8
(1) 1859/     8F8 : 3A 2F 00            		ld	a,(psgHatMode)		; Tone 3?
(1) 1860/     8FB : E6 03               		and	011b
(1) 1861/     8FD : FE 03               		cp	011b
(1) 1862/     8FF : C2 4C 09            		jp	nz,.psg_keyon		; Normal
(1) 1863/     902 : 11 18 00            		ld	de,12*2			; Add octave to freq
(1) 1864/     905 :                     .not_ns:
(1) 1865/     905 : CD 67 09            		call	.psg_getfreq
(1) 1866/     908 : 18 26               		jr	.psgc_keyon
(1) 1867/     90A :                     
(1) 1868/     90A :                     ; --------------------------------
(1) 1869/     90A :                     ; -1
(1) 1870/     90A :                     .kyoff_psgn:
(1) 1871/     90A : CD 22 09            		call	.kypsgn_hatoff
(1) 1872/     90D :                     .kyoff_psg:
(1) 1873/     90D : DD 36 00 02         		ld	(ix),010b		; Write key off
(1) 1874/     911 : DD E1               		pop	ix			; * Restore ix
(1) 1875/     913 : C3 04 0F            		jp	.chnl_ulnk
(1) 1876/     916 :                     
(1) 1877/     916 :                     ; --------------------------------
(1) 1878/     916 :                     ; -2
(1) 1879/     916 :                     .kycut_psgn:
(1) 1880/     916 : CD 22 09            		call	.kypsgn_hatoff
(1) 1881/     919 :                     .kycut_psg:
(1) 1882/     919 : DD 36 00 04         		ld	(ix),100b		; Write key cut
(1) 1883/     91D : DD E1               		pop	ix			; * Restore ix
(1) 1884/     91F : C3 04 0F            		jp	.chnl_ulnk
(1) 1885/     922 :                     
(1) 1886/     922 :                     
(1) 1887/     922 :                     .kypsgn_hatoff:
(1) 1888/     922 : 3E 00               		ld	a,000b
(1) 1889/     924 : 32 2F 00            		ld	(psgHatMode),a		; ** GLOBAL SETTING
(1) 1890/     927 : CF                  		rst	8
(1) 1891/     928 : C9                  		ret
(1) 1892/     929 :                     
(1) 1893/     929 :                     ; --------------------------------
(1) 1894/     929 :                     ; hl - current freq
(1) 1895/     929 :                     ; ix - psgcom
(1) 1896/     929 :                     ; b - flags
(1) 1897/     929 :                     
(1) 1898/     929 :                     .psgc_proc:
(1) 1899/     929 : CF                  		rst	8
(1) 1900/     92A : DD 6E 1C            		ld	l,(ix+DTL)		; Read saved freq
(1) 1901/     92D : DD 66 20            		ld	h,(ix+DTH)
(1) 1902/     930 :                     .psgc_keyon:
(1) 1903/     930 : FD 7E 06            		ld	a,(iy+ztbl_PitchBend)	; pitchbend
(1) 1904/     933 : B7                  		or	a
(1) 1905/     934 : CA 46 09            		jp	z,.no_req
(1) 1906/     937 : ED 44               		neg	a
(1) 1907/     939 : 5F                  		ld	e,a
(1) 1908/     93A : 4F                  		ld	c,a
(1) 1909/     93B : AF                  		xor	a
(1) 1910/     93C : FD 77 06            		ld	(iy+ztbl_PitchBend),a
(1) 1911/     93F : 3F                  		ccf
(1) 1912/     940 : CB 21               		sla	c
(1) 1913/     942 : 9F                  		sbc	a,a
(1) 1914/     943 : 57                  		ld	d,a
(1) 1915/     944 : CF                  		rst	8
(1) 1916/     945 : 19                  		add	hl,de
(1) 1917/     946 :                     .no_req:
(1) 1918/     946 : DD 75 1C            		ld	(ix+DTL),l
(1) 1919/     949 : DD 74 20            		ld	(ix+DTH),h
(1) 1920/     94C :                     .psg_keyon:
(1) 1921/     94C : FD 7E 08            		ld	a,(iy+ztbl_VolSlide)
(1) 1922/     94F : 87                  		add	a,a
(1) 1923/     950 : 5F                  		ld	e,a
(1) 1924/     951 : FD 7E 07            		ld	a,(iy+ztbl_Volume)	; Set current Volume
(1) 1925/     954 : 93                  		sub	a,e
(1) 1926/     955 : FD 96 04            		sub	a,(iy+ztbl_MasterVol)	; + MASTER vol
(1) 1927/     958 : ED 44               		neg	a
(1) 1928/     95A : CF                  		rst	8
(1) 1929/     95B : 87                  		add	a,a
(1) 1930/     95C : 87                  		add	a,a
(1) 1931/     95D : 30 02               		jr	nc,.vmuch
(1) 1932/     95F : 3E FF               		ld	a,-1
(1) 1933/     961 :                     .vmuch:
(1) 1934/     961 : DD 77 30            		ld	(ix+MVOL),a
(1) 1935/     964 : DD E1               		pop	ix			; * Restore ix
(1) 1936/     966 : C9                  		ret
(1) 1937/     967 :                     
(1) 1938/     967 :                     ; --------------------------------
(1) 1939/     967 :                     ; de - increment
(1) 1940/     967 :                     
(1) 1941/     967 :                     .psg_getfreq:
(1) 1942/     967 : 21 E0 12            		ld	hl,psgFreq_List-(36*2)
(1) 1943/     96A : 19                  		add	hl,de
(1) 1944/     96B : FD 5E 05            		ld	e,(iy+ztbl_FreqIndx)	; de - note*2
(1) 1945/     96E : 19                  		add	hl,de
(1) 1946/     96F : 7E                  		ld	a,(hl)
(1) 1947/     970 : 23                  		inc	hl
(1) 1948/     971 : CF                  		rst	8
(1) 1949/     972 : 66                  		ld	h,(hl)
(1) 1950/     973 : 6F                  		ld	l,a
(1) 1951/     974 : 3A 88 1F            		ld	a,(palMode)
(1) 1952/     977 : B7                  		or	a
(1) 1953/     978 : 28 01               		jr	z,.fnot_pal
(1) 1954/     97A : 2B                  		dec	hl
(1) 1955/     97B :                     .fnot_pal:
(1) 1956/     97B : C9                  		ret
(1) 1957/     97C :                     
(1) 1958/     97C :                     ; --------------------------------
(1) 1959/     97C :                     ; FM
(1) 1960/     97C :                     ; --------------------------------
(1) 1961/     97C :                     
(1) 1962/     97C :                     .mk_fm:
(1) 1963/     97C : FD 4E 03            		ld	c,(iy+ztbl_Chip)	; c - YM key
(1) 1964/     97F : 78                  		ld	a,b			; Get NOTE and/or INS?
(1) 1965/     980 : E6 03               		and	0011b
(1) 1966/     982 : 28 32               		jr	z,.mkfm_proc		; Process only
(1) 1967/     984 : DD 7E 02            		ld	a,(ix+chnl_Note)	; Get IT note
(1) 1968/     987 : B7                  		or	a
(1) 1969/     988 : C8                  		ret	z
(1) 1970/     989 : FE FE               		cp	-2			; Key-cut?
(1) 1971/     98B : CA 59 0A            		jp	z,.fm_cut
(1) 1972/     98E : CF                  		rst	8
(1) 1973/     98F : FE FF               		cp	-1			; Key-off?
(1) 1974/     991 : CA 50 0A            		jp	z,.fm_off
(1) 1975/     994 : CD 65 0A            		call	.fm_keyoff		; Turn FM keys off
(1) 1976/     997 : 79                  		ld	a,c
(1) 1977/     998 : FE 06               		cp	6			; Check FM6
(1) 1978/     99A : 20 05               		jr	nz,.not_dac
(1) 1979/     99C : CD F7 11            		call	dac_off			; Turn DAC off
(1) 1980/     99F : 18 15               		jr	.mkfm_proc
(1) 1981/     9A1 :                     .not_dac:
(1) 1982/     9A1 : FE 02               		cp	2			; Check FM3
(1) 1983/     9A3 : 20 11               		jr	nz,.mkfm_proc
(1) 1984/     9A5 : 3A 30 00            		ld	a,(fmSpecial)		; FM3 Special active?
(1) 1985/     9A8 : B7                  		or	a
(1) 1986/     9A9 : 28 0B               		jr	z,.mkfm_proc
(1) 1987/     9AB : CF                  		rst	8
(1) 1988/     9AC : AF                  		xor	a
(1) 1989/     9AD : 32 30 00            		ld	(fmSpecial),a
(1) 1990/     9B0 : 11 00 27            		ld	de,2700h		; Turn FM3 Special OFF
(1) 1991/     9B3 : CD CC 11            		call	fm_send_1
(1) 1992/     9B6 :                     .mkfm_proc:
(1) 1993/     9B6 : CF                  		rst	8
(1) 1994/     9B7 : C5                  		push	bc
(1) 1995/     9B8 : FD 7E 05            		ld	a,(iy+ztbl_FreqIndx)
(1) 1996/     9BB : 47                  		ld	b,a
(1) 1997/     9BC : E6 1F               		and	00011111b
(1) 1998/     9BE : 5F                  		ld	e,a
(1) 1999/     9BF : 16 00               		ld	d,0
(1) 2000/     9C1 : 21 10 13            		ld	hl,fmFreq_List
(1) 2001/     9C4 : 19                  		add	hl,de
(1) 2002/     9C5 : 7E                  		ld	a,(hl)
(1) 2003/     9C6 : CF                  		rst	8
(1) 2004/     9C7 : 23                  		inc	hl
(1) 2005/     9C8 : 66                  		ld	h,(hl)
(1) 2006/     9C9 : 6F                  		ld	l,a			; hl - Current FM freq
(1) 2007/     9CA : 3A 88 1F            		ld	a,(palMode)		; PAL speed check
(1) 2008/     9CD : B7                  		or	a
(1) 2009/     9CE : 28 04               		jr	z,.not_pal
(1) 2010/     9D0 : 11 04 00            		ld	de,4			; freq + 4
(1) 2011/     9D3 : 19                  		add	hl,de
(1) 2012/     9D4 :                     .not_pal:
(1) 2013/     9D4 : 78                  		ld	a,b
(1) 2014/     9D5 : E6 E0               		and	11100000b
(1) 2015/     9D7 : 0F                  		rrca
(1) 2016/     9D8 : 0F                  		rrca
(1) 2017/     9D9 : B4                  		or	h
(1) 2018/     9DA : 67                  		ld	h,a
(1) 2019/     9DB : FD 5E 06            		ld	e,(iy+ztbl_PitchBend)	; Get pitchbend effect
(1) 2020/     9DE : CF                  		rst	8
(1) 2021/     9DF : AF                  		xor	a			; clear high
(1) 2022/     9E0 : 3F                  		ccf				; clear carry
(1) 2023/     9E1 : CB 23               		sla	e			; pitchbend << 2
(1) 2024/     9E3 : 00                  		nop				; **
(1) 2025/     9E4 : 9F                  		sbc	a,a			; get carry MSB
(1) 2026/     9E5 : 57                  		ld	d,a
(1) 2027/     9E6 : 19                  		add	hl,de			; Pitchbend the freq
(1) 2028/     9E7 : 79                  		ld	a,c
(1) 2029/     9E8 : E6 03               		and	011b
(1) 2030/     9EA : F6 A4               		or	0A4h
(1) 2031/     9EC : 57                  		ld	d,a
(1) 2032/     9ED : 5C                  		ld	e,h
(1) 2033/     9EE : CF                  		rst	8
(1) 2034/     9EF : CD C8 11            		call	fm_autoreg
(1) 2035/     9F2 : 79                  		ld	a,c
(1) 2036/     9F3 : E6 03               		and	011b
(1) 2037/     9F5 : F6 A0               		or	0A0h
(1) 2038/     9F7 : 57                  		ld	d,a
(1) 2039/     9F8 : 5D                  		ld	e,l
(1) 2040/     9F9 : CD C8 11            		call	fm_autoreg
(1) 2041/     9FC : C1                  		pop	bc
(1) 2042/     9FD : C3 9B 0A            		jp	.mkfm_set
(1) 2043/     A00 :                     
(1) 2044/     A00 :                     ; --------------------------------
(1) 2045/     A00 :                     ; FM3 special
(1) 2046/     A00 :                     ; --------------------------------
(1) 2047/     A00 :                     
(1) 2048/     A00 :                     ; TODO: Do to PAL freq increment
(1) 2049/     A00 :                     
(1) 2050/     A00 :                     .mk_fm_sp:
(1) 2051/     A00 : 0E 02               		ld	c,010b			; ** FM3 special ID
(1) 2052/     A02 : 78                  		ld	a,b			; New NOTE and/or INS?
(1) 2053/     A03 : E6 03               		and	0011b
(1) 2054/     A05 : CA 9B 0A            		jp	z,.mkfm_set		; Process only
(1) 2055/     A08 : DD 7E 02            		ld	a,(ix+chnl_Note)
(1) 2056/     A0B : B7                  		or	a
(1) 2057/     A0C : C8                  		ret	z
(1) 2058/     A0D : FE FE               		cp	-2
(1) 2059/     A0F : CA 59 0A            		jp	z,.fm_cut
(1) 2060/     A12 : FE FF               		cp	-1
(1) 2061/     A14 : CA 50 0A            		jp	z,.fm_off
(1) 2062/     A17 : CD 65 0A            		call	.fm_keyoff
(1) 2063/     A1A : CF                  		rst	8
(1) 2064/     A1B : 21 AE 15            		ld	hl,fmcach_3		; DIRECT point to FM3 data
(1) 2065/     A1E : 11 20 00            		ld	de,20h			; point to regs
(1) 2066/     A21 : 19                  		add	hl,de
(1) 2067/     A22 : DD E5               		push	ix
(1) 2068/     A24 : DD 21 48 0A         		ld	ix,.this_regs
(1) 2069/     A28 : 06 08               		ld	b,8
(1) 2070/     A2A :                     .wr_spc:
(1) 2071/     A2A : DD 56 00            		ld	d,(ix)			; Manually write the FM3 freqs
(1) 2072/     A2D : 5E                  		ld	e,(hl)
(1) 2073/     A2E : CD CC 11            		call	fm_send_1
(1) 2074/     A31 : CF                  		rst	8
(1) 2075/     A32 : 23                  		inc	hl
(1) 2076/     A33 : DD 23               		inc	ix
(1) 2077/     A35 : 10 F3               		djnz	.wr_spc
(1) 2078/     A37 : DD E1               		pop	ix
(1) 2079/     A39 : CD 9B 0A            		call	.mkfm_set
(1) 2080/     A3C : 11 40 27            		ld	de,2740h		; Turn FM3 Special mode
(1) 2081/     A3F : CD CC 11            		call	fm_send_1
(1) 2082/     A42 : 3E 01               		ld	a,1
(1) 2083/     A44 : 32 30 00            		ld	(fmSpecial),a
(1) 2084/     A47 : C9                  		ret
(1) 2085/     A48 :                     .this_regs:
(1) 2086/     A48 : AD A9               		db 0ADh,0A9h
(1) 2087/     A4A : AC A8               		db 0ACh,0A8h
(1) 2088/     A4C : AE AA               		db 0AEh,0AAh
(1) 2089/     A4E : A6 A2               		db 0A6h,0A2h
(1) 2090/     A50 :                     
(1) 2091/     A50 :                     ; ----------------------------------------
(1) 2092/     A50 :                     
(1) 2093/     A50 :                     .fm_off:
(1) 2094/     A50 : CD 84 0A            		call	.fm_clrrsave
(1) 2095/     A53 : CD 65 0A            		call	.fm_keyoff
(1) 2096/     A56 : C3 04 0F            		jp	.chnl_ulnk
(1) 2097/     A59 :                     .fm_cut:
(1) 2098/     A59 : CD 84 0A            		call	.fm_clrrsave
(1) 2099/     A5C : CD 65 0A            		call	.fm_keyoff
(1) 2100/     A5F : CD 6D 0A            		call	.fm_tloff
(1) 2101/     A62 : C3 04 0F            		jp	.chnl_ulnk
(1) 2102/     A65 :                     
(1) 2103/     A65 :                     ; ----------------------------------------
(1) 2104/     A65 :                     ; iy - current FM table
(1) 2105/     A65 :                     
(1) 2106/     A65 :                     .fm_keyoff:
(1) 2107/     A65 : 16 28               		ld	d,28h
(1) 2108/     A67 : FD 5E 03            		ld	e,(iy+ztbl_Chip)
(1) 2109/     A6A : C3 CC 11            		jp	fm_send_1
(1) 2110/     A6D :                     
(1) 2111/     A6D :                     .fm_tloff:
(1) 2112/     A6D : 06 04               		ld	b,4
(1) 2113/     A6F : FD 4E 03            		ld	c,(iy+ztbl_Chip)
(1) 2114/     A72 : 79                  		ld	a,c
(1) 2115/     A73 : E6 03               		and	011b
(1) 2116/     A75 : F6 40               		or	40h		; TL regs
(1) 2117/     A77 : 1E 7F               		ld	e,7Fh
(1) 2118/     A79 :                     .tl_down:
(1) 2119/     A79 : 57                  		ld	d,a
(1) 2120/     A7A :                     		; e - 7Fh
(1) 2121/     A7A : CD C8 11            		call	fm_autoreg
(1) 2122/     A7D : CF                  		rst	8
(1) 2123/     A7E : 7A                  		ld	a,d
(1) 2124/     A7F : C6 04               		add	a,4
(1) 2125/     A81 : 10 F6               		djnz	.tl_down
(1) 2126/     A83 : C9                  		ret
(1) 2127/     A84 :                     
(1) 2128/     A84 :                     .fm_clrrsave:
(1) 2129/     A84 : FD 7E 03            		ld	a,(iy+ztbl_Chip)
(1) 2130/     A87 : E6 07               		and	0111b
(1) 2131/     A89 : 87                  		add	a,a
(1) 2132/     A8A : 87                  		add	a,a
(1) 2133/     A8B : 21 4E 16            		ld	hl,fmlist_rsave
(1) 2134/     A8E : 16 00               		ld	d,0
(1) 2135/     A90 : 5F                  		ld	e,a
(1) 2136/     A91 : 19                  		add	hl,de
(1) 2137/     A92 : 36 00               		ld	(hl),0
(1) 2138/     A94 : 23                  		inc	hl
(1) 2139/     A95 : 36 00               		ld	(hl),0
(1) 2140/     A97 : 23                  		inc	hl
(1) 2141/     A98 : 36 00               		ld	(hl),0
(1) 2142/     A9A : C9                  		ret
(1) 2143/     A9B :                     
(1) 2144/     A9B :                     ; ----------------------------------------
(1) 2145/     A9B :                     
(1) 2146/     A9B :                     .mkfm_set:
(1) 2147/     A9B : FD 7E 03            		ld	a,(iy+ztbl_Chip)
(1) 2148/     A9E : CD A4 0B            		call	.get_fmcach
(1) 2149/     AA1 : E5                  		push	hl			; Save TOP
(1) 2150/     AA2 : 11 1C 00            		ld	de,1Ch			; Go to 1Ch (regs B0, B4...)
(1) 2151/     AA5 : 19                  		add	hl,de
(1) 2152/     AA6 : 46                  		ld	b,(hl)			; b - 0B0h algorithm
(1) 2153/     AA7 : E1                  		pop	hl			; Recover TOP
(1) 2154/     AA8 : CF                  		rst	8
(1) 2155/     AA9 : FD 4E 03            		ld	c,(iy+ztbl_Chip)
(1) 2156/     AAC : 79                  		ld	a,c
(1) 2157/     AAD : E6 03               		and	011b
(1) 2158/     AAF : F6 30               		or	30h			; Start at reg 30h
(1) 2159/     AB1 : 57                  		ld	d,a
(1) 2160/     AB2 :                     	; hl - reg data
(1) 2161/     AB2 :                     	; b  - 0B0h algorithm
(1) 2162/     AB2 :                     	;  c - current FM channel 0-6
(1) 2163/     AB2 :                     	; d  - Starting FM reg
(1) 2164/     AB2 : CD 04 0B            		call	.mkfm_wregs		; 30h+
(1) 2165/     AB5 : CD 2D 0B            		call	.mkfm_tlvol		; 40h+
(1) 2166/     AB8 : CD 04 0B            		call	.mkfm_wregs		; 50h+
(1) 2167/     ABB : CD 04 0B            		call	.mkfm_wregs		; 60h+
(1) 2168/     ABE : CD 04 0B            		call	.mkfm_wregs		; 70h+
(1) 2169/     AC1 : CD 04 0B            		call	.mkfm_wregs		; 80h+
(1) 2170/     AC4 : CD 04 0B            		call	.mkfm_wregs		; 90h+
(1) 2171/     AC7 : 78                  		ld	a,b			; 0B0h algorithm
(1) 2172/     AC8 : 23                  		inc	hl
(1) 2173/     AC9 : 5F                  		ld	e,a
(1) 2174/     ACA : 79                  		ld	a,c
(1) 2175/     ACB : E6 03               		and	011b
(1) 2176/     ACD : F6 B0               		or	0B0h
(1) 2177/     ACF : 57                  		ld	d,a
(1) 2178/     AD0 : CD C8 11            		call	fm_autoreg		; Write algorithm
(1) 2179/     AD3 : CF                  		rst	8
(1) 2180/     AD4 : DD 7E 00            		ld	a,(ix+chnl_Flags)	; Read panning bits
(1) 2181/     AD7 : 2F                  		cpl				; REVERSE bits
(1) 2182/     AD8 : E6 30               		and	00110000b
(1) 2183/     ADA : 07                  		rlca				; << 2
(1) 2184/     ADB : 07                  		rlca
(1) 2185/     ADC : 5F                  		ld	e,a			; save as e
(1) 2186/     ADD : 7E                  		ld	a,(hl)			; 0B4h %00aa0ppp
(1) 2187/     ADE : 23                  		inc	hl
(1) 2188/     ADF : E6 3F               		and	00111111b
(1) 2189/     AE1 : B3                  		or	e			; Merge panning
(1) 2190/     AE2 : 5F                  		ld	e,a
(1) 2191/     AE3 : 79                  		ld	a,c
(1) 2192/     AE4 : CF                  		rst	8
(1) 2193/     AE5 : E6 03               		and	011b
(1) 2194/     AE7 : F6 B4               		or	0B4h
(1) 2195/     AE9 : 57                  		ld	d,a
(1) 2196/     AEA : CD C8 11            		call	fm_autoreg
(1) 2197/     AED : 7E                  		ld	a,(hl)			; 022h
(1) 2198/     AEE : 23                  		inc	hl
(1) 2199/     AEF : CB 5F               		bit	3,a			; Intrument wants LFO?
(1) 2200/     AF1 : 28 06               		jr	z,.no_lfo
(1) 2201/     AF3 : 5F                  		ld	e,a
(1) 2202/     AF4 : 16 22               		ld	d,22h
(1) 2203/     AF6 : CD CC 11            		call	fm_send_1
(1) 2204/     AF9 :                     .no_lfo:
(1) 2205/     AF9 :                     
(1) 2206/     AF9 :                     
(1) 2207/     AF9 : CF                  		rst	8
(1) 2208/     AFA : 7E                  		ld	a,(hl)			; 028h
(1) 2209/     AFB : E6 F0               		and	11110000b
(1) 2210/     AFD : B1                  		or	c			; Merge FM channel
(1) 2211/     AFE : 5F                  		ld	e,a
(1) 2212/     AFF : 16 28               		ld	d,28h
(1) 2213/     B01 : C3 CC 11            		jp	fm_send_1		; Set keys
(1) 2214/     B04 :                     
(1) 2215/     B04 :                     ; ----------------------------------------
(1) 2216/     B04 :                     
(1) 2217/     B04 :                     .mkfm_wregs:
(1) 2218/     B04 : CF                  		rst	8
(1) 2219/     B05 : 5E                  		ld	e,(hl)
(1) 2220/     B06 : 23                  		inc	hl
(1) 2221/     B07 : CD C8 11            		call	fm_autoreg
(1) 2222/     B0A : 14                  		inc	d
(1) 2223/     B0B : 14                  		inc	d
(1) 2224/     B0C : 14                  		inc	d
(1) 2225/     B0D : 14                  		inc	d
(1) 2226/     B0E : 5E                  		ld	e,(hl)
(1) 2227/     B0F : 23                  		inc	hl
(1) 2228/     B10 : CF                  		rst	8
(1) 2229/     B11 : CD C8 11            		call	fm_autoreg
(1) 2230/     B14 : 14                  		inc	d
(1) 2231/     B15 : 14                  		inc	d
(1) 2232/     B16 : 14                  		inc	d
(1) 2233/     B17 : 14                  		inc	d
(1) 2234/     B18 : 5E                  		ld	e,(hl)
(1) 2235/     B19 : 23                  		inc	hl
(1) 2236/     B1A : CD C8 11            		call	fm_autoreg
(1) 2237/     B1D : 14                  		inc	d
(1) 2238/     B1E : CF                  		rst	8
(1) 2239/     B1F : 14                  		inc	d
(1) 2240/     B20 : 14                  		inc	d
(1) 2241/     B21 : 14                  		inc	d
(1) 2242/     B22 : 5E                  		ld	e,(hl)
(1) 2243/     B23 : 23                  		inc	hl
(1) 2244/     B24 : CD C8 11            		call	fm_autoreg
(1) 2245/     B27 : 14                  		inc	d
(1) 2246/     B28 : 14                  		inc	d
(1) 2247/     B29 : 14                  		inc	d
(1) 2248/     B2A : 14                  		inc	d
(1) 2249/     B2B : CF                  		rst	8
(1) 2250/     B2C : C9                  		ret
(1) 2251/     B2D :                     
(1) 2252/     B2D :                     ; ----------------------------------------
(1) 2253/     B2D :                     ; Write 40+ TL w/volume
(1) 2254/     B2D :                     
(1) 2255/     B2D :                     ; hl - TL reg data
(1) 2256/     B2D :                     ; b - current 0B0h
(1) 2257/     B2D :                     ; d - 40h+
(1) 2258/     B2D :                     
(1) 2259/     B2D :                     .mkfm_tlvol:
(1) 2260/     B2D : 78                  		ld	a,b			; Read 0B0h copy
(1) 2261/     B2E : C5                  		push	bc
(1) 2262/     B2F : E5                  		push	hl
(1) 2263/     B30 : 21 9C 0B            		ld	hl,.fm_cindx		; hl - jump carry list
(1) 2264/     B33 : E6 07               		and	0111b
(1) 2265/     B35 : 06 00               		ld	b,0
(1) 2266/     B37 : 4F                  		ld	c,a
(1) 2267/     B38 : 09                  		add	hl,bc
(1) 2268/     B39 : CF                  		rst	8
(1) 2269/     B3A : FD 7E 07            		ld	a,(iy+ztbl_Volume)	; Read current Volume
(1) 2270/     B3D : FD 96 08            		sub	a,(iy+ztbl_VolSlide)
(1) 2271/     B40 : FD 96 04            		sub	a,(iy+ztbl_MasterVol)	; + MASTER vol
(1) 2272/     B43 : 4F                  		ld	c,a			; c - Current Volume
(1) 2273/     B44 : 46                  		ld	b,(hl)			; b - Current jump-carry byte
(1) 2274/     B45 : E1                  		pop	hl
(1) 2275/     B46 : CB 08               		rrc	b			; OP1
(1) 2276/     B48 : DC 7F 0B            		call	c,.write_tl
(1) 2277/     B4B : D4 91 0B            		call	nc,.write_ntl
(1) 2278/     B4E : 23                  		inc	hl
(1) 2279/     B4F : 14                  		inc	d
(1) 2280/     B50 : 14                  		inc	d
(1) 2281/     B51 : CF                  		rst	8
(1) 2282/     B52 : 14                  		inc	d
(1) 2283/     B53 : 14                  		inc	d
(1) 2284/     B54 : CB 08               		rrc	b			; OP2
(1) 2285/     B56 : DC 7F 0B            		call	c,.write_tl
(1) 2286/     B59 : D4 91 0B            		call	nc,.write_ntl
(1) 2287/     B5C : 23                  		inc	hl
(1) 2288/     B5D : 14                  		inc	d
(1) 2289/     B5E : 14                  		inc	d
(1) 2290/     B5F : 14                  		inc	d
(1) 2291/     B60 : 14                  		inc	d
(1) 2292/     B61 : CB 08               		rrc	b			; OP3
(1) 2293/     B63 : DC 7F 0B            		call	c,.write_tl
(1) 2294/     B66 : D4 91 0B            		call	nc,.write_ntl
(1) 2295/     B69 : 23                  		inc	hl
(1) 2296/     B6A : CF                  		rst	8
(1) 2297/     B6B : 14                  		inc	d
(1) 2298/     B6C : 14                  		inc	d
(1) 2299/     B6D : 14                  		inc	d
(1) 2300/     B6E : 14                  		inc	d
(1) 2301/     B6F : CB 08               		rrc	b			; OP4
(1) 2302/     B71 : DC 7F 0B            		call	c,.write_tl
(1) 2303/     B74 : D4 91 0B            		call	nc,.write_ntl
(1) 2304/     B77 : 23                  		inc	hl
(1) 2305/     B78 : 14                  		inc	d
(1) 2306/     B79 : 14                  		inc	d
(1) 2307/     B7A : 14                  		inc	d
(1) 2308/     B7B : 14                  		inc	d
(1) 2309/     B7C : CF                  		rst	8
(1) 2310/     B7D : C1                  		pop	bc
(1) 2311/     B7E : C9                  		ret
(1) 2312/     B7F :                     
(1) 2313/     B7F :                     ; --------------------------------
(1) 2314/     B7F :                     
(1) 2315/     B7F :                     .write_tl:
(1) 2316/     B7F : 7E                  		ld	a,(hl)
(1) 2317/     B80 : 91                  		sub	a,c			; reg - volume
(1) 2318/     B81 : F2 86 0B            		jp	p,.keep_tlmx
(1) 2319/     B84 : 3E 7F               		ld	a,7Fh			; <-- maximum TL
(1) 2320/     B86 :                     .keep_tlmx:
(1) 2321/     B86 : C5                  		push	bc
(1) 2322/     B87 : 5F                  		ld	e,a
(1) 2323/     B88 : FD 4E 03            		ld	c,(iy+ztbl_Chip)
(1) 2324/     B8B : CD C8 11            		call	fm_autoreg
(1) 2325/     B8E : CF                  		rst	8
(1) 2326/     B8F : C1                  		pop	bc
(1) 2327/     B90 : C9                  		ret
(1) 2328/     B91 :                     
(1) 2329/     B91 :                     .write_ntl:
(1) 2330/     B91 : C5                  		push	bc
(1) 2331/     B92 : 5E                  		ld	e,(hl)
(1) 2332/     B93 : FD 4E 03            		ld	c,(iy+ztbl_Chip)
(1) 2333/     B96 : CD C8 11            		call	fm_autoreg
(1) 2334/     B99 : CF                  		rst	8
(1) 2335/     B9A : C1                  		pop	bc
(1) 2336/     B9B : C9                  		ret
(1) 2337/     B9C :                     
(1) 2338/     B9C :                     ; --------------------------------
(1) 2339/     B9C :                     ; Jump carry list
(1) 2340/     B9C :                     .fm_cindx:
(1) 2341/     B9C : 08                  		db 1000b
(1) 2342/     B9D : 08                  		db 1000b
(1) 2343/     B9E : 08                  		db 1000b
(1) 2344/     B9F : 08                  		db 1000b
(1) 2345/     BA0 : 0C                  		db 1100b
(1) 2346/     BA1 : 0E                  		db 1110b
(1) 2347/     BA2 : 0E                  		db 1110b
(1) 2348/     BA3 : 0F                  		db 1111b
(1) 2349/     BA4 :                     
(1) 2350/     BA4 :                     ; --------------------------------
(1) 2351/     BA4 :                     ; Input:
(1) 2352/     BA4 :                     ; a - FM id (0-2,4-6)
(1) 2353/     BA4 :                     ;
(1) 2354/     BA4 :                     ; Ouput:
(1) 2355/     BA4 :                     ; hl - instrument data
(1) 2356/     BA4 :                     ;
(1) 2357/     BA4 :                     ; Uses:
(1) 2358/     BA4 :                     ; de
(1) 2359/     BA4 :                     ; --------------------------------
(1) 2360/     BA4 :                     
(1) 2361/     BA4 :                     .get_fmcach:
(1) 2362/     BA4 : 21 9F 17            		ld	hl,fmcach_list
(1) 2363/     BA7 : E6 07               		and	0111b
(1) 2364/     BA9 : 16 00               		ld	d,0
(1) 2365/     BAB : 87                  		add	a,a
(1) 2366/     BAC : 5F                  		ld	e,a
(1) 2367/     BAD : CF                  		rst	8
(1) 2368/     BAE : 19                  		add	hl,de
(1) 2369/     BAF : 7E                  		ld	a,(hl)
(1) 2370/     BB0 : 23                  		inc	hl
(1) 2371/     BB1 : 66                  		ld	h,(hl)
(1) 2372/     BB2 : 6F                  		ld	l,a
(1) 2373/     BB3 : C9                  		ret
(1) 2374/     BB4 :                     
(1) 2375/     BB4 :                     ; --------------------------------
(1) 2376/     BB4 :                     ; DAC
(1) 2377/     BB4 :                     ; --------------------------------
(1) 2378/     BB4 :                     
(1) 2379/     BB4 :                     .mk_dac:
(1) 2380/     BB4 : 78                  		ld	a,b
(1) 2381/     BB5 : E6 03               		and	0011b
(1) 2382/     BB7 : 28 21               		jr	z,.dac_proc
(1) 2383/     BB9 : DD 7E 02            		ld	a,(ix+chnl_Note)
(1) 2384/     BBC : B7                  		or	a
(1) 2385/     BBD : C8                  		ret	z
(1) 2386/     BBE : FE FE               		cp	-2
(1) 2387/     BC0 : CA CE 0B            		jp	z,.dac_cut
(1) 2388/     BC3 : FE FF               		cp	-1
(1) 2389/     BC5 : CA D4 0B            		jp	z,.dac_off
(1) 2390/     BC8 : CD DA 0B            		call	.dac_proc
(1) 2391/     BCB : C3 0C 12            		jp	dac_play
(1) 2392/     BCE :                     .dac_cut:
(1) 2393/     BCE : CD F7 11            		call	dac_off
(1) 2394/     BD1 : C3 04 0F            		jp	.chnl_ulnk
(1) 2395/     BD4 :                     .dac_off:
(1) 2396/     BD4 : CD F7 11            		call	dac_off
(1) 2397/     BD7 : C3 04 0F            		jp	.chnl_ulnk
(1) 2398/     BDA :                     .dac_proc:
(1) 2399/     BDA : 16 00               		ld	d,0			; Freq index
(1) 2400/     BDC : FD 5E 05            		ld	e,(iy+ztbl_FreqIndx)
(1) 2401/     BDF : 21 88 13            		ld	hl,wavFreq_List-(2*36)
(1) 2402/     BE2 : 19                  		add	hl,de
(1) 2403/     BE3 : 7E                  		ld	a,(hl)
(1) 2404/     BE4 : 23                  		inc	hl
(1) 2405/     BE5 : 66                  		ld	h,(hl)
(1) 2406/     BE6 : 6F                  		ld	l,a
(1) 2407/     BE7 : FD 5E 06            		ld	e,(iy+ztbl_PitchBend)	; pitchbend
(1) 2408/     BEA : CF                  		rst	8
(1) 2409/     BEB : AF                  		xor	a			; Clear high
(1) 2410/     BEC : 3F                  		ccf				; Clear carry
(1) 2411/     BED : CB 23               		sla	e			; << 1
(1) 2412/     BEF : 9F                  		sbc	a,a			; Get carry MSB
(1) 2413/     BF0 : 57                  		ld	d,a
(1) 2414/     BF1 : 19                  		add	hl,de
(1) 2415/     BF2 : 22 F3 1C            		ld	(wave_Pitch),hl
(1) 2416/     BF5 : D9                  		exx				; *
(1) 2417/     BF6 : ED 5B F3 1C         		ld	de,(wave_Pitch)		; *
(1) 2418/     BFA : D9                  		exx				; *
(1) 2419/     BFB : DD 7E 00            		ld	a,(ix+chnl_Flags)	; Read panning
(1) 2420/     BFE : 2F                  		cpl				; REVERSE bits
(1) 2421/     BFF : E6 30               		and	00110000b
(1) 2422/     C01 : 07                  		rlca
(1) 2423/     C02 : 07                  		rlca
(1) 2424/     C03 : CF                  		rst	8
(1) 2425/     C04 : 5F                  		ld	e,a
(1) 2426/     C05 : 16 B6               		ld	d,0B6h			; Channel 6 panning
(1) 2427/     C07 : C3 D7 11            		jp	fm_send_2
(1) 2428/     C0A :                     
(1) 2429/     C0A :                     ; --------------------------------
(1) 2430/     C0A :                     ; PCM
(1) 2431/     C0A :                     ; --------------------------------
(1) 2432/     C0A :                     
(1) 2433/     C0A :                     .mk_pcm:
(1) 2511/     C0A : C9                  		ret
(1) 2513/     C0B :                     
(1) 2514/     C0B :                     ; --------------------------------
(1) 2515/     C0B :                     ; PWM
(1) 2516/     C0B :                     ; --------------------------------
(1) 2517/     C0B :                     
(1) 2518/     C0B :                     .mk_pwm:
(1) 2600/     C0B : C9                  		ret
(1) 2602/     C0C :                     
(1) 2603/     C0C :                     ; --------------------------------
(1) 2604/     C0C :                     ; SHARED routine
(1) 2605/     C0C :                     
(1) 2606/     C0C :                     .readfreq_pcm:
(1) 2607/     C0C : 21 EA 13            		ld	hl,wavFreq_CdPcm-(2*36)	; <-- one octave lower
(1) 2608/     C0F : 18 03               		jr	.set_wavfreq
(1) 2609/     C11 :                     .readfreq_pwm:
(1) 2610/     C11 : 21 88 13            		ld	hl,wavFreq_List-(2*36)
(1) 2611/     C14 :                     .set_wavfreq:
(1) 2612/     C14 : 16 00               		ld	d,0			; Freq index
(1) 2613/     C16 : FD 5E 05            		ld	e,(iy+ztbl_FreqIndx)
(1) 2614/     C19 : 19                  		add	hl,de
(1) 2615/     C1A : 7E                  		ld	a,(hl)
(1) 2616/     C1B : 23                  		inc	hl
(1) 2617/     C1C : 66                  		ld	h,(hl)
(1) 2618/     C1D : 6F                  		ld	l,a
(1) 2619/     C1E : FD 5E 06            		ld	e,(iy+ztbl_PitchBend)	; pitchbend
(1) 2620/     C21 : CF                  		rst	8
(1) 2621/     C22 : AF                  		xor	a			; Clear high
(1) 2622/     C23 : 3F                  		ccf				; Clear carry
(1) 2623/     C24 : CB 23               		sla	e			; Get carry MSB
(1) 2624/     C26 : 9F                  		sbc	a,a			; -1 if carry is set
(1) 2625/     C27 : 57                  		ld	d,a
(1) 2626/     C28 : 19                  		add	hl,de
(1) 2627/     C29 : C9                  		ret
(1) 2628/     C2A :                     
(1) 2629/     C2A :                     ; ----------------------------------------
(1) 2630/     C2A :                     ; NEW effect
(1) 2631/     C2A :                     ; ----------------------------------------
(1) 2632/     C2A :                     
(1) 2633/     C2A :                     .effc:
(1) 2634/     C2A : DD 5E 06            		ld	e,(ix+chnl_EffArg)	; e - effect data
(1) 2635/     C2D : DD 7E 05            		ld	a,(ix+chnl_EffId)	; d - effect id
(1) 2636/     C30 : 57                  		ld	d,a
(1) 2637/     C31 : CF                  		rst	8
(1) 2638/     C32 : FE 04               		cp	4			; Effect D?
(1) 2639/     C34 : 28 0F               		jr	z,.effc_D
(1) 2640/     C36 : FE 05               		cp	5			; Effect E?
(1) 2641/     C38 : 28 44               		jr	z,.effc_E
(1) 2642/     C3A : FE 06               		cp	6			; Effect F?
(1) 2643/     C3C : 28 4F               		jr	z,.effc_F
(1) 2644/     C3E : CF                  		rst	8
(1) 2645/     C3F : FE 18               		cp	24			; Effect X?
(1) 2646/     C41 : CA 9E 0C            		jp	z,.effc_X
(1) 2647/     C44 : C9                  		ret
(1) 2648/     C45 :                     
(1) 2649/     C45 :                     ; ----------------------------------------
(1) 2650/     C45 :                     ; Effect D: Volume slide up/down
(1) 2651/     C45 :                     ;
(1) 2652/     C45 :                     ; 00h - DON'T USE HERE
(1) 2653/     C45 :                     ;       (Original: Keep effect)
(1) 2654/     C45 :                     ; 0xh - Slide down normal
(1) 2655/     C45 :                     ; Fxh - Slide down fine
(1) 2656/     C45 :                     ; xFh - Slide up normal
(1) 2657/     C45 :                     ; x0h - Slide up fine
(1) 2658/     C45 :                     ; ----------------------------------------
(1) 2659/     C45 :                     
(1) 2660/     C45 :                     .effc_D:
(1) 2661/     C45 : 7B                  		ld	a,e
(1) 2662/     C46 : 0F                  		rrca
(1) 2663/     C47 : 0F                  		rrca
(1) 2664/     C48 : 0F                  		rrca
(1) 2665/     C49 : 0F                  		rrca
(1) 2666/     C4A : E6 0F               		and	0Fh
(1) 2667/     C4C : 4F                  		ld	c,a
(1) 2668/     C4D :                     	; e - DOWN value: ????dddd
(1) 2669/     C4D :                     	; c - UP value:   0000uuuu
(1) 2670/     C4D :                     
(1) 2671/     C4D : 7B                  		ld	a,e
(1) 2672/     C4E : B7                  		or	a
(1) 2673/     C4F : C8                  		ret	z
(1) 2674/     C50 : E6 F0               		and	0F0h		; 0Xh
(1) 2675/     C52 : 28 1D               		jr	z,.D_down
(1) 2676/     C54 : FE F0               		cp	0F0h		; FXh
(1) 2677/     C56 : 28 14               		jr	z,.D_downhf
(1) 2678/     C58 : 7B                  		ld	a,e
(1) 2679/     C59 : E6 0F               		and	00Fh		; X0h
(1) 2680/     C5B : 28 06               		jr	z,.D_up
(1) 2681/     C5D : FE 0F               		cp	00Fh		; XFh
(1) 2682/     C5F : C0                  		ret	nz
(1) 2683/     C60 :                     ; 		jr	z,.D_uphf
(1) 2684/     C60 :                     ; Go UP
(1) 2685/     C60 :                     .D_uphf:
(1) 2686/     C60 : 79                  		ld	a,c
(1) 2687/     C61 : 18 02               		jr	.setefU_D
(1) 2688/     C63 :                     .D_up:
(1) 2689/     C63 : 79                  		ld	a,c
(1) 2690/     C64 : 87                  		add	a,a
(1) 2691/     C65 :                     .setefU_D:
(1) 2692/     C65 : 5F                  		ld	e,a
(1) 2693/     C66 : FD 7E 08            		ld	a,(iy+ztbl_VolSlide)
(1) 2694/     C69 : 93                  		sub	a,e
(1) 2695/     C6A : 18 0E               		jr	.setef_mcD
(1) 2696/     C6C :                     ; Go DOWN
(1) 2697/     C6C :                     .D_downhf:
(1) 2698/     C6C : 7B                  		ld	a,e
(1) 2699/     C6D : E6 0F               		and	0Fh
(1) 2700/     C6F : 18 04               		jr	.setef_D
(1) 2701/     C71 :                     .D_down:
(1) 2702/     C71 : 7B                  		ld	a,e
(1) 2703/     C72 : E6 0F               		and	0Fh
(1) 2704/     C74 : 87                  		add	a,a
(1) 2705/     C75 :                     .setef_D:
(1) 2706/     C75 : 5F                  		ld	e,a
(1) 2707/     C76 : FD 7E 08            		ld	a,(iy+ztbl_VolSlide)
(1) 2708/     C79 : 83                  		add	a,e
(1) 2709/     C7A :                     ; 		jr	.setef_mcD
(1) 2710/     C7A :                     
(1) 2711/     C7A :                     ; Write slide
(1) 2712/     C7A :                     .setef_mcD:
(1) 2713/     C7A : FD 77 08            		ld	(iy+ztbl_VolSlide),a
(1) 2714/     C7D : C9                  		ret
(1) 2715/     C7E :                     
(1) 2716/     C7E :                     ; ----------------------------------------
(1) 2717/     C7E :                     ; Effect E
(1) 2718/     C7E :                     ; ----------------------------------------
(1) 2719/     C7E :                     
(1) 2720/     C7E :                     .effc_E:
(1) 2721/     C7E : 7B                  		ld	a,e
(1) 2722/     C7F : E6 F0               		and	0F0h
(1) 2723/     C81 : FE F0               		cp	0F0h
(1) 2724/     C83 : C8                  		ret	z
(1) 2725/     C84 : FE E0               		cp	0E0h
(1) 2726/     C86 : C8                  		ret	z
(1) 2727/     C87 : CF                  		rst	8
(1) 2728/     C88 : 7B                  		ld	a,e
(1) 2729/     C89 : ED 44               		neg	a
(1) 2730/     C8B : 18 0B               		jr	.wrt_EF
(1) 2731/     C8D :                     
(1) 2732/     C8D :                     ; ----------------------------------------
(1) 2733/     C8D :                     ; Effect F
(1) 2734/     C8D :                     ; ----------------------------------------
(1) 2735/     C8D :                     
(1) 2736/     C8D :                     .effc_F:
(1) 2737/     C8D : 7B                  		ld	a,e
(1) 2738/     C8E : E6 F0               		and	0F0h
(1) 2739/     C90 : FE F0               		cp	0F0h
(1) 2740/     C92 : C8                  		ret	z
(1) 2741/     C93 : FE E0               		cp	0E0h
(1) 2742/     C95 : C8                  		ret	z
(1) 2743/     C96 : CF                  		rst	8
(1) 2744/     C97 : 7B                  		ld	a,e
(1) 2745/     C98 :                     .wrt_EF:
(1) 2746/     C98 : 87                  		add	a,a
(1) 2747/     C99 : 87                  		add	a,a
(1) 2748/     C9A : FD 77 06            		ld	(iy+ztbl_PitchBend),a
(1) 2749/     C9D : C9                  		ret
(1) 2750/     C9E :                     
(1) 2751/     C9E :                     ; ----------------------------------------
(1) 2752/     C9E :                     ; Effect X
(1) 2753/     C9E :                     ;
(1) 2754/     C9E :                     ; Common panning values:
(1) 2755/     C9E :                     ;  00h LEFT
(1) 2756/     C9E :                     ;  80h MIDDLE
(1) 2757/     C9E :                     ; 0FFh RIGHT
(1) 2758/     C9E :                     ; ----------------------------------------
(1) 2759/     C9E :                     
(1) 2760/     C9E :                     .effc_X:
(1) 2761/     C9E : 16 00               		ld	d,0
(1) 2762/     CA0 : 7E                  		ld	a,(hl)
(1) 2763/     CA1 : E6 F0               		and	11110000b
(1) 2764/     CA3 : FE 80               		cp	80h		; PSG?
(1) 2765/     CA5 : 28 19               		jr	z,.res_pan
(1) 2766/     CA7 : FE 90               		cp	90h		; PSGN?
(1) 2767/     CA9 : 28 15               		jr	z,.res_pan
(1) 2768/     CAB : FE D0               		cp	0D0h		; MCD: write separate PAN values
(1) 2769/     CAD : CC CA 0C            		call	z,.pan_mcd	; <-- CALL, not JP
(1) 2770/     CB0 :                     
(1) 2771/     CB0 :                     	; ----------------------------------------
(1) 2772/     CB0 :                     	; Common panning bits: %00LR0000
(1) 2773/     CB0 :                     	; (REVERSE: 0-on 1-off)
(1) 2774/     CB0 : CF                  		rst	8
(1) 2775/     CB1 : E5                  		push	hl
(1) 2776/     CB2 : 21 ED 0C            		ld	hl,.comn_panlist
(1) 2777/     CB5 : 7B                  		ld	a,e
(1) 2778/     CB6 : 07                  		rlca
(1) 2779/     CB7 : 07                  		rlca
(1) 2780/     CB8 : 07                  		rlca
(1) 2781/     CB9 : E6 07               		and	0111b
(1) 2782/     CBB :                     ; 		ld	d,0
(1) 2783/     CBB : 5F                  		ld	e,a
(1) 2784/     CBC : CF                  		rst	8
(1) 2785/     CBD : 19                  		add	hl,de
(1) 2786/     CBE : 56                  		ld	d,(hl)
(1) 2787/     CBF : E1                  		pop	hl
(1) 2788/     CC0 :                     .res_pan:
(1) 2789/     CC0 : DD 7E 00            		ld	a,(ix+chnl_Flags)	; Save panning
(1) 2790/     CC3 : E6 CF               		and	11001111b
(1) 2791/     CC5 : B2                  		or	d
(1) 2792/     CC6 : DD 77 00            		ld	(ix+chnl_Flags),a
(1) 2793/     CC9 : C9                  		ret
(1) 2794/     CCA :                     
(1) 2795/     CCA :                     	; ----------------------------------------
(1) 2796/     CCA :                     	; MCD panning
(1) 2797/     CCA :                     .pan_mcd:
(1) 2798/     CCA : E5                  		push	hl
(1) 2799/     CCB : D5                  		push	de
(1) 2800/     CCC : 16 00               		ld	d,0
(1) 2801/     CCE : 21 F5 0C            		ld	hl,.pcm_panlist
(1) 2802/     CD1 : 7B                  		ld	a,e
(1) 2803/     CD2 : E6 F8               		and	0F8h
(1) 2804/     CD4 : 0F                  		rrca
(1) 2805/     CD5 : 0F                  		rrca
(1) 2806/     CD6 : 0F                  		rrca
(1) 2807/     CD7 : 5F                  		ld	e,a
(1) 2808/     CD8 : 19                  		add	hl,de
(1) 2809/     CD9 : 7E                  		ld	a,(hl)
(1) 2810/     CDA : 21 CA 14            		ld	hl,pcmcom+32
(1) 2811/     CDD : 16 00               		ld	d,0
(1) 2812/     CDF : FD 5E 03            		ld	e,(iy+ztbl_Chip)
(1) 2813/     CE2 : 19                  		add	hl,de
(1) 2814/     CE3 : 2F                  		cpl
(1) 2815/     CE4 : 77                  		ld	(hl),a
(1) 2816/     CE5 : D1                  		pop	de
(1) 2817/     CE6 : E1                  		pop	hl
(1) 2818/     CE7 : 3E 01               		ld	a,1
(1) 2819/     CE9 : 32 A6 17            		ld	(mcdUpd),a
(1) 2820/     CEC : C9                  		ret
(1) 2821/     CED :                     
(1) 2822/     CED :                     ; 0 - ENABLE, 1 - DISABLE
(1) 2823/     CED :                     ; 00LR0000b
(1) 2824/     CED :                     .comn_panlist:
(1) 2825/     CED : 10                  		db 00010000b
(1) 2826/     CEE : 10                  		db 00010000b
(1) 2827/     CEF : 10                  		db 00010000b
(1) 2828/     CF0 : 00                  		db 00000000b
(1) 2829/     CF1 : 00                  		db 00000000b
(1) 2830/     CF2 : 20                  		db 00100000b
(1) 2831/     CF3 : 20                  		db 00100000b
(1) 2832/     CF4 : 20                  		db 00100000b
(1) 2833/     CF5 :                     
(1) 2834/     CF5 :                     ; REVERSE OUTPUT BITS
(1) 2835/     CF5 :                     ; RRRR | LLLL
(1) 2836/     CF5 :                     .pcm_panlist:
(1) 2837/     CF5 : F0                  		db 0F0h	; 00h
(1) 2838/     CF6 : E0                  		db 0E0h
(1) 2839/     CF7 : D0                  		db 0D0h	; 10h
(1) 2840/     CF8 : C0                  		db 0C0h
(1) 2841/     CF9 : B0                  		db 0B0h	; 20h
(1) 2842/     CFA : A0                  		db 0A0h
(1) 2843/     CFB : 90                  		db 090h	; 30h
(1) 2844/     CFC : 80                  		db 080h
(1) 2845/     CFD : 70                  		db 070h	; 40h
(1) 2846/     CFE : 60                  		db 060h
(1) 2847/     CFF : 50                  		db 050h	; 50h
(1) 2848/     D00 : 40                  		db 040h
(1) 2849/     D01 : 30                  		db 030h	; 60h
(1) 2850/     D02 : 20                  		db 020h
(1) 2851/     D03 : 10                  		db 010h	; 70h
(1) 2852/     D04 : 00                  		db 000h
(1) 2853/     D05 : 00                  		db 000h ; 80h
(1) 2854/     D06 : 01                  		db 001h
(1) 2855/     D07 : 02                  		db 002h ; 90h
(1) 2856/     D08 : 03                  		db 003h
(1) 2857/     D09 : 04                  		db 004h ; A0h
(1) 2858/     D0A : 05                  		db 005h
(1) 2859/     D0B : 06                  		db 006h ; B0h
(1) 2860/     D0C : 07                  		db 007h
(1) 2861/     D0D : 08                  		db 008h ; C0h
(1) 2862/     D0E : 09                  		db 009h
(1) 2863/     D0F : 0A                  		db 00Ah ; D0h
(1) 2864/     D10 : 0B                  		db 00Bh
(1) 2865/     D11 : 0C                  		db 00Ch ; E0h
(1) 2866/     D12 : 0D                  		db 00Dh
(1) 2867/     D13 : 0E                  		db 00Eh ; F0h
(1) 2868/     D14 : 0F                  		db 00Fh
(1) 2869/     D15 :                     
(1) 2870/     D15 :                     ; ----------------------------------------
(1) 2871/     D15 :                     ; NEW volume
(1) 2872/     D15 :                     ; ----------------------------------------
(1) 2873/     D15 :                     
(1) 2874/     D15 :                     .volu:
(1) 2875/     D15 : DD 7E 04            		ld	a,(ix+chnl_Vol)
(1) 2876/     D18 : D6 40               		sub	a,64
(1) 2877/     D1A : FD 77 07            		ld	(iy+ztbl_Volume),a	; BASE volume
(1) 2878/     D1D : C9                  		ret
(1) 2879/     D1E :                     
(1) 2880/     D1E :                     ; ----------------------------------------
(1) 2881/     D1E :                     ; NEW instrument
(1) 2882/     D1E :                     ; ----------------------------------------
(1) 2883/     D1E :                     
(1) 2884/     D1E :                     .inst:
(1) 2885/     D1E : 7E                  		ld	a,(hl)
(1) 2886/     D1F : E6 F0               		and	11110000b
(1) 2887/     D21 : FE 80               		cp	080h
(1) 2888/     D23 : 28 24               		jr	z,.ins_psg
(1) 2889/     D25 : FE 90               		cp	090h
(1) 2890/     D27 : 28 1A               		jr	z,.ins_psgn
(1) 2891/     D29 : FE A0               		cp	0A0h
(1) 2892/     D2B : 28 52               		jr	z,.ins_fm
(1) 2893/     D2D : CF                  		rst	8
(1) 2894/     D2E : FE B0               		cp	0B0h
(1) 2895/     D30 : 28 4D               		jr	z,.ins_fm
(1) 2896/     D32 : FE C0               		cp	0C0h
(1) 2897/     D34 : CA DC 0D            		jp	z,.ins_dac
(1) 2898/     D37 : FE D0               		cp	0D0h
(1) 2899/     D39 : CA 30 0E            		jp	z,.ins_pcm
(1) 2900/     D3C : FE E0               		cp	0E0h
(1) 2901/     D3E : CA 6F 0E            		jp	z,.ins_pwm
(1) 2902/     D41 : CF                  		rst	8
(1) 2903/     D42 :                     .invl_ins:
(1) 2904/     D42 : C9                  		ret
(1) 2905/     D43 :                     
(1) 2906/     D43 :                     ; ----------------------------------------
(1) 2907/     D43 :                     ; PSG
(1) 2908/     D43 :                     
(1) 2909/     D43 :                     .ins_psgn:
(1) 2910/     D43 : 7E                  		ld	a,(hl)		; Grab noise setting
(1) 2911/     D44 : E6 07               		and	0111b
(1) 2912/     D46 : 32 2F 00            		ld	(psgHatMode),a	; ** GLOBAL SETTING
(1) 2913/     D49 :                     .ins_psg:
(1) 2914/     D49 : CF                  		rst	8
(1) 2915/     D4A : DD E5               		push	ix
(1) 2916/     D4C : E5                  		push	hl
(1) 2917/     D4D : 23                  		inc	hl		; Skip ID
(1) 2918/     D4E : DD 21 22 15         		ld	ix,psgcom	; Read psg control
(1) 2919/     D52 : FD 5E 03            		ld	e,(iy+ztbl_Chip)
(1) 2920/     D55 : 16 00               		ld	d,0
(1) 2921/     D57 : DD 19               		add	ix,de
(1) 2922/     D59 : 7E                  		ld	a,(hl)
(1) 2923/     D5A : CF                  		rst	8
(1) 2924/     D5B : 23                  		inc	hl
(1) 2925/     D5C : 7E                  		ld	a,(hl)
(1) 2926/     D5D : DD 77 24            		ld	(ix+ALV),a	; ALV
(1) 2927/     D60 : 23                  		inc	hl
(1) 2928/     D61 : 7E                  		ld	a,(hl)
(1) 2929/     D62 : DD 77 08            		ld	(ix+ATK),a	; ATK
(1) 2930/     D65 : 23                  		inc	hl
(1) 2931/     D66 : 7E                  		ld	a,(hl)
(1) 2932/     D67 : CF                  		rst	8
(1) 2933/     D68 : DD 77 10            		ld	(ix+SLV),a	; SLV
(1) 2934/     D6B : 23                  		inc	hl
(1) 2935/     D6C : 7E                  		ld	a,(hl)
(1) 2936/     D6D : DD 77 0C            		ld	(ix+DKY),a	; DKY
(1) 2937/     D70 : 23                  		inc	hl
(1) 2938/     D71 : 7E                  		ld	a,(hl)
(1) 2939/     D72 : DD 77 14            		ld	(ix+RRT),a	; RRT
(1) 2940/     D75 : 23                  		inc	hl
(1) 2941/     D76 : 7E                  		ld	a,(hl)
(1) 2942/     D77 : CF                  		rst	8
(1) 2943/     D78 : DD 77 2C            		ld	(ix+ARP),a	; ARP
(1) 2944/     D7B : E1                  		pop	hl
(1) 2945/     D7C : DD E1               		pop	ix
(1) 2946/     D7E : C9                  		ret
(1) 2947/     D7F :                     
(1) 2948/     D7F :                     ; ----------------------------------------
(1) 2949/     D7F :                     ; FM/FM3
(1) 2950/     D7F :                     
(1) 2951/     D7F :                     .ins_fm:
(1) 2952/     D7F : FD 7E 03            		ld	a,(iy+ztbl_Chip)
(1) 2953/     D82 : E6 07               		and	0111b
(1) 2954/     D84 : 16 00               		ld	d,0
(1) 2955/     D86 : 87                  		add	a,a
(1) 2956/     D87 : 5F                  		ld	e,a
(1) 2957/     D88 : DD E5               		push	ix
(1) 2958/     D8A : E5                  		push	hl
(1) 2959/     D8B : C5                  		push	bc
(1) 2960/     D8C : DD 21 9F 17         		ld	ix,fmcach_list
(1) 2961/     D90 : DD 19               		add	ix,de
(1) 2962/     D92 : CF                  		rst	8
(1) 2963/     D93 : DD 5E 00            		ld	e,(ix)
(1) 2964/     D96 : DD 23               		inc	ix
(1) 2965/     D98 : DD 56 00            		ld	d,(ix)
(1) 2966/     D9B :                     
(1) 2967/     D9B : DD 21 4E 16         		ld	ix,fmlist_rsave
(1) 2968/     D9F : FD 7E 03            		ld	a,(iy+ztbl_Chip)
(1) 2969/     DA2 : 87                  		add	a,a
(1) 2970/     DA3 : 87                  		add	a,a
(1) 2971/     DA4 : 06 00               		ld	b,0
(1) 2972/     DA6 : 4F                  		ld	c,a
(1) 2973/     DA7 : DD 09               		add	ix,bc
(1) 2974/     DA9 : 23                  		inc	hl			; Skip id and pitch
(1) 2975/     DAA : 23                  		inc	hl
(1) 2976/     DAB : 46                  		ld	b,(hl)
(1) 2977/     DAC : 23                  		inc	hl
(1) 2978/     DAD : 7E                  		ld	a,(hl)
(1) 2979/     DAE : 23                  		inc	hl
(1) 2980/     DAF : 6E                  		ld	l,(hl)
(1) 2981/     DB0 : 67                  		ld	h,a
(1) 2982/     DB1 :                     	;   ix - last MID and LOW bytes
(1) 2983/     DB1 :                     	;   de - current FM cache
(1) 2984/     DB1 :                     	; b,hl - 24-bit ROM address
(1) 2985/     DB1 : DD 7E 02            		ld	a,(ix+2)
(1) 2986/     DB4 : B8                  		cp	b
(1) 2987/     DB5 : 20 0E               		jr	nz,.new_romdat
(1) 2988/     DB7 : CF                  		rst	8
(1) 2989/     DB8 : DD 7E 01            		ld	a,(ix+1)
(1) 2990/     DBB : BC                  		cp	h
(1) 2991/     DBC : 20 07               		jr	nz,.new_romdat
(1) 2992/     DBE : DD 7E 00            		ld	a,(ix)
(1) 2993/     DC1 : BD                  		cp	l
(1) 2994/     DC2 : 28 13               		jr	z,.same_patch
(1) 2995/     DC4 : CF                  		rst	8
(1) 2996/     DC5 :                     .new_romdat:
(1) 2997/     DC5 : DD 70 02            		ld	(ix+2),b
(1) 2998/     DC8 : DD 74 01            		ld	(ix+1),h
(1) 2999/     DCB : DD 75 00            		ld	(ix),l
(1) 3000/     DCE : E7                  		rst	20h			; TODO
(1) 3001/     DCF : CF                  		rst	8
(1) 3002/     DD0 : 78                  		ld	a,b
(1) 3003/     DD1 : 01 28 00            		ld	bc,28h			; <- size
(1) 3004/     DD4 : CD AE 0F            		call	readRom			; *** ROM ACCESS ***
(1) 3005/     DD7 :                     .same_patch:
(1) 3006/     DD7 : C1                  		pop	bc
(1) 3007/     DD8 : E1                  		pop	hl
(1) 3008/     DD9 : DD E1               		pop	ix
(1) 3009/     DDB : C9                  		ret
(1) 3010/     DDC :                     
(1) 3011/     DDC :                     ; ----------------------------------------
(1) 3012/     DDC :                     
(1) 3013/     DDC :                     .ins_dac:
(1) 3014/     DDC : E5                  		push	hl
(1) 3015/     DDD : C5                  		push	bc
(1) 3016/     DDE : CD F7 11            		call	dac_off
(1) 3017/     DE1 : 7E                  		ld	a,(hl)
(1) 3018/     DE2 : E6 0F               		and	00001111b
(1) 3019/     DE4 : 32 F5 1C            		ld	(wave_Flags),a
(1) 3020/     DE7 : CF                  		rst	8
(1) 3021/     DE8 : 23                  		inc	hl
(1) 3022/     DE9 : 23                  		inc	hl
(1) 3023/     DEA : 5E                  		ld	e,(hl)
(1) 3024/     DEB : 23                  		inc	hl
(1) 3025/     DEC : 7E                  		ld	a,(hl)
(1) 3026/     DED : 23                  		inc	hl
(1) 3027/     DEE : 6E                  		ld	l,(hl)
(1) 3028/     DEF : 67                  		ld	h,a
(1) 3029/     DF0 : E5                  		push	hl
(1) 3030/     DF1 : 7B                  		ld	a,e
(1) 3031/     DF2 : 01 06 00            		ld	bc,6		; Skip head
(1) 3032/     DF5 : 09                  		add	hl,bc
(1) 3033/     DF6 : CE 00               		adc	a,0
(1) 3034/     DF8 : 22 EA 1C            		ld	(wave_Start),hl	; Set START point
(1) 3035/     DFB : 32 EC 1C            		ld	(wave_Start+2),a
(1) 3036/     DFE : E1                  		pop	hl
(1) 3037/     DFF : 7B                  		ld	a,e
(1) 3038/     E00 : 11 C3 17            		ld	de,sampleHead
(1) 3039/     E03 : 01 06 00            		ld	bc,6
(1) 3040/     E06 : D5                  		push	de
(1) 3041/     E07 : CF                  		rst	8
(1) 3042/     E08 : CD AE 0F            		call	readRom	; *** ROM ACCESS ***
(1) 3043/     E0B : E1                  		pop	hl
(1) 3044/     E0C :                     	; hl - temporal header
(1) 3045/     E0C : 5E                  		ld	e,(hl)
(1) 3046/     E0D : 23                  		inc	hl
(1) 3047/     E0E : 56                  		ld	d,(hl)
(1) 3048/     E0F : 23                  		inc	hl
(1) 3049/     E10 : 7E                  		ld	a,(hl)
(1) 3050/     E11 : 23                  		inc	hl
(1) 3051/     E12 : ED 53 ED 1C         		ld	(wave_Len),de	; LEN
(1) 3052/     E16 : 32 EF 1C            		ld	(wave_Len+2),a
(1) 3053/     E19 : 5E                  		ld	e,(hl)
(1) 3054/     E1A : 23                  		inc	hl
(1) 3055/     E1B : CF                  		rst	8
(1) 3056/     E1C : 56                  		ld	d,(hl)
(1) 3057/     E1D : 23                  		inc	hl
(1) 3058/     E1E : 7E                  		ld	a,(hl)
(1) 3059/     E1F : 23                  		inc	hl
(1) 3060/     E20 : ED 53 F0 1C         		ld	(wave_Loop),de	; LOOP
(1) 3061/     E24 : 32 F2 1C            		ld	(wave_Loop+2),a
(1) 3062/     E27 : 11 06 28            		ld	de,2806h	; keys off
(1) 3063/     E2A : CD CC 11            		call	fm_send_1
(1) 3064/     E2D : C1                  		pop	bc
(1) 3065/     E2E : E1                  		pop	hl
(1) 3066/     E2F :                     ; .same_dac:
(1) 3067/     E2F : C9                  		ret
(1) 3068/     E30 :                     
(1) 3069/     E30 :                     ; ----------------------------------------
(1) 3070/     E30 :                     
(1) 3071/     E30 :                     .ins_pcm:
(1) 3072/     E30 : DD E5               		push	ix
(1) 3073/     E32 : E5                  		push	hl
(1) 3074/     E33 : C5                  		push	bc
(1) 3075/     E34 : 7E                  		ld	a,(hl)		; Stereo|Loop bits
(1) 3076/     E35 : E6 01               		and	00000001b	; Read loop bit
(1) 3077/     E37 : 0F                  		rrca			; Move to MSB
(1) 3078/     E38 : CF                  		rst	8
(1) 3079/     E39 : 23                  		inc	hl		; Skip ID and Pitch
(1) 3080/     E3A : 23                  		inc	hl
(1) 3081/     E3B : 5E                  		ld	e,(hl)		; Read 24-bit pointer
(1) 3082/     E3C : B3                  		or	e
(1) 3083/     E3D : 5F                  		ld	e,a
(1) 3084/     E3E : 23                  		inc	hl
(1) 3085/     E3F : 7E                  		ld	a,(hl)
(1) 3086/     E40 : 23                  		inc	hl
(1) 3087/     E41 : 6E                  		ld	l,(hl)
(1) 3088/     E42 : 67                  		ld	h,a
(1) 3089/     E43 :                     	; d    - Loop enable bit
(1) 3090/     E43 :                     	; e,hl - 24-bit pointer + loop bit
(1) 3091/     E43 : CF                  		rst	8
(1) 3092/     E44 : DD 21 AA 14         		ld	ix,pcmcom
(1) 3093/     E48 : 06 00               		ld	b,0
(1) 3094/     E4A : FD 4E 03            		ld	c,(iy+ztbl_Chip)
(1) 3095/     E4D : DD 09               		add	ix,bc
(1) 3096/     E4F : 01 28 00            		ld	bc,40		; Go to 40
(1) 3097/     E52 : DD 09               		add	ix,bc
(1) 3098/     E54 : 01 08 00            		ld	bc,8
(1) 3099/     E57 : DD 73 00            		ld	(ix),e		; Write 24-bit pointer
(1) 3100/     E5A : DD 09               		add	ix,bc
(1) 3101/     E5C : DD 74 00            		ld	(ix),h
(1) 3102/     E5F : DD 09               		add	ix,bc
(1) 3103/     E61 : CF                  		rst	8
(1) 3104/     E62 : DD 75 00            		ld	(ix),l
(1) 3105/     E65 : C1                  		pop	bc
(1) 3106/     E66 : E1                  		pop	hl
(1) 3107/     E67 : DD E1               		pop	ix
(1) 3108/     E69 : 3E 01               		ld	a,1
(1) 3109/     E6B : 32 A6 17            		ld	(mcdUpd),a
(1) 3110/     E6E : C9                  		ret
(1) 3111/     E6F :                     
(1) 3112/     E6F :                     ; ----------------------------------------
(1) 3113/     E6F :                     
(1) 3114/     E6F :                     .ins_pwm:
(1) 3115/     E6F : DD E5               		push	ix
(1) 3116/     E71 : E5                  		push	hl
(1) 3117/     E72 : C5                  		push	bc
(1) 3118/     E73 : 7E                  		ld	a,(hl)		; Stereo|Loop bits
(1) 3119/     E74 : E6 03               		and	00000011b
(1) 3120/     E76 : 0F                  		rrca
(1) 3121/     E77 : 0F                  		rrca
(1) 3122/     E78 : 4F                  		ld	c,a
(1) 3123/     E79 : CF                  		rst	8
(1) 3124/     E7A : 23                  		inc	hl		; Skip ID and Pitch
(1) 3125/     E7B : 23                  		inc	hl
(1) 3126/     E7C : 56                  		ld	d,(hl)
(1) 3127/     E7D : 23                  		inc	hl
(1) 3128/     E7E : 5E                  		ld	e,(hl)
(1) 3129/     E7F : 23                  		inc	hl
(1) 3130/     E80 : 7E                  		ld	a,(hl)
(1) 3131/     E81 : 23                  		inc	hl
(1) 3132/     E82 : 6E                  		ld	l,(hl)
(1) 3133/     E83 : 67                  		ld	h,a
(1) 3134/     E84 : 79                  		ld	a,c
(1) 3135/     E85 : B2                  		or	d
(1) 3136/     E86 : 57                  		ld	d,a
(1) 3137/     E87 : CF                  		rst	8
(1) 3138/     E88 :                     	; de,hl - 32-bit PWM pointer
(1) 3139/     E88 : DD 21 EA 14         		ld	ix,pwmcom
(1) 3140/     E8C : 06 00               		ld	b,0
(1) 3141/     E8E : FD 4E 03            		ld	c,(iy+ztbl_Chip)
(1) 3142/     E91 : DD 09               		add	ix,bc
(1) 3143/     E93 : 01 18 00            		ld	bc,24
(1) 3144/     E96 : DD 09               		add	ix,bc		; Move to PWOUTF
(1) 3145/     E98 : 01 08 00            		ld	bc,8
(1) 3146/     E9B : DD 72 00            		ld	(ix),d
(1) 3147/     E9E : DD 09               		add	ix,bc
(1) 3148/     EA0 : DD 73 00            		ld	(ix),e
(1) 3149/     EA3 : DD 09               		add	ix,bc
(1) 3150/     EA5 : DD 74 00            		ld	(ix),h
(1) 3151/     EA8 : CF                  		rst	8
(1) 3152/     EA9 : DD 09               		add	ix,bc
(1) 3153/     EAB : DD 75 00            		ld	(ix),l
(1) 3154/     EAE : C1                  		pop	bc
(1) 3155/     EAF : E1                  		pop	hl
(1) 3156/     EB0 : DD E1               		pop	ix
(1) 3157/     EB2 : 3E 01               		ld	a,1
(1) 3158/     EB4 : 32 A5 17            		ld	(marsUpd),a
(1) 3159/     EB7 : C9                  		ret
(1) 3160/     EB8 :                     
(1) 3161/     EB8 :                     ; ----------------------------------------
(1) 3162/     EB8 :                     ; NEW note
(1) 3163/     EB8 :                     ; ----------------------------------------
(1) 3164/     EB8 :                     
(1) 3165/     EB8 :                     .note:
(1) 3166/     EB8 : 78                  		ld	a,b			; Volume bit?
(1) 3167/     EB9 : E6 04               		and	0100b
(1) 3168/     EBB : 20 05               		jr	nz,.fm_hasvol
(1) 3169/     EBD : FD 36 07 00         		ld	(iy+ztbl_Volume),0	; Reset to default volume
(1) 3170/     EC1 : CF                  		rst	8
(1) 3171/     EC2 :                     .fm_hasvol:
(1) 3172/     EC2 : DD 7E 02            		ld	a,(ix+chnl_Note)
(1) 3173/     EC5 : 4F                  		ld	c,a
(1) 3174/     EC6 : FE FF               		cp	-1
(1) 3175/     EC8 : C8                  		ret	z
(1) 3176/     EC9 : FE FE               		cp	-2
(1) 3177/     ECB : C8                  		ret	z
(1) 3178/     ECC : CF                  		rst	8
(1) 3179/     ECD : 7E                  		ld	a,(hl)
(1) 3180/     ECE : E6 F0               		and	11110000b
(1) 3181/     ED0 : FE A0               		cp	0A0h
(1) 3182/     ED2 : 28 0B               		jr	z,.n_fm
(1) 3183/     ED4 :                     
(1) 3184/     ED4 :                     ; --------------------------------
(1) 3185/     ED4 :                     
(1) 3186/     ED4 :                     .n_indx:
(1) 3187/     ED4 : 79                  		ld	a,c
(1) 3188/     ED5 :                     .n_stfreq:
(1) 3189/     ED5 : 23                  		inc	hl			; Skip ID
(1) 3190/     ED6 : 5E                  		ld	e,(hl)			; Read pitch
(1) 3191/     ED7 : 2B                  		dec	hl
(1) 3192/     ED8 : 83                  		add	a,e			; Note + pitch
(1) 3193/     ED9 : CF                  		rst	8
(1) 3194/     EDA : 87                  		add	a,a			; * 2
(1) 3195/     EDB : FD 77 05            		ld	(iy+ztbl_FreqIndx),a
(1) 3196/     EDE : C9                  		ret
(1) 3197/     EDF :                     
(1) 3198/     EDF :                     ; --------------------------------
(1) 3199/     EDF :                     ; FM custom search
(1) 3200/     EDF :                     
(1) 3201/     EDF :                     .n_fm:
(1) 3202/     EDF : 79                  		ld	a,c
(1) 3203/     EE0 : 23                  		inc	hl		; Skip ID
(1) 3204/     EE1 : 5E                  		ld	e,(hl)		; Read pitch
(1) 3205/     EE2 : 2B                  		dec	hl
(1) 3206/     EE3 : CF                  		rst	8
(1) 3207/     EE4 : 83                  		add	a,e		; Note + pitch
(1) 3208/     EE5 :                     	; Search for octave and note...
(1) 3209/     EE5 : 0E 00               		ld	c,0		; c - octave
(1) 3210/     EE7 : 16 07               		ld	d,7
(1) 3211/     EE9 :                     .get_oct:
(1) 3212/     EE9 : 5F                  		ld	e,a		; e - note
(1) 3213/     EEA : D6 0C               		sub	12
(1) 3214/     EEC : FA F3 0E            		jp	m,.fnd_oct
(1) 3215/     EEF : 0C                  		inc	c
(1) 3216/     EF0 : 15                  		dec	d
(1) 3217/     EF1 : 20 F6               		jr	nz,.get_oct
(1) 3218/     EF3 :                     .fnd_oct:
(1) 3219/     EF3 : CF                  		rst	8
(1) 3220/     EF4 : 7B                  		ld	a,e
(1) 3221/     EF5 : 87                  		add	a,a			; Note * 2
(1) 3222/     EF6 : E6 1F               		and	00011111b
(1) 3223/     EF8 : CB 09               		rrc	c
(1) 3224/     EFA : CB 09               		rrc	c
(1) 3225/     EFC : CB 09               		rrc	c
(1) 3226/     EFE : CF                  		rst	8
(1) 3227/     EFF : B1                  		or	c
(1) 3228/     F00 : FD 77 05            		ld	(iy+ztbl_FreqIndx),a	; Save octave + index: OOOiiiiib
(1) 3229/     F03 : C9                  		ret
(1) 3230/     F04 :                     
(1) 3231/     F04 :                     ; ----------------------------------------
(1) 3232/     F04 :                     ; Unlock channel
(1) 3233/     F04 :                     ; ----------------------------------------
(1) 3234/     F04 :                     
(1) 3235/     F04 :                     .chnl_ulnk:
(1) 3236/     F04 : DD 56 01            		ld	d,(ix+chnl_Chip)
(1) 3237/     F07 : CF                  		rst	8
(1) 3238/     F08 : FD E5               		push	iy
(1) 3239/     F0A : E1                  		pop	hl
(1) 3240/     F0B :                     
(1) 3241/     F0B :                     ; ----------------------------------------
(1) 3242/     F0B :                     ; Reset all table
(1) 3243/     F0B :                     ;
(1) 3244/     F0B :                     ; Input:
(1) 3245/     F0B :                     ; hl - Channel table
(1) 3246/     F0B :                     ; d  - Silence chip
(1) 3247/     F0B :                     ;
(1) 3248/     F0B :                     ; Uses:
(1) 3249/     F0B :                     ; b,de,hl
(1) 3250/     F0B :                     ; ----------------------------------------
(1) 3251/     F0B :                     
(1) 3252/     F0B :                     tblz_clear:
(1) 3253/     F0B : 06 0E               		ld	b,MAX_TBLSIZE-4
(1) 3254/     F0D : AF                  		xor	a
(1) 3255/     F0E : 77                  		ld	(hl),a			; 0 - Delete link
(1) 3256/     F0F : 23                  		inc	hl
(1) 3257/     F10 : 77                  		ld	(hl),a
(1) 3258/     F11 : 23                  		inc	hl
(1) 3259/     F12 : 72                  		ld	(hl),d			; 2 - Write silence request
(1) 3260/     F13 : 23                  		inc	hl
(1) 3261/     F14 : 23                  		inc	hl			; 3 - skip ID
(1) 3262/     F15 :                     .clr_all:
(1) 3263/     F15 : 77                  		ld	(hl),a
(1) 3264/     F16 : 23                  		inc	hl
(1) 3265/     F17 : 10 FC               		djnz	.clr_all
(1) 3266/     F19 : C9                  		ret
(1) 3267/     F1A :                     
(1) 3268/     F1A :                     ; ============================================================
(1) 3269/     F1A :                     ; --------------------------------------------------------
(1) 3270/     F1A :                     ; Communication with the SCD and 32X
(1) 3271/     F1A :                     ;
(1) 3272/     F1A :                     ; SCD: Sends a level2 interrupt to Sub-CPU
(1) 3273/     F1A :                     ;    | Uses: commM,comm18-1F
(1) 3274/     F1A :                     ;    |
(1) 3275/     F1A :                     ; 32X: Interrupts Slave SH2
(1) 3276/     F1A :                     ;    | Uses: comm8-comm11 (CMD request)
(1) 3277/     F1A :                     ;    | two bits of comm14
(1) 3278/     F1A :                     ; --------------------------------------------------------
(1) 3279/     F1A :                     
(1) 3280/     F1A :                     zmars_send:
(1) 3281/     F1A :                     	; ----------------------------------------
(1) 3282/     F1A :                     	; Send PCM table
(1) 3368/     F1A :                     	; ----------------------------------------
(1) 3369/     F1A :                     	; Send PWM table
(1) 3449/     F1A : C9                  		ret
(1) 3450/     F1B :                     
(1) 3451/     F1B :                     ; --------------------------------------------------------
(1) 3452/     F1B :                     ; Set bank to $A10000 area
(1) 3468/     F1B :                     
(1) 3469/     F1B :                     ; ====================================================================
(1) 3470/     F1B :                     ; ----------------------------------------------------------------
(1) 3471/     F1B :                     ; Subroutines
(1) 3472/     F1B :                     ; ----------------------------------------------------------------
(1) 3473/     F1B :                     
(1) 3474/     F1B :                     ; --------------------------------------------------------
(1) 3475/     F1B :                     ; Init sound engine
(1) 3476/     F1B :                     ; --------------------------------------------------------
(1) 3477/     F1B :                     
(1) 3478/     F1B :                     gema_init:
(1) 3479/     F1B : CD 06 13            		call	gema_lastbank		; Set last bank slot, solves problem with 32X
(1) 3480/     F1E : CD F7 11            		call	dac_off
(1) 3481/     F21 : AF                  		xor	a
(1) 3482/     F22 : 32 A5 17            		ld	(marsUpd),a
(1) 3483/     F25 : 32 A6 17            		ld	(mcdUpd),a
(1) 3484/     F28 : 32 87 1F            		ld	(cdRamLen),a
(1) 3485/     F2B : FD 21 D1 17         		ld	iy,nikona_BuffList
(1) 3486/     F2F : 0E 01               		ld	c,1			; Start at this priority
(1) 3487/     F31 :                     .setup_list:
(1) 3488/     F31 : FD 7E 00            		ld	a,(iy)
(1) 3489/     F34 : FE FF               		cp	-1
(1) 3490/     F36 : 28 24               		jr	z,.end_setup
(1) 3491/     F38 : FD 23               		inc	iy
(1) 3492/     F3A : 6F                  		ld	l,a
(1) 3493/     F3B : FD 66 00            		ld	h,(iy)
(1) 3494/     F3E : E5                  		push	hl
(1) 3495/     F3F : DD E1               		pop	ix
(1) 3496/     F41 : DD 71 14            		ld	(ix+seq_Priority),c
(1) 3497/     F44 : DD 36 01 FF         		ld	(ix+seq_Num),-1	; Reset sequence ID
(1) 3498/     F48 : FD 23               		inc	iy
(1) 3499/     F4A :                     	; iy - src
(1) 3500/     F4A :                     	; hl - dst
(1) 3501/     F4A : 11 04 00            		ld	de,seq_Blocks
(1) 3502/     F4D : 19                  		add	hl,de
(1) 3503/     F4E : 06 06               		ld	b,MAX_BUFFNTRY-2
(1) 3504/     F50 :                     .st_copy:
(1) 3505/     F50 : FD 7E 00            		ld	a,(iy)
(1) 3506/     F53 : 77                  		ld	(hl),a
(1) 3507/     F54 : FD 23               		inc	iy
(1) 3508/     F56 : 23                  		inc	hl
(1) 3509/     F57 : 10 F7               		djnz	.st_copy
(1) 3510/     F59 : 0C                  		inc	c
(1) 3511/     F5A : 18 D5               		jr	.setup_list
(1) 3512/     F5C :                     .end_setup:
(1) 3513/     F5C :                     
(1) 3514/     F5C : 11 0B 22            		ld	de,2208h|03h	; Set Default LFO
(1) 3515/     F5F : CD CC 11            		call	fm_send_1
(1) 3516/     F62 : 11 00 27            		ld	de,2700h	; CH3 special/timers OFF
(1) 3517/     F65 : CD CC 11            		call	fm_send_1
(1) 3518/     F68 :                     ; 		ld	de,2800h
(1) 3519/     F68 : 14                  		inc	d		; FM KEYS off
(1) 3520/     F69 : CD CC 11            		call	fm_send_1
(1) 3521/     F6C : 1C                  		inc	e
(1) 3522/     F6D : CD CC 11            		call	fm_send_1
(1) 3523/     F70 : 1C                  		inc	e
(1) 3524/     F71 : CD CC 11            		call	fm_send_1
(1) 3525/     F74 : 1C                  		inc	e
(1) 3526/     F75 : 1C                  		inc	e
(1) 3527/     F76 : CD CC 11            		call	fm_send_1
(1) 3528/     F79 : 1C                  		inc	e
(1) 3529/     F7A : CD CC 11            		call	fm_send_1
(1) 3530/     F7D : 1C                  		inc	e
(1) 3531/     F7E : CD CC 11            		call	fm_send_1
(1) 3532/     F81 : 21 11 7F            		ld	hl,Zpsg_ctrl	; Silence PSG channels
(1) 3533/     F84 : 36 9F               		ld	(hl),09Fh
(1) 3534/     F86 : 36 BF               		ld	(hl),0BFh
(1) 3535/     F88 : 36 DF               		ld	(hl),0DFh
(1) 3536/     F8A : 36 FF               		ld	(hl),0FFh
(1) 3537/     F8C : C9                  		ret
(1) 3538/     F8D :                     
(1) 3539/     F8D :                     ; --------------------------------------------------------
(1) 3540/     F8D :                     ; get_tick
(1) 3541/     F8D :                     ;
(1) 3542/     F8D :                     ; Checks if VBlank triggred a TICK
(1) 3543/     F8D :                     ; (1/150 NTSC, 1/120 PAL)
(1) 3544/     F8D :                     ; --------------------------------------------------------
(1) 3545/     F8D :                     
(1) 3546/     F8D :                     get_tick:
(1) 3547/     F8D : F3                  		di				; Disable ints
(1) 3548/     F8E : F5                  		push	af
(1) 3549/     F8F : E5                  		push	hl
(1) 3550/     F90 : 21 F7 1C            		ld	hl,tickFlag		; read last TICK flag
(1) 3551/     F93 : 7E                  		ld	a,(hl)			; non-zero value (1Fh)?
(1) 3552/     F94 : B7                  		or 	a
(1) 3553/     F95 : 28 13               		jr	z,.ctnotick
(1) 3554/     F97 : 36 00               		ld	(hl),0			; Reset TICK flag
(1) 3555/     F99 : 23                  		inc	hl			; Move to tickCnt
(1) 3556/     F9A : 34                  		inc	(hl)			; and increment
(1) 3557/     F9B : CF                  		rst	8
(1) 3558/     F9C : D5                  		push	de
(1) 3559/     F9D : 2A 31 00            		ld	hl,(sbeatAcc)		; Increment subbeats
(1) 3560/     FA0 : ED 5B 33 00         		ld	de,(sbeatPtck)
(1) 3561/     FA4 : CF                  		rst	8
(1) 3562/     FA5 : 19                  		add	hl,de
(1) 3563/     FA6 : 22 31 00            		ld	(sbeatAcc),hl
(1) 3564/     FA9 : D1                  		pop	de
(1) 3565/     FAA :                     .ctnotick:
(1) 3566/     FAA : E1                  		pop	hl
(1) 3567/     FAB : F1                  		pop	af
(1) 3568/     FAC : FB                  		ei				; Enable ints again
(1) 3569/     FAD : C9                  		ret
(1) 3570/     FAE :                     
(1) 3571/     FAE :                     ; --------------------------------------------------------
(1) 3572/     FAE :                     ; readRom
(1) 3573/     FAE :                     ;
(1) 3574/     FAE :                     ; Transfer bytes from ROM to Z80 RAM.
(1) 3575/     FAE :                     ; This also tells to 68k that we want to access ROM
(1) 3576/     FAE :                     ;
(1) 3577/     FAE :                     ; Input:
(1) 3578/     FAE :                     ; a  | 68K Address $xx0000
(1) 3579/     FAE :                     ;  c | Byte count (size 0 NOT allowed, MAX: 0FFh)
(1) 3580/     FAE :                     ; hl | 68K Address $00xxxx
(1) 3581/     FAE :                     ; de | Destination pointer
(1) 3582/     FAE :                     ;
(1) 3583/     FAE :                     ; Uses:
(1) 3584/     FAE :                     ; b
(1) 3585/     FAE :                     ;
(1) 3586/     FAE :                     ; Notes:
(1) 3587/     FAE :                     ; call RST 20h first, so the currenty playing DAC
(1) 3588/     FAE :                     ; sample has enough data before getting busy here.
(1) 3589/     FAE :                     ; --------------------------------------------------------
(1) 3590/     FAE :                     
(1) 3591/     FAE :                     readRom:
(1) 3592/     FAE : DD E5               		push	ix
(1) 3593/     FB0 : DD 21 81 1F         		ld	ix,commZRomBlk		; ix - rom read/block flags
(1) 3594/     FB4 : FE FF               		cp	0FFh			; Reading from 68k's RAM?
(1) 3595/     FB6 : 28 3D               		jr	z,.from_ram
(1) 3596/     FB8 : CF                  		rst	8
(1) 3597/     FB9 : 22 35 00            		ld	(x68ksrclsb),hl		; Backup midlow address
(1) 3598/     FBC : CB BC               		res	7,h			; Reset MSB bit 7
(1) 3599/     FBE : 06 00               		ld	b,0			; Clear b
(1) 3600/     FC0 : 0B                  		dec	bc			; len-1
(1) 3601/     FC1 : 09                  		add	hl,bc			; Add len to the mid and low to this temp address
(1) 3602/     FC2 : CB 7C               		bit	7,h			; Did it cross the bank?
(1) 3603/     FC4 : 20 0B               		jr	nz,.double		; Then it's a double transfer
(1) 3604/     FC6 : 2A 35 00            		ld	hl,(x68ksrclsb)		; Restore hl
(1) 3605/     FC9 : 0C                  		inc	c			; len+1
(1) 3606/     FCA : 47                  		ld	b,a			; b - $xx0000
(1) 3607/     FCB : CD 15 10            		call	.transfer
(1) 3608/     FCE : DD E1               		pop	ix
(1) 3609/     FD0 : C9                  		ret
(1) 3610/     FD1 :                     .double:
(1) 3611/     FD1 : CF                  		rst	8
(1) 3612/     FD2 : 47                  		ld	b,a			; b - $xx0000
(1) 3613/     FD3 : C5                  		push	bc			; Backup len and midlow address
(1) 3614/     FD4 : E5                  		push	hl
(1) 3615/     FD5 : 79                  		ld	a,c			; len - LSB
(1) 3616/     FD6 : 95                  		sub	a,l
(1) 3617/     FD7 : 4F                  		ld	c,a			; Save new size
(1) 3618/     FD8 : 2A 35 00            		ld	hl,(x68ksrclsb)		; Restore TOP
(1) 3619/     FDB : CD 15 10            		call	.transfer
(1) 3620/     FDE : E1                  		pop	hl			; Restore len and midlow address
(1) 3621/     FDF : C1                  		pop	bc
(1) 3622/     FE0 : 4D                  		ld	c,l			; Get second len
(1) 3623/     FE1 : 0C                  		inc	c
(1) 3624/     FE2 : 3A 36 00            		ld	a,(x68ksrcmid)
(1) 3625/     FE5 : E6 80               		and	80h
(1) 3626/     FE7 : C6 80               		add	a,80h
(1) 3627/     FE9 : 67                  		ld	h,a
(1) 3628/     FEA : 2E 00               		ld	l,0
(1) 3629/     FEC : 30 01               		jr	nc,.x68knocarry
(1) 3630/     FEE : 04                  		inc	b			; Next $xx0000
(1) 3631/     FEF :                     .x68knocarry:
(1) 3632/     FEF : CD 15 10            		call	.transfer
(1) 3633/     FF2 : DD E1               		pop	ix
(1) 3634/     FF4 : C9                  		ret
(1) 3635/     FF5 :                     
(1) 3636/     FF5 :                     ; ------------------------------------------------
(1) 3637/     FF5 :                     ; WORKAROUND FOR READING FROM $FF0000 RAM
(1) 3638/     FF5 :                     ;
(1) 3639/     FF5 :                     ; On the 68K side YOU MUST CALL
(1) 3640/     FF5 :                     ; gemaSendRam manually and every time, normally
(1) 3641/     FF5 :                     ; from a Vblank wait-loop.
(1) 3642/     FF5 :                     ; ------------------------------------------------
(1) 3643/     FF5 :                     
(1) 3644/     FF5 :                     .from_ram:
(1) 3645/     FF5 : ED 53 82 1F         		ld	(cdRamDst),de			; Show variables
(1) 3646/     FF9 : 22 84 1F            		ld	(cdRamSrc),hl
(1) 3647/     FFC : 32 86 1F            		ld	(cdRamSrcB),a
(1) 3648/     FFF : CD 06 13            		call	gema_lastbank			; Set bank to $FF8000 area
(1) 3649/    1002 : CF                  		rst	8
(1) 3650/    1003 : 79                  		ld	a,c
(1) 3651/    1004 : 32 87 1F            		ld	(cdRamLen),a			; Show length
(1) 3652/    1007 : 21 FF FD            		ld	hl,RAM_ZCdFlagD&07FFFh+8000h	; ** 68K LABEL **
(1) 3653/    100A : 36 01               		ld	(hl),1				; WRITE flag
(1) 3654/    100C :                     .wait:
(1) 3655/    100C : 3A 87 1F            		ld	a,(cdRamLen)			; Wait until 68K clears
(1) 3656/    100F : B7                  		or	a
(1) 3657/    1010 : 20 FA               		jr	nz,.wait
(1) 3658/    1012 : DD E1               		pop	ix
(1) 3659/    1014 : C9                  		ret
(1) 3660/    1015 :                     
(1) 3661/    1015 :                     ; ------------------------------------------------
(1) 3662/    1015 :                     ; b  - Source ROM $xx0000
(1) 3663/    1015 :                     ;  c - Bytes to transfer (00h is invalid)
(1) 3664/    1015 :                     ; hl - Source ROM $00xxxx | 8000h
(1) 3665/    1015 :                     ; de - Output location
(1) 3666/    1015 :                     ; ix - ROM-block flag
(1) 3667/    1015 :                     ; ------------------------------------------------
(1) 3668/    1015 :                     
(1) 3669/    1015 :                     .transfer:
(1) 3670/    1015 : CF                  		rst	8
(1) 3671/    1016 : E5                  		push	hl
(1) 3672/    1017 : 7C                  		ld	a,h
(1) 3673/    1018 : 21 00 60            		ld	hl,6000h
(1) 3674/    101B : 07                  		rlca
(1) 3675/    101C : 77                  		ld	(hl),a
(1) 3676/    101D : 78                  		ld	a,b
(1) 3677/    101E : CF                  		rst	8
(1) 3678/    101F : 77                  		ld	(hl),a
(1) 3679/    1020 : 0F                  		rrca
(1) 3680/    1021 : 77                  		ld	(hl),a
(1) 3681/    1022 : 0F                  		rrca
(1) 3682/    1023 : 77                  		ld	(hl),a
(1) 3683/    1024 : 0F                  		rrca
(1) 3684/    1025 : 77                  		ld	(hl),a
(1) 3685/    1026 : 0F                  		rrca
(1) 3686/    1027 : CF                  		rst	8
(1) 3687/    1028 : 77                  		ld	(hl),a
(1) 3688/    1029 : 0F                  		rrca
(1) 3689/    102A : 77                  		ld	(hl),a
(1) 3690/    102B : 0F                  		rrca
(1) 3691/    102C : 77                  		ld	(hl),a
(1) 3692/    102D : 0F                  		rrca
(1) 3693/    102E : 77                  		ld	(hl),a
(1) 3694/    102F : E1                  		pop	hl
(1) 3695/    1030 : CB FC               		set	7,h
(1) 3696/    1032 : CF                  		rst	8
(1) 3697/    1033 :                     	; Transfer ROM data in packets
(1) 3698/    1033 :                     	; while playing the cache'd sample
(1) 3699/    1033 :                     	; *** CRITICAL PROCESS ***
(1) 3700/    1033 :                     	;
(1) 3701/    1033 :                     	; pseudo-ref for ldir:
(1) 3702/    1033 :                     	; ld (de),(hl)	; load memory (hl) to (de)
(1) 3703/    1033 :                     	; inc de	; incr de + 1
(1) 3704/    1033 :                     	; inc hl	; incr hl + 1
(1) 3705/    1033 :                     	; dec bc	; decr bc - 1
(1) 3706/    1033 : 06 00               		ld	b,0
(1) 3707/    1035 : 79                  		ld	a,c		; a - Size counter
(1) 3708/    1036 : D6 09               		sub	MAX_TRFRPZ	; Length lower than MAX_TRFRPZ?
(1) 3709/    1038 : 38 14               		jr	c,.x68klast	; Process single piece only
(1) 3710/    103A :                     .x68kloop:
(1) 3711/    103A : CF                  		rst	8
(1) 3712/    103B : 00                  		nop
(1) 3713/    103C : 0E 08               		ld	c,MAX_TRFRPZ-1
(1) 3714/    103E : DD CB 00 46         		bit	0,(ix)		; Genesis blocks ROM?
(1) 3715/    1042 : C4 5C 10            		call	nz,.x68klpwt
(1) 3716/    1045 : ED B0               		ldir			; (de) to (hl) until bc == 0
(1) 3717/    1047 : CF                  		rst	8
(1) 3718/    1048 : 00                  		nop
(1) 3719/    1049 : D6 08               		sub	a,MAX_TRFRPZ-1
(1) 3720/    104B : D2 3A 10            		jp	nc,.x68kloop
(1) 3721/    104E :                     ; last block
(1) 3722/    104E :                     .x68klast:
(1) 3723/    104E : C6 09               		add	a,MAX_TRFRPZ
(1) 3724/    1050 : 4F                  		ld	c,a
(1) 3725/    1051 : DD CB 00 46         		bit	0,(ix)		; Genesis blocks ROM?
(1) 3726/    1055 : C4 5C 10            		call	nz,.x68klpwt
(1) 3727/    1058 : ED B0               		ldir
(1) 3728/    105A : CF                  		rst	8
(1) 3729/    105B : C9                  		ret
(1) 3730/    105C :                     
(1) 3731/    105C :                     ; Wait here until Genesis unlocks ROM
(1) 3732/    105C :                     .x68klpwt:
(1) 3733/    105C : 00                  		nop
(1) 3734/    105D : CF                  		rst	8
(1) 3735/    105E : DD CB 00 46         		bit	0,(ix)		; 68k finished?
(1) 3736/    1062 : 20 F8               		jr	nz,.x68klpwt
(1) 3737/    1064 : C9                  		ret
(1) 3738/    1065 :                     
(1) 3739/    1065 :                     ; ====================================================================
(1) 3740/    1065 :                     ; ----------------------------------------------------------------
(1) 3741/    1065 :                     ; Sound chip routines
(1) 3742/    1065 :                     ; ----------------------------------------------------------------
(1) 3743/    1065 :                     
(1) 3744/    1065 :                     ; --------------------------------------------------------
(1) 3745/    1065 :                     ; chip_env
(1) 3746/    1065 :                     ;
(1) 3747/    1065 :                     ; Process the PSG
(1) 3748/    1065 :                     ; --------------------------------------------------------
(1) 3749/    1065 :                     
(1) 3750/    1065 :                     chip_env:
(1) 3754/    1065 : FD 21 25 15         		ld	iy,psgcom+3		; Start from NOISE first
(1) 3755/    1069 : DD 21 11 7F         		ld	ix,Zpsg_ctrl
(1) 3756/    106D : 0E E0               		ld	c,0E0h			; c - PSG first ctrl command
(1) 3757/    106F : 06 04               		ld	b,4			; b - 4 channels
(1) 3758/    1071 :                     .vloop:
(1) 3759/    1071 : CF                  		rst	8
(1) 3760/    1072 : FD 5E 00            		ld	e,(iy+COM)		; e - current command
(1) 3761/    1075 : FD 36 00 00         		ld	(iy+COM),0
(1) 3762/    1079 :                     
(1) 3763/    1079 :                     	; ----------------------------
(1) 3764/    1079 :                     	; bit 2 - stop sound
(1) 3765/    1079 : CB 53               		bit	2,e
(1) 3766/    107B : 28 0C               		jr	z,.ckof
(1) 3767/    107D : FD 36 04 FF         		ld	(iy+LEV),-1		; reset level
(1) 3768/    1081 : FD 36 28 01         		ld	(iy+FLG),1		; and update
(1) 3769/    1085 : FD 36 18 00         		ld	(iy+MODE),0		; envelope off
(1) 3770/    1089 :                     .ckof:
(1) 3771/    1089 :                     	; ----------------------------
(1) 3772/    1089 :                     	; bit 1 - key off
(1) 3773/    1089 : CB 4B               		bit	1,e
(1) 3774/    108B : 28 0F               		jr      z,.ckon
(1) 3775/    108D : FD 7E 18            		ld	a,(iy+MODE)		; mode 0?
(1) 3776/    1090 : B7                  		or	a
(1) 3777/    1091 : 28 09               		jr	z,.ckon
(1) 3778/    1093 : FD 36 28 01         		ld	(iy+FLG),1		; psg update flag
(1) 3779/    1097 : FD 36 18 04         		ld	(iy+MODE),100b		; set envelope mode 100b
(1) 3780/    109B : CF                  		rst	8
(1) 3781/    109C :                     .ckon:
(1) 3782/    109C :                     	; ----------------------------
(1) 3783/    109C :                     	; bit 0 - key on
(1) 3784/    109C : CB 43               		bit	0,e
(1) 3785/    109E : 28 1A               		jr	z,.envproc
(1) 3786/    10A0 : FD 36 04 FF         		ld	(iy+LEV),-1		; reset level
(1) 3787/    10A4 : 78                  		ld	a,b
(1) 3788/    10A5 : FE 04               		cp	4			; NOISE channel?
(1) 3789/    10A7 : 20 08               		jr	nz,.nskip
(1) 3790/    10A9 : CF                  		rst	8			; Set NOISE mode
(1) 3791/    10AA : 3A 2F 00            		ld	a,(psgHatMode)		; write hat mode only.
(1) 3792/    10AD : B1                  		or	c
(1) 3793/    10AE : DD 77 00            		ld	(ix),a			; WRITE PSG
(1) 3794/    10B1 :                     .nskip:
(1) 3795/    10B1 : FD 36 28 01         		ld	(iy+FLG),1		; psg update flag
(1) 3796/    10B5 : CF                  		rst	8
(1) 3797/    10B6 : FD 36 18 01         		ld	(iy+MODE),001b		; set to attack mode
(1) 3798/    10BA :                     .nblock:
(1) 3799/    10BA :                     
(1) 3800/    10BA :                     	; ----------------------------
(1) 3801/    10BA :                     	; Process effects
(1) 3802/    10BA :                     	; ----------------------------
(1) 3803/    10BA :                     .envproc:
(1) 3804/    10BA : FD 7E 18            		ld	a,(iy+MODE)
(1) 3805/    10BD : B7                  		or	a			; no modes
(1) 3806/    10BE : CA 44 11            		jp	z,.vedlp
(1) 3807/    10C1 : FE 01               		cp 	001b			; Attack mode
(1) 3808/    10C3 : 20 2C               		jr	nz,.chk2
(1) 3809/    10C5 : FD 36 28 01         		ld	(iy+FLG),1		; psg update flag
(1) 3810/    10C9 : FD 5E 24            		ld	e,(iy+ALV)
(1) 3811/    10CC : FD 7E 08            		ld	a,(iy+ATK)		; if ATK == 0, don't use
(1) 3812/    10CF : B7                  		or	a
(1) 3813/    10D0 : 28 16               		jr	z,.atkend
(1) 3814/    10D2 : 57                  		ld	d,a			; c - attack rate
(1) 3815/    10D3 : 7B                  		ld	a,e			; a - attack level
(1) 3816/    10D4 : CF                  		rst	8
(1) 3817/    10D5 : FD 5E 24            		ld	e,(iy+ALV)		; b - OLD attack level
(1) 3818/    10D8 : 92                  		sub	a,d			; (attack rate) - (level)
(1) 3819/    10D9 : 38 0D               		jr	c,.atkend		; if carry: already finished
(1) 3820/    10DB : 28 0B               		jr	z,.atkend		; if zero: no attack rate
(1) 3821/    10DD : BB                  		cp	e			; attack rate == level?
(1) 3822/    10DE : 38 08               		jr	c,.atkend
(1) 3823/    10E0 : 28 06               		jr	z,.atkend
(1) 3824/    10E2 : FD 77 04            		ld	(iy+LEV),a		; set new level
(1) 3825/    10E5 : CF                  		rst	8
(1) 3826/    10E6 : 18 5C               		jr	.vedlp
(1) 3827/    10E8 :                     .atkend:
(1) 3828/    10E8 : FD 73 04            		ld	(iy+LEV),e		; attack level = new level
(1) 3829/    10EB :                     .atkzero:
(1) 3830/    10EB : FD 36 18 02         		ld	(iy+MODE),010b		; set to decay mode
(1) 3831/    10EF : 18 53               		jr	.vedlp
(1) 3832/    10F1 :                     .chk2:
(1) 3833/    10F1 :                     
(1) 3834/    10F1 : FE 02               		cp	010b			; Decay mode
(1) 3835/    10F3 : 20 31               		jr	nz,.chk4
(1) 3836/    10F5 :                     .dectmr:
(1) 3837/    10F5 : FD 36 28 01         		ld	(iy+FLG),1		; psg update flag
(1) 3838/    10F9 : FD 7E 04            		ld	a,(iy+LEV)		; a - Level
(1) 3839/    10FC : FD 5E 10            		ld	e,(iy+SLV)		; b - Sustain
(1) 3840/    10FF : BB                  		cp	e
(1) 3841/    1100 : 38 0D               		jr	c,.dkadd		; if carry: add
(1) 3842/    1102 : 28 18               		jr	z,.dkyend		; if zero:  finish
(1) 3843/    1104 : CF                  		rst	8
(1) 3844/    1105 : FD 96 0C            		sub	(iy+DKY)		; substract decay rate
(1) 3845/    1108 : 38 12               		jr	c,.dkyend		; finish if wraped.
(1) 3846/    110A : BB                  		cp	e			; compare level
(1) 3847/    110B : 38 0F               		jr	c,.dkyend		; and finish
(1) 3848/    110D : 18 08               		jr	.dksav
(1) 3849/    110F :                     .dkadd:
(1) 3850/    110F : FD 86 0C            		add	a,(iy+DKY)		;  (level) + (decay rate)
(1) 3851/    1112 : 38 08               		jr	c,.dkyend		; finish if wraped.
(1) 3852/    1114 : BB                  		cp	e			; compare level
(1) 3853/    1115 : 30 05               		jr	nc,.dkyend
(1) 3854/    1117 :                     .dksav:
(1) 3855/    1117 : FD 77 04            		ld	(iy+LEV),a		; save new level
(1) 3856/    111A : 18 28               		jr	.vedlp
(1) 3857/    111C :                     .dkyend:
(1) 3858/    111C : CF                  		rst	8
(1) 3859/    111D : FD 73 04            		ld	(iy+LEV),e		; save last attack
(1) 3860/    1120 : FD 36 18 04         		ld	(iy+MODE),100b		; and set to sustain
(1) 3861/    1124 : 18 1E               		jr	.vedlp
(1) 3862/    1126 :                     .chk4:
(1) 3863/    1126 : FE 04               		cp	100b			; Sustain phase
(1) 3864/    1128 : 20 1A               		jr	nz,.vedlp
(1) 3865/    112A : FD 36 28 01         		ld	(iy+FLG),1		; psg update flag
(1) 3866/    112E : FD 7E 04            		ld	a,(iy+LEV)		; a - Level
(1) 3867/    1131 : CF                  		rst	8
(1) 3868/    1132 : FD 86 14            		add 	a,(iy+RRT)		; add Release Rate
(1) 3869/    1135 : 38 05               		jr	c,.killenv		; release done
(1) 3870/    1137 : FD 77 04            		ld	(iy+LEV),a		; set new Level
(1) 3871/    113A : 18 08               		jr	.vedlp
(1) 3872/    113C :                     .killenv:
(1) 3873/    113C : FD 36 04 FF         		ld	(iy+LEV),-1		; Silence this channel
(1) 3874/    1140 : FD 36 18 00         		ld	(iy+MODE),0		; Reset mode
(1) 3875/    1144 :                     .vedlp:
(1) 3876/    1144 :                     	; ----------------------------
(1) 3877/    1144 :                     	; PSG UPDATE
(1) 3878/    1144 :                     	; ----------------------------
(1) 3879/    1144 : FD 7E 28            		ld	a,(iy+FLG)
(1) 3880/    1147 : B7                  		or	a
(1) 3881/    1148 : 28 72               		jr	z,.noupd
(1) 3882/    114A : FD 36 28 00         		ld	(iy+FLG),0	; Reset until next one
(1) 3883/    114E : 59                  		ld	e,c
(1) 3884/    114F : 3A 2F 00            		ld	a,(psgHatMode)
(1) 3885/    1152 : 57                  		ld	d,a
(1) 3886/    1153 : E6 03               		and	011b
(1) 3887/    1155 : FE 03               		cp	011b
(1) 3888/    1157 : 20 1D               		jr	nz,.normal
(1) 3889/    1159 : CF                  		rst	8
(1) 3890/    115A : 78                  		ld	a,b		; Channel 4?
(1) 3891/    115B : FE 03               		cp	3
(1) 3892/    115D : 28 13               		jr	z,.silnc_3
(1) 3893/    115F : FE 04               		cp	4
(1) 3894/    1161 : 20 18               		jr	nz,.do_nfreq
(1) 3895/    1163 : 3A 2F 00            		ld	a,(psgHatMode)
(1) 3896/    1166 : 57                  		ld	d,a
(1) 3897/    1167 : E6 03               		and	011b
(1) 3898/    1169 : CF                  		rst	8
(1) 3899/    116A : FE 03               		cp	011b
(1) 3900/    116C : 20 30               		jr	nz,.vonly
(1) 3901/    116E : 1E C0               		ld	e,0C0h
(1) 3902/    1170 : 18 09               		jr	.do_nfreq
(1) 3903/    1172 :                     .silnc_3:
(1) 3904/    1172 : 3E FF               		ld	a,-1
(1) 3905/    1174 : 18 32               		jr	.vlmuch
(1) 3906/    1176 :                     .normal:
(1) 3907/    1176 : 78                  		ld	a,b
(1) 3908/    1177 : FE 04               		cp	4
(1) 3909/    1179 : 28 23               		jr	z,.vonly
(1) 3910/    117B :                     .do_nfreq:
(1) 3911/    117B : FD 6E 1C            		ld	l,(iy+DTL)
(1) 3912/    117E : FD 66 20            		ld	h,(iy+DTH)
(1) 3913/    1181 :                     	; freq effects go here
(1) 3914/    1181 :                     	; (save e FIRST.)
(1) 3915/    1181 :                     	;	push	de
(1) 3916/    1181 :                     	;	pop	de
(1) 3917/    1181 : 7D                  		ld	a,l		; Grab LSB 4 right bits
(1) 3918/    1182 : E6 0F               		and	00001111b
(1) 3919/    1184 : B3                  		or	e		; OR with channel set in e
(1) 3920/    1185 : CF                  		rst	8
(1) 3921/    1186 : DD 77 00            		ld	(ix),a		; write it
(1) 3922/    1189 : 7D                  		ld	a,l		; Grab LSB 4 left bits
(1) 3923/    118A : 0F                  		rrca
(1) 3924/    118B : 0F                  		rrca
(1) 3925/    118C : 0F                  		rrca
(1) 3926/    118D : 0F                  		rrca
(1) 3927/    118E : E6 0F               		and	00001111b
(1) 3928/    1190 : 5F                  		ld	e,a
(1) 3929/    1191 : 7C                  		ld	a,h		; Grab MSB bits
(1) 3930/    1192 : CF                  		rst	8
(1) 3931/    1193 : 07                  		rlca
(1) 3932/    1194 : 07                  		rlca
(1) 3933/    1195 : 07                  		rlca
(1) 3934/    1196 : 07                  		rlca
(1) 3935/    1197 : E6 30               		and	00110000b
(1) 3936/    1199 : B3                  		or	e
(1) 3937/    119A : DD 77 00            		ld	(ix),a
(1) 3938/    119D : CF                  		rst	8
(1) 3939/    119E :                     .vonly:
(1) 3940/    119E : FD 7E 30            		ld	a,(iy+MVOL)		; c - Level
(1) 3941/    11A1 : FD 86 04            		add	a,(iy+LEV)		; Add MASTER volume
(1) 3942/    11A4 : 30 02               		jr	nc,.vlmuch
(1) 3943/    11A6 : 3E FF               		ld	a,-1
(1) 3944/    11A8 :                     .vlmuch:
(1) 3945/    11A8 : CB 3F               		srl	a			; (Level >> 4)
(1) 3946/    11AA : CB 3F               		srl	a
(1) 3947/    11AC : CB 3F               		srl	a
(1) 3948/    11AE : CF                  		rst	8
(1) 3949/    11AF : CB 3F               		srl	a
(1) 3950/    11B1 : E6 0F               		and	00001111b		; Filter volume value
(1) 3951/    11B3 : B1                  		or	c			; and OR with current channel
(1) 3952/    11B4 : F6 90               		or	90h			; Set volume-set mode
(1) 3953/    11B6 : DD 77 00            		ld	(ix),a			; *** WRITE volume
(1) 3954/    11B9 : FD 34 38            		inc	(iy+PTMR)		; Update general timer
(1) 3955/    11BC :                     .noupd:
(1) 3956/    11BC :                     	; ----------------------------
(1) 3957/    11BC : FD 2B               		dec	iy			; next COM to check (backwards)
(1) 3958/    11BE : 79                  		ld	a,c
(1) 3959/    11BF : CF                  		rst	8
(1) 3960/    11C0 : D6 20               		sub	a,20h			; next PSG (backwards)
(1) 3961/    11C2 : 4F                  		ld	c,a
(1) 3962/    11C3 : 05                  		dec	b
(1) 3963/    11C4 : C2 71 10            		jp	nz,.vloop
(1) 3964/    11C7 : C9                  		ret
(1) 3965/    11C8 :                     
(1) 3966/    11C8 :                     ; ---------------------------------------------
(1) 3967/    11C8 :                     ; FM register writes
(1) 3968/    11C8 :                     ;
(1) 3969/    11C8 :                     ; Input:
(1) 3970/    11C8 :                     ; d - ctrl
(1) 3971/    11C8 :                     ; e - data
(1) 3972/    11C8 :                     ; ---------------------------------------------
(1) 3973/    11C8 :                     
(1) 3974/    11C8 :                     ; c - KeyID
(1) 3975/    11C8 :                     fm_autoreg:
(1) 3976/    11C8 : CB 51               		bit	2,c
(1) 3977/    11CA : 20 0B               		jr	nz,fm_send_2
(1) 3978/    11CC :                     
(1) 3979/    11CC :                     ; Channels 1-3 and global registers
(1) 3980/    11CC :                     fm_send_1:
(1) 3981/    11CC : 7A                  		ld	a,d
(1) 3982/    11CD : 32 00 40            		ld	(Zym_ctrl_1),a
(1) 3983/    11D0 : 00                  		nop
(1) 3984/    11D1 : 7B                  		ld	a,e
(1) 3985/    11D2 : 32 01 40            		ld	(Zym_data_1),a
(1) 3986/    11D5 : 00                  		nop
(1) 3987/    11D6 : C9                  		ret
(1) 3988/    11D7 :                     ; Channels 4-6
(1) 3989/    11D7 :                     fm_send_2:
(1) 3990/    11D7 : 7A                  		ld	a,d
(1) 3991/    11D8 : 32 02 40            		ld	(Zym_ctrl_2),a
(1) 3992/    11DB : 00                  		nop
(1) 3993/    11DC : 7B                  		ld	a,e
(1) 3994/    11DD : 32 03 40            		ld	(Zym_data_2),a
(1) 3995/    11E0 : 00                  		nop
(1) 3996/    11E1 : C9                  		ret
(1) 3997/    11E2 :                     
(1) 3998/    11E2 :                     ; --------------------------------------------------------
(1) 3999/    11E2 :                     ; brute-force WAVE ON/OFF playback
(1) 4000/    11E2 :                     ; --------------------------------------------------------
(1) 4001/    11E2 :                     
(1) 4002/    11E2 :                     dac_on:
(1) 4003/    11E2 : 3E 2B               		ld	a,2Bh
(1) 4004/    11E4 : 32 00 40            		ld	(Zym_ctrl_1),a
(1) 4005/    11E7 : 3E 80               		ld	a,80h
(1) 4006/    11E9 : 32 01 40            		ld	(Zym_data_1),a
(1) 4007/    11EC : 3E D9               		ld 	a,zopcExx
(1) 4008/    11EE : 32 08 00            		ld	(dac_me),a
(1) 4009/    11F1 : 3E F5               		ld 	a,zopcPushAf
(1) 4010/    11F3 : 32 20 00            		ld	(dac_fill),a
(1) 4011/    11F6 : C9                  		ret
(1) 4012/    11F7 :                     dac_off:
(1) 4013/    11F7 : 3E 2B               		ld	a,2Bh
(1) 4014/    11F9 : 32 00 40            		ld	(Zym_ctrl_1),a
(1) 4015/    11FC : 3E 00               		ld	a,00h
(1) 4016/    11FE : 32 01 40            		ld	(Zym_data_1),a
(1) 4017/    1201 : 3E C9               		ld 	a,zopcRet
(1) 4018/    1203 : 32 08 00            		ld	(dac_me),a
(1) 4019/    1206 : 3E C9               		ld 	a,zopcRet
(1) 4020/    1208 : 32 20 00            		ld	(dac_fill),a
(1) 4021/    120B : C9                  		ret
(1) 4022/    120C :                     
(1) 4023/    120C :                     ; --------------------------------------------------------
(1) 4024/    120C :                     ; dac_play
(1) 4025/    120C :                     ;
(1) 4026/    120C :                     ; Plays a new sample
(1) 4027/    120C :                     ;
(1) 4028/    120C :                     ; NOTE:
(1) 4029/    120C :                     ; Set wave_Flags and wave_Pitch externally
(1) 4030/    120C :                     ; getting here.
(1) 4031/    120C :                     ; --------------------------------------------------------
(1) 4032/    120C :                     
(1) 4033/    120C :                     dac_play:
(1) 4034/    120C : F3                  		di
(1) 4035/    120D : CD F7 11            		call	dac_off
(1) 4036/    1210 : D9                  		exx				; flip exx regs
(1) 4037/    1211 : 01 1D 00            		ld	bc,dWaveBuff>>8		; bc - WAVFIFO MSB
(1) 4038/    1214 : ED 5B F3 1C         		ld	de,(wave_Pitch)		; de - Pitch
(1) 4039/    1218 : 21 00 00            		ld	hl,(dWaveBuff&0FFh)<<8	; hl - WAVFIFO LSB pointer (xx.00)
(1) 4040/    121B : D9                  		exx				; move them back
(1) 4041/    121C : 2A EA 1C            		ld	hl,(wave_Start)		; copy Start and length
(1) 4042/    121F : 3A EC 1C            		ld 	a,(wave_Start+2)
(1) 4043/    1222 : 22 AD 17            		ld	(dDacPntr),hl
(1) 4044/    1225 : 32 AF 17            		ld	(dDacPntr+2),a
(1) 4045/    1228 : 2A ED 1C            		ld	hl,(wave_Len)
(1) 4046/    122B : 3A EF 1C            		ld 	a,(wave_Len+2)
(1) 4047/    122E : 22 B0 17            		ld	(dDacCntr),hl
(1) 4048/    1231 : 32 B2 17            		ld	(dDacCntr+2),a
(1) 4049/    1234 : AF                  		xor	a
(1) 4050/    1235 : 32 37 00            		ld	(dDacFifoMid),a		; Reset half-way
(1) 4051/    1238 : CD 40 12            		call	dac_refill
(1) 4052/    123B : CD E2 11            		call	dac_on
(1) 4053/    123E : FB                  		ei
(1) 4054/    123F : C9                  		ret
(1) 4055/    1240 :                     
(1) 4056/    1240 :                     ; --------------------------------------------------------
(1) 4057/    1240 :                     
(1) 4058/    1240 :                     dac_refill:
(1) 4059/    1240 : CF                  		rst	8
(1) 4060/    1241 : C5                  		push	bc
(1) 4061/    1242 : D5                  		push	de
(1) 4062/    1243 : E5                  		push	hl
(1) 4063/    1244 : 3A F5 1C            		ld	a,(wave_Flags)	; Already finished?
(1) 4064/    1247 : FE 07               		cp	111b
(1) 4065/    1249 : D2 FF 12            		jp	nc,.dacfill_end
(1) 4066/    124C : 3A B2 17            		ld	a,(dDacCntr+2)	; Last bytes
(1) 4067/    124F : 2A B0 17            		ld	hl,(dDacCntr)
(1) 4068/    1252 : 01 80 00            		ld	bc,80h
(1) 4069/    1255 : 37                  		scf
(1) 4070/    1256 : 3F                  		ccf
(1) 4071/    1257 : ED 42               		sbc	hl,bc
(1) 4072/    1259 : DE 00               		sbc	a,0
(1) 4073/    125B : 32 B2 17            		ld	(dDacCntr+2),a
(1) 4074/    125E : 22 B0 17            		ld	(dDacCntr),hl
(1) 4075/    1261 : 16 1D               		ld	d,dWaveBuff>>8
(1) 4076/    1263 : B7                  		or	a
(1) 4077/    1264 : FA 8E 12            		jp	m,.dac_over
(1) 4078/    1267 : 3A 37 00            		ld	a,(dDacFifoMid)	; Update halfway value
(1) 4079/    126A : 5F                  		ld	e,a
(1) 4080/    126B : C6 80               		add 	a,80h
(1) 4081/    126D : 32 37 00            		ld	(dDacFifoMid),a
(1) 4082/    1270 : 2A AD 17            		ld	hl,(dDacPntr)
(1) 4083/    1273 : 3A AF 17            		ld	a,(dDacPntr+2)
(1) 4084/    1276 : CD AE 0F            		call	readRom	; *** ROM ACCESS ***
(1) 4085/    1279 : 2A AD 17            		ld	hl,(dDacPntr)
(1) 4086/    127C : 3A AF 17            		ld	a,(dDacPntr+2)
(1) 4087/    127F : 01 80 00            		ld	bc,80h
(1) 4088/    1282 : 09                  		add	hl,bc
(1) 4089/    1283 : CE 00               		adc	a,0
(1) 4090/    1285 : 22 AD 17            		ld	(dDacPntr),hl
(1) 4091/    1288 : 32 AF 17            		ld	(dDacPntr+2),a
(1) 4092/    128B : C3 02 13            		jp	.dacfill_ret
(1) 4093/    128E :                     ; NOTE: This doesn't finish at the exact END point
(1) 4094/    128E :                     ; but the USER won't notice it.
(1) 4095/    128E :                     .dac_over:
(1) 4096/    128E : 16 1D               		ld	d,dWaveBuff>>8
(1) 4097/    1290 : 3A F5 1C            		ld	a,(wave_Flags)	; LOOP enabled?
(1) 4098/    1293 : E6 01               		and	001b
(1) 4099/    1295 : C2 B8 12            		jp	nz,.dacfill_loop
(1) 4100/    1298 : 7D                  		ld	a,l
(1) 4101/    1299 : C6 80               		add	a,80h
(1) 4102/    129B : 4F                  		ld	c,a
(1) 4103/    129C : 06 00               		ld	b,0
(1) 4104/    129E : C5                  		push	bc
(1) 4105/    129F : 3A 37 00            		ld	a,(dDacFifoMid)
(1) 4106/    12A2 : 5F                  		ld	e,a
(1) 4107/    12A3 : C6 80               		add	a,80h
(1) 4108/    12A5 : 32 37 00            		ld	(dDacFifoMid),a
(1) 4109/    12A8 : C1                  		pop	bc
(1) 4110/    12A9 : 79                  		ld	a,c
(1) 4111/    12AA : B0                  		or	b
(1) 4112/    12AB : 28 52               		jr	z,.dacfill_end
(1) 4113/    12AD : 2A AD 17            		ld	hl,(dDacPntr)
(1) 4114/    12B0 : 3A AF 17            		ld	a,(dDacPntr+2)
(1) 4115/    12B3 : CD AE 0F            		call	readRom	; *** ROM ACCESS ***
(1) 4116/    12B6 : 18 47               		jr	.dacfill_end
(1) 4117/    12B8 :                     ; loop sample
(1) 4118/    12B8 :                     .dacfill_loop:
(1) 4119/    12B8 : C5                  		push	bc
(1) 4120/    12B9 : D5                  		push	de
(1) 4121/    12BA : 3A F2 1C            		ld	a,(wave_Loop+2)
(1) 4122/    12BD : 4F                  		ld	c,a
(1) 4123/    12BE : ED 5B F0 1C         		ld	de,(wave_Loop)
(1) 4124/    12C2 : 2A EA 1C            		ld	hl,(wave_Start)
(1) 4125/    12C5 : 3A EC 1C            		ld 	a,(wave_Start+2)
(1) 4126/    12C8 : 81                  		add	a,c
(1) 4127/    12C9 : 19                  		add	hl,de
(1) 4128/    12CA : CE 00               		adc	a,0
(1) 4129/    12CC : 22 AD 17            		ld	(dDacPntr),hl
(1) 4130/    12CF : 32 AF 17            		ld	(dDacPntr+2),a
(1) 4131/    12D2 : 2A ED 1C            		ld	hl,(wave_Len)
(1) 4132/    12D5 : 3A EF 1C            		ld 	a,(wave_Len+2)
(1) 4133/    12D8 : 91                  		sub	a,c
(1) 4134/    12D9 : 37                  		scf
(1) 4135/    12DA : 3F                  		ccf
(1) 4136/    12DB : ED 52               		sbc	hl,de
(1) 4137/    12DD : DE 00               		sbc	a,0
(1) 4138/    12DF : 22 B0 17            		ld	(dDacCntr),hl
(1) 4139/    12E2 : 32 B2 17            		ld	(dDacCntr+2),a
(1) 4140/    12E5 : D1                  		pop	de
(1) 4141/    12E6 : C1                  		pop	bc
(1) 4142/    12E7 : 78                  		ld	a,b
(1) 4143/    12E8 : B1                  		or	c
(1) 4144/    12E9 : 28 17               		jr	z,.dacfill_ret
(1) 4145/    12EB : 3A 37 00            		ld	a,(dDacFifoMid)
(1) 4146/    12EE : 5F                  		ld	e,a
(1) 4147/    12EF : C6 80               		add	a,80h
(1) 4148/    12F1 : 32 37 00            		ld	(dDacFifoMid),a
(1) 4149/    12F4 : 2A AD 17            		ld	hl,(dDacPntr)
(1) 4150/    12F7 : 3A AF 17            		ld	a,(dDacPntr+2)
(1) 4151/    12FA : CD AE 0F            		call	readRom	; *** ROM ACCESS ***
(1) 4152/    12FD : 18 03               		jr	.dacfill_ret
(1) 4153/    12FF :                     .dacfill_end:
(1) 4154/    12FF : CD F7 11            		call	dac_off		; DAC finished
(1) 4155/    1302 :                     .dacfill_ret:
(1) 4156/    1302 : E1                  		pop	hl
(1) 4157/    1303 : D1                  		pop	de
(1) 4158/    1304 : C1                  		pop	bc
(1) 4159/    1305 : C9                  		ret
(1) 4160/    1306 :                     
(1) 4161/    1306 :                     ; ----------------------------------------------------------------
(1) 4162/    1306 :                     ; gema_lastbank
(1) 4163/    1306 :                     ;
(1) 4164/    1306 :                     ; Two purposes:
(1) 4165/    1306 :                     ; - Set the BANK to the very last part of memory for the
(1) 4166/    1306 :                     ;   readRom to read from RAM
(1) 4167/    1306 :                     ; - On 32X this sets the bank out of the ROM-reading areas due
(1) 4168/    1306 :                     ;   to a conflict with the PSG according to a Tech Bulletin.
(1) 4169/    1306 :                     ;
(1) 4170/    1306 :                     ; Uses:
(1) 4171/    1306 :                     ; hl,b
(1) 4172/    1306 :                     ; ----------------------------------------------------------------
(1) 4173/    1306 :                     
(1) 4174/    1306 :                     gema_lastbank:
(1) 4175/    1306 : 21 00 60            		ld	hl,6000h
(1) 4176/    1309 : 06 09               		ld	b,9		; 9 bits
(1) 4177/    130B :                     .write:
(1) 4178/    130B : 36 01               		ld	(hl),1
(1) 4179/    130D : 10 FC               		djnz	.write
(1) 4180/    130F : C9                  		ret
(1) 4181/    1310 :                     
(1) 4182/    1310 :                     ; ====================================================================
(1) 4183/    1310 :                     ; ----------------------------------------------------------------
(1) 4184/    1310 :                     ; Frequency tables
(1) 4185/    1310 :                     ; ----------------------------------------------------------------
(1) 4186/    1310 :                     
(1) 4187/    1310 : 84 02               fmFreq_List:	dw 644
(1) 4188/    1312 : A9 02               		dw 681
(1) 4189/    1314 : D2 02               		dw 722
(1) 4190/    1316 : FD 02               		dw 765
(1) 4191/    1318 : 2A 03               		dw 810
(1) 4192/    131A : 5A 03               		dw 858
(1) 4193/    131C : 8E 03               		dw 910
(1) 4194/    131E : C4 03               		dw 964
(1) 4195/    1320 : FD 03               		dw 1021
(1) 4196/    1322 : 39 04               		dw 1081
(1) 4197/    1324 : 7A 04               		dw 1146
(1) 4198/    1326 : BE 04               		dw 1214
(1) 4199/    1328 :                     
(1) 4200/    1328 :                     ; ----------------------------------------
(1) 4201/    1328 :                     ; DAC and PWM
(1) 4202/    1328 :                     ; ----------------------------------------
(1) 4203/    1328 :                     
(1) 4204/    1328 :                     psgFreq_List:
(1) 4205/    1328 :                     ; 	dw    -1,   -1,   -1,   -1,   -1,   -1,   -1,   -1,   -1,   -1,   -1,   -1	; x-0
(1) 4206/    1328 :                     ; 	dw    -1,   -1,   -1,   -1,   -1,   -1,   -1,   -1,   -1,   -1,   -1,   -1	; x-1
(1) 4207/    1328 :                     ; 	dw    -1,   -1,   -1,   -1,   -1,   -1,   -1,   -1,   -1,   -1,   -1,   -1	; x-2
(1) 4208/    1328 : FF FF FF FF FF FF   	dw    -1,   -1,   -1,   -1,   -1,   -1,   -1,   -1,   -1,03F8h,03BFh,0389h	; x-3
             132E : FF FF FF FF FF FF 
             1334 : FF FF FF FF FF FF 
             133A : F8 03 BF 03 89 03 
(1) 4209/    1340 : 56 03 26 03 F9 02   	dw 0356h,0326h,02F9h,02CEh,02A5h,0280h,025Ch,023Ah,021Ah,01FBh,01DFh,01C4h	; x-4
             1346 : CE 02 A5 02 80 02 
             134C : 5C 02 3A 02 1A 02 
             1352 : FB 01 DF 01 C4 01 
(1) 4210/    1358 : AB 01 93 01 7D 01   	dw 01ABh,0193h,017Dh,0167h,0153h,0140h,012Eh,011Dh,010Dh,00FEh,00EFh,00E2h	; x-5
             135E : 67 01 53 01 40 01 
             1364 : 2E 01 1D 01 0D 01 
             136A : FE 00 EF 00 E2 00 
(1) 4211/    1370 : D6 00 C9 00 BE 00   	dw 00D6h,00C9h,00BEh,00B4h,00A9h,00A0h,0097h,008Fh,0087h,007Fh,0078h,0071h	; x-6
             1376 : B4 00 A9 00 A0 00 
             137C : 97 00 8F 00 87 00 
             1382 : 7F 00 78 00 71 00 
(1) 4212/    1388 : 6B 00 65 00 5F 00   	dw 006Bh,0065h,005Fh,005Ah,0055h,0050h,004Bh,0047h,0043h,0040h,003Ch,0039h	; x-7
             138E : 5A 00 55 00 50 00 
             1394 : 4B 00 47 00 43 00 
             139A : 40 00 3C 00 39 00 
(1) 4213/    13A0 : 36 00 33 00 30 00   	dw 0036h,0033h,0030h,002Dh,002Bh,0028h,0026h,0024h,0022h,0020h,001Fh,001Dh	; x-8 *UNTESTED*
             13A6 : 2D 00 2B 00 28 00 
             13AC : 26 00 24 00 22 00 
             13B2 : 20 00 1F 00 1D 00 
(1) 4214/    13B8 : 1B 00 1A 00 18 00   	dw 001Bh,001Ah,0018h,0017h,0016h,0015h,0013h,0012h,0011h,0010h,0009h,0001h	; x-9 *RESERVED FOR NOISE* Set to +47
             13BE : 17 00 16 00 15 00 
             13C4 : 13 00 12 00 11 00 
             13CA : 10 00 09 00 01 00 
(1) 4215/    13D0 :                     
(1) 4216/    13D0 :                     ; ----------------------------------------
(1) 4217/    13D0 :                     ; DAC and PWM shared list
(1) 4218/    13D0 :                     ; ----------------------------------------
(1) 4219/    13D0 :                     
(1) 4220/    13D0 :                     wavFreq_List:
(1) 4221/    13D0 :                     	;   C     C#    D     D#    E     F     F#    G     G#    A     A#    B
(1) 4222/    13D0 :                     ; 	dw 0100h,0100h,0100h,0100h,0100h,0100h,0100h,0100h,0100h,0100h,0100h,0100h	; x-0
(1) 4223/    13D0 :                     ; 	dw 0100h,0100h,0100h,0100h,0100h,0100h,0100h,0100h,0100h,0100h,0100h,0100h	; x-1
(1) 4224/    13D0 :                     ; 	dw 0100h,0100h,0100h,0100h,0100h,0100h,0100h,0100h,0100h,0100h,0036h,003Bh	; x-2
(1) 4225/    13D0 : 40 00 44 00 48 00   	dw 0040h,0044h,0048h,004Ch,0051h,0056h,005Bh,0060h,0066h,006Ch,0073h,0079h	; x-3 4000 ok
             13D6 : 4C 00 51 00 56 00 
             13DC : 5B 00 60 00 66 00 
             13E2 : 6C 00 73 00 79 00 
(1) 4226/    13E8 : 80 00 88 00 90 00   	dw 0080h,0088h,0090h,0099h,00A2h,00ACh,00B6h,00C1h,00CCh,00D8h,00E5h,00F2h	; x-4 8000 ok
             13EE : 99 00 A2 00 AC 00 
             13F4 : B6 00 C1 00 CC 00 
             13FA : D8 00 E5 00 F2 00 
(1) 4227/    1400 : 00 01 10 01 20 01   	dw 0100h,0110h,0120h,0132h,0145h,0158h,016Ch,0182h,0198h,01AEh,01C7h,01E0h	; x-5 16000 ok
             1406 : 32 01 45 01 58 01 
             140C : 6C 01 82 01 98 01 
             1412 : AE 01 C7 01 E0 01 
(1) 4228/    1418 : 00 02 20 02 40 02   	dw 0200h,0220h,0240h,0260h,0280h,02A0h,02D0h,02F8h,0328h,0352h,0390h,03C8h	; x-6 32000 bad/ok
             141E : 60 02 80 02 A0 02 
             1424 : D0 02 F8 02 28 03 
             142A : 52 03 90 03 C8 03 
(1) 4229/    1430 : 00 04               	dw 0400h;,0100h,0100h,0100h,0100h,0100h,0100h,0100h,0100h,0100h,0100h,0100h	; x-7
(1) 4230/    1432 :                     ; 	dw 0100h,0100h,0100h,0100h,0100h,0100h,0100h,0100h,0100h,0100h,0100h,0100h	; x-8
(1) 4231/    1432 :                     ; 	dw 0100h,0100h,0100h,0100h,0100h,0100h,0100h,0100h,0100h,0100h,0100h,0100h	; x-9
(1) 4232/    1432 :                     
(1) 4233/    1432 :                     ; ----------------------------------------
(1) 4234/    1432 :                     ; SegaCD PCM
(1) 4235/    1432 :                     ; ----------------------------------------
(1) 4236/    1432 :                     wavFreq_CdPcm:
(1) 4237/    1432 :                     	;     C     C#     D      D#     E      F      F#     G      G#     A      A#     B
(1) 4238/    1432 :                     ; 	dw  0100h, 0100h, 0100h, 0100h, 0100h, 0100h, 0100h, 0100h, 0100h, 0100h, 0100h, 0100h	; x-0
(1) 4239/    1432 :                     ; 	dw  0100h, 0100h, 0100h, 0100h, 0100h, 0100h, 0100h, 0100h, 0100h, 0100h, 0100h, 0100h	; x-1
(1) 4240/    1432 : F8 00 08 01 1C 01   	dw  00F8h, 0108h, 011Ch, 0128h, 013Ch, 014Ch, 0160h, 017Ch, 0188h, 01AAh, 01BCh, 01DCh	; x-2  4000 ok
             1438 : 28 01 3C 01 4C 01 
             143E : 60 01 7C 01 88 01 
             1444 : AA 01 BC 01 DC 01 
(1) 4241/    144A : F8 01 14 02 3C 02   	dw  01F8h, 0214h, 023Ch, 0258h, 027Ch, 02A0h, 02C8h, 02FCh, 031Ch, 0354h, 037Ch, 03B8h	; x-3  8000 ok
             1450 : 58 02 7C 02 A0 02 
             1456 : C8 02 FC 02 1C 03 
             145C : 54 03 7C 03 B8 03 
(1) 4242/    1462 : F0 03 28 04 68 04   	dw  03F0h, 0428h, 0468h, 04ACh, 04ECh, 0540h, 0590h, 05E4h, 063Ch, 0698h, 0704h, 0760h	; x-4 16000 ok
             1468 : AC 04 EC 04 40 05 
             146E : 90 05 E4 05 3C 06 
             1474 : 98 06 04 07 60 07 
(1) 4243/    147A : DC 07 48 08 D4 08   	dw  07DCh, 0848h, 08D4h, 0960h, 09F0h, 0A64h, 0B04h, 0BAAh, 0C60h, 0D18h, 0DE4h, 0EB8h	; x-5 32000 ok
             1480 : 60 09 F0 09 64 0A 
             1486 : 04 0B AA 0B 60 0C 
             148C : 18 0D E4 0D B8 0E 
(1) 4244/    1492 : B0 0F 74 10 84 11   	dw  0FB0h, 1074h, 1184h, 1280h, 139Ch, 14C8h, 1624h, 174Ch, 18DCh, 1A38h, 1BE0h, 1D94h	; x-6 64000 untested
             1498 : 80 12 9C 13 C8 14 
             149E : 24 16 4C 17 DC 18 
             14A4 : 38 1A E0 1B 94 1D 
(1) 4245/    14AA :                     ; 	dw  1F64h, 20FCh, 2330h, 2524h, 2750h, 29B4h, 2C63h, 2F63h, 31E0h, 347Bh, 377Bh, 3B41h	; x-7 128000 bad
(1) 4246/    14AA :                     ; 	dw  3EE8h, 4206h, 4684h, 4A5Ah, 4EB5h, 5379h, 58E1h, 5DE0h, 63C0h, 68FFh, 6EFFh, 783Ch	; x-8 256000 bad
(1) 4247/    14AA :                     ; 	dw  7FC2h, 83FCh, 8D14h, 9780h,0AA5Dh,0B1F9h,   -1 ,   -1 ,   -1 ,   -1 ,   -1 ,   -1 	; x-9 bad
(1) 4248/    14AA :                     
(1) 4249/    14AA :                     ; ====================================================================
(1) 4250/    14AA :                     ; ----------------------------------------------------------------
(1) 4251/    14AA :                     ; Chip buffers
(1) 4252/    14AA :                     ; ----------------------------------------------------------------
(1) 4253/    14AA :                     
(1) 4254/    14AA : 00 00 00 00 00 00   pcmcom:	db 00h,00h,00h,00h,00h,00h,00h,00h	; 0 - Playback bits: %0000PCOK Pitchbend/keyCut/keyOff/KeyOn
             14B0 : 00 00             
(1) 4255/    14B2 : 00 00 00 00 00 00   	db 00h,00h,00h,00h,00h,00h,00h,00h	; 8 - Pitch MSB
             14B8 : 00 00             
(1) 4256/    14BA : 00 00 00 00 00 00   	db 00h,00h,00h,00h,00h,00h,00h,00h	; 16 - Pitch LSB
             14C0 : 00 00             
(1) 4257/    14C2 : FF FF FF FF FF FF   	db -1,-1,-1,-1,-1,-1,-1,-1		; 24 - Volume
             14C8 : FF FF             
(1) 4258/    14CA : FF FF FF FF FF FF   	db -1,-1,-1,-1,-1,-1,-1,-1		; 32 - CURRENT Panning %RRRRLLLL
             14D0 : FF FF             
(1) 4259/    14D2 : 00 00 00 00 00 00   	db 00h,00h,00h,00h,00h,00h,00h,00h	; 40 - 24-bit sample location in Sub-CPU area
             14D8 : 00 00             
(1) 4260/    14DA : 00 00 00 00 00 00   	db 00h,00h,00h,00h,00h,00h,00h,00h	; 48
             14E0 : 00 00             
(1) 4261/    14E2 : 00 00 00 00 00 00   	db 00h,00h,00h,00h,00h,00h,00h,00h	; 56
             14E8 : 00 00             
(1) 4262/    14EA :                     
(1) 4263/    14EA : 00 00 00 00 00 00   pwmcom:	db 00h,00h,00h,00h,00h,00h,00h,00h	; 0 - Playback bits: %0000PCOK Pitchbend/keyCut/keyOff/KeyOn
             14F0 : 00 00             
(1) 4264/    14F2 : 00 00 00 00 00 00   	db 00h,00h,00h,00h,00h,00h,00h,00h	; 8 - Volume | Pitch MSB
             14F8 : 00 00             
(1) 4265/    14FA : 00 00 00 00 00 00   	db 00h,00h,00h,00h,00h,00h,00h,00h	; 16 - Pitch LSB
             1500 : 00 00             
(1) 4266/    1502 : 00 00 00 00 00 00   	db 00h,00h,00h,00h,00h,00h,00h,00h	; 24 - Flags+MSB bits of sample %SlLRxxxx Stereo/Loop/Left/Right
             1508 : 00 00             
(1) 4267/    150A : 00 00 00 00 00 00   	db 00h,00h,00h,00h,00h,00h,00h,00h	; 32 - ''
             1510 : 00 00             
(1) 4268/    1512 : 00 00 00 00 00 00   	db 00h,00h,00h,00h,00h,00h,00h,00h
             1518 : 00 00             
(1) 4269/    151A : 00 00 00 00 00 00   	db 00h,00h,00h,00h,00h,00h,00h,00h
             1520 : 00 00             
(1) 4270/    1522 :                     
(1) 4271/    1522 : 00 00 00 00         psgcom:	db 00h,00h,00h,00h	;  0 - command 1 = key on, 2 = key off, 4 = stop snd
(1) 4272/    1526 : FF FF FF FF         	db -1, -1, -1, -1	;  4 - output level attenuation (%llll.0000, -1 = silent)
(1) 4273/    152A : 00 00 00 00         	db 00h,00h,00h,00h	;  8 - attack rate (START)
(1) 4274/    152E : 00 00 00 00         	db 00h,00h,00h,00h	; 12 - decay rate
(1) 4275/    1532 : 00 00 00 00         	db 00h,00h,00h,00h	; 16 - sustain level attenuation (MAXIMUM)
(1) 4276/    1536 : 00 00 00 00         	db 00h,00h,00h,00h	; 20 - release rate
(1) 4277/    153A : 00 00 00 00         	db 00h,00h,00h,00h	; 24 - envelope mode 0 = off, 1 = attack, 2 = decay, 3 = sustain
(1) 4278/    153E : 00 00 00 00         	db 00h,00h,00h,00h	; 28 - freq bottom 4 bits
(1) 4279/    1542 : 00 00 00 00         	db 00h,00h,00h,00h	; 32 - freq upper 6 bits
(1) 4280/    1546 : 00 00 00 00         	db 00h,00h,00h,00h	; 36 - attack level attenuation
(1) 4281/    154A : 00 00 00 00         	db 00h,00h,00h,00h	; 40 - flags to indicate hardware should be updated
(1) 4282/    154E : 00 00 00 00         	db 00h,00h,00h,00h	; 44 - timer for sustain
(1) 4283/    1552 : 00 00 00 00         	db 00h,00h,00h,00h	; 48 - MAX Volume
(1) 4284/    1556 : 00 00 00 00         	db 00h,00h,00h,00h	; 52 - Vibrato value
(1) 4285/    155A : 00 00 00 00         	db 00h,00h,00h,00h	; 56 - General timer
(1) 4286/    155E :                     
(1) 4287/    155E :                     ; --------------------------------------------------------
(1) 4288/    155E :                     fmcach_1	ds 28h
(1) 4289/    1586 :                     fmcach_2	ds 28h
(1) 4290/    15AE :                     fmcach_3	ds 28h
(1) 4291/    15D6 :                     fmcach_4	ds 28h
(1) 4292/    15FE :                     fmcach_5	ds 28h
(1) 4293/    1626 :                     fmcach_6	ds 28h
(1) 4294/    164E :                     fmlist_rsave	ds 4*3		; 4 bytes per channel: 0000h,00h,00h
(1) 4295/    165A :                     trkInfoCach	ds 4
(1) 4296/    165E :                     		ds 4*3		; _rsave followup
(1) 4297/    166A :                     
(1) 4298/    166A :                     ; ====================================================================
(1) 4299/    166A :                     ; ----------------------------------------------------------------
(1) 4300/    166A :                     ; Track buffers
(1) 4301/    166A :                     ; ----------------------------------------------------------------
(1) 4302/    166A :                     
(1) 4303/    166A :                     trkHdrs_0	ds 8*4			; dw point,rowcntr
(1) 4304/    168A :                     trkHdrs_1	ds 8*4
(1) 4305/    16AA :                     trkHdrs_2	ds 8*4
(1) 4306/    16CA :                     trkBlks_0	ds 8
(1) 4307/    16D2 :                     trkBlks_1	ds 8
(1) 4308/    16DA :                     trkBlks_2	ds 8
(1) 4309/    16E2 :                     trkBuff_0	ds seq_ChnIndx+MAX_TRKINDX
(1) 4310/    1721 :                     trkBuff_1	ds seq_ChnIndx+MAX_TRKINDX
(1) 4311/    1760 :                     trkBuff_2	ds seq_ChnIndx+MAX_TRKINDX
(1) 4312/    179F : 5E 15               fmcach_list:	dw fmcach_1
(1) 4313/    17A1 : 86 15               		dw fmcach_2
(1) 4314/    17A3 : AE 15               		dw fmcach_3
(1) 4315/    17A5 : 00                  marsUpd		db 0			; Flag to request a PWM transfer
(1) 4316/    17A6 : 00                  mcdUpd		db 0			; Flag to request a PCM transfer
(1) 4317/    17A7 : D6 15               		dw fmcach_4		; Followup
(1) 4318/    17A9 : FE 15               		dw fmcach_5
(1) 4319/    17AB : 26 16               		dw fmcach_6
(1) 4320/    17AD : 00 00 00            dDacPntr	db 0,0,0	; WAVE play current ROM position
(1) 4321/    17B0 : 00 00 00            dDacCntr	db 0,0,0	; WAVE play length counter
(1) 4322/    17B3 :                     headerOut	ds 00Eh		; Temporal storage for 68k pointers
(1) 4323/    17C1 :                     headerOut_e	ds 2		; <-- reverse readpoint
(1) 4324/    17C3 :                     sampleHead	ds 006h
(1) 4325/    17C9 :                     instListOut	ds 8
(1) 4326/    17D1 :                     
(1) 4327/    17D1 :                     ; ====================================================================
(1) 4328/    17D1 :                     ; --------------------------------------------------------
(1) 4329/    17D1 :                     ; MASTER buffers list
(1) 4330/    17D1 :                     ;
(1) 4331/    17D1 :                     ; dw track_buffer
(1) 4332/    17D1 :                     ; dw channel_list,block_cache,header_cache,track_cache*
(1) 4333/    17D1 :                     ;
(1) 4334/    17D1 :                     ; * Cache MUST be aligned and in 1-bit sizes
(1) 4335/    17D1 :                     ; --------------------------------------------------------
(1) 4336/    17D1 :                     
(1) 4337/    17D1 :                     nikona_BuffList:
(1) 4338/    17D1 : E2 16 CA 16 6A 16   	dw trkBuff_0,trkBlks_0,trkHdrs_0,trkCach_0
             17D7 : 00 1F             
(1) 4339/    17D9 : 21 17 D2 16 8A 16   	dw trkBuff_1,trkBlks_1,trkHdrs_1,trkCach_1
             17DF : 20 1F             
(1) 4340/    17E1 : 60 17 DA 16 AA 16   	dw trkBuff_2,trkBlks_2,trkHdrs_2,trkCach_2
             17E7 : 40 1F             
(1) 4341/    17E9 :                     nikona_BuffList_e:
(1) 4342/    17E9 : FF FF               	dw -1	; ENDOFLIST
(1) 4343/    17EB :                     
(1) 4344/    17EB :                     ; ====================================================================
(1) 4345/    17EB :                     ; --------------------------------------------------------
(1) 4346/    17EB :                     ; Channel tables
(1) 4347/    17EB :                     ;
(1) 4348/    17EB :                     ; PSG   80h
(1) 4349/    17EB :                     ; PSGN  90h
(1) 4350/    17EB :                     ; FM   0A0h
(1) 4351/    17EB :                     ; FM3  0B0h
(1) 4352/    17EB :                     ; DAC  0C0h
(1) 4353/    17EB :                     ; PCM  0D0h
(1) 4354/    17EB :                     ; PWM  0E0h
(1) 4355/    17EB :                     ; --------------------------------------------------------
(1) 4356/    17EB :                     
(1) 4357/    1B00 :                     		org 1B00h			; <-- MUST BE x0h ALIGNED
(1) 4358/    1B00 : 0E 01               tblList:	dw tblPSG-tblList		;  80h
(1) 4359/    1B02 : 46 81               		dw tblPSGN-tblList|8000h	;  90h *
(1) 4360/    1B04 : A0 00               		dw tblFM-tblList		; 0A0h
(1) 4361/    1B06 : E8 80               		dw tblFM3-tblList|8000h		; 0B0h *
(1) 4362/    1B08 : FA 80               		dw tblFM6-tblList|8000h		; 0C0h *
(1) 4363/    1B0A : 0E 00               		dw tblPCM-tblList		; 0D0h
(1) 4364/    1B0C : 58 01               		dw tblPWM-tblList		; 0E0h
(1) 4365/    1B0E :                     ; 		dw 0				; 0F0h
(1) 4366/    1B0E :                     ; --------------------------------------------------------
(1) 4367/    1B0E : 00 00 00 00 00 00   tblPCM:		db 00h,00h,00h,00h,00h,00h,00h,00h,00h,00h	; Channel 1
             1B14 : 00 00 00 00       
(1) 4368/    1B18 : 00 00 00 00 00 00   		db 00h,00h,00h,00h,00h,00h,00h,00h
             1B1E : 00 00             
(1) 4369/    1B20 : 00 00 00 01 00 00   		db 00h,00h,00h,01h,00h,00h,00h,00h,00h,00h	; Channel 2
             1B26 : 00 00 00 00       
(1) 4370/    1B2A : 00 00 00 00 00 00   		db 00h,00h,00h,00h,00h,00h,00h,00h
             1B30 : 00 00             
(1) 4371/    1B32 : 00 00 00 02 00 00   		db 00h,00h,00h,02h,00h,00h,00h,00h,00h,00h	; Channel 3
             1B38 : 00 00 00 00       
(1) 4372/    1B3C : 00 00 00 00 00 00   		db 00h,00h,00h,00h,00h,00h,00h,00h
             1B42 : 00 00             
(1) 4373/    1B44 : 00 00 00 03 00 00   		db 00h,00h,00h,03h,00h,00h,00h,00h,00h,00h	; Channel 4
             1B4A : 00 00 00 00       
(1) 4374/    1B4E : 00 00 00 00 00 00   		db 00h,00h,00h,00h,00h,00h,00h,00h
             1B54 : 00 00             
(1) 4375/    1B56 : 00 00 00 04 00 00   		db 00h,00h,00h,04h,00h,00h,00h,00h,00h,00h	; Channel 5
             1B5C : 00 00 00 00       
(1) 4376/    1B60 : 00 00 00 00 00 00   		db 00h,00h,00h,00h,00h,00h,00h,00h
             1B66 : 00 00             
(1) 4377/    1B68 : 00 00 00 05 00 00   		db 00h,00h,00h,05h,00h,00h,00h,00h,00h,00h	; Channel 6
             1B6E : 00 00 00 00       
(1) 4378/    1B72 : 00 00 00 00 00 00   		db 00h,00h,00h,00h,00h,00h,00h,00h
             1B78 : 00 00             
(1) 4379/    1B7A : 00 00 00 06 00 00   		db 00h,00h,00h,06h,00h,00h,00h,00h,00h,00h	; Channel 7
             1B80 : 00 00 00 00       
(1) 4380/    1B84 : 00 00 00 00 00 00   		db 00h,00h,00h,00h,00h,00h,00h,00h
             1B8A : 00 00             
(1) 4381/    1B8C : 00 00 00 07 00 00   		db 00h,00h,00h,07h,00h,00h,00h,00h,00h,00h	; Channel 8
             1B92 : 00 00 00 00       
(1) 4382/    1B96 : 00 00 00 00 00 00   		db 00h,00h,00h,00h,00h,00h,00h,00h
             1B9C : 00 00             
(1) 4383/    1B9E : FF FF               		dw -1	; end-of-list
(1) 4384/    1BA0 : 00 00 00 00 00 00   tblFM:		db 00h,00h,00h,00h,00h,00h,00h,00h,00h,00h	; Channel 1
             1BA6 : 00 00 00 00       
(1) 4385/    1BAA : 00 00 00 00 00 00   		db 00h,00h,00h,00h,00h,00h,00h,00h
             1BB0 : 00 00             
(1) 4386/    1BB2 : 00 00 00 01 00 00   		db 00h,00h,00h,01h,00h,00h,00h,00h,00h,00h	; Channel 2
             1BB8 : 00 00 00 00       
(1) 4387/    1BBC : 00 00 00 00 00 00   		db 00h,00h,00h,00h,00h,00h,00h,00h
             1BC2 : 00 00             
(1) 4388/    1BC4 : 00 00 00 04 00 00   		db 00h,00h,00h,04h,00h,00h,00h,00h,00h,00h	; Channel 4 <--
             1BCA : 00 00 00 00       
(1) 4389/    1BCE : 00 00 00 00 00 00   		db 00h,00h,00h,00h,00h,00h,00h,00h
             1BD4 : 00 00             
(1) 4390/    1BD6 : 00 00 00 05 00 00   		db 00h,00h,00h,05h,00h,00h,00h,00h,00h,00h	; Channel 5
             1BDC : 00 00 00 00       
(1) 4391/    1BE0 : 00 00 00 00 00 00   		db 00h,00h,00h,00h,00h,00h,00h,00h
             1BE6 : 00 00             
(1) 4392/    1BE8 : 00 00 00 02 00 00   tblFM3:		db 00h,00h,00h,02h,00h,00h,00h,00h,00h,00h	; Channel 3 <--
             1BEE : 00 00 00 00       
(1) 4393/    1BF2 : 00 00 00 00 00 00   		db 00h,00h,00h,00h,00h,00h,00h,00h
             1BF8 : 00 00             
(1) 4394/    1BFA : 00 00 00 06 00 00   tblFM6:		db 00h,00h,00h,06h,00h,00h,00h,00h,00h,00h	; Channel 6 <--
             1C00 : 00 00 00 00       
(1) 4395/    1C04 : 00 00 00 00 00 00   		db 00h,00h,00h,00h,00h,00h,00h,00h
             1C0A : 00 00             
(1) 4396/    1C0C : FF FF               		dw -1	; end-of-list
(1) 4397/    1C0E : 00 00 00 00 00 00   tblPSG:		db 00h,00h,00h,00h,00h,00h,00h,00h,00h,00h	; Channel 1
             1C14 : 00 00 00 00       
(1) 4398/    1C18 : 00 00 00 00 00 00   		db 00h,00h,00h,00h,00h,00h,00h,00h
             1C1E : 00 00             
(1) 4399/    1C20 : 00 00 00 01 00 00   		db 00h,00h,00h,01h,00h,00h,00h,00h,00h,00h	; Channel 2
             1C26 : 00 00 00 00       
(1) 4400/    1C2A : 00 00 00 00 00 00   		db 00h,00h,00h,00h,00h,00h,00h,00h
             1C30 : 00 00             
(1) 4401/    1C32 : 00 00 00 02 00 00   		db 00h,00h,00h,02h,00h,00h,00h,00h,00h,00h	; Channel 3
             1C38 : 00 00 00 00       
(1) 4402/    1C3C : 00 00 00 00 00 00   		db 00h,00h,00h,00h,00h,00h,00h,00h
             1C42 : 00 00             
(1) 4403/    1C44 : FF FF               		dw -1	; end-of-list
(1) 4404/    1C46 : 00 00 00 03 00 00   tblPSGN:	db 00h,00h,00h,03h,00h,00h,00h,00h,00h,00h	; Noise
             1C4C : 00 00 00 00       
(1) 4405/    1C50 : 00 00 00 00 00 00   		db 00h,00h,00h,00h,00h,00h,00h,00h
             1C56 : 00 00             
(1) 4406/    1C58 : 00 00 00 00 00 00   tblPWM:		db 00h,00h,00h,00h,00h,00h,00h,00h,00h,00h	; Channel 1
             1C5E : 00 00 00 00       
(1) 4407/    1C62 : 00 00 00 00 00 00   		db 00h,00h,00h,00h,00h,00h,00h,00h
             1C68 : 00 00             
(1) 4408/    1C6A : 00 00 00 01 00 00   		db 00h,00h,00h,01h,00h,00h,00h,00h,00h,00h	; Channel 2
             1C70 : 00 00 00 00       
(1) 4409/    1C74 : 00 00 00 00 00 00   		db 00h,00h,00h,00h,00h,00h,00h,00h
             1C7A : 00 00             
(1) 4410/    1C7C : 00 00 00 02 00 00   		db 00h,00h,00h,02h,00h,00h,00h,00h,00h,00h	; Channel 3
             1C82 : 00 00 00 00       
(1) 4411/    1C86 : 00 00 00 00 00 00   		db 00h,00h,00h,00h,00h,00h,00h,00h
             1C8C : 00 00             
(1) 4412/    1C8E : 00 00 00 03 00 00   		db 00h,00h,00h,03h,00h,00h,00h,00h,00h,00h	; Channel 4
             1C94 : 00 00 00 00       
(1) 4413/    1C98 : 00 00 00 00 00 00   		db 00h,00h,00h,00h,00h,00h,00h,00h
             1C9E : 00 00             
(1) 4414/    1CA0 : 00 00 00 04 00 00   		db 00h,00h,00h,04h,00h,00h,00h,00h,00h,00h	; Channel 5
             1CA6 : 00 00 00 00       
(1) 4415/    1CAA : 00 00 00 00 00 00   		db 00h,00h,00h,00h,00h,00h,00h,00h
             1CB0 : 00 00             
(1) 4416/    1CB2 : 00 00 00 05 00 00   		db 00h,00h,00h,05h,00h,00h,00h,00h,00h,00h	; Channel 6
             1CB8 : 00 00 00 00       
(1) 4417/    1CBC : 00 00 00 00 00 00   		db 00h,00h,00h,00h,00h,00h,00h,00h
             1CC2 : 00 00             
(1) 4418/    1CC4 : 00 00 00 06 00 00   		db 00h,00h,00h,06h,00h,00h,00h,00h,00h,00h	; Channel 7
             1CCA : 00 00 00 00       
(1) 4419/    1CCE : 00 00 00 00 00 00   		db 00h,00h,00h,00h,00h,00h,00h,00h
             1CD4 : 00 00             
(1) 4420/    1CD6 : 00 00 00 07 00 00   		db 00h,00h,00h,07h,00h,00h,00h,00h,00h,00h	; Channel 8
             1CDC : 00 00 00 00       
(1) 4421/    1CE0 : 00 00 00 00 00 00   		db 00h,00h,00h,00h,00h,00h,00h,00h
             1CE6 : 00 00             
(1) 4422/    1CE8 : FF FF               		dw -1	; end-of-list
(1) 4423/    1CEA :                     ; ----------------------------------------------------------------
(1) 4424/    1CEA : 00 00               wave_Start	dw 0		; START: 68k 24-bit pointer
(1) 4425/    1CEC : 00                  		db 0
(1) 4426/    1CED : 00 00               wave_Len	dw 0		; LENGTH 24-bit
(1) 4427/    1CEF : 00                  		db 0
(1) 4428/    1CF0 : 00 00               wave_Loop	dw 0		; LOOP POINT 24-bit
(1) 4429/    1CF2 : 00                  		db 0
(1) 4430/    1CF3 : 00 01               wave_Pitch	dw 0100h	; 01.00h
(1) 4431/    1CF5 : 00                  wave_Flags	db 0		; WAVE playback flags (%10x: 1 loop / 0 no loop)
(1) 4432/    1CF6 :                     
(1) 4433/    1CF6 : 00                  tickSpSet	db 0		; **
(1) 4434/    1CF7 : 00                  tickFlag	db 0		; Tick flag from VBlank
(1) 4435/    1CF8 : 00                  tickCnt		db 0		; ** Tick counter (PUT THIS AFTER tickFlag)
(1) 4436/    1CF9 : 00                  currTickBits	db 0		; Current Tick/Subbeat flags (000000BTb B-beat, T-tick)
(1) 4437/    1CFA :                     
(1) 4438/    1CFA :                     ; ====================================================================
(1) 4439/    1CFA :                     ; ----------------------------------------------------------------
(1) 4440/    1CFA :                     ; Special aligned buffers
(1) 4441/    1CFA :                     ;
(1) 4442/    1CFA :                     ; Located at 1D00h
(1) 4443/    1CFA :                     ; ----------------------------------------------------------------
(1) 4444/    1CFA :                     
(1) 4445/    1D00 :                     		org 1D00h
(1) 4446/    1D00 :                     dWaveBuff	ds 100h				; WAVE data buffer: 100h bytes
(1) 4447/    1E00 :                     trkChnls	ds 8*MAX_TRKCHN
(1) 4448/    1F00 :                     trkCach_0	ds MAX_RCACH
(1) 4449/    1F20 :                     trkCach_1	ds MAX_RCACH
(1) 4450/    1F40 :                     trkCach_2	ds MAX_RCACH
(1) 4451/    1F60 :                     
(1) 4452/    1F60 :                     ; ====================================================================
(1) 4453/    1F60 :                     ; ----------------------------------------------------------------
(1) 4454/    1F60 :                     ; Control area
(1) 4455/    1F60 :                     ; * MANUAL ORDER, check gema.asm *
(1) 4456/    1F60 :                     ; ----------------------------------------------------------------
(1) 4457/    1F60 :                     
(1) 4458/    1F60 :                     		org 1F60h
(1) 4459/    1F60 :                     commZfifo	ds MAX_ZCMND			; Buffer for commands from 68k side
(1) 4460/    1F80 : 00                  commZWrite	db 0				; cmd fifo wptr (from 68k)
(1) 4461/    1F81 : 00                  commZRomBlk	db 0				; 68k ROM block flag
(1) 4462/    1F82 : 00 00               cdRamDst	db 0,0				; ** Z80 destination
(1) 4463/    1F84 : 00 00               cdRamSrc	db 0,0				; ** 68k 24-bit source
(1) 4464/    1F86 : 00                  cdRamSrcB	db 0				; **
(1) 4465/    1F87 : 00                  cdRamLen	db 0				; Size + status flag
(1) 4466/    1F88 : 00                  palMode		db 0				; PAL mode flag
(1) 4467/    1F89 : 00                  mcdBlock	db 0				; Flag to BLOCK PCM transfers.
(1) 4468/    1F8A : 00                  marsBlock	db 0				; Flag to BLOCK PWM transfers.
(1) 4469/    1F8B :                     
(1) 4470/    1F8B :                     ; --------------------------------------------------------
(1) 4471/    4057 :                     		dephase
(1) 4472/    4057 :                     		cpu 68000		; [AS] Return to 68k
(1) 4473/    4057 :                     		padding off		; [AS] NO padding
(1) 4474/    4057 :                     		align 2
(1) 4475/    4058 :                     
     302/    4058 :                     Z80_CODE_END:
     309/    4058 :                     Z80_CODE_EOF:
     310/    4058 :                     
     311/    4058 :                     ; ====================================================================
     312/    4058 :                     ; --------------------------------------------------------
     313/    4058 :                     ; SEGA CD SUB-CPU data
     314/    4058 :                     ; --------------------------------------------------------
     315/    4058 :                     
     330/    4058 :                     
     331/    4058 :                     ; ====================================================================
     332/    4058 :                     ; ----------------------------------------------------------------
     333/    4058 :                     ; SH2 code sent to SDRAM area
     334/    4058 :                     ; ----------------------------------------------------------------
     335/    4058 :                     
     341/    4058 :                     MARS_RAMCODE:
     347/    4058 :                     		align 4
     349/    4058 :                     MARS_RAMCODE_E:
     354/    4058 :                     
     355/    4058 :                     ; ====================================================================
     356/    4058 :                     ; --------------------------------------------------------
     357/    4058 :                     ; CODE
     358/    4058 :                     ; --------------------------------------------------------
     359/    4058 :                     
     360/    4058 :                     		include "game/incl_code.asm"
(1)    1/    4058 :                     ; ====================================================================
(1)    2/    4058 :                     ; ----------------------------------------------------------------
(1)    3/    4058 :                     ; CODE Section
(1)    4/    4058 :                     ; ----------------------------------------------------------------
(1)    5/    4058 :                     
(1)    6/    4058 :                     ; ------------------------------------------------------------
(1)    7/    4058 :                     ; Usage:
(1)    8/    4058 :                     ; 	code_bank START_LABEL,END_LABEL,CODE_PATH
(1)    9/    4058 :                     ;
(1)   10/    4058 :                     ; Go to incl_list.asm add an entry in .screen_list:
(1)   11/    4058 :                     ; 	dc.l START_LABEL		; Label
(1)   12/    4058 :                     ; 	dc.b "SCR_EXMP.BIN"		; ISO filename
(1)   13/    4058 :                     ; * IN ORDER by ID *
(1)   14/    4058 :                     ;
(1)   15/    4058 :                     ; CD/CD32X:
(1)   16/    4058 :                     ; Labels and ISO filename at iso_files.asm
(1)   17/    4058 :                     ; ------------------------------------------------------------
(1)   18/    4058 :                     
(1)   19/    4058 : (MACRO)              	code_bank Md_Screen00,Md_Screen00_e,"game/code/main.asm"
(1)   19/    4058 : =$4058               MD_SCREEN00 label *                        ; Register start label
(1)   19/    4058 :                     mctopscrn:
(1)   19/    4058 :                     mcscrn_s:
(1)   19/    4058 :                             include "game/code/main.asm";"game/screenX/code.asm"
(2)    1/    4058 :                     ; ===========================================================================
(2)    2/    4058 :                     ; ----------------------------------------------------------------
(2)    3/    4058 :                     ; SCREEN CODE
(2)    4/    4058 :                     ; ----------------------------------------------------------------
(2)    5/    4058 :                     
(2)    6/    4058 :                     ; ====================================================================
(2)    7/    4058 :                     ; ------------------------------------------------------
(2)    8/    4058 :                     ; Variables
(2)    9/    4058 :                     ; ------------------------------------------------------
(2)   10/    4058 :                     
(2)   11/    4058 : =$4                  MAX_SC0_OPTIONS		equ 4
(2)   12/    4058 :                     
(2)   13/    4058 :                     ; ====================================================================
(2)   14/    4058 :                     ; ------------------------------------------------------
(2)   15/    4058 :                     ; Structs
(2)   16/    4058 :                     ; ------------------------------------------------------
(2)   17/    4058 :                     
(2)   18/    4058 :                     ; 			memory 2
(2)   19/    4058 :                     ; 			ds.b 2
(2)   20/    4058 :                     ; thisVram_BG		ds.b $419
(2)   21/    4058 :                     ; thisVram_BG_e		ds.b 0
(2)   22/    4058 :                     ; 			endmemory
(2)   23/    4058 :                     
(2)   24/    4058 :                     ; ====================================================================
(2)   25/    4058 :                     ; ------------------------------------------------------
(2)   26/    4058 :                     ; This screen's RAM
(2)   27/    4058 :                     ; ------------------------------------------------------
(2)   28/    4058 :                     
(2)   29/    4058 :  (MACRO-2)           			memory RAM_ScrnBuff
(2)   29/    4058 : =$4058               GLBL_LASTPC     := *
(2)   29/    4058 :                                     dephase
(2)   29/FFFFFFFFFFFFB000 :                                     phase RAM_SCRNBUFF
(2)   29/FFFFFFFFFFFFB000 : =$FFFFFFFFFFFFB000   GLBL_LASTORG    := *
(2)   30/FFFFFFFFFFFFB000 :                     RAM_SC0_CurrOption	ds.w 1
(2)   31/FFFFFFFFFFFFB002 :                     RAM_SC0_OldOption	ds.w 1
(2)   32/FFFFFFFFFFFFB004 :                     .sizeof_this		ds.l 0
(2)   33/FFFFFFFFFFFFB008 :  (MACRO-2)           			endmemory
(2)   33/    4060 :                     .here:          dephase
(2)   33/    4060 :                                     ds.b -(.here-GLBL_LASTORG)
(2)   33/    4058 :                                     phase GLBL_LASTPC
(2)   34/    4058 :  (MACRO-2)           			erreport "This screen",.sizeof_this-RAM_ScrnBuff,MAX_ScrnBuff
(2)   35/    4058 :                     
(2)   36/    4058 :                     ; ====================================================================
(2)   37/    4058 :                     ; ------------------------------------------------------
(2)   38/    4058 :                     ; Init
(2)   39/    4058 :                     ; ------------------------------------------------------
(2)   40/    4058 :                     
(2)   41/    4058 : 6100 C90E           		bsr	Video_DisplayOff			; Disable VDP Display
(2)   42/    405C : 6100 DA1A           		bsr	System_Default				; Default system settings
(2)   43/    4060 :                     	; ----------------------------------------------
(2)   44/    4060 :                     	; Init/Load save
(2)   45/    4060 :                     ; 		addq.l	#1,(RAM_Save_Counter).w
(2)   46/    4060 :                     ; 		bsr	System_SramSave				; Save to SRAM/BRAM
(2)   47/    4060 :                     	; ----------------------------------------------
(2)   48/    4060 :                     	; Init Print
(2)   49/    4060 : 203C 0000 4DDE      		move.l	#DATA_BANK0,d0				; Load MAIN DATA bank
(2)   50/    4066 : 6100 DD0A           		bsr	System_SetDataBank
(2)   51/    406A : 203C 0003 700A      		move.l	#ASCII_FONT,d0
(2)   52/    4070 : 323C 05A0           		move.w	#DEF_PrintVram,d1
(2)   53/    4074 : 6100 D144           		bsr	Video_PrintInit
(2)   54/    4078 : 203C 0003 7C0A      		move.l	#ASCII_FONT_W,d0
(2)   55/    407E : 323C 04E0           		move.w	#DEF_PrintVramW,d1
(2)   56/    4082 : 6100 D130           		bsr	Video_PrintInitW
(2)   57/    4086 : 6100 D13C           		bsr	Video_PrintDefPal_Fade
(2)   58/    408A :                     	; ----------------------------------------------
(2)   59/    408A :                     ; 		move.l	#ART_TESTBG,d0
(2)   60/    408A :                     ; 		move.w	#cell_num(thisVram_BG),d1
(2)   61/    408A :                     ; 		move.w	#cell_num(thisVram_BG_e-thisVram_BG),d2
(2)   62/    408A :                     ; 		bsr	Video_LoadArt
(2)   63/    408A :                     ; 		lea	(MAP_TESTBG),a0
(2)   64/    408A :                     ; 		move.l	#splitw(0,0),d0
(2)   65/    408A :                     ; 		move.l	#splitw(320/8,224/8),d1
(2)   66/    408A :                     ; 		move.l	#splitw(DEF_HSIZE_64,DEF_VRAM_BG),d2
(2)   67/    408A :                     ; 		move.w	#thisVram_BG|$4000,d3
(2)   68/    408A :                     ; 		bsr	Video_LoadMap
(2)   69/    408A :                     ; 		lea	(PAL_TESTBG),a0
(2)   70/    408A :                     ; 		moveq	#32,d0
(2)   71/    408A :                     ; 		moveq	#16,d1
(2)   72/    408A :                     ; 		bsr	Video_FadePal
(2)   89/    408A :                     	; ----------------------------------------------
(2)   90/    408A : 41FA 0182           		lea	str_MenuText(pc),a0
(2)   91/    408E : 7001                		moveq	#1,d0					; X/Y position: 1,1
(2)   92/    4090 : 7201                		moveq	#1,d1
(2)   93/    4092 : 343C 64E0           		move.w	#DEF_PrintVramW|DEF_PrintPal,d2		; FG VRAM location
(2)   94/    4096 : 263C 0080 C000      		move.l	#splitw(DEF_HSIZE_64,DEF_VRAM_FG),d3	; FG width
(2)   95/    409C : 6100 D1CE           		bsr	Video_PrintW
(2)   96/    40A0 :                     ; 		lea	(RAM_Save_Counter).w,a0
(2)   97/    40A0 :                     ; 		move.l	#3,a1
(2)   98/    40A0 :                     ; 		moveq	#1,d0
(2)   99/    40A0 :                     ; 		moveq	#3,d1
(2)  100/    40A0 :                     ; 		move.w	#DEF_PrintVramW|DEF_PrintPal,d2
(2)  101/    40A0 :                     ; 		move.l	#splitw(DEF_HSIZE_64,DEF_VRAM_FG),d3
(2)  102/    40A0 :                     ; 		bsr	Video_PrintValW
(2)  103/    40A0 : 6128                		bsr	.loop_print				; Draw counter
(2)  104/    40A2 :                     ; 		moveq	#0,d0
(2)  105/    40A2 :                     ; 		moveq	#0,d1
(2)  106/    40A2 :                     ; 		bsr	gemaPlaySeqAuto
(2)  107/    40A2 :                     	; ----------------------------------------------
(2)  108/    40A2 : 6100 C8B8           		bsr	Video_DisplayOn				; Enable VDP Display
(2)  109/    40A6 : 6100 D032           		bsr	Video_FadeIn_Full			; Full fade-in w/Delay
(2)  110/    40AA :                     
(2)  111/    40AA :                     ; ====================================================================
(2)  112/    40AA :                     ; ------------------------------------------------------
(2)  113/    40AA :                     ; Loop
(2)  114/    40AA :                     ; ------------------------------------------------------
(2)  115/    40AA :                     
(2)  116/    40AA :                     .loop:
(2)  117/    40AA : 6100 D69E           		bsr	System_Render
(2)  118/    40AE : 611A                		bsr	.loop_print
(2)  119/    40B0 :                     
(2)  125/    40B0 :                     
(2)  126/    40B0 :                     	; CD only
(2)  127/    40B0 :                     	; check ABC+Start "home" combo
(2)  132/    40B0 :                     
(2)  133/    40B0 :                     		;!@
(2)  134/    40B0 :                     		;lea	(Controller_1).w,a6
(2)  135/    40B0 :                     		;move.w	pad_press(a6),d7
(2)  136/    40B0 :                     		;Check if ANY controllers have had Start button pressed
(2)  137/    40B0 : 6134                		bsr		.joyHandler
(2)  138/    40B2 : 3E39 FFFF D00A      		move.w	(RAM_Glbl_joy_press).l,d7
(2)  139/    40B8 : 0807 0007           		btst	#bitJoyStart,d7
(2)  140/    40BC : 67EC                		beq.s	.loop
(2)  141/    40BE :                     		
(2)  142/    40BE : 6100 D02C           		bsr	Video_FadeOut_Full
(2)  143/    40C2 : 31FC 0007 F180      		move.w	#7,(RAM_ScreenMode).w			; Go to Screen $07: GEMA tester
(2)  144/    40C8 : 4E75                		rts
(2)  145/    40CA :                     		
(2)  146/    40CA :                     ; ------------------------------------------------------
(2)  147/    40CA :                     ; Show framecounter and input
(2)  148/    40CA :                     ; ------------------------------------------------------
(2)  149/    40CA :                     
(2)  150/    40CA :                     .loop_print:
(2)  151/    40CA : 41F8 F0DC           		lea	(RAM_Framecount).w,a0			; Memory location to print
(2)  152/    40CE : 227C 0000 0003      		move.l	#3,a1					; Display type 3
(2)  153/    40D4 : 701F                		moveq	#31,d0
(2)  154/    40D6 : 7201                		moveq	#1,d1
(2)  155/    40D8 : 343C 64E0           		move.w	#DEF_PrintVramW|DEF_PrintPal,d2		; VRAM ascii location w/attr
(2)  156/    40DC : 263C 0080 C000      		move.l	#splitw(DEF_HSIZE_64,DEF_VRAM_FG),d3	; VRAM output location and width size
(2)  157/    40E2 : 6000 D2D2           		bra	Video_PrintValW
(2)  158/    40E6 :                     		
(2)  159/    40E6 :                     ; ------------------------------------------------------
(2)  160/    40E6 :                     ; !@ Joypad handler
(2)  161/    40E6 :                     ; Uses: a6,d7
(2)  162/    40E6 :                     ; ------------------------------------------------------		
(2)  163/    40E6 :                     .joyHandler:
(2)  164/    40E6 :                     	;Handle hold states
(2)  165/    40E6 : 4DF8 F0F8           	lea	(Controller_1).w,a6					;Put controller1_hold into RAM_Glbl_joy_hold (will be pico_pen in pico mode)
(2)  166/    40EA : 3E2E 0002           	move.w	pad_hold(a6),d7
(2)  167/    40EE : 33C7 FFFF D008      	move.w	d7,(RAM_Glbl_joy_hold).l
(2)  168/    40F4 : 4DF8 F10C           	lea	(Controller_2).w,a6					;Put controller2_hold into RAM_Glbl_joy2_hold (will be pico_ext in pico mode, P2 in Genesis mode)
(2)  169/    40F8 : 3E2E 0002           	move.w	pad_hold(a6),d7
(2)  170/    40FC : 33C7 FFFF D00E      	move.w	d7,(RAM_Glbl_joy2_hold).l
(2)  171/    4102 : 4DF8 F120           	lea	(Controller_3).w,a6					;Put controller3_hold into d7
(2)  172/    4106 : 3E2E 0002           	move.w	pad_hold(a6),d7
(2)  173/    410A : 8F79 FFFF D00E      	or.w	d7,(RAM_Glbl_joy2_hold).l		;OR (RAM_Glbl_joy2_hold,d7)
(2)  174/    4110 : 4DF8 F134           	lea	(Controller_4).w,a6					;Ditto OR for controller4_hold
(2)  175/    4114 : 3E2E 0002           	move.w	pad_hold(a6),d7
(2)  176/    4118 : 8F79 FFFF D00E      	or.w	d7,(RAM_Glbl_joy2_hold).l	
(2)  177/    411E : 4DF8 F148           	lea	(Controller_5).w,a6					;Ditto OR for controller5_hold
(2)  178/    4122 : 3E2E 0002           	move.w	pad_hold(a6),d7
(2)  179/    4126 : 8F79 FFFF D00E      	or.w	d7,(RAM_Glbl_joy2_hold).l
(2)  180/    412C :                     		
(2)  181/    412C :                     	;Repeat everything above, but for controller_press
(2)  182/    412C : 4DF8 F0F8           	lea	(Controller_1).w,a6
(2)  183/    4130 : 3E2E 0004           	move.w	pad_press(a6),d7
(2)  184/    4134 : 33C7 FFFF D00A      	move.w	d7,(RAM_Glbl_joy_press).l
(2)  185/    413A : 4DF8 F10C           	lea	(Controller_2).w,a6
(2)  186/    413E : 3E2E 0004           	move.w	pad_press(a6),d7
(2)  187/    4142 : 33C7 FFFF D010      	move.w	d7,(RAM_Glbl_joy2_press).l
(2)  188/    4148 : 4DF8 F120           	lea	(Controller_3).w,a6
(2)  189/    414C : 3E2E 0004           	move.w	pad_press(a6),d7
(2)  190/    4150 : 8F79 FFFF D010      	or.w	d7,(RAM_Glbl_joy2_press).l	
(2)  191/    4156 : 4DF8 F134           	lea	(Controller_4).w,a6
(2)  192/    415A : 3E2E 0004           	move.w	pad_press(a6),d7
(2)  193/    415E : 8F79 FFFF D010      	or.w	d7,(RAM_Glbl_joy2_press).l	
(2)  194/    4164 : 4DF8 F148           	lea	(Controller_5).w,a6
(2)  195/    4168 : 3E2E 0004           	move.w	pad_press(a6),d7
(2)  196/    416C : 8F79 FFFF D010      	or.w	d7,(RAM_Glbl_joy2_press).l
(2)  197/    4172 :                     	
(2)  198/    4172 :                     	;Repeat everything above, but for controller_release
(2)  199/    4172 : 4DF8 F0F8           	lea	(Controller_1).w,a6
(2)  200/    4176 : 3E2E 0006           	move.w	pad_release(a6),d7
(2)  201/    417A : 33C7 FFFF D00C      	move.w	d7,(RAM_Glbl_joy_release).l
(2)  202/    4180 : 4DF8 F10C           	lea	(Controller_2).w,a6
(2)  203/    4184 : 3E2E 0006           	move.w	pad_release(a6),d7
(2)  204/    4188 : 33C7 FFFF D012      	move.w	d7,(RAM_Glbl_joy2_release).l
(2)  205/    418E : 4DF8 F120           	lea	(Controller_3).w,a6
(2)  206/    4192 : 3E2E 0006           	move.w	pad_release(a6),d7
(2)  207/    4196 : 8F79 FFFF D012      	or.w	d7,(RAM_Glbl_joy2_release).l	
(2)  208/    419C : 4DF8 F134           	lea	(Controller_4).w,a6
(2)  209/    41A0 : 3E2E 0006           	move.w	pad_release(a6),d7
(2)  210/    41A4 : 8F79 FFFF D012      	or.w	d7,(RAM_Glbl_joy2_release).l	
(2)  211/    41AA : 4DF8 F148           	lea	(Controller_5).w,a6
(2)  212/    41AE : 3E2E 0006           	move.w	pad_release(a6),d7
(2)  213/    41B2 : 8F79 FFFF D012      	or.w	d7,(RAM_Glbl_joy2_release).l
(2)  214/    41B8 :                     	
(2)  215/    41B8 :                     	;Concatenate everything for final hold,press,release logical bitfields
(2)  216/    41B8 : 4DF9 FFFF D008      	lea		(RAM_Glbl_joy_hold).l,a6	;Load final joy_hold into a6
(2)  217/    41BE : 3E39 FFFF D00E      	move.w	(RAM_Glbl_joy2_hold).l,d7	;Move joy2_hold value into d7
(2)  218/    41C4 : 8F56                	or.w	d7,(a6)						;OR d7,valueAt(a6)
(2)  219/    41C6 :                     	;Repeat for joy_press
(2)  220/    41C6 : 4DF9 FFFF D00A      	lea		(RAM_Glbl_joy_press).l,a6
(2)  221/    41CC : 3E39 FFFF D010      	move.w	(RAM_Glbl_joy2_press).l,d7
(2)  222/    41D2 : 8F56                	or.w	d7,(a6)	
(2)  223/    41D4 :                     	;Repeat for joy_release
(2)  224/    41D4 : 4DF9 FFFF D00C      	lea		(RAM_Glbl_joy_release).l,a6
(2)  225/    41DA : 3E39 FFFF D012      	move.w	(RAM_Glbl_joy2_release).l,d7
(2)  226/    41E0 : 8F56                	or.w	d7,(a6)
(2)  227/    41E2 :                     	
(2)  228/    41E2 :                     	;If Genesis mode, overwrite joy2_hold,_press,_release with just final bitfield. We dont care
(2)  230/    41E2 : 3E39 FFFF D008      	move.w	(RAM_Glbl_joy_hold).l,d7	;Load final joy_hold into d7
(2)  231/    41E8 : 3C79 FFFF D00E      	move.w	(RAM_Glbl_joy2_hold).l,a6	;Load addr of joy2_hold
(2)  232/    41EE : 3C87                	move.w	d7,(a6)						;Move joy_hold value into joy2_hold addr	
(2)  233/    41F0 :                     	;Repeat for joy_press
(2)  234/    41F0 : 3E39 FFFF D00A      	move.w	(RAM_Glbl_joy_press).l,d7
(2)  235/    41F6 : 3C79 FFFF D010      	move.w	(RAM_Glbl_joy2_press).l,a6
(2)  236/    41FC : 3C87                	move.w	d7,(a6)
(2)  237/    41FE :                     	;Repeat for joy_release
(2)  238/    41FE : 3E39 FFFF D00C      	move.w	(RAM_Glbl_joy_release).l,d7
(2)  239/    4204 : 3C79 FFFF D012      	move.w	(RAM_Glbl_joy2_release).l,a6
(2)  240/    420A : 3C87                	move.w	d7,(a6)
(2)  242/    420C : 4E75                	rts
(2)  243/    420E :                     
(2)  244/    420E :                     ; ; ------------------------------------------------------
(2)  245/    420E :                     
(2)  246/    420E :                     ; ------------------------------------------------------
(2)  247/    420E :                     ; SCD ONLY
(2)  248/    420E :                     ; ------------------------------------------------------
(2)  249/    420E :                     
(2)  255/    420E :                     
(2)  256/    420E :                     ; ====================================================================
(2)  257/    420E :                     ; ------------------------------------------------------
(2)  258/    420E :                     ; Objects
(2)  259/    420E :                     ; ------------------------------------------------------
(2)  260/    420E :                     
(2)  261/    420E :                     ; ====================================================================
(2)  262/    420E :                     ; ------------------------------------------------------
(2)  263/    420E :                     ; Custom VBlank
(2)  264/    420E :                     ; ------------------------------------------------------
(2)  265/    420E :                     
(2)  266/    420E :                     ; ------------------------------------------------------
(2)  267/    420E :                     ; Custom HBlank
(2)  268/    420E :                     ; ------------------------------------------------------
(2)  269/    420E :                     
(2)  270/    420E :                     ; ====================================================================
(2)  271/    420E :                     ; ------------------------------------------------------
(2)  272/    420E :                     ; Includes for this screen
(2)  273/    420E :                     ; ------------------------------------------------------
(2)  274/    420E :                     
(2)  275/    420E :                     ; ====================================================================
(2)  276/    420E :                     ; ------------------------------------------------------
(2)  277/    420E :                     ; Small data section
(2)  278/    420E :                     ; ------------------------------------------------------
(2)  279/    420E :                     
(2)  280/    420E :                     str_MenuText:
(2)  281/    420E : 4E69 6B6F 6E61      		dc.b "Nikona screen template",$0A
             4214 : 2073 6372 6565 
             421A : 6E20 7465 6D70 
             4220 : 6C61 7465 0A       
(2)  282/    4225 : 00                  		dc.b 0
(2)  283/    4226 :                     		align 2
(2)  284/    4226 :                     
(2)  285/    4226 :                     ; ====================================================================
(2)  286/    4226 :                     
(1)   19/    4226 :                     mcscrn_e:
(1)   19/    4226 : =$4226               MD_SCREEN00_E label *
(1)   19/    4226 :  (MACRO-2)                   erreport "SCREEN CODE: MD_SCREEN00",mcscrn_e-mcscrn_s,MAX_UserCode
(1)   20/    4226 : (MACRO)              	code_bank Md_Screen07,Md_Screen07_e,"game/code/sound_test.asm"
(1)   20/    4226 : =$4226               MD_SCREEN07 label *                        ; Register start label
(1)   20/    4226 :                     mctopscrn:
(1)   20/    4226 :                     mcscrn_s:
(1)   20/    4226 :                             include "game/code/sound_test.asm";"game/screenX/code.asm"
(2)    1/    4226 :                     ; ===========================================================================
(2)    2/    4226 :                     ; ===========================================================================
(2)    3/    4226 :                     ; ----------------------------------------------------------------
(2)    4/    4226 :                     ; GEMA SOUND TESTER
(2)    5/    4226 :                     ; ----------------------------------------------------------------
(2)    6/    4226 :                     
(2)    7/    4226 :                     ; ====================================================================
(2)    8/    4226 :                     ; ------------------------------------------------------
(2)    9/    4226 :                     ; Settings
(2)   10/    4226 :                     ; ------------------------------------------------------
(2)   11/    4226 :                     
(2)   12/    4226 : =$1                  VIEW_GEMAINFO		equ True	; ** Using this causes loss of DAC quality **
(2)   13/    4226 : =$1                  VIEW_FAIRY		equ True		; Show status Dodo/Mifi/Fifi/Pifi
(2)   14/    4226 :                     
(2)   15/    4226 :                     ; ====================================================================
(2)   16/    4226 :                     ; ------------------------------------------------------
(2)   17/    4226 :                     ; Variables
(2)   18/    4226 :                     ; ------------------------------------------------------
(2)   19/    4226 :                     
(2)   20/    4226 : =$7                  MAX_SNDPICK		equ 7
(2)   21/    4226 : =$10                 SET_SNDVIEWY		equ 16
(2)   22/    4226 :                     
(2)   23/    4226 :                     ; ====================================================================
(2)   24/    4226 :                     ; ------------------------------------------------------
(2)   25/    4226 :                     ; Structs
(2)   26/    4226 :                     ; ------------------------------------------------------
(2)   27/    4226 :                     
(2)   28/    4226 :  (MACRO-2)           			memory 2
(2)   28/    4226 : =$4226               GLBL_LASTPC     := *
(2)   28/    4226 :                                     dephase
(2)   28/       2 :                                     phase 2
(2)   28/       2 : =$2                  GLBL_LASTORG    := *
(2)   29/       2 :                     setVram_Dodo		ds.b $30
(2)   30/      32 :                     setVram_Mimi		ds.b $30
(2)   31/      62 :                     setVram_Fifi		ds.b $30
(2)   32/      92 :                     setVram_Pifi		ds.b $30	;!@ New
(2)   33/      C2 :  (MACRO-2)           			endmemory
(2)   33/    42E6 :                     .here:          dephase
(2)   33/    42E6 :                                     ds.b -(.here-GLBL_LASTORG)
(2)   33/    4226 :                                     phase GLBL_LASTPC
(2)   34/    4226 :                     
(2)   35/    4226 :                     ; ====================================================================
(2)   36/    4226 :                     ; ------------------------------------------------------
(2)   37/    4226 :                     ; This mode's RAM
(2)   38/    4226 :                     ; ------------------------------------------------------
(2)   39/    4226 :                     
(2)   40/    4226 :  (MACRO-2)           			memory RAM_ScrnBuff
(2)   40/    4226 : =$4226               GLBL_LASTPC     := *
(2)   40/    4226 :                                     dephase
(2)   40/FFFFFFFFFFFFB000 :                                     phase RAM_SCRNBUFF
(2)   40/FFFFFFFFFFFFB000 : =$FFFFFFFFFFFFB000   GLBL_LASTORG    := *
(2)   41/FFFFFFFFFFFFB000 :                     RAM_ThisObjList		ds.b obj_len*64
(2)   42/FFFFFFFFFFFFCA00 :                     RAM_GemaCache_PSG	ds.l 3
(2)   43/FFFFFFFFFFFFCA0C :                     RAM_GemaCache_PSGN	ds.l 1
(2)   44/FFFFFFFFFFFFCA10 :                     RAM_GemaCache_FM	ds.l 4
(2)   45/FFFFFFFFFFFFCA20 :                     RAM_GemaCache_FM3	ds.l 1
(2)   46/FFFFFFFFFFFFCA24 :                     RAM_GemaCache_FM6	ds.l 1
(2)   47/FFFFFFFFFFFFCA28 :                     RAM_GemaCache_PCM	ds.l 8
(2)   48/FFFFFFFFFFFFCA48 :                     RAM_GemaCache_PWM	ds.l 8
(2)   49/FFFFFFFFFFFFCA68 :                     RAM_CurrPick		ds.w 1
(2)   50/FFFFFFFFFFFFCA6A :                     RAM_LastPick		ds.w 1
(2)   51/FFFFFFFFFFFFCA6C :                     RAM_GemaSeq		ds.w 1		; ''
(2)   52/FFFFFFFFFFFFCA6E :                     RAM_GemaBlk		ds.w 1		; ''
(2)   53/FFFFFFFFFFFFCA70 :                     RAM_GemaIndx		ds.w 1		; DONT MOVE
(2)   54/FFFFFFFFFFFFCA72 :                     RAM_GemaStatus		ds.w 4
(2)   55/FFFFFFFFFFFFCA7A :                     RAM_FairyVars		ds.w 1
(2)   56/FFFFFFFFFFFFCA7C :                     RAM_CurrBeats		ds.w 1
(2)   57/FFFFFFFFFFFFCA7E :                     RAM_Copy_fmSpecial	ds.w 1
(2)   58/FFFFFFFFFFFFCA80 :                     RAM_Copy_HasDac		ds.w 1
(2)   59/FFFFFFFFFFFFCA82 :                     RAM_ScratchW		ds.w 1	;!@ Scratch word
(2)   60/FFFFFFFFFFFFCA84 :                     RAM_ScratchB		ds.b 1	;!@ Scratch byte
(2)   61/FFFFFFFFFFFFCA85 :                     sizeof_thisbuff		ds.l 0
(2)   62/FFFFFFFFFFFFCA88 :  (MACRO-2)           			endmemory
(2)   62/    5CAE :                     .here:          dephase
(2)   62/    5CAE :                                     ds.b -(.here-GLBL_LASTORG)
(2)   62/    4226 :                                     phase GLBL_LASTPC
(2)   63/    4226 :                     
(2)   64/    4226 :  (MACRO-2)           	erreport "THIS SCREEN",sizeof_thisbuff-RAM_ScrnBuff,MAX_ScrnBuff
(2)   65/    4226 :                     
(2)   66/    4226 :                     ; ====================================================================
(2)   67/    4226 :                     ; ------------------------------------------------------
(2)   68/    4226 :                     ; Init
(2)   69/    4226 :                     ; ------------------------------------------------------				
(2)   70/    4226 : 6100 C740           		bsr	Video_DisplayOff
(2)   71/    422A : 6100 D84C           		bsr	System_Default
(2)   72/    422E :                     	; ----------------------------------------------
(2)   73/    422E :                     	; Load assets
(2)   74/    422E : 203C 0000 4DDE      		move.l	#DATA_BANK0,d0
(2)   75/    4234 : 6100 DB3C           		bsr	System_SetDataBank
(2)   76/    4238 :                     	; ----------------------------------------------
(2)   77/    4238 : 203C 0003 700A      		move.l	#ASCII_FONT,d0			; Load and setup PRINT system
(2)   78/    423E : 323C 65A0           		move.w	#DEF_PrintVram|$6000,d1
(2)   79/    4242 : 6100 CF76           		bsr	Video_PrintInit
(2)   80/    4246 : 203C 0003 7C0A      		move.l	#ASCII_FONT_W,d0
(2)   81/    424C : 323C 64E0           		move.w	#DEF_PrintVramW|$6000,d1
(2)   82/    4250 : 6100 CF62           		bsr	Video_PrintInitW
(2)   83/    4254 : 41F8 EF10           		lea	(RAM_PaletteFade+$40).w,a0
(2)   84/    4258 : 30BC 0000           		move.w	#$0000,(a0)
(2)   85/    425C : 317C 00E0 0002      		move.w	#$00E0,2(a0)
(2)   86/    4262 : 317C 00A0 0004      		move.w	#$00A0,4(a0)
(2)   87/    4268 : 317C 0080 0004      		move.w	#$0080,4(a0)
(2)   88/    426E : D0FC 0020           		adda	#$20,a0
(2)   89/    4272 : 30BC 0000           		move.w	#$0000,(a0)
(2)   90/    4276 : 317C 0EEE 0002      		move.w	#$0EEE,2(a0)
(2)   91/    427C : 317C 0AAA 0004      		move.w	#$0AAA,4(a0)
(2)   92/    4282 : 317C 0888 0004      		move.w	#$0888,4(a0)
(2)   93/    4288 : 41F9 0003 A58C      		lea	(objPal_Dodo+2),a0
(2)   94/    428E : 7001                		moveq	#1,d0
(2)   95/    4290 : 323C 000F           		move.w	#15,d1
(2)   96/    4294 : 6100 CEA8           		bsr	Video_FadePal
(2)   97/    4298 : 41FA 06B0           		lea	ArtList_Stuff(pc),a0
(2)   98/    429C : 6100 C96E           		bsr	Video_LoadArt_List
(2)   99/    42A0 :                     	; ----------------------------------------------
(2)  100/    42A0 : 41FA 06CA           		lea	str_TesterTitle(pc),a0
(2)  101/    42A4 : 700C                		moveq	#12,d0
(2)  102/    42A6 : 7202                		moveq	#2,d1
(2)  103/    42A8 : 343C 64E0           		move.w	#DEF_PrintVramW|DEF_PrintPal,d2
(2)  104/    42AC : 263C 0080 C000      		move.l	#splitw(DEF_HSIZE_64,DEF_VRAM_FG),d3
(2)  105/    42B2 : 6100 CFB8           		bsr	Video_PrintW
(2)  106/    42B6 :                     		
(2)  107/    42B6 :                     	;!@ Subtitle
(2)  109/    42B6 : 41FA 06C4           		lea	str_TesterTitle2(pc),a0
(2)  110/    42BA : 700A                		moveq	#10,d0
(2)  111/    42BC : 7204                		moveq	#4,d1
(2)  112/    42BE : 343C 44E0           		move.w	#DEF_PrintVramW|$4000,d2
(2)  113/    42C2 : 263C 0080 C000      		move.l	#splitw(DEF_HSIZE_64,DEF_VRAM_FG),d3
(2)  114/    42C8 : 6100 CFA2           		bsr	Video_PrintW
(2)  116/    42CC :                     		
(2)  117/    42CC : 41FA 06C2           		lea	str_TesterInfo(pc),a0
(2)  119/    42D0 : 7006                		moveq	#6,d0
(2)  123/    42D2 : 7207                		moveq	#7,d1
(2)  124/    42D4 : 343C 45A0           		move.w	#DEF_PrintVram|$4000,d2
(2)  125/    42D8 : 6100 CF08           		bsr	Video_Print
(2)  126/    42DC :                     		
(2)  127/    42DC : 41FA 0714           		lea	str_Instruc(pc),a0
(2)  128/    42E0 : 7002                		moveq	#2,d0
(2)  129/    42E2 :                     		;!@ moveq	#21,d1
(2)  130/    42E2 : 7216                		moveq	#22,d1
(2)  131/    42E4 : 343C 45A0           		move.w	#DEF_PrintVram|$4000,d2
(2)  132/    42E8 : 6100 CEF8           		bsr	Video_Print
(2)  133/    42EC : 6100 01B6           		bsr	.gema_viewinit
(2)  134/    42F0 :                     ; 		bsr	.show_cursor
(2)  135/    42F0 :                     	; ----------------------------------------------
(2)  136/    42F0 : 6100 C022           		bsr	gemaReset				; Load default GEMA sound data
(2)  137/    42F4 : 6100 014A           		bsr	.show_me
(2)  138/    42F8 : 6100 01EA           		bsr	.gema_view
(2)  139/    42FC :                     ; 		bsr	.steal_vars
(2)  140/    42FC :                     	; ----------------------------------------------
(2)  141/    42FC : 6100 C65E           		bsr	Video_DisplayOn
(2)  142/    4300 : 6100 DAA4           		bsr	Objects_Run
(2)  143/    4304 : 6100 C3FA           		bsr	Video_BuildSprites
(2)  144/    4308 : 6100 D440           		bsr	System_Render
(2)  145/    430C : 6100 CDCC           		bsr	Video_FadeIn_Full
(2)  146/    4310 :                     ; ====================================================================
(2)  147/    4310 :                     ; ------------------------------------------------------
(2)  148/    4310 :                     ; Loop
(2)  149/    4310 :                     ; ------------------------------------------------------
(2)  150/    4310 :                     
(2)  151/    4310 :                     .loop:
(2)  152/    4310 : 6100 D438           		bsr	System_Render		
(2)  153/    4314 :                     ; 		bsr	.show_cursor
(2)  154/    4314 : 6100 01CE           		bsr	.gema_view
(2)  155/    4318 : 6100 DA8C           		bsr	Objects_Run
(2)  156/    431C : 6100 C3E2           		bsr	Video_BuildSprites
(2)  157/    4320 :                     
(2)  158/    4320 :                     	; NEW controls
(2)  159/    4320 : 6100 03A0           		bsr	.joyHandler		;!@		
(2)  160/    4324 :                     		;!@ lea	(Controller_1).w,a6
(2)  161/    4324 :                     	; LEFT/RIGHT
(2)  162/    4324 :                     		;If any genesis controller has pressed start, then exit screen
(2)  163/    4324 :                     		;!@ move.w	pad_press(a6),d7
(2)  164/    4324 : 3E39 FFFF D010      		move.w	(RAM_Glbl_joy2_press).l,d7	;!@
(2)  165/    432A : 3C07                		move.w	d7,d6
(2)  166/    432C : 0246 0080           		andi.w	#JoyStart,d6
(2)  167/    4330 : 6600 00DA           		bne	.exit_this
(2)  168/    4334 :                     		
(2)  169/    4334 :                     		;!@ Check if any controller has pressed left/right
(2)  170/    4334 : 3E39 FFFF D00A      		move.w	(RAM_Glbl_joy_press).l,d7	;!@
(2)  171/    433A : 0247 000C           		andi.w	#JoyLeft+JoyRight,d7
(2)  172/    433E : 6718                		beq.s	.lr_seq
(2)  173/    4340 : 7001                		moveq	#1,d0
(2)  174/    4342 : 0247 0004           		andi.w	#JoyLeft,d7
(2)  175/    4346 : 6708                		beq.s	.lr_right
(2)  176/    4348 : 4A78 CA6C           		tst.w	(RAM_GemaSeq).w
(2)  177/    434C : 670A                		beq.s	.lr_seq
(2)  178/    434E : 4440                		neg.w	d0
(2)  179/    4350 :                     .lr_right:
(2)  180/    4350 : D178 CA6C           		add.w	d0,(RAM_GemaSeq).w
(2)  181/    4354 : 6100 00EA           		bsr	.show_me
(2)  182/    4358 :                     .lr_seq:
(2)  183/    4358 :                     
(2)  184/    4358 :                     	; UP/DOWN
(2)  185/    4358 :                     		;!@ move.w	pad_press(a6),d7
(2)  186/    4358 :                     		;Check if any controller has pressed Up/Down
(2)  187/    4358 : 3E39 FFFF D00A      		move.w	(RAM_Glbl_joy_press).l,d7	;!@
(2)  188/    435E : 0247 0003           		andi.w	#JoyUp+JoyDown,d7
(2)  189/    4362 : 6718                		beq.s	.ud_seq
(2)  190/    4364 : 7001                		moveq	#1,d0
(2)  191/    4366 :                     ; 		andi.w	#JoyUp,d7
(2)  192/    4366 : 0247 0001           		andi.w	#JoyUp,d7
(2)  193/    436A : 6708                		beq.s	.ud_right
(2)  194/    436C : 4A78 CA6E           		tst.w	(RAM_GemaBlk).w
(2)  195/    4370 : 670A                		beq.s	.ud_seq
(2)  196/    4372 : 4440                		neg.w	d0
(2)  197/    4374 :                     .ud_right:
(2)  198/    4374 : D178 CA6E           		add.w	d0,(RAM_GemaBlk).w
(2)  199/    4378 : 6100 00C6           		bsr	.show_me
(2)  200/    437C :                     .ud_seq:
(2)  201/    437C :                     
(2)  202/    437C :                     	; X/Y
(2)  203/    437C :                     		;!@ move.w	pad_press(a6),d7
(2)  204/    437C :                     		; Check if any Genesis controller has pressed X/Y
(2)  205/    437C : 3E39 FFFF D010      		move.w	(RAM_Glbl_joy2_press).l,d7	;!@
(2)  206/    4382 : 0247 0600           		andi.w	#JoyX+JoyY,d7
(2)  207/    4386 : 6718                		beq.s	.xy_seq
(2)  208/    4388 : 7001                		moveq	#1,d0
(2)  209/    438A : 0247 0400           		andi.w	#JoyX,d7
(2)  210/    438E : 6708                		beq.s	.xy_right
(2)  211/    4390 : 4A78 CA70           		tst.w	(RAM_GemaIndx).w
(2)  212/    4394 : 670A                		beq.s	.xy_seq
(2)  213/    4396 : 4440                		neg.w	d0
(2)  214/    4398 :                     .xy_right:
(2)  215/    4398 : D178 CA70           		add.w	d0,(RAM_GemaIndx).w
(2)  216/    439C : 6100 00A2           		bsr	.show_me
(2)  217/    43A0 :                     .xy_seq:
(2)  218/    43A0 :                     
(2)  219/    43A0 :                     	; C BUTTON / Start (Pico)
(2)  220/    43A0 :                     		; 
(2)  221/    43A0 :                     		;!@ If PICO mode, check if pico pen has pressed start (pen button down)
(2)  230/    43A0 :                     		
(2)  231/    43A0 :                     .cz_gen_check:
(2)  232/    43A0 :                     		;Check if any Genesis controllers have pressed C/Z
(2)  233/    43A0 :                     		;!@ move.w	pad_press(a6),d7
(2)  234/    43A0 : 3E39 FFFF D010      		move.w	(RAM_Glbl_joy2_press).l,d7
(2)  235/    43A6 : 0247 0120           		andi.w	#JoyC+JoyZ,d7
(2)  236/    43AA : 6730                		beq.s	.c_press
(2)  237/    43AC : 3438 CA70           		move.w	(RAM_GemaIndx).w,d2
(2)  238/    43B0 : 0247 0100           		andi.w	#JoyZ,d7
(2)  239/    43B4 : 6702                		beq.s	.not_auto
(2)  240/    43B6 : 74FF                		moveq	#-1,d2
(2)  241/    43B8 :                     .not_auto:
(2)  242/    43B8 : 3038 CA6C           		move.w	(RAM_GemaSeq).w,d0
(2)  243/    43BC : 3238 CA6E           		move.w	(RAM_GemaBlk).w,d1
(2)  244/    43C0 : 6100 C0AE           		bsr	gemaPlaySeq
(2)  245/    43C4 :                     
(2)  246/    43C4 : 3038 CA6C           		move.w	(RAM_GemaSeq).w,d0	; External beats
(2)  247/    43C8 : 3200                		move.w	d0,d1
(2)  248/    43CA : D241                		add.w	d1,d1
(2)  249/    43CC : 41FA 054C           		lea	exgema_beats(pc),a0
(2)  250/    43D0 : 3030 1000           		move.w	(a0,d1.w),d0
(2)  251/    43D4 : 31C0 CA7C           		move.w	d0,(RAM_CurrBeats).w
(2)  252/    43D8 : 6100 C146           		bsr	gemaSetBeats
(2)  253/    43DC :                     .c_press:
(2)  254/    43DC :                     	; B BUTTON
(2)  255/    43DC :                     		;!@ move.w	pad_press(a6),d7
(2)  256/    43DC :                     		;If any controller has pressed B, then Stop Sequence
(2)  257/    43DC : 3E39 FFFF D00A      		move.w	(RAM_Glbl_joy_press).l,d7
(2)  258/    43E2 : 0247 0010           		andi.w	#JoyB,d7
(2)  259/    43E6 : 670C                		beq.s	.b_press
(2)  260/    43E8 : 3038 CA6C           		move.w	(RAM_GemaSeq).w,d0
(2)  261/    43EC : 3238 CA70           		move.w	(RAM_GemaIndx).w,d1
(2)  262/    43F0 : 6100 C0BE           		bsr	gemaStopSeq
(2)  263/    43F4 :                     .b_press:
(2)  264/    43F4 :                     		;!@ move.w	pad_press(a6),d7
(2)  265/    43F4 :                     		;If any Genesis controller has pressed A, then StopAll
(2)  266/    43F4 : 3E39 FFFF D010      		move.w	(RAM_Glbl_joy2_press).l,d7
(2)  267/    43FA : 0247 0040           		andi.w	#JoyA,d7
(2)  268/    43FE : 6704                		beq.s	.a_press
(2)  269/    4400 : 6100 C0CA           		bsr	gemaStopAll
(2)  270/    4404 :                     .a_press:
(2)  271/    4404 :                     ; 		move.w	pad_hold(a6),d7
(2)  272/    4404 :                     ; 		andi.w	#JoyA+JoyB+JoyC,d7
(2)  273/    4404 :                     ; 		bne.s	.n_up
(2)  274/    4404 :                     ; 		move.w	pad_press(a6),d7
(2)  275/    4404 :                     ; 		btst	#bitJoyDown,d7
(2)  276/    4404 :                     ; 		beq.s	.n_down
(2)  277/    4404 :                     ; 		addq.w	#1,(a5)
(2)  278/    4404 :                     ; 		cmp.w	#MAX_SNDPICK,(a5)		; MAX OPTIONS
(2)  279/    4404 :                     ; 		ble.s	.n_downd
(2)  280/    4404 :                     ; 		clr.w	(a5)
(2)  281/    4404 :                     ; .n_downd:
(2)  282/    4404 :                     ; 		bsr.s	.show_me
(2)  283/    4404 :                     ; .n_down:
(2)  284/    4404 :                     ; 		move.w	pad_press(a6),d7
(2)  285/    4404 :                     ; 		btst	#bitJoyUp,d7
(2)  286/    4404 :                     ; 		beq.s	.n_up
(2)  287/    4404 :                     ; 		subq.w	#1,(a5)
(2)  288/    4404 :                     ; 		bpl.s	.n_ups
(2)  289/    4404 :                     ; 		move.w	#MAX_SNDPICK,(a5)
(2)  290/    4404 :                     ; .n_ups:
(2)  291/    4404 :                     ; 		bsr.s	.show_me
(2)  292/    4404 :                     ; .n_up:
(2)  293/    4404 :                     ; 		move.w	(RAM_CurrPick).w,d7
(2)  294/    4404 :                     ; 		lsl.w	#2,d7
(2)  295/    4404 :                     ; 		jsr	.jump_list(pc,d7.w)
(2)  296/    4404 :                     ; 		tst.w	(RAM_ScreenMode).w	; Check -1
(2)  297/    4404 :                     ; 		bpl.s	.n_cbtn
(2)  298/    4404 :                     
(2)  299/    4404 :                     ; .n_cbtn:
(2)  300/    4404 : 6100 009C           		bsr	.show_me2	;!@ Update pico-hardware debug
(2)  301/    4408 : 6000 FF06           		bra	.loop
(2)  302/    440C :                     
(2)  303/    440C :                     .exit_this:
(2)  304/    440C : 6100 CCDE           		bsr	Video_FadeOut_Full
(2)  305/    4410 :                     	; Stop ALL sequences
(2)  306/    4410 : 6100 C0BA           		bsr	gemaStopAll
(2)  307/    4414 :                     	rept 4
(2)  308/    4414 :                     		bsr	System_Render		; Wait 4 frames...
(2)  309/    4414 :                     	endm
(2)  308/    4414 : 6100 D334           		bsr	System_Render		; Wait 4 frames...
(2)  308/    4418 : 6100 D330           		bsr	System_Render		; Wait 4 frames...
(2)  308/    441C : 6100 D32C           		bsr	System_Render		; Wait 4 frames...
(2)  308/    4420 : 6100 D328           		bsr	System_Render		; Wait 4 frames...
(2)  310/    4424 : 31FC 0000 F180      		move.w	#0,(RAM_ScreenMode).w	; Set Screen Mode $07
(2)  311/    442A : 4E75                		rts				; <-- RTS
(2)  312/    442C :                     
(2)  313/    442C :                     ; ------------------------------------------------------
(2)  314/    442C :                     
(2)  315/    442C :                     .exit_shell:
(2)  316/    442C : 6100 CCBE           		bsr	Video_FadeOut_Full
(2)  317/    4430 : 6100 C09A           		bsr	gemaStopAll
(2)  318/    4434 : 6100 D314           		bsr	System_Render
(2)  319/    4438 : 6100 D310           		bsr	System_Render
(2)  320/    443C : 6000 D906           		bra	System_MdMcd_ExitShell
(2)  321/    4440 :                     
(2)  322/    4440 :                     ; ------------------------------------------------------
(2)  323/    4440 :                     
(2)  324/    4440 :                     .show_me:
(2)  325/    4440 : 3038 CA6C           		move.w	(RAM_GemaSeq).w,d0	; External beats
(2)  326/    4444 : 3200                		move.w	d0,d1
(2)  327/    4446 : D241                		add.w	d1,d1
(2)  328/    4448 : 41FA 04D0           		lea	exgema_beats(pc),a0
(2)  329/    444C : 3030 1000           		move.w	(a0,d1.w),d0
(2)  330/    4450 : 31C0 CA7C           		move.w	d0,(RAM_CurrBeats).w
(2)  331/    4454 :                     
(2)  332/    4454 : 41F8 CA7C           		lea	(RAM_CurrBeats).w,a0
(2)  333/    4458 : 227C 0000 0001      		move.l	#1,a1
(2)  335/    445E : 700D                		moveq	#13,d0
(2)  339/    4460 :                     		;!@ moveq	#12,d1
(2)  340/    4460 : 720A                		moveq	#10,d1
(2)  341/    4462 : 343C 65A0           		move.w	#DEF_PrintVram|DEF_PrintPal,d2
(2)  342/    4466 : 263C 0080 C000      		move.l	#splitw(DEF_HSIZE_64,DEF_VRAM_FG),d3
(2)  343/    446C : 6100 CEF2           		bsr	Video_PrintVal
(2)  344/    4470 : 41F8 CA6D           		lea	(RAM_GemaSeq+1).w,a0
(2)  345/    4474 : 227C 0000 0000      		move.l	#0,a1
(2)  347/    447A : 7007                		moveq	#7,d0
(2)  351/    447C :                     		;!@ moveq	#9,d1
(2)  352/    447C : 7208                		moveq	#8,d1
(2)  353/    447E : 343C 64E0           		move.w	#DEF_PrintVramW|DEF_PrintPal,d2
(2)  354/    4482 : 263C 0080 C000      		move.l	#splitw(DEF_HSIZE_64,DEF_VRAM_FG),d3
(2)  355/    4488 : 6100 CF2C           		bsr	Video_PrintValW
(2)  356/    448C : D0FC 0002           		adda	#2,a0
(2)  357/    4490 : 5A40                		addq.w	#5,d0
(2)  358/    4492 : 6100 CF22           		bsr	Video_PrintValW
(2)  359/    4496 : D0FC 0002           		adda	#2,a0
(2)  360/    449A : 5A40                		addq.w	#5,d0
(2)  361/    449C : 6100 CF18           		bsr	Video_PrintValW
(2)  362/    44A0 : 4E75                		rts 
(2)  363/    44A2 :                     		
(2)  364/    44A2 :                     .show_me2:
(2)  365/    44A2 :                     	;!@ New code for Pico PenX/Y, btn, version/type
(2)  516/    44A2 : 4E75                		rts
(2)  517/    44A4 :                     		
(2)  518/    44A4 :                     ; ; ------------------------------------------------------
(2)  519/    44A4 :                     ;
(2)  520/    44A4 :                     ; .jump_list:
(2)  521/    44A4 :                     ; 		bra.w	.nothing
(2)  522/    44A4 :                     ; 		bra.w	.option_1
(2)  523/    44A4 :                     ; 		bra.w	.option_2
(2)  524/    44A4 :                     ; 		bra.w	.option_3
(2)  525/    44A4 :                     ; 		bra.w	.option_4
(2)  526/    44A4 :                     ; 		bra.w	.option_5
(2)  527/    44A4 :                     ; 		bra.w	.option_6
(2)  528/    44A4 :                     ; 		bra.w	.option_7
(2)  529/    44A4 :                     ;
(2)  530/    44A4 :                     ; ; ------------------------------------------------------
(2)  531/    44A4 :                     ; ; OPTION 0
(2)  532/    44A4 :                     ; ; ------------------------------------------------------
(2)  533/    44A4 :                     ;
(2)  534/    44A4 :                     ; .nothing:
(2)  535/    44A4 :                     ; 		move.w	pad_press(a6),d7
(2)  536/    44A4 :                     ; 		btst	#bitJoyStart,d7
(2)  537/    44A4 :                     ; 		beq.s	.no_press
(2)  538/    44A4 :                     ; 		bsr.s	.show_me
(2)  539/    44A4 :                     ; 		bra	gemaTest
(2)  540/    44A4 :                     ; .no_press:
(2)  541/    44A4 :                     ; 		rts
(2)  542/    44A4 :                     ;
(2)  543/    44A4 :                     ; ------------------------------------------------------
(2)  544/    44A4 :                     ; OPTION 1
(2)  545/    44A4 :                     ; ------------------------------------------------------
(2)  546/    44A4 :                     
(2)  547/    44A4 :                     ; 		bra.s	.show_me
(2)  548/    44A4 :                     ; .option1_args:
(2)  549/    44A4 :                     ; 		move.w	pad_hold(a6),d7
(2)  550/    44A4 :                     ; 		move.w	d7,d6
(2)  551/    44A4 :                     ; 		andi.w	#JoyA+JoyB+JoyC,d6
(2)  552/    44A4 :                     ; 		beq.s	.no_press
(2)  553/    44A4 :                     ; 		btst	#bitJoyB,d7
(2)  554/    44A4 :                     ; 		beq.s	.d2_opt
(2)  555/    44A4 :                     ; 		adda	#2,a5
(2)  556/    44A4 :                     ; .d2_opt:
(2)  557/    44A4 :                     ; 		btst	#bitJoyC,d7
(2)  558/    44A4 :                     ; 		beq.s	.d3_opt
(2)  559/    44A4 :                     ; 		adda	#4,a5
(2)  560/    44A4 :                     ; .d3_opt:
(2)  561/    44A4 :                     ; 		move.w	pad_press(a6),d7
(2)  562/    44A4 :                     ; 		btst	#bitJoyRight,d7
(2)  563/    44A4 :                     ; 		beq.s	.op1_right
(2)  564/    44A4 :                     ; 		addq.w	#1,(a5)
(2)  565/    44A4 :                     ; 		bra	.show_me
(2)  566/    44A4 :                     ; .op1_right:
(2)  567/    44A4 :                     ; 		btst	#bitJoyLeft,d7
(2)  568/    44A4 :                     ; 		beq.s	.op1_left
(2)  569/    44A4 :                     ; 		subq.w	#1,(a5)
(2)  570/    44A4 :                     ; 		bra	.show_me
(2)  571/    44A4 :                     ; .op1_left:
(2)  572/    44A4 :                     ; 		move.w	pad_hold(a6),d7
(2)  573/    44A4 :                     ; 		btst	#bitJoyUp,d7
(2)  574/    44A4 :                     ; 		beq.s	.op1_down
(2)  575/    44A4 :                     ; 		addq.w	#1,(a5)
(2)  576/    44A4 :                     ; 		bra	.show_me
(2)  577/    44A4 :                     ; .op1_down:
(2)  578/    44A4 :                     ; 		btst	#bitJoyDown,d7
(2)  579/    44A4 :                     ; 		beq.s	.op1_up
(2)  580/    44A4 :                     ; 		subq.w	#1,(a5)
(2)  581/    44A4 :                     ; 		bra	.show_me
(2)  582/    44A4 :                     ; .op1_up:
(2)  583/    44A4 :                     ;
(2)  584/    44A4 :                     ; 		rts
(2)  585/    44A4 :                     ;
(2)  586/    44A4 :                     ; ; ------------------------------------------------------
(2)  587/    44A4 :                     ; ; OPTION 2
(2)  588/    44A4 :                     ; ; ------------------------------------------------------
(2)  589/    44A4 :                     ;
(2)  590/    44A4 :                     ; .option_2:
(2)  591/    44A4 :                     ; 		lea	(RAM_GemaIndx).w,a5
(2)  592/    44A4 :                     ; 		move.w	pad_press(a6),d7
(2)  593/    44A4 :                     ; 		btst	#bitJoyStart,d7
(2)  594/    44A4 :                     ; 		beq.s	.option1_args
(2)  595/    44A4 :                     ; 		move.w	(a5)+,d0
(2)  596/    44A4 :                     ; 		move.w	(a5)+,d1
(2)  597/    44A4 :                     ; 		bra	gemaStopSeq
(2)  598/    44A4 :                     ;
(2)  599/    44A4 :                     ; ; ------------------------------------------------------
(2)  600/    44A4 :                     ; ; OPTION 3
(2)  601/    44A4 :                     ; ; ------------------------------------------------------
(2)  602/    44A4 :                     ;
(2)  603/    44A4 :                     ; .option_3:
(2)  604/    44A4 :                     ; 		lea	(RAM_GemaArg3).w,a5
(2)  605/    44A4 :                     ; 		move.w	pad_press(a6),d7
(2)  606/    44A4 :                     ; 		btst	#bitJoyStart,d7
(2)  607/    44A4 :                     ; 		beq	.option1_args
(2)  608/    44A4 :                     ; 		move.w	(a5)+,d0
(2)  609/    44A4 :                     ; 		move.w	(a5)+,d1
(2)  610/    44A4 :                     ; 		bra	gemaFadeSeq
(2)  611/    44A4 :                     ;
(2)  612/    44A4 :                     ; ; ------------------------------------------------------
(2)  613/    44A4 :                     ; ; OPTION 4
(2)  614/    44A4 :                     ; ; ------------------------------------------------------
(2)  615/    44A4 :                     ;
(2)  616/    44A4 :                     ; .option_4:
(2)  617/    44A4 :                     ; 		lea	(RAM_GemaArg3).w,a5
(2)  618/    44A4 :                     ; 		move.w	pad_press(a6),d7
(2)  619/    44A4 :                     ; 		btst	#bitJoyStart,d7
(2)  620/    44A4 :                     ; 		beq	.option1_args
(2)  621/    44A4 :                     ; 		move.w	(a5)+,d0
(2)  622/    44A4 :                     ; 		move.w	(a5)+,d1
(2)  623/    44A4 :                     ; 		bra	gemaSetSeqVol
(2)  624/    44A4 :                     ;
(2)  625/    44A4 :                     ; ; ------------------------------------------------------
(2)  626/    44A4 :                     ; ; OPTION 5
(2)  627/    44A4 :                     ; ; ------------------------------------------------------
(2)  628/    44A4 :                     ;
(2)  629/    44A4 :                     ; .option_5:
(2)  630/    44A4 :                     ; 		move.w	pad_press(a6),d7
(2)  631/    44A4 :                     ; 		btst	#bitJoyStart,d7
(2)  632/    44A4 :                     ; 		beq.s	.no_press2
(2)  633/    44A4 :                     ; 		bsr	.show_me
(2)  634/    44A4 :                     ; 		bra	gemaStopAll
(2)  635/    44A4 :                     ; .no_press2:
(2)  636/    44A4 :                     ; 		rts
(2)  637/    44A4 :                     ;
(2)  638/    44A4 :                     ; ; ------------------------------------------------------
(2)  639/    44A4 :                     ; ; OPTION 6
(2)  640/    44A4 :                     ; ; ------------------------------------------------------
(2)  641/    44A4 :                     ;
(2)  642/    44A4 :                     ; .option_6:
(2)  643/    44A4 :                     ; 		lea	(RAM_GemaArg6).w,a5
(2)  644/    44A4 :                     ; 		move.w	pad_hold(a6),d7
(2)  645/    44A4 :                     ; 		andi.w	#JoyA,d7
(2)  646/    44A4 :                     ; 		beq.s	.no_press2
(2)  647/    44A4 :                     ; 		move.w	pad_press(a6),d7
(2)  648/    44A4 :                     ; 		btst	#bitJoyRight,d7
(2)  649/    44A4 :                     ; 		beq.s	.op2_right
(2)  650/    44A4 :                     ; 		addq.w	#1,(a5)
(2)  651/    44A4 :                     ; 		bra	.show_me_2
(2)  652/    44A4 :                     ; .op2_right:
(2)  653/    44A4 :                     ; 		btst	#bitJoyLeft,d7
(2)  654/    44A4 :                     ; 		beq.s	.op2_left
(2)  655/    44A4 :                     ; 		subq.w	#1,(a5)
(2)  656/    44A4 :                     ; 		bsr	.show_me_2
(2)  657/    44A4 :                     ; .op2_left:
(2)  658/    44A4 :                     ; 		move.w	pad_hold(a6),d7
(2)  659/    44A4 :                     ; 		btst	#bitJoyDown,d7
(2)  660/    44A4 :                     ; 		beq.s	.op2_down
(2)  661/    44A4 :                     ; 		addq.w	#1,(a5)
(2)  662/    44A4 :                     ; 		bsr	.show_me_2
(2)  663/    44A4 :                     ; .op2_down:
(2)  664/    44A4 :                     ; 		btst	#bitJoyUp,d7
(2)  665/    44A4 :                     ; 		beq.s	.op2_up
(2)  666/    44A4 :                     ; 		subq.w	#1,(a5)
(2)  667/    44A4 :                     ; 		bsr	.show_me_2
(2)  668/    44A4 :                     ; .op2_up:
(2)  669/    44A4 :                     ; 		move.w	pad_press(a6),d7
(2)  670/    44A4 :                     ; 		btst	#bitJoyStart,d7
(2)  671/    44A4 :                     ; 		beq.s	.no_press2
(2)  672/    44A4 :                     ; .show_me_2:
(2)  673/    44A4 :                     ; 		bsr	.show_me
(2)  674/    44A4 :                     ; 		move.w	(a5),d0
(2)  675/    44A4 :                     ; 		bra	gemaSetBeats
(2)  676/    44A4 :                     ;
(2)  677/    44A4 :                     ; ; ------------------------------------------------------
(2)  678/    44A4 :                     ; ; OPTION 7
(2)  679/    44A4 :                     ; ; ------------------------------------------------------
(2)  680/    44A4 :                     ;
(2)  681/    44A4 :                     ; .option_7:
(2)  682/    44A4 :                     ; 		move.w	pad_press(a6),d7
(2)  683/    44A4 :                     ; 		btst	#bitJoyStart,d7
(2)  684/    44A4 :                     ; 		beq.s	.no_press2
(2)  685/    44A4 :                     ; 		move.w	#-1,(RAM_ScreenMode).w	; risky but works.
(2)  686/    44A4 :                     ; 		rts
(2)  687/    44A4 :                     
(2)  688/    44A4 :                     ; ------------------------------------------------------
(2)  689/    44A4 :                     
(2)  690/    44A4 :                     .gema_viewinit:
(2)  691/    44A4 : 41F8 B000           		lea	(RAM_ThisObjList).w,a0
(2)  692/    44A8 : 303C 0004           		move.w	#4,d0
(2)  693/    44AC : 6100 D8D6           		bsr	Objects_Enable
(2)  695/    44B0 : 203C 0000 47E8      		move.l	#obj_Fairy,d0		; <-- If you don't like the fairies comment out or
(2)  696/    44B6 : 7200                		moveq	#0,d1			; delete all of this
(2)  697/    44B8 : 6100 D926           		bsr	Objects_Make		;
(2)  698/    44BC : 5241                		addq.w	#1,d1			;
(2)  699/    44BE : 6100 D920           		bsr	Objects_Make		;
(2)  700/    44C2 : 5241                		addq.w	#1,d1			;
(2)  701/    44C4 : 6100 D91A           		bsr	Objects_Make		;
(2)  702/    44C8 :                     		;!@ New fairy for mouse sprite
(2)  703/    44C8 : 5241                		addq.w	#1,d1			;
(2)  704/    44CA : 6100 D914           		bsr	Objects_Make		; <-- until here
(2)  706/    44CE :                     
(2)  708/    44CE : 41FA 0596           		lea	str_VmInfo(pc),a0
(2)  709/    44D2 : 7002                		moveq	#2,d0
(2)  710/    44D4 : 7210                		moveq	#SET_SNDVIEWY,d1
(2)  711/    44D6 : 343C 65A0           		move.w	#DEF_PrintVram|DEF_PrintPal,d2
(2)  712/    44DA : 263C 0080 C000      		move.l	#splitw(DEF_HSIZE_64,DEF_VRAM_FG),d3
(2)  713/    44E0 : 6100 CD00           		bsr	Video_Print
(2)  715/    44E4 :                     
(2)  716/    44E4 :                     .gema_view:
(2)  718/    44E4 : 33FC 0100 00A1      		move.w	#$0100,(z80_bus).l
             44EA : 1100             
(2)  719/    44EC : 43F8 CA72           		lea	(RAM_GemaStatus),a1
(2)  720/    44F0 : 7000                		moveq	#0,d0
(2)  721/    44F2 : 7200                		moveq	#0,d1
(2)  722/    44F4 : 7400                		moveq	#0,d2
(2)  723/    44F6 : 0839 0000 00A1      .wait:		btst	#0,(z80_bus).l
             44FC : 1100             
(2)  724/    44FE : 66F6                		bne.s	.wait
(2)  725/    4500 : 1039 00A0 16E2      		move.b	(z80_cpu+trkBuff_0),d0
(2)  726/    4506 : 1239 00A0 1721      		move.b	(z80_cpu+trkBuff_1),d1
(2)  727/    450C : 1439 00A0 1760      		move.b	(z80_cpu+trkBuff_2),d2
(2)  728/    4512 : 6100 BE28           		bsr	sndUnlockZ80
(2)  729/    4516 : 32C0                		move.w	d0,(a1)+
(2)  730/    4518 : 32C1                		move.w	d1,(a1)+
(2)  731/    451A : 32C2                		move.w	d2,(a1)+
(2)  733/    451C :                     
(2)  735/    451C : 6100 BE0A           		bsr	sndLockZ80
(2)  736/    4520 : 41F9 00A0 1C0E      		lea	(z80_cpu+tblPSG),a0
(2)  737/    4526 : 43F8 CA00           		lea	(RAM_GemaCache_PSG),a1
(2)  738/    452A : 7E02                		moveq	#3-1,d7
(2)  739/    452C : 6100 010A           		bsr	.copy_me
(2)  740/    4530 : 41F9 00A0 1C46      		lea	(z80_cpu+tblPSGN),a0
(2)  741/    4536 : 43F8 CA0C           		lea	(RAM_GemaCache_PSGN),a1
(2)  742/    453A : 7E00                		moveq	#1-1,d7
(2)  743/    453C : 6100 00FA           		bsr	.copy_me
(2)  744/    4540 : 41F9 00A0 1BA0      		lea	(z80_cpu+tblFM),a0
(2)  745/    4546 : 43F8 CA10           		lea	(RAM_GemaCache_FM),a1
(2)  746/    454A : 7E05                		moveq	#6-1,d7
(2)  747/    454C : 6100 00EA           		bsr	.copy_me
(2)  748/    4550 : 41F9 00A0 1B0E      		lea	(z80_cpu+tblPCM),a0
(2)  749/    4556 : 43F8 CA28           		lea	(RAM_GemaCache_PCM),a1
(2)  750/    455A : 7E07                		moveq	#8-1,d7
(2)  751/    455C : 6100 00DA           		bsr	.copy_me
(2)  752/    4560 : 41F9 00A0 1C58      		lea	(z80_cpu+tblPWM),a0
(2)  753/    4566 : 43F8 CA48           		lea	(RAM_GemaCache_PWM),a1
(2)  754/    456A : 7E07                		moveq	#8-1,d7
(2)  755/    456C : 6100 00CA           		bsr	.copy_me
(2)  756/    4570 : 7E00                		moveq	#0,d7
(2)  757/    4572 : 1E39 00A0 0030      		move.b	(z80_cpu+fmSpecial),d7
(2)  758/    4578 : 31C7 CA7E           		move.w	d7,(RAM_Copy_fmSpecial).w
(2)  759/    457C : 1E39 00A0 0008      		move.b	(z80_cpu+8),d7
(2)  760/    4582 : 31C7 CA80           		move.w	d7,(RAM_Copy_HasDac).w
(2)  761/    4586 : 6100 BDB4           		bsr	sndUnlockZ80
(2)  763/    458A :                     
(2)  765/    458A : 343C 65A0           		move.w	#DEF_PrintVram|DEF_PrintPal,d2
(2)  766/    458E : 263C 0080 C000      		move.l	#splitw(DEF_HSIZE_64,DEF_VRAM_FG),d3
(2)  767/    4594 : 47F8 CA00           		lea	(RAM_GemaCache_PSG),a3
(2)  768/    4598 : 7007                		moveq	#7,d0
(2)  769/    459A : 7210                		moveq	#SET_SNDVIEWY,d1
(2)  770/    459C : 7E02                		moveq	#3-1,d7
(2)  771/    459E : 6100 0100           		bsr	.show_table
(2)  772/    45A2 : 47F8 CA0C           		lea	(RAM_GemaCache_PSGN),a3
(2)  773/    45A6 : 7013                		moveq	#7+12,d0
(2)  774/    45A8 : 7210                		moveq	#SET_SNDVIEWY,d1
(2)  775/    45AA : 7E00                		moveq	#1-1,d7
(2)  776/    45AC : 6100 00F2           		bsr	.show_table
(2)  777/    45B0 : 47F8 CA10           		lea	(RAM_GemaCache_FM),a3
(2)  778/    45B4 : 7007                		moveq	#7,d0
(2)  779/    45B6 : 7211                		moveq	#SET_SNDVIEWY+1,d1
(2)  780/    45B8 : 7E04                		moveq	#5-1,d7
(2)  781/    45BA : 6100 009E           		bsr	.show_table_fm
(2)  782/    45BE : 47F8 CA20           		lea	(RAM_GemaCache_FM3),a3
(2)  783/    45C2 : 7017                		moveq	#7+16,d0
(2)  784/    45C4 : 7211                		moveq	#SET_SNDVIEWY+1,d1
(2)  785/    45C6 : 3E38 CA7E           		move.w	(RAM_Copy_fmSpecial).w,d7
(2)  786/    45CA : 4A07                		tst.b	d7
(2)  787/    45CC : 6712                		beq.s	.no_spec
(2)  788/    45CE : 41F8 4D82           		lea	(strL_FmOnly),a0
(2)  789/    45D2 : 4A53                		tst.w	(a3)
(2)  790/    45D4 : 6B04                		bmi.s	.no_prnt3
(2)  791/    45D6 : 41F8 4DD6           		lea	(str_Speci),a0
(2)  792/    45DA :                     .no_prnt3:
(2)  793/    45DA : 6100 CC06           		bsr	Video_Print
(2)  794/    45DE : 6004                		bra.s	.b_sampl
(2)  795/    45E0 :                     .no_spec:
(2)  796/    45E0 : 7E00                		moveq	#1-1,d7
(2)  797/    45E2 : 6176                		bsr	.show_table_fm
(2)  798/    45E4 :                     .b_sampl:
(2)  799/    45E4 :                     
(2)  800/    45E4 : 701B                		moveq	#7+20,d0
(2)  801/    45E6 : 7211                		moveq	#SET_SNDVIEWY+1,d1
(2)  802/    45E8 : 3E38 CA80           		move.w	(RAM_Copy_HasDac).w,d7
(2)  803/    45EC : BE3C 00D9           		cmp.b	#$D9,d7
(2)  804/    45F0 : 660A                		bne.s	.no_sampl
(2)  805/    45F2 : 41F8 4DDA           		lea	(str_Sampl),a0
(2)  806/    45F6 : 6100 CBEA           		bsr	Video_Print
(2)  807/    45FA : 6008                		bra.s	.c_sampl
(2)  808/    45FC :                     .no_sampl:
(2)  809/    45FC : 47F8 CA24           		lea	(RAM_GemaCache_FM6),a3
(2)  810/    4600 : 7E00                		moveq	#1-1,d7
(2)  811/    4602 : 6156                		bsr	.show_table_fm
(2)  812/    4604 :                     .c_sampl:
(2)  813/    4604 : 47F8 CA28           		lea	(RAM_GemaCache_PCM),a3
(2)  814/    4608 : 7007                		moveq	#7,d0
(2)  815/    460A : 7212                		moveq	#SET_SNDVIEWY+2,d1
(2)  816/    460C : 7E07                		moveq	#8-1,d7
(2)  817/    460E : 6100 0090           		bsr	.show_table
(2)  818/    4612 : 47F8 CA48           		lea	(RAM_GemaCache_PWM),a3
(2)  819/    4616 : 7007                		moveq	#7,d0
(2)  820/    4618 : 7213                		moveq	#SET_SNDVIEWY+3,d1
(2)  821/    461A : 7E07                		moveq	#8-1,d7
(2)  822/    461C : 6100 0082           		bsr	.show_table
(2)  823/    4620 :                     		
(2)  824/    4620 :                     		;!@ PCM_Pico code
(2)  825/    4620 :                     		;if PICO
(2)  826/    4620 : 41FA 0458           		lea		strL_NoteNull(pc),a0
(2)  827/    4624 : 7007                		moveq	#$07,d0
(2)  828/    4626 : 7214                		moveq	#SET_SNDVIEWY+$04,d1
(2)  829/    4628 : 343C 65A0           		move.w	#DEF_PrintVram|DEF_PrintPal,d2
(2)  830/    462C : 263C 0080 C000      		move.l	#splitw(DEF_HSIZE_64,DEF_VRAM_FG),d3
(2)  831/    4632 : 6100 CBAE           		bsr		Video_Print
(2)  832/    4636 :                     		;endif
(2)  834/    4636 :                     
(2)  835/    4636 : 4E75                		rts
(2)  836/    4638 :                     
(2)  837/    4638 :                     ; ----------------------------------------------
(2)  838/    4638 :                     
(2)  839/    4638 :                     .copy_me:
(2)  840/    4638 : 7200                		moveq	#0,d1
(2)  841/    463A :                     ; 		bsr	sndLockZ80
(2)  842/    463A : 1228 0005           		move.b	ztbl_FreqIndx(a0),d1
(2)  843/    463E : 1428 0001           		move.b	ztbl_Link+1(a0),d2
(2)  844/    4642 : 1010                		move.b	ztbl_Link(a0),d0
(2)  845/    4644 :                     ; 		bsr	sndUnlockZ80
(2)  846/    4644 : 8002                		or.b	d2,d0
(2)  847/    4646 : 6602                		bne.s	.link_ok
(2)  848/    4648 : 72FF                		moveq	#-1,d1
(2)  849/    464A :                     .link_ok:
(2)  850/    464A : 3281                		move.w	d1,(a1)
(2)  851/    464C : D0FC 0012           		adda	#MAX_TBLSIZE,a0		; *** EXTERNAL LABEL
(2)  852/    4650 : D2FC 0004           		adda	#4,a1
(2)  853/    4654 : 51CF FFE2           		dbf	d7,.copy_me
(2)  854/    4658 : 4E75                		rts
(2)  855/    465A :                     
(2)  856/    465A :                     ; ----------------------------------------------
(2)  857/    465A :                     
(2)  858/    465A :                     .show_table_fm:
(2)  859/    465A : 41F8 4D82           		lea	(strL_FmOnly),a0
(2)  860/    465E : 7C00                		moveq	#0,d6
(2)  861/    4660 : 7A00                		moveq	#0,d5
(2)  862/    4662 : 3C13                		move.w	(a3),d6
(2)  863/    4664 : 6A06                		bpl.s	.is_fmgood
(2)  864/    4666 : 6100 CB7A           		bsr	Video_Print
(2)  865/    466A : 6028                		bra.s	.from_fmbad
(2)  866/    466C :                     .is_fmgood:
(2)  867/    466C : 3A06                		move.w	d6,d5
(2)  868/    466E : D0FC 0004           		adda	#4,a0
(2)  869/    4672 : 0246 001F           		andi.w	#%00011111,d6
(2)  870/    4676 : E34E                		lsl.w	#1,d6
(2)  871/    4678 : D0C6                		adda	d6,a0
(2)  872/    467A : 6100 CB66           		bsr	Video_Print
(2)  873/    467E : 3800                		move.w	d0,d4
(2)  874/    4680 : 5440                		addq.w	#2,d0
(2)  875/    4682 : 0245 00E0           		andi.w	#%11100000,d5
(2)  876/    4686 : E84D                		lsr.w	#4,d5
(2)  877/    4688 : 41F8 4DC2           		lea	(strL_LazyVal),a0
(2)  878/    468C : D0C5                		adda	d5,a0
(2)  879/    468E : 6100 CB52           		bsr	Video_Print
(2)  880/    4692 : 3004                		move.w	d4,d0
(2)  881/    4694 :                     .from_fmbad:
(2)  882/    4694 :                     ; 		addq.w	#1,d1
(2)  883/    4694 : 5840                		addq.w	#4,d0
(2)  884/    4696 : D6FC 0004           		adda	#4,a3
(2)  885/    469A : 51CF FFBE           		dbf	d7,.show_table_fm
(2)  886/    469E : 4E75                		rts
(2)  887/    46A0 :                     
(2)  888/    46A0 :                     .show_table:
(2)  889/    46A0 : 41F8 4A7E           		lea	(strL_NoteList),a0
(2)  890/    46A4 : 7C00                		moveq	#0,d6
(2)  891/    46A6 : 3C13                		move.w	(a3),d6
(2)  892/    46A8 : 6B08                		bmi.s	.val_bad
(2)  893/    46AA : D0FC 0004           		adda	#4,a0
(2)  894/    46AE : DC46                		add.w	d6,d6
(2)  895/    46B0 : D0C6                		adda	d6,a0
(2)  896/    46B2 :                     .val_bad:
(2)  897/    46B2 : 6100 CB2E           		bsr	Video_Print
(2)  898/    46B6 :                     ; 		addq.w	#1,d1
(2)  899/    46B6 : 5840                		addq.w	#4,d0
(2)  900/    46B8 : D6FC 0004           		adda	#4,a3
(2)  901/    46BC : 51CF FFE2           		dbf	d7,.show_table
(2)  902/    46C0 : 4E75                		rts
(2)  903/    46C2 :                     		
(2)  904/    46C2 :                     ; ------------------------------------------------------
(2)  905/    46C2 :                     ; !@ Joypad handler
(2)  906/    46C2 :                     ; Uses: a6,d7
(2)  907/    46C2 :                     ; ------------------------------------------------------		
(2)  908/    46C2 :                     .joyHandler:
(2)  909/    46C2 :                     	;Handle hold states
(2)  910/    46C2 : 4DF8 F0F8           	lea	(Controller_1).w,a6					;Put controller1_hold into RAM_Glbl_joy_hold (will be pico_pen in pico mode)
(2)  911/    46C6 : 3E2E 0002           	move.w	pad_hold(a6),d7
(2)  912/    46CA : 33C7 FFFF D008      	move.w	d7,(RAM_Glbl_joy_hold).l
(2)  913/    46D0 : 4DF8 F10C           	lea	(Controller_2).w,a6					;Put controller2_hold into RAM_Glbl_joy2_hold (will be pico_ext in pico mode, P2 in Genesis mode)
(2)  914/    46D4 : 3E2E 0002           	move.w	pad_hold(a6),d7
(2)  915/    46D8 : 33C7 FFFF D00E      	move.w	d7,(RAM_Glbl_joy2_hold).l
(2)  916/    46DE : 4DF8 F120           	lea	(Controller_3).w,a6					;Put controller3_hold into d7
(2)  917/    46E2 : 3E2E 0002           	move.w	pad_hold(a6),d7
(2)  918/    46E6 : 8F79 FFFF D00E      	or.w	d7,(RAM_Glbl_joy2_hold).l		;OR (RAM_Glbl_joy2_hold,d7)
(2)  919/    46EC : 4DF8 F134           	lea	(Controller_4).w,a6					;Ditto OR for controller4_hold
(2)  920/    46F0 : 3E2E 0002           	move.w	pad_hold(a6),d7
(2)  921/    46F4 : 8F79 FFFF D00E      	or.w	d7,(RAM_Glbl_joy2_hold).l	
(2)  922/    46FA : 4DF8 F148           	lea	(Controller_5).w,a6					;Ditto OR for controller5_hold
(2)  923/    46FE : 3E2E 0002           	move.w	pad_hold(a6),d7
(2)  924/    4702 : 8F79 FFFF D00E      	or.w	d7,(RAM_Glbl_joy2_hold).l
(2)  925/    4708 :                     		
(2)  926/    4708 :                     	;Repeat everything above, but for controller_press
(2)  927/    4708 : 4DF8 F0F8           	lea	(Controller_1).w,a6
(2)  928/    470C : 3E2E 0004           	move.w	pad_press(a6),d7
(2)  929/    4710 : 33C7 FFFF D00A      	move.w	d7,(RAM_Glbl_joy_press).l
(2)  930/    4716 : 4DF8 F10C           	lea	(Controller_2).w,a6
(2)  931/    471A : 3E2E 0004           	move.w	pad_press(a6),d7
(2)  932/    471E : 33C7 FFFF D010      	move.w	d7,(RAM_Glbl_joy2_press).l
(2)  933/    4724 : 4DF8 F120           	lea	(Controller_3).w,a6
(2)  934/    4728 : 3E2E 0004           	move.w	pad_press(a6),d7
(2)  935/    472C : 8F79 FFFF D010      	or.w	d7,(RAM_Glbl_joy2_press).l	
(2)  936/    4732 : 4DF8 F134           	lea	(Controller_4).w,a6
(2)  937/    4736 : 3E2E 0004           	move.w	pad_press(a6),d7
(2)  938/    473A : 8F79 FFFF D010      	or.w	d7,(RAM_Glbl_joy2_press).l	
(2)  939/    4740 : 4DF8 F148           	lea	(Controller_5).w,a6
(2)  940/    4744 : 3E2E 0004           	move.w	pad_press(a6),d7
(2)  941/    4748 : 8F79 FFFF D010      	or.w	d7,(RAM_Glbl_joy2_press).l
(2)  942/    474E :                     	
(2)  943/    474E :                     	;Repeat everything above, but for controller_release
(2)  944/    474E : 4DF8 F0F8           	lea	(Controller_1).w,a6
(2)  945/    4752 : 3E2E 0006           	move.w	pad_release(a6),d7
(2)  946/    4756 : 33C7 FFFF D00C      	move.w	d7,(RAM_Glbl_joy_release).l
(2)  947/    475C : 4DF8 F10C           	lea	(Controller_2).w,a6
(2)  948/    4760 : 3E2E 0006           	move.w	pad_release(a6),d7
(2)  949/    4764 : 33C7 FFFF D012      	move.w	d7,(RAM_Glbl_joy2_release).l
(2)  950/    476A : 4DF8 F120           	lea	(Controller_3).w,a6
(2)  951/    476E : 3E2E 0006           	move.w	pad_release(a6),d7
(2)  952/    4772 : 8F79 FFFF D012      	or.w	d7,(RAM_Glbl_joy2_release).l	
(2)  953/    4778 : 4DF8 F134           	lea	(Controller_4).w,a6
(2)  954/    477C : 3E2E 0006           	move.w	pad_release(a6),d7
(2)  955/    4780 : 8F79 FFFF D012      	or.w	d7,(RAM_Glbl_joy2_release).l	
(2)  956/    4786 : 4DF8 F148           	lea	(Controller_5).w,a6
(2)  957/    478A : 3E2E 0006           	move.w	pad_release(a6),d7
(2)  958/    478E : 8F79 FFFF D012      	or.w	d7,(RAM_Glbl_joy2_release).l
(2)  959/    4794 :                     	
(2)  960/    4794 :                     	;Concatenate everything for final hold,press,release logical bitfields
(2)  961/    4794 : 4DF9 FFFF D008      	lea		(RAM_Glbl_joy_hold).l,a6	;Load final joy_hold into a6
(2)  962/    479A : 3E39 FFFF D00E      	move.w	(RAM_Glbl_joy2_hold).l,d7	;Move joy2_hold value into d7
(2)  963/    47A0 : 8F56                	or.w	d7,(a6)						;OR d7,valueAt(a6)
(2)  964/    47A2 :                     	;Repeat for joy_press
(2)  965/    47A2 : 4DF9 FFFF D00A      	lea		(RAM_Glbl_joy_press).l,a6
(2)  966/    47A8 : 3E39 FFFF D010      	move.w	(RAM_Glbl_joy2_press).l,d7
(2)  967/    47AE : 8F56                	or.w	d7,(a6)	
(2)  968/    47B0 :                     	;Repeat for joy_release
(2)  969/    47B0 : 4DF9 FFFF D00C      	lea		(RAM_Glbl_joy_release).l,a6
(2)  970/    47B6 : 3E39 FFFF D012      	move.w	(RAM_Glbl_joy2_release).l,d7
(2)  971/    47BC : 8F56                	or.w	d7,(a6)
(2)  972/    47BE :                     	
(2)  973/    47BE :                     	;If Genesis mode, overwrite joy2_hold,_press,_release with just final bitfield. We dont care
(2)  975/    47BE : 3E39 FFFF D008      	move.w	(RAM_Glbl_joy_hold).l,d7	;Load final joy_hold into d7
(2)  976/    47C4 : 4DF8 D00E           	lea		(RAM_Glbl_joy2_hold).w,a6	;Load addr of joy2_hold
(2)  977/    47C8 : 3C87                	move.w	d7,(a6)						;Move joy_hold value into joy2_hold addr	
(2)  978/    47CA :                     	;Repeat for joy_press
(2)  979/    47CA : 3E39 FFFF D00A      	move.w	(RAM_Glbl_joy_press).l,d7
(2)  980/    47D0 : 4DF9 FFFF D010      	lea		(RAM_Glbl_joy2_press).l,a6
(2)  981/    47D6 : 3C87                	move.w	d7,(a6)
(2)  982/    47D8 :                     	;Repeat for joy_release
(2)  983/    47D8 : 3E39 FFFF D00C      	move.w	(RAM_Glbl_joy_release).l,d7
(2)  984/    47DE : 4DF9 FFFF D012      	lea		(RAM_Glbl_joy2_release).l,a6
(2)  985/    47E4 : 3C87                	move.w	d7,(a6)
(2)  987/    47E6 : 4E75                	rts
(2)  988/    47E8 :                     
(2)  989/    47E8 :                     ; ====================================================================
(2)  990/    47E8 :                     ; ------------------------------------------------------
(2)  991/    47E8 :                     ; Objects
(2)  992/    47E8 :                     ; ------------------------------------------------------
(2)  993/    47E8 :                     
(2)  994/    47E8 :                     ; --------------------------------------------------
(2)  995/    47E8 :                     ; Sisi
(2)  996/    47E8 :                     ; --------------------------------------------------
(2)  997/    47E8 :                     
(2)  998/    47E8 :                     obj_Fairy:
(2)  999/    47E8 : 7000                		moveq	#0,d0
(2) 1000/    47EA : 102E 001C           		move.b	obj_index(a6),d0
(2) 1001/    47EE : D040                		add.w	d0,d0
(2) 1002/    47F0 : 323B 0006           		move.w	.list(pc,d0.w),d1
(2) 1003/    47F4 : 4EFB 1002           		jmp	.list(pc,d1.w)
(2) 1004/    47F8 :                     ; ----------------------------------------------
(2) 1005/    47F8 : 0004                .list:		dc.w .init-.list
(2) 1006/    47FA : 003A                		dc.w .main-.list
(2) 1007/    47FC :                     ; ----------------------------------------------
(2) 1008/    47FC :                     .init:
(2) 1009/    47FC : 1D7C 0001 001C      		move.b	#1,obj_index(a6)
(2) 1010/    4802 : 426E 0020           		clr.w	obj_frame(a6)
(2) 1011/    4806 : 6100 D644           		bsr	object_ResetAnim
(2) 1012/    480A :                     
(2) 1013/    480A : 1E2E 001D           		move.b	obj_subid(a6),d7
(2) 1014/    480E : 3C07                		move.w	d7,d6
(2) 1015/    4810 : E54E                		lsl.w	#2,d6
(2) 1016/    4812 : 41FA 00F6           		lea	.fixd_pos(pc),a0
(2) 1017/    4816 : 43EE 0028           		lea	obj_ram(a6),a1
(2) 1018/    481A : D0C6                		adda	d6,a0
(2) 1019/    481C : 32D8                		move.w	(a0)+,(a1)+
(2) 1020/    481E : 32D8                		move.w	(a0)+,(a1)+
(2) 1021/    4820 :                     
(2) 1022/    4820 : 1E2E 001D           		move.b	obj_subid(a6),d7
(2) 1023/    4824 : CEFC 002A           		mulu.w	#42,d7
(2) 1024/    4828 : EB4F                		lsl.w	#5,d7
(2) 1025/    482A : 2007                		move.l	d7,d0
(2) 1026/    482C : 6100 D2D0           		bsr	System_DiceRoll
(2) 1027/    4830 :                     ; 		neg.w	d7
(2) 1028/    4830 : 32C0                		move.w	d0,(a1)+
(2) 1029/    4832 :                     
(2) 1030/    4832 :                     ; ----------------------------------------------
(2) 1031/    4832 :                     .main:
(2) 1032/    4832 : 4BEE 0028           		lea	obj_ram(a6),a5
(2) 1033/    4836 : 49F8 CA72           		lea	(RAM_GemaStatus).w,a4
(2) 1034/    483A :                     	; a5
(2) 1035/    483A :                     	; 0 - X base
(2) 1036/    483A :                     	; 2 - Y base
(2) 1037/    483A :                     	; 4 - Tan
(2) 1038/    483A : 7600                		moveq	#0,d3
(2) 1039/    483C : 162E 001D           		move.b	obj_subid(a6),d3
(2) 1040/    4840 : D643                		add.w	d3,d3
(2) 1041/    4842 : D8C3                		adda	d3,a4
(2) 1042/    4844 :                     ; 		lsl.w	#3,d3
(2) 1043/    4844 : 3415                		move.w	(a5),d2
(2) 1044/    4846 : 362D 0002           		move.w	2(a5),d3
(2) 1045/    484A : 383C 0002           		move.w	#2,d4			; Multiply
(2) 1046/    484E : 082C 0007 0001      		btst	#7,1(a4)
(2) 1047/    4854 : 6704                		beq.s	.not_enbls
(2) 1048/    4856 : 383C 0004           		move.w	#4,d4
(2) 1049/    485A :                     .not_enbls:
(2) 1050/    485A : 302D 0004           		move.w	4(a5),d0
(2) 1051/    485E : E848                		lsr.w	#4,d0
(2) 1052/    4860 : 6100 D2C0           		bsr	System_SineWave
(2) 1053/    4864 : C3C4                		muls.w	d4,d1
(2) 1054/    4866 : E041                		asr.w	#8,d1
(2) 1055/    4868 : 9441                		sub.w	d1,d2
(2) 1056/    486A : 302D 0004           		move.w	4(a5),d0
(2) 1057/    486E : E848                		lsr.w	#4,d0
(2) 1058/    4870 : 082C 0000 0001      		btst	#0,1(a4)
(2) 1059/    4876 : 6702                		beq.s	.not_enbl2
(2) 1060/    4878 : D040                		add.w	d0,d0
(2) 1061/    487A :                     .not_enbl2:
(2) 1062/    487A : 6100 D29C           		bsr	System_SineWave_Cos
(2) 1063/    487E : C3C4                		muls.w	d4,d1
(2) 1064/    4880 : E041                		asr.w	#8,d1
(2) 1065/    4882 : 9641                		sub.w	d1,d3
(2) 1066/    4884 :                     
(2) 1067/    4884 : 383C 0040           		move.w	#$40,d4
(2) 1068/    4888 : 082C 0007 0001      		btst	#7,1(a4)
(2) 1069/    488E : 6704                		beq.s	.not_enbl
(2) 1070/    4890 : 383C 0090           		move.w	#$90,d4
(2) 1071/    4894 :                     .not_enbl:
(2) 1072/    4894 : D96D 0004           		addi.w	d4,4(a5)
(2) 1073/    4898 :                     		
(2) 1074/    4898 :                     		;!@ Mouse moving sprite
(2) 1075/    4898 : 182E 001D           		move.b	obj_subid(a6),d4
(2) 1076/    489C : 0C04 0003           		cmpi.b	#$03,d4
(2) 1077/    48A0 : 6D02                		blt.s	.regular
(2) 1078/    48A2 : 4E71                		nop		
(2) 1085/    48A4 :                     .regular:
(2) 1086/    48A4 : 3D42 0004           		move.w	d2,obj_x(a6)
(2) 1087/    48A8 : 3D43 0008           		move.w	d3,obj_y(a6)
(2) 1088/    48AC :                     
(2) 1089/    48AC :                     .not_mouse:
(2) 1090/    48AC : 41FA 002E           		lea	.anim_data(pc),a0
(2) 1091/    48B0 : 6100 D5D2           		bsr	object_Animate
(2) 1092/    48B4 :                     
(2) 1093/    48B4 : 7000                		moveq	#0,d0
(2) 1094/    48B6 : 102E 001D           		move.b	obj_subid(a6),d0
(2) 1095/    48BA : E748                		lsl.w	#3,d0
(2) 1096/    48BC : 41FB 002C           		lea	.sub_ids(pc,d0.w),a0
(2) 1097/    48C0 : 3428 0004           		move.w	4(a0),d2
(2) 1098/    48C4 : 2250                		move.l	(a0),a1
(2) 1099/    48C6 : 207C 0000 0000      		move.l	#0,a0
(2) 1100/    48CC : 302E 0004           		move.w	obj_x(a6),d0
(2) 1101/    48D0 : 322E 0008           		move.w	obj_y(a6),d1
(2) 1102/    48D4 : 362E 0020           		move.w	obj_frame(a6),d3
(2) 1103/    48D8 : 6000 CD48           		bra	Video_MakeSprMap
(2) 1104/    48DC :                     
(2) 1105/    48DC :                     ; ----------------------------------------------
(2) 1106/    48DC :                     
(2) 1107/    48DC :                     .anim_data:
(2) 1108/    48DC : 0002                		dc.w .anim_00-.anim_data
(2) 1109/    48DE :                     .anim_00:
(2) 1110/    48DE : 0008                		dc.w 8
(2) 1111/    48E0 : 0000 0001 0002      		dc.w 0,1,2,1
             48E6 : 0001             
(2) 1112/    48E8 : FFFE                		dc.w -2
(2) 1113/    48EA :                     		align 2
(2) 1114/    48EA :                     .sub_ids:
(2) 1115/    48EA : 0003 A5AA           		dc.l objMap_Dodo
(2) 1116/    48EE : 0002 0000           		dc.w setVram_Dodo,0
(2) 1117/    48F2 : 0003 A5CE           		dc.l objMap_Mimi
(2) 1118/    48F6 : 0032 0000           		dc.w setVram_Mimi,0
(2) 1119/    48FA : 0003 A5F2           		dc.l objMap_Fifi
(2) 1120/    48FE : 0062 0000           		dc.w setVram_Fifi,0
(2) 1121/    4902 :                     		;!@ New fairy for mouse ptr
(2) 1122/    4902 : 0003 A5F2           		dc.l objMap_Fifi
(2) 1123/    4906 : 0092 0000           		dc.w setVram_Pifi,0
(2) 1124/    490A :                     		align 2
(2) 1125/    490A :                     
(2) 1126/    490A :                     .fixd_pos:
(2) 1127/    490A :                     		;!@
(2) 1128/    490A :                     		;dc.w $B8,$50
(2) 1129/    490A :                     		;dc.w $B8+$24,$50
(2) 1130/    490A :                     		;dc.w $B8+$48,$50
(2) 1131/    490A : 00B8 0040           		dc.w $B8,$40
(2) 1132/    490E : 00DC 0040           		dc.w $B8+$24,$40
(2) 1133/    4912 : 0100 0040           		dc.w $B8+$48,$40
(2) 1134/    4916 : 012A 0040           		dc.w $B8+$72,$40
(2) 1135/    491A :                     		align 2
(2) 1136/    491A :                     
(2) 1137/    491A :                     ; ====================================================================
(2) 1138/    491A :                     ; ------------------------------------------------------
(2) 1139/    491A :                     ; Subroutines
(2) 1140/    491A :                     ; ------------------------------------------------------
(2) 1141/    491A :                     
(2) 1142/    491A :                     ; ====================================================================
(2) 1143/    491A :                     ; ------------------------------------------------------
(2) 1144/    491A :                     ; Includes for this screen
(2) 1145/    491A :                     ; ------------------------------------------------------
(2) 1146/    491A :                     
(2) 1147/    491A :                     ; ====================================================================
(2) 1148/    491A :                     ; ------------------------------------------------------
(2) 1149/    491A :                     ; Custom VBlank
(2) 1150/    491A :                     ; ------------------------------------------------------
(2) 1151/    491A :                     
(2) 1152/    491A :                     ; ------------------------------------------------------
(2) 1153/    491A :                     ; Custom HBlank
(2) 1154/    491A :                     ; ------------------------------------------------------
(2) 1155/    491A :                     
(2) 1156/    491A :                     ; ====================================================================
(2) 1157/    491A :                     ; ------------------------------------------------------
(2) 1158/    491A :                     ; Small data section
(2) 1159/    491A :                     ; ------------------------------------------------------
(2) 1160/    491A :                     
(2) 1161/    491A :                     ; EXTERNAL BEATS FOR EACH TRACK
(2) 1162/    491A :                     exgema_beats:
(2) 1163/    491A : 00D6                	dc.w 214
(2) 1164/    491C : 00D6                	dc.w 214
(2) 1165/    491E : 00D6                	dc.w 214
(2) 1166/    4920 : 00C0                	dc.w 192
(2) 1167/    4922 : 00C0                	dc.w 192
(2) 1168/    4924 : 00D6                	dc.w 214
(2) 1169/    4926 : 00B8                	dc.w $00B8
(2) 1170/    4928 : 00C0                	dc.w 192
(2) 1171/    492A : 00C0                	dc.w 192
(2) 1172/    492C : 00D6                	dc.w 214
(2) 1173/    492E : 00D6                	dc.w 214
(2) 1174/    4930 : 00D6                	dc.w 214
(2) 1175/    4932 : 00D6                	dc.w 214
(2) 1176/    4934 : 00D6                	dc.w 214
(2) 1177/    4936 : 00D6                	dc.w 214
(2) 1178/    4938 : 00D6                	dc.w 214
(2) 1179/    493A : 00D6                	dc.w 214
(2) 1180/    493C : 00D6                	dc.w 214
(2) 1181/    493E : 00D6                	dc.w 214
(2) 1182/    4940 : 00D6                	dc.w 214
(2) 1183/    4942 : 00D6                	dc.w 214
(2) 1184/    4944 : 00D6                	dc.w 214
(2) 1185/    4946 : 00D6                	dc.w 214
(2) 1186/    4948 : 00D6                	dc.w 214
(2) 1187/    494A :                     
(2) 1188/    494A :                     ArtList_Stuff:
(2) 1189/    494A :                     		;!@ dc.w 3
(2) 1190/    494A : 0004                		dc.w 4
(2) 1191/    494C : 0003 940A           		dc.l Art_FairyDodo
(2) 1192/    4950 : 0040                		dc.w cell_num(setVram_Dodo)
(2) 1193/    4952 : 0600                		dc.w cell_num($30)
(2) 1194/    4954 : 0003 9A0A           		dc.l Art_FairyMimi
(2) 1195/    4958 : 0640                		dc.w cell_num(setVram_Mimi)
(2) 1196/    495A : 0600                		dc.w cell_num($30)
(2) 1197/    495C : 0003 A00A           		dc.l Art_FairyFifi
(2) 1198/    4960 : 0C40                		dc.w cell_num(setVram_Fifi)
(2) 1199/    4962 : 0600                		dc.w cell_num($30)
(2) 1200/    4964 :                     		;!@
(2) 1201/    4964 : 0003 A00A           		dc.l Art_FairyFifi
(2) 1202/    4968 : 1240                		dc.w cell_num(setVram_Pifi)
(2) 1203/    496A : 0600                		dc.w cell_num($30)
(2) 1204/    496C :                     		align 2
(2) 1205/    496C :                     
(2) 1206/    496C :                     str_TesterTitle:
(2) 1207/    496C : 4745 4D41 2053      		dc.b "GEMA Sound Test",0
             4972 : 6F75 6E64 2054 
             4978 : 6573 7400          
(2) 1208/    497C :                     		align 2
(2) 1209/    497C :                     ;!@
(2) 1210/    497C :                     str_TesterTitle2:
(2) 1211/    497C : 4D65 6761 2D50      		dc.b "Mega-Pico mode test",0
             4982 : 6963 6F20 6D6F 
             4988 : 6465 2074 6573 
             498E : 7400             
(2) 1212/    4990 :                     		align 2
(2) 1213/    4990 :                     
(2) 1214/    4990 :                     str_TesterInfo:
(2) 1215/    4990 : 5365 7123 2042      		dc.b "Seq# Blk# Indx",$0A
             4996 : 6C6B 2320 496E 
             499C : 6478 0A          
(2) 1216/    499F :                     		;!@ dc.b $0A,$0A,$0A,$0A
(2) 1217/    499F : 0A0A                		dc.b $0A,$0A
(2) 1218/    49A1 : 4265 6174 733A 20   		dc.b "Beats: "
(2) 1219/    49A8 : 00                  		dc.b 0
(2) 1220/    49A9 :                     		align 2
(2) 1221/    49AA :                     str_TesterInfo2:
(2) 1222/    49AA :                     		     ;01234567890123456789
(2) 1223/    49AA : 5069 636F 2054      		dc.b "Pico Type/Ver: $    ",$0A
             49B0 : 7970 652F 5665 
             49B6 : 723A 2024 2020 
             49BC : 2020 0A          
(2) 1224/    49BF :                     			 ;01234567890123456789
(2) 1225/    49BF : 5065 6E58 593A      		dc.b "PenXY: $    ,     ",$0A
             49C5 : 2024 2020 2020 
             49CB : 2C20 2020 2020 0A 
(2) 1226/    49D2 :                     		     ;01234567890123456789
(2) 1227/    49D2 : 426F 6F6B 3A20      		dc.b "Book: $  "		
             49D8 : 2420 20          
(2) 1228/    49DB : 00                  		dc.b 0
(2) 1229/    49DC :                     		align 2
(2) 1230/    49DC :                     str_TesterInfo3:
(2) 1234/    49DC : 4274 6E3A 2024      		dc.b "Btn: $    ,    ,    "
             49E2 : 2020 2020 2C20 
             49E8 : 2020 202C 2020 
             49EE : 2020             
(2) 1235/    49F0 : 00                  		dc.b 0
(2) 1237/    49F1 :                     		align 2
(2) 1238/    49F2 :                     str_Instruc:
(2) 1247/    49F2 : 4C52 202D 2053      		dc.b "LR - Seq. Num#   XY - Track index",$0A
             49F8 : 6571 2E20 4E75 
             49FE : 6D23 2020 2058 
             4A04 : 5920 2D20 5472 
             4A0A : 6163 6B20 696E 
             4A10 : 6465 780A          
(2) 1248/    4A14 : 5544 202D 2053      		dc.b "UD - Seq. Blk#",$0A
             4A1A : 6571 2E20 426C 
             4A20 : 6B23 0A          
(2) 1249/    4A23 : 2041 202D 2053      		dc.b " A - STOP ALL",$0A
             4A29 : 544F 5020 414C 
             4A2F : 4C0A             
(2) 1250/    4A31 : 2042 202D 2053      		dc.b " B - STOP Seq.",$0A
             4A37 : 544F 5020 5365 
             4A3D : 712E 0A          
(2) 1251/    4A40 : 2043 202D 2050      		dc.b " C - PLAY Seq.    Z - PLAY auto-fill"
             4A46 : 4C41 5920 5365 
             4A4C : 712E 2020 2020 
             4A52 : 5A20 2D20 504C 
             4A58 : 4159 2061 7574 
             4A5E : 6F2D 6669 6C6C    
(2) 1252/    4A64 : 00                  		dc.b 0
(2) 1254/    4A65 :                     		align 2
(2) 1255/    4A66 :                     
(2) 1256/    4A66 :                     str_VmInfo:
(2) 1257/    4A66 : 5053 470A           		dc.b "PSG",$0A
(2) 1258/    4A6A : 464D 0A             		dc.b "FM",$0A
(2) 1259/    4A6D : 5043 4D0A           		dc.b "PCM",$0A
(2) 1260/    4A71 : 5057 4D0A           		dc.b "PWM",$0A
(2) 1261/    4A75 :                     		;!@
(2) 1262/    4A75 :                     		;if PICO
(2) 1263/    4A75 : 5043 4F             		dc.b "PCO"
(2) 1264/    4A78 :                     		;endif
(2) 1265/    4A78 : 00                  		dc.b 0
(2) 1266/    4A79 :                     		align 2
(2) 1267/    4A7A :                     		
(2) 1268/    4A7A :                     ;!@
(2) 1269/    4A7A :                     strL_NoteNull:
(2) 1270/    4A7A : 2D2D 2D00           		dc.b "---",0
(2) 1271/    4A7E :                     		align 2
(2) 1272/    4A7E :                     
(2) 1273/    4A7E : 2D2D 2D00           strL_NoteList:	dc.b "---",0
(2) 1274/    4A82 : 432D 3000 4323      		dc.b "C-0",0,"C#0",0,"D-0",0,"D#0",0,"E-0",0,"F-0",0,"F#0",0,"G-0",0,"G#0",0,"A-0",0,"A#0",0,"B-0",0
             4A88 : 3000 442D 3000 
             4A8E : 4423 3000 452D 
             4A94 : 3000 462D 3000 
             4A9A : 4623 3000 472D 
             4AA0 : 3000 4723 3000 
             4AA6 : 412D 3000 4123 
             4AAC : 3000 422D 3000    
(2) 1275/    4AB2 : 432D 3100 4323      		dc.b "C-1",0,"C#1",0,"D-1",0,"D#1",0,"E-1",0,"F-1",0,"F#1",0,"G-1",0,"G#1",0,"A-1",0,"A#1",0,"B-1",0
             4AB8 : 3100 442D 3100 
             4ABE : 4423 3100 452D 
             4AC4 : 3100 462D 3100 
             4ACA : 4623 3100 472D 
             4AD0 : 3100 4723 3100 
             4AD6 : 412D 3100 4123 
             4ADC : 3100 422D 3100    
(2) 1276/    4AE2 : 432D 3200 4323      		dc.b "C-2",0,"C#2",0,"D-2",0,"D#2",0,"E-2",0,"F-2",0,"F#2",0,"G-2",0,"G#2",0,"A-2",0,"A#2",0,"B-2",0
             4AE8 : 3200 442D 3200 
             4AEE : 4423 3200 452D 
             4AF4 : 3200 462D 3200 
             4AFA : 4623 3200 472D 
             4B00 : 3200 4723 3200 
             4B06 : 412D 3200 4123 
             4B0C : 3200 422D 3200    
(2) 1277/    4B12 : 432D 3300 4323      		dc.b "C-3",0,"C#3",0,"D-3",0,"D#3",0,"E-3",0,"F-3",0,"F#3",0,"G-3",0,"G#3",0,"A-3",0,"A#3",0,"B-3",0
             4B18 : 3300 442D 3300 
             4B1E : 4423 3300 452D 
             4B24 : 3300 462D 3300 
             4B2A : 4623 3300 472D 
             4B30 : 3300 4723 3300 
             4B36 : 412D 3300 4123 
             4B3C : 3300 422D 3300    
(2) 1278/    4B42 : 432D 3400 4323      		dc.b "C-4",0,"C#4",0,"D-4",0,"D#4",0,"E-4",0,"F-4",0,"F#4",0,"G-4",0,"G#4",0,"A-4",0,"A#4",0,"B-4",0
             4B48 : 3400 442D 3400 
             4B4E : 4423 3400 452D 
             4B54 : 3400 462D 3400 
             4B5A : 4623 3400 472D 
             4B60 : 3400 4723 3400 
             4B66 : 412D 3400 4123 
             4B6C : 3400 422D 3400    
(2) 1279/    4B72 : 432D 3500 4323      		dc.b "C-5",0,"C#5",0,"D-5",0,"D#5",0,"E-5",0,"F-5",0,"F#5",0,"G-5",0,"G#5",0,"A-5",0,"A#5",0,"B-5",0
             4B78 : 3500 442D 3500 
             4B7E : 4423 3500 452D 
             4B84 : 3500 462D 3500 
             4B8A : 4623 3500 472D 
             4B90 : 3500 4723 3500 
             4B96 : 412D 3500 4123 
             4B9C : 3500 422D 3500    
(2) 1280/    4BA2 : 432D 3600 4323      		dc.b "C-6",0,"C#6",0,"D-6",0,"D#6",0,"E-6",0,"F-6",0,"F#6",0,"G-6",0,"G#6",0,"A-6",0,"A#6",0,"B-6",0
             4BA8 : 3600 442D 3600 
             4BAE : 4423 3600 452D 
             4BB4 : 3600 462D 3600 
             4BBA : 4623 3600 472D 
             4BC0 : 3600 4723 3600 
             4BC6 : 412D 3600 4123 
             4BCC : 3600 422D 3600    
(2) 1281/    4BD2 : 432D 3700 4323      		dc.b "C-7",0,"C#7",0,"D-7",0,"D#7",0,"E-7",0,"F-7",0,"F#7",0,"G-7",0,"G#7",0,"A-7",0,"A#7",0,"B-7",0
             4BD8 : 3700 442D 3700 
             4BDE : 4423 3700 452D 
             4BE4 : 3700 462D 3700 
             4BEA : 4623 3700 472D 
             4BF0 : 3700 4723 3700 
             4BF6 : 412D 3700 4123 
             4BFC : 3700 422D 3700    
(2) 1282/    4C02 : 432D 3800 4323      		dc.b "C-8",0,"C#8",0,"D-8",0,"D#8",0,"E-8",0,"F-8",0,"F#8",0,"G-8",0,"G#8",0,"A-8",0,"A#8",0,"B-8",0
             4C08 : 3800 442D 3800 
             4C0E : 4423 3800 452D 
             4C14 : 3800 462D 3800 
             4C1A : 4623 3800 472D 
             4C20 : 3800 4723 3800 
             4C26 : 412D 3800 4123 
             4C2C : 3800 422D 3800    
(2) 1283/    4C32 : 432D 3900 4323      		dc.b "C-9",0,"C#9",0,"D-9",0,"D#9",0,"E-9",0,"F-9",0,"F#9",0,"G-9",0,"G#9",0,"A-9",0,"A#9",0,"B-9",0
             4C38 : 3900 442D 3900 
             4C3E : 4423 3900 452D 
             4C44 : 3900 462D 3900 
             4C4A : 4623 3900 472D 
             4C50 : 3900 4723 3900 
             4C56 : 412D 3900 4123 
             4C5C : 3900 422D 3900    
(2) 1284/    4C62 : 3F2D 4100 3F2D      		dc.b "?-A",0,"?-A",0,"?-A",0,"?-A",0,"?-A",0,"?-A",0,"?-A",0,"?-A",0,"?-A",0,"?-A",0,"?-A",0,"?-A",0
             4C68 : 4100 3F2D 4100 
             4C6E : 3F2D 4100 3F2D 
             4C74 : 4100 3F2D 4100 
             4C7A : 3F2D 4100 3F2D 
             4C80 : 4100 3F2D 4100 
             4C86 : 3F2D 4100 3F2D 
             4C8C : 4100 3F2D 4100    
(2) 1285/    4C92 : 3F2D 4200 3F2D      		dc.b "?-B",0,"?-B",0,"?-B",0,"?-B",0,"?-B",0,"?-B",0,"?-B",0,"?-B",0,"?-B",0,"?-B",0,"?-B",0,"?-B",0
             4C98 : 4200 3F2D 4200 
             4C9E : 3F2D 4200 3F2D 
             4CA4 : 4200 3F2D 4200 
             4CAA : 3F2D 4200 3F2D 
             4CB0 : 4200 3F2D 4200 
             4CB6 : 3F2D 4200 3F2D 
             4CBC : 4200 3F2D 4200    
(2) 1286/    4CC2 : 3F2D 4300 3F2D      		dc.b "?-C",0,"?-C",0,"?-C",0,"?-C",0,"?-C",0,"?-C",0,"?-C",0,"?-C",0,"?-C",0,"?-C",0,"?-C",0,"?-C",0
             4CC8 : 4300 3F2D 4300 
             4CCE : 3F2D 4300 3F2D 
             4CD4 : 4300 3F2D 4300 
             4CDA : 3F2D 4300 3F2D 
             4CE0 : 4300 3F2D 4300 
             4CE6 : 3F2D 4300 3F2D 
             4CEC : 4300 3F2D 4300    
(2) 1287/    4CF2 : 3F2D 4400 3F2D      		dc.b "?-D",0,"?-D",0,"?-D",0,"?-D",0,"?-D",0,"?-D",0,"?-D",0,"?-D",0,"?-D",0,"?-D",0,"?-D",0,"?-D",0
             4CF8 : 4400 3F2D 4400 
             4CFE : 3F2D 4400 3F2D 
             4D04 : 4400 3F2D 4400 
             4D0A : 3F2D 4400 3F2D 
             4D10 : 4400 3F2D 4400 
             4D16 : 3F2D 4400 3F2D 
             4D1C : 4400 3F2D 4400    
(2) 1288/    4D22 : 3F2D 4500 3F2D      		dc.b "?-E",0,"?-E",0,"?-E",0,"?-E",0,"?-E",0,"?-E",0,"?-E",0,"?-E",0,"?-E",0,"?-E",0,"?-E",0,"?-E",0
             4D28 : 4500 3F2D 4500 
             4D2E : 3F2D 4500 3F2D 
             4D34 : 4500 3F2D 4500 
             4D3A : 3F2D 4500 3F2D 
             4D40 : 4500 3F2D 4500 
             4D46 : 3F2D 4500 3F2D 
             4D4C : 4500 3F2D 4500    
(2) 1289/    4D52 : 3F2D 4600 3F2D      		dc.b "?-F",0,"?-F",0,"?-F",0,"?-F",0,"?-F",0,"?-F",0,"?-F",0,"?-F",0,"?-F",0,"?-F",0,"?-F",0,"?-F",0
             4D58 : 4600 3F2D 4600 
             4D5E : 3F2D 4600 3F2D 
             4D64 : 4600 3F2D 4600 
             4D6A : 3F2D 4600 3F2D 
             4D70 : 4600 3F2D 4600 
             4D76 : 3F2D 4600 3F2D 
             4D7C : 4600 3F2D 4600    
(2) 1290/    4D82 : 2D2D 2D00           strL_FmOnly:	dc.b "---",0
(2) 1291/    4D86 : 432D 2000 4323      		dc.b "C- ",0,"C# ",0,"D- ",0,"D# ",0,"E- ",0,"F- ",0,"F# ",0,"G- ",0,"G# ",0,"A- ",0,"A# ",0,"B- ",0
             4D8C : 2000 442D 2000 
             4D92 : 4423 2000 452D 
             4D98 : 2000 462D 2000 
             4D9E : 4623 2000 472D 
             4DA4 : 2000 4723 2000 
             4DAA : 412D 2000 4123 
             4DB0 : 2000 422D 2000    
(2) 1292/    4DB6 : 3F2D 2000 3F2D      		dc.b "?- ",0,"?- ",0,"?- ",0
             4DBC : 2000 3F2D 2000    
(2) 1293/    4DC2 : 3000 3100 3200      strL_LazyVal:	dc.b "0",0,"1",0,"2",0,"3",0,"4",0,"5",0,"6",0,"7",0,"8",0,"9",0
             4DC8 : 3300 3400 3500 
             4DCE : 3600 3700 3800 
             4DD4 : 3900             
(2) 1294/    4DD6 :                     
(2) 1295/    4DD6 : 464D 3300           str_Speci:	dc.b "FM3",0
(2) 1296/    4DDA : 4441 4300           str_Sampl:	dc.b "DAC",0
(1)   20/    4DDE :                     mcscrn_e:
(1)   20/    4DDE : =$4DDE               MD_SCREEN07_E label *
(1)   20/    4DDE :  (MACRO-2)                   erreport "SCREEN CODE: MD_SCREEN07",mcscrn_e-mcscrn_s,MAX_UserCode
(1)   21/    4DDE :                     
     361/    4DDE :                     
     362/    4DDE :                     ; ====================================================================
     363/    4DDE :                     ; ----------------------------------------------------------------
     364/    4DDE :                     ; DATA
     365/    4DDE :                     ; ----------------------------------------------------------------
     366/    4DDE :                     
     367/    4DDE :                     		include "game/incl_data.asm"
(1)    1/    4DDE :                     ; ====================================================================
(1)    2/    4DDE :                     ; ----------------------------------------------------------------
(1)    3/    4DDE :                     ; DATA Section
(1)    4/    4DDE :                     ; ----------------------------------------------------------------
(1)    5/    4DDE :                     
(1)    6/    4DDE :                     ; ------------------------------------------------------------
(1)    7/    4DDE :                     ; Usage:
(1)    8/    4DDE :                     ;	data_bank LABEL_START
(1)    9/    4DDE :                     ;	include "game/data/your_bank.asm"
(1)   10/    4DDE :                     ;	dend_bank LABEL_END
(1)   11/    4DDE :                     ;
(1)   12/    4DDE :                     ; CD/CD32X ONLY:
(1)   13/    4DDE :                     ; Go to incl_list.asm add an entry in disc_banklist:
(1)   14/    4DDE :                     ; 	dc.l DATA_BANK			; Label
(1)   15/    4DDE :                     ; 	dc.b "BNK_EXMP.BIN"		; ISO filename
(1)   16/    4DDE :                     ;
(1)   17/    4DDE :                     ; And add the labels and ISO filename at iso_files.asm
(1)   18/    4DDE :                     ;
(1)   19/    4DDE :                     ; * This is ONLY required for CD/CD32X, if you forget to
(1)   20/    4DDE :                     ; include it it will crash the entire system.
(1)   21/    4DDE :                     ;
(1)   22/    4DDE :                     ; During your screen code load banks with:
(1)   23/    4DDE :                     ; 	move.l	#DATA_BANK,d0
(1)   24/    4DDE :                     ; 	bsr	System_SetDataBank
(1)   25/    4DDE :                     ;
(1)   26/    4DDE :                     ; You MUST use the banks for compatibility to all systems
(1)   27/    4DDE :                     ; even if the standard Genesis doesn't require it.
(1)   28/    4DDE :                     ; DO note that on SCD and CD32X the DATA banks are stored
(1)   29/    4DDE :                     ; on DISC so loading banks will be SLOW.
(1)   30/    4DDE :                     ; ------------------------------------------------------------
(1)   31/    4DDE :                     
(1)   32/    4DDE : (MACRO)              	data_bank DATA_BANK0
(1)   32/    4DDE : =$4DDE               DATA_BANK0 label *                        ; Register label
(1)   32/    4DDE : =$4DDE               GLBL_MDATA_ST := *                      ; Save current pos globally
(1)   33/    4DDE :                     	include "game/data/bank_main.asm"
(2)    1/    4DDE :                     ; ===========================================================================
(2)    2/    4DDE :                     ; ----------------------------------------------------------------
(2)    3/    4DDE :                     ; BANK data
(2)    4/    4DDE :                     ;
(2)    5/    4DDE :                     ; Special macros:
(2)    6/    4DDE :                     ;
(2)    7/    4DDE :                     ; - VDP graphics:
(2)    8/    4DDE :                     ;	binclude_dma   LABEL_START,"filename"		; For single label
(2)    9/    4DDE :                     ;	binclude_dma_e LABEL_START,LABEL_END,"filename"	; Start and End labels
(2)   10/    4DDE :                     ;
(2)   11/    4DDE :                     ; - 32X SVDP graphics:
(2)   12/    4DDE :                     ; GfxPack_Start:
(2)   13/    4DDE :                     ; 	marsVramData
(2)   14/    4DDE :                     ;
(2)   15/    4DDE :                     ; example_0:
(2)   16/    4DDE :                     ; 	include "your_svdp_graphics.bin"
(2)   17/    4DDE :                     ; 	align 4						; ** Don't forget to align by 4 at the end **
(2)   18/    4DDE :                     ; example_1:
(2)   19/    4DDE :                     ; 	include "more_svdp.bin"
(2)   20/    4DDE :                     ;	align 4
(2)   21/    4DDE :                     ;
(2)   22/    4DDE :                     ;	marsVramDEnd
(2)   23/    4DDE :                     ; GfxPack_End:
(2)   24/    4DDE :                     ; ----------------------------------------------------------------
(2)   25/    4DDE :                     
(2)   26/    4DDE :                     		include "sound/data.asm"		; GEMA sound data
(3)    1/    4DDE :                     ; ===========================================================================
(3)    2/    4DDE :                     ; -------------------------------------------------------------------
(3)    3/    4DDE :                     ; Main sound data
(3)    4/    4DDE :                     ; -------------------------------------------------------------------
(3)    5/    4DDE :                     
(3)    6/    4DDE :                     MainGemaSeqList:
(3)    7/    4DDE : (MACRO)              	gemaTrk 1,3,gtrk_Test0
(3)    7/    4DDE : 8300 4DE6                   dc.l ((1&$01)<<31)|((3&$7F)<<24)|(GTRK_TEST0&$FFFFFF)
(3)    8/    4DE2 : (MACRO)              	gemaTrk 1,3,gtrk_Test1	; $0F
(3)    8/    4DE2 : 8300 4E0A                   dc.l ((1&$01)<<31)|((3&$7F)<<24)|(GTRK_TEST1&$FFFFFF)
(3)    9/    4DE6 :                     
(3)   10/    4DE6 :                     ; ----------------------------------------------------
(3)   11/    4DE6 :                     gtrk_Test0:
(3)   12/    4DE6 : (MACRO)              	gemaHead .blk,.pat,.ins,10
(3)   12/    4DE6 : 000A                        dc.w 10
(3)   12/    4DE8 : 0000 4DF4                   dc.l .BLK
(3)   12/    4DEC : 0000 4DF6                   dc.l .PAT
(3)   12/    4DF0 : 0000 4E02                   dc.l .INS
(3)   13/    4DF4 :                     .blk:	binclude "sound/seq/test_blk.bin"
(3)   14/    4DF6 :                     .pat:	binclude "sound/seq/test_patt.bin"
(3)   15/    4E02 :                     .ins:
(3)   16/    4E02 : (MACRO)              	gInsDac 0,DacIns_TEST,1
(3)   16/    4E02 : C100 00F7                   dc.b $C0|1,0,((DACINS_TEST>>16)&$FF),((DACINS_TEST>>8)&$FF)
(3)   16/    4E06 : 9C00 0000                   dc.b DACINS_TEST&$FF,0,0,0
(3)   17/    4E0A :                     ; 	gInsDac 0,DacIns_Snare_Rap,0
(3)   18/    4E0A :                     
(3)   19/    4E0A :                     ; ----------------------------------------------------
(3)   20/    4E0A :                     gtrk_Test1:
(3)   21/    4E0A : (MACRO)              	gemaHead .blk,.pat,.ins,10
(3)   21/    4E0A : 000A                        dc.w 10
(3)   21/    4E0C : 0000 4E18                   dc.l .BLK
(3)   21/    4E10 : 0000 4E26                   dc.l .PAT
(3)   21/    4E14 : 0000 8F24                   dc.l .INS
(3)   22/    4E18 :                     .blk:	binclude "sound/seq/axe_blk.bin"
(3)   23/    4E26 :                     .pat:	binclude "sound/seq/axe_patt.bin"
(3)   24/    8F24 :                     .ins:
(3)   25/    8F24 : (MACRO)              	gInsFm 0,FmIns_Vibraphone_1
(3)   25/    8F24 : A000 0093                   dc.b $A0,0,((FMINS_VIBRAPHONE_1>>16)&$FF),((FMINS_VIBRAPHONE_1>>8)&$FF)
(3)   25/    8F28 : DC00 0000                   dc.b FMINS_VIBRAPHONE_1&$FF,$00,$00,$00
(3)   26/    8F2C : (MACRO)              	gInsFm 0,FmIns_Organ_drawbar
(3)   26/    8F2C : A000 0093                   dc.b $A0,0,((FMINS_ORGAN_DRAWBAR>>16)&$FF),((FMINS_ORGAN_DRAWBAR>>8)&$FF)
(3)   26/    8F30 : 7C00 0000                   dc.b FMINS_ORGAN_DRAWBAR&$FF,$00,$00,$00
(3)   27/    8F34 : (MACRO)              	gInsFm -12,FmIns_Bass_Groove_1
(3)   27/    8F34 : A0F4 0091                   dc.b $A0,-12,((FMINS_BASS_GROOVE_1>>16)&$FF),((FMINS_BASS_GROOVE_1>>8)&$FF)
(3)   27/    8F38 : 5C00 0000                   dc.b FMINS_BASS_GROOVE_1&$FF,$00,$00,$00
(3)   28/    8F3C : (MACRO)              	gInsFm +12,FmIns_bass_italo
(3)   28/    8F3C : A00C 0099                   dc.b $A0,+12,((FMINS_BASS_ITALO>>16)&$FF),((FMINS_BASS_ITALO>>8)&$FF)
(3)   28/    8F40 : BC00 0000                   dc.b FMINS_BASS_ITALO&$FF,$00,$00,$00
(3)   29/    8F44 : (MACRO)              	gInsDac 0,DacIns_conga,0
(3)   29/    8F44 : C000 00A9                   dc.b $C0|0,0,((DACINS_CONGA>>16)&$FF),((DACINS_CONGA>>8)&$FF)
(3)   29/    8F48 : 7A00 0000                   dc.b DACINS_CONGA&$FF,0,0,0
(3)   30/    8F4C : (MACRO)              	gInsDac 0,DacIns_conga_low,0
(3)   30/    8F4C : C000 00B4                   dc.b $C0|0,0,((DACINS_CONGA_LOW>>16)&$FF),((DACINS_CONGA_LOW>>8)&$FF)
(3)   30/    8F50 : 5400 0000                   dc.b DACINS_CONGA_LOW&$FF,0,0,0
(3)   31/    8F54 : (MACRO)              	gInsDac -12,DacIns_clap,0
(3)   31/    8F54 : C0F4 00A0                   dc.b $C0|0,-12,((DACINS_CLAP>>16)&$FF),((DACINS_CLAP>>8)&$FF)
(3)   31/    8F58 : 0000 0000                   dc.b DACINS_CLAP&$FF,0,0,0
(3)   32/    8F5C : (MACRO)              	gInsFm 0,FmIns_Flaute_1
(3)   32/    8F5C : A000 0093                   dc.b $A0,0,((FMINS_FLAUTE_1>>16)&$FF),((FMINS_FLAUTE_1>>8)&$FF)
(3)   32/    8F60 : 9C00 0000                   dc.b FMINS_FLAUTE_1&$FF,$00,$00,$00
(3)   33/    8F64 : (MACRO)              	gInsFm 0,FmIns_Hats_1
(3)   33/    8F64 : A000 0094                   dc.b $A0,0,((FMINS_HATS_1>>16)&$FF),((FMINS_HATS_1>>8)&$FF)
(3)   33/    8F68 : BC00 0000                   dc.b FMINS_HATS_1&$FF,$00,$00,$00
(3)   34/    8F6C : (MACRO)              	gInsDac +24+2,DacIns_Kick_Strong,0
(3)   34/    8F6C : C01A 00C3                   dc.b $C0|0,+24+2,((DACINS_KICK_STRONG>>16)&$FF),((DACINS_KICK_STRONG>>8)&$FF)
(3)   34/    8F70 : 2E00 0000                   dc.b DACINS_KICK_STRONG&$FF,0,0,0
(3)   35/    8F74 : (MACRO)              	gInsDac +12,DacIns_Snare,0
(3)   35/    8F74 : C00C 00DD                   dc.b $C0|0,+12,((DACINS_SNARE>>16)&$FF),((DACINS_SNARE>>8)&$FF)
(3)   35/    8F78 : F800 0000                   dc.b DACINS_SNARE&$FF,0,0,0
(3)   36/    8F7C : (MACRO)              	gInsNull
(3)   36/    8F7C : 0000 0000                   dc.b $00,$00,$00,$00
(3)   36/    8F80 : 0000 0000                   dc.b $00,$00,$00,$00
(3)   37/    8F84 : (MACRO)              	gInsPsg 0,$00,$00,$00,$00,$02,$00
(3)   37/    8F84 : 8000 0000                   dc.b $80,0,$00,$00
(3)   37/    8F88 : 0000 0200                   dc.b $00,$00,$02,$00
(3)   38/    8F8C : (MACRO)              	gInsNull
(3)   38/    8F8C : 0000 0000                   dc.b $00,$00,$00,$00
(3)   38/    8F90 : 0000 0000                   dc.b $00,$00,$00,$00
(3)   39/    8F94 : (MACRO)              	gInsNull
(3)   39/    8F94 : 0000 0000                   dc.b $00,$00,$00,$00
(3)   39/    8F98 : 0000 0000                   dc.b $00,$00,$00,$00
(3)   40/    8F9C : (MACRO)              	gInsNull
(3)   40/    8F9C : 0000 0000                   dc.b $00,$00,$00,$00
(3)   40/    8FA0 : 0000 0000                   dc.b $00,$00,$00,$00
(3)   41/    8FA4 : (MACRO)              	gInsNull
(3)   41/    8FA4 : 0000 0000                   dc.b $00,$00,$00,$00
(3)   41/    8FA8 : 0000 0000                   dc.b $00,$00,$00,$00
(3)   42/    8FAC : (MACRO)              	gInsNull
(3)   42/    8FAC : 0000 0000                   dc.b $00,$00,$00,$00
(3)   42/    8FB0 : 0000 0000                   dc.b $00,$00,$00,$00
(3)   43/    8FB4 : (MACRO)              	gInsNull
(3)   43/    8FB4 : 0000 0000                   dc.b $00,$00,$00,$00
(3)   43/    8FB8 : 0000 0000                   dc.b $00,$00,$00,$00
(3)   44/    8FBC :                     
(3)   45/    8FBC :                     ; ===========================================================================
(3)   46/    8FBC :                     ; -------------------------------------------------------------------
(3)   47/    8FBC :                     ; GEMA/Nikona FM instruments
(3)   48/    8FBC :                     ; -------------------------------------------------------------------
(3)   49/    8FBC :                     
(3)   50/    8FBC :                     ; -----------------------------------------------------------
(3)   51/    8FBC :                     ; Normal FM Instruments
(3)   52/    8FBC :                     ; -----------------------------------------------------------
(3)   53/    8FBC :                     
(3)   54/    8FBC :                     FmIns_Bass_big_81:
(3)   55/    8FBC :                     		binclude "sound/ins/fm/bin/bass_big_82.bin"
(3)   56/    8FDC :                     FmIns_Bass_big_110:
(3)   57/    8FDC :                     		binclude "sound/ins/fm/bin/bass_big_110.bin"
(3)   58/    8FFC :                     FmIns_Bass_big_114:
(3)   59/    8FFC :                     		binclude "sound/ins/fm/bin/bass_big_114.bin"
(3)   60/    901C :                     FmIns_Bass_big_122:
(3)   61/    901C :                     		binclude "sound/ins/fm/bin/bass_big_122.bin"
(3)   62/    903C :                     FmIns_Bass_cave_47:
(3)   63/    903C :                     		binclude "sound/ins/fm/bin/bass_cave_47.bin"
(3)   64/    905C :                     FmIns_Bass_club_108:
(3)   65/    905C :                     		binclude "sound/ins/fm/bin/bass_club_108.bin"
(3)   66/    907C :                     FmIns_Bass_foot_75:
(3)   67/    907C :                     		binclude "sound/ins/fm/bin/bass_foot_75.bin"
(3)   68/    909C :                     FmIns_Bass_gem_26:
(3)   69/    909C :                     		binclude "sound/ins/fm/bin/bass_gem_26.bin"
(3)   70/    90BC :                     FmIns_Bass_groove_119:
(3)   71/    90BC :                     		binclude "sound/ins/fm/bin/bass_groove_119.bin"
(3)   72/    90DC :                     FmIns_Bass_heavy_107:
(3)   73/    90DC :                     		binclude "sound/ins/fm/bin/bass_heavy_107.bin"
(3)   74/    90FC :                     FmIns_Bass_heavy_118:
(3)   75/    90FC :                     		binclude "sound/ins/fm/bin/bass_heavy_118.bin"
(3)   76/    911C :                     FmIns_Bass_loud_117:
(3)   77/    911C :                     		binclude "sound/ins/fm/bin/bass_loud_117.bin"
(3)   78/    913C :                     FmIns_bass_low_46:
(3)   79/    913C :                     		binclude "sound/ins/fm/bin/bass_low_46.bin"
(3)   80/    915C :                     FmIns_Bass_Groove_1:
(3)   81/    915C :                     		binclude "sound/ins/fm/bin/bass_groove_1.bin"
(3)   82/    917C :                     FmIns_bass_low_81:
(3)   83/    917C :                     		binclude "sound/ins/fm/bin/bass_low_81.bin"
(3)   84/    919C :                     FmIns_bass_low_103:
(3)   85/    919C :                     		binclude "sound/ins/fm/bin/bass_low_103.bin"
(3)   86/    91BC :                     FmIns_bass_low_106:
(3)   87/    91BC :                     		binclude "sound/ins/fm/bin/bass_low_106.bin"
(3)   88/    91DC :                     FmIns_bass_low_126:
(3)   89/    91DC :                     		binclude "sound/ins/fm/bin/bass_low_126.bin"
(3)   90/    91FC :                     FmIns_bass_mid_19:
(3)   91/    91FC :                     		binclude "sound/ins/fm/bin/bass_mid_19.bin"
(3)   92/    921C :                     FmIns_bass_mid_80:
(3)   93/    921C :                     		binclude "sound/ins/fm/bin/bass_mid_80.bin"
(3)   94/    923C :                     FmIns_bass_mid_111:
(3)   95/    923C :                     		binclude "sound/ins/fm/bin/bass_mid_111.bin"
(3)   96/    925C :                     FmIns_bass_power_123:
(3)   97/    925C :                     		binclude "sound/ins/fm/bin/bass_power_123.bin"
(3)   98/    927C :                     FmIns_bass_silent_53:
(3)   99/    927C :                     		binclude "sound/ins/fm/bin/bass_silent_53.bin"
(3)  100/    929C :                     FmIns_bass_slap_10:
(3)  101/    929C :                     		binclude "sound/ins/fm/bin/bass_slap_10.bin"
(3)  102/    92BC :                     FmIns_bass_slap_105:
(3)  103/    92BC :                     		binclude "sound/ins/fm/bin/bass_slap_105.bin"
(3)  104/    92DC :                     FmIns_bass_synth_60:
(3)  105/    92DC :                     		binclude "sound/ins/fm/bin/bass_synth_60.bin"
(3)  106/    92FC :                     FmIns_bass_synth_61:
(3)  107/    92FC :                     		binclude "sound/ins/fm/bin/bass_synth_61.bin"
(3)  108/    931C :                     FmIns_bass_synth_72:
(3)  109/    931C :                     		binclude "sound/ins/fm/bin/bass_synth_72.bin"
(3)  110/    933C :                     FmIns_bass_synth_73:
(3)  111/    933C :                     		binclude "sound/ins/fm/bin/bass_synth_73.bin"
(3)  112/    935C :                     FmIns_bass_vlow_74:
(3)  113/    935C :                     		binclude "sound/ins/fm/bin/bass_vlow_74.bin"
(3)  114/    937C :                     FmIns_Organ_drawbar:
(3)  115/    937C :                     		binclude "sound/ins/fm/bin/organ_drawbar.bin"
(3)  116/    939C :                     FmIns_Flaute_1:
(3)  117/    939C :                     		binclude "sound/ins/fm/bin/flaute_1.bin"
(3)  118/    93BC :                     FmIns_Flaute_2:
(3)  119/    93BC :                     		binclude "sound/ins/fm/bin/flaute_2.bin"
(3)  120/    93DC :                     FmIns_Vibraphone_1:
(3)  121/    93DC :                     		binclude "sound/ins/fm/bin/vibraphone_1.bin"
(3)  122/    93FC :                     FmIns_Vibraphone_2:
(3)  123/    93FC :                     		binclude "sound/ins/fm/bin/vibraphone_2.bin"
(3)  124/    941C :                     FmIns_Xylophone:
(3)  125/    941C :                     		binclude "sound/ins/fm/bin/xylophone2_43.bin"
(3)  126/    943C :                     FmIns_Bass_low81:
(3)  127/    943C :                     		binclude "sound/ins/fm/bin/bass_low_46.bin"
(3)  128/    945C :                     FmIns_Trumpet_low:
(3)  129/    945C :                     		binclude "sound/ins/fm/bin/trumpet_low.bin"
(3)  130/    947C :                     FmIns_Trumpet_genie:
(3)  131/    947C :                     		binclude "sound/ins/fm/bin/trumpet_genie.bin"
(3)  132/    949C :                     FmIns_Trumpet_bus:
(3)  133/    949C :                     		binclude "sound/ins/fm/bin/trumpet_bus.bin"
(3)  134/    94BC :                     FmIns_Hats_1:
(3)  135/    94BC :                     		binclude "sound/ins/fm/bin/hats_96.bin"
(3)  136/    94DC :                     FmIns_Bell_mid36:
(3)  137/    94DC :                     		binclude "sound/ins/fm/bin/bell_mid_36.bin"
(3)  138/    94FC :                     FmIns_Bell_62:
(3)  139/    94FC :                     		binclude "sound/ins/fm/bin/bell_62.bin"
(3)  140/    951C :                     FmIns_Bell_93:
(3)  141/    951C :                     		binclude "sound/ins/fm/bin/bell_93.bin"
(3)  142/    953C :                     FmIns_Bell_low13:
(3)  143/    953C :                     		binclude "sound/ins/fm/bin/bell_low_13.bin"
(3)  144/    955C :                     
(3)  145/    955C :                     FmIns_Drum_Kick:
(3)  146/    955C :                     		binclude "sound/ins/fm/bin/kick_low.bin"
(3)  147/    957C :                     FmIns_Tick:
(3)  148/    957C :                     		binclude "sound/ins/fm/bin/tick_44.bin"
(3)  149/    959C :                     
(3)  150/    959C :                     ; -----------------------------------------------------------
(3)  151/    959C :                     ; Special FM3 Instruments
(3)  152/    959C :                     ; -----------------------------------------------------------
(3)  153/    959C :                     
(3)  154/    959C :                     FmSpIns_clack_1:
(3)  155/    959C :                     		binclude "sound/ins/fm/bin/fm3_clack_1.bin"
(3)  156/    95C4 :                     FmSpIns_cowbell_h:
(3)  157/    95C4 :                     		binclude "sound/ins/fm/bin/fm3_cowbell_h.bin"
(3)  158/    95EC :                     FmSpIns_cowbell_l:
(3)  159/    95EC :                     		binclude "sound/ins/fm/bin/fm3_cowbell_l.bin"
(3)  160/    9614 :                     FmSpIns_hats_hq:
(3)  161/    9614 :                     		binclude "sound/ins/fm/bin/fm3_hats_hq.bin"
(3)  162/    963C :                     FmSpIns_sfx_alien:
(3)  163/    963C :                     		binclude "sound/ins/fm/bin/fm3_sfx_alien.bin"
(3)  164/    9664 :                     FmSpIns_sfx_knckbuzz:
(3)  165/    9664 :                     		binclude "sound/ins/fm/bin/fm3_sfx_knckbuzz.bin"
(3)  166/    968C :                     FmSpIns_sfx_knock_h:
(3)  167/    968C :                     		binclude "sound/ins/fm/bin/fm3_sfx_knock_h.bin"
(3)  168/    96B4 :                     FmSpIns_sfx_knock_l:
(3)  169/    96B4 :                     		binclude "sound/ins/fm/bin/fm3_sfx_knock_l.bin"
(3)  170/    96DC :                     FmSpIns_sfx_laser:
(3)  171/    96DC :                     		binclude "sound/ins/fm/bin/fm3_sfx_laser.bin"
(3)  172/    9704 :                     
(3)  173/    9704 :                     ; -----------------------------------------------------------
(3)  174/    9704 :                     ; FM sound effects
(3)  175/    9704 :                     ; -----------------------------------------------------------
(3)  176/    9704 :                     
(3)  177/    9704 :                     FmIns_sfx_punch:
(3)  178/    9704 :                     		binclude "sound/ins/fm/bin/sfx_punch.bin"
(3)  179/    9724 :                     FmIns_sfx_explode:
(3)  180/    9724 :                     		binclude "sound/ins/fm/bin/sfx_explode.bin"
(3)  181/    9744 :                     FmIns_sfx_slash:
(3)  182/    9744 :                     		binclude "sound/ins/fm/bin/sfx_slash.bin"
(3)  183/    9764 :                     FmIns_sfx_alien1:
(3)  184/    9764 :                     		binclude "sound/ins/fm/bin/sfx_alien_83.bin"
(3)  185/    9784 :                     FmIns_sfx_alien2:
(3)  186/    9784 :                     		binclude "sound/ins/fm/bin/sfx_alien_84.bin"
(3)  187/    97A4 :                     
(3)  188/    97A4 :                     ; ====================================================================
(3)  189/    97A4 :                     
(3)  190/    97A4 :                     ; FM3 Special
(3)  191/    97A4 :                     FmIns_Sp_OpenHat:
(3)  192/    97A4 :                     		binclude "sound/ins/fm/gsx/fm3_openhat.gsx",$2478,$28
(3)  193/    97CC :                     FmIns_Sp_ClosedHat:
(3)  194/    97CC :                     		binclude "sound/ins/fm/gsx/fm3_closedhat.gsx",$2478,$28
(3)  195/    97F4 :                     FmIns_Sp_Cowbell:
(3)  196/    97F4 :                     		binclude "sound/ins/fm/gsx/fm3_cowbell.gsx",$2478,$28
(3)  197/    981C :                     FmIns_Drums_Kick1:
(3)  198/    981C :                     		binclude "sound/ins/fm/gsx/drum_kick_gem.gsx",$2478,$20
(3)  199/    983C :                     FmIns_Piano_Aqua:
(3)  200/    983C :                     		binclude "sound/ins/fm/gsx/piano_aqua.gsx",$2478,$20
(3)  201/    985C :                     FmIns_HBeat_tom:
(3)  202/    985C :                     		binclude "sound/ins/fm/gsx/nadia_tom.gsx",$2478,$20
(3)  203/    987C :                     FmIns_Trumpet_1:
(3)  204/    987C :                     		binclude "sound/ins/fm/gsx/trumpet_1.gsx",$2478,$20
(3)  205/    989C :                     FmIns_Bass_duck:
(3)  206/    989C :                     		binclude "sound/ins/fm/gsx/bass_duck.gsx",$2478,$20
(3)  207/    98BC :                     FmIns_ClosedHat:
(3)  208/    98BC :                     		binclude "sound/ins/fm/gsx/hats_closed.gsx",$2478,$20
(3)  209/    98DC :                     FmIns_Trumpet_carnival:
(3)  210/    98DC :                     		binclude "sound/ins/fm/gsx/OLD_trumpet_carnivl.gsx",$2478,$20
(3)  211/    98FC :                     FmIns_Bass_club:
(3)  212/    98FC :                     		binclude "sound/ins/fm/gsx/OLD_bass_club.gsx",$2478,$20
(3)  213/    991C :                     FmIns_Bass_groove_2:
(3)  214/    991C :                     		binclude "sound/ins/fm/gsx/bass_groove_2.gsx",$2478,$20
(3)  215/    993C :                     FmIns_PSynth_plus:
(3)  216/    993C :                     		binclude "sound/ins/fm/gsx/psynth_plus.gsx",$2478,$20
(3)  217/    995C :                     FmIns_Brass_7:
(3)  218/    995C :                     		binclude "sound/ins/fm/gsx/brass_7.gsx",$2478,$20
(3)  219/    997C :                     
(3)  220/    997C :                     FmIns_sfx_punch_2:
(3)  221/    997C :                     		binclude "sound/ins/fm/gsx/fmsfx_punch.gsx",$2478,$20
(3)  222/    999C :                     FmIns_sfx_smash:
(3)  223/    999C :                     		binclude "sound/ins/fm/gsx/fmsfx_smash.gsx",$2478,$20
(3)  224/    99BC :                     
(3)  225/    99BC :                     FmIns_bass_italo:
(3)  226/    99BC :                     		binclude "sound/ins/fm/gsx/bass_italo.gsx",$2478,$20
(3)  227/    99DC :                     FmIns_Guitar_bball:
(3)  228/    99DC :                     		binclude "sound/ins/fm/gsx/guitar_bball.gsx",$2478,$20
(3)  229/    99FC :                     
(3)  230/    99FC :                     ; ===========================================================================
(3)  231/    99FC :                     ; -------------------------------------------------------------------
(3)  232/    99FC :                     ; GEMA/Nikona DAC samples
(3)  233/    99FC :                     ;
(3)  234/    99FC :                     ; 16000hz base
(3)  235/    99FC :                     ; -------------------------------------------------------------------
(3)  236/    99FC :                     
(3)  237/    99FC :                     		align $800
(3)  238/    A000 :                     		;gSmplData Label,"file_path",loop_start
(3)  239/    A000 : (MACRO)              		gSmplData DacIns_clap,"sound/ins/smpl/clap.wav",0
(3)  239/    A000 : =$A000               DACINS_CLAP    label *
(3)  239/    A000 : 7409 00                     dc.b ((DACINS_CLAP_e-DACINS_CLAP_s)&$FF),(((DACINS_CLAP_e-DACINS_CLAP_s)>>8)&$FF),(((DACINS_CLAP_e-DACINS_CLAP_s)>>16)&$FF)       ; dc.b 1,2,3 Length
(3)  239/    A003 : 0000 00                     dc.b ((0)&$FF),(((0)>>8)&$FF),(((0)>>16)&$FF)                                  ; dc.b 4,5,6 Start 0
(3)  239/    A006 :                     DACINS_CLAP_s:
(3)  239/    A006 :                             binclude "sound/ins/smpl/clap.wav",$2C       ; dc.b (data)
(3)  239/    A97A :                     DACINS_CLAP_e:
(3)  240/    A97A : (MACRO)              		gSmplData DacIns_conga,"sound/ins/smpl/conga.wav",0
(3)  240/    A97A : =$A97A               DACINS_CONGA    label *
(3)  240/    A97A : D40A 00                     dc.b ((DACINS_CONGA_e-DACINS_CONGA_s)&$FF),(((DACINS_CONGA_e-DACINS_CONGA_s)>>8)&$FF),(((DACINS_CONGA_e-DACINS_CONGA_s)>>16)&$FF)       ; dc.b 1,2,3 Length
(3)  240/    A97D : 0000 00                     dc.b ((0)&$FF),(((0)>>8)&$FF),(((0)>>16)&$FF)                                  ; dc.b 4,5,6 Start 0
(3)  240/    A980 :                     DACINS_CONGA_s:
(3)  240/    A980 :                             binclude "sound/ins/smpl/conga.wav",$2C       ; dc.b (data)
(3)  240/    B454 :                     DACINS_CONGA_e:
(3)  241/    B454 : (MACRO)              		gSmplData DacIns_conga_low,"sound/ins/smpl/conga_low.wav",0
(3)  241/    B454 : =$B454               DACINS_CONGA_LOW    label *
(3)  241/    B454 : D40E 00                     dc.b ((DACINS_CONGA_LOW_e-DACINS_CONGA_LOW_s)&$FF),(((DACINS_CONGA_LOW_e-DACINS_CONGA_LOW_s)>>8)&$FF),(((DACINS_CONGA_LOW_e-DACINS_CONGA_LOW_s)>>16)&$FF)       ; dc.b 1,2,3 Length
(3)  241/    B457 : 0000 00                     dc.b ((0)&$FF),(((0)>>8)&$FF),(((0)>>16)&$FF)                                  ; dc.b 4,5,6 Start 0
(3)  241/    B45A :                     DACINS_CONGA_LOW_s:
(3)  241/    B45A :                             binclude "sound/ins/smpl/conga_low.wav",$2C       ; dc.b (data)
(3)  241/    C32E :                     DACINS_CONGA_LOW_e:
(3)  242/    C32E : (MACRO)              		gSmplData DacIns_Kick_Strong,"sound/ins/smpl/kick_strong.wav",0
(3)  242/    C32E : =$C32E               DACINS_KICK_STRONG    label *
(3)  242/    C32E : C41A 00                     dc.b ((DACINS_KICK_STRONG_e-DACINS_KICK_STRONG_s)&$FF),(((DACINS_KICK_STRONG_e-DACINS_KICK_STRONG_s)>>8)&$FF),(((DACINS_KICK_STRONG_e-DACINS_KICK_STRONG_s)>>16)&$FF)       ; dc.b 1,2,3 Length
(3)  242/    C331 : 0000 00                     dc.b ((0)&$FF),(((0)>>8)&$FF),(((0)>>16)&$FF)                                  ; dc.b 4,5,6 Start 0
(3)  242/    C334 :                     DACINS_KICK_STRONG_s:
(3)  242/    C334 :                             binclude "sound/ins/smpl/kick_strong.wav",$2C       ; dc.b (data)
(3)  242/    DDF8 :                     DACINS_KICK_STRONG_e:
(3)  243/    DDF8 : (MACRO)              		gSmplData DacIns_Snare,"sound/ins/smpl/snare.wav",0
(3)  243/    DDF8 : =$DDF8               DACINS_SNARE    label *
(3)  243/    DDF8 : F40E 00                     dc.b ((DACINS_SNARE_e-DACINS_SNARE_s)&$FF),(((DACINS_SNARE_e-DACINS_SNARE_s)>>8)&$FF),(((DACINS_SNARE_e-DACINS_SNARE_s)>>16)&$FF)       ; dc.b 1,2,3 Length
(3)  243/    DDFB : 0000 00                     dc.b ((0)&$FF),(((0)>>8)&$FF),(((0)>>16)&$FF)                                  ; dc.b 4,5,6 Start 0
(3)  243/    DDFE :                     DACINS_SNARE_s:
(3)  243/    DDFE :                             binclude "sound/ins/smpl/snare.wav",$2C       ; dc.b (data)
(3)  243/    ECF2 :                     DACINS_SNARE_e:
(3)  244/    ECF2 : (MACRO)              		gSmplData DacIns_Snare_Rap,"sound/ins/smpl/snare_rap.wav",0
(3)  244/    ECF2 : =$ECF2               DACINS_SNARE_RAP    label *
(3)  244/    ECF2 : A40A 00                     dc.b ((DACINS_SNARE_RAP_e-DACINS_SNARE_RAP_s)&$FF),(((DACINS_SNARE_RAP_e-DACINS_SNARE_RAP_s)>>8)&$FF),(((DACINS_SNARE_RAP_e-DACINS_SNARE_RAP_s)>>16)&$FF)       ; dc.b 1,2,3 Length
(3)  244/    ECF5 : 0000 00                     dc.b ((0)&$FF),(((0)>>8)&$FF),(((0)>>16)&$FF)                                  ; dc.b 4,5,6 Start 0
(3)  244/    ECF8 :                     DACINS_SNARE_RAP_s:
(3)  244/    ECF8 :                             binclude "sound/ins/smpl/snare_rap.wav",$2C       ; dc.b (data)
(3)  244/    F79C :                     DACINS_SNARE_RAP_e:
(3)  245/    F79C : (MACRO)              		gSmplData DacIns_TEST,"sound/ins/smpl/test.wav",0
(3)  245/    F79C : =$F79C               DACINS_TEST    label *
(3)  245/    F79C : 6878 02                     dc.b ((DACINS_TEST_e-DACINS_TEST_s)&$FF),(((DACINS_TEST_e-DACINS_TEST_s)>>8)&$FF),(((DACINS_TEST_e-DACINS_TEST_s)>>16)&$FF)       ; dc.b 1,2,3 Length
(3)  245/    F79F : 0000 00                     dc.b ((0)&$FF),(((0)>>8)&$FF),(((0)>>16)&$FF)                                  ; dc.b 4,5,6 Start 0
(3)  245/    F7A2 :                     DACINS_TEST_s:
(3)  245/    F7A2 :                             binclude "sound/ins/smpl/test.wav",$2C       ; dc.b (data)
(3)  245/   3700A :                     DACINS_TEST_e:
(3)  246/   3700A :                     
(3)  247/   3700A :                     ; 		gSmplData DacIns_Kick_2,"sound/ins/smpl/kick_2.wav",0
(3)  248/   3700A :                     ; 		gSmplData DacIns_Snare_2,"sound/ins/smpl/snare_2.wav",0
(3)  249/   3700A :                     ; 		gSmplData DacIns_Timpani,"sound/ins/smpl/timpani.wav",0
(3)  250/   3700A :                     ; 		gSmplData DacIns_wegot_kick,"sound/ins/smpl/wegot_kick.wav",0
(3)  251/   3700A :                     ; 		gSmplData DacIns_wegot_crash,"sound/ins/smpl/wegot_crash.wav",0
(3)  252/   3700A :                     
(2)   27/   3700A : (MACRO)              		binclude_dma ASCII_FONT,"game/data/md/tilesets/font_8/art.bin"
(2)   27/   3700A :                             ; 32X: Temporally show ROM position
(2)   27/   3700A :                     
(2)   27/   3700A :                                     align 2
(2)   27/   3700A : =$3700A              ASCII_FONT        label *
(2)   27/   3700A :                                     binclude "game/data/md/tilesets/font_8/art.bin"
(2)   27/   37C0A :                                     align 2
(2)   27/   37C0A :                             ; 32X: Return to last phase
(2)   28/   37C0A : (MACRO)              		binclude_dma ASCII_FONT_W,"game/data/md/tilesets/font_16/art.bin"
(2)   28/   37C0A :                             ; 32X: Temporally show ROM position
(2)   28/   37C0A :                     
(2)   28/   37C0A :                                     align 2
(2)   28/   37C0A : =$37C0A              ASCII_FONT_W        label *
(2)   28/   37C0A :                                     binclude "game/data/md/tilesets/font_16/art.bin"
(2)   28/   3940A :                                     align 2
(2)   28/   3940A :                             ; 32X: Return to last phase
(2)   29/   3940A : (MACRO)              		binclude_dma Art_FairyDodo,"game/data/md/sprites/dodo/art.bin"
(2)   29/   3940A :                             ; 32X: Temporally show ROM position
(2)   29/   3940A :                     
(2)   29/   3940A :                                     align 2
(2)   29/   3940A : =$3940A              ART_FAIRYDODO        label *
(2)   29/   3940A :                                     binclude "game/data/md/sprites/dodo/art.bin"
(2)   29/   39A0A :                                     align 2
(2)   29/   39A0A :                             ; 32X: Return to last phase
(2)   30/   39A0A : (MACRO)              		binclude_dma Art_FairyMimi,"game/data/md/sprites/mimi/art.bin"
(2)   30/   39A0A :                             ; 32X: Temporally show ROM position
(2)   30/   39A0A :                     
(2)   30/   39A0A :                                     align 2
(2)   30/   39A0A : =$39A0A              ART_FAIRYMIMI        label *
(2)   30/   39A0A :                                     binclude "game/data/md/sprites/mimi/art.bin"
(2)   30/   3A00A :                                     align 2
(2)   30/   3A00A :                             ; 32X: Return to last phase
(2)   31/   3A00A : (MACRO)              		binclude_dma Art_FairyFifi,"game/data/md/sprites/fifi/art.bin"
(2)   31/   3A00A :                             ; 32X: Temporally show ROM position
(2)   31/   3A00A :                     
(2)   31/   3A00A :                                     align 2
(2)   31/   3A00A : =$3A00A              ART_FAIRYFIFI        label *
(2)   31/   3A00A :                                     binclude "game/data/md/sprites/fifi/art.bin"
(2)   31/   3A58A :                                     align 2
(2)   31/   3A58A :                             ; 32X: Return to last phase
(2)   32/   3A58A :                     ; 		binclude_dma ART_TESTBG,"game/data/md/maps/test/art.bin"
(2)   33/   3A58A :                     ; PAL_TESTBG:	binclude "game/data/md/maps/test/pal.bin"
(2)   34/   3A58A :                     ; 		align 2
(2)   35/   3A58A :                     ; MAP_TESTBG:	binclude "game/data/md/maps/test/map.bin"
(2)   36/   3A58A :                     ; 		align 2
(2)   37/   3A58A :                     objPal_Dodo:	binclude "game/data/md/sprites/dodo/pal.bin"
(2)   38/   3A5AA :                     		align 2
(2)   39/   3A5AA :                     objMap_Dodo:	binclude "game/data/md/sprites/dodo/map.bin"
(2)   40/   3A5CE :                     		align 2
(2)   41/   3A5CE :                     objMap_Mimi:	binclude "game/data/md/sprites/mimi/map.bin"
(2)   42/   3A5F2 :                     		align 2
(2)   43/   3A5F2 :                     objMap_Fifi:	binclude "game/data/md/sprites/fifi/map.bin"
(2)   44/   3A62E :                     		align 2
(2)   45/   3A62E :                     
(2)   46/   3A62E :                     ; ----------------------------------------------------------------
(2)   47/   3A62E :                     
(2)   48/   3A62E :                     MPal_Test:
(2)   49/   3A62E :                     	binclude "game/data/mars/objects/test/mtrl/002_pal.bin"
(2)   50/   3A82E :                     	align 2
(2)   51/   3A82E :                     
(2)   52/   3A82E :                     MVram_test:
(2)   53/   3A82E : (MACRO)              	marsVramData
(2)   53/       0 :                                     phase 0
(2)   54/       0 :                     Textr_test:
(2)   55/       0 :                     	binclude "game/data/mars/objects/test/mtrl/002_art.bin"
(2)   56/    8DC2 :                     	align 8
(2)   57/    8DC8 : (MACRO)              	marsVramDEnd
(2)   57/    8DC8 :                                     align 8
(2)   57/    8DC8 :                     .end:
(2)   57/    8DC8 :  (MACRO-2)                           erreport "This 32X graphics data",.end,$18000
(2)   57/   435F6 :                                     dephase
(2)   58/   435F6 :                     MVram_test_e:
(2)   59/   435F6 :                     
(2)   60/   435F6 :                     ; ----------------------------------------------------------------
(2)   61/   435F6 :                     
(1)   34/   435F6 : (MACRO)              	dend_bank DATA_BANK0_e
(1)   34/   435F6 : =$3E818              GLBL_MDATA_RP := *-GLBL_MDATA_ST        ; Get used size to report
(1)   34/   435F6 :                     
(1)   34/   435F6 :                             ; Set 32X bank end
(1)   35/   435F6 :                     
     368/   435F6 :                     
     369/   435F6 :                     ; ====================================================================
     370/   435F6 :                     ; ----------------------------------------------------------------
     371/   435F6 :                     ; Cartridge-ONLY Section, direct label access
     372/   435F6 :                     ;
     373/   435F6 :                     ; For Genesis, 32X Cartridge and Pico ONLY.
     374/   435F6 :                     ; ----------------------------------------------------------------
     375/   435F6 :                     
     377/   435F6 :                     
     378/   435F6 :                     ; --------------------------------------------------------
     379/   435F6 :                     ; ROM-only DATA
     380/   435F6 :                     ; --------------------------------------------------------
     381/   435F6 :                     
     382/   435F6 :                     		include "game/data/md/ROM_bank0.asm"
(1)    1/   435F6 :                     ; ===========================================================================
(1)    2/   435F6 :                     ; ----------------------------------------------------------------
(1)    3/   435F6 :                     ; 1MB Cartridge-ONLY data
(1)    4/   435F6 :                     ; ----------------------------------------------------------------
(1)    5/   435F6 :                     
     383/   435F6 :                     
     384/   435F6 :                     ; --------------------------------------------------------
     385/   435F6 :                     ; ROM-only DMA-graphics
     386/   435F6 :                     ; --------------------------------------------------------
     387/   435F6 :                     
     388/   435F6 :                     		include "game/data/md/ROM_dmavdp.asm"
(1)    1/   435F6 :                     ; ===========================================================================
(1)    2/   435F6 :                     ; ----------------------------------------------------------------
(1)    3/   435F6 :                     ; DMA Genesis graphics for Cartridge ONLY
(1)    4/   435F6 :                     ; ----------------------------------------------------------------
(1)    5/   435F6 :                     		align 2
(1)    6/   435F6 :                     ; --------------------------------------------------------
(1)    7/   435F6 :                     
     389/   435F6 :                     
     390/   435F6 :                     ; --------------------------------------------------------
     391/   435F6 :                     ; ROM-only 32X data
     392/   435F6 :                     ;
     393/   435F6 :                     ; In the case of RV bit during DMA:
     394/   435F6 :                     ; Only the PWM samples are protected, everything else
     395/   435F6 :                     ; will be trashed.
     396/   435F6 :                     ; --------------------------------------------------------
     397/   435F6 :                     
     398/ 20435F6 :                     		phase CS1+*
     399/ 20435F6 :                     		align 4
     400/ 20435F8 :                     		include "game/data/mars/ROM_mars.asm"		; 32X-only data
(1)    1/ 20435F8 :                     ; ===========================================================================
(1)    2/ 20435F8 :                     ; ----------------------------------------------------------------
(1)    3/ 20435F8 :                     ; 1MB Cartridge-ONLY data
(1)    4/ 20435F8 :                     ; ----------------------------------------------------------------
(1)    5/ 20435F8 :                     
     401/ 20435F8 :                     		include "game/data/mars/objects/ROM_list.asm"	; 3D objects
(1)    1/ 20435F8 :                     ; ===========================================================================
(1)    2/ 20435F8 :                     ; ----------------------------------------------------------------
(1)    3/ 20435F8 :                     ; Special include for the 3D models, ROM-ONLY VERSION
(1)    4/ 20435F8 :                     ;
(1)    5/ 20435F8 :                     ; THIS CAN'T BE USED ON SCD/CD32X
(1)    6/ 20435F8 :                     ; ----------------------------------------------------------------
(1)    7/ 20435F8 :                     
(1)    8/ 20435F8 :                     ; 		include "game/data/mars/objects/test/head.asm"
(1)    9/ 20435F8 :                     ; 		include "game/data/mars/objects/test_2/head.asm"
(1)   10/ 20435F8 :                     ; 		include "game/data/mars/objects/test_3/head.asm"
(1)   11/ 20435F8 :                     	;	include "game/data/mars/objects/rubia/head.asm"
(1)   12/ 20435F8 :                     
     402/ 20435F8 :                     		include "sound/ROM_smpl_pwm.asm"		; PWM samples
(1)    1/ 20435F8 :                     ; ===========================================================================
(1)    2/ 20435F8 :                     ; -------------------------------------------------------------------
(1)    3/ 20435F8 :                     ; GEMA/Nikona PWM instruments on Cartridge ONLY
(1)    4/ 20435F8 :                     ;
(1)    5/ 20435F8 :                     ; - Samples located here CANNOT be used on CD32X
(1)    6/ 20435F8 :                     ; - If the Genesis does DMA that requires the RV bit this
(1)    7/ 20435F8 :                     ;   section will get protected ASAP before the DMA starts
(1)    8/ 20435F8 :                     ;
(1)    9/ 20435F8 :                     ; MACRO:
(1)   10/ 20435F8 :                     ; gSmplData Label,"file_path",loop_start
(1)   11/ 20435F8 :                     ; Set loop_start to 0 if not using it.
(1)   12/ 20435F8 :                     ;
(1)   13/ 20435F8 :                     ; BASE C-5 samplerate is 16000hz
(1)   14/ 20435F8 :                     ; -------------------------------------------------------------------
(1)   15/ 20435F8 :                     
(1)   16/ 20435F8 :                     	align 4
(1)   17/ 20435F8 :                     	;gSmplData Label,"file_path",loop_start
(1)   18/ 20435F8 :                     ; 	gSmplData PwmIns_Nadie,"sound/ins/smpl/inga_st.wav",0
(1)   19/ 20435F8 :                     
     403/   435F8 :                     		dephase
     404/   435F8 :                     
     405/   435F8 :                     ; ----------------------------------------------------------------
     406/   435F8 :                     
     408/   435F8 :                     
     409/   435F8 :                     ; ====================================================================
     410/   435F8 :                     ; ------------------------------------------------
     411/   435F8 :                     ; End
     412/   435F8 :                     ; ------------------------------------------------
     413/   435F8 :                     
     414/   435F8 :                     ROM_END:
     415/   435F8 : 00                  		dc.b 0
     416/   435F9 :                     		align $8000
     417/   48000 :                     
 AS V1.42 Beta [Bld 212] - Source File main.asm - Page 2 - 5/24/2025 15:10:14


  Symbol Table (* = unused):
  --------------------------

*ADAPTER :                        0 - | *ADEN :                           1 - |
 ALV :                           24 - | *ARCHITECTURE :     "AMD64-Windows" - |
 ARP :                           2C - |  ART_FAIRYDODO :              3940A C |
 ART_FAIRYFIFI :              3A00A C |  ART_FAIRYMIMI :              39A0A C |
 ASCII_FONT :                 3700A C |  ASCII_FONT_W :               37C0A C |
 ATK :                            8 - | *ATTRH :                        800 - |
*ATTRPRIO :                    8000 - | *ATTRV :                       1000 - |
*BANKSET :                        4 - | *BIGENDIAN :                      0 - |
*BITATTRH :                       3 - | *BITATTRPRIO :                    7 - |
*BITATTRV :                       4 - | *BITCLICKL :                      0 - |
*BITCLICKM :                      2 - | *BITCLICKR :                      1 - |
*BITCLICKS :                      3 - |  BITDISPENBL :                    6 - |
 BITDMA :                         1 - |  BITDMAENBL :                     4 - |
*BITFIFOE :                       9 - | *BITFIFOF :                       8 - |
*BITHBLK :                        2 - | *BITHINTENBL :                    4 - |
*BITHVSTOP :                      1 - | *BITJOYA :                        6 - |
*BITJOYB :                        4 - | *BITJOYC :                        5 - |
*BITJOYDOWN :                     1 - | *BITJOYLEFT :                     2 - |
*BITJOYMODE :                     B - | *BITJOYPEN :                      7 - |
*BITJOYRED :                      4 - | *BITJOYRIGHT :                    3 - |
 BITJOYSTART :                    7 - | *BITJOYUP :                       0 - |
*BITJOYX :                        A - | *BITJOYY :                        9 - |
*BITJOYZ :                        8 - | *BITMAPMD :                       1 - |
*BITODD :                         4 - | *BITPAL :                         0 - |
*BITSPRCOL :                      5 - | *BITSPROVR :                      6 - |
*BITV30 :                         3 - |  BITVBLK :                        3 - |
*BITVINT :                        7 - | *BITVINTENBL :                    5 - |
*BITWRAMMODE :                    2 - | *BRANCHEXT :                      0 - |
*CASESENSITIVE :                  0 - |  CDRAMDST :                    1F82 C |
 CDRAMLEN :                    1F87 C |  CDRAMSRC :                    1F84 C |
 CDRAMSRCB :                   1F86 C |  CHIP_ENV :                    1065 C |
 CHIP_ENV.ATKEND :             10E8 C | *CHIP_ENV.ATKZERO :            10EB C |
 CHIP_ENV.CHK2 :               10F1 C |  CHIP_ENV.CHK4 :               1126 C |
 CHIP_ENV.CKOF :               1089 C |  CHIP_ENV.CKON :               109C C |
*CHIP_ENV.DECTMR :             10F5 C |  CHIP_ENV.DKADD :              110F C |
 CHIP_ENV.DKSAV :              1117 C |  CHIP_ENV.DKYEND :             111C C |
 CHIP_ENV.DO_NFREQ :           117B C |  CHIP_ENV.ENVPROC :            10BA C |
 CHIP_ENV.KILLENV :            113C C | *CHIP_ENV.NBLOCK :             10BA C |
 CHIP_ENV.NORMAL :             1176 C |  CHIP_ENV.NOUPD :              11BC C |
 CHIP_ENV.NSKIP :              10B1 C |  CHIP_ENV.SILNC_3 :            1172 C |
 CHIP_ENV.VEDLP :              1144 C |  CHIP_ENV.VLMUCH :             11A8 C |
 CHIP_ENV.VLOOP :              1071 C |  CHIP_ENV.VONLY :              119E C |
 CHNL_CHIP :                      1 - |  CHNL_EFFARG :                    6 - |
 CHNL_EFFID :                     5 - |  CHNL_FLAGS :                     0 - |
 CHNL_INS :                       3 - |  CHNL_NOTE :                      2 - |
 CHNL_TYPE :                      7 - |  CHNL_VOL :                       4 - |
*CLICKL :                         2 - | *CLICKM :                         4 - |
*CLICKR :                         1 - | *CLICKS :                         8 - |
*CMDINTCLR :                     1A - | *CMDIRQ_ON :                      2 - |
 COM :                            0 - | *COMM0 :                         20 - |
*COMM1 :                         21 - | *COMM10 :                        2A - |
*COMM11 :                        2B - | *COMM12 :                        2C - |
*COMM13 :                        2D - | *COMM14 :                        2E - |
*COMM15 :                        2F - | *COMM2 :                         22 - |
*COMM3 :                         23 - | *COMM4 :                         24 - |
*COMM5 :                         25 - | *COMM6 :                         26 - |
*COMM7 :                         27 - | *COMM8 :                         28 - |
*COMM9 :                         29 - |  COMMZFIFO :                   1F60 C |
 COMMZREAD :                     2E C |  COMMZROMBLK :                 1F81 C |
 COMMZWRITE :                  1F80 C | *COMPMODE :                       0 - |
*CONSTPI :        3.141592653589793 - |  CONTROLLER_1 :    FFFFFFFFFFFFF0F8 - |
 CONTROLLER_2 :    FFFFFFFFFFFFF10C - |  CONTROLLER_3 :    FFFFFFFFFFFFF120 - |
 CONTROLLER_4 :    FFFFFFFFFFFFF134 - |  CONTROLLER_5 :    FFFFFFFFFFFFF148 - |
*COPERA :                         0 - | *COPR_YM712B_A0 :            BFF840 - |
*COPR_YMF262_A0 :            BFF824 - | *COPR_YMF262_A1 :            BFF834 - |
*COPR_YMF262_D0 :            BFF828 - | *COPR_YMZ263B_A0 :           BFF801 - |
*COPR_YMZ263B_A1 :           BFF805 - | *COPR_YMZ263B_D0 :           BFF803 - |
*COPR_YMZ263B_D1 :           BFF807 - | *CS0 :                            0 - |
 CS1 :                      2000000 - |  CS2 :                      4000000 - |
*CS3 :                      6000000 - |  CURRTICKBITS :                1CF9 C |
*CUSTOM :                         0 - | *CYCLE :                         32 - |
 DACINS_CLAP :                 A000 C |  DACINS_CONGA :                A97A C |
 DACINS_CONGA_LOW :            B454 C |  DACINS_KICK_STRONG :          C32E C |
 DACINS_SNARE :                DDF8 C | *DACINS_SNARE_RAP :            ECF2 C |
 DACINS_TEST :                 F79C C |  DAC_FILL :                      20 C |
 DAC_ME :                         8 C |  DAC_OFF :                     11F7 C |
 DAC_ON :                      11E2 C |  DAC_PLAY :                    120C C |
 DAC_REFILL :                  1240 C |  DAC_REFILL.DACFILL_END :      12FF C |
 DAC_REFILL.DACFILL_LOOP :     12B8 C |  DAC_REFILL.DACFILL_RET :      1302 C |
 DAC_REFILL.DAC_OVER :         128E C |  DATA_BANK0 :                  4DDE C |
*DATE :                 "5/24/2025" - |  DDACCNTR :                    17B0 C |
 DDACFIFOMID :                   37 C |  DDACPNTR :                    17AD C |
*DEF_HSIZE_128 :                100 - | *DEF_HSIZE_32 :                  40 - |
 DEF_HSIZE_64 :                  80 - | *DEF_MAXSTAMPCOUT :              60 - |
 DEF_PRINTPAL :                6000 - |  DEF_PRINTVRAM :                5A0 - |
 DEF_PRINTVRAMW :               4E0 - | *DEF_SAVEINFO :                1D62 C |
 DEF_VRAM_BG :                 E000 - |  DEF_VRAM_FG :                 C000 - |
 DEF_VRAM_HSCRL :              FC00 - |  DEF_VRAM_SPR :                F800 - |
 DEF_VRAM_WD :                 D000 - | *DISC_BANKLIST :               20B8 C |
*DISPENBL :                      40 - |  DKY :                            C - |
*DMAENBL :                       10 - | *DREQCTL :                        6 - |
*DREQDEST :                       C - | *DREQFIFO :                      12 - |
*DREQLEN :                       10 - | *DREQSOURCE :                     8 - |
 DRV_LOOP :                      41 C |  DRV_LOOP.CMND_0 :               DD C |
 DRV_LOOP.CMND_1 :               E0 C |  DRV_LOOP.CMND_2 :               F9 C |
 DRV_LOOP.CMND_3 :              133 C |  DRV_LOOP.CMND_5 :              171 C |
 DRV_LOOP.CMND_6 :              1AA C |  DRV_LOOP.CMND_7 :              1E3 C |
 DRV_LOOP.CMND_RDSLOT :         201 C |  DRV_LOOP.DEL_ALL :             16A C |
 DRV_LOOP.GETCBYTEL :            B0 C |  DRV_LOOP.GRAB_ARG :             AE C |
 DRV_LOOP.LIST :                 CD C |  DRV_LOOP.NEITHER :              82 C |
 DRV_LOOP.NEXT_CMD :             8B C |  DRV_LOOP.NOBEATS :              68 C |
 DRV_LOOP.NOTICKS :              5B C |  DRV_LOOP.NOT_PAL :             1F6 C |
 DRV_LOOP.SRCH_DEL :            151 C |  DRV_LOOP.SRCH_FVOL :           18F C |
 DRV_LOOP.SRCH_MODE :           119 C |  DRV_LOOP.SRCH_SLOT :           213 C |
 DRV_LOOP.SRCH_VOL :            1C8 C |  DRV_LOOP.WRTTO_DEL :           15E C |
 DRV_LOOP.WRTTO_FVOL :          19C C |  DRV_LOOP.WRTTO_SLOT :          128 C |
 DRV_LOOP.WRTTO_VOL :           1D5 C |  DTBL_MULTI :                   7EE C |
 DTBL_SINGL :                   802 C |  DTBL_SINGL.CHNL_ULNK :         F04 C |
 DTBL_SINGL.COMN_PANLIST :      CED C |  DTBL_SINGL.DAC_CUT :           BCE C |
 DTBL_SINGL.DAC_OFF :           BD4 C |  DTBL_SINGL.DAC_PROC :          BDA C |
 DTBL_SINGL.D_DOWN :            C71 C |  DTBL_SINGL.D_DOWNHF :          C6C C |
 DTBL_SINGL.D_UP :              C63 C | *DTBL_SINGL.D_UPHF :            C60 C |
 DTBL_SINGL.EFFC :              C2A C |  DTBL_SINGL.EFFC_D :            C45 C |
 DTBL_SINGL.EFFC_E :            C7E C |  DTBL_SINGL.EFFC_F :            C8D C |
 DTBL_SINGL.EFFC_X :            C9E C |  DTBL_SINGL.FM_CINDX :          B9C C |
 DTBL_SINGL.FM_CLRRSAVE :       A84 C |  DTBL_SINGL.FM_CUT :            A59 C |
 DTBL_SINGL.FM_HASVOL :         EC2 C |  DTBL_SINGL.FM_KEYOFF :         A65 C |
 DTBL_SINGL.FM_OFF :            A50 C |  DTBL_SINGL.FM_TLOFF :          A6D C |
 DTBL_SINGL.FND_OCT :           EF3 C |  DTBL_SINGL.FNOT_PAL :          97B C |
 DTBL_SINGL.GET_FMCACH :        BA4 C |  DTBL_SINGL.GET_OCT :           EE9 C |
 DTBL_SINGL.INST :              D1E C |  DTBL_SINGL.INS_DAC :           DDC C |
 DTBL_SINGL.INS_FM :            D7F C |  DTBL_SINGL.INS_PCM :           E30 C |
 DTBL_SINGL.INS_PSG :           D49 C |  DTBL_SINGL.INS_PSGN :          D43 C |
 DTBL_SINGL.INS_PWM :           E6F C | *DTBL_SINGL.INVL_INS :          D42 C |
 DTBL_SINGL.KEEP_TLMX :         B86 C |  DTBL_SINGL.KYCUT_PSG :         919 C |
*DTBL_SINGL.KYCUT_PSGN :        916 C |  DTBL_SINGL.KYOFF_PSG :         90D C |
*DTBL_SINGL.KYOFF_PSGN :        90A C |  DTBL_SINGL.KYPSGN_HATOFF :     922 C |
 DTBL_SINGL.LINKED :            86C C |  DTBL_SINGL.MKFM_PROC :         9B6 C |
 DTBL_SINGL.MKFM_SET :          A9B C |  DTBL_SINGL.MKFM_TLVOL :        B2D C |
 DTBL_SINGL.MKFM_WREGS :        B04 C |  DTBL_SINGL.MK_DAC :            BB4 C |
 DTBL_SINGL.MK_FM :             97C C |  DTBL_SINGL.MK_FM_SP :          A00 C |
 DTBL_SINGL.MK_LIST :           8BB C |  DTBL_SINGL.MK_PCM :            C0A C |
 DTBL_SINGL.MK_PSG :            8C9 C |  DTBL_SINGL.MK_PWM :            C0B C |
 DTBL_SINGL.NEW_ROMDAT :        DC5 C |  DTBL_SINGL.NOTE :              EB8 C |
 DTBL_SINGL.NOT_DAC :           9A1 C |  DTBL_SINGL.NOT_NS :            905 C |
 DTBL_SINGL.NOT_PAL :           9D4 C |  DTBL_SINGL.NO_LFO :            AF9 C |
 DTBL_SINGL.NO_REQ :            946 C |  DTBL_SINGL.N_FM :              EDF C |
*DTBL_SINGL.N_INDX :            ED4 C | *DTBL_SINGL.N_STFREQ :          ED5 C |
 DTBL_SINGL.PAN_MCD :           CCA C |  DTBL_SINGL.PCM_PANLIST :       CF5 C |
 DTBL_SINGL.PSGC_KEYON :        930 C |  DTBL_SINGL.PSGC_PROC :         929 C |
 DTBL_SINGL.PSG_GETFREQ :       967 C |  DTBL_SINGL.PSG_KEYON :         94C C |
 DTBL_SINGL.RCYL_COM :          85F C | *DTBL_SINGL.READFREQ_PCM :      C0C C |
*DTBL_SINGL.READFREQ_PWM :      C11 C |  DTBL_SINGL.RESET_EFFC :        8AE C |
 DTBL_SINGL.RES_PAN :           CC0 C |  DTBL_SINGL.SAME_PATCH :        DD7 C |
 DTBL_SINGL.SETEFU_D :          C65 C |  DTBL_SINGL.SETEF_D :           C75 C |
 DTBL_SINGL.SETEF_MCD :         C7A C |  DTBL_SINGL.SET_WAVFREQ :       C14 C |
 DTBL_SINGL.SILN_DAC :          863 C |  DTBL_SINGL.SILN_FM :           866 C |
 DTBL_SINGL.SILN_PCM :          845 C |  DTBL_SINGL.SILN_PSG :          83F C |
 DTBL_SINGL.SILN_PSG_N :        83B C |  DTBL_SINGL.SILN_PWM :          856 C |
 DTBL_SINGL.THIS_REGS :         A48 C |  DTBL_SINGL.TL_DOWN :           A79 C |
 DTBL_SINGL.VMUCH :             961 C |  DTBL_SINGL.VOLU :              D15 C |
 DTBL_SINGL.WRITE_NTL :         B91 C |  DTBL_SINGL.WRITE_TL :          B7F C |
 DTBL_SINGL.WRT_EF :            C98 C |  DTBL_SINGL.WR_SPC :            A2A C |
 DTH :                           20 - |  DTL :                           1C - |
 DWAVEBUFF :                   1D00 C | *EFFV :                          34 - |
*EMU :                            0 - |  EXTINT_DEFAULT :              1A98 C |
*FALSE :                          0 - | *FEN :                            2 - |
*FILLDATA :                       8 - | *FILLLENGTH :                     4 - |
*FILLSTART :                      6 - |  FLG :                           28 - |
*FM :                            80 - |  FMCACH_1 :                    155E C |
 FMCACH_2 :                    1586 C |  FMCACH_3 :                    15AE C |
 FMCACH_4 :                    15D6 C |  FMCACH_5 :                    15FE C |
 FMCACH_6 :                    1626 C |  FMCACH_LIST :                 179F C |
 FMFREQ_LIST :                 1310 C | *FMINS_BASS_BIG_110 :          8FDC C |
*FMINS_BASS_BIG_114 :          8FFC C | *FMINS_BASS_BIG_122 :          901C C |
*FMINS_BASS_BIG_81 :           8FBC C | *FMINS_BASS_CAVE_47 :          903C C |
*FMINS_BASS_CLUB :             98FC C | *FMINS_BASS_CLUB_108 :         905C C |
*FMINS_BASS_DUCK :             989C C | *FMINS_BASS_FOOT_75 :          907C C |
*FMINS_BASS_GEM_26 :           909C C |  FMINS_BASS_GROOVE_1 :         915C C |
*FMINS_BASS_GROOVE_119 :       90BC C | *FMINS_BASS_GROOVE_2 :         991C C |
*FMINS_BASS_HEAVY_107 :        90DC C | *FMINS_BASS_HEAVY_118 :        90FC C |
 FMINS_BASS_ITALO :            99BC C | *FMINS_BASS_LOUD_117 :         911C C |
*FMINS_BASS_LOW81 :            943C C | *FMINS_BASS_LOW_103 :          919C C |
*FMINS_BASS_LOW_106 :          91BC C | *FMINS_BASS_LOW_126 :          91DC C |
*FMINS_BASS_LOW_46 :           913C C | *FMINS_BASS_LOW_81 :           917C C |
*FMINS_BASS_MID_111 :          923C C | *FMINS_BASS_MID_19 :           91FC C |
*FMINS_BASS_MID_80 :           921C C | *FMINS_BASS_POWER_123 :        925C C |
*FMINS_BASS_SILENT_53 :        927C C | *FMINS_BASS_SLAP_10 :          929C C |
*FMINS_BASS_SLAP_105 :         92BC C | *FMINS_BASS_SYNTH_60 :         92DC C |
*FMINS_BASS_SYNTH_61 :         92FC C | *FMINS_BASS_SYNTH_72 :         931C C |
*FMINS_BASS_SYNTH_73 :         933C C | *FMINS_BASS_VLOW_74 :          935C C |
*FMINS_BELL_62 :               94FC C | *FMINS_BELL_93 :               951C C |
*FMINS_BELL_LOW13 :            953C C | *FMINS_BELL_MID36 :            94DC C |
*FMINS_BRASS_7 :               995C C | *FMINS_CLOSEDHAT :             98BC C |
*FMINS_DRUMS_KICK1 :           981C C | *FMINS_DRUM_KICK :             955C C |
 FMINS_FLAUTE_1 :              939C C | *FMINS_FLAUTE_2 :              93BC C |
*FMINS_GUITAR_BBALL :          99DC C |  FMINS_HATS_1 :                94BC C |
*FMINS_HBEAT_TOM :             985C C |  FMINS_ORGAN_DRAWBAR :         937C C |
*FMINS_PIANO_AQUA :            983C C | *FMINS_PSYNTH_PLUS :           993C C |
*FMINS_SFX_ALIEN1 :            9764 C | *FMINS_SFX_ALIEN2 :            9784 C |
*FMINS_SFX_EXPLODE :           9724 C | *FMINS_SFX_PUNCH :             9704 C |
*FMINS_SFX_PUNCH_2 :           997C C | *FMINS_SFX_SLASH :             9744 C |
*FMINS_SFX_SMASH :             999C C | *FMINS_SP_CLOSEDHAT :          97CC C |
*FMINS_SP_COWBELL :            97F4 C | *FMINS_SP_OPENHAT :            97A4 C |
*FMINS_TICK :                  957C C | *FMINS_TRUMPET_1 :             987C C |
*FMINS_TRUMPET_BUS :           949C C | *FMINS_TRUMPET_CARNIVAL :      98DC C |
*FMINS_TRUMPET_GENIE :         947C C | *FMINS_TRUMPET_LOW :           945C C |
 FMINS_VIBRAPHONE_1 :          93DC C | *FMINS_VIBRAPHONE_2 :          93FC C |
*FMINS_XYLOPHONE :             941C C |  FMLIST_RSAVE :                164E C |
 FMSPECIAL :                     30 C | *FMSPINS_CLACK_1 :             959C C |
*FMSPINS_COWBELL_H :           95C4 C | *FMSPINS_COWBELL_L :           95EC C |
*FMSPINS_HATS_HQ :             9614 C | *FMSPINS_SFX_ALIEN :           963C C |
*FMSPINS_SFX_KNCKBUZZ :        9664 C | *FMSPINS_SFX_KNOCK_H :         968C C |
*FMSPINS_SFX_KNOCK_L :         96B4 C | *FMSPINS_SFX_LASER :           96DC C |
 FM_AUTOREG :                  11C8 C |  FM_SEND_1 :                   11CC C |
 FM_SEND_2 :                   11D7 C | *FRAMECTL :                       B - |
*FS :                             1 - | *FULLPMMU :                       1 - |
 GEMADMAPAUSE :                 414 C |  GEMADMARESUME :                432 C |
*GEMAFADESEQ :                  4E8 C |  GEMAINIT :                     2A2 C |
 GEMAINIT.CLEAR_REST :          2DA C |  GEMAINIT.COPY_DRVR :           2D0 C |
 GEMAINIT.NOT_PAL :             300 C |  GEMAINIT.WAIT :                2BC C |
 GEMAMSTRLISTPOS :               1C C |  GEMAPLAYSEQ :                  470 C |
*GEMAPLAYSEQAUTO :              48E C |  GEMARESET :                    314 C |
 GEMASENDRAM :                  346 C |  GEMASENDRAM.COPY_BYTES :       384 C |
 GEMASENDRAM.NO_SIZE :          392 C |  GEMASENDRAM.NO_TASK :          398 C |
 GEMASETBEATS :                 520 C |  GEMASETMASTERLIST :            45E C |
*GEMASETSEQVOL :                504 C |  GEMASTOPALL :                  4CC C |
 GEMASTOPSEQ :                  4B0 C | *GEMATEST :                     450 C |
 GEMA_INIT :                    F1B C |  GEMA_INIT.END_SETUP :          F5C C |
 GEMA_INIT.SETUP_LIST :         F31 C |  GEMA_INIT.ST_COPY :            F50 C |
 GEMA_LASTBANK :               1306 C |  GEMA_LASTBANK.WRITE :         130B C |
 GET_TICK :                     F8D C |  GET_TICK.CTNOTICK :            FAA C |
 GLBL_LASTORG :    FFFFFFFFFFFFB000 - |
*GLBL_LASTORG.END :                                        FFFFFFFFFFFF0000 C |
 GLBL_LASTPC :                 4226 - | *GLBL_MDATA_RP :              3E818 - |
 GLBL_MDATA_ST :               4DDE - |  GTRK_TEST0 :                  4DE6 C |
 GTRK_TEST0.BLK :              4DF4 C |  GTRK_TEST0.INS :              4E02 C |
 GTRK_TEST0.PAT :              4DF6 C |  GTRK_TEST1 :                  4E0A C |
 GTRK_TEST1.BLK :              4E18 C |  GTRK_TEST1.INS :              8F24 C |
 GTRK_TEST1.PAT :              4E26 C | *HAS64 :                          1 - |
*HASDSP :                         0 - | *HASFPU :                         0 - |
*HASPMMU :                        0 - | *HBLK :                          40 - |
 HEADEROUT :                   17B3 C |  HEADEROUT_E :                 17C1 C |
*HINTCLR :                       18 - | *HINTENBL :                      10 - |
 HINT_DEFAULT :                1A98 C | *HIRQ_ON :                        4 - |
 HTAG_CDSAVE :        "NIKONACD___" - | *HTAG_CDVER :                   102 - |
 HTAG_DATEINFO : "(C)GF64 2025.???" - | *HTAG_DISCID :        "NIKONACD   " - |
*HTAG_DISCID_M :      "NIKONACD32X" - | *HTAG_MARSCDSAV :     "NIKONACD32X" - |
*HTAG_NDM_MARS :         "Nikona SUPER32X                                 " - |
*HTAG_NDM_MARSCD :       "Nikona CD32X                                    " - |
*HTAG_NDM_MCD :          "Nikona MCD                                      " - |
 HTAG_NDM_MD :           "Nikona MD                                       " - |
*HTAG_NDM_PICO :         "Nikona PICO                                     " - |
*HTAG_NOV_MARS :         "Nikona 32X                                      " - |
*HTAG_NOV_MARSCD :       "Nikona CD32X                                    " - |
*HTAG_NOV_MCD :          "Nikona SCD                                      " - |
 HTAG_NOV_MD :           "Nikona GENESIS                                  " - |
*HTAG_NOV_PICO :         "Nikona PICO                                     " - |
 HTAG_REGIONS :  "F               " - |  HTAG_SERIAL :     "GM HOMEBREW-02" - |
*HTAG_SYSNAME :       "NIKONA-SDK " - |
*HTAG_SYS_COPERA :                                       "SEGA COPERA     " - |
*HTAG_SYS_MARS : "SEGA 32X        " - |
*HTAG_SYS_MARSCD :                                       "SEGA GENESIS    " - |
*HTAG_SYS_MCD :  "SEGA GENESIS    " - |  HTAG_SYS_MD :   "SEGA GENESIS    " - |
*HTAG_SYS_MEGAPICO :                                     "SEGA MEGA PICO  " - |
*HTAG_SYS_PICO : "SEGA PICO       " - | *HVSTOP :                         2 - |
*INEXTMODE :                      0 - | *INLWORDMODE :                    0 - |
*INMAXMODE :                      0 - | *INSRCMODE :                      0 - |
 INSTLISTOUT :                 17C9 C | *INSUPMODE :                      1 - |
*INTMASK :                        1 - |  JOYA :                          40 - |
 JOYB :                          10 - |  JOYC :                          20 - |
 JOYCOUNT :                       5 - |  JOYDOWN :                        2 - |
*JOYID_MD :                       D - | *JOYID_MOUSE :                    3 - |
*JOYID_MS :                       F - |  JOYLEFT :                        4 - |
*JOYMODE :                      800 - | *JOYPEN :                        80 - |
*JOYRED :                        10 - |  JOYRIGHT :                       8 - |
 JOYSTART :                      80 - |  JOYUP :                          1 - |
 JOYX :                         400 - |  JOYY :                         200 - |
 JOYZ :                         100 - | *LCHWIDTH :                      34 - |
 LEV :                            4 - | *LISTON :                         3 - |
*MACEXP :                         7 - |  MAINGEMASEQLIST :             4DDE C |
 MARS :                           0 - | *MARSBLOCK :                   1F8A C |
 MARSCD :                         0 - |  MARSUPD :                     17A5 C |
*MARS_RAMCODE :                4058 C | *MARS_RAMCODE_E :              4058 C |
 MAX_BUFFNTRY :                   8 - |  MAX_GLOBALS :                 1000 - |
*MAX_LIBCODE :                 3000 - |  MAX_MDDMATSK :                  18 - |
 MAX_MDMAPSPR :                  18 - |  MAX_PALFDREQ :                   8 - |
 MAX_RCACH :                     20 - | *MAX_SC0_OPTIONS :                4 - |
 MAX_SCRNBUFF :                2000 - |  MAX_SLOTS :                      3 - |
*MAX_SNDPICK :                    7 - |  MAX_TBLSIZE :                   12 - |
 MAX_TRFRPZ :                     9 - |  MAX_TRKCHN :                    20 - |
 MAX_TRKINDX :                   1A - | *MAX_USERCODE :                7800 - |
*MAX_WRAMBANK :               3F800 - |  MAX_ZCMND :                     20 - |
 MCD :                            0 - | *MCDBLOCK :                    1F89 C |
 MCDUPD :                      17A6 C | *MCD_COMM_M :                     E - |
*MCD_COMM_S :                     F - | *MCD_DCOMM_M :                   10 - |
*MCD_DCOMM_S :                   20 - | *MCD_HINT :                       6 - |
*MCD_INTMASK :                   32 - |  MCD_MEMORY :                     3 - |
*MDSTMP_BUFFINCR :               1A - | *MDSTMP_CELLSTORAGE :            12 - |
*MDSTMP_CURROUTFLIP :             E - | *MDSTMP_DOTINCR :                16 - |
*MDSTMP_FDROP :                  10 - | *MDSTMP_FLAGS :                   0 - |
*MDSTMP_LEN :                    1E - | *MDSTMP_STMPOUTB :                C - |
*MDSTMP_VRAMINCR :                A - | *MDSTMP_VRAMLEN :                 8 - |
*MDSTMP_VRAMMAIN :                2 - | *MDSTMP_VRAMSEC :                 4 - |
*MDSTMP_VRAMSIZE :                6 - |  MD_BANK_SRAM :              A130F1 - |
 MD_ENTRY :                     206 C |  MD_ENTRY.LOOP_RAM :            23A C |
 MD_ENTRY.OLD_MD :              220 C |  MD_ENTRY.PALCLEAR :            264 C |
 MD_ENTRY.WAIT :                282 C |  MD_ENTRY.WAIT_DMA :            246 C |
 MD_ERRADDR :                   200 C |  MD_ERRBUS :                    200 C |
 MD_ERRCHK :                    200 C |  MD_ERRILL :                    200 C |
 MD_ERROREX :                   200 C |  MD_ERRORTRAP :                 200 C |
 MD_ERRPRIVL :                  200 C |  MD_ERRTRAPV :                  200 C |
 MD_ERRZDIV :                   200 C |  MD_LINE1010 :                  200 C |
 MD_LINE1111 :                  200 C |  MD_READMODES :                201C C |
 MD_READMODES.SCREEN_LIST :    2038 C |  MD_SCREEN00 :                 4058 C |
*MD_SCREEN00_E :               4226 C |  MD_SCREEN07 :                 4226 C |
*MD_SCREEN07_E :               4DDE C | *MD_SYSCODE_E :                20CC C |
 MD_TRACE :                     200 C |  MODE :                          18 - |
*MOMCPU :                     68000 - | *MOMCPUNAME :               "68000" - |
*MONOWIDTH :                     38 - | *MPAL_TEST :                  3A62E C |
 MVOL :                          30 - | *MVRAM_TEST :                 3A82E C |
*MVRAM_TEST_E :               435F6 C | *NESTMAX :                      100 - |
 NIKONA_BUFFLIST :             17D1 C | *NIKONA_BUFFLIST_E :           17E9 C |
 OBJECTS_ENABLE :              1D84 C |  OBJECTS_ENABLE.CLR_FIRST :    1D92 C |
 OBJECTS_INIT :                1D74 C |  OBJECTS_MAKE :                1DE0 C |
 OBJECTS_MAKE.SEARCH :         1DF0 C |  OBJECTS_RUN :                 1DA6 C |
 OBJECTS_RUN.INVLD_NUM :       1DCA C |  OBJECTS_RUN.NEXT_ONE :        1DB6 C |
 OBJECTS_RUN.NO_CODE :         1DC2 C | *OBJECTS_SET :                 1DCC C |
 OBJECT_ANIMATE :              1E84 C |  OBJECT_ANIMATE.EXIT_ANIM :    1F12 C |
 OBJECT_ANIMATE.GOTOFRAME :    1F04 C |  OBJECT_ANIMATE.KEEPSPD :      1ECA C |
 OBJECT_ANIMATE.LASTFRAME :    1F0E C |  OBJECT_ANIMATE.NOANIM :       1EF6 C |
 OBJECT_ANIMATE.RETURN :       1EF4 C |  OBJECT_ANIMATE.SAMETHING :    1EA2 C |
*OBJECT_MDMARS_GETSPRINFO :    201A C | *OBJECT_RESET :                1E32 C |
 OBJECT_RESET.CLR_RAM :        1E40 C |  OBJECT_RESETANIM :            1E4C C |
*OBJECT_SPEED :                1E54 C | *OBJECT_TOUCH :                1F18 C |
 OBJECT_TOUCH.CHECK_THIS :     1F5C C |  OBJECT_TOUCH.EXIT_THIS :      1F56 C |
 OBJECT_TOUCH.NEXT :           1F38 C |  OBJECT_TOUCH.NOT_YTOP :       2018 C |
 OBJECT_TOUCH.RAN_OUT :        1F54 C |  OBJECT_TOUCH.SET_OK :         2016 C |
 OBJECT_TOUCH.SKIP :           1F4C C |  OBJMAP_DODO :                3A5AA C |
 OBJMAP_FIFI :                3A5F2 C |  OBJMAP_MIMI :                3A5CE C |
 OBJPAL_DODO :                3A58A C |  OBJSET_ERROR :                1E04 C |
 OBJSET_GO :                   1E0E C |  OBJSET_GO.CLR :               1E22 C |
 OBJSET_GO.EXIT_THIS :         1E28 C |  OBJSET_GO.FROM_DEL :          1E1C C |
 OBJ_ANIM_ICUR :                 26 - |  OBJ_ANIM_INDX :                 24 - |
 OBJ_ANIM_NUM :                  22 - |  OBJ_ANIM_SPD :                  27 - |
*OBJ_ATTR :                      1F - |  OBJ_CODE :                       0 - |
 OBJ_FRAME :                     20 - |  OBJ_INDEX :                     1C - |
 OBJ_LEN :                       68 - |  OBJ_RAM :                       28 - |
 OBJ_SIZE_X :                    10 - |  OBJ_SIZE_Y :                    12 - |
 OBJ_SIZE_Z :                    14 - | *OBJ_STATUS :                    1E - |
 OBJ_SUBID :                     1D - |  OBJ_X :                          4 - |
 OBJ_X_SPD :                     16 - |  OBJ_Y :                          8 - |
 OBJ_Y_SPD :                     18 - |  OBJ_Z :                          C - |
 OBJ_Z_SPD :                     1A - | *PACKING :                        0 - |
*PADDING :                        0 - | *PAD_EXT :                        E - |
 PAD_HOLD :                       2 - |  PAD_ID :                         0 - |
 PAD_LEN :                       14 - | *PAD_PAGE :                       C - |
 PAD_PORT :                      10 - |  PAD_PRESS :                      4 - |
 PAD_RELEASE :                    6 - |  PAD_VER :                        1 - |
 PAD_X :                          8 - |  PAD_Y :                          A - |
 PALFD_DELAY :                    1 - |  PALFD_INCR :                     3 - |
 PALFD_LEN :                      8 - |  PALFD_NUM :                      6 - |
 PALFD_REQ :                      0 - |  PALFD_START :                    2 - |
*PALFD_TARGET :                   4 - |  PALFD_TIMER :                    5 - |
 PALMODE :                     1F88 C |  PCMCOM :                      14AA C |
*PEN :                           20 - |  PICO :                           0 - |
*PICO_BOOKPAGE :             80000D - | *PICO_BTN :                  800003 - |
*PICO_COPTYPE :              80000F - |  PICO_MODS :                      0 - |
*PICO_PCM_CTRL :             800012 - | *PICO_PCM_DATA :             800010 - |
*PICO_PENX_HI :              800005 - | *PICO_PENX_LO :              800007 - |
*PICO_PENY_HI :              800009 - | *PICO_PENY_LO :              80000B - |
*PICO_PORT_1_CTRL :          800017 - | *PICO_PORT_1_DATA :          800015 - |
 PICO_REV :                       0 - | *PICO_SECURITY_ADDR :        800019 - |
*PICO_START :                800000 - | *PICO_VER :                  800001 - |
 PSGCOM :                      1522 C |  PSGFREQ_LIST :                1328 C |
 PSGHATMODE :                    2F C | *PSG_CTRL :                  C00011 - |
 PTMR :                          38 - |  PWMCOM :                      14EA C |
*PWMCTL :                        31 - | *PWMINTCLR :                     1C - |
*PWMIRQ_ON :                      1 - |  RAM_CURROBJLIST : FFFFFFFFFFFFF168 C |
 RAM_CURROBJNUM :  FFFFFFFFFFFFF184 C |  RAM_EXRESERVED :          FFFFFD00 - |
 RAM_EXTERNALJUMP :                                        FFFFFFFFFFFFF178 C |
 RAM_FRAMECOUNT :  FFFFFFFFFFFFF0DC C |
*RAM_GLBL_EXAMPLE_B :                                      FFFFFFFFFFFFD006 C |
*RAM_GLBL_EXAMPLE_L :                                      FFFFFFFFFFFFD000 C |
*RAM_GLBL_EXAMPLE_W :                                      FFFFFFFFFFFFD004 C |
 RAM_GLBL_JOY2_HOLD :                                      FFFFFFFFFFFFD00E C |
 RAM_GLBL_JOY2_PRESS :                                     FFFFFFFFFFFFD010 C |
 RAM_GLBL_JOY2_RELEASE :                                   FFFFFFFFFFFFD012 C |
 RAM_GLBL_JOY_HOLD :                                       FFFFFFFFFFFFD008 C |
 RAM_GLBL_JOY_PRESS :                                      FFFFFFFFFFFFD00A C |
 RAM_GLBL_JOY_RELEASE :                                    FFFFFFFFFFFFD00C C |
 RAM_GLOBALS :     FFFFFFFFFFFFD000 C |  RAM_HBLANKJUMP :  FFFFFFFFFFFFF172 C |
 RAM_HORSCROLL :   FFFFFFFFFFFFE100 C |  RAM_INDXPALFADE : FFFFFFFFFFFFF0E0 C |
 RAM_INPUTDATA :   FFFFFFFFFFFFF0F8 C |  RAM_MDSYSTEM :    FFFFFFFFFFFFF0F8 C |
 RAM_MDVIDCLR_E :  FFFFFFFFFFFFEF58 C |  RAM_MDVIDEO :     FFFFFFFFFFFFEA90 C |
 RAM_PALETTE :     FFFFFFFFFFFFEA10 C |  RAM_PALETTEFADE : FFFFFFFFFFFFEED0 C |
 RAM_PALFADELIST : FFFFFFFFFFFFEA90 C |  RAM_SAVEDATA :    FFFFFFFFFFFFE000 C |
 RAM_SAVEENABLE :  FFFFFFFFFFFFF17E C |
*RAM_SAVE_COUNTER :                                        FFFFFFFFFFFFE004 C |
*RAM_SAVE_TAG :    FFFFFFFFFFFFE000 C |  RAM_SCREENMODE :  FFFFFFFFFFFFF180 C |
*RAM_SCREENOPTION :                                        FFFFFFFFFFFFF182 C |
 RAM_SCRNBUFF :    FFFFFFFFFFFFB000 C |  RAM_SPRITES :     FFFFFFFFFFFFE510 C |
 RAM_SPRLINKNUM :  FFFFFFFFFFFFF0E2 C |  RAM_SPRMAPLIST :  FFFFFFFFFFFFEAD0 C |
 RAM_SPROFFSETX :  FFFFFFFFFFFFEF54 C |  RAM_SPROFFSETY :  FFFFFFFFFFFFEF56 C |
 RAM_SPRPZLIST :   FFFFFFFFFFFFEC50 C |  RAM_STACK :                      0 - |
 RAM_SYSLASTBANK : FFFFFFFFFFFFF164 C |  RAM_SYSRANDOM :   FFFFFFFFFFFFF160 C |
*RAM_SYSRANDVAL :  FFFFFFFFFFFFF15C C |  RAM_VBLANKJUMP :  FFFFFFFFFFFFF16C C |
 RAM_VDPDMAINDX :  FFFFFFFFFFFFEF50 C |  RAM_VDPDMALIST :  FFFFFFFFFFFFEF5C C |
 RAM_VDPDMAMOD :   FFFFFFFFFFFFEF52 C |  RAM_VDPMAPSIZE :  FFFFFFFFFFFFF0EE C |
 RAM_VDPREGSET0 :  FFFFFFFFFFFFF0F0 C |  RAM_VDPREGSET1 :  FFFFFFFFFFFFF0F2 C |
 RAM_VDPREGSETB :  FFFFFFFFFFFFF0F4 C |  RAM_VDPREGSETC :  FFFFFFFFFFFFF0F6 C |
 RAM_VDPVRAMBG :   FFFFFFFFFFFFF0E6 C |  RAM_VDPVRAMFG :   FFFFFFFFFFFFF0E4 C |
 RAM_VDPVRAMHSCRL :                                        FFFFFFFFFFFFF0EC C |
 RAM_VDPVRAMSPR :  FFFFFFFFFFFFF0EA C |  RAM_VDPVRAMWD :   FFFFFFFFFFFFF0E8 C |
 RAM_VERSCROLL :   FFFFFFFFFFFFE4C0 C |  RAM_ZCDFLAGD :            FFFFFDFF - |
*RCHWIDTH :                      36 - |  READROM :                      FAE C |
 READROM.DOUBLE :               FD1 C |  READROM.FROM_RAM :             FF5 C |
 READROM.TRANSFER :            1015 C |  READROM.WAIT :                100C C |
 READROM.X68KLAST :            104E C |  READROM.X68KLOOP :            103A C |
 READROM.X68KLPWT :            105C C |  READROM.X68KNOCARRY :          FEF C |
*RELAXED :                        0 - | *RES :                            2 - |
 ROM_END :                    435F8 C |  RRT :                           14 - |
 SAMPLEHEAD :                  17C3 C |  SBEATACC :                      31 C |
 SBEATPTCK :                     33 C |  SEQ_BANKBLK :                   16 - |
 SEQ_BANKHEADS :                 15 - |  SEQ_BLOCKS :                     4 - |
 SEQ_CACH :                       8 - |  SEQ_CACHHALF :                  10 - |
 SEQ_CHNINDX :                   25 - |  SEQ_CURRBLK :                   13 - |
 SEQ_MAXCHNL :                   17 - |  SEQ_NUM :                        1 - |
 SEQ_PATT :                       6 - |  SEQ_PRIORITY :                  14 - |
 SEQ_READ :                       A - |  SEQ_ROMBLKS :                   22 - |
 SEQ_ROMINST :                   1F - |  SEQ_ROMPATT :                   1C - |
 SEQ_ROMPATTREAD :               19 - |  SEQ_ROWPAUSE :                  11 - |
 SEQ_ROWS :                       C - |  SEQ_SETBLK :                     2 - |
 SEQ_STATUS :                     0 - |  SEQ_TICKSET :                    3 - |
 SEQ_TICKTMR :                   12 - |  SEQ_VOLFDTARGET :               18 - |
 SEQ_VOLMASTER :                  E - |  SET_CHIPS :                    5FE C |
*SET_DEFAUTODMA :               480 - |  SET_ENBLSAVE :                   1 - |
 SET_FIRSTSCRN :                  0 - |  SET_NULLVRAM :                 7FE - |
 SET_RAMLIMIT :              FFFD00 - |  SET_SNDVIEWY :                  10 - |
 SET_SRAMSIZE :                 100 - | *SHIFT :                          2 - |
 SIZEOF_MDGLBL :   FFFFFFFFFFFFD016 C |  SIZEOF_MDRAM :    FFFFFFFFFFFFF186 C |
 SIZEOF_MDSYS :    FFFFFFFFFFFFF186 C |  SIZEOF_MDVID :    FFFFFFFFFFFFF0F8 C |
 SIZEOF_SAVEINFO : FFFFFFFFFFFFE00A C |  SLV :                           10 - |
 SNDLOCKZ80 :                   328 C |  SNDLOCKZ80.WAIT :              330 C |
 SNDREQ_ENTER :                 39A C |  SNDREQ_ENTER.WAIT :            3C0 C |
 SNDREQ_EXIT :                  3D0 C | *SNDREQ_SADDR :                 3FE C |
 SNDREQ_SBYTE :                 406 C |  SNDREQ_SCMD :                  3EC C |
 SNDREQ_SLONG :                 3FA C |  SNDREQ_SWORD :                 402 C |
 SNDUNLOCKZ80 :                 33C C |  SOUND_INIT :                  1794 C |
 SOUND_UPDATE :                1798 C | *STANDBY :                        3 - |
 SYSBCD_SPOUT :                1C9C C | *SYSMARS_FRAMEBUFFER :       840000 - |
*SYSMARS_ID :                A130EC - | *SYSMARS_OVERWRITE :         860000 - |
*SYSMARS_REG :               A15100 - | *SYSMARS_SVDP :              A15180 - |
 SYSMCD_REG :                A12000 - | *SYSMCD_WRAM :               200000 - |
 SYSMDMCD_SETCDDA :            1D58 C |  SYSRND_MKVALUE :              1AB4 C |
 SYSRND_MKVALUE.HAS_SEED :     1AC6 C | *SYSTEM_BCD_ADDB :             1C74 C |
 SYSTEM_BCD_ADDL :             1C82 C | *SYSTEM_BCD_ADDW :             1C7C C |
*SYSTEM_BCD_SUBB :             1C4C C |  SYSTEM_BCD_SUBL :             1C5A C |
*SYSTEM_BCD_SUBW :             1C54 C |  SYSTEM_DEFAULT :              1A78 C |
 SYSTEM_DEFAULT.CLR_LOOP :     1A86 C |  SYSTEM_DICEROLL :             1AFE C |
*SYSTEM_DICEROLL_SEED :        1ADE C |  SYSTEM_DMAENTER_RAM :         178C C |
 SYSTEM_DMAENTER_ROM :         1786 C |  SYSTEM_DMAEXIT_RAM :          1790 C |
 SYSTEM_DMAEXIT_ROM :          178A C |  SYSTEM_INIT :                 16CC C |
 SYSTEM_INIT.CLRINPUT :        1734 C |  SYSTEM_INIT.WAIT :            16D8 C |
 SYSTEM_INPUT :                17E2 C |  SYSTEM_INPUT.EXIT :           182E C |
 SYSTEM_INPUT.ID_03 :          1884 C |  SYSTEM_INPUT.ID_0D :          192E C |
 SYSTEM_INPUT.INVALID :        1928 C |  SYSTEM_INPUT.LIST :           1864 C |
 SYSTEM_INPUT.OLDPAD :         19B4 C |  SYSTEM_INPUT.PICK_ID :        1834 C |
 SYSTEM_INPUT.READ :           184A C |  SYSTEM_INPUT.STEP_1 :         1856 C |
 SYSTEM_INPUT.STEP_2 :         1862 C |  SYSTEM_INPUT.THIS_ONE :       1816 C |
 SYSTEM_INPUT.X_NEG :          18F6 C |  SYSTEM_INPUT.Y_NEG :          1922 C |
 SYSTEM_INPUT_INIT :           179C C | *SYSTEM_MDMARS_SENDDATA :      1D72 C |
*SYSTEM_MDMARS_UPDATE :        1D72 C | *SYSTEM_MDMCD_CDDAFADE :       1D60 C |
*SYSTEM_MDMCD_CDDAPLAY :       1D46 C | *SYSTEM_MDMCD_CDDAPLAYL :      1D50 C |
*SYSTEM_MDMCD_CDDASTOP :       1D5E C | *SYSTEM_MDMCD_CHECKHOME :      1D14 C |
 SYSTEM_MDMCD_CHECKHOME.NOT_PRESS :                                    1D3A C |
*SYSTEM_MDMCD_CHECKWRAM :      1CEE C |
 SYSTEM_MDMCD_CHECKWRAM.NO_RET :                                       1CFE C |
 SYSTEM_MDMCD_EXITSHELL :      1D44 C |  SYSTEM_MDMCD_GIVEWRAM :       1D04 C |
*SYSTEM_MDMCD_INTERRUPT :      1CCE C | *SYSTEM_MDMCD_RDFILE_RAM :     1D10 C |
*SYSTEM_MDMCD_RDFILE_WRAM :    1D12 C | *SYSTEM_MDMCD_SUBENTER :       1CDE C |
*SYSTEM_MDMCD_SUBTASK :        1CE0 C | *SYSTEM_MDMCD_SUBWAIT :        1CDC C |
 SYSTEM_MDMCD_WAITWRAM :       1CE2 C |  SYSTEM_RANDOM :               1AA4 C |
 SYSTEM_RANDOM_SEED :          1A9A C |  SYSTEM_RENDER :               174A C |
 SYSTEM_RENDER.FORGOT_DISP :   1770 C | *SYSTEM_RENDER.FROM_LATE :     1768 C |
 SYSTEM_RENDER.WAIT_EARLY :    1758 C |  SYSTEM_RENDER.WAIT_VBLANK :   1772 C |
 SYSTEM_SETDATABANK :          1D72 C |  SYSTEM_SETINTJUMPS :          1CB4 C |
 SYSTEM_SETINTJUMPS.NO_EXINT : 1CCC C |  SYSTEM_SETINTJUMPS.NO_HINT :  1CC4 C |
 SYSTEM_SETINTJUMPS.NO_VINT :  1CBC C |  SYSTEM_SINEWAVE :             1B22 C |
 SYSTEM_SINEWAVE_COS :         1B18 C |  SYSTEM_SRAMINIT :             19BA C |
*SYSTEM_SRAMINIT.ALREADY_SET : 19F6 C |  SYSTEM_SRAMINIT.CANT_USE :    19F4 C |
 SYSTEM_SRAMINIT.CLR_SRAM :    19E0 C |  SYSTEM_SRAMLOAD :             19F8 C |
 SYSTEM_SRAMLOAD.CANT_USE_C :  1A38 C | *SYSTEM_SRAMLOAD.DONT_RESET :  1A2A C |
 SYSTEM_SRAMLOAD.LOAD :        1A1E C |  SYSTEM_SRAMSAVE :             1A3A C |
 SYSTEM_SRAMSAVE.CANT_USE_C :  1A76 C |  SYSTEM_SRAMSAVE.SAVE :        1A5C C |
 SYS_CTRL_1 :                A10009 - |  SYS_CTRL_2 :                A1000B - |
 SYS_CTRL_3 :                A1000D - |  SYS_DATA_1 :                A10003 - |
 SYS_DATA_2 :                A10005 - |  SYS_DATA_3 :                A10007 - |
 SYS_IO :                    A10001 - |  SYS_SINEWAVE :                1B26 C |
 SYS_SINEWAVE.LOC_7EFA :       1B34 C |  SYS_SINEWAVE.LOC_7F0C :       1B46 C |
 SYS_SINEWAVE.SINE_DATA :      1B4C C | *SYS_SRAM :                  200000 - |
 SYS_TMSS :                  A14000 - |  TAG_SRAMDATA :              "SAVE" - |
 TBLBUFF_READ :                 63E C |  TBLBUFF_READ.DONT_RES :        6FC C |
 TBLBUFF_READ.DO_CHIP :         696 C |  TBLBUFF_READ.FOUND_TNEW :      77E C |
 TBLBUFF_READ.GOT_LINK :        737 C |  TBLBUFF_READ.GRAB_LINK :       6E0 C |
 TBLBUFF_READ.HAS_INDX :        672 C |  TBLBUFF_READ.INVLDL :          724 C |
*TBLBUFF_READ.L_HIPRIO :        7BB C |  TBLBUFF_READ.NEW_CHIP :        75D C |
 TBLBUFF_READ.NEW_LINK :        7B8 C |  TBLBUFF_READ.NEXTSRCH_TBL :    7C9 C |
 TBLBUFF_READ.NEXT_INDX :       66C C |  TBLBUFF_READ.NEXT_PRIO :       783 C |
 TBLBUFF_READ.NOT_SAMEL :       759 C |  TBLBUFF_READ.NO_INDX :         68E C |
 TBLBUFF_READ.OVRW_LINK :       7B0 C |  TBLBUFF_READ.PASS_2 :          782 C |
 TBLBUFF_READ.PICK_TBL :        7D2 C |  TBLBUFF_READ.RNOT_PSG :        75B C |
 TBLBUFF_READ.SAME_LINK :       6FF C |  TBLBUFF_READ.SET_ASFULL :      7AD C |
 TBLBUFF_READ.SINGL_FREE :      798 C |  TBLBUFF_READ.SINGL_LINK :      729 C |
 TBLBUFF_READ.SRCH_FREE :       76E C |  TBLBUFF_READ.SRCH_LINK :       70B C |
 TBLBUFF_READ.SRCH_LLOOP :      715 C |  TBLBUFF_READ.TRACK_CONT :      656 C |
 TBLBUFF_READ.VALID :           66A C |  TBLFM :                       1BA0 C |
 TBLFM3 :                      1BE8 C |  TBLFM6 :                      1BFA C |
 TBLLIST :                     1B00 C |  TBLPCM :                      1B0E C |
 TBLPSG :                      1C0E C |  TBLPSGN :                     1C46 C |
 TBLPWM :                      1C58 C |  TBLZ_CLEAR :                   F0B C |
 TBLZ_CLEAR.CLR_ALL :           F15 C | *TEXTR_TEST :                     0 C |
 TH :                      20000000 - |  TICKCNT :                     1CF8 C |
 TICKFLAG :                    1CF7 C |  TICKSPSET :                   1CF6 C |
*TIME :                  "15:10:11" - | *TIMERCTL :                      30 - |
 TRACK_OUT :                    5B0 C |  TRACK_OUT.INDX_DEL :           5C5 C |
 TRACK_OUT.NOTHIN :             5F2 C |  TRACK_OUT.VALID :              5C4 C |
 TRKBLKS_0 :                   16CA C |  TRKBLKS_1 :                   16D2 C |
 TRKBLKS_2 :                   16DA C |  TRKBUFF_0 :                   16E2 C |
 TRKBUFF_1 :                   1721 C |  TRKBUFF_2 :                   1760 C |
 TRKCACH_0 :                   1F00 C |  TRKCACH_1 :                   1F20 C |
 TRKCACH_2 :                   1F40 C |  TRKCHNLS :                    1E00 C |
 TRKHDRS_0 :                   166A C |  TRKHDRS_1 :                   168A C |
 TRKHDRS_2 :                   16AA C |  TRKINFOCACH :                 165A C |
 TRUE :                           1 - | *TVMODE :                         0 - |
 UPD_SEQ :                      226 C |  UPD_SEQ.CHNL_FREE :            33C C |
 UPD_SEQ.CONT_CHNL :            346 C |  UPD_SEQ.DEC_ROW :              2DD C |
 UPD_SEQ.DEC_ROW_E :            2E0 C |  UPD_SEQ.EFFECT_FILL :          508 C |
 UPD_SEQ.EFF_A :                3C1 C |  UPD_SEQ.EFF_B :                3D2 C |
 UPD_SEQ.EFF_C :                3F0 C |  UPD_SEQ.EXIT :                 2D1 C |
 UPD_SEQ.FADE_OUT :             25E C |  UPD_SEQ.FIRST_BLK :            447 C |
 UPD_SEQ.FIRST_FILL :           50F C |  UPD_SEQ.FIRST_HEAD :           48D C |
 UPD_SEQ.GRAB_RHEAD :           59D C |  UPD_SEQ.HAS_NOTE :             2E8 C |
 UPD_SEQ.INC_CPATT :            3F3 C |  UPD_SEQ.KEEP_BLK :             463 C |
 UPD_SEQ.KEEP_IT :              4B3 C |  UPD_SEQ.KEEP_VOL :             274 C |
 UPD_SEQ.NEXT_CHNL :            31E C |  UPD_SEQ.NEXT_NOTE :            2C1 C |
 UPD_SEQ.NO_EFF :               38D C |  UPD_SEQ.NO_GLBL :              54F C |
 UPD_SEQ.NO_INS :               36E C |  UPD_SEQ.NO_NOTE :              363 C |
 UPD_SEQ.NO_VOL :               37A C |  UPD_SEQ.OLD_TYPE :             357 C |
 UPD_SEQ.RAN_OUT :              401 C |  UPD_SEQ.READ_SEQ :             23B C |
 UPD_SEQ.ROW_ACTIVE :           2BA C |  UPD_SEQ.SET_TRACK :            42B C |
 UPD_SEQ.SFXMD :                27E C |  UPD_SEQ.SRCH_NEW :             319 C |
 UPD_SEQ.SRCH_REROLL :          315 C |  UPD_SEQ.TOO_MUCH :             26A C |
 UPD_SEQ.TRACK_END :            502 C | *VATTR_FLIPH :                  800 - |
*VATTR_FLIPV :                 1000 - | *VATTR_HI :                    8000 - |
*VATTR_PAL1 :                  2000 - | *VATTR_PAL2 :                  4000 - |
*VATTR_PAL3 :                  6000 - | *VBLK :                          80 - |
*VDPSTS :                         A - |  VDP_CTRL :                  C00004 - |
 VDP_DATA :                  C00000 - | *VERSION :                     142F - |
 VIDEO_BUILDSPRITES :           700 C |
 VIDEO_BUILDSPRITES.CHK_SPR_MR :                                        8C0 C |
 VIDEO_BUILDSPRITES.CHK_SPR_R : 89E C |  VIDEO_BUILDSPRITES.DONT_ADD :  872 C |
 VIDEO_BUILDSPRITES.EX_VRAM :   7B6 C |  VIDEO_BUILDSPRITES.EX_VRAMS :  7DA C |
 VIDEO_BUILDSPRITES.EX_YEXT :   846 C |  VIDEO_BUILDSPRITES.FIRST_SPR : 720 C |
 VIDEO_BUILDSPRITES.MK_PZ :     78C C |  VIDEO_BUILDSPRITES.NEXT :      768 C |
 VIDEO_BUILDSPRITES.NEXT_PZ :   728 C |  VIDEO_BUILDSPRITES.NO_MAP :    886 C |
 VIDEO_BUILDSPRITES.NO_PZ :     882 C | *VIDEO_BUILDSPRITES.NO_SLOT :   88C C |
 VIDEO_BUILDSPRITES.NO_SLOT_MR :                                        8D4 C |
 VIDEO_BUILDSPRITES.NO_SLOT_R : 8B2 C |  VIDEO_BUILDSPRITES.NO_SLOT_S : 758 C |
 VIDEO_BUILDSPRITES.STOP_ALL :  890 C |  VIDEO_BUILDSPRITES.VRAM_H :    80A C |
 VIDEO_BUILDSPRITES.VRAM_V :    7F2 C |  VIDEO_CLEAR :                  90E C |
 VIDEO_CLEAR.CLR_ME :           918 C | *VIDEO_CLEARSCREEN :            92E C |
 VIDEO_CLEARSCREEN.NOT_SMALL :  954 C | *VIDEO_COPY :                   CA4 C |
 VIDEO_COPY.DMAW :              CAE C |  VIDEO_COPY.DMA_W :             D0A C |
 VIDEO_DEFAULT :                5C2 C |  VIDEO_DISPLAYOFF :             968 C |
 VIDEO_DISPLAYON :              95C C |  VIDEO_DMAOFF :                 980 C |
 VIDEO_DMAON :                  974 C |  VIDEO_FADEIN_FULL :           10DA C |
 VIDEO_FADEOUT_FULL :          10EC C |  VIDEO_FADEPAL :               113E C |
*VIDEO_FADEPAL_LIST :          1194 C |  VIDEO_FADEPAL_LIST.INVALID :  11AE C |
 VIDEO_FADEPAL_LIST.NEXT_ONE : 11A2 C |  VIDEO_FILL :                   C2C C |
 VIDEO_INIT :                   536 C |  VIDEO_INIT.CLR_D :             56C C |
 VIDEO_INIT.CLR_PREQ :          584 C |  VIDEO_INIT.CLR_RAM :           540 C |
 VIDEO_INIT.COPY_DMA :          552 C |  VIDEO_INIT.DEF_REGSET :        5BA C |
 VIDEO_INIT.DMA_ENTRY :         5AA C | *VIDEO_INTENABLE :              998 C |
 VIDEO_LOADART :                B1A C |  VIDEO_LOADART.BAD_SIZE :       BB4 C |
 VIDEO_LOADART.LAST_SET :       B6A C |  VIDEO_LOADART.MK_SET :         B72 C |
 VIDEO_LOADART.NORMAL :         B64 C |  VIDEO_LOADART.RAM_WRITE :      BB6 C |
 VIDEO_LOADART.SHARED_SETUP :   BCA C |  VIDEO_LOADART_LIST :           C0C C |
 VIDEO_LOADART_LIST.INVALID :   C26 C |  VIDEO_LOADART_LIST.NEXT_ONE :  C18 C |
*VIDEO_LOADMAP :                DE6 C |  VIDEO_LOADMAP.BAD_SIZE :       E56 C |
 VIDEO_LOADMAP.MK_CELL :        E46 C |  VIDEO_LOADMAP.NON_BLANK :      E44 C |
 VIDEO_LOADMAP.X_LOOP :         E34 C |  VIDEO_LOADMAP.Y_LOOP :         E20 C |
*VIDEO_LOADMAPV :               E5C C |  VIDEO_LOADMAPV.BAD_SIZE :      EDE C |
 VIDEO_LOADMAPV.BAD_SIZE_D :    F46 C |  VIDEO_LOADMAPV.DBLE_MODE :     EE4 C |
 VIDEO_LOADMAPV.MK_CELL :       EC8 C |  VIDEO_LOADMAPV.MK_CELL_D :     F30 C |
 VIDEO_LOADMAPV.NON_BLANK :     EC6 C |  VIDEO_LOADMAPV.NON_BLANK_D :   F28 C |
 VIDEO_LOADMAPV.X_LOOP :        EA0 C |  VIDEO_LOADMAPV.X_LOOP_D :      EFE C |
 VIDEO_LOADMAPV.Y_LOOP :        EA6 C |  VIDEO_LOADMAPV.Y_LOOP_D :      F04 C |
 VIDEO_LOADPAL :               1148 C | *VIDEO_LOADPAL_LIST :          1174 C |
 VIDEO_LOADPAL_LIST.INVALID :  118E C |  VIDEO_LOADPAL_LIST.NEXT_ONE : 1182 C |
 VIDEO_MAKEDMAENTRY :           D20 C |  VIDEO_MAKEDMAENTRY.LAST_SET :  D70 C |
 VIDEO_MAKEDMAENTRY.MK_SET :    D78 C |  VIDEO_MAKEDMAENTRY.NORMAL :    D6A C |
 VIDEO_MAKEDMAENTRY.RAN_OUT :   DE4 C |  VIDEO_MAKEFADE :              1100 C |
*VIDEO_MAKESPR :               1572 C |  VIDEO_MAKESPR.CHK_FREE :      157E C |
 VIDEO_MAKESPR.MK_SPR :        1590 C |  VIDEO_MAKESPRMAP :            1622 C |
 VIDEO_MAKESPRMAP.CHK_FREE :   162E C |  VIDEO_MAKESPRMAP.MK_SPR :     163E C |
*VIDEO_MAKESPRMAP_DMA :        160A C | *VIDEO_MDMARS_MAKEFADE :       10FE C |
 VIDEO_PRINT :                 11E2 C |  VIDEO_PRINT.EXIT :            124E C |
 VIDEO_PRINT.LOOP :            1216 C |  VIDEO_PRINT.NEXT :            1248 C |
 VIDEO_PRINT.Q_LOOP :          122C C |  VIDEO_PRINT.SPECIAL :         1254 C |
*VIDEO_PRINTDEFPAL :           11CC C |  VIDEO_PRINTDEFPAL_FADE :      11C4 C |
 VIDEO_PRINTINIT :             11BA C |  VIDEO_PRINTINITW :            11B4 C |
 VIDEO_PRINTVAL :              1360 C | *VIDEO_PRINTVAL.LOOP :         1394 C |
*VIDEO_PRINTVAL.Q_LOOP :       13AA C |  VIDEO_PRINTVALW :             13B6 C |
*VIDEO_PRINTVALW.LOOP :        140A C |  VIDEO_PRINTVALW.NO_DBLE_Y :   13DE C |
 VIDEO_PRINTW :                126C C |  VIDEO_PRINTW.EXIT :           1340 C |
 VIDEO_PRINTW.LOOP :           12C0 C |  VIDEO_PRINTW.NEXT :           1338 C |
 VIDEO_PRINTW.NO_DBLE_Y :      1294 C |  VIDEO_PRINTW.SPECIAL :        1346 C |
 VIDEO_PRINTW.VER_CONT :       1332 C |  VIDEO_PRINTW.VER_NORMAL :     1300 C |
 VIDEO_RENDER :                 610 C |  VIDEO_RENDER.END :             6F4 C |
 VIDEO_RENDER.EXIT :            6FE C |  VIDEO_RENDER.NEXT :            6DA C |
 VIDEO_RESOLUTION :             9EA C |  VIDEO_RESOLUTION.EX_BIT :      A1E C |
 VIDEO_RUNFADE :                F4A C |  VIDEO_RUNFADE.ALL_BLACK :     1016 C |
 VIDEO_RUNFADE.BUSY_TIMER :     F90 C |  VIDEO_RUNFADE.FADE_IN :       1024 C |
 VIDEO_RUNFADE.FADE_LIST :      F9C C |  VIDEO_RUNFADE.FADE_OUT :       FB4 C |
*VIDEO_RUNFADE.FDIN_NEND :     10BA C | *VIDEO_RUNFADE.FDOUT_NEND :    1022 C |
 VIDEO_RUNFADE.NEXT_COLOR :     FC2 C |  VIDEO_RUNFADE.NEXT_IN :       1030 C |
 VIDEO_RUNFADE.NEXT_REQ :       F4E C |  VIDEO_RUNFADE.NOTHING :        FAC C |
 VIDEO_RUNFADE.NO_REQ :         F96 C |  VIDEO_RUNFADE.PFADE_DEL :      FAC C |
 VIDEO_RUNFADE.SAME_IN :       10A4 C |  VIDEO_SETMAPSIZE :             AC6 C |
 VIDEO_SETMAPSIZE.SIZE_TBL :    AFA C | *VIDEO_SETSPR :                1568 C |
 VIDEO_SETSPRMAP :             1600 C | *VIDEO_SETSPRMAP_DMA :         15F6 C |
 VIDEO_UPDMAPVRAM :             A3A C |  VIDEO_UPDSPRHVRAM :            A8C C |
 VIDEO_WAITFADE :              10BC C |  VIDEO_WAITFADE.LOOP :         10BC C |
 VIDEO_WAITFADE.NEXT_ONE :     10CA C |  VIDMDSPR_MKSPR :              1592 C |
 VIDMDSPR_MKSPR.DONT_ADD :     15BC C |  VIDMDSPR_MKSPRMAP :           1640 C |
 VIDMD_CERROR :                15EC C | *VIDMD_CFREEZE :               15F4 C |
 VIDMD_PAL :                   1150 C |  VIDMD_PAL.BAD :               116E C |
 VIDMD_PAL.LOOP :              1168 C |  VIDMKFADE_GO :                1118 C |
 VIDPRINT_INIT :               11BE C |  VID_CHECKLASTSPR :             8DC C |
 VID_CHECKLASTSPR.BLNK_FIRST :  8F6 C |  VID_CHECKLASTSPR.LAST_ONE :    8FC C |
 VID_CHECKLASTSPR.SPR_EXIT :    90C C | *VID_FILLGO :                   C34 C |
 VID_FILLGO.DMAW :              C3A C |  VID_FILLGO.DMA_W :             C8E C |
 VID_FONTDEFPAL :              11D2 C |  VID_MKDMACARRY :              161C C |
 VID_MKDMANEXT :               1612 C |  VID_MKMAPDMA :                167C C |
 VID_MKMAPDMA.NEXT_PZ :        169C C |  VID_MKMAPDMA.NO_DMA :         16C6 C |
 VID_PRINTTVAL :               141E C |  VID_PRINTTVAL.HEX_INCR :      1478 C |
 VID_PRINTTVAL.MK_VALUE :      1456 C |  VID_PRINTTVAL.SHOW_24 :       144A C |
*VID_PRINTTVAL.SHOW_BYTE :     143A C |  VID_PRINTTVAL.SHOW_LONG :     1452 C |
 VID_PRINTTVAL.SHOW_NIBBL :    1468 C |  VID_PRINTTVAL.SHOW_WORD :     1442 C |
 VID_PRINTTVALW :              148A C |  VID_PRINTTVALW.GET_PREVAL :   1554 C |
 VID_PRINTTVALW.HEX_INCR :     1562 C |  VID_PRINTTVALW.MK_VALUE :     14C6 C |
 VID_PRINTTVALW.MK_VALUE_IN :  14C2 C |  VID_PRINTTVALW.NIBBL_CONT :   154C C |
 VID_PRINTTVALW.NIBBL_NORM :   1516 C |  VID_PRINTTVALW.SHOW_24 :      14B6 C |
*VID_PRINTTVALW.SHOW_BYTE :    14A6 C |  VID_PRINTTVALW.SHOW_LONG :    14BE C |
 VID_PRINTTVALW.SHOW_NIBBL :   14D8 C |  VID_PRINTTVALW.SHOW_WORD :    14AE C |
 VID_WRTREG01 :                 98A C |  VIEW_FAIRY :                     1 - |
 VIEW_GEMAINFO :                  1 - | *VINTCLR :                       16 - |
*VINTENBL :                      20 - |  VINT_DEFAULT :                1A98 C |
*VIRQ_ON :                        8 - | *VRESINTCLR :                    14 - |
 WAVE_FLAGS :                  1CF5 C |  WAVE_LEN :                    1CED C |
 WAVE_LOOP :                   1CF0 C |  WAVE_PITCH :                  1CF3 C |
 WAVE_START :                  1CEA C |  WAVFREQ_CDPCM :               1432 C |
 WAVFREQ_LIST :                13D0 C |  X68KSRCLSB :                    35 C |
 X68KSRCMID :                    36 C | *YM_CTRL_1 :                 A04000 - |
*YM_CTRL_2 :                 A04002 - | *YM_DATA_1 :                 A04001 - |
*YM_DATA_2 :                 A04003 - | *Z80SYNTAX :                      0 - |
 Z80_BUS :                   A11100 - |  Z80_CODE :                    20CC C |
 Z80_CODE_END :                4058 C | *Z80_CODE_EOF :                4058 C |
 Z80_CPU :                   A00000 - |  Z80_INIT :                      3E C |
 Z80_RESET :                 A11200 - | *ZBANK :                       6000 - |
 ZDRVFIFO :                    1F60 - |  ZDRVFWRT :                    1F80 - |
*ZDRVMARSBLK :                 1F89 - |  ZDRVMAXCMND :                   20 - |
*ZDRVMCDBLK :                  1F8A - |  ZDRVPALMODE :                 1F88 - |
 ZDRVRAMLEN :                  1F87 - |  ZDRVRAMSRC :                  1F86 - |
 ZDRVROMBLK :                  1F81 - | *ZMARS_SEND :                   F1A C |
*ZOPCEX :                         8 - |  ZOPCEXX :                       D9 - |
*ZOPCNOP :                        0 - |  ZOPCPUSHAF :                    F5 - |
 ZOPCRET :                       C9 - |  ZPSG_CTRL :                   7F11 - |
 ZTBL_CHIP :                      3 - |  ZTBL_FREQINDX :                  5 - |
 ZTBL_INSTCACH :                  A - |  ZTBL_LINK :                      0 - |
 ZTBL_MASTERVOL :                 4 - |  ZTBL_PITCHBEND :                 6 - |
 ZTBL_PRIORITY :                  2 - |  ZTBL_VOLSLIDE :                  8 - |
 ZTBL_VOLUME :                    7 - |  ZYM_CTRL_1 :                  4000 - |
 ZYM_CTRL_2 :                  4002 - |  ZYM_DATA_1 :                  4001 - |
 ZYM_DATA_2 :                  4003 - | *_CCR :                    FFFFFE92 - |
*_DMACHANNEL0 :            FFFFFF8C - | *_DMACHANNEL1 :            FFFFFF9C - |
*_DMACOUNT0 :              FFFFFF88 - | *_DMACOUNT1 :              FFFFFF98 - |
*_DMADEST0 :               FFFFFF84 - | *_DMADEST1 :               FFFFFF94 - |
*_DMAOPERATION :           FFFFFFB0 - | *_DMAREQACK0 :             FFFFFFB4 - |
*_DMAREQACK1 :             FFFFFFB8 - | *_DMASOURCE0 :             FFFFFF80 - |
*_DMASOURCE1 :             FFFFFF90 - | *_DMAVECTORE0 :            FFFFFFA4 - |
*_DMAVECTORE1 :            FFFFFFAC - | *_DMAVECTORN0 :            FFFFFFA0 - |
*_DMAVECTORN1 :            FFFFFFA8 - | *_FRAMEBUFFER :            24000000 - |
*_FRC_H :                         2 - | *_FRC_L :                         3 - |
*_FRT :                    FFFFFE10 - | *_HRH :                    FFFFFF10 - |
*_HRL :                    FFFFFF14 - | *_HRL32 :                  FFFFFF04 - |
*_JR :                     FFFFFF00 - | *_OCR_H :                         4 - |
*_OCR_L :                         5 - | *_OVERWRITE :              24020000 - |
*_PALETTE :                20004200 - | *_SERIAL :                 FFFFFE00 - |
*_SYSREG :                 20004000 - | *_TCR :                           6 - |
*_TCSR :                          1 - | *_TIER :                          0 - |
*_TOCR :                          7 - | *_VDPREG :                 20004100 - |

   1348 symbols
    440 unused symbols

 AS V1.42 Beta [Bld 212] - Source File main.asm - Page 3 - 5/24/2025 15:10:14


  Defined Macros:
  ---------------

BINCLUDE_DMA                          | BINCLUDE_DMA_E                       
CODE_BANK                             | DATA_BANK                            
DEND_BANK                             | ENDMEMORY                            
ERREPORT                              | FILLSECTORS                          
FS_FILE                               | FS_MKLIST                            
GEMAHEAD                              | GEMATRK                              
GINSDAC                               | GINSFM                               
GINSFM3                               | GINSNULL                             
GINSPCM                               | GINSPSG                              
GINSPSGN                              | GINSPWM                              
GSMPLDATA                             | GSMPLRAW                             
MARSVRAMDATA                          | MARSVRAMDEND                         
MCDSTAMPDATA                          | MCDSTAMPDEND                         
MEMORY                                | REPORT                               
ROMPAD                                | VDP_SHOWME                           

     30 macros

 AS V1.42 Beta [Bld 212] - Source File main.asm - Page 4 - 5/24/2025 15:10:14


  Defined Structures/Unions:
  --------------------------

MDSTMP
  0      (I16) FLAGS
  2      (I16) VRAMMAIN
  4      (I16) VRAMSEC
  6      (I16) VRAMSIZE
  8      (I16) VRAMLEN
  A      (I16) VRAMINCR
  C      (I16) STMPOUTB
  E      (I16) CURROUTFLIP
 10      (I16) FDROP
 12      (I32) CELLSTORAGE
 16      (I32) DOTINCR
 1A      (I32) BUFFINCR

OBJ
  0      (I32) CODE
  4      (I32) X
  8      (I32) Y
  C      (I32) Z
 10      (I16) SIZE_X
 12      (I16) SIZE_Y
 14      (I16) SIZE_Z
 16      (I16) X_SPD
 18      (I16) Y_SPD
 1A      (I16) Z_SPD
 1C      (I8) INDEX
 1D      (I8) SUBID
 1E      (I8) STATUS
 1F      (I8) ATTR
 20      (I16) FRAME
 22      (I16) ANIM_NUM
 24      (I16) ANIM_INDX
 26      (I8) ANIM_ICUR
 27      (I8) ANIM_SPD
 28      (I8) RAM

PAD
  0      (I8) ID
  1      (I8) VER
  2      (I16) HOLD
  4      (I16) PRESS
  6      (I16) RELEASE
  8      (I16) X
  A      (I16) Y
  C      (I16) PAGE
  E      (I16) EXT
 10      (I32) PORT

PALFD
  0      (I8) REQ
  1      (I8) DELAY
  2      (I8) START
  3      (I8) INCR
  4      (I8) TARGET
  5      (I8) TIMER
  6      (I16) NUM
4 structures
 AS V1.42 Beta [Bld 212] - Source File main.asm - Page 5 - 5/24/2025 15:10:14


  Defined Functions:
  ------------------

VDP_WRTL                              | FULL_LOC                             
CELL_NUM                              | SPLITW                               

 AS V1.42 Beta [Bld 212] - Source File main.asm - Page 6 - 5/24/2025 15:10:14


  Code Pages:
  ----------

STANDARD (0 changed characters)

1 code page

2.46 seconds assembly time

  15344 lines source file
  15841 lines incl. macro expansions
      6 passes
      0 errors
      0 warnings
