 AS V1.42 Beta [Bld 212] - Source File main.asm - Page 1 - 6/9/2025 23:7:33


       1/       0 :                     ; ===========================================================================
       2/       0 :                     ; NikonaMD by GenesisFan64 2023-2025
       3/       0 :                     ;
       4/       0 :                     ; A devkit in assembly for developing software on the SEGA 16-bit
       5/       0 :                     ; family of systems:
       6/       0 :                     ; Genesis, Sega CD, Sega 32X, Sega CD32X and Sega Pico.
       7/       0 :                     ;
       8/       0 :                     ; DO NOT MODIFY THE nikona FOLDER AS IT WILL GET UPDATED WITH THE
       9/       0 :                     ; LATEST CHANGES AND BUGFIXES WITHOUT INTERFERING YOUR GAME CODE
      10/       0 :                     ; ===========================================================================
      11/       0 :                     
      12/       0 :                     ; ====================================================================
      13/       0 :                     ; ----------------------------------------------------------------
      14/       0 :                     ; SETTINGS
      15/       0 :                     ; ----------------------------------------------------------------
      16/       0 :                     
      17/       0 : =$0                  SET_FIRSTSCRN	equ 0		; Starting screen mode number on boot
      18/       0 :                     
      19/       0 :                     ; ====================================================================
      20/       0 :                     ; ----------------------------------------------------------------
      21/       0 :                     ; AS Assembler starting settings
      22/       0 :                     ; ----------------------------------------------------------------
      23/       0 :                     
      24/       0 :                     		cpu 		68000		; Starting CPU is 68000
      25/       0 :                     		padding		off		; Don't pad dc.b
      26/       0 :                     		listing 	purecode
      27/       0 :                     		supmode 	on 		; Supervisor mode (68000)
      28/       0 :                     		page 		0
      29/       0 :                     
      30/       0 :                     ; ====================================================================
      31/       0 :                     ; ----------------------------------------------------------------
      32/       0 :                     ; Includes
      33/       0 :                     ; ----------------------------------------------------------------
      34/       0 :                     
      35/       0 :                     		include	"rominfo.asm"		; ROM info
(1)    1/       0 :                     ; ====================================================================
(1)    2/       0 :                     ; ----------------------------------------------------------------
(1)    3/       0 :                     ; ROM/DISC Info
(1)    4/       0 :                     ;
(1)    5/       0 :                     ; ** DO NOT CHANGE THE SIZE OF THE STRINGS **
(1)    6/       0 :                     ; ----------------------------------------------------------------
(1)    7/       0 :                     
(1)    8/       0 :                     ; --------------------------------------------------------
(1)    9/       0 :                     ; System tags
(1)   10/       0 :                     ;
(1)   11/       0 :                     ; First 4 letters MUST contain "SEGA" or " SEGA"
(1)   12/       0 :                     ; or this will NOT boot on hardware
(1)   13/       0 :                     ; --------------------------------------------------------
(1)   14/       0 :                     
(1)   15/       0 : ="SEGA GENESIS    "  HTAG_SYS_MD	equ "SEGA GENESIS    "
(1)   16/       0 : ="SEGA GENESIS    "  HTAG_SYS_MCD	equ "SEGA GENESIS    "	; Same as cartridge
(1)   17/       0 : ="SEGA 32X        "  HTAG_SYS_MARS	equ "SEGA 32X        "
(1)   18/       0 : ="SEGA GENESIS    "  HTAG_SYS_MARSCD	equ "SEGA GENESIS    "	; Same as cartridge
(1)   19/       0 :                     ;!@ Pico variants
(1)   20/       0 : ="SEGA PICO       "  HTAG_SYS_PICO	equ "SEGA PICO       "
(1)   21/       0 : ="SEGA PICO       "  HTAG_SYS_MEGAPICO	equ "SEGA PICO       "
(1)   22/       0 : ="SEGA COPERA     "  HTAG_SYS_COPERA	equ "SEGA COPERA     "
(1)   23/       0 :                     
(1)   24/       0 :                     ; --------------------------------------------------------
(1)   25/       0 :                     ; SCD/CD32X ONLY: Volume and System(SDK/Engine) name
(1)   26/       0 :                     ;
(1)   27/       0 :                     ; Note:
(1)   28/       0 :                     ; Leave the names as is if you haven't modified
(1)   29/       0 :                     ; any of the Nikona SDK files (/nikona folder)
(1)   30/       0 :                     ; --------------------------------------------------------
(1)   31/       0 :                     
(1)   32/       0 : ="NIKONACD   "       HTAG_DISCID	equ "NIKONACD   "	; SCD Disc Volume name
(1)   33/       0 : ="NIKONACD32X"       HTAG_DISCID_M	equ "NIKONACD32X"	; CD32X Disc Volume name
(1)   34/       0 : ="NIKONA-SDK "       HTAG_SYSNAME	equ "NIKONA-SDK "
(1)   35/       0 : =$102                HTAG_CDVER	equ $0100|$02		; $0100|Version: $00-$FF
(1)   36/       0 :                     
(1)   37/       0 :                     ; --------------------------------------------------------
(1)   38/       0 :                     ; Release date
(1)   39/       0 :                     ;
(1)   40/       0 :                     ; "(C)NAME year.month"
(1)   41/       0 :                     ; --------------------------------------------------------
(1)   42/       0 :                     
(1)   43/       0 : ="(C)GF64 2025.???"  HTAG_DATEINFO	equ "(C)GF64 2025.???"
(1)   44/       0 :                     
(1)   45/       0 :                     ; --------------------------------------------------------
(1)   46/       0 :                     ; "Domestic" Name: Your game's name in Japan
(1)   47/       0 :                     ; (or in your language)
(1)   48/       0 :                     ; --------------------------------------------------------
(1)   49/       0 :                     
(1)   50/       0 : ="Nikona MD     ..   HTAG_NDM_MD	equ "Nikona MD                                       "
(1)   51/       0 : ="Nikona MCD    ..   HTAG_NDM_MCD	equ "Nikona MCD                                      "
(1)   52/       0 : ="Nikona SUPER32..   HTAG_NDM_MARS	equ "Nikona SUPER32X                                 "
(1)   53/       0 : ="Nikona CD32X  ..   HTAG_NDM_MARSCD	equ "Nikona CD32X                                    "
(1)   54/       0 : ="Nikona PICO   ..   HTAG_NDM_PICO	equ "Nikona PICO                                     "
(1)   55/       0 :                     
(1)   56/       0 :                     ; --------------------------------------------------------
(1)   57/       0 :                     ; "Overseas" Name: Your game's name in english
(1)   58/       0 :                     ; --------------------------------------------------------
(1)   59/       0 :                     
(1)   60/       0 : ="Nikona GENESIS..   HTAG_NOV_MD	equ "Nikona GENESIS                                  "
(1)   61/       0 : ="Nikona SCD    ..   HTAG_NOV_MCD	equ "Nikona SCD                                      "
(1)   62/       0 : ="Nikona 32X    ..   HTAG_NOV_MARS	equ "Nikona 32X                                      "
(1)   63/       0 : ="Nikona CD32X  ..   HTAG_NOV_MARSCD	equ "Nikona CD32X                                    "
(1)   64/       0 : ="Nikona PICO   ..   HTAG_NOV_PICO	equ "Nikona PICO                                     "
(1)   65/       0 :                     
(1)   66/       0 :                     ; --------------------------------------------------------
(1)   67/       0 :                     ; Serial number
(1)   68/       0 :                     ;
(1)   69/       0 :                     ; "id anything-vv"
(1)   70/       0 :                     ;
(1)   71/       0 :                     ; id:
(1)   72/       0 :                     ; GM - Game
(1)   73/       0 :                     ; AI - Educative
(1)   74/       0 :                     ;
(1)   75/       0 :                     ; anything:
(1)   76/       0 :                     ; Your own serial format, there's no standard for this.
(1)   77/       0 :                     ;
(1)   78/       0 :                     ; vv:
(1)   79/       0 :                     ; Version number: 00 to 99
(1)   80/       0 :                     ; --------------------------------------------------------
(1)   81/       0 :                     
(1)   82/       0 : ="GM HOMEBREW-02"    HTAG_SERIAL	equ "GM HOMEBREW-02"
(1)   83/       0 :                     
(1)   84/       0 :                     ; --------------------------------------------------------
(1)   85/       0 :                     ; Regions supported
(1)   86/       0 :                     ; --------------------------------------------------------
(1)   87/       0 :                     
(1)   88/       0 : ="F               "  HTAG_REGIONS	equ "F               "
(1)   89/       0 :                     
(1)   90/       0 :                     ; --------------------------------------------------------
(1)   91/       0 :                     ; Save data settings, applies to both
(1)   92/       0 :                     ; Cartridge and CD
(1)   93/       0 :                     ;
(1)   94/       0 :                     ; For compatibility the size must be in sizes of $40
(1)   95/       0 :                     ; (or $20 w/BRAM's protection)
(1)   96/       0 :                     ; Size also affects the save copy stored on RAM
(1)   97/       0 :                     ;
(1)   98/       0 :                     ; BRAM name note: Only UPPERCASE and _ are allowed.
(1)   99/       0 :                     ; --------------------------------------------------------
(1)  100/       0 :                     
(1)  101/       0 : =$1                  SET_ENBLSAVE	equ True		; Disable/Enable saving support
(1)  102/       0 : =$100                SET_SRAMSIZE	equ $100		; SRAM/BRAM filesize
(1)  103/       0 : ="NIKONACD___"       HTAG_CDSAVE	equ "NIKONACD___"	; SCD internal save name
(1)  104/       0 : ="NIKONACD32X"       HTAG_MARSCDSAV	equ "NIKONACD32X"	; CD32X internal save name
(1)  105/       0 :                     
      36/       0 :                     		include	"nikona/macros.asm"	; Assembler macros
(1)    1/       0 :                     ; ===========================================================================
(1)    2/       0 :                     ; -------------------------------------------------------------------
(1)    3/       0 :                     ; MACROS Section
(1)    4/       0 :                     ;
(1)    5/       0 :                     ; *** THIS MUST BE INCLUDED AT START OF THE CODE ***
(1)    6/       0 :                     ; -------------------------------------------------------------------
(1)    7/       0 :                     
(1)    8/       0 : =$3F800              MAX_WramBank	equ $3F800	; Maxium WRAM available to use + filler $120
(1)    9/       0 :                     
(1)   10/       0 :                     ; ====================================================================
(1)   11/       0 :                     ; ------------------------------------------------------------
(1)   12/       0 :                     ; AS Functions
(1)   13/       0 :                     ; ------------------------------------------------------------
(1)   14/       0 :                     
(1)   15/       0 :                     splitw		function l,r,(((l))<<16&$FFFF0000|((r))&$FFFF)		; Two WORDS stored in a single LONG: $11112222
(1)   16/       0 :                     cell_num	function a,(a<<5)					; Value in VDP cells
(1)   17/       0 :                     ; pstr_mem	function a,b,((a|$80)<<24)|b&$FFFFFF			; PRINT memory: pstr_mem(type,mem_pos)
(1)   18/       0 :                     full_loc	function a,-(-a)&$FFFFFFFF
(1)   19/       0 :                     vdp_wrtl	function a,((a>>14)&3)|(((a&$3FFF)|$4000)<<16)
(1)   20/       0 :                     
(1)   21/       0 :                     ; ====================================================================
(1)   22/       0 :                     ; ------------------------------------------------------------
(1)   23/       0 :                     ; Macros
(1)   24/       0 :                     ; ------------------------------------------------------------
(1)   25/       0 :                     
(1)   26/       0 :                     ; --------------------------------------------
(1)   27/       0 :                     ; Memory reserve
(1)   28/       0 :                     ;
(1)   29/       0 :                     ; Example:
(1)   30/       0 :                     ; 		memory RAM_Somewhere
(1)   31/       0 :                     ; RAM_ThisLong	ds.l 1
(1)   32/       0 :                     ; RAM_ThisWord	ds.w 1
(1)   33/       0 :                     ; RAM_ThisByte	ds.b 1				; <-- careful with alignment
(1)   34/       0 :                     ; 		endmemory 			; finish
(1)   35/       0 :                     ; --------------------------------------------
(1)   36/       0 :                     
(1)   37/       0 :                     memory		macro thisinput			; Reserve memory address
(1)   38/       0 :                     GLBL_LASTPC	:= *
(1)   39/       0 :                     		dephase
(1)   40/       0 :                     		phase thisinput
(1)   41/       0 :                     GLBL_LASTORG	:= *
(1)   42/       0 :                     		endm
(1)   43/       0 :                     
(1)   44/       0 :                     ; --------------------------------------------
(1)   45/       0 :                     
(1)   46/       0 :                     endmemory	macro				; Then finish.
(1)   47/       0 :                     .here:		dephase
(1)   48/       0 :                     		ds.b -(.here-GLBL_LASTORG)
(1)   49/       0 :                     		phase GLBL_LASTPC
(1)   50/       0 :                     		endm
(1)   51/       0 :                     
(1)   52/       0 :                     ; --------------------------------------------
(1)   53/       0 :                     ; Report memory usage
(1)   54/       0 :                     ; --------------------------------------------
(1)   55/       0 :                     
(1)   56/       0 :                     report		macro text,this,that
(1)   57/       0 :                     	if MOMPASS == 2
(1)   58/       0 :                     		if that == -1
(1)   59/       0 :                     			message text+": \{(this)&$FFFFFF}"
(1)   60/       0 :                     		else
(1)   61/       0 :                     			if this > that
(1)   62/       0 :                     				warning "RAN OUT OF "+text+" SPACE (\{(this)&$FFFFFF} of \{(that)&$FFFFFF})"
(1)   63/       0 :                     			else
(1)   64/       0 :                     				message text+" uses \{(this)&$FFFFFF} of \{(that)&$FFFFFF}"
(1)   65/       0 :                     			endif
(1)   66/       0 :                     		endif
(1)   67/       0 :                     	endif
(1)   68/       0 :                     		endm
(1)   69/       0 :                     
(1)   70/       0 :                     ; --------------------------------------------
(1)   71/       0 :                     ; Same as report but only show on error
(1)   72/       0 :                     ; --------------------------------------------
(1)   73/       0 :                     
(1)   74/       0 :                     erreport	macro text,this,that
(1)   75/       0 :                     	if MOMPASS == 2
(1)   76/       0 :                     		if this > that
(1)   77/       0 :                     			error "RAN OUT OF "+text+" (\{(this)&$FFFFFF} of \{(that)&$FFFFFF})"
(1)   78/       0 :                     		endif
(1)   79/       0 :                     	endif
(1)   80/       0 :                     		endm
(1)   81/       0 :                     
(1)   82/       0 :                     ; --------------------------------------------
(1)   83/       0 :                     ; ZERO Fill padding
(1)   84/       0 :                     ; --------------------------------------------
(1)   85/       0 :                     
(1)   86/       0 :                     rompad		macro target
(1)   87/       0 :                     .this_sz := target - *
(1)   88/       0 :                     		if .this_sz < 0
(1)   89/       0 :                     			error "Too much data at $\{target} ($\{(-.this_sz)} bytes)"
(1)   90/       0 :                     		else
(1)   91/       0 :                     			dc.b [.this_sz]0
(1)   92/       0 :                     		endif
(1)   93/       0 :                     	endm
(1)   94/       0 :                     
(1)   95/       0 :                     ; ====================================================================
(1)   96/       0 :                     ; ------------------------------------------------------------
(1)   97/       0 :                     ; Filesystem macros
(1)   98/       0 :                     ;
(1)   99/       0 :                     ; NOTE: A pre-generated ISO head is required
(1)  100/       0 :                     ;       at $8000 until $B7FF
(1)  101/       0 :                     ; ------------------------------------------------------------
(1)  102/       0 :                     
(1)  103/       0 :                     ; ------------------------------------------------------------
(1)  104/       0 :                     ; FS setup
(1)  105/       0 :                     ; ------------------------------------------------------------
(1)  106/       0 :                     
(1)  107/       0 :                     fs_mkList	macro type,start,end
(1)  108/       0 :                     .fstrt:
(1)  109/       0 :                     		dc.b .fend-.fstrt				; Block size
(1)  110/       0 :                     		dc.b 0						; Zero
(1)  111/       0 :                     		dc.b (start>>11&$FF),(start>>19&$FF)		; Start sector, little endian
(1)  112/       0 :                     		dc.b (start>>27&$FF),(start>>35&$FF)
(1)  113/       0 :                     		dc.l start>>11					; Start sector, big endian
(1)  114/       0 :                     		dc.b ((end-start)&$FF),((end-start)>>8&$FF)	; Filesize, little endian
(1)  115/       0 :                     		dc.b ((end-start)>>16&$FF),((end-start)>>24&$FF)
(1)  116/       0 :                     		dc.l end-start					; Filesize, big endian
(1)  117/       0 :                     		dc.b (2025-1900)+1				; Year
(1)  118/       0 :                     		dc.b 0,0,0,0,0,0				; (filler)
(1)  119/       0 :                     		dc.b 2						; File flags
(1)  120/       0 :                     		dc.b 0,0
(1)  121/       0 :                     		dc.b 1,0					; Volume sequence number, little
(1)  122/       0 :                     		dc.b 0,1					; Volume sequence number, big
(1)  123/       0 :                     		dc.b 1,type
(1)  124/       0 :                     .fend:
(1)  125/       0 :                     		endm
(1)  126/       0 :                     
(1)  127/       0 :                     ; ------------------------------------------------------------
(1)  128/       0 :                     ; FS File
(1)  129/       0 :                     ; ------------------------------------------------------------
(1)  130/       0 :                     
(1)  131/       0 :                     fs_file		macro filename,start,end
(1)  132/       0 :                     .fstrt:		dc.b .fend-.fstrt				; Block size
(1)  133/       0 :                     		dc.b 0						; zero
(1)  134/       0 :                     		dc.b (start>>11&$FF),(start>>19&$FF)		; Start sector, little
(1)  135/       0 :                     		dc.b (start>>27&$FF),(start>>35&$FF)
(1)  136/       0 :                     		dc.l start>>11					; Start sector, big
(1)  137/       0 :                     		dc.b ((end-start)&$FF),((end-start)>>8&$FF)	; Filesize, little
(1)  138/       0 :                     		dc.b ((end-start)>>16&$FF),((end-start)>>24&$FF)
(1)  139/       0 :                     		dc.l end-start					; Filesize, big
(1)  140/       0 :                     		dc.b (2025-1900)+1				; Year
(1)  141/       0 :                     		dc.b 0,0,0,0,0,0				; (filler)
(1)  142/       0 :                     		dc.b 0						; File flags
(1)  143/       0 :                     		dc.b 0,0
(1)  144/       0 :                     		dc.b 1,0					; Volume sequence number, little
(1)  145/       0 :                     		dc.b 0,1					; Volume sequence number, big
(1)  146/       0 :                     		dc.b .flend-.flen
(1)  147/       0 :                     .flen:		dc.b filename,";1"
(1)  148/       0 :                     .flend:		dc.b 0
(1)  149/       0 :                     .fend:
(1)  150/       0 :                     		endm
(1)  151/       0 :                     
(1)  152/       0 :                     ; ====================================================================
(1)  153/       0 :                     ; ------------------------------------------------------------
(1)  154/       0 :                     ; Nikona macros
(1)  155/       0 :                     ; ------------------------------------------------------------
(1)  156/       0 :                     
(1)  157/       0 :                     ; --------------------------------------------
(1)  158/       0 :                     ; Screen mode code
(1)  159/       0 :                     ;
(1)  160/       0 :                     ; code_bank START_LABEL,END_LABEL,CODE_PATH
(1)  161/       0 :                     ; --------------------------------------------
(1)  162/       0 :                     
(1)  163/       0 :                     code_bank macro lblstart,lblend,path
(1)  164/       0 :                     	if MCD|MARSCD
(1)  165/       0 :                     		align $800		; SCD/CD32X sector align
(1)  166/       0 :                     	elseif MARS
(1)  167/       0 :                     		phase $880000+*		; 32X ROM-area
(1)  168/       0 :                     		align 4
(1)  169/       0 :                     	endif
(1)  170/       0 :                     lblstart label *			; Register start label
(1)  171/       0 :                     	if MARS
(1)  172/       0 :                     		dephase			; 32X dephase
(1)  173/       0 :                     	endif
(1)  174/       0 :                     mctopscrn:
(1)  175/       0 :                     	if MARS|MCD|MARSCD
(1)  176/       0 :                     		phase RAM_UserCode	; Phase code to RAM area
(1)  177/       0 :                     	endif
(1)  178/       0 :                     mcscrn_s:
(1)  179/       0 :                     	include path;"game/screenX/code.asm"
(1)  180/       0 :                     mcscrn_e:
(1)  181/       0 :                     	if MARS
(1)  182/       0 :                     		dephase			; dephase RAM section
(1)  183/       0 :                     	elseif MCD|MARSCD
(1)  184/       0 :                     		dephase
(1)  185/       0 :                     		phase mctopscrn+(mcscrn_e-RAM_UserCode)	; Add the used bytes
(1)  186/       0 :                     		align $800
(1)  187/       0 :                     	endif
(1)  188/       0 :                     lblend label *
(1)  189/       0 :                     	erreport "SCREEN CODE: lblstart",mcscrn_e-mcscrn_s,MAX_UserCode
(1)  190/       0 :                     	endm
(1)  191/       0 :                     
(1)  192/       0 :                     ; --------------------------------------------
(1)  193/       0 :                     ; Data bank START
(1)  194/       0 :                     ; --------------------------------------------
(1)  195/       0 :                     
(1)  196/       0 :                     data_bank macro startlbl
(1)  197/       0 :                     	if MCD|MARSCD
(1)  198/       0 :                     		align $800		; Sector alignment
(1)  199/       0 :                     	elseif MARS
(1)  200/       0 :                     		align 4			; 32X alignment
(1)  201/       0 :                     	endif
(1)  202/       0 :                     startlbl label *			; Register label
(1)  203/       0 :                     	if MCD|MARSCD			; Set PHASE
(1)  204/       0 :                     		phase sysmcd_wram
(1)  205/       0 :                     	elseif MARS
(1)  206/       0 :                     		phase $900000+(startlbl&$0FFFFF)
(1)  207/       0 :                     	endif
(1)  208/       0 :                     GLBL_MDATA_ST := *			; Save current pos globally
(1)  209/       0 :                     	endm
(1)  210/       0 :                     
(1)  211/       0 :                     ; --------------------------------------------
(1)  212/       0 :                     ; Data bank END
(1)  213/       0 :                     ; --------------------------------------------
(1)  214/       0 :                     
(1)  215/       0 :                     dend_bank macro endlbl
(1)  216/       0 :                     GLBL_MDATA_RP := *-GLBL_MDATA_ST	; Get used size to report
(1)  217/       0 :                     
(1)  218/       0 :                     	; Set 32X bank end
(1)  219/       0 :                     	if MARS
(1)  220/       0 :                     		if GLBL_MDATA_RP >= $900000+$100000
(1)  221/       0 :                     			error "32X: RAN OUT OF MEMORY FOR A SINGLE 1MB BANK"
(1)  222/       0 :                     		endif
(1)  223/       0 :                     		dephase			; Dephase $900000
(1)  224/       0 :                     
(1)  225/       0 :                     	; Set MCD/CD32X data end
(1)  226/       0 :                     	elseif MCD|MARSCD
(1)  227/       0 :                     		dephase			; Dephase WRAM
(1)  228/       0 :                     mlastpos := *	; <-- CD/CD32X ONLY
(1)  229/       0 :                     mpadlbl	:= (mlastpos&$FFF800)+$800	; Fill sectors
(1)  230/       0 :                     		rompad mpadlbl
(1)  231/       0 :                     endlbl label *	; <-- CD/CD32X ONLY
(1)  232/       0 :                     
(1)  233/       0 :                     		if GLBL_MDATA_RP > MAX_WramBank
(1)  234/       0 :                     			error "SCD/CD32X: DATA BANK IS TOO LARGE: $\{GLBL_MDATA_RP} of $\{MAX_WramBank}"
(1)  235/       0 :                     		endif
(1)  236/       0 :                     	endif
(1)  237/       0 :                     	endm
(1)  238/       0 :                     
(1)  239/       0 :                     ; --------------------------------------------
(1)  240/       0 :                     ; SCD Stamp Start/End
(1)  241/       0 :                     ; --------------------------------------------
(1)  242/       0 :                     
(1)  243/       0 :                     mcdStampData	macro
(1)  244/       0 :                     		phase 0
(1)  245/       0 :                     		ds.b $80
(1)  246/       0 :                     		endm
(1)  247/       0 :                     
(1)  248/       0 :                     mcdStampDEnd	macro
(1)  249/       0 :                     		align 2
(1)  250/       0 :                     .end:
(1)  251/       0 :                     		erreport "This SCD Stamp data",.end,$3F800
(1)  252/       0 :                     		dephase
(1)  253/       0 :                     		endm
(1)  254/       0 :                     
(1)  255/       0 :                     ; --------------------------------------------
(1)  256/       0 :                     ; 32X graphics data Start/End
(1)  257/       0 :                     ; --------------------------------------------
(1)  258/       0 :                     
(1)  259/       0 :                     marsVramData	macro
(1)  260/       0 :                     		phase 0
(1)  261/       0 :                     		endm
(1)  262/       0 :                     
(1)  263/       0 :                     marsVramDEnd	macro
(1)  264/       0 :                     		align 8
(1)  265/       0 :                     .end:
(1)  266/       0 :                     		erreport "This 32X graphics data",.end,$18000
(1)  267/       0 :                     		dephase
(1)  268/       0 :                     		endm
(1)  269/       0 :                     
(1)  270/       0 :                     ; --------------------------------------------
(1)  271/       0 :                     ; Fill CD sectors
(1)  272/       0 :                     ; --------------------------------------------
(1)  273/       0 :                     
(1)  274/       0 :                     fillSectors macro num
(1)  275/       0 :                     	rept num
(1)  276/       0 :                     		align $800-1
(1)  277/       0 :                     		dc.b 0
(1)  278/       0 :                     	endm
(1)  279/       0 :                     	endm
(1)  280/       0 :                     
(1)  281/       0 :                     ; --------------------------------------------
(1)  282/       0 :                     ; binclude VDP graphics
(1)  283/       0 :                     ; --------------------------------------------
(1)  284/       0 :                     
(1)  285/       0 :                     binclude_dma	macro lblstart,file
(1)  286/       0 :                     	; 32X: Temporally show ROM position
(1)  287/       0 :                     	if MARS
(1)  288/       0 :                     GLBL_LASTPHDMA	set *
(1)  289/       0 :                     	dephase
(1)  290/       0 :                     GLBL_PHASEDMA	set *
(1)  291/       0 :                     		endif
(1)  292/       0 :                     
(1)  293/       0 :                     		align 2
(1)  294/       0 :                     lblstart	label *
(1)  295/       0 :                     		binclude file
(1)  296/       0 :                     		align 2
(1)  297/       0 :                     	; 32X: Return to last phase
(1)  298/       0 :                     	if MARS
(1)  299/       0 :                     GLBL_ENDPHDMA	set *-GLBL_PHASEDMA
(1)  300/       0 :                     		phase GLBL_LASTPHDMA+GLBL_ENDPHDMA
(1)  301/       0 :                     	endif
(1)  302/       0 :                     		endm
(1)  303/       0 :                     
(1)  304/       0 :                     ; --------------------------------------------
(1)  305/       0 :                     ; binclude VDP graphics w/End label
(1)  306/       0 :                     ; --------------------------------------------
(1)  307/       0 :                     
(1)  308/       0 :                     binclude_dma_e	macro lblstart,lblend,file
(1)  309/       0 :                     	; 32X: Temporally show ROM position
(1)  310/       0 :                     	if MARS
(1)  311/       0 :                     GLBL_LASTPHDMA	set *
(1)  312/       0 :                     	dephase
(1)  313/       0 :                     GLBL_PHASEDMA	set *
(1)  314/       0 :                     		endif
(1)  315/       0 :                     		align 2
(1)  316/       0 :                     lblstart	label *
(1)  317/       0 :                     		binclude file
(1)  318/       0 :                     lblend		label *
(1)  319/       0 :                     		align 2
(1)  320/       0 :                     	; 32X: Return to last phase
(1)  321/       0 :                     	if MARS
(1)  322/       0 :                     GLBL_ENDPHDMA	set *-GLBL_PHASEDMA
(1)  323/       0 :                     		phase GLBL_LASTPHDMA+GLBL_ENDPHDMA
(1)  324/       0 :                     	endif
(1)  325/       0 :                     		endm
(1)  326/       0 :                     
(1)  327/       0 :                     ; ====================================================================
(1)  328/       0 :                     ; ------------------------------------------------------------
(1)  329/       0 :                     ; Nikona CODE macros
(1)  330/       0 :                     ; ------------------------------------------------------------
(1)  331/       0 :                     
(1)  332/       0 :                     ; --------------------------------------------
(1)  333/       0 :                     ; VDP color debug
(1)  334/       0 :                     ; --------------------------------------------
(1)  335/       0 :                     
(1)  336/       0 :                     vdp_showme	macro color
(1)  337/       0 :                     		move.l	#$C0000000,(vdp_ctrl).l
(1)  338/       0 :                     		move.w	#color,(vdp_data).l
(1)  339/       0 :                     		endm
(1)  340/       0 :                     
      37/       0 :                     		include	"nikona/mcd/map.asm"	; Sega CD hardware map (shared with Sub-CPU)
(1)    1/       0 :                     ; ===========================================================================
(1)    2/       0 :                     ; -------------------------------------------------------------------
(1)    3/       0 :                     ; SEGA CD SUB-CPU MAP
(1)    4/       0 :                     ; -------------------------------------------------------------------
(1)    5/       0 :                     
(1)    6/       0 :                     ; ----------------------------------------------------------------
(1)    7/       0 :                     ; SEGA CD map
(1)    8/       0 :                     ; ----------------------------------------------------------------
(1)    9/       0 :                     
(1)   10/       0 : =$200000             sysmcd_wram	equ	$200000
(1)   11/       0 : =$A12000             sysmcd_reg	equ	$A12000
(1)   12/       0 :                     
(1)   13/       0 :                     ; ------------------------------------------------
(1)   14/       0 :                     ; Register area
(1)   15/       0 :                     ;
(1)   16/       0 :                     ; MAIN-CPU: $A12000 (sysmcd_reg)
(1)   17/       0 :                     ; SUB-CPU:  $FF8000 (scpu_reg)
(1)   18/       0 :                     ; ------------------------------------------------
(1)   19/       0 :                     
(1)   20/       0 :                     ; -------------
(1)   21/       0 :                     ; bits
(1)   22/       0 : =$2                  bitWRamMode	equ 2		;2M | 1M
(1)   23/       0 :                     
(1)   24/       0 :                     ; -------------
(1)   25/       0 :                     ; Registers
(1)   26/       0 : =$3                  mcd_memory	equ $03
(1)   27/       0 : =$6                  mcd_hint	equ $06		; [W] HBlank RAM redirection-jump (MAIN CPU ONLY)
(1)   28/       0 : =$E                  mcd_comm_m	equ $0E		; [B] Comm port MAIN R/W | SUB READ ONLY
(1)   29/       0 : =$F                  mcd_comm_s	equ $0F		; [B] Comm port SUB R/W  | MAIN READ ONLY
(1)   30/       0 : =$10                 mcd_dcomm_m	equ $10		; [S: $0E] Communication MAIN
(1)   31/       0 : =$20                 mcd_dcomm_s	equ $20		; [S: $0E] Communication SUB
(1)   32/       0 : =$32                 mcd_intmask	equ $32		;
(1)   33/       0 :                     
(1)   34/       0 :                     ; ====================================================================
(1)   35/       0 :                     
      38/       0 :                     		include	"nikona/mars/map.asm"	; 32X hardware map (shared with SH2)
(1)    1/       0 :                     ; ===========================================================================
(1)    2/       0 :                     ; -------------------------------------------------------------------
(1)    3/       0 :                     ; SH2 MAP
(1)    4/       0 :                     ;
(1)    5/       0 :                     ; Variables are shared with 68K
(1)    6/       0 :                     ; -------------------------------------------------------------------
(1)    7/       0 :                     
(1)    8/       0 :                     ; ----------------------------------------------------------------
(1)    9/       0 :                     ; 32X map
(1)   10/       0 :                     ; ----------------------------------------------------------------
(1)   11/       0 :                     
(1)   12/       0 : =$A130EC             sysmars_id		equ	$A130EC		; 32X's ID: "MARS"
(1)   13/       0 : =$A15100             sysmars_reg		equ	$A15100		; MARS 32X registers area
(1)   14/       0 : =$A15180             sysmars_svdp		equ	$A15180		; SVDP registers
(1)   15/       0 : =$840000             sysmars_framebuffer	equ	$840000
(1)   16/       0 : =$860000             sysmars_overwrite	equ	$860000
(1)   17/       0 :                     
(1)   18/       0 :                     ; ------------------------------------------------------------
(1)   19/       0 :                     ; SH2 MAP
(1)   20/       0 :                     ; ------------------------------------------------------------
(1)   21/       0 :                     
(1)   22/       0 : =$0                  CS0		equ	$00000000	; Boot ROM & System registers
(1)   23/       0 : =$2000000            CS1		equ	$02000000	; ROM view (CARTRIDGE ONLY, BLOCKED if RV=1)
(1)   24/       0 : =$4000000            CS2		equ	$04000000	; Framebuffer/Overwrite area
(1)   25/       0 : =$6000000            CS3		equ	$06000000	; SDRAM
(1)   26/       0 : =$20000000           TH		equ	$20000000	; Cache-Thru OR Value
(1)   27/       0 : =$20004000           _sysreg		equ	$00004000|TH	; 32X system registers
(1)   28/       0 : =$20004100           _vdpreg		equ	$00004100|TH	; SuperVDP registers
(1)   29/       0 : =$20004200           _palette	equ	$00004200|TH	; Palette RAM for Pixel-Packed or RLE mode
(1)   30/       0 : =$24000000           _framebuffer:	equ	CS2|TH		; Framebuffer: First 240 words are the linetable
(1)   31/       0 : =$24020000           _overwrite:	equ	CS2|TH+$20000	; Overwrite:   Same but any 0 value writes are ignored
(1)   32/       0 :                     
(1)   33/       0 :                     ; ------------------------------------------------------------
(1)   34/       0 :                     ; Variables
(1)   35/       0 :                     ; ------------------------------------------------------------
(1)   36/       0 :                     
(1)   37/       0 :                     ; ------------------------------------------------
(1)   38/       0 :                     ; System
(1)   39/       0 :                     ;
(1)   40/       0 :                     ; _sysreg / sysmars_reg
(1)   41/       0 :                     ; ------------------------------------------------
(1)   42/       0 :                     
(1)   43/       0 : =$0                  adapter		equ	$00		; adapter control register
(1)   44/       0 : =$1                  intmask		equ	$01		; SH2 CPU ONLY: interrupts mask
(1)   45/       0 : =$3                  standby		equ	$03		; CMD interrupt request bit by MD side (slave|master) (BYTE)
(1)   46/       0 : =$4                  bankset		equ	$04		; 68K ONLY: $900000 bank
(1)   47/       0 : =$6                  dreqctl		equ	$06		; DREQ control (WORD)
(1)   48/       0 : =$8                  dreqsource	equ	$08		; DREQ source address
(1)   49/       0 : =$C                  dreqdest	equ	$0C		; DREQ destination address
(1)   50/       0 : =$10                 dreqlen		equ	$10		; DREQ length
(1)   51/       0 : =$12                 dreqfifo	equ	$12		; DREQ FIFO
(1)   52/       0 : =$14                 vresintclr	equ	$14		; VRES interrupt clear
(1)   53/       0 : =$16                 vintclr		equ	$16		; V interrupt clear
(1)   54/       0 : =$18                 hintclr		equ	$18		; H interrupt clear
(1)   55/       0 : =$1A                 cmdintclr	equ	$1a		; CMD interrupt clear
(1)   56/       0 : =$1C                 pwmintclr	equ	$1C		; PWM interrupt clear
(1)   57/       0 : =$20                 comm0		equ	$20		; Communication ports
(1)   58/       0 : =$21                 comm1		equ	$21		; ** ALL CPUs can see this ports: including Z80
(1)   59/       0 : =$22                 comm2		equ	$22		; only be careful with the read/write directions. **
(1)   60/       0 : =$23                 comm3		equ	$23		;
(1)   61/       0 : =$24                 comm4		equ	$24		;
(1)   62/       0 : =$25                 comm5		equ	$25		;
(1)   63/       0 : =$26                 comm6		equ	$26		;
(1)   64/       0 : =$27                 comm7		equ	$27		;
(1)   65/       0 : =$28                 comm8		equ	$28		;
(1)   66/       0 : =$29                 comm9		equ	$29		;
(1)   67/       0 : =$2A                 comm10		equ	$2A		;
(1)   68/       0 : =$2B                 comm11		equ	$2B		;
(1)   69/       0 : =$2C                 comm12		equ	$2C		;
(1)   70/       0 : =$2D                 comm13		equ	$2D		;
(1)   71/       0 : =$2E                 comm14		equ	$2E		;
(1)   72/       0 : =$2F                 comm15		equ	$2F		;
(1)   73/       0 : =$30                 timerctl	equ	$30		; PWM Timer Control
(1)   74/       0 : =$31                 pwmctl		equ	$31		; PWM Control
(1)   75/       0 : =$32                 cycle		equ	$32		; PWM Cycle
(1)   76/       0 : =$34                 lchwidth	equ	$34		; PWM L ch Width
(1)   77/       0 : =$36                 rchwidth	equ	$36		; PWM R ch Width
(1)   78/       0 : =$38                 monowidth	equ	$38		; PWM Monaural Width
(1)   79/       0 :                     
(1)   80/       0 :                     ; adapter
(1)   81/       0 : =$1                  ADEN		equ	%00000001	; MARS Enabled: No/Yes
(1)   82/       0 : =$2                  RES		equ	%00000010	; SH2 Reset: Yes/Cancelled
(1)   83/       0 : =$80                 FM		equ	%10000000	; SuperVDP permission: MD or SH
(1)   84/       0 :                     
(1)   85/       0 :                     ; framectl
(1)   86/       0 : =$1                  FS		equ	%00000001	; Current framebuffer DRAM pixel data
(1)   87/       0 : =$2                  FEN		equ	%00000010	; Can write to Framebuffer: Yes/No
(1)   88/       0 :                     
(1)   89/       0 :                     ; vdpsts
(1)   90/       0 : =$80                 VBLK		equ	%10000000	; VBlank bit
(1)   91/       0 : =$40                 HBLK		equ	%01000000	; HBlank bit
(1)   92/       0 : =$20                 PEN		equ	%00100000	; Can write to Palette: Yes/No
(1)   93/       0 :                     
(1)   94/       0 :                     ; intmask
(1)   95/       0 : =$8                  VIRQ_ON		equ	$08		; IRQ masks for IRQ mask register
(1)   96/       0 : =$4                  HIRQ_ON		equ	$04
(1)   97/       0 : =$2                  CMDIRQ_ON	equ	$02
(1)   98/       0 : =$1                  PWMIRQ_ON	equ	$01
(1)   99/       0 :                     
(1)  100/       0 :                     ; ------------------------------------------------
(1)  101/       0 :                     ; Super VDP
(1)  102/       0 :                     ;
(1)  103/       0 :                     ; _vdpreg
(1)  104/       0 :                     ; ------------------------------------------------
(1)  105/       0 :                     
(1)  106/       0 : =$0                  tvmode		equ	$00		; TV mode
(1)  107/       0 : =$1                  bitmapmd	equ	$01		; Bitmap mode
(1)  108/       0 : =$2                  shift		equ	$02		; Lineshift bit
(1)  109/       0 : =$4                  filllength	equ	$04		; Auto Fill Length register
(1)  110/       0 : =$6                  fillstart	equ	$06		; Auto Fill Start Address register
(1)  111/       0 : =$8                  filldata	equ	$08		; Auto Fill Data register
(1)  112/       0 : =$A                  vdpsts		equ	$0A		; VDP Status register
(1)  113/       0 : =$B                  framectl	equ	$0B		; Frame Buffer Control register
(1)  114/       0 :                     
(1)  115/       0 :                     ; ------------------------------------------------------------
(1)  116/       0 :                     ; SH2 internal registers
(1)  117/       0 :                     ;
(1)  118/       0 :                     ; DREQ and PWM are directly connected to
(1)  119/       0 :                     ; their specific channel:
(1)  120/       0 :                     ; Channel 0: DREQ
(1)  121/       0 :                     ; Channel 1: PWM
(1)  122/       0 :                     ; ------------------------------------------------------------
(1)  123/       0 :                     
(1)  124/       0 : =$FFFFFE00           _SERIAL		equ	$FFFFFE00	; Serial Control
(1)  125/       0 : =$FFFFFE10           _FRT		equ	$FFFFFE10	; Free run timer
(1)  126/       0 : =$0                  _TIER		equ	$00		; Timer interrupt enable register
(1)  127/       0 : =$1                  _TCSR		equ	$01		; Timer control & status register
(1)  128/       0 : =$2                  _FRC_H		equ	$02		; Free running counter High
(1)  129/       0 : =$3                  _FRC_L		equ	$03		; Free running counter Low
(1)  130/       0 : =$4                  _OCR_H		equ	$04		; Output compare register High
(1)  131/       0 : =$5                  _OCR_L		equ	$05		; Output compare register Low
(1)  132/       0 : =$6                  _TCR		equ	$06		; Timer control register
(1)  133/       0 : =$7                  _TOCR		equ	$07		; Timer output compare control register
(1)  134/       0 : =$FFFFFE92           _CCR		equ	$FFFFFE92	; Cache register (WORD)
(1)  135/       0 : =$FFFFFF00           _JR		equ	$FFFFFF00	; DIVU (--- / val)
(1)  136/       0 : =$FFFFFF04           _HRL32		equ	$FFFFFF04	; DIVU (val / ---) or RIGHT-long result on Read.
(1)  137/       0 : =$FFFFFF10           _HRH		equ	$FFFFFF10	; DIVU Result: LEFT long
(1)  138/       0 : =$FFFFFF14           _HRL		equ	$FFFFFF14	; DIVU Result: RIGHT long
(1)  139/       0 : =$FFFFFF80           _DMASOURCE0	equ	$FFFFFF80	; DMA source address 0
(1)  140/       0 : =$FFFFFF84           _DMADEST0	equ	$FFFFFF84	; DMA destination address 0
(1)  141/       0 : =$FFFFFF88           _DMACOUNT0	equ	$FFFFFF88	; DMA transfer count 0
(1)  142/       0 : =$FFFFFF8C           _DMACHANNEL0	equ	$FFFFFF8C	; DMA channel control 0
(1)  143/       0 : =$FFFFFF90           _DMASOURCE1	equ	$FFFFFF90	; DMA source address 1
(1)  144/       0 : =$FFFFFF94           _DMADEST1	equ	$FFFFFF94	; DMA destination address 1
(1)  145/       0 : =$FFFFFF98           _DMACOUNT1	equ	$FFFFFF98	; DMA transfer count 1
(1)  146/       0 : =$FFFFFF9C           _DMACHANNEL1	equ	$FFFFFF9C	; DMA channel control 1
(1)  147/       0 : =$FFFFFFA0           _DMAVECTORN0	equ	$FFFFFFA0	; DMA vector number N0
(1)  148/       0 : =$FFFFFFA4           _DMAVECTORE0	equ	$FFFFFFA4	; DMA vector number E0
(1)  149/       0 : =$FFFFFFA8           _DMAVECTORN1	equ	$FFFFFFA8	; DMA vector number N1
(1)  150/       0 : =$FFFFFFAC           _DMAVECTORE1	equ	$FFFFFFAC	; DMA vector number E1
(1)  151/       0 : =$FFFFFFB0           _DMAOPERATION	equ	$FFFFFFB0	; DMA operation
(1)  152/       0 : =$FFFFFFB4           _DMAREQACK0	equ	$FFFFFFB4	; DMA request/ack select control 0
(1)  153/       0 : =$FFFFFFB8           _DMAREQACK1	equ	$FFFFFFB8	; DMA request/ack select control 1
(1)  154/       0 :                     
      39/       0 :                     		include	"nikona/md/map.asm"	; Genesis hardware map and other areas
(1)    1/       0 :                     ; ===========================================================================
(1)    2/       0 :                     ; ----------------------------------------------------------------
(1)    3/       0 :                     ; Genesis / Pico 68000 map
(1)    4/       0 :                     ; ----------------------------------------------------------------
(1)    5/       0 :                     
(1)    6/       0 : =$200000             sys_sram	equ	$200000		; Second half of 4MB rom or external RAM, Normal or Save data
(1)    7/       0 : =$A00000             z80_cpu		equ	$A00000		; Z80 CPU area, size: $2000
(1)    8/       0 : =$A04000             ym_ctrl_1	equ	$A04000		; YM2612 reg 1
(1)    9/       0 : =$A04001             ym_data_1	equ	$A04001		; YM2612 reg 2
(1)   10/       0 : =$A04002             ym_ctrl_2	equ	$A04002		; YM2612 reg 1
(1)   11/       0 : =$A04003             ym_data_2	equ	$A04003		; YM2612 reg 2
(1)   12/       0 : =$A10001             sys_io		equ	$A10001		; bits: OVRSEAS(7)|PAL(6)|DISK(5)|VER(3-0)
(1)   13/       0 : =$A10003             sys_data_1	equ	$A10003		; Port 1 DATA
(1)   14/       0 : =$A10005             sys_data_2	equ	$A10005		; Port 2 DATA
(1)   15/       0 : =$A10007             sys_data_3	equ	$A10007		; Modem DATA
(1)   16/       0 : =$A10009             sys_ctrl_1	equ	$A10009		; Port 1 CTRL
(1)   17/       0 : =$A1000B             sys_ctrl_2	equ	$A1000B		; Port 2 CTRL
(1)   18/       0 : =$A1000D             sys_ctrl_3	equ	$A1000D		; Modem CTRL
(1)   19/       0 : =$A11100             z80_bus 	equ	$A11100		; only use bit 0 (bit 8 as WORD)
(1)   20/       0 : =$A11200             z80_reset	equ	$A11200		; WRITE only ($0000 reset/$0100 cancel)
(1)   21/       0 : =$A130F1             md_bank_sram	equ	$A130F1		; Make SRAM visible at $200000
(1)   22/       0 : =$A14000             sys_tmss	equ	$A14000		; write "SEGA" here for ver > 0
(1)   23/       0 :                     
(1)   24/       0 :                     
(1)   25/       0 :                     ; !@ PICO addresses
(1)   26/       0 :                     ; !@ Also see and add support for the following secret quirks: https://qufb.gitlab.io/writeups/pico
(1)   27/       0 : =$800000             pico_START:			equ $800000
(1)   28/       0 : =$800001             pico_ver:			equ	$800001	;1 byte
(1)   29/       0 : =$800003             pico_btn:			equ	$800003	;~
(1)   30/       0 : =$800005             pico_penX_hi:		equ	$800005	;~
(1)   31/       0 : =$800007             pico_penX_lo:		equ	$800007	;~
(1)   32/       0 : =$800009             pico_penY_hi:		equ	$800009	;~
(1)   33/       0 : =$80000B             pico_penY_lo:		equ	$80000B	;~
(1)   34/       0 : =$80000D             pico_BookPage:		equ	$80000D	;~
(1)   35/       0 : =$80000F             pico_copType:		equ	$80000F	;~
(1)   36/       0 : =$800010             pico_pcm_data:		equ	$800010	;1 word
(1)   37/       0 : =$800012             pico_pcm_ctrl:		equ	$800012	;~
(1)   38/       0 : =$800015             pico_port_1_data:	equ	$800015	;~
(1)   39/       0 : =$800017             pico_port_1_ctrl:	equ	$800017	;~
(1)   40/       0 : =$800019             pico_security_addr:	equ	$800019	;2 odd words
(1)   41/       0 :                     
(1)   42/       0 :                     ; !@ Copera addresses
(1)   43/       0 : =$BFF801             copr_ymz263b_a0:	equ	$BFF801	;1 word
(1)   44/       0 : =$BFF803             copr_ymz263b_d0:	equ	$BFF803	;~
(1)   45/       0 : =$BFF805             copr_ymz263b_a1:	equ	$BFF805	;~
(1)   46/       0 : =$BFF807             copr_ymz263b_d1:	equ	$BFF807	;~
(1)   47/       0 :                     
(1)   48/       0 : =$BFF824             copr_ymf262_a0:		equ	$BFF824
(1)   49/       0 : =$BFF828             copr_ymf262_d0:		equ	$BFF828
(1)   50/       0 : =$BFF834             copr_ymf262_a1:		equ	$BFF834
(1)   51/       0 :                     
(1)   52/       0 : =$BFF840             copr_ym712b_a0:		equ	$BFF840
(1)   53/       0 :                     
(1)   54/       0 :                     
(1)   55/       0 :                     ;VDP/PSG
(1)   56/       0 : =$C00000             vdp_data	equ	$C00000		; video data port
(1)   57/       0 : =$C00004             vdp_ctrl	equ	$C00004		; video control port
(1)   58/       0 : =$C00011             psg_ctrl	equ	$C00011		; PSG control
(1)   59/       0 :                     
(1)   60/       0 :                     ; ----------------------------------------------------------------
(1)   61/       0 :                     ; Genesis / Mega drive Z80 map
(1)   62/       0 :                     ; ----------------------------------------------------------------
(1)   63/       0 :                     
(1)   64/       0 : =$4000               zym_ctrl_1	equ	$4000		; YM2612 reg 1
(1)   65/       0 : =$4001               zym_data_1	equ	$4001		; YM2612 reg 2
(1)   66/       0 : =$4002               zym_ctrl_2	equ	$4002		; YM2612 reg 1
(1)   67/       0 : =$4003               zym_data_2	equ	$4003		; YM2612 reg 2
(1)   68/       0 : =$6000               zbank		equ	$6000		; Z80 ROM BANK: %XXXXXXXX X0000000 00000000 (write 9 times)
(1)   69/       0 :                     ; zvdp_data	equ	$7F00		; VDP data port
(1)   70/       0 :                     ; zvdp_ctrl	equ	$7F04		; VDP control port
(1)   71/       0 : =$7F11               zpsg_ctrl	equ	$7F11		; PSG control
(1)   72/       0 :                     
      40/       0 :                     		include	"nikona/ram.asm"	; Genesis RAM sections
(1)    1/       0 :                     ; ===========================================================================
(1)    2/       0 :                     ; ----------------------------------------------------------------
(1)    3/       0 :                     ; Genesis/Pico 68000 RAM section (SCD: "MAIN-CPU")
(1)    4/       0 :                     ;
(1)    5/       0 :                     ; Reserved RAM areas:
(1)    6/       0 :                     ; $FFFD00-$FFFDEF |  SCD: Boot-ROM's Vector jumps ($FFFD00-$FFFDB3)
(1)    7/       0 :                     ;                 |  32X: HOT-START jump code
(1)    8/       0 :                     ;                 | PICO: 68K Sound driver buffer (TODO)
(1)    9/       0 :                     ;                 | Else: Unused, could be used for bankswitching
(1)   10/       0 :                     ;                 |       or any modern-day cartridge chip
(1)   11/       0 :                     ; $FFFDF0-$FFFDFF | Byte writes from Z80
(1)   12/       0 :                     ; $FFFE00-$FFFFFF | Stack
(1)   13/       0 :                     ; ----------------------------------------------------------------
(1)   14/       0 :                     
(1)   15/       0 :                     ; ====================================================================
(1)   16/       0 :                     ; ----------------------------------------------------------------
(1)   17/       0 :                     ; 68000 RAM SIZES (MAIN-CPU in SegaCD/CD32X)
(1)   18/       0 :                     ; ----------------------------------------------------------------
(1)   19/       0 :                     
(1)   20/       0 : =$1000               MAX_Globals	equ $1000	; USER Global variables
(1)   21/       0 : =$2000               MAX_ScrnBuff	equ $2000	; Current Screen's temporal memory
(1)   22/       0 : =$3000               MAX_LibCode	equ $3000	; SCD/32X/CD32X: Nikona lib
(1)   23/       0 : =$7800               MAX_UserCode	equ $7800	; SCD/32X/CD32X: Current SCREEN's CODE+small DATA
(1)   24/       0 :                     
(1)   25/       0 :                     ; ====================================================================
(1)   26/       0 :                     
(1)   27/       0 : =$FFFD00             SET_RAMLIMIT	equ $FFFD00
(1)   28/       0 :                     
(1)   29/       0 :                     ; ===========================================================================
(1)   30/       0 :                     ; ----------------------------------------------------------------
(1)   31/       0 :                     ; MAIN USER RAM
(1)   32/       0 :                     ; ----------------------------------------------------------------
(1)   33/       0 :                     
(1)   34/       0 : (MACRO)              			memory $FFFF0000
(1)   34/       0 : =$0                  GLBL_LASTPC     := *
(1)   34/       0 :                                     dephase
(1)   34/FFFFFFFFFFFF0000 :                                     phase $FFFF0000
(1)   34/FFFFFFFFFFFF0000 : =$FFFFFFFFFFFF0000   GLBL_LASTORG    := *
(1)   40/FFFFFFFFFFFF0000 :                     .end:
(1)   41/FFFFFFFFFFFF0000 : (MACRO)              			endmemory
(1)   41/       0 :                     .here:          dephase
(1)   41/       0 :                                     ds.b -(.here-GLBL_LASTORG)
(1)   41/       0 :                                     phase GLBL_LASTPC
(1)   42/       0 :                     
(1)   46/       0 : (MACRO)              			memory $FFFFB000	; Genesis/Pico ONLY
(1)   46/       0 : =$0                  GLBL_LASTPC     := *
(1)   46/       0 :                                     dephase
(1)   46/FFFFFFFFFFFFB000 :                                     phase $FFFFB000
(1)   46/FFFFFFFFFFFFB000 : =$FFFFFFFFFFFFB000   GLBL_LASTORG    := *
(1)   48/FFFFFFFFFFFFB000 :                     RAM_ScrnBuff		ds.b MAX_ScrnBuff
(1)   49/FFFFFFFFFFFFD000 :                     RAM_Globals		ds.b MAX_Globals
(1)   50/FFFFFFFFFFFFE000 :                     RAM_SaveData		ds.b SET_SRAMSIZE	; Read/Write of the SAVE data
(1)   51/FFFFFFFFFFFFE100 :                     RAM_HorScroll		ds.l 240		; DMA Horizontal scroll data
(1)   52/FFFFFFFFFFFFE4C0 :                     RAM_VerScroll		ds.l 320/16		; DMA Vertical scroll data
(1)   53/FFFFFFFFFFFFE510 :                     RAM_Sprites		ds.w 8*80		; DMA Sprites
(1)   54/FFFFFFFFFFFFEA10 :                     RAM_Palette		ds.w 64			; DMA Palette
(1)   55/FFFFFFFFFFFFEA90 :                     
(1)   56/FFFFFFFFFFFFEA90 :                     ; ----------------------------------------
(1)   57/FFFFFFFFFFFFEA90 :                     ; * FIRST PASS LABELS *
(1)   66/FFFFFFFFFFFFEA90 :                     ; ----------------------------------------
(1)   67/FFFFFFFFFFFFEA90 :                     ; * AUTOMATIC SIZES *
(1)   71/FFFFFFFFFFFFEA90 :                     RAM_MdVideo		ds.b sizeof_mdvid-RAM_MdVideo	; $FF8000
(1)   72/FFFFFFFFFFFFF0F8 :                     RAM_MdSystem		ds.b sizeof_mdsys-RAM_MdSystem	;
(1)   73/FFFFFFFFFFFFF190 :                     sizeof_MdRam		ds.l 0
(1)   75/FFFFFFFFFFFFF194 :                     ; ------------------------------------------------
(1)   76/FFFFFFFFFFFFF194 : (MACRO)              			endmemory
(1)   76/    4194 :                     .here:          dephase
(1)   76/    4194 :                                     ds.b -(.here-GLBL_LASTORG)
(1)   76/       0 :                                     phase GLBL_LASTPC
(1)   77/       0 :                     
(1)   81/       0 :                     
(1)   82/       0 :                     ; --------------------------------------------------------
(1)   83/       0 :                     ; SCD and 32X special section
(1)   84/       0 :                     ; --------------------------------------------------------
(1)   85/       0 :                     
(1)  115/       0 :                     
(1)  116/       0 :                     ; --------------------------------------------------------
(1)  117/       0 :                     ; Fixed areas
(1)  118/       0 :                     ; --------------------------------------------------------
(1)  119/       0 :                     
(1)  120/       0 : =$FFFFFD00           RAM_ExReserved		equ $FFFFFD00	; $100 bytes
(1)  121/       0 : =$0                  RAM_Stack		equ 0		; <-- Goes backwards
(1)  122/       0 :                     
      41/       0 :                     		include	"nikona/shared.asm"	; Shared variables and specials
(1)    1/       0 :                     ; ===========================================================================
(1)    2/       0 :                     ; -------------------------------------------------------------------
(1)    3/       0 :                     ; Shared variables
(1)    4/       0 :                     ; -------------------------------------------------------------------
(1)    5/       0 :                     
(1)    6/       0 :                     ; ====================================================================
(1)    7/       0 :                     ; ----------------------------------------------------------------
(1)    8/       0 :                     ; MCD SECTION
(1)    9/       0 :                     ; ----------------------------------------------------------------
(1)   10/       0 :                     
(1)   50/       0 :                     
(1)   51/       0 :                     ; ====================================================================
(1)   52/       0 :                     ; ----------------------------------------------------------------
(1)   53/       0 :                     ; 32X SECTION
(1)   54/       0 :                     ; ----------------------------------------------------------------
(1)   55/       0 :                     
(1)  242/       0 :                     
      42/       0 :                     
      43/       0 :                     ; ====================================================================
      44/       0 :                     ; ----------------------------------------------------------------
      45/       0 :                     ; GLOBAL variables
      46/       0 :                     ; ----------------------------------------------------------------
      47/       0 :                     
      48/       0 : (MACRO)              		memory RAM_Globals
      48/       0 : =$0                  GLBL_LASTPC     := *
      48/       0 :                                     dephase
      48/FFFFFFFFFFFFD000 :                                     phase RAM_GLOBALS
      48/FFFFFFFFFFFFD000 : =$FFFFFFFFFFFFD000   GLBL_LASTORG    := *
      49/FFFFFFFFFFFFD000 :                     	; ------------------------------------------------
      50/FFFFFFFFFFFFD000 :                     		include "game/globals.asm"
(1)    1/FFFFFFFFFFFFD000 :                     ; ====================================================================
(1)    2/FFFFFFFFFFFFD000 :                     ; ----------------------------------------------------------------
(1)    3/FFFFFFFFFFFFD000 :                     ; USER GLOBAL settings and variables at RAM_Global
(1)    4/FFFFFFFFFFFFD000 :                     ;
(1)    5/FFFFFFFFFFFFD000 :                     ; Maximum size: $1000
(1)    6/FFFFFFFFFFFFD000 :                     ; ----------------------------------------------------------------
(1)    7/FFFFFFFFFFFFD000 :                     
(1)    8/FFFFFFFFFFFFD000 :                     ; ------------------------------------------------------------
(1)    9/FFFFFFFFFFFFD000 :                     ; Your Score, Lives, Level number, etc. go here.
(1)   10/FFFFFFFFFFFFD000 :                     ; These will remain after changing screens, for temporal
(1)   11/FFFFFFFFFFFFD000 :                     ; buffers use RAM_ScrnBuff (Max. $1000, MAX_ScrnBuff)
(1)   12/FFFFFFFFFFFFD000 :                     ;
(1)   13/FFFFFFFFFFFFD000 :                     ; You can use any name you want but be careful with any
(1)   14/FFFFFFFFFFFFD000 :                     ; conflicting names used by the Nikona code
(1)   15/FFFFFFFFFFFFD000 :                     ; "equ" es permanent, "set" is rewritable during build
(1)   16/FFFFFFFFFFFFD000 :                     ;
(1)   17/FFFFFFFFFFFFD000 :                     ; Example variables:
(1)   18/FFFFFFFFFFFFD000 :                     ;
(1)   19/FFFFFFFFFFFFD000 :                     ; example_value		equ $1234
(1)   20/FFFFFFFFFFFFD000 :                     ; example_bool		equ True
(1)   21/FFFFFFFFFFFFD000 :                     ; example_string	equ "NIKONA"
(1)   22/FFFFFFFFFFFFD000 :                     ;
(1)   23/FFFFFFFFFFFFD000 :                     ; Example RAM labels:
(1)   24/FFFFFFFFFFFFD000 :                     ;
(1)   25/FFFFFFFFFFFFD000 :                     ; RAM_YourName		ds.X N ; X: size b, w, l
(1)   26/FFFFFFFFFFFFD000 :                     ;                              ; N: number of items
(1)   27/FFFFFFFFFFFFD000 :                     ;                              ;
(1)   28/FFFFFFFFFFFFD000 :                     ; RAM_Glbl_ExL		ds.l 8 ; Reserve 8 LONGS ($20 bytes)
(1)   29/FFFFFFFFFFFFD000 :                     ; RAM_Glbl_ExW		ds.w 5 ; Reserve 5 WORDS ($0A bytes)
(1)   30/FFFFFFFFFFFFD000 :                     ; RAM_Glbl_ExB		ds.b 6 ; Reserve 6 BYTES
(1)   31/FFFFFFFFFFFFD000 :                     ;
(1)   32/FFFFFFFFFFFFD000 :                     ; Be careful with the aligment or you will get an
(1)   33/FFFFFFFFFFFFD000 :                     ; ADDRESS ERROR on real hardware
(1)   34/FFFFFFFFFFFFD000 :                     ; ------------------------------------------------------------
(1)   35/FFFFFFFFFFFFD000 :                     
(1)   36/FFFFFFFFFFFFD000 :                     RAM_Glbl_Example_L	ds.l 1		; 1 long (4 bytes)
(1)   37/FFFFFFFFFFFFD004 :                     RAM_Glbl_Example_W	ds.w 1		; 1 word (2 bytes)
(1)   38/FFFFFFFFFFFFD006 :                     RAM_Glbl_Example_B	ds.b 1		; 1 byte
(1)   39/FFFFFFFFFFFFD007 :                     					ds.b 1
(1)   40/FFFFFFFFFFFFD008 :                     
(1)   41/FFFFFFFFFFFFD008 :                     ;!@ Stores hold,press,release state for ANY controller (c1-c5). This = Pico_pen OR (pico_ext AND Genesis p1-p2 AND modem)
(1)   42/FFFFFFFFFFFFD008 :                     RAM_Glbl_joy_hold		ds.w 1
(1)   43/FFFFFFFFFFFFD00A :                     RAM_Glbl_joy_press		ds.w 1
(1)   44/FFFFFFFFFFFFD00C :                     RAM_Glbl_joy_release	ds.w 1
(1)   45/FFFFFFFFFFFFD00E :                     
(1)   46/FFFFFFFFFFFFD00E :                     ;!@ Stores hold,press,release state for standard Genesis/expansions controllers (pico_ext, Genesis p1/p2 AND modem)
(1)   47/FFFFFFFFFFFFD00E :                     RAM_Glbl_joy2_hold		ds.w 1
(1)   48/FFFFFFFFFFFFD010 :                     RAM_Glbl_joy2_press		ds.w 1
(1)   49/FFFFFFFFFFFFD012 :                     RAM_Glbl_joy2_release	ds.w 1
      51/FFFFFFFFFFFFD014 :                     		align 2
      52/FFFFFFFFFFFFD016 :                     	; ------------------------------------------------
      53/FFFFFFFFFFFFD016 :                     sizeof_MdGlbl	ds.l 0
      57/FFFFFFFFFFFFD01C : (MACRO)              		erreport "USER Globals",(sizeof_MdGlbl-RAM_Globals),MAX_Globals	; Report error if ran out
      58/FFFFFFFFFFFFD01C : (MACRO)              		endmemory
      58/      1C :                     .here:          dephase
      58/      1C :                                     ds.b -(.here-GLBL_LASTORG)
      58/       0 :                                     phase GLBL_LASTPC
      59/       0 :                     
      60/       0 :                     ; ====================================================================
      61/       0 :                     ; ----------------------------------------------------------------
      62/       0 :                     ; SAVE data structure
      63/       0 :                     ; ----------------------------------------------------------------
      64/       0 :                     
      65/       0 : (MACRO)              		memory RAM_SaveData
      65/       0 : =$0                  GLBL_LASTPC     := *
      65/       0 :                                     dephase
      65/FFFFFFFFFFFFE000 :                                     phase RAM_SAVEDATA
      65/FFFFFFFFFFFFE000 : =$FFFFFFFFFFFFE000   GLBL_LASTORG    := *
      66/FFFFFFFFFFFFE000 :                     	; ------------------------------------------------
      67/FFFFFFFFFFFFE000 :                     		include "game/savestruct.asm"
(1)    1/FFFFFFFFFFFFE000 :                     ; ====================================================================
(1)    2/FFFFFFFFFFFFE000 :                     ; ----------------------------------------------------------------
(1)    3/FFFFFFFFFFFFE000 :                     ; Save file struct
(1)    4/FFFFFFFFFFFFE000 :                     ;
(1)    5/FFFFFFFFFFFFE000 :                     ; Make sure SET_ENBLSAVE is enabled on rominfo.asm
(1)    6/FFFFFFFFFFFFE000 :                     ; ----------------------------------------------------------------
(1)    7/FFFFFFFFFFFFE000 :                     
(1)    8/FFFFFFFFFFFFE000 :                     RAM_Save_TAG		ds.b 4		; ** DO NOT REMOVE **
(1)    9/FFFFFFFFFFFFE004 :                     RAM_Save_Counter	ds.l 1		; Temporal counter
(1)   10/FFFFFFFFFFFFE008 :                     
      68/FFFFFFFFFFFFE008 :                     		align 2
      69/FFFFFFFFFFFFE00A :                     	; ------------------------------------------------
      70/FFFFFFFFFFFFE00A :                     sizeof_SaveInfo	ds.l 0
      74/FFFFFFFFFFFFE010 :                     ; 		erreport "SAVE struct",(sizeof_SaveInfo-RAM_SaveData),SET_SRAMSIZE	; Report error if ran out
      75/FFFFFFFFFFFFE010 : (MACRO)              		endmemory
      75/      10 :                     .here:          dephase
      75/      10 :                                     ds.b -(.here-GLBL_LASTORG)
      75/       0 :                                     phase GLBL_LASTPC
      76/       0 :                     
      77/       0 :                     ; ====================================================================
      78/       0 :                     ; ----------------------------------------------------------------
      79/       0 :                     ; Init procedures for all systems
      80/       0 :                     ; ----------------------------------------------------------------
      81/       0 :                     
      82/       0 :                     		!org 0						; Start at 0
      83/       0 :                     
      84/       0 :                     ; ---------------------------------------------
      85/       0 :                     ; SEGA 32X
      86/       0 :                     ; ---------------------------------------------
      87/       0 :                     
     143/       0 :                     		include	"nikona/head_pico.asm"			; Pico header
(1)    1/       0 :                     ; ===========================================================================
(1)    2/       0 :                     ; -------------------------------------------------------------------
(1)    3/       0 :                     ; PICO header
(1)    4/       0 :                     ; -------------------------------------------------------------------
(1)    5/       0 :                     
(1)    6/       0 : 0000 0000           		dc.l RAM_Stack		; Stack point
(1)    7/       4 : 0000 0208           		dc.l Pico_Entry		; Entry
(1)    8/       8 : 0000 0200           		dc.l Pico_ErrBus	; Bus error
(1)    9/       C : 0000 0200           		dc.l Pico_ErrAddr	; Address error
(1)   10/      10 : 0000 0200           		dc.l Pico_ErrIll	; ILLEGAL Instruction
(1)   11/      14 : 0000 0200           		dc.l Pico_ErrZDiv	; Divide by 0
(1)   12/      18 : 0000 0200           		dc.l Pico_ErrChk	; CHK Instruction
(1)   13/      1C : 0000 0200           		dc.l Pico_ErrTrapV	; TRAPV Instruction
(1)   14/      20 : 0000 0200           		dc.l Pico_ErrPrivl	; Privilege violation
(1)   15/      24 : 0000 0200           		dc.l Pico_Trace		; Trace
(1)   16/      28 : 0000 0200           		dc.l Pico_Line1010	; Line 1010 Emulator
(1)   17/      2C : 0000 0200           		dc.l Pico_Line1111	; Line 1111 Emulator
(1)   18/      30 : 0000 0200           		dc.l Pico_ErrorEx	; Error exception
(1)   19/      34 : 0000 0200           		dc.l Pico_ErrorEx
(1)   20/      38 : 0000 0200           		dc.l Pico_ErrorEx
(1)   21/      3C : 0000 0200           		dc.l Pico_ErrorEx
(1)   22/      40 : 0000 0200           		dc.l Pico_ErrorEx
(1)   23/      44 : 0000 0200           		dc.l Pico_ErrorEx
(1)   24/      48 : 0000 0200           		dc.l Pico_ErrorEx
(1)   25/      4C : 0000 0200           		dc.l Pico_ErrorEx
(1)   26/      50 : 0000 0200           		dc.l Pico_ErrorEx
(1)   27/      54 : 0000 0200           		dc.l Pico_ErrorEx
(1)   28/      58 : 0000 0200           		dc.l Pico_ErrorEx
(1)   29/      5C : 0000 0200           		dc.l Pico_ErrorEx
(1)   30/      60 : 0000 0200           		dc.l Pico_ErrorEx
(1)   31/      64 : 0000 0200           		dc.l Pico_Error
(1)   32/      68 : FFFF F182           		dc.l RAM_ExternalJump	; PICO: User interrupt
(1)   33/      6C : 0000 0206           		dc.l Pico_PcmInt	; PICO: PCM-full interrupt
(1)   34/      70 : FFFF F17C           		dc.l RAM_HBlankJump	; RAM jump for HBlank (JMP xxxx xxxx)
(1)   35/      74 : 0000 0206           		dc.l Pico_UnkInt	; PICO: Unknown
(1)   36/      78 : FFFF F176           		dc.l RAM_VBlankJump	; RAM jump for VBlank (JMP xxxx xxxx)
(1)   37/      7C : 0000 0200           		dc.l Pico_Error
(1)   38/      80 : 0000 0200           		dc.l Pico_Error
(1)   39/      84 : 0000 0200           		dc.l Pico_Error
(1)   40/      88 : 0000 0200           		dc.l Pico_Error
(1)   41/      8C : 0000 0200           		dc.l Pico_Error
(1)   42/      90 : 0000 0200           		dc.l Pico_Error
(1)   43/      94 : 0000 0200           		dc.l Pico_Error
(1)   44/      98 : 0000 0200           		dc.l Pico_Error
(1)   45/      9C : 0000 0200           		dc.l Pico_Error
(1)   46/      A0 : 0000 0200           		dc.l Pico_Error
(1)   47/      A4 : 0000 0200           		dc.l Pico_Error
(1)   48/      A8 : 0000 0200           		dc.l Pico_Error
(1)   49/      AC : 0000 0200           		dc.l Pico_Error
(1)   50/      B0 : 0000 0200           		dc.l Pico_Error
(1)   51/      B4 : 0000 0200           		dc.l Pico_Error
(1)   52/      B8 : 0000 0200           		dc.l Pico_Error
(1)   53/      BC : 0000 0200           		dc.l Pico_Error
(1)   54/      C0 : 0000 0200           		dc.l Pico_Error
(1)   55/      C4 : 0000 0200           		dc.l Pico_Error
(1)   56/      C8 : 0000 0200           		dc.l Pico_Error
(1)   57/      CC : 0000 0200           		dc.l Pico_Error
(1)   58/      D0 : 0000 0200           		dc.l Pico_Error
(1)   59/      D4 : 0000 0200           		dc.l Pico_Error
(1)   60/      D8 : 0000 0200           		dc.l Pico_Error
(1)   61/      DC : 0000 0200           		dc.l Pico_Error
(1)   62/      E0 : 0000 0200           		dc.l Pico_Error
(1)   63/      E4 : 0000 0200           		dc.l Pico_Error
(1)   64/      E8 : 0000 0200           		dc.l Pico_Error
(1)   65/      EC : 0000 0200           		dc.l Pico_Error
(1)   66/      F0 : 0000 0200           		dc.l Pico_Error
(1)   67/      F4 : 0000 0200           		dc.l Pico_Error
(1)   68/      F8 : 0000 0200           		dc.l Pico_Error
(1)   69/      FC : 0000 0200           		dc.l Pico_Error
(1)   70/     100 :                     		
(1)   71/     100 :                     	;!@ Pico systype (Copera, Pico, or Mega Pico)
(1)   73/     100 : 5345 4741 2043      		dc.b HTAG_SYS_COPERA;"SEGA COPERA     "
              106 : 4F50 4552 4120 
              10C : 2020 2020          
(1)   81/     110 : 2843 2947 4636      		dc.b HTAG_DATEINFO;"(C)GF64 2024.???"
              116 : 3420 3230 3235 
              11C : 2E3F 3F3F          
(1)   82/     120 : 4E69 6B6F 6E61      		dc.b HTAG_NDM_PICO;"Nikona PICO                                     "
              126 : 2050 4943 4F20 
              12C : 2020 2020 2020 
              132 : 2020 2020 2020 
              138 : 2020 2020 2020 
              13E : 2020 2020 2020 
              144 : 2020 2020 2020 
              14A : 2020 2020 2020    
(1)   83/     150 : 4E69 6B6F 6E61      		dc.b HTAG_NOV_PICO;"Nikona PICO                                     "
              156 : 2050 4943 4F20 
              15C : 2020 2020 2020 
              162 : 2020 2020 2020 
              168 : 2020 2020 2020 
              16E : 2020 2020 2020 
              174 : 2020 2020 2020 
              17A : 2020 2020 2020    
(1)   84/     180 : 474D 2048 4F4D      		dc.b HTAG_SERIAL;"GM HOMEBREW-02"
              186 : 4542 5245 572D 
              18C : 3032             
(1)   85/     18E : 0000                		dc.w 0
(1)   86/     190 : 2020 2020 2020      		dc.b "                "
              196 : 2020 2020 2020 
              19C : 2020 2020          
(1)   87/     1A0 : 0000 0000           		dc.l 0
(1)   88/     1A4 : 0004 35F8           		dc.l ROM_END
(1)   89/     1A8 : 00FF 0000           		dc.l $FF0000
(1)   90/     1AC : 00FF FFFF           		dc.l $FFFFFF
(1)   91/     1B0 : 2020 2020           		dc.l $20202020		; PICO can't use SRAM
(1)   92/     1B4 : 2020 2020           		dc.l $20202020
(1)   93/     1B8 : 2020 2020           		dc.l $20202020
(1)   94/     1BC :                     		align $1F0
(1)   95/     1F0 : 4620 2020 2020      		dc.b HTAG_REGIONS;"F               "
              1F6 : 2020 2020 2020 
              1FC : 2020 2020          
(1)   96/     200 :                     
(1)   97/     200 :                     ; ====================================================================
(1)   98/     200 :                     ; ----------------------------------------------------------------
(1)   99/     200 :                     ; Error handlers
(1)  100/     200 :                     ; ----------------------------------------------------------------
(1)  101/     200 :                     
(1)  102/     200 :                     Pico_ErrBus:				; Bus error
(1)  103/     200 :                     Pico_ErrAddr:				; Address error
(1)  104/     200 :                     Pico_ErrIll:				; ILLEGAL Instruction
(1)  105/     200 :                     Pico_ErrZDiv:				; Divide by 0
(1)  106/     200 :                     Pico_ErrChk:				; CHK Instruction
(1)  107/     200 :                     Pico_ErrTrapV:				; TRAPV Instruction
(1)  108/     200 :                     Pico_ErrPrivl:				; Privilege violation
(1)  109/     200 :                     Pico_Trace:				; Trace
(1)  110/     200 :                     Pico_Line1010:				; Line 1010 Emulator
(1)  111/     200 :                     Pico_Line1111:				; Line 1111 Emulator
(1)  112/     200 :                     Pico_ErrorEx:				; Error exception
(1)  113/     200 :                     Pico_Error:
(1)  114/     200 : 4E71                		nop
(1)  115/     202 : 4E71                		nop
(1)  116/     204 : 60FA                		bra	Pico_Error	; Infinite loop
(1)  117/     206 :                     
(1)  118/     206 :                     ; ====================================================================
(1)  119/     206 :                     ; ----------------------------------------------------------------
(1)  120/     206 :                     ; PICO-specific interrupts
(1)  121/     206 :                     ; ----------------------------------------------------------------
(1)  122/     206 :                     
(1)  123/     206 :                     Pico_UserInt:
(1)  124/     206 :                     Pico_PcmInt:				; Interrupt when the PCM chip gets full
(1)  125/     206 :                     Pico_UnkInt:
(1)  126/     206 : 4E73                		rte
(1)  127/     208 :                     
(1)  128/     208 :                     ; ====================================================================
(1)  129/     208 :                     ; ----------------------------------------------------------------
(1)  130/     208 :                     ; Entry point
(1)  131/     208 :                     ; ----------------------------------------------------------------
(1)  132/     208 :                     
(1)  133/     208 :                     Pico_Entry:
(1)  134/     208 : 46FC 2700           		move	#$2700,sr		; Disable interrputs
(1)  135/     20C :                     		;!@ lea	($800019).l,a0
(1)  136/     20C : 41F9 0080 0019      		lea	(pico_security_addr).l,a0
(1)  137/     212 : 2038 0100           		move.l	($100),d0		; Activate PICO system by
(1)  138/     216 : 01C8 0000           		movep.l	d0,(a0)			; writing this string to $800019 in odd writes
(1)  139/     21A : 4A79 00C0 0004      		tst.w	(vdp_ctrl).l		; Test VDP to unlock Video
(1)  140/     220 :                     	; --------------------------------
(1)  141/     220 : 7000                		moveq	#0,d0
(1)  142/     222 : 2C40                		movea.l	d0,a6
(1)  143/     224 : 4E66                		move.l	a6,usp
(1)  144/     226 : 41F9 FFFF 0000      		lea	($FFFF0000),a0		; Clean our "work" RAM
(1)  145/     22C : 223C FFFF F190      		move.l	#sizeof_mdram,d1
(1)  146/     232 : 7000                		moveq	#0,d0
(1)  147/     234 : 30C0                .loop_ram:	move.w	d0,(a0)+
(1)  148/     236 : B1C1                		cmp.l	d1,a0
(1)  149/     238 : 65FA                		bcs.s	.loop_ram
(1)  150/     23A : 4DF9 00C0 0000      		lea	(vdp_data),a6
(1)  151/     240 : 3E2E 0004           .wait_dma:	move.w	4(a6),d7		; Check if DMA is active.
(1)  152/     244 : 0807 0001           		btst	#1,d7
(1)  153/     248 : 66F6                		bne.s	.wait_dma
(1)  154/     24A : 2D7C C000 0000      		move.l	#$C0000000,4(a6)	; Clear palette
              250 : 0004             
(1)  155/     252 : 7E3F                		moveq	#64-1,d7
(1)  156/     254 : 7C00                		moveq	#0,d6
(1)  157/     256 :                     .palclear:
(1)  158/     256 : 3C86                		move.w	d6,(a6)
(1)  159/     258 : 51CF FFFC           		dbf	d7,.palclear
(1)  160/     25C : 4CF9 7FFF 00FF      		movem.l	($FF0000),d0-a6		; Clean registers using zeros from RAM		
              262 : 0000             
(1)  161/     264 :                     		
(1)  162/     264 :                     		;!@ Mega Pico mode
(1)  167/     264 :                     
(1)  168/     264 :                     .wait:
     144/     264 : 6100 13F4           		bsr	Sound_init				; Init Sound driver FIRST
     145/     268 : 6100 01A6           		bsr	Video_init				;  ''  Video
     146/     26C : 6100 1338           		bsr	System_Init				;  ''  Values
     147/     270 : 31FC 0000 F18A      		move.w	#SET_FIRSTSCRN,(RAM_ScreenMode).w	; Reset screen mode
     148/     276 : 6000 1C34           		bra.w	Md_ReadModes				; Go to SCREEN LOOP section
     149/     27A :                     
     150/     27A :                     ; ---------------------------------------------
     151/     27A :                     ; MD
     152/     27A :                     ; ---------------------------------------------
     163/     27A :                     
     164/     27A :                     ; ====================================================================
     165/     27A :                     ; --------------------------------------------------------
     166/     27A :                     ; SYSTEM routines
     167/     27A :                     ;
     168/     27A :                     ; MD/PICO:  Normal ROM locations
     169/     27A :                     ; 32X:      Loaded into RAM to prevent problems with SH2
     170/     27A :                     ; CD/CD32X: Loaded into RAM normally
     171/     27A :                     ; --------------------------------------------------------
     172/     27A :                     
     177/     27A :                     ; ---------------------------------------------
     178/     27A :                     
     179/     27A :                     		include	"sound/drv/gema_macros.asm"
(1)    1/     27A :                     ; ===========================================================================
(1)    2/     27A :                     ; ------------------------------------------------------------
(1)    3/     27A :                     ; GEMA MACROS
(1)    4/     27A :                     ;
(1)    5/     27A :                     ; Variables used:
(1)    6/     27A :                     ; PICO, MCD, MARS, MARSCD !@
(1)    7/     27A :                     ; ------------------------------------------------------------
(1)    8/     27A :                     
(1)    9/     27A :                     ; ----------------------------------------------------
(1)   10/     27A :                     ; gSmplData - Special include for .wav files,
(1)   11/     27A :                     ;
(1)   12/     27A :                     ; labl | Label for this sample
(1)   13/     27A :                     ; file | WAV file location
(1)   14/     27A :                     ; loop | Loop start point
(1)   15/     27A :                     ; ----------------------------------------------------
(1)   16/     27A :                     
(1)   17/     27A :                     gSmplData macro labl,file,loop
(1)   18/     27A :                     	if MARS|MARSCD		; <-- label align for 32X
(1)   19/     27A :                     		align 4
(1)   20/     27A :                     	endif
(1)   21/     27A :                     labl	label *
(1)   22/     27A :                     	dc.b ((labl_e-labl_s)&$FF),(((labl_e-labl_s)>>8)&$FF),(((labl_e-labl_s)>>16)&$FF)	; dc.b 1,2,3 Length
(1)   23/     27A :                     	dc.b ((loop)&$FF),(((loop)>>8)&$FF),(((loop)>>16)&$FF)					; dc.b 4,5,6 Start loop
(1)   24/     27A :                     labl_s:
(1)   25/     27A :                     	binclude file,$2C	; dc.b (data)
(1)   26/     27A :                     labl_e:
(1)   27/     27A :                     	if MARS|MARSCD		; <-- label align for 32X
(1)   28/     27A :                     		align 4
(1)   29/     27A :                     	endif
(1)   30/     27A :                     	endm
(1)   31/     27A :                     
(1)   32/     27A :                     ; ----------------------------------------------------
(1)   33/     27A :                     ; gSmplRaw - Special include for raw files
(1)   34/     27A :                     ;
(1)   35/     27A :                     ; labl | Label for this sample
(1)   36/     27A :                     ; file | RAW file location
(1)   37/     27A :                     ; loop | Loop start point
(1)   38/     27A :                     ; ----------------------------------------------------
(1)   39/     27A :                     
(1)   40/     27A :                     gSmplRaw macro labl,file,loop
(1)   41/     27A :                     	if MARS|MARSCD		; <-- label align for 32X
(1)   42/     27A :                     		align 4
(1)   43/     27A :                     	endif
(1)   44/     27A :                     labl	label *
(1)   45/     27A :                     	dc.b ((labl_e-labl_s)&$FF),(((labl_e-labl_s)>>8)&$FF),(((labl_e-labl_s)>>16)&$FF)	; dc.b 1,2,3 Length
(1)   46/     27A :                     	dc.b ((loop)&$FF),(((loop)>>8)&$FF),(((loop)>>16)&$FF)					; dc.b 4,5,6 Start loop
(1)   47/     27A :                     labl_s:
(1)   48/     27A :                     	binclude file		; dc.b (data)
(1)   49/     27A :                     labl_e:
(1)   50/     27A :                     	if MARS|MARSCD		; <-- label align for 32X
(1)   51/     27A :                     		align 4
(1)   52/     27A :                     	endif
(1)   53/     27A :                     	endm
(1)   54/     27A :                     
(1)   55/     27A :                     ; ----------------------------------------------------
(1)   56/     27A :                     ; gemaTrk - Sequence entry in the current master
(1)   57/     27A :                     ;           list
(1)   58/     27A :                     ;
(1)   59/     27A :                     ; enblt | Disable/Enable global beats on this Sequence:
(1)   60/     27A :                     ;         0 - Don't use beats
(1)   61/     27A :                     ;         1 - Use beats
(1)   62/     27A :                     ; ticks | Ticks (Default tempo: 150-NTSC 120-PAL)
(1)   63/     27A :                     ;   loc | Direct 24-bit location of the sequence data
(1)   64/     27A :                     ; ----------------------------------------------------
(1)   65/     27A :                     
(1)   66/     27A :                     gemaTrk macro enblt,ticks,loc
(1)   67/     27A :                     	dc.l ((enblt&$01)<<31)|((ticks&$7F)<<24)|(loc&$FFFFFF)
(1)   68/     27A :                     	endm
(1)   69/     27A :                     
(1)   70/     27A :                     ; ----------------------------------------------------
(1)   71/     27A :                     ; gemaHead - Sequence data header
(1)   72/     27A :                     ;
(1)   73/     27A :                     ; blk_data  | Block data pointer
(1)   74/     27A :                     ; patt_data | Pattern data pointer
(1)   75/     27A :                     ; ins_list  | instrument list pointer
(1)   76/     27A :                     ; num_chnls | Number of channels used in the seq
(1)   77/     27A :                     ;             If 0: Read ALL channels
(1)   78/     27A :                     ;                   (NOT recommended, UNSTABLE)
(1)   79/     27A :                     ;
(1)   80/     27A :                     ; Note:
(1)   81/     27A :                     ; Pointers are in 68k map area
(1)   82/     27A :                     ; ----------------------------------------------------
(1)   83/     27A :                     
(1)   84/     27A :                     gemaHead macro blk,pat,ins,num
(1)   85/     27A :                     	dc.w num
(1)   86/     27A :                     	dc.l blk
(1)   87/     27A :                     	dc.l pat
(1)   88/     27A :                     	dc.l ins
(1)   89/     27A :                     	endm
(1)   90/     27A :                     
(1)   91/     27A :                     ; ------------------------------------------------------------
(1)   92/     27A :                     ; Instrument macros, instrument_num-1
(1)   93/     27A :                     ; (ex. Instrument 1 is 0 here)
(1)   94/     27A :                     ;
(1)   95/     27A :                     ; Note:
(1)   96/     27A :                     ; UNUSED instruments MUST use gInsNull or
(1)   97/     27A :                     ; the Z80 gets unexpected results and probably crash.
(1)   98/     27A :                     ; ------------------------------------------------------------
(1)   99/     27A :                     
(1)  100/     27A :                     ; ----------------------------------------------------
(1)  101/     27A :                     ; gInsNull - Null instrument
(1)  102/     27A :                     ;
(1)  103/     27A :                     ; You MUST use this on unused instruments.
(1)  104/     27A :                     ; ----------------------------------------------------
(1)  105/     27A :                     
(1)  106/     27A :                     gInsNull macro
(1)  107/     27A :                     	dc.b $00,$00,$00,$00
(1)  108/     27A :                     	dc.b $00,$00,$00,$00
(1)  109/     27A :                     	endm
(1)  110/     27A :                     
(1)  111/     27A :                     ; ----------------------------------------------------
(1)  112/     27A :                     ; gInsPsg - PSG tone
(1)  113/     27A :                     ;
(1)  114/     27A :                     ; pitch | Pitch/Octave
(1)  115/     27A :                     ; alv   | Attack level
(1)  116/     27A :                     ; atk   | Attack rate
(1)  117/     27A :                     ; slv   | Sustain
(1)  118/     27A :                     ; dky   | Decay rate (up)
(1)  119/     27A :                     ; rrt   | Release rate (down)
(1)  120/     27A :                     ; vib   | Set to 0, reserved for vibrato
(1)  121/     27A :                     ; ----------------------------------------------------
(1)  122/     27A :                     
(1)  123/     27A :                     gInsPsg	macro pitch,alv,atk,slv,dky,rrt,vib
(1)  124/     27A :                     	dc.b $80,pitch,alv,atk
(1)  125/     27A :                     	dc.b slv,dky,rrt,vib
(1)  126/     27A :                     	endm
(1)  127/     27A :                     
(1)  128/     27A :                     ; ----------------------------------------------------
(1)  129/     27A :                     ; gInsPsg - PSG noise
(1)  130/     27A :                     ;
(1)  131/     27A :                     ; pitch | Pitch/Octave
(1)  132/     27A :                     ; alv   | Attack level
(1)  133/     27A :                     ; atk   | Attack rate
(1)  134/     27A :                     ; slv   | Sustain
(1)  135/     27A :                     ; dky   | Decay rate (up)
(1)  136/     27A :                     ; rrt   | Release rate (down)
(1)  137/     27A :                     ; vib   | Set to 0, reserved for vibrato
(1)  138/     27A :                     ; mode  | Noise mode: %tmm
(1)  139/     27A :                     ;         t - Bass(0)|Noise(1)
(1)  140/     27A :                     ;         m - Clock(00)|Clock/2(01)|Clock/4(10)|Tone3(11)
(1)  141/     27A :                     ;
(1)  142/     27A :                     ; Note:
(1)  143/     27A :                     ; Using Tone3 will turn OFF channel 3.
(1)  144/     27A :                     ; ----------------------------------------------------
(1)  145/     27A :                     
(1)  146/     27A :                     gInsPsgN macro pitch,alv,atk,slv,dky,rrt,vib,mode
(1)  147/     27A :                     	dc.b $90|mode,pitch,alv,atk
(1)  148/     27A :                     	dc.b slv,dky,rrt,vib
(1)  149/     27A :                     	endm
(1)  150/     27A :                     
(1)  151/     27A :                     ; ----------------------------------------------------
(1)  152/     27A :                     ; gInsFm - YM2612 FM normal instrument/patch
(1)  153/     27A :                     ;
(1)  154/     27A :                     ; pitch | Pitch/Octave
(1)  155/     27A :                     ; fmins | 24-bit pointer to FM patch data
(1)  156/     27A :                     ; ----------------------------------------------------
(1)  157/     27A :                     
(1)  158/     27A :                     gInsFm macro pitch,fmins
(1)  159/     27A :                     	dc.b $A0,pitch,((fmins>>16)&$FF),((fmins>>8)&$FF)
(1)  160/     27A :                     	dc.b fmins&$FF,$00,$00,$00
(1)  161/     27A :                     	endm
(1)  162/     27A :                     
(1)  163/     27A :                     ; ----------------------------------------------------
(1)  164/     27A :                     ; gInsFm - YM2612 FM special instrument/patch
(1)  165/     27A :                     ;
(1)  166/     27A :                     ; pitch | UNUSED, value ignored (set to 0)
(1)  167/     27A :                     ; fmins | 24-bit pointer to FM patch data
(1)  168/     27A :                     ; ----------------------------------------------------
(1)  169/     27A :                     
(1)  170/     27A :                     gInsFm3	macro pitch,fmins
(1)  171/     27A :                     	dc.b $B0,pitch,((fmins>>16)&$FF),((fmins>>8)&$FF)
(1)  172/     27A :                     	dc.b fmins&$FF,$00,$00,$00
(1)  173/     27A :                     	endm
(1)  174/     27A :                     
(1)  175/     27A :                     ; ----------------------------------------------------
(1)  176/     27A :                     ; gInsDac - DAC instrument
(1)  177/     27A :                     ;
(1)  178/     27A :                     ; pitch | Pitch/Octave
(1)  179/     27A :                     ; start | 24-bit pointer
(1)  180/     27A :                     ; flags | Flags: %0000000l
(1)  181/     27A :                     ;         | l - Enable loop: No(0)/Yes(1)
(1)  182/     27A :                     ; ----------------------------------------------------
(1)  183/     27A :                     
(1)  184/     27A :                     gInsDac	macro pitch,start,flags
(1)  185/     27A :                     	dc.b $C0|flags,pitch,((start>>16)&$FF),((start>>8)&$FF)
(1)  186/     27A :                     	dc.b start&$FF,0,0,0
(1)  187/     27A :                     	endm
(1)  188/     27A :                     
(1)  189/     27A :                     ; ----------------------------------------------------
(1)  190/     27A :                     ; gInsPcm - RF5C164 PCM Sample (SEGA CD)
(1)  191/     27A :                     ;
(1)  192/     27A :                     ; pitch | Pitch/Octave
(1)  193/     27A :                     ; start | 24-bit direct pointer to
(1)  194/     27A :                     ;         Sub-CPU's memory area.
(1)  195/     27A :                     ; flags | Flags: %0000000l
(1)  196/     27A :                     ;         | l - Enable loop: No(0)/Yes(1)
(1)  197/     27A :                     ; ----------------------------------------------------
(1)  198/     27A :                     
(1)  199/     27A :                     gInsPcm	macro pitch,start,flags
(1)  200/     27A :                      if MCD|MARSCD
(1)  201/     27A :                     	dc.b $D0|flags,pitch,((start>>16)&$FF),((start>>8)&$FF)
(1)  202/     27A :                     	dc.b start&$FF,0,0,0
(1)  203/     27A :                      else
(1)  204/     27A :                     	dc.b $00,$00,$00,$00
(1)  205/     27A :                     	dc.b $00,$00,$00,$00
(1)  206/     27A :                      endif
(1)  207/     27A :                     	endm
(1)  208/     27A :                     
(1)  209/     27A :                     ; ----------------------------------------------------
(1)  210/     27A :                     ; gInsPwm - PWM Sample (SEGA 32X)
(1)  211/     27A :                     ;
(1)  212/     27A :                     ; pitch | Pitch/Octave
(1)  213/     27A :                     ; start | 32-bit pointer to
(1)  214/     27A :                     ;         SH2's map view: CS1(ROM) or CS3(SDRAM)
(1)  215/     27A :                     ; flags | Flags: %000000sl
(1)  216/     27A :                     ;         | l - Enable loop: No(0)/Yes(1)
(1)  217/     27A :                     ;         | s - Sample data is in Stereo: No(0)/Yes(1)
(1)  218/     27A :                     ; ----------------------------------------------------
(1)  219/     27A :                     
(1)  220/     27A :                     gInsPwm	macro pitch,start,flags
(1)  221/     27A :                      if MARS|MARSCD
(1)  222/     27A :                     	dc.b $E0|flags,pitch,((start>>24)&$FF),((start>>16)&$FF)
(1)  223/     27A :                     	dc.b ((start>>8)&$FF),start&$FF,0,0
(1)  224/     27A :                      else
(1)  225/     27A :                     	dc.b $00,$00,$00,$00
(1)  226/     27A :                     	dc.b $00,$00,$00,$00
(1)  227/     27A :                      endif
(1)  228/     27A :                     	endm
(1)  229/     27A :                     	
(1)  230/     27A :                     ; ----------------------------------------------------
(1)  231/     27A :                     ; !@ gInsPco - Pico ADPCM instrument
(1)  232/     27A :                     ;
(1)  233/     27A :                     ; pitch | Pitch/Octave
(1)  234/     27A :                     ; start | 24-bit pointer
(1)  235/     27A :                     ; flags | Flags: %0000fffl
(1)  236/     27A :                     ;         | l - Enable loop: No(0)/Yes(1)
(1)  237/     27A :                     ;         | f - ADPCM filter bit select: 
(1)  238/     27A :                     ;				00 = ??
(1)  239/     27A :                     ;				01 = 6 kHz, 
(1)  240/     27A :                     ;				10 = 12 kHz,
(1)  241/     27A :                     ;				11 = 16 kHz, 
(1)  242/     27A :                     ; volume | volume: %00000vvv
(1)  243/     27A :                     ;         | v - Volume strength
(1)  244/     27A :                     ; ----------------------------------------------------
(1)  245/     27A :                     gInsPco	macro pitch,start,flags,volume
(1)  246/     27A :                      if PICO == 1
(1)  247/     27A :                     	dc.b $F0|flags,pitch,((start>>16)&$FF),((start>>8)&$FF)
(1)  248/     27A :                     	dc.b start&$FF,volume,0,0
(1)  249/     27A :                      else
(1)  250/     27A :                      	dc.b $00,$00,$00,$00
(1)  251/     27A :                     	dc.b $00,$00,$00,$00
(1)  252/     27A :                      endif
(1)  253/     27A :                     	endm
     180/     27A :                     		include	"sound/drv/gema.asm"
(1)    1/     27A :                     ; ===========================================================================
(1)    2/     27A :                     ; -------------------------------------------------------------------
(1)    3/     27A :                     ; GEMA/Nikona Sound Driver v1.0
(1)    4/     27A :                     ; by GenesisFan64 2023-2024
(1)    5/     27A :                     ; -------------------------------------------------------------------
(1)    6/     27A :                     
(1)    7/     27A :                     ; ====================================================================
(1)    8/     27A :                     ; --------------------------------------------------------
(1)    9/     27A :                     ; Variables
(1)   10/     27A :                     ; --------------------------------------------------------
(1)   11/     27A :                     
(1)   12/     27A :                     ; z80_cpu	equ $A00000			; Z80 CPU area
(1)   13/     27A :                     ; z80_bus 	equ $A11100			; only read bit 0 (bit 8 as WORD)
(1)   14/     27A :                     ; z80_reset	equ $A11200			; WRITE only: $0000 reset/$0100 cancel
(1)   15/     27A : =$1F60               zDrvFifo	equ $1F60;commZfifo		; FIFO command storage
(1)   16/     27A : =$1F80               zDrvFWrt	equ $1F80;commZWrite		; FIFO command index
(1)   17/     27A : =$1F81               zDrvRomBlk	equ $1F81;commZRomBlk		; ROM block flag
(1)   18/     27A : =$1F86               zDrvRamSrc	equ $1F82+4;cdRamSrcB		; !! RAM-read source+dest pointers
(1)   19/     27A : =$1F87               zDrvRamLen	equ $1F87;cdRamLen		; RAM-read length + flag
(1)   20/     27A : =$1F88               zDrvPalMode	equ $1F88;palMode		; PAL speed flag
(1)   21/     27A : =$1F89               zDrvMarsBlk	equ $1F89;marsBlock		; Flag to disable 32X's PWM
(1)   22/     27A : =$1F8A               zDrvMcdBlk	equ $1F8A;mcdBlock		; Flag to disable SegaCD's PCM
(1)   23/     27A : =$20                 zDrvMaxCmnd	equ $20;MAX_ZCMND		; Command fifo size
(1)   24/     27A :                     
(1)   25/     27A :                     ; ====================================================================
(1)   26/     27A :                     ; --------------------------------------------------------
(1)   27/     27A :                     ; Labels
(1)   28/     27A :                     ; --------------------------------------------------------
(1)   29/     27A :                     
(1)   30/     27A : =$FFFFFDFF           RAM_ZCdFlagD	equ RAM_ExReserved+$FF			; transferRom flag shared with Z80
(1)   31/     27A :                     
(1)   32/     27A :                     ; ====================================================================
(1)   33/     27A :                     ; --------------------------------------------------------
(1)   34/     27A :                     ; Initialize Sound
(1)   35/     27A :                     ; --------------------------------------------------------
(1)   36/     27A :                     
(1)   37/     27A :                     gemaInit:
(1)   38/     27A :                     	;!@
(1)   69/     27A :                     
(1)   70/     27A :                     ; ====================================================================
(1)   71/     27A :                     ; ----------------------------------------------------------------
(1)   72/     27A :                     ; gemaReset
(1)   73/     27A :                     ;
(1)   74/     27A :                     ; Reset ALL sound to defaults
(1)   75/     27A :                     ; ----------------------------------------------------------------
(1)   76/     27A :                     
(1)   77/     27A :                     gemaReset:
(1)   78/     27A : 6100 012C           		bsr	gemaStopAll
(1)   79/     27E : 41F8 4D90           		lea	(MainGemaSeqList),a0
(1)   80/     282 : 6100 00D0           		bsr	gemaSetMasterList
(1)   81/     286 : 7E08                		moveq	#8,d7				; Make sure it finishes.
(1)   82/     288 : 51CF FFFE           		dbf	d7,*
(1)   83/     28C : 4E75                		rts
(1)   84/     28E :                     
(1)   85/     28E :                     ; ====================================================================
(1)   86/     28E :                     ; ------------------------------------------------
(1)   87/     28E :                     ; sndLockZ80
(1)   88/     28E :                     ;
(1)   89/     28E :                     ; Stop Z80, unlocks bus
(1)   90/     28E :                     ; ------------------------------------------------
(1)   91/     28E :                     
(1)   92/     28E :                     sndLockZ80:
(1)   93/     28E :                     	;!@
(1)  100/     28E : 4E75                		rts
(1)  101/     290 :                     
(1)  102/     290 :                     ; ------------------------------------------------
(1)  103/     290 :                     ; sndUnlockZ80
(1)  104/     290 :                     ;
(1)  105/     290 :                     ; Resume Z80, locks bus
(1)  106/     290 :                     ; ------------------------------------------------
(1)  107/     290 :                     
(1)  108/     290 :                     sndUnlockZ80:
(1)  109/     290 :                     	;!@
(1)  113/     290 : 4E75                		rts
(1)  114/     292 :                     
(1)  115/     292 :                     ; ====================================================================
(1)  116/     292 :                     ; ----------------------------------------------------------------
(1)  117/     292 :                     ; gemaSendRam
(1)  118/     292 :                     ;
(1)  119/     292 :                     ; If you are reading data from 68000's RAM you MUST call
(1)  120/     292 :                     ; this a lot during display, commonly during the VBlank waiting
(1)  121/     292 :                     ; loop.
(1)  122/     292 :                     ;
(1)  123/     292 :                     ; This checks if the Z80 wants to read from RAM, then here
(1)  124/     292 :                     ; we manually write the bytes to the Z80
(1)  125/     292 :                     ;
(1)  126/     292 :                     ; SCD/CD32X:
(1)  127/     292 :                     ; - DAC samples are safe to read from WORD-RAM, but NOT
(1)  128/     292 :                     ;   when Stamps are being used, use PCM samples instead.
(1)  129/     292 :                     ; - Be careful when loading new data with gemaSetMasterList to
(1)  130/     292 :                     ;   WORD-RAM, make sure MAIN-CPU has the permission set.
(1)  131/     292 :                     ; ----------------------------------------------------------------
(1)  132/     292 :                     
(1)  133/     292 :                     gemaSendRam:
(1)  134/     292 : 4A38 FDFF           		tst.b	(RAM_ZCdFlagD).w		; Z80 WROTE the flag?
(1)  135/     296 : 674C                		beq.s	.no_task
(1)  136/     298 : 4238 FDFF           		clr.b	(RAM_ZCdFlagD).w		; Clear flag here
(1)  137/     29C : 48E7 070E           		movem.l	a4-a6/d5-d7,-(sp)
(1)  138/     2A0 : 61EC                		bsr	sndLockZ80
(1)  139/     2A2 : 7E00                		moveq	#0,d7
(1)  140/     2A4 : 1E39 00A0 1F87      		move.b	(z80_cpu+zDrvRamLen).l,d7	; Len == 0?
(1)  141/     2AA : 6732                		beq.s	.no_size			; Invalid size, do nothing
(1)  142/     2AC : 5347                		subq.w	#1,d7				; dbf -1
(1)  143/     2AE : 4DF9 00A0 1F87      		lea	(z80_cpu+(zDrvRamSrc+1)),a6	; a6 - SRC location and DST, backwards
(1)  144/     2B4 : 4BF9 00A0 0000      		lea	(z80_cpu),a5			; a5 - Z80 area
(1)  145/     2BA : 1C26                		move.b	-(a6),d6			; d6 - Source in 68K area
(1)  146/     2BC : 4846                		swap	d6
(1)  147/     2BE : 1C26                		move.b	-(a6),d6
(1)  148/     2C0 : E14E                		lsl.w	#8,d6
(1)  149/     2C2 : 1C26                		move.b	-(a6),d6
(1)  150/     2C4 : 7A00                		moveq	#0,d5
(1)  151/     2C6 : 1A26                		move.b	-(a6),d5			; d5 - Destination in Z80 area
(1)  152/     2C8 : E14D                		lsl.w	#8,d5
(1)  153/     2CA : 1A26                		move.b	-(a6),d5
(1)  154/     2CC : DBC5                		add.l	d5,a5				; Add base to destination
(1)  155/     2CE : 2846                		move.l	d6,a4
(1)  156/     2D0 :                     .copy_bytes:
(1)  157/     2D0 : 1ADC                		move.b	(a4)+,(a5)+
(1)  158/     2D2 : 51CF FFFC           		dbf	d7,.copy_bytes
(1)  159/     2D6 : 13FC 0000 00A0      		move.b	#0,(z80_cpu+zDrvRamLen).l	; clear LEN and Z80 resumes
              2DC : 1F87             
(1)  160/     2DE :                     .no_size:
(1)  161/     2DE : 61B0                		bsr	sndUnlockZ80
(1)  162/     2E0 : 4CDF 70E0           		movem.l	(sp)+,a4-a6/d5-d7
(1)  163/     2E4 :                     .no_task:
(1)  164/     2E4 : 4E75                		rts
(1)  165/     2E6 :                     
(1)  166/     2E6 :                     ; ====================================================================
(1)  167/     2E6 :                     ; ------------------------------------------------
(1)  168/     2E6 :                     ; 68K-to-Z80 sound request enter/exit routines
(1)  169/     2E6 :                     ; ------------------------------------------------
(1)  170/     2E6 :                     
(1)  171/     2E6 :                     sndReq_Enter:
(1)  172/     2E6 :                     	;!@
(1)  176/     2E6 : 9EFC 0004           		suba	#4,sp				; Extra jump return
(1)  177/     2EA : 48E7 0306           		movem.l	d6-d7/a5-a6,-(sp)		; Save these regs to the stack
(1)  178/     2EE : 40E7                		move.w	sr,-(sp)			; and sr too
(1)  179/     2F0 : 007C 0700           		ori.w	#$0700,sr			; Disable interrupts
(1)  180/     2F4 : DEFC 0016           		adda	#(4*4)+2+4,sp			; Go back to the RTS jump
(1)  181/     2F8 : 4BF9 00A0 1F80      		lea	(z80_cpu+zDrvFWrt).l,a5		; a5 - commZWrite
(1)  182/     2FE : 4DF9 00A0 1F60      		lea	(z80_cpu+zDrvFifo).l,a6		; a6 - fifo command list
(1)  183/     304 :                     .wait:
(1)  184/     304 :                     	;!@
(1)  189/     304 : 1C15                		move.b	(a5),d6				; d6 - index fifo position
(1)  190/     306 : 4886                		ext.w	d6				; extend to 16 bits
(1)  191/     308 : 4E75                		rts
(1)  192/     30A :                     ; JUMP ONLY
(1)  193/     30A :                     sndReq_Exit:
(1)  194/     30A :                     	;!@
(1)  198/     30A : 9EFC 001A           		suba	#8+2+(4*4),sp
(1)  199/     30E : 46DF                		move.w	(sp)+,sr
(1)  200/     310 : 4CDF 60C0           		movem.l	(sp)+,d6-d7/a5-a6		; And pop those back
(1)  201/     314 : DEFC 0008           		adda	#8,sp
(1)  202/     318 : 027C F8FF           		andi.w	#$F8FF,sr			; Enable interrupts
(1)  203/     31C : 4E75                		rts
(1)  204/     31E :                     
(1)  205/     31E :                     ; ------------------------------------------------
(1)  206/     31E :                     ; Send request id and arguments
(1)  207/     31E :                     ;
(1)  208/     31E :                     ; Input:
(1)  209/     31E :                     ; d7 - byte to write
(1)  210/     31E :                     ; d6 - index pointer
(1)  211/     31E :                     ; a5 - commZWrite, update index
(1)  212/     31E :                     ; a6 - commZfifo command list
(1)  213/     31E :                     ;
(1)  214/     31E :                     ; *** CALL sndReq_Enter FIRST ***
(1)  215/     31E :                     ; ------------------------------------------------
(1)  216/     31E :                     
(1)  217/     31E :                     sndReq_scmd:
(1)  218/     31E : 1DBC 00FF 6000      		move.b	#-1,(a6,d6.w)			; Command-start flag
(1)  219/     324 : 5206                		addq.b	#1,d6				; Next fifo position
(1)  220/     326 : 0206 001F           		andi.b	#zDrvMaxCmnd-1,d6
(1)  221/     32A : 600C                		bra.s	sndReq_sbyte
(1)  222/     32C :                     sndReq_slong:
(1)  223/     32C : 610A                		bsr	sndReq_sbyte
(1)  224/     32E : E09F                		ror.l	#8,d7
(1)  225/     330 :                     ; 24-bit address
(1)  226/     330 :                     sndReq_saddr:
(1)  227/     330 : 6106                		bsr	sndReq_sbyte
(1)  228/     332 : E09F                		ror.l	#8,d7
(1)  229/     334 :                     sndReq_sword:
(1)  230/     334 : 6102                		bsr	sndReq_sbyte
(1)  231/     336 : E09F                		ror.l	#8,d7
(1)  232/     338 :                     sndReq_sbyte:
(1)  233/     338 : 1D87 6000           		move.b	d7,(a6,d6.w)			; Write byte
(1)  234/     33C : 5206                		addq.b	#1,d6				; Next fifo pos
(1)  235/     33E : 0206 001F           		andi.b	#zDrvMaxCmnd-1,d6
(1)  236/     342 : 1A86                		move.b	d6,(a5)				; Update commZWrite
(1)  237/     344 : 4E75                		rts
(1)  238/     346 :                     
(1)  239/     346 :                     ; ====================================================================
(1)  240/     346 :                     ; ------------------------------------------------
(1)  241/     346 :                     ; USER calls area
(1)  242/     346 :                     ; ------------------------------------------------
(1)  243/     346 :                     
(1)  244/     346 :                     ; --------------------------------------------------------
(1)  245/     346 :                     ; gemaDmaPause
(1)  246/     346 :                     ;
(1)  247/     346 :                     ; Call this BEFORE doing any DMA transfer
(1)  248/     346 :                     ;
(1)  249/     346 :                     ; 32X: Set RV bit manually AFTER calling this.
(1)  250/     346 :                     ; --------------------------------------------------------
(1)  251/     346 :                     
(1)  252/     346 :                     gemaDmaPause:
(1)  253/     346 :                     	;!@
(1)  263/     346 : 4E75                		rts
(1)  264/     348 :                     
(1)  265/     348 :                     ; --------------------------------------------------------
(1)  266/     348 :                     ; gemaDmaResume
(1)  267/     348 :                     ;
(1)  268/     348 :                     ; Call this AFTER finishing DMA transfer
(1)  269/     348 :                     ;
(1)  270/     348 :                     ; 32X: Reset the RV bit manually BEFORE calling this.
(1)  271/     348 :                     ; --------------------------------------------------------
(1)  272/     348 :                     
(1)  273/     348 :                     gemaDmaResume:
(1)  274/     348 :                     	;!@
(1)  284/     348 : 4E75                		rts
(1)  285/     34A :                     
(1)  286/     34A :                     ; --------------------------------------------------------
(1)  287/     34A :                     ; gemaTest
(1)  288/     34A :                     ;
(1)  289/     34A :                     ; For TESTING only
(1)  290/     34A :                     ; --------------------------------------------------------
(1)  291/     34A :                     
(1)  292/     34A :                     gemaTest:
(1)  293/     34A : 619A                		bsr	sndReq_Enter
(1)  294/     34C : 3E3C 0000           		move.w	#$00,d7		; Command $00
(1)  295/     350 : 61CC                		bsr	sndReq_scmd
(1)  296/     352 : 60B6                		bra 	sndReq_Exit
(1)  297/     354 :                     
(1)  298/     354 :                     ; --------------------------------------------------------
(1)  299/     354 :                     ; gemaSetMasterList
(1)  300/     354 :                     ;
(1)  301/     354 :                     ; Sets the master sequence list
(1)  302/     354 :                     ;
(1)  303/     354 :                     ; Input:
(1)  304/     354 :                     ; a0 | 68k pointer
(1)  305/     354 :                     ;
(1)  306/     354 :                     ; Notes:
(1)  307/     354 :                     ; - ALL TRACKS MUST BE STOPPED, CALL gemaStopAll FIRST
(1)  308/     354 :                     ; with a separate delay
(1)  309/     354 :                     ; --------------------------------------------------------
(1)  310/     354 :                     
(1)  311/     354 :                     gemaSetMasterList:
(1)  312/     354 : 6190                		bsr	sndReq_Enter
(1)  313/     356 : 3E3C 0001           		move.w	#$01,d7		; Command $01
(1)  314/     35A : 61C2                		bsr	sndReq_scmd
(1)  315/     35C : 2E08                		move.l	a0,d7
(1)  316/     35E : 61CC                		bsr	sndReq_slong
(1)  317/     360 : 60A8                		bra 	sndReq_Exit
(1)  318/     362 :                     
(1)  319/     362 :                     ; --------------------------------------------------------
(1)  320/     362 :                     ; gemaPlaySeq
(1)  321/     362 :                     ;
(1)  322/     362 :                     ; Play a sequence
(1)  323/     362 :                     ;
(1)  324/     362 :                     ; Input:
(1)  325/     362 :                     ; d0.b | Sequence number
(1)  326/     362 :                     ; d1.b | Starting block
(1)  327/     362 :                     ; d2.b | Playback slot number: 0-2
(1)  328/     362 :                     ;        If set to -1:
(1)  329/     362 :                     ;        Auto-search free slot (same as gemaPlaySeqAuto)
(1)  330/     362 :                     ; --------------------------------------------------------
(1)  331/     362 :                     
(1)  332/     362 :                     gemaPlaySeq:
(1)  333/     362 : 6182                		bsr	sndReq_Enter
(1)  334/     364 : 3E3C 0002           		move.w	#$02,d7		; Command $02
(1)  335/     368 : 61B4                		bsr	sndReq_scmd
(1)  336/     36A : 1E00                		move.b	d0,d7		; d0.b Seq number
(1)  337/     36C : 61CA                		bsr	sndReq_sbyte
(1)  338/     36E : 1E01                		move.b	d1,d7		; d1.b Block <--
(1)  339/     370 : 61C6                		bsr	sndReq_sbyte
(1)  340/     372 : 1E02                		move.b	d2,d7		; d2.b Slot
(1)  341/     374 : 61C2                		bsr	sndReq_sbyte
(1)  342/     376 : 6092                		bra 	sndReq_Exit
(1)  343/     378 :                     
(1)  344/     378 :                     ; --------------------------------------------------------
(1)  345/     378 :                     ; gemaPlaySeqAuto
(1)  346/     378 :                     ;
(1)  347/     378 :                     ; Play a sequence into a free slot, if all get full
(1)  348/     378 :                     ; it will overwrite the last one.
(1)  349/     378 :                     ;
(1)  350/     378 :                     ; Input:
(1)  351/     378 :                     ; d0.b | Sequence number
(1)  352/     378 :                     ; d1.b | Starting block
(1)  353/     378 :                     ; --------------------------------------------------------
(1)  354/     378 :                     
(1)  355/     378 :                     gemaPlaySeqAuto:
(1)  356/     378 : 6100 FF6C           		bsr	sndReq_Enter
(1)  357/     37C : 3E3C 0002           		move.w	#$02,d7		; Command $02
(1)  358/     380 : 619C                		bsr	sndReq_scmd
(1)  359/     382 : 1E00                		move.b	d0,d7		; d0.b Seq number
(1)  360/     384 : 61B2                		bsr	sndReq_sbyte
(1)  361/     386 : 1E01                		move.b	d1,d7		; d1.b Block <--
(1)  362/     388 : 61AE                		bsr	sndReq_sbyte
(1)  363/     38A : 7EFF                		moveq	#-1,d7		; d2.b Slot
(1)  364/     38C : 61AA                		bsr	sndReq_sbyte
(1)  365/     38E : 6000 FF7A           		bra 	sndReq_Exit
(1)  366/     392 :                     
(1)  367/     392 :                     ; --------------------------------------------------------
(1)  368/     392 :                     ; gemaStopSeq
(1)  369/     392 :                     ;
(1)  370/     392 :                     ; Stops tracks with the same sequence number
(1)  371/     392 :                     ;
(1)  372/     392 :                     ; Input:
(1)  373/     392 :                     ; d0.b | Sequence number to search
(1)  374/     392 :                     ;        If -1: Stop all tracks with any sequence
(1)  375/     392 :                     ; d1.b | Playback slot number
(1)  376/     392 :                     ;        If -1: Stop all slots
(1)  377/     392 :                     ;
(1)  378/     392 :                     ; If both d0 and d1 are -1 it acts like gemaStopAll
(1)  379/     392 :                     ; --------------------------------------------------------
(1)  380/     392 :                     
(1)  381/     392 :                     gemaStopSeq:
(1)  382/     392 : 6100 FF52           		bsr	sndReq_Enter
(1)  383/     396 : 3E3C 0003           		move.w	#$03,d7		; Command $03
(1)  384/     39A : 6182                		bsr	sndReq_scmd
(1)  385/     39C : 1E00                		move.b	d0,d7		; d0.b Seq number
(1)  386/     39E : 6198                		bsr	sndReq_sbyte
(1)  387/     3A0 : 1E01                		move.b	d1,d7		; d1.b Slot
(1)  388/     3A2 : 6194                		bsr	sndReq_sbyte
(1)  389/     3A4 : 6000 FF64           		bra 	sndReq_Exit
(1)  390/     3A8 :                     
(1)  391/     3A8 :                     ; --------------------------------------------------------
(1)  392/     3A8 :                     ; gemaStopAll
(1)  393/     3A8 :                     ;
(1)  394/     3A8 :                     ; Stops ALL tracks, quick version of gemaStopTrack.
(1)  395/     3A8 :                     ; --------------------------------------------------------
(1)  396/     3A8 :                     
(1)  397/     3A8 :                     gemaStopAll:
(1)  398/     3A8 : 6100 FF3C           		bsr	sndReq_Enter
(1)  399/     3AC : 3E3C 0003           		move.w	#$03,d7		; Command $03
(1)  400/     3B0 : 6100 FF6C           		bsr	sndReq_scmd
(1)  401/     3B4 : 7EFF                		moveq	#-1,d7		; d0.b Seq number
(1)  402/     3B6 : 6180                		bsr	sndReq_sbyte
(1)  403/     3B8 : 7EFF                		moveq	#-1,d7		; d1.b Slot
(1)  404/     3BA : 6100 FF7C           		bsr	sndReq_sbyte
(1)  405/     3BE : 6000 FF4A           		bra 	sndReq_Exit
(1)  406/     3C2 :                     
(1)  407/     3C2 :                     ; --------------------------------------------------------
(1)  408/     3C2 :                     ; gemaFadeSeq
(1)  409/     3C2 :                     ;
(1)  410/     3C2 :                     ; Set Master volume to a track slot.
(1)  411/     3C2 :                     ;
(1)  412/     3C2 :                     ; Input:
(1)  413/     3C2 :                     ; d0.b | Target volume
(1)  414/     3C2 :                     ; d1.b | Playback slot number
(1)  415/     3C2 :                     ;        If -1: Apply to all slots
(1)  416/     3C2 :                     ;
(1)  417/     3C2 :                     ; Notes:
(1)  418/     3C2 :                     ; - DO NOT MIX THIS WITH gemaSetTrackVol
(1)  419/     3C2 :                     ; - v1.0: This only works on (re)start
(1)  420/     3C2 :                     ;   or during new notes on playback.
(1)  421/     3C2 :                     ; --------------------------------------------------------
(1)  422/     3C2 :                     
(1)  423/     3C2 :                     gemaFadeSeq:
(1)  424/     3C2 : 6100 FF22           		bsr	sndReq_Enter
(1)  425/     3C6 : 3E3C 0005           		move.w	#$05,d7		; Command $05
(1)  426/     3CA : 6100 FF52           		bsr	sndReq_scmd
(1)  427/     3CE : 1E00                		move.b	d0,d7		; d0.b Target volume
(1)  428/     3D0 : 6100 FF66           		bsr	sndReq_sbyte
(1)  429/     3D4 : 1E01                		move.b	d1,d7		; d1.b Slot
(1)  430/     3D6 : 6100 FF60           		bsr	sndReq_sbyte
(1)  431/     3DA : 6000 FF2E           		bra 	sndReq_Exit
(1)  432/     3DE :                     
(1)  433/     3DE :                     ; --------------------------------------------------------
(1)  434/     3DE :                     ; gemaSetSeqVol
(1)  435/     3DE :                     ;
(1)  436/     3DE :                     ; Set Master volume to a Seq slot.
(1)  437/     3DE :                     ;
(1)  438/     3DE :                     ; Input:
(1)  439/     3DE :                     ; d0.b | Master volume: $00-max $40-min
(1)  440/     3DE :                     ; d1.b | Playback slot number
(1)  441/     3DE :                     ;        If -1: Set to all slots
(1)  442/     3DE :                     ;
(1)  443/     3DE :                     ; Notes:
(1)  444/     3DE :                     ; - DO NOT MIX THIS WITH gemaFadeSeq
(1)  445/     3DE :                     ; - v1.0: This only works on (re)start
(1)  446/     3DE :                     ;   or during new notes on playback.
(1)  447/     3DE :                     ; --------------------------------------------------------
(1)  448/     3DE :                     
(1)  449/     3DE :                     gemaSetSeqVol:
(1)  450/     3DE : 6100 FF06           		bsr	sndReq_Enter
(1)  451/     3E2 : 3E3C 0006           		move.w	#$06,d7		; Command $06
(1)  452/     3E6 : 6100 FF36           		bsr	sndReq_scmd
(1)  453/     3EA : 1E00                		move.b	d0,d7		; d1.b Volume data <--
(1)  454/     3EC : 6100 FF4A           		bsr	sndReq_sbyte
(1)  455/     3F0 : 1E01                		move.b	d1,d7		; d0.b Slot
(1)  456/     3F2 : 6100 FF44           		bsr	sndReq_sbyte
(1)  457/     3F6 : 6000 FF12           		bra 	sndReq_Exit
(1)  458/     3FA :                     
(1)  459/     3FA :                     ; --------------------------------------------------------
(1)  460/     3FA :                     ; gemaSetBeats
(1)  461/     3FA :                     ;
(1)  462/     3FA :                     ; Set global sub-beats
(1)  463/     3FA :                     ;
(1)  464/     3FA :                     ; Input:
(1)  465/     3FA :                     ; d0.w | Sub-beats value
(1)  466/     3FA :                     ;
(1)  467/     3FA :                     ; Note:
(1)  468/     3FA :                     ; If the Z80 is running in PAL mode the number will
(1)  469/     3FA :                     ; change inside the Z80 to match the PAL's speed.
(1)  470/     3FA :                     ; --------------------------------------------------------
(1)  471/     3FA :                     
(1)  472/     3FA :                     gemaSetBeats:
(1)  473/     3FA : 6100 FEEA           		bsr	sndReq_Enter
(1)  474/     3FE : 3E3C 0007           		move.w	#$07,d7		; Command $07
(1)  475/     402 : 6100 FF1A           		bsr	sndReq_scmd
(1)  476/     406 : 3E00                		move.w	d0,d7		; d0.w Sub-beat value
(1)  477/     408 : 6100 FF2A           		bsr	sndReq_sword
(1)  478/     40C : 6000 FEFC           		bra 	sndReq_Exit
(1)  479/     410 :                     
     181/     410 :                     		include	"nikona/md/video.asm"
(1)    1/     410 :                     ; ===========================================================================
(1)    2/     410 :                     ; ----------------------------------------------------------------
(1)    3/     410 :                     ; Genesis VDP section
(1)    4/     410 :                     ; ----------------------------------------------------------------
(1)    5/     410 :                     
(1)    6/     410 :                     ; ====================================================================
(1)    7/     410 :                     ; --------------------------------------------------------
(1)    8/     410 :                     ; Settings
(1)    9/     410 :                     ; --------------------------------------------------------
(1)   10/     410 :                     
(1)   11/     410 : =$18                 MAX_MDDMATSK		equ 24		; DMA BLAST entries
(1)   12/     410 : =$18                 MAX_MDMAPSPR		equ 24		; VDP sprites with map data
(1)   13/     410 : =$8                  MAX_PALFDREQ		equ 8		; Maximum Pal-fading requests both VDP/SVDP, includes full fade
(1)   14/     410 :                     
(1)   15/     410 : =$7FE                SET_NullVram		equ $07FE	; Default Blank cell
(1)   16/     410 : =$480                SET_DefAutoDma		equ $0480	; Default VRAM location for automatic-DMA output
(1)   17/     410 : =$5A0                DEF_PrintVram		equ $05A0	; Default VRAM location of the PRINT text graphics
(1)   18/     410 : =$4E0                DEF_PrintVramW		equ $04E0
(1)   19/     410 : =$6000               DEF_PrintPal		equ $6000
(1)   20/     410 :                     
(1)   21/     410 : =$60                 DEF_MaxStampCOut	equ $60		; Maximum backup cells for the SCD Stamps
(1)   22/     410 :                     
(1)   23/     410 :                     ; ===================================================================
(1)   24/     410 :                     ; --------------------------------------------------------
(1)   25/     410 :                     ; Variables
(1)   26/     410 :                     ; --------------------------------------------------------
(1)   27/     410 :                     
(1)   28/     410 :                     ; VATTR_PAL0		equ $0000
(1)   29/     410 : =$800                VATTR_FLIPH		equ $0800
(1)   30/     410 : =$1000               VATTR_FLIPV		equ $1000
(1)   31/     410 : =$2000               VATTR_PAL1		equ $2000
(1)   32/     410 : =$4000               VATTR_PAL2		equ $4000
(1)   33/     410 : =$6000               VATTR_PAL3		equ $6000
(1)   34/     410 : =$8000               VATTR_HI		equ $8000
(1)   35/     410 :                     
(1)   36/     410 :                     ; ------------------------------------------------
(1)   37/     410 :                     ; Use these if you are not planning changing
(1)   38/     410 :                     ; the VRAM locations of the scrolling area(s)
(1)   39/     410 :                     ; ------------------------------------------------
(1)   40/     410 : =$C000               DEF_VRAM_FG		equ $C000
(1)   41/     410 : =$E000               DEF_VRAM_BG		equ $E000
(1)   42/     410 : =$D000               DEF_VRAM_WD		equ $D000
(1)   43/     410 : =$F800               DEF_VRAM_SPR		equ $F800
(1)   44/     410 : =$FC00               DEF_VRAM_HSCRL		equ $FC00
(1)   45/     410 :                     
(1)   46/     410 :                     ; ------------------------------------------------
(1)   47/     410 :                     ; H sizes for the current layer
(1)   48/     410 :                     ;
(1)   49/     410 :                     ; Note:
(1)   50/     410 :                     ; WINDOW's width changes between H32 and H40
(1)   51/     410 :                     ; resolution modes.
(1)   52/     410 :                     ; ------------------------------------------------
(1)   53/     410 : =$40                 DEF_HSIZE_32		equ $040
(1)   54/     410 : =$80                 DEF_HSIZE_64		equ $080	; Default
(1)   55/     410 : =$100                DEF_HSIZE_128		equ $100
(1)   56/     410 :                     
(1)   57/     410 :                     ; ------------------------------------------------
(1)   58/     410 :                     ; VDP registers
(1)   59/     410 :                     ; ------------------------------------------------
(1)   60/     410 :                     ; $80
(1)   61/     410 : =$2                  HVStop			equ $02
(1)   62/     410 : =$10                 HintEnbl		equ $10
(1)   63/     410 : =$1                  bitHVStop		equ 1
(1)   64/     410 : =$4                  bitHintEnbl		equ 4
(1)   65/     410 :                     ; $81
(1)   66/     410 : =$40                 DispEnbl 		equ $40
(1)   67/     410 : =$20                 VintEnbl 		equ $20
(1)   68/     410 : =$10                 DmaEnbl			equ $10
(1)   69/     410 : =$6                  bitDispEnbl		equ 6
(1)   70/     410 : =$5                  bitVintEnbl		equ 5
(1)   71/     410 : =$4                  bitDmaEnbl		equ 4
(1)   72/     410 : =$3                  bitV30			equ 3
(1)   73/     410 :                     
(1)   74/     410 :                     ; ------------------------------------------------
(1)   75/     410 :                     ; VDP VRAM bits
(1)   76/     410 :                     ; ------------------------------------------------
(1)   77/     410 :                     ; BYTE read:
(1)   78/     410 : =$7                  bitAttrPrio		equ 7
(1)   79/     410 : =$4                  bitAttrV		equ 4
(1)   80/     410 : =$3                  bitAttrH		equ 3
(1)   81/     410 :                     ; WORD read:
(1)   82/     410 : =$8000               AttrPrio		equ $8000
(1)   83/     410 : =$1000               AttrV			equ $1000
(1)   84/     410 : =$800                AttrH			equ $0800
(1)   85/     410 :                     
(1)   86/     410 :                     ; ------------------------------------------------
(1)   87/     410 :                     ; vdp_ctrl READ bits
(1)   88/     410 :                     ; Read as WORD
(1)   89/     410 :                     ; ------------------------------------------------
(1)   90/     410 : =$9                  bitFifoE		equ 9		; VDP DMA FIFO empty
(1)   91/     410 : =$8                  bitFifoF		equ 8		; VDP DMA FIFO full
(1)   92/     410 : =$7                  bitVInt			equ 7		; Vertical interrupt (NOT confused with bitVBlk)
(1)   93/     410 : =$6                  bitSprOvr		equ 6		; Sprite overflow
(1)   94/     410 : =$5                  bitSprCol		equ 5		; Sprite collision (leftover feature)
(1)   95/     410 : =$4                  bitOdd			equ 4		; EVEN or ODD frame displayed on interlace mode
(1)   96/     410 : =$3                  bitVBlk			equ 3		; Inside VBlank
(1)   97/     410 : =$2                  bitHBlk			equ 2		; Inside HBlank
(1)   98/     410 : =$1                  bitDma			equ 1		; DMA active bit, only works on FILL and COPY
(1)   99/     410 : =$0                  bitPal			equ 0		; VDP PAL-speed mode flag
(1)  100/     410 :                     
(1)  101/     410 :                     ; ====================================================================
(1)  102/     410 :                     ; ----------------------------------------------------------------
(1)  103/     410 :                     ; Structs
(1)  104/     410 :                     ; ----------------------------------------------------------------
(1)  105/     410 :                     
(1)  106/     410 :                     ; ------------------------------------------------
(1)  107/     410 :                     ; RAM_PalFadeList
(1)  108/       0 :                     palfd			struct
(1)  109/       0 :                     req			ds.b 1
(1)  110/       1 :                     delay			ds.b 1
(1)  111/       2 :                     start			ds.b 1
(1)  112/       3 :                     incr			ds.b 1
(1)  113/       4 :                     target			ds.b 1
(1)  114/       5 :                     timer			ds.b 1
(1)  115/       6 :                     num			ds.w 1
(1)  116/       8 :                     ; len			ds.l 0
(1)  117/     410 : =$8                  			endstruct
(1)  118/     410 :                     
(1)  119/     410 :                     ; ------------------------------------------------
(1)  120/     410 :                     ; RAM_MdMcd_Stamps
(1)  121/     410 :                     
(1)  122/       0 :                     mdstmp			struct
(1)  123/       0 :                     flags			ds.w 1		; Flags settings/status
(1)  124/       2 :                     vramMain		ds.w 1		; Main VRAM output *full*
(1)  125/       4 :                     vramSec			ds.w 1		; Secondary VRAM output *full*
(1)  126/       6 :                     vramSize		ds.w 1
(1)  127/       8 :                     vramLen			ds.w 1		; temporals
(1)  128/       A :                     vramIncr		ds.w 1		; ''
(1)  129/       C :                     stmpoutb		ds.w 1
(1)  130/       E :                     currOutFlip		ds.w 1
(1)  131/      10 :                     fdrop			ds.w 1
(1)  132/      12 :                     cellstorage		ds.l 1
(1)  133/      16 :                     dotIncr			ds.l 1
(1)  134/      1A :                     buffIncr		ds.l 1
(1)  135/      1E :                     ; len			ds.l 0
(1)  136/     410 : =$1E                 			endstruct
(1)  137/     410 :                     
(1)  138/     410 :                     ; ====================================================================
(1)  139/     410 :                     ; ----------------------------------------------------------------
(1)  140/     410 :                     ; RAM section
(1)  141/     410 :                     ; ----------------------------------------------------------------
(1)  142/     410 :                     ; Some 32X labels are in system/shared.asm
(1)  143/     410 :                     
(1)  144/     410 : (MACRO)              			memory RAM_MdVideo
(1)  144/     410 : =$410                GLBL_LASTPC     := *
(1)  144/     410 :                                     dephase
(1)  144/FFFFFFFFFFFFEA90 :                                     phase RAM_MDVIDEO
(1)  144/FFFFFFFFFFFFEA90 : =$FFFFFFFFFFFFEA90   GLBL_LASTORG    := *
(1)  145/FFFFFFFFFFFFEA90 :                     	; *** Variables cleared when changing screen modes ***
(1)  146/FFFFFFFFFFFFEA90 :                     RAM_PalFadeList		ds.b palfd_len*MAX_PALFDREQ	; Pal-fade request and buffers
(1)  147/FFFFFFFFFFFFEAD0 :                     RAM_SprMapList		ds.b $10*MAX_MDMAPSPR		; List of mapped-sprite data
(1)  148/FFFFFFFFFFFFEC50 :                     RAM_SprPzList		ds.b $08*80			; List of sprite pieces to build
(1)  149/FFFFFFFFFFFFEED0 :                     RAM_PaletteFade		ds.w 64				; Target MD palette for FadeIn/Out
(1)  150/FFFFFFFFFFFFEF50 :                     RAM_VdpDmaIndx		ds.w 1				; Current index in DMA BLAST list
(1)  151/FFFFFFFFFFFFEF52 :                     RAM_VdpDmaMod		ds.w 1				; Mid-write flag
(1)  152/FFFFFFFFFFFFEF54 :                     RAM_SprOffsetX		ds.w 1				; X spriteset position
(1)  153/FFFFFFFFFFFFEF56 :                     RAM_SprOffsetY		ds.w 1				; Y spriteset position
(1)  154/FFFFFFFFFFFFEF58 :                     RAM_MdVidClr_e		ds.l 0				; <-- END POINT for Video_Clear
(1)  155/FFFFFFFFFFFFEF5C :                     	; *** Variables kept when changing screen modes ***
(1)  156/FFFFFFFFFFFFEF5C :                     RAM_VdpDmaList		ds.b $10*MAX_MDDMATSK		; DMA BLAST list for VBlank
(1)  157/FFFFFFFFFFFFF0DC :                     RAM_FrameCount		ds.l 1				; Frame-counter
(1)  158/FFFFFFFFFFFFF0E0 :                     RAM_IndxPalFade		ds.w 1				; Current index in the pal-fade request list
(1)  159/FFFFFFFFFFFFF0E2 :                     RAM_SprLinkNum		ds.w 1				; Current link number for the sprite-building routines
(1)  160/FFFFFFFFFFFFF0E4 :                     RAM_VdpVramFG		ds.w 1				; Full VRAM location for FG
(1)  161/FFFFFFFFFFFFF0E6 :                     RAM_VdpVramBG		ds.w 1				; '' BG
(1)  162/FFFFFFFFFFFFF0E8 :                     RAM_VdpVramWD		ds.w 1				; '' Window
(1)  163/FFFFFFFFFFFFF0EA :                     RAM_VdpVramSpr		ds.w 1				; '' Sprites
(1)  164/FFFFFFFFFFFFF0EC :                     RAM_VdpVramHScrl	ds.w 1				; '' Horizontal scroll
(1)  165/FFFFFFFFFFFFF0EE :                     RAM_VdpMapSize		ds.w 1				; BG/FG Size
(1)  166/FFFFFFFFFFFFF0F0 :                     RAM_VdpRegSet0		ds.w 1				; * VDP Register $80
(1)  167/FFFFFFFFFFFFF0F2 :                     RAM_VdpRegSet1		ds.w 1				; * VDP Register $81
(1)  168/FFFFFFFFFFFFF0F4 :                     RAM_VdpRegSetB		ds.w 1				; * VDP Register $8B
(1)  169/FFFFFFFFFFFFF0F6 :                     RAM_VdpRegSetC		ds.w 1				; * VDP Register $8C
(1)  170/FFFFFFFFFFFFF0F8 :                     sizeof_mdvid		ds.l 0
(1)  171/FFFFFFFFFFFFF0FC : (MACRO)              			endmemory
(1)  171/     A7C :                     .here:          dephase
(1)  171/     A7C :                                     ds.b -(.here-GLBL_LASTORG)
(1)  171/     410 :                                     phase GLBL_LASTPC
(1)  172/     410 :                     
(1)  173/     410 :                     ; ====================================================================
(1)  174/     410 :                     ; ----------------------------------------------------------------
(1)  175/     410 :                     ; Video_Init
(1)  176/     410 :                     ;
(1)  177/     410 :                     ; Initialize Genesis video
(1)  178/     410 :                     ;
(1)  179/     410 :                     ; Uses:
(1)  180/     410 :                     ; d5-d7/a5-a6
(1)  181/     410 :                     ; ----------------------------------------------------------------
(1)  182/     410 :                     
(1)  183/     410 :                     Video_Init:
(1)  184/     410 : 4DF8 EA90           		lea	(RAM_MdVideo).w,a6			; Clear ALL Video RAM section
(1)  185/     414 : 7C00                		moveq	#0,d6
(1)  186/     416 : 3E3C 0667           		move.w	#(sizeof_mdvid-RAM_MdVideo)-1,d7
(1)  187/     41A :                     .clr_ram:
(1)  188/     41A : 1CC6                		move.b	d6,(a6)+
(1)  189/     41C : 51CF FFFC           		dbf	d7,.clr_ram
(1)  190/     420 : 4DF8 EF5C           		lea	(RAM_VdpDmaList).w,a6			; Write base DMA registers
(1)  191/     424 : 4BFA 005E           		lea	.dma_entry(pc),a5
(1)  192/     428 : 3E3C 0017           		move.w	#MAX_MDDMATSK-1,d7
(1)  193/     42C :                     .copy_dma:
(1)  194/     42C : 2CD5                		move.l	(a5),(a6)+
(1)  195/     42E : 2CED 0004           		move.l	4(a5),(a6)+
(1)  196/     432 : 2CED 0008           		move.l	8(a5),(a6)+
(1)  197/     436 : 2CED 000C           		move.l	$C(a5),(a6)+
(1)  198/     43A : 51CF FFF0           		dbf	d7,.copy_dma
(1)  199/     43E : 4DF8 EAD0           		lea	(RAM_SprMapList).w,a6			; Clear Sprite w/Map entries
(1)  200/     442 : 3E3C 0017           		move.w	#MAX_MDMAPSPR-1,d7
(1)  201/     446 :                     .clr_d:
(1)  202/     446 : 429E                		clr.l	(a6)+
(1)  203/     448 : 429E                		clr.l	(a6)+
(1)  204/     44A : 429E                		clr.l	(a6)+
(1)  205/     44C : 429E                		clr.l	(a6)+
(1)  206/     44E : 51CF FFF6           		dbf	d7,.clr_d
(1)  207/     452 : 4278 F0E0           		clr.w	(RAM_IndxPalFade).w			; Reset all VDP pal-fade requests
(1)  208/     456 : 4DF8 EA90           		lea	(RAM_PalFadeList).w,a6
(1)  209/     45A : 3E3C 0007           		move.w	#MAX_PALFDREQ-1,d7
(1)  210/     45E :                     .clr_preq:
(1)  211/     45E : 429E                		clr.l	(a6)+
(1)  212/     460 : 429E                		clr.l	(a6)+
(1)  213/     462 : 51CF FFFA           		dbf	d7,.clr_preq
(1)  223/     466 : 4CBA 000F 002A      		movem.w	.def_regset(pc),d0-d3			; Set default VDP regs $80,$81,$8B,$8C
(1)  224/     46C : 48B8 000F F0F0      		movem.w	d0-d3,(RAM_VdpRegSet0).w
(1)  225/     472 : 23F8 F0F0 00C0      		move.l	(RAM_VdpRegSet0).w,(vdp_ctrl).l		; Write VDP regs 80xx-81xx and 8Bxx-8Cxx
              478 : 0004             
(1)  226/     47A : 23F8 F0F4 00C0      		move.l	(RAM_VdpRegSetB).w,(vdp_ctrl).l
              480 : 0004             
(1)  227/     482 : 6018                		bra	Video_Default
(1)  228/     484 :                     
(1)  229/     484 :                     ; --------------------------------------------------------
(1)  230/     484 :                     ; DMA blast base entry
(1)  231/     484 :                     .dma_entry:
(1)  232/     484 : 9400 9300           		dc.w $9400,$9300			; Size
(1)  233/     488 : 9600 9500 9700      		dc.w $9600,$9500,$9700			; Source
(1)  234/     48E : 4000 0080           		dc.l $40000080 				; VDP write with DMA
(1)  235/     492 : 0000                		dc.w $0000				; Patch for the first 4 pixels (SCD/CD32X only)
(1)  236/     494 :                     		align 2
(1)  237/     494 :                     .def_regset:
(1)  238/     494 : 8004 8104 8B00      		dc.w $8004,$8104,$8B00,$8C00
              49A : 8C00             
(1)  239/     49C :                     		align 2
(1)  240/     49C :                     
(1)  241/     49C :                     ; --------------------------------------------------------
(1)  242/     49C :                     ; Video_Default
(1)  243/     49C :                     ;
(1)  244/     49C :                     ; Reset VDP settings to defaults
(1)  245/     49C :                     ; --------------------------------------------------------
(1)  246/     49C :                     
(1)  247/     49C :                     Video_Default:
(1)  248/     49C : 23FC 9100 9200      		move.l	#$91009200,(vdp_ctrl).l			; Clear WINDOW
              4A2 : 00C0 0004          
(1)  249/     4A6 : 33FC 8F02 00C0      		move.w	#$8F00|$02,(vdp_ctrl).l			; Default VDP increment $02
              4AC : 0004             
(1)  250/     4AE : 31FC C000 F0E4      		move.w	#DEF_VRAM_FG,(RAM_VdpVramFG).w
(1)  251/     4B4 : 31FC E000 F0E6      		move.w	#DEF_VRAM_BG,(RAM_VdpVramBG).w
(1)  252/     4BA : 31FC D000 F0E8      		move.w	#DEF_VRAM_WD,(RAM_VdpVramWD).w
(1)  253/     4C0 : 31FC F800 F0EA      		move.w	#DEF_VRAM_SPR,(RAM_VdpVramSpr).w
(1)  254/     4C6 : 31FC FC00 F0EC      		move.w	#DEF_VRAM_HSCRL,(RAM_VdpVramHScrl).w
(1)  255/     4CC : 6100 0446           		bsr	Video_UpdMapVram
(1)  256/     4D0 : 6100 0494           		bsr	Video_UpdSprHVram
(1)  257/     4D4 : 3F00                		move.w	d0,-(sp)
(1)  258/     4D6 : 303C 0001           		move.w	#%0001,d0				; Size H64 V32
(1)  259/     4DA : 6100 04C4           		bsr	Video_SetMapSize
(1)  260/     4DE : 303C 0001           		move.w	#%0001,d0				; Resolution 320x224
(1)  261/     4E2 : 6100 03E0           		bsr	Video_Resolution
(1)  262/     4E6 : 301F                		move.w	(sp)+,d0
(1)  263/     4E8 : 4E75                		rts
(1)  264/     4EA :                     
(1)  265/     4EA :                     ; ====================================================================
(1)  266/     4EA :                     ; --------------------------------------------------------
(1)  267/     4EA :                     ; Video_Render
(1)  268/     4EA :                     ;
(1)  269/     4EA :                     ; Processes VDP Sprites, H/V Scrolling, Palette
(1)  270/     4EA :                     ; and process the DMA BLAST list
(1)  271/     4EA :                     ;
(1)  272/     4EA :                     ; Uses:
(1)  273/     4EA :                     ; ALL
(1)  274/     4EA :                     ;
(1)  275/     4EA :                     ; Notes:
(1)  276/     4EA :                     ; VBlank ONLY, already called by System_Render
(1)  277/     4EA :                     ; --------------------------------------------------------
(1)  278/     4EA :                     
(1)  279/     4EA :                     Video_Render:
(1)  280/     4EA : 6100 0362           		bsr	Video_DmaOn
(1)  281/     4EE : 6100 1162           		bsr	System_DmaEnter_RAM
(1)  282/     4F2 : 4DF9 00C0 0004      		lea	(vdp_ctrl).l,a6
(1)  283/     4F8 : 3E38 F0EA           		move.w	(RAM_VdpVramSpr).w,d7
(1)  284/     4FC : 3A38 F0EC           		move.w	(RAM_VdpVramHScrl).w,d5
(1)  285/     500 : 3C07                		move.w	d7,d6
(1)  286/     502 : 0247 3FFF           		andi.w	#$3FFF,d7
(1)  287/     506 : 0047 4000           		ori.w	#$4000,d7
(1)  288/     50A : E55E                		rol.w	#2,d6
(1)  289/     50C : 0246 0003           		andi.w	#%11,d6
(1)  290/     510 : 8C7C 0080           		or.w	#$80,d6
(1)  291/     514 : 3805                		move.w	d5,d4
(1)  292/     516 : 0245 3FFF           		andi.w	#$3FFF,d5
(1)  293/     51A : 0045 4000           		ori.w	#$4000,d5
(1)  294/     51E : E55C                		rol.w	#2,d4
(1)  295/     520 : 0244 0003           		andi.w	#%11,d4
(1)  296/     524 : 887C 0080           		or.w	#$80,d4
(1)  297/     528 : 2CBC 9401 9340      		move.l	#$94019340,(a6)			; Size $280/2
(1)  298/     52E : 2CBC 96F2 9588      		move.l	#$96009500|(RAM_Sprites<<7&$FF0000)|(RAM_Sprites>>1&$FF),(a6)
(1)  299/     534 : 3CBC 977F           		move.w	#$9700|(RAM_Sprites>>17&$7F),(a6)
(1)  300/     538 : 3C87                		move.w	d7,(a6)
(1)  301/     53A : 3F06                		move.w	d6,-(sp)
(1)  302/     53C : 3C9F                		move.w	(sp)+,(a6)
(1)  303/     53E : 2CBC 9401 93E0      		move.l	#$940193E0,(a6)			; Size $3C0/2
(1)  304/     544 : 2CBC 96F0 9580      		move.l	#$96009500|(RAM_HorScroll<<7&$FF0000)|(RAM_HorScroll>>1&$FF),(a6)
(1)  305/     54A : 3CBC 977F           		move.w	#$9700|(RAM_HorScroll>>17&$7F),(a6)
(1)  306/     54E : 3C85                		move.w	d5,(a6)
(1)  307/     550 : 3F04                		move.w	d4,-(sp)
(1)  308/     552 : 3C9F                		move.w	(sp)+,(a6)
(1)  309/     554 : 2CBC 9400 9328      		move.l	#$94009328,(a6)
(1)  310/     55A : 2CBC 96F2 9560      		move.l	#$96009500|(RAM_VerScroll<<7&$FF0000)|(RAM_VerScroll>>1&$FF),(a6)
(1)  311/     560 : 3CBC 977F           		move.w	#$9700|(RAM_VerScroll>>17&$7F),(a6)
(1)  312/     564 : 3CBC 4000           		move.w	#$4000,(a6)
(1)  313/     568 : 3F3C 0090           		move.w	#$0010|$80,-(sp)
(1)  314/     56C : 3C9F                		move.w	(sp)+,(a6)
(1)  315/     56E : 2CBC 9400 9340      		move.l	#$94009340,(a6)
(1)  316/     574 : 2CBC 96F5 9508      		move.l	#$96009500|(RAM_Palette<<7&$FF0000)|(RAM_Palette>>1&$FF),(a6)
(1)  317/     57A : 3CBC 977F           		move.w	#$9700|(RAM_Palette>>17&$7F),(a6)
(1)  318/     57E : 3CBC C000           		move.w	#$C000,(a6)
(1)  319/     582 : 3F3C 0080           		move.w	#$0000|$80,-(sp)
(1)  320/     586 : 3C9F                		move.w	(sp)+,(a6)
(1)  321/     588 : 6100 10CC           		bsr	System_DmaExit_RAM
(1)  322/     58C : 6100 02CC           		bsr	Video_DmaOff
(1)  323/     590 :                     
(1)  324/     590 :                     ; --------------------------------------------------------
(1)  325/     590 :                     ; Struct:
(1)  326/     590 :                     ; dc.w $94xx,$93xx		; Size
(1)  327/     590 :                     ; dc.w $96xx,$95xx,$97xx	; Source
(1)  328/     590 :                     ; dc.l $4xxx008x 		; VDP destination with DMA bit
(1)  329/     590 :                     ; dc.w $xxxx			; SegaCD/CD32X only: Patch for the first 4 pixels
(1)  330/     590 : 4A78 EF52           		tst.w	(RAM_VdpDmaMod).w		; Got mid-write?
(1)  331/     594 : 6642                		bne.s	.exit
(1)  332/     596 : 4A78 EF50           		tst.w	(RAM_VdpDmaIndx).w		; Any requests?
(1)  333/     59A : 673C                		beq.s	.exit
(1)  334/     59C : 49F9 00C0 0004      		lea	(vdp_ctrl).l,a4			; a4 - vdp_ctrl
(1)  335/     5A2 : 47F8 EF5C           		lea	(RAM_VdpDmaList).w,a3		; a3 - Blast list
(1)  336/     5A6 : 3E38 F0F2           		move.w	(RAM_VdpRegSet1).w,d7		; DMA Enable + VDP Display OFF
(1)  337/     5AA : 08C7 0004           		bset	#bitDmaEnbl,d7
(1)  338/     5AE : 3887                		move.w	d7,(a4)
(1)  339/     5B0 : 6100 109A           		bsr	System_DmaEnter_ROM
(1)  340/     5B4 : 4A78 EF50           .next:		tst.w	(RAM_VdpDmaIndx).w
(1)  341/     5B8 : 6714                		beq.s	.end
(1)  342/     5BA : 289B                		move.l	(a3)+,(a4)			; Size
(1)  343/     5BC : 289B                		move.l	(a3)+,(a4)			; Source
(1)  344/     5BE : 389B                		move.w	(a3)+,(a4)
(1)  345/     5C0 :                     	; CD/CD32X
(1)  358/     5C0 : 389B                		move.w	(a3)+,(a4)			; Normal VDP control write
(1)  359/     5C2 : 389B                		move.w	(a3)+,(a4)			; *** CPU freezes ***
(1)  360/     5C4 : D6FC 0002           		adda	#2,a3
(1)  362/     5C8 : 5378 EF50           		subq.w	#1,(RAM_VdpDmaIndx).w
(1)  363/     5CC : 60E6                		bra.s	.next
(1)  364/     5CE :                     .end:
(1)  365/     5CE : 6100 1080           		bsr	System_DmaExit_ROM
(1)  366/     5D2 : 3E38 F0F2           		move.w	(RAM_VdpRegSet1).w,d7		; Restore VDP reg $81
(1)  367/     5D6 : 3887                		move.w	d7,(a4)
(1)  368/     5D8 :                     .exit:
(1)  369/     5D8 : 4E75                		rts
(1)  370/     5DA :                     
(1)  371/     5DA :                     ; ====================================================================
(1)  372/     5DA :                     ; --------------------------------------------------------
(1)  373/     5DA :                     ; Video_BuildSprites
(1)  374/     5DA :                     ;
(1)  375/     5DA :                     ; Build VDP Sprite pieces and maps, call before VBlank
(1)  376/     5DA :                     ; overwrites RAM_Sprites
(1)  377/     5DA :                     ;
(1)  378/     5DA :                     ; Uses:
(1)  379/     5DA :                     ; ALL
(1)  380/     5DA :                     ; --------------------------------------------------------
(1)  381/     5DA :                     
(1)  382/     5DA :                     Video_BuildSprites:
(1)  383/     5DA : 31FC 0001 F0E2      		move.w	#1,(RAM_SprLinkNum).w		; Reset SPRITE LINK number
(1)  384/     5E0 : 4DF8 E510           		lea	(RAM_Sprites).w,a6		; a6 - Genesis sprites
(1)  385/     5E4 : 3C38 F0E2           		move.w	(RAM_SprLinkNum).w,d6		; d6 - Starting sprite link
(1)  386/     5E8 : BC7C 0050           		cmp.w	#80,d6
(1)  387/     5EC : 6C00 017C           		bge	.stop_all
(1)  388/     5F0 : 3A06                		move.w	d6,d5
(1)  389/     5F2 : 5345                		subq.w	#1,d5
(1)  390/     5F4 : 6B04                		bmi	.first_spr
(1)  391/     5F6 : E74D                		lsl.w	#3,d5
(1)  392/     5F8 : DCC5                		adda	d5,a6
(1)  393/     5FA :                     .first_spr:
(1)  394/     5FA : 4BF8 EC50           		lea	(RAM_SprPzList).w,a5
(1)  395/     5FE : 3E3C 004F           		move.w	#80-1,d7			; Loop all pieces
(1)  396/     602 :                     .next_pz:
(1)  397/     602 : 0C46 0050           		cmpi.w	#80,d6
(1)  398/     606 : 6E00 0162           		bgt	.stop_all
(1)  399/     60A : 0815 0007           		btst	#7,(a5)
(1)  400/     60E : 6722                		beq	.no_slot_s
(1)  401/     610 : 3015                		move.w	(a5),d0				; This slot is used?
(1)  402/     612 : 3200                		move.w	d0,d1
(1)  403/     614 : 0241 3C00           		andi.w	#$3C00,d1
(1)  404/     618 : E449                		lsr.w	#2,d1
(1)  405/     61A : D246                		add.w	d6,d1
(1)  406/     61C : 342D 0004           		move.w	4(a5),d2
(1)  407/     620 : 362D 0002           		move.w	2(a5),d3
(1)  408/     624 : 0240 03FF           		andi.w	#$03FF,d0
(1)  409/     628 : 3CC0                		move.w	d0,(a6)+
(1)  410/     62A : 3CC1                		move.w	d1,(a6)+
(1)  411/     62C : 3CC2                		move.w	d2,(a6)+
(1)  412/     62E : 3CC3                		move.w	d3,(a6)+
(1)  413/     630 : 5246                		addq.w	#1,d6
(1)  414/     632 :                     .no_slot_s:
(1)  415/     632 : DAFC 0008           		adda	#$08,a5
(1)  416/     636 : 51CF FFCA           		dbf	d7,.next_pz
(1)  417/     63A : 4BF8 EAD0           		lea	(RAM_SprMapList).w,a5	; Sprite with map data
(1)  418/     63E : 3E3C 0017           		move.w	#MAX_MDMAPSPR-1,d7
(1)  419/     642 :                     .next:
(1)  420/     642 : 0815 0007           		btst	#7,(a5)
(1)  421/     646 : 6700 0118           		beq	.no_map
(1)  422/     64A : 2055                		move.l	(a5),a0
(1)  423/     64C : 4847                		swap	d7
(1)  424/     64E : 7000                		moveq	#0,d0
(1)  425/     650 : 302D 0004           		move.w	$04(a5),d0		; Read frame number
(1)  426/     654 : D040                		add.w	d0,d0
(1)  427/     656 : 3030 0000           		move.w	(a0,d0.w),d0
(1)  428/     65A : 41F0 0000           		lea	(a0,d0.w),a0
(1)  429/     65E : 3A18                		move.w	(a0)+,d5
(1)  430/     660 : 6700 00FE           		beq	.no_map
(1)  431/     664 : 5345                		subq.w	#1,d5
(1)  432/     666 :                     .mk_pz:
(1)  433/     666 : 0C46 0050           		cmpi.w	#80,d6
(1)  434/     66A : 6E00 00FE           		bgt	.stop_all
(1)  435/     66E : 4845                		swap	d5
(1)  436/     670 : 4846                		swap	d6
(1)  437/     672 : 1018                		move.b	(a0)+,d0		; d0 - Y pos
(1)  438/     674 : 1218                		move.b	(a0)+,d1		; d1 - Size
(1)  439/     676 : 3410                		move.w	(a0),d2			; d2 - VRAM main
(1)  440/     678 : 0838 0002 F0F7      		btst	#2,(RAM_VdpRegSetC+1).w
(1)  441/     67E : 6710                		beq.s	.ex_vram
(1)  442/     680 : 3801                		move.w	d1,d4
(1)  443/     682 : 0241 000C           		andi.w	#%1100,d1
(1)  444/     686 : 0244 0003           		andi.w	#%0011,d4
(1)  445/     68A : E24C                		lsr.w	#1,d4
(1)  446/     68C : 8244                		or.w	d4,d1
(1)  447/     68E : E24A                		lsr.w	#1,d2
(1)  448/     690 :                     .ex_vram:
(1)  449/     690 : D0FC 0004           		adda	#4,a0			; <-- Reserved for VRAM double-interlace
(1)  450/     694 : 3618                		move.w	(a0)+,d3		; d3 - X pos
(1)  451/     696 : 4880                		ext.w	d0
(1)  452/     698 : 3A2D 0006           		move.w	$06(a5),d5		; Read VRAM
(1)  453/     69C : 3805                		move.w	d5,d4
(1)  454/     69E : 0838 0002 F0F7      		btst	#2,(RAM_VdpRegSetC+1).w
(1)  455/     6A4 : 670E                		beq.s	.ex_vrams
(1)  456/     6A6 : 3805                		move.w	d5,d4
(1)  457/     6A8 : 0244 F800           		andi.w	#$F800,d4
(1)  458/     6AC : 0245 07FF           		andi.w	#$07FF,d5
(1)  459/     6B0 : E24D                		lsr.w	#1,d5
(1)  460/     6B2 : 8A44                		or.w	d4,d5
(1)  461/     6B4 :                     .ex_vrams:
(1)  462/     6B4 : 3805                		move.w	d5,d4
(1)  463/     6B6 : 0244 1000           		andi.w	#$1000,d4
(1)  464/     6BA : 6710                		beq.s	.vram_v
(1)  465/     6BC : 4440                		neg.w	d0
(1)  466/     6BE : 0440 0008           		subi.w	#8,d0
(1)  467/     6C2 : 3C01                		move.w	d1,d6
(1)  468/     6C4 : 0246 0003           		andi.w	#%0011,d6
(1)  469/     6C8 : E74E                		lsl.w	#3,d6
(1)  470/     6CA : 9046                		sub.w	d6,d0
(1)  471/     6CC :                     .vram_v:
(1)  472/     6CC : 3805                		move.w	d5,d4
(1)  473/     6CE : 0244 0800           		andi.w	#$0800,d4
(1)  474/     6D2 : 6710                		beq.s	.vram_h
(1)  475/     6D4 : 4443                		neg.w	d3
(1)  476/     6D6 : 0443 0008           		subi.w	#8,d3
(1)  477/     6DA : 3C01                		move.w	d1,d6
(1)  478/     6DC : 0246 000C           		andi.w	#%1100,d6
(1)  479/     6E0 : DC46                		add.w	d6,d6
(1)  480/     6E2 : 9646                		sub.w	d6,d3
(1)  481/     6E4 :                     .vram_h:
(1)  482/     6E4 : D445                		add.w	d5,d2
(1)  483/     6E6 : 4845                		swap	d5
(1)  484/     6E8 : 4846                		swap	d6
(1)  485/     6EA : D06D 000A           		add.w	$0A(a5),d0		; Add Y pos
(1)  486/     6EE : D66D 0008           		add.w	$08(a5),d3		; Add X pos
(1)  487/     6F2 : D078 EF56           		add.w	(RAM_SprOffsetY).w,d0
(1)  488/     6F6 : 9678 EF54           		sub.w	(RAM_SprOffsetX).w,d3
(1)  489/     6FA : B67C 0140           		cmp.w	#320,d3			; X/Y wrap
(1)  490/     6FE : 6C5C                		bge.s	.no_pz
(1)  491/     700 : 3801                		move.w	d1,d4
(1)  492/     702 : 0244 000C           		andi.w	#%1100,d4
(1)  493/     706 : D844                		add.w	d4,d4
(1)  494/     708 : D87C 0008           		add.w	#8,d4
(1)  495/     70C : 3E03                		move.w	d3,d7
(1)  496/     70E : DE44                		add.w	d4,d7
(1)  497/     710 : 6B4A                		bmi.s	.no_pz
(1)  498/     712 : 383C 00F0           		move.w	#240,d4
(1)  499/     716 : 0838 0002 F0F7      		btst	#2,(RAM_VdpRegSetC+1).w
(1)  500/     71C : 6702                		beq.s	.ex_yext
(1)  501/     71E : D844                		add.w	d4,d4
(1)  502/     720 :                     .ex_yext:
(1)  503/     720 : B044                		cmp.w	d4,d0
(1)  504/     722 : 6C38                		bge.s	.no_pz
(1)  505/     724 : 3801                		move.w	d1,d4
(1)  506/     726 : 0244 0003           		andi.w	#%0011,d4
(1)  507/     72A : E74C                		lsl.w	#3,d4
(1)  508/     72C : D87C 0008           		add.w	#8,d4
(1)  509/     730 : 3E00                		move.w	d0,d7
(1)  510/     732 : DE44                		add.w	d4,d7
(1)  511/     734 : 6B26                		bmi.s	.no_pz
(1)  512/     736 : E149                		lsl.w	#8,d1			; Size + Link
(1)  513/     738 : 8246                		or.w	d6,d1
(1)  514/     73A : 0640 0080           		addi.w	#$80,d0
(1)  515/     73E : 3838 F0F6           		move.w	(RAM_VdpRegSetC).w,d4
(1)  516/     742 : 0804 0002           		btst	#2,d4
(1)  517/     746 : 6704                		beq.s	.dont_add
(1)  518/     748 : 0640 0080           		addi.w	#$80,d0
(1)  519/     74C :                     .dont_add:
(1)  520/     74C : 0643 0080           		addi.w	#$80,d3
(1)  521/     750 : 3CC0                		move.w	d0,(a6)+
(1)  522/     752 : 3CC1                		move.w	d1,(a6)+
(1)  523/     754 : 3CC2                		move.w	d2,(a6)+
(1)  524/     756 : 3CC3                		move.w	d3,(a6)+
(1)  525/     758 : DC7C 0001           		add.w	#1,d6
(1)  526/     75C :                     .no_pz:
(1)  527/     75C : 51CD FF08           		dbf	d5,.mk_pz
(1)  528/     760 :                     .no_map:
(1)  529/     760 : DAFC 0010           		adda	#$10,a5
(1)  530/     764 : 4847                		swap	d7
(1)  531/     766 :                     .no_slot:
(1)  532/     766 : 51CF FEDA           		dbf	d7,.next
(1)  533/     76A :                     .stop_all:
(1)  534/     76A : 614A                		bsr	vid_CheckLastSpr
(1)  535/     76C : 31C6 F0E2           		move.w	d6,(RAM_SprLinkNum).w
(1)  536/     770 :                     	; Reset slots
(1)  537/     770 : 4DF8 EC50           		lea	(RAM_SprPzList).w,a6
(1)  538/     774 : 7E4F                		moveq	#80-1,d7
(1)  539/     776 : 7C08                		moveq	#$08,d6
(1)  540/     778 :                     .chk_spr_r:
(1)  541/     778 : 1A16                		move.b	(a6),d5
(1)  542/     77A : 0805 0007           		btst	#7,d5
(1)  543/     77E : 670C                		beq.s	.no_slot_r
(1)  544/     780 : 0805 0006           		btst	#6,d5
(1)  545/     784 : 6706                		beq.s	.no_slot_r
(1)  546/     786 : 4296                		clr.l	(a6)
(1)  547/     788 : 42AE 0004           		clr.l	4(a6)
(1)  548/     78C :                     .no_slot_r:
(1)  549/     78C : DCC6                		adda	d6,a6
(1)  550/     78E : 51CF FFE8           		dbf	d7,.chk_spr_r
(1)  551/     792 : 4DF8 EAD0           		lea	(RAM_SprMapList).w,a6
(1)  552/     796 : 7E17                		moveq	#MAX_MDMAPSPR-1,d7
(1)  553/     798 : 7C10                		moveq	#$10,d6
(1)  554/     79A :                     .chk_spr_mr:
(1)  555/     79A : 1A16                		move.b	(a6),d5
(1)  556/     79C : 0805 0007           		btst	#7,d5
(1)  557/     7A0 : 670C                		beq.s	.no_slot_mr
(1)  558/     7A2 : 0805 0006           		btst	#6,d5
(1)  559/     7A6 : 6706                		beq.s	.no_slot_mr
(1)  560/     7A8 : 4296                		clr.l	(a6)
(1)  561/     7AA : 42AE 0004           		clr.l	4(a6)
(1)  562/     7AE :                     .no_slot_mr:
(1)  563/     7AE : DCC6                		adda	d6,a6
(1)  564/     7B0 : 51CF FFE8           		dbf	d7,.chk_spr_mr
(1)  565/     7B4 : 4E75                		rts
(1)  566/     7B6 :                     
(1)  567/     7B6 :                     ; --------------------------------------------------------
(1)  568/     7B6 :                     ; d6 - Current link
(1)  569/     7B6 :                     vid_CheckLastSpr:
(1)  570/     7B6 : 4DF8 E510           		lea	(RAM_Sprites).w,a6	; Check last sprite piece
(1)  571/     7BA : 0C46 0001           		cmpi.w	#1,d6
(1)  572/     7BE : 6710                		beq.s	.blnk_first
(1)  573/     7C0 : 0C46 0050           		cmpi.w	#80,d6
(1)  574/     7C4 : 6E10                		bgt.s	.last_one
(1)  575/     7C6 : 3E06                		move.w	d6,d7
(1)  576/     7C8 : 0447 0001           		subi.w	#1,d7
(1)  577/     7CC : E74F                		lsl.w	#3,d7
(1)  578/     7CE : DCC7                		adda	d7,a6
(1)  579/     7D0 :                     .blnk_first:
(1)  580/     7D0 : 429E                		clr.l	(a6)+
(1)  581/     7D2 : 429E                		clr.l	(a6)+
(1)  582/     7D4 : 6010                		bra.s	.spr_exit
(1)  583/     7D6 :                     .last_one:
(1)  584/     7D6 : DCFC 0278           		adda	#79*8,a6		; Go to last sprite
(1)  585/     7DA : 3E2E 0002           		move.w	2(a6),d7		; Set last link to 0
(1)  586/     7DE : 0247 0F00           		andi.w	#$0F00,d7
(1)  587/     7E2 : 3D47 0002           		move.w	d7,2(a6)
(1)  588/     7E6 :                     .spr_exit:
(1)  589/     7E6 : 4E75                		rts
(1)  590/     7E8 :                     
(1)  591/     7E8 :                     ; ====================================================================
(1)  592/     7E8 :                     ; --------------------------------------------------------
(1)  593/     7E8 :                     ; Subroutines
(1)  594/     7E8 :                     ; --------------------------------------------------------
(1)  595/     7E8 :                     
(1)  596/     7E8 :                     ; --------------------------------------------------------
(1)  597/     7E8 :                     ; Video_Clear
(1)  598/     7E8 :                     ;
(1)  599/     7E8 :                     ; Clears ALL VDP VRAM and other RAM sections
(1)  600/     7E8 :                     ;
(1)  601/     7E8 :                     ; Breaks:
(1)  602/     7E8 :                     ; ALL
(1)  603/     7E8 :                     ; --------------------------------------------------------
(1)  604/     7E8 :                     
(1)  605/     7E8 :                     Video_Clear:
(1)  614/     7E8 : 7C00                		moveq	#0,d6
(1)  615/     7EA : 4DF8 EA90           		lea	(RAM_MdVideo).w,a6			; Clear half of Video RAM section
(1)  616/     7EE : 3E3C 04C7           		move.w	#(RAM_MdVidClr_e-RAM_MdVideo)-1,d7
(1)  617/     7F2 :                     .clr_me:
(1)  618/     7F2 : 1CC6                		move.b	d6,(a6)+
(1)  619/     7F4 : 51CF FFFC           		dbf	d7,.clr_me
(1)  620/     7F8 : 303C 0000           		move.w	#0,d0
(1)  621/     7FC : 323C 0000           		move.w	#0,d1
(1)  622/     800 : 343C FFC0           		move.w	#cell_num($7FE),d2
(1)  623/     804 : 6100 0300           		bsr	Video_Fill
(1)  624/     808 :                     
(1)  625/     808 :                     ; --------------------------------------------------------
(1)  626/     808 :                     ; Video_ClearScreen
(1)  627/     808 :                     ;
(1)  628/     808 :                     ; Clears ALL 3 map layers entirely
(1)  629/     808 :                     ;
(1)  630/     808 :                     ; Uses:
(1)  631/     808 :                     ; ALL
(1)  632/     808 :                     ; --------------------------------------------------------
(1)  633/     808 :                     
(1)  634/     808 :                     Video_ClearScreen:
(1)  635/     808 : 7000                		moveq	#0,d0
(1)  636/     80A : 3238 F0E4           		move.w	(RAM_VdpVramFG).w,d1
(1)  637/     80E : 3438 F0EE           		move.w	(RAM_VdpMapSize).w,d2	; FG/BG size
(1)  638/     812 : 6100 02F2           		bsr	Video_Fill
(1)  639/     816 : 3238 F0E6           		move.w	(RAM_VdpVramBG).w,d1
(1)  640/     81A : 6100 02EA           		bsr	Video_Fill
(1)  641/     81E : 343C 0800           		move.w	#$800,d2		; WD Size
(1)  642/     822 : 3E38 F0F6           		move.w	(RAM_VdpRegSetC).w,d7	; Current $8Cxx
(1)  643/     826 : 0247 0081           		andi.w	#%10000001,d7		; Check if we are in H40
(1)  644/     82A : 6702                		beq.s	.not_small
(1)  645/     82C : D442                		add.w	d2,d2			; Size $1000
(1)  646/     82E :                     .not_small:
(1)  647/     82E : 3238 F0E8           		move.w	(RAM_VdpVramWD).w,d1
(1)  648/     832 : 6000 02D2           		bra	Video_Fill
(1)  649/     836 :                     
(1)  650/     836 :                     ; --------------------------------------------------------
(1)  651/     836 :                     ; Video_DisplayOn, Video_DisplayOff
(1)  652/     836 :                     ;
(1)  653/     836 :                     ; Enable or Disable VDP Display
(1)  654/     836 :                     ; --------------------------------------------------------
(1)  655/     836 :                     
(1)  656/     836 :                     Video_DisplayOn:
(1)  657/     836 : 3F07                		move.w	d7,-(sp)
(1)  658/     838 : 3E38 F0F2           		move.w	(RAM_VdpRegSet1).w,d7
(1)  659/     83C : 08C7 0006           		bset	#bitDispEnbl,d7
(1)  660/     840 : 6022                		bra.s	vid_WrtReg01
(1)  661/     842 :                     Video_DisplayOff:
(1)  662/     842 : 3F07                		move.w	d7,-(sp)
(1)  663/     844 : 3E38 F0F2           		move.w	(RAM_VdpRegSet1).w,d7
(1)  664/     848 : 0887 0006           		bclr	#bitDispEnbl,d7
(1)  665/     84C : 6016                		bra.s	vid_WrtReg01
(1)  666/     84E :                     
(1)  667/     84E :                     ; --------------------------------------------------------
(1)  668/     84E :                     ; Video_DmaOn, Video_DmaOff
(1)  669/     84E :                     ;
(1)  670/     84E :                     ; Enable or Disable DMA
(1)  671/     84E :                     ;
(1)  672/     84E :                     ; Note:
(1)  673/     84E :                     ; Various routines that use DMA already call these
(1)  674/     84E :                     ; --------------------------------------------------------
(1)  675/     84E :                     
(1)  676/     84E :                     Video_DmaOn:
(1)  677/     84E : 3F07                		move.w	d7,-(sp)
(1)  678/     850 : 3E38 F0F2           		move.w	(RAM_VdpRegSet1).w,d7
(1)  679/     854 : 08C7 0004           		bset	#bitDmaEnbl,d7
(1)  680/     858 : 600A                		bra.s	vid_WrtReg01
(1)  681/     85A :                     Video_DmaOff:
(1)  682/     85A : 3F07                		move.w	d7,-(sp)
(1)  683/     85C : 3E38 F0F2           		move.w	(RAM_VdpRegSet1).w,d7
(1)  684/     860 : 0887 0004           		bclr	#bitDmaEnbl,d7
(1)  685/     864 :                     
(1)  686/     864 :                     ; ------------------------------------------------
(1)  687/     864 :                     
(1)  688/     864 :                     vid_WrtReg01:
(1)  689/     864 : 33C7 00C0 0004      		move.w	d7,(vdp_ctrl).l
(1)  690/     86A : 31C7 F0F2           		move.w	d7,(RAM_VdpRegSet1).w
(1)  691/     86E : 3E1F                		move.w	(sp)+,d7
(1)  692/     870 : 4E75                		rts
(1)  693/     872 :                     
(1)  694/     872 :                     ; --------------------------------------------------------
(1)  695/     872 :                     ; Video_IntEnable
(1)  696/     872 :                     ;
(1)  697/     872 :                     ; Enable or Disable VBlank, HBlank and
(1)  698/     872 :                     ; External interrupts.
(1)  699/     872 :                     ;
(1)  700/     872 :                     ; This is for Enabling and Disabling interrupts generated
(1)  701/     872 :                     ; by the VDP, to set your interrupt locations
(1)  702/     872 :                     ; use System_SetIntJumps
(1)  703/     872 :                     ;
(1)  704/     872 :                     ; Input:
(1)  705/     872 :                     ; d0.b | Enable these interrupts:
(1)  706/     872 :                     ;      | %00000ehv
(1)  707/     872 :                     ;      |     e: External
(1)  708/     872 :                     ;      |     h: HBlank
(1)  709/     872 :                     ;      |     v: VBlank
(1)  710/     872 :                     ; --------------------------------------------------------
(1)  711/     872 :                     
(1)  712/     872 :                     Video_IntEnable:
(1)  713/     872 : 48A7 0300           		movem.w	d6-d7,-(sp)
(1)  714/     876 : 3E38 F0F2           		move.w	(RAM_VdpRegSet1).w,d7
(1)  715/     87A : 3C00                		move.w	d0,d6
(1)  716/     87C : 0246 0001           		andi.w	#1,d6			; %--V
(1)  717/     880 : EB4E                		lsl.w	#5,d6
(1)  718/     882 : 8E46                		or.w	d6,d7
(1)  719/     884 : 31C7 F0F2           		move.w	d7,(RAM_VdpRegSet1).w
(1)  720/     888 : 33C7 00C0 0004      		move.w	d7,(vdp_ctrl).l
(1)  721/     88E : 3E38 F0F0           		move.w	(RAM_VdpRegSet0).w,d7
(1)  722/     892 : 3C00                		move.w	d0,d6
(1)  723/     894 : 0246 0002           		andi.w	#%10,d6			; %-H-
(1)  724/     898 : E74E                		lsl.w	#3,d6
(1)  725/     89A : 8E46                		or.w	d6,d7
(1)  726/     89C : 31C7 F0F0           		move.w	d7,(RAM_VdpRegSet0).w
(1)  727/     8A0 : 33C7 00C0 0004      		move.w	d7,(vdp_ctrl).l
(1)  728/     8A6 : 3E38 F0F4           		move.w	(RAM_VdpRegSetB).w,d7
(1)  729/     8AA : 3C00                		move.w	d0,d6			; %E--
(1)  730/     8AC : 0246 0004           		andi.w	#%100,d6
(1)  731/     8B0 : DC46                		add.w	d6,d6
(1)  732/     8B2 : 8E46                		or.w	d6,d7
(1)  733/     8B4 : 31C7 F0F4           		move.w	d7,(RAM_VdpRegSetB).w
(1)  734/     8B8 : 33C7 00C0 0004      		move.w	d7,(vdp_ctrl).l
(1)  735/     8BE : 4C9F 00C0           		movem.w	(sp)+,d6-d7
(1)  736/     8C2 : 4E75                		rts
(1)  737/     8C4 :                     
(1)  738/     8C4 :                     ; --------------------------------------------------------
(1)  739/     8C4 :                     ; Video_Resolution
(1)  740/     8C4 :                     ;
(1)  741/     8C4 :                     ; Set VDP Video resolution
(1)  742/     8C4 :                     ;
(1)  743/     8C4 :                     ; Input:
(1)  744/     8C4 :                     ; d0.b | Vertical and Horizontal modes:
(1)  745/     8C4 :                     ;      | %0000iivh
(1)  746/     8C4 :                     ;      |     h: Horizontal 256/320
(1)  747/     8C4 :                     ;      |     v: Vertical 224/240 (PAL ONLY)
(1)  748/     8C4 :                     ;      |    ii: Interlace mode
(1)  749/     8C4 :                     ;      | 	%00 - None
(1)  750/     8C4 :                     ;      | 	%01 - Enable
(1)  751/     8C4 :                     ;      | 	%10 - INVALID
(1)  752/     8C4 :                     ;      | 	%11 - Double (Vertical 448/480)
(1)  753/     8C4 :                     ; --------------------------------------------------------
(1)  754/     8C4 :                     
(1)  755/     8C4 :                     Video_Resolution:
(1)  756/     8C4 : 48A7 0300           		movem.w	d6-d7,-(sp)
(1)  757/     8C8 : 3E38 F0F2           		move.w	(RAM_VdpRegSet1).w,d7
(1)  758/     8CC : 0207 00F7           		andi.b	#%11110111,d7
(1)  759/     8D0 : 3C00                		move.w	d0,d6
(1)  760/     8D2 : CC7C 0002           		and.w	#%0010,d6
(1)  761/     8D6 : E54E                		lsl.w	#2,d6
(1)  762/     8D8 : 8E46                		or.w	d6,d7
(1)  763/     8DA : 33C7 00C0 0004      		move.w	d7,(vdp_ctrl).l
(1)  764/     8E0 : 31C7 F0F2           		move.w	d7,(RAM_VdpRegSet1).w
(1)  765/     8E4 : 3E38 F0F6           		move.w	(RAM_VdpRegSetC).w,d7
(1)  766/     8E8 : 0207 0078           		andi.b	#%01111000,d7
(1)  767/     8EC : 3C00                		move.w	d0,d6
(1)  768/     8EE : CC7C 0001           		and.w	#%0001,d6
(1)  769/     8F2 : 6704                		beq.s	.ex_bit
(1)  770/     8F4 : 8C7C 0081           		or.w	#%10000001,d6
(1)  771/     8F8 :                     .ex_bit:
(1)  772/     8F8 : 8E46                		or.w	d6,d7
(1)  773/     8FA : 3C00                		move.w	d0,d6
(1)  774/     8FC : 0246 000C           		andi.w	#%1100,d6
(1)  775/     900 : E24E                		lsr.w	#1,d6
(1)  776/     902 : 8E46                		or.w	d6,d7
(1)  777/     904 : 33C7 00C0 0004      		move.w	d7,(vdp_ctrl).l
(1)  778/     90A : 31C7 F0F6           		move.w	d7,(RAM_VdpRegSetC).w
(1)  779/     90E : 4C9F 00C0           		movem.w	(sp)+,d6-d7
(1)  780/     912 : 4E75                		rts
(1)  781/     914 :                     
(1)  782/     914 :                     ; --------------------------------------------------------
(1)  783/     914 :                     ; Video_UpdMapVram, Video_UpdSprHVram
(1)  784/     914 :                     ;
(1)  785/     914 :                     ; Update VRAM locations for FG, BG, Window and
(1)  786/     914 :                     ; the Horizontal scroll to VDP
(1)  787/     914 :                     ; --------------------------------------------------------
(1)  788/     914 :                     
(1)  789/     914 :                     Video_UpdMapVram:
(1)  790/     914 : 48A7 0300           		movem.w	d6-d7,-(sp)
(1)  791/     918 : 3E3C 8200           		move.w	#$8200,d7
(1)  792/     91C : 3C38 F0E4           		move.w	(RAM_VdpVramFG).w,d6
(1)  793/     920 : E04E                		lsr.w	#8,d6
(1)  794/     922 : E44E                		lsr.w	#2,d6
(1)  795/     924 : 0246 0038           		andi.w	#%00111000,d6
(1)  796/     928 : 8E46                		or.w	d6,d7
(1)  797/     92A : 33C7 00C0 0004      		move.w	d7,(vdp_ctrl).l
(1)  798/     930 : 3E3C 8300           		move.w	#$8300,d7
(1)  799/     934 : 3C38 F0E8           		move.w	(RAM_VdpVramWD).w,d6
(1)  800/     938 : E04E                		lsr.w	#8,d6
(1)  801/     93A : E44E                		lsr.w	#2,d6
(1)  802/     93C : 0246 003E           		andi.w	#%00111110,d6
(1)  803/     940 : 8E46                		or.w	d6,d7
(1)  804/     942 : 33C7 00C0 0004      		move.w	d7,(vdp_ctrl).l
(1)  805/     948 : 3E3C 8400           		move.w	#$8400,d7
(1)  806/     94C : 3C38 F0E6           		move.w	(RAM_VdpVramBG).w,d6
(1)  807/     950 : E04E                		lsr.w	#8,d6
(1)  808/     952 : EA4E                		lsr.w	#5,d6
(1)  809/     954 : 0246 0007           		andi.w	#%00000111,d6
(1)  810/     958 : 8E46                		or.w	d6,d7
(1)  811/     95A : 33C7 00C0 0004      		move.w	d7,(vdp_ctrl).l
(1)  812/     960 : 4C9F 00C0           		movem.w	(sp)+,d6-d7
(1)  813/     964 : 4E75                		rts
(1)  814/     966 :                     Video_UpdSprHVram:
(1)  815/     966 : 48E7 0300           		movem.l	d6-d7,-(sp)
(1)  816/     96A : 3E3C 8500           		move.w	#$8500,d7
(1)  817/     96E : 3C38 F0EA           		move.w	(RAM_VdpVramSpr).w,d6
(1)  818/     972 : E04E                		lsr.w	#8,d6
(1)  819/     974 : E24E                		lsr.w	#1,d6
(1)  820/     976 : 0246 007F           		andi.w	#%01111111,d6
(1)  821/     97A : 8E46                		or.w	d6,d7
(1)  822/     97C : 33C7 00C0 0004      		move.w	d7,(vdp_ctrl).l
(1)  823/     982 : 3E3C 8D00           		move.w	#$8D00,d7
(1)  824/     986 : 3C38 F0EC           		move.w	(RAM_VdpVramHScrl).w,d6
(1)  825/     98A : E04E                		lsr.w	#8,d6
(1)  826/     98C : E44E                		lsr.w	#2,d6
(1)  827/     98E : 0246 003F           		andi.w	#%00111111,d6
(1)  828/     992 : 8E46                		or.w	d6,d7
(1)  829/     994 : 33C7 00C0 0004      		move.w	d7,(vdp_ctrl).l
(1)  830/     99A : 4CDF 00C0           		movem.l	(sp)+,d6-d7
(1)  831/     99E : 4E75                		rts
(1)  832/     9A0 :                     
(1)  833/     9A0 :                     ; --------------------------------------------------------
(1)  834/     9A0 :                     ; Video_SetMapSize
(1)  835/     9A0 :                     ;
(1)  836/     9A0 :                     ; Set MAP size to FG and BG
(1)  837/     9A0 :                     ;
(1)  838/     9A0 :                     ; Input:
(1)  839/     9A0 :                     ; d0.b | Map size:
(1)  840/     9A0 :                     ;      | %0000vvhh
(1)  841/     9A0 :                     ;      |     vv and hh:
(1)  842/     9A0 :                     ;      | 	%00 - 32
(1)  843/     9A0 :                     ;      | 	%01 - 64
(1)  844/     9A0 :                     ;      | 	%10 - INVALID
(1)  845/     9A0 :                     ;      | 	%11 - 128
(1)  846/     9A0 :                     ; --------------------------------------------------------
(1)  847/     9A0 :                     
(1)  848/     9A0 :                     Video_SetMapSize:
(1)  849/     9A0 : 48A7 0300           		movem.w	d6-d7,-(sp)
(1)  850/     9A4 : 3E00                		move.w	d0,d7
(1)  851/     9A6 : 0247 000F           		andi.w	#%1111,d7
(1)  852/     9AA : DE47                		add.w	d7,d7
(1)  853/     9AC : 3E3B 7026           		move.w	.size_tbl(pc,d7.w),d7
(1)  854/     9B0 : 31C7 F0EE           		move.w	d7,(RAM_VdpMapSize).w
(1)  855/     9B4 : 3E00                		move.w	d0,d7
(1)  856/     9B6 : 3C07                		move.w	d7,d6
(1)  857/     9B8 : 0247 0003           		andi.w	#%0011,d7
(1)  858/     9BC : 0246 000C           		andi.w	#%1100,d6
(1)  859/     9C0 : E54E                		lsl.w	#2,d6
(1)  860/     9C2 : 8E7C 9000           		or.w	#$9000,d7
(1)  861/     9C6 : 8E46                		or.w	d6,d7
(1)  862/     9C8 : 33C7 00C0 0004      		move.w	d7,(vdp_ctrl).l
(1)  863/     9CE : 4C9F 00C0           		movem.w	(sp)+,d6-d7
(1)  864/     9D2 : 4E75                		rts
(1)  865/     9D4 :                     .size_tbl:
(1)  866/     9D4 : 0800 1000 1800      		dc.w $0800,$1000,$1800,$2000
              9DA : 2000             
(1)  867/     9DC : 1000 2000 3000      		dc.w $1000,$2000,$3000,$4000
              9E2 : 4000             
(1)  868/     9E4 : 1800 3000 4800      		dc.w $1800,$3000,$4800,$6000
              9EA : 6000             
(1)  869/     9EC : 2000 4000 6000      		dc.w $2000,$4000,$6000,$8000
              9F2 : 8000             
(1)  870/     9F4 :                     
(1)  871/     9F4 :                     ; --------------------------------------------------------
(1)  872/     9F4 :                     ; Video_LoadArt
(1)  873/     9F4 :                     ;
(1)  874/     9F4 :                     ; Loads VDP graphics using DMA
(1)  875/     9F4 :                     ;
(1)  876/     9F4 :                     ; Input:
(1)  877/     9F4 :                     ; d0.l | Graphics data (NOT a0)
(1)  878/     9F4 :                     ; d1.w | VRAM location: cell_num(vram_pos)
(1)  879/     9F4 :                     ; d2.w | Size:          cell_num(size)
(1)  880/     9F4 :                     ;
(1)  881/     9F4 :                     ; Notes:
(1)  882/     9F4 :                     ; - For a faster load, call this during VBlank or
(1)  883/     9F4 :                     ;   disable VDP Display temporally.
(1)  884/     9F4 :                     ;
(1)  885/     9F4 :                     ; * 32X Cartridge ONLY:
(1)  886/     9F4 :                     ; - This sets RV bit, make sure your code is
(1)  887/     9F4 :                     ;   running on RAM (already doing here) and the
(1)  888/     9F4 :                     ;   SH2 is not reading from it's ROM area CS1
(1)  889/     9F4 :                     ; --------------------------------------------------------
(1)  890/     9F4 :                     
(1)  891/     9F4 :                     Video_LoadArt:
(1)  892/     9F4 : 48E7 0F02           		movem.l	d4-d7/a6,-(sp)
(1)  893/     9F8 : 2E00                		move.l	d0,d7
(1)  894/     9FA : 0287 00FF 0000      		andi.l	#$FF0000,d7
(1)  895/     A00 : BEBC 00FF 0000      		cmp.l	#$FF0000,d7
(1)  896/     A06 : 6736                		beq.s	.normal
(1)  897/     A08 : 2A00                		move.l	d0,d5
(1)  898/     A0A : DA42                		add.w	d2,d5
(1)  899/     A0C : 6430                		bcc.s	.normal
(1)  900/     A0E : 2A00                		move.l	d0,d5		; <-- DOUBLE TRANSFER
(1)  901/     A10 : 3C01                		move.w	d1,d6
(1)  902/     A12 : 2E05                		move.l	d5,d7		; Top
(1)  903/     A14 : 0687 0001 0000      		addi.l	#$010000,d7
(1)  904/     A1A : 0287 00FF 0000      		andi.l	#$FF0000,d7
(1)  905/     A20 : 9E80                		sub.l	d0,d7
(1)  906/     A22 : 6128                		bsr.s	.mk_set
(1)  907/     A24 : 2A00                		move.l	d0,d5		; Bottom
(1)  908/     A26 : 0685 0001 0000      		addi.l	#$010000,d5
(1)  909/     A2C : 0285 00FF 0000      		andi.l	#$FF0000,d5
(1)  910/     A32 : 2C05                		move.l	d5,d6
(1)  911/     A34 : 9C80                		sub.l	d0,d6
(1)  912/     A36 : 3E02                		move.w	d2,d7
(1)  913/     A38 : 9E46                		sub.w	d6,d7
(1)  914/     A3A : DC41                		add.w	d1,d6
(1)  915/     A3C : 6006                		bra.s	.last_set
(1)  916/     A3E :                     .normal:
(1)  917/     A3E : 2A00                		move.l	d0,d5
(1)  918/     A40 : 3C01                		move.w	d1,d6
(1)  919/     A42 : 3E02                		move.w	d2,d7
(1)  920/     A44 :                     .last_set:
(1)  921/     A44 : 6106                		bsr.s	.mk_set
(1)  922/     A46 : 4CDF 40F0           		movem.l	(sp)+,d4-d7/a6
(1)  923/     A4A : 4E75                		rts
(1)  924/     A4C :                     
(1)  925/     A4C :                     ; d7 - size
(1)  926/     A4C :                     ; d6 - vram
(1)  927/     A4C :                     ; d5 - data
(1)  928/     A4C :                     .mk_set:
(1)  929/     A4C : 0285 00FF FFFF        		andi.l	#$FFFFFF,d5
(1)  930/     A52 : 0287 0000 FFFE      		andi.l	#$0000FFFE,d7
(1)  931/     A58 : 6734                		beq.s	.bad_size
(1)  932/     A5A : 4846                		swap	d6
(1)  933/     A5C : 4845                		swap	d5
(1)  934/     A5E : 3C05                		move.w	d5,d6
(1)  935/     A60 : 4845                		swap	d5
(1)  944/     A62 : 4DF9 00C0 0004      		lea	(vdp_ctrl).l,a6
(1)  945/     A68 : 2F07                		move.l	d7,-(sp)		; <--
(1)  946/     A6A : 6100 FDE2           		bsr	Video_DmaOn
(1)  947/     A6E : 2E1F                		move.l	(sp)+,d7
(1)  948/     A70 : 0246 00FF           		andi.w	#$FF,d6
(1)  949/     A74 : BC3C 00FF           		cmp.b	#$FF,d6
(1)  950/     A78 : 6716                		beq.s	.ram_write
(1)  951/     A7A : 4846                		swap	d6
(1)  952/     A7C : 6126                		bsr.s	.shared_setup
(1)  953/     A7E : 6100 0BCC           		bsr	System_DmaEnter_ROM
(1)  954/     A82 : 3C86                		move.w	d6,(a6)			; First write
(1)  955/     A84 : 3C87                		move.w	d7,(a6)			; Second write
(1)  956/     A86 : 6100 0BC8           		bsr	System_DmaExit_ROM
(1)  957/     A8A : 6100 FDCE           		bsr	Video_DmaOff
(1)  958/     A8E :                     	; Word-RAM patch
(1)  979/     A8E :                     .bad_size:
(1)  980/     A8E : 4E75                		rts
(1)  981/     A90 :                     
(1)  982/     A90 :                     ; --------------------------------------------------------
(1)  983/     A90 :                     
(1)  984/     A90 :                     .ram_write:
(1)  985/     A90 : 4846                		swap	d6
(1)  986/     A92 : 6110                		bsr.s	.shared_setup
(1)  987/     A94 : 6100 0BBC           		bsr	System_DmaEnter_RAM
(1)  988/     A98 : 3C86                		move.w	d6,(a6)			; First write
(1)  989/     A9A : 3C87                		move.w	d7,(a6)			; Second write
(1)  990/     A9C : 6100 0BB8           		bsr	System_DmaExit_RAM
(1)  991/     AA0 : 6000 FDB8           		bra	Video_DmaOff
(1)  992/     AA4 :                     
(1)  993/     AA4 :                     ; --------------------------------------------------------
(1)  994/     AA4 :                     
(1)  995/     AA4 :                     .shared_setup:
(1)  996/     AA4 : EF8F                		lsl.l	#7,d7
(1)  997/     AA6 : E04F                		lsr.w	#8,d7
(1)  998/     AA8 : 0087 9400 9300      		ori.l	#$94009300,d7
(1)  999/     AAE : 2C87                		move.l	d7,(a6)
(1) 1000/     AB0 : E28D                  		lsr.l	#1,d5			; d5 - Source
(1) 1001/     AB2 : 2E3C 9600 9500       		move.l	#$96009500,d7
(1) 1002/     AB8 : 1E05                 		move.b	d5,d7
(1) 1003/     ABA : E08D                 		lsr.l	#8,d5
(1) 1004/     ABC : 4847                 		swap	d7
(1) 1005/     ABE : 1E05                 		move.b	d5,d7
(1) 1006/     AC0 : 2C87                 		move.l	d7,(a6)
(1) 1007/     AC2 : 3E3C 9700            		move.w	#$9700,d7
(1) 1008/     AC6 : E08D                 		lsr.l	#8,d5
(1) 1009/     AC8 : 1E05                 		move.b	d5,d7
(1) 1010/     ACA : 3C87                 		move.w	d7,(a6)
(1) 1011/     ACC : 3E06                		move.w	d6,d7			; Destination
(1) 1012/     ACE : 0286 0000 3FFF      		andi.l	#$3FFF,d6
(1) 1013/     AD4 : 0046 4000           		ori.w	#$4000,d6
(1) 1014/     AD8 : E04F                		lsr.w	#8,d7
(1) 1015/     ADA : EC4F                		lsr.w	#6,d7
(1) 1016/     ADC : 0247 0003           		andi.w	#%11,d7
(1) 1017/     AE0 : 0047 0080           		ori.w	#$80,d7
(1) 1018/     AE4 : 4E75                		rts
(1) 1019/     AE6 :                     
(1) 1020/     AE6 :                     ; --------------------------------------------------------
(1) 1021/     AE6 :                     ; Video_LoadArt_List
(1) 1022/     AE6 :                     ;
(1) 1023/     AE6 :                     ; Loads VDP graphics on bulk
(1) 1024/     AE6 :                     ;
(1) 1025/     AE6 :                     ; Input:
(1) 1026/     AE6 :                     ; a0 | List of graphics to load:
(1) 1027/     AE6 :                     ;        dc.w numof_entries
(1) 1028/     AE6 :                     ;        dc.l ART_DATA
(1) 1029/     AE6 :                     ;        dc.w cell_num(vram_pos)
(1) 1030/     AE6 :                     ;        dc.w ART_DATA_end-ART_DATA OR cell_num(size)
(1) 1031/     AE6 :                     ;        ; ...more entries
(1) 1032/     AE6 :                     ;
(1) 1033/     AE6 :                     ; Note:
(1) 1034/     AE6 :                     ; CPU heavy.
(1) 1035/     AE6 :                     ; --------------------------------------------------------
(1) 1036/     AE6 :                     
(1) 1037/     AE6 :                     Video_LoadArt_List:
(1) 1038/     AE6 : 48E7 E100           		movem.l	d0-d2/d7,-(sp)
(1) 1039/     AEA : 3E18                		move.w	(a0)+,d7
(1) 1040/     AEC : 6712                		beq.s	.invalid
(1) 1041/     AEE : 6B10                		bmi.s	.invalid
(1) 1042/     AF0 : 5347                		subq.w	#1,d7
(1) 1043/     AF2 :                     .next_one:
(1) 1044/     AF2 : 2018                		move.l	(a0)+,d0
(1) 1045/     AF4 : 3218                		move.w	(a0)+,d1
(1) 1046/     AF6 : 3418                		move.w	(a0)+,d2
(1) 1047/     AF8 : 6100 FEFA           		bsr	Video_LoadArt
(1) 1048/     AFC : 51CF FFF4           		dbf	d7,.next_one
(1) 1049/     B00 :                     .invalid:
(1) 1050/     B00 : 4CDF 0087           		movem.l	(sp)+,d0-d2/d7
(1) 1051/     B04 : 4E75                		rts
(1) 1052/     B06 :                     
(1) 1053/     B06 :                     ; --------------------------------------------------------
(1) 1054/     B06 :                     ; Video_Fill
(1) 1055/     B06 :                     ;
(1) 1056/     B06 :                     ; Fill data to VRAM
(1) 1057/     B06 :                     ;
(1) 1058/     B06 :                     ; Input:
(1) 1059/     B06 :                     ; d0.b | BYTE to fill
(1) 1060/     B06 :                     ; d1.w | VRAM destination: cell_num(dest)
(1) 1061/     B06 :                     ; d2.w | Size:             cell_num(size)
(1) 1062/     B06 :                     ;
(1) 1063/     B06 :                     ; Notes:
(1) 1064/     B06 :                     ; - FILL writes in this order: $56781234, Size $0001 is
(1) 1065/     B06 :                     ;   invalid.
(1) 1066/     B06 :                     ; --------------------------------------------------------
(1) 1067/     B06 :                     
(1) 1068/     B06 :                     ; Video_Fill_Incr:
(1) 1069/     B06 :                     ; 		movem.l	d6-d7/a6,-(sp)
(1) 1070/     B06 :                     ; 		move.w	d3,d6
(1) 1071/     B06 :                     ; 		bra.s	vid_FillGo
(1) 1072/     B06 :                     Video_Fill:
(1) 1073/     B06 : 48E7 0302           		movem.l	d6-d7/a6,-(sp)
(1) 1074/     B0A : 3C3C 0001           		move.w	#1,d6
(1) 1075/     B0E :                     vid_FillGo:
(1) 1076/     B0E : 4DF9 00C0 0004      		lea	(vdp_ctrl).l,a6
(1) 1077/     B14 : 3E16                .dmaw:		move.w	(a6),d7
(1) 1078/     B16 : 0807 0001           		btst	#bitDma,d7
(1) 1079/     B1A : 66F8                		bne.s	.dmaw
(1) 1080/     B1C : 6100 FD30           		bsr	Video_DmaOn
(1) 1081/     B20 : 0246 00FF           		andi.w	#$FF,d6
(1) 1082/     B24 : 8C7C 8F00           		or.w	#$8F00,d6
(1) 1083/     B28 : 3C86                		move.w	d6,(a6)		; Set increment to $01
(1) 1084/     B2A : 3E02                		move.w	d2,d7		; d2 - Size
(1) 1085/     B2C : 0447 0001           		subi.w	#1,d7
(1) 1086/     B30 : 2C3C 9400 9300      		move.l	#$94009300,d6
(1) 1087/     B36 : 1C07                		move.b	d7,d6
(1) 1088/     B38 : 4846                		swap	d6
(1) 1089/     B3A : E04F                		lsr.w	#8,d7
(1) 1090/     B3C : 1C07                		move.b	d7,d6
(1) 1091/     B3E : 4846                		swap	d6
(1) 1092/     B40 : 2C86                		move.l	d6,(a6)
(1) 1093/     B42 : 3CBC 9780           		move.w	#$9780,(a6)	; DMA Fill mode
(1) 1094/     B46 : 3E01                		move.w	d1,d7		; d1 - Destination
(1) 1095/     B48 : 3C01                		move.w	d1,d6
(1) 1096/     B4A : 0246 3FFF           		andi.w	#$3FFF,d6
(1) 1097/     B4E : 0046 4000           		ori.w	#$4000,d6
(1) 1098/     B52 : 4846                		swap	d6
(1) 1099/     B54 : 3C07                		move.w	d7,d6
(1) 1100/     B56 : E04E                		lsr.w	#8,d6
(1) 1101/     B58 : EC4E                		lsr.w	#6,d6
(1) 1102/     B5A : 0246 0003           		andi.w	#%11,d6
(1) 1103/     B5E : 0046 0080           		ori.w	#$80,d6
(1) 1104/     B62 : 2C86                		move.l	d6,(a6)
(1) 1105/     B64 : 3D40 FFFC           		move.w	d0,-4(a6)
(1) 1106/     B68 : 3E16                .dma_w:		move.w	(a6),d7
(1) 1107/     B6A : 0807 0001           		btst	#bitDma,d7
(1) 1108/     B6E : 66F8                		bne.s	.dma_w
(1) 1109/     B70 : 3CBC 8F02           		move.w	#$8F02,(a6)
(1) 1110/     B74 : 6100 FCE4           		bsr	Video_DmaOff
(1) 1111/     B78 : 4CDF 40C0           		movem.l	(sp)+,d6-d7/a6
(1) 1112/     B7C : 4E75                		rts
(1) 1113/     B7E :                     
(1) 1114/     B7E :                     ; --------------------------------------------------------
(1) 1115/     B7E :                     ; Video_Copy
(1) 1116/     B7E :                     ;
(1) 1117/     B7E :                     ; Copy VRAM data to another location inside VRAM
(1) 1118/     B7E :                     ;
(1) 1119/     B7E :                     ; Input:
(1) 1120/     B7E :                     ; d0.w | VRAM Source:      cell_num(src)
(1) 1121/     B7E :                     ; d1.w | VRAM Destination: cell_num(dest)
(1) 1122/     B7E :                     ; d2.w | Size
(1) 1123/     B7E :                     ; --------------------------------------------------------
(1) 1124/     B7E :                     
(1) 1125/     B7E :                     Video_Copy:
(1) 1126/     B7E : 48E7 0302           		movem.l	d6-d7/a6,-(sp)
(1) 1127/     B82 : 4DF9 00C0 0004      		lea	(vdp_ctrl).l,a6
(1) 1128/     B88 : 3E16                .dmaw:		move.w	(a6),d7
(1) 1129/     B8A : 0807 0001           		btst	#bitDma,d7
(1) 1130/     B8E : 66F8                		bne.s	.dmaw
(1) 1131/     B90 : 6100 FCBC           		bsr	Video_DmaOn
(1) 1132/     B94 : 3CBC 8F01           		move.w	#$8F01,(a6)		; Increment $01
(1) 1133/     B98 : 3E02                		move.w	d2,d7			; SIZE
(1) 1134/     B9A : 2C3C 9400 9300      		move.l	#$94009300,d6
(1) 1135/     BA0 : 1C07                		move.b	d7,d6
(1) 1136/     BA2 : 4846                		swap	d6
(1) 1137/     BA4 : E04F                		lsr.w	#8,d7
(1) 1138/     BA6 : 1C07                		move.b	d7,d6
(1) 1139/     BA8 : 4846                		swap	d6
(1) 1140/     BAA : 2C86                		move.l	d6,(a6)
(1) 1141/     BAC : 2C3C 9600 9500      		move.l	#$96009500,d6		; SOURCE
(1) 1142/     BB2 : 3E00                		move.w	d0,d7
(1) 1143/     BB4 : 1C07                		move.b	d7,d6
(1) 1144/     BB6 : 4846                		swap	d6
(1) 1145/     BB8 : E04F                		lsr.w	#8,d7
(1) 1146/     BBA : 1C07                		move.b	d7,d6
(1) 1147/     BBC : 2C86                		move.l	d6,(a6)
(1) 1148/     BBE : 3CBC 97C0           		move.w	#$97C0,(a6)		; DMA Copy mode
(1) 1149/     BC2 : 2E01                		move.l	d1,d7			; DESTINATION
(1) 1150/     BC4 : 3C07                		move.w	d7,d6
(1) 1151/     BC6 : 0246 3FFF           		andi.w	#$3FFF,d6
(1) 1152/     BCA : 0046 4000           		ori.w	#$4000,d6
(1) 1153/     BCE : 4846                		swap	d6
(1) 1154/     BD0 : 3C07                		move.w	d7,d6
(1) 1155/     BD2 : E04E                		lsr.w	#8,d6
(1) 1156/     BD4 : EC4E                		lsr.w	#6,d6
(1) 1157/     BD6 : 0246 0003           		andi.w	#%11,d6
(1) 1158/     BDA : 0046 00C0           		ori.w	#$C0,d6
(1) 1159/     BDE : 2C86                		move.l	d6,(a6)
(1) 1160/     BE0 : 3D41 FFFC           		move.w	d1,-4(a6)
(1) 1161/     BE4 : 3E16                .dma_w:		move.w	(a6),d7
(1) 1162/     BE6 : 0807 0001           		btst	#bitDma,d7
(1) 1163/     BEA : 66F8                		bne.s	.dma_w
(1) 1164/     BEC : 3CBC 8F02           		move.w	#$8F02,(a6)		; Increment $02
(1) 1165/     BF0 : 6100 FC68           		bsr	Video_DmaOff
(1) 1166/     BF4 : 4CDF 40C0           		movem.l	(sp)+,d6-d7/a6
(1) 1167/     BF8 : 4E75                		rts
(1) 1168/     BFA :                     
(1) 1169/     BFA :                     ; --------------------------------------------------------
(1) 1170/     BFA :                     ; Video_MakeDmaEntry
(1) 1171/     BFA :                     ;
(1) 1172/     BFA :                     ; Makes a new entry to the DMA BLAST list
(1) 1173/     BFA :                     ; to be processed on the next VBlank
(1) 1174/     BFA :                     ;
(1) 1175/     BFA :                     ; Input:
(1) 1176/     BFA :                     ; d0.l | Graphics data location
(1) 1177/     BFA :                     ; d1.w | VRAM location: cell_num(vram_pos)
(1) 1178/     BFA :                     ; d2.w | Size
(1) 1179/     BFA :                     ;
(1) 1180/     BFA :                     ; Notes:
(1) 1181/     BFA :                     ; - Call this during DISPLAY only
(1) 1182/     BFA :                     ; - For loading graphics quickly use Video_LoadArt
(1) 1183/     BFA :                     ;
(1) 1184/     BFA :                     ; * SCD/CD32X ONLY:
(1) 1185/     BFA :                     ; - The 4-pixel patch is ALWAYS applied even
(1) 1186/     BFA :                     ;   if not reading from WORD-RAM
(1) 1187/     BFA :                     ; --------------------------------------------------------
(1) 1188/     BFA :                     
(1) 1189/     BFA :                     Video_MakeDmaEntry:
(1) 1190/     BFA : 48E7 0702           		movem.l	d5-d7/a6,-(sp)
(1) 1191/     BFE : 2E00                		move.l	d0,d7
(1) 1192/     C00 : 0287 00FF 0000      		andi.l	#$FF0000,d7
(1) 1193/     C06 : BEBC 00FF 0000      		cmp.l	#$FF0000,d7
(1) 1194/     C0C : 6736                		beq.s	.normal
(1) 1195/     C0E : 2A00                		move.l	d0,d5
(1) 1196/     C10 : DA42                		add.w	d2,d5
(1) 1197/     C12 : 6430                		bcc.s	.normal
(1) 1198/     C14 : 2A00                		move.l	d0,d5		; d5 - TOP point
(1) 1199/     C16 : 3C01                		move.w	d1,d6		; d6 - VRAM position
(1) 1200/     C18 : 2E05                		move.l	d5,d7
(1) 1201/     C1A : 0287 00FF 0000      		andi.l	#$FF0000,d7
(1) 1202/     C20 : 0687 0001 0000      		addi.l	#$010000,d7
(1) 1203/     C26 : 9E80                		sub.l	d0,d7		; d7 - TOP Size
(1) 1204/     C28 : 6128                		bsr.s	.mk_set
(1) 1205/     C2A : 2A00                		move.l	d0,d5		; d5 - BOTTOM point
(1) 1206/     C2C : 0685 0001 0000      		addi.l	#$010000,d5
(1) 1207/     C32 : 0285 00FF 0000      		andi.l	#$FF0000,d5
(1) 1208/     C38 : 2C05                		move.l	d5,d6
(1) 1209/     C3A : 9C80                		sub.l	d0,d6
(1) 1210/     C3C : 3E02                		move.w	d2,d7
(1) 1211/     C3E : 9E46                		sub.w	d6,d7
(1) 1212/     C40 : DC41                		add.w	d1,d6
(1) 1213/     C42 : 6006                		bra.s	.last_set
(1) 1214/     C44 :                     .normal:
(1) 1215/     C44 : 2A00                		move.l	d0,d5
(1) 1216/     C46 : 3C01                		move.w	d1,d6
(1) 1217/     C48 : 3E02                		move.w	d2,d7
(1) 1218/     C4A :                     .last_set:
(1) 1219/     C4A : 6106                		bsr.s	.mk_set
(1) 1220/     C4C : 4CDF 40E0           		movem.l	(sp)+,d5-d7/a6
(1) 1221/     C50 : 4E75                		rts
(1) 1222/     C52 :                     
(1) 1223/     C52 :                     ; d7 - size
(1) 1224/     C52 :                     ; d6 - vram
(1) 1225/     C52 :                     ; d5 - data
(1) 1226/     C52 :                     .mk_set:
(1) 1227/     C52 : 0285 00FF FFFF        		andi.l	#$FFFFFF,d5
(1) 1228/     C58 : 4847                		swap	d7
(1) 1229/     C5A : 3E38 EF50           		move.w	(RAM_VdpDmaIndx).w,d7
(1) 1230/     C5E : 0C47 0018           		cmpi.w	#MAX_MDDMATSK,d7
(1) 1231/     C62 : 6C5A                		bge	.ran_out
(1) 1232/     C64 : E94F                		lsl.w	#4,d7			; Size $10
(1) 1233/     C66 : 4DF8 EF5C           		lea	(RAM_VdpDmaList).w,a6
(1) 1234/     C6A : DCC7                		adda	d7,a6
(1) 1235/     C6C : 4847                		swap	d7
(1) 1236/     C6E : 0287 0000 FFFE      		andi.l	#$0000FFFE,d7		; d7 - Size
(1) 1237/     C74 : 6748                		beq.s	.ran_out		; If == 0, bad
(1) 1238/     C76 : 4A47                		tst.w	d7
(1) 1239/     C78 : 6B44                		bmi.s	.ran_out		; If negative, bad
(1) 1240/     C7A : 31FC 0001 EF52      		move.w	#1,(RAM_VdpDmaMod).w
(1) 1241/     C80 : 5278 EF50           		addq.w	#1,(RAM_VdpDmaIndx).w
(1) 1242/     C84 : E24F                		lsr.w	#1,d7
(1) 1243/     C86 : 0F8E 0001           		movep.w	d7,1(a6)
(1) 1253/     C8A : E28D                  		lsr.l	#1,d5			; d5 - Source
(1) 1254/     C8C : 2E05                  		move.l	d5,d7
(1) 1255/     C8E : 4847                  		swap	d7
(1) 1256/     C90 : 0B8E 0005            		movep.w	d5,5(a6)
(1) 1257/     C94 : 1D47 0009            		move.b	d7,9(a6)
(1) 1258/     C98 : 3E06                		move.w	d6,d7			; Destination
(1) 1259/     C9A : 0286 0000 3FFF      		andi.l	#$3FFF,d6
(1) 1260/     CA0 : 0046 4000           		ori.w	#$4000,d6
(1) 1261/     CA4 : E04F                		lsr.w	#8,d7
(1) 1262/     CA6 : EC4F                		lsr.w	#6,d7
(1) 1263/     CA8 : 0247 0003           		andi.w	#%11,d7
(1) 1264/     CAC : 0047 0080           		ori.w	#$80,d7
(1) 1265/     CB0 : 3D46 000A           		move.w	d6,$A(a6)
(1) 1266/     CB4 : 3D47 000C           		move.w	d7,$C(a6)
(1) 1274/     CB8 : 31FC 0000 EF52      		move.w	#0,(RAM_VdpDmaMod).w
(1) 1275/     CBE :                     .ran_out:
(1) 1276/     CBE : 4E75                		rts
(1) 1277/     CC0 :                     
(1) 1278/     CC0 :                     ; ====================================================================
(1) 1279/     CC0 :                     ; --------------------------------------------------------
(1) 1280/     CC0 :                     ; Video_LoadMap, Video_LoadMapV
(1) 1281/     CC0 :                     ;
(1) 1282/     CC0 :                     ; Write map data to VDP
(1) 1283/     CC0 :                     ;
(1) 1284/     CC0 :                     ; _LoadMap:  Left to Right / Top to Bottom
(1) 1285/     CC0 :                     ; _LoadMapV: Top to Bottom / Left to Right, double-res safe
(1) 1286/     CC0 :                     ;
(1) 1287/     CC0 :                     ; Input:
(1) 1288/     CC0 :                     ; a0   | Map data
(1) 1289/     CC0 :                     ; d0.l | X/Y Position: splitw(x_pos,y_pos)
(1) 1290/     CC0 :                     ; d1.l | Width/Height: splitw(width/8,height/8)
(1) 1291/     CC0 :                     ; d2.l | Screen Width/VRAM location:
(1) 1292/     CC0 :                     ;        splitw(sw_size,vram_map_loc)
(1) 1293/     CC0 :                     ; d3.w | VRAM-cell increment
(1) 1294/     CC0 :                     ;
(1) 1295/     CC0 :                     ; Notes:
(1) 1296/     CC0 :                     ; - Data starts from 0, tile $FFFF(-1) is
(1) 1297/     CC0 :                     ;   used to place the BLANK tile (see SET_NullVram)
(1) 1298/     CC0 :                     ; - SCD/CD32X NOTE:
(1) 1299/     CC0 :                     ;   For making the dot-screen map for
(1) 1300/     CC0 :                     ;   the Stamps use Video_MdMcd_StampDotMap
(1) 1301/     CC0 :                     ; --------------------------------------------------------
(1) 1302/     CC0 :                     
(1) 1303/     CC0 :                     Video_LoadMap:
(1) 1304/     CC0 : 48E7 0F0E           		movem.l	d4-d7/a4-a6,-(sp)
(1) 1305/     CC4 : 4DF9 00C0 0000      		lea	(vdp_data).l,a6
(1) 1306/     CCA :                     
(1) 1307/     CCA : 2C02                		move.l	d2,d6
(1) 1308/     CCC : 4846                		swap	d6
(1) 1309/     CCE : 3A00                		move.w	d0,d5
(1) 1310/     CD0 : CAC6                		mulu.w	d6,d5
(1) 1311/     CD2 : 2800                		move.l	d0,d4
(1) 1312/     CD4 : 4844                		swap	d4
(1) 1313/     CD6 : D844                		add.w	d4,d4
(1) 1314/     CD8 : DA44                		add.w	d4,d5
(1) 1315/     CDA : 3E02                		move.w	d2,d7
(1) 1316/     CDC : DE45                		add.w	d5,d7
(1) 1317/     CDE : 7A00                		moveq	#0,d5
(1) 1318/     CE0 : 3A07                		move.w	d7,d5
(1) 1319/     CE2 : 0247 3FFF           		andi.w	#$3FFF,d7
(1) 1320/     CE6 : 8E7C 4000           		or.w	#$4000,d7
(1) 1321/     CEA : E55D                		rol.w	#2,d5
(1) 1322/     CEC : 0245 0003           		andi.w	#%11,d5
(1) 1323/     CF0 : 4845                		swap	d5
(1) 1324/     CF2 : 2A48                		move.l	a0,a5
(1) 1325/     CF4 : 3801                		move.w	d1,d4
(1) 1326/     CF6 : 5344                		subq.w	#1,d4
(1) 1327/     CF8 : 6B36                		bmi.s	.bad_size
(1) 1328/     CFA :                     .y_loop:
(1) 1329/     CFA : 2844                		move.l	d4,a4
(1) 1330/     CFC : 4845                		swap	d5
(1) 1331/     CFE : 3D47 0004           		move.w	d7,4(a6)
(1) 1332/     D02 : 3D45 0004           		move.w	d5,4(a6)
(1) 1333/     D06 : 4845                		swap	d5
(1) 1334/     D08 : 2801                		move.l	d1,d4
(1) 1335/     D0A : 4844                		swap	d4
(1) 1336/     D0C : 5344                		subq.w	#1,d4
(1) 1337/     D0E :                     .x_loop:
(1) 1338/     D0E : 4844                		swap	d4
(1) 1339/     D10 : 381D                		move.w	(a5)+,d4
(1) 1340/     D12 : B87C FFFF           		cmp.w	#-1,d4
(1) 1341/     D16 : 6606                		bne.s	.non_blank
(1) 1342/     D18 : 383C 07FE           		move.w	#SET_NullVram,d4
(1) 1343/     D1C : 6002                		bra.s	.mk_cell
(1) 1344/     D1E :                     .non_blank:
(1) 1345/     D1E : D843                		add.w	d3,d4
(1) 1346/     D20 :                     .mk_cell:
(1) 1347/     D20 : 3C84                		move.w	d4,(a6)
(1) 1348/     D22 : 4844                		swap	d4
(1) 1349/     D24 : 51CC FFE8           		dbf	d4,.x_loop
(1) 1350/     D28 : DE46                		add.w	d6,d7
(1) 1351/     D2A : 280C                		move.l	a4,d4
(1) 1352/     D2C : 51CC FFCC           		dbf	d4,.y_loop
(1) 1353/     D30 :                     .bad_size:
(1) 1354/     D30 : 4CDF 70F0           		movem.l	(sp)+,d4-d7/a4-a6
(1) 1355/     D34 : 4E75                		rts
(1) 1356/     D36 :                     
(1) 1357/     D36 :                     ; ------------------------------------------------
(1) 1358/     D36 :                     ; d1.l | Width/Height: splitw(width/8,height/8)
(1) 1359/     D36 :                     ; d2.l | Screen Width/VRAM location:
(1) 1360/     D36 :                     ; d3.w | VRAM-cell increment
(1) 1361/     D36 :                     
(1) 1362/     D36 :                     Video_LoadMapV:
(1) 1363/     D36 : 48E7 0F0E           		movem.l	d4-d7/a4-a6,-(sp)
(1) 1364/     D3A : 4DF9 00C0 0000      		lea	(vdp_data).l,a6
(1) 1365/     D40 : 2C02                		move.l	d2,d6
(1) 1366/     D42 : 4846                		swap	d6
(1) 1367/     D44 : 3A00                		move.w	d0,d5
(1) 1368/     D46 : CAC6                		mulu.w	d6,d5
(1) 1369/     D48 : 2800                		move.l	d0,d4
(1) 1370/     D4A : 4844                		swap	d4
(1) 1371/     D4C : D844                		add.w	d4,d4
(1) 1372/     D4E : DA44                		add.w	d4,d5
(1) 1373/     D50 : 3E02                		move.w	d2,d7
(1) 1374/     D52 : DE45                		add.w	d5,d7
(1) 1375/     D54 : 7A00                		moveq	#0,d5
(1) 1376/     D56 : 3A07                		move.w	d7,d5
(1) 1377/     D58 : 0247 3FFF           		andi.w	#$3FFF,d7
(1) 1378/     D5C : 8E7C 4000           		or.w	#$4000,d7
(1) 1379/     D60 : E55D                		rol.w	#2,d5
(1) 1380/     D62 : 0245 0003           		andi.w	#%11,d5
(1) 1381/     D66 : 4845                		swap	d5
(1) 1382/     D68 : 2A48                		move.l	a0,a5
(1) 1383/     D6A : 0838 0002 F0F7      		btst	#2,(RAM_VdpRegSetC+1).w
(1) 1384/     D70 : 664C                		bne.s	.dble_mode
(1) 1385/     D72 : 2801                		move.l	d1,d4
(1) 1386/     D74 : 4844                		swap	d4
(1) 1387/     D76 : 5344                		subq.w	#1,d4
(1) 1388/     D78 : 6B3E                		bmi.s	.bad_size
(1) 1389/     D7A :                     .x_loop:
(1) 1390/     D7A : 2844                		move.l	d4,a4
(1) 1391/     D7C : 3801                		move.w	d1,d4
(1) 1392/     D7E : 5344                		subq.w	#1,d4
(1) 1393/     D80 :                     .y_loop:
(1) 1394/     D80 : 4844                		swap	d4
(1) 1395/     D82 : 3807                		move.w	d7,d4
(1) 1396/     D84 : D845                		add.w	d5,d4
(1) 1397/     D86 : 4845                		swap	d5
(1) 1398/     D88 : 3D44 0004           		move.w	d4,4(a6)
(1) 1399/     D8C : 3D45 0004           		move.w	d5,4(a6)
(1) 1400/     D90 : 4845                		swap	d5
(1) 1401/     D92 : 381D                		move.w	(a5)+,d4
(1) 1402/     D94 : B87C FFFF           		cmp.w	#-1,d4
(1) 1403/     D98 : 6606                		bne.s	.non_blank
(1) 1404/     D9A : 383C 07FE           		move.w	#SET_NullVram,d4
(1) 1405/     D9E : 6002                		bra.s	.mk_cell
(1) 1406/     DA0 :                     .non_blank:
(1) 1407/     DA0 : D843                		add.w	d3,d4
(1) 1408/     DA2 :                     .mk_cell:
(1) 1409/     DA2 : 3C84                		move.w	d4,(a6)
(1) 1410/     DA4 : DA46                		add.w	d6,d5
(1) 1411/     DA6 : 4844                		swap	d4
(1) 1412/     DA8 : 51CC FFD6           		dbf	d4,.y_loop
(1) 1413/     DAC : DE7C 0002           		add.w	#2,d7
(1) 1414/     DB0 : 4245                		clr.w	d5
(1) 1415/     DB2 : 280C                		move.l	a4,d4
(1) 1416/     DB4 : 51CC FFC4           		dbf	d4,.x_loop
(1) 1417/     DB8 :                     .bad_size:
(1) 1418/     DB8 : 4CDF 70F0           		movem.l	(sp)+,d4-d7/a4-a6
(1) 1419/     DBC : 4E75                		rts
(1) 1420/     DBE :                     
(1) 1421/     DBE :                     ; ------------------------------------------------
(1) 1422/     DBE :                     
(1) 1423/     DBE :                     .dble_mode:
(1) 1424/     DBE : 2F01                		move.l	d1,-(sp)
(1) 1425/     DC0 : E249                		lsr.w	#1,d1			; <-- lazy patch
(1) 1426/     DC2 : 3803                		move.w	d3,d4
(1) 1427/     DC4 : 0244 F800           		andi.w	#$F800,d4
(1) 1428/     DC8 : 0243 07FF           		andi.w	#$7FF,d3
(1) 1429/     DCC : E24B                		lsr.w	#1,d3
(1) 1430/     DCE : 8644                		or.w	d4,d3
(1) 1431/     DD0 : 2801                		move.l	d1,d4
(1) 1432/     DD2 : 4844                		swap	d4
(1) 1433/     DD4 : 5344                		subq.w	#1,d4
(1) 1434/     DD6 : 6B48                		bmi.s	.bad_size_d
(1) 1435/     DD8 :                     .x_loop_d:
(1) 1436/     DD8 : 2844                		move.l	d4,a4
(1) 1437/     DDA : 3801                		move.w	d1,d4
(1) 1438/     DDC : 5344                		subq.w	#1,d4
(1) 1439/     DDE :                     .y_loop_d:
(1) 1440/     DDE : 4844                		swap	d4
(1) 1441/     DE0 : 3807                		move.w	d7,d4
(1) 1442/     DE2 : D845                		add.w	d5,d4
(1) 1443/     DE4 : 4845                		swap	d5
(1) 1444/     DE6 : 3D44 0004           		move.w	d4,4(a6)
(1) 1445/     DEA : 3D45 0004           		move.w	d5,4(a6)
(1) 1446/     DEE : 4845                		swap	d5
(1) 1447/     DF0 : 381D                		move.w	(a5)+,d4
(1) 1448/     DF2 : DAFC 0002           		adda	#2,a5
(1) 1449/     DF6 : B87C FFFF           		cmp.w	#-1,d4
(1) 1450/     DFA : 6606                		bne.s	.non_blank_d
(1) 1451/     DFC : 383C 03FF           		move.w	#SET_NullVram/2,d4
(1) 1452/     E00 : 6008                		bra.s	.mk_cell_d
(1) 1453/     E02 :                     .non_blank_d:
(1) 1454/     E02 : 0244 07FF           		andi.w	#$7FF,d4
(1) 1455/     E06 : E24C                		lsr.w	#1,d4
(1) 1456/     E08 : D843                		add.w	d3,d4
(1) 1457/     E0A :                     .mk_cell_d:
(1) 1458/     E0A : 3C84                		move.w	d4,(a6)
(1) 1459/     E0C : DA46                		add.w	d6,d5
(1) 1460/     E0E : 4844                		swap	d4
(1) 1461/     E10 : 51CC FFCC           		dbf	d4,.y_loop_d
(1) 1462/     E14 : DE7C 0002           		add.w	#2,d7
(1) 1463/     E18 : 4245                		clr.w	d5
(1) 1464/     E1A : 280C                		move.l	a4,d4
(1) 1465/     E1C : 51CC FFBA           		dbf	d4,.x_loop_d
(1) 1466/     E20 :                     .bad_size_d:
(1) 1467/     E20 : 221F                		move.l	(sp)+,d1
(1) 1468/     E22 : 6094                		bra	.bad_size
(1) 1469/     E24 :                     
(1) 1470/     E24 :                     ; ====================================================================
(1) 1471/     E24 :                     ; ----------------------------------------------------------------
(1) 1472/     E24 :                     ; Palette fading section
(1) 1473/     E24 :                     ; ----------------------------------------------------------------
(1) 1474/     E24 :                     
(1) 1475/     E24 :                     ; --------------------------------------------------------
(1) 1476/     E24 :                     ; Video_RunFade
(1) 1477/     E24 :                     ;
(1) 1478/     E24 :                     ; Process Palette changes (fade and effects)
(1) 1479/     E24 :                     ; --------------------------------------------------------
(1) 1480/     E24 :                     
(1) 1481/     E24 :                     Video_RunFade:
(1) 1482/     E24 : 4DF8 EA90           		lea	(RAM_PalFadeList).w,a6
(1) 1483/     E28 :                     .next_req:
(1) 1484/     E28 : 1016                		move.b	palfd_req(a6),d0
(1) 1485/     E2A : 6744                		beq.s	.no_req
(1) 1486/     E2C : 532E 0005           		subq.b	#1,palfd_timer(a6)
(1) 1487/     E30 : 6A38                		bpl.s	.busy_timer
(1) 1488/     E32 : 1D6E 0001 0005      		move.b	palfd_delay(a6),palfd_timer(a6)
(1) 1489/     E38 : 4BF8 EA10           		lea	(RAM_Palette).w,a5
(1) 1490/     E3C : 49F8 EED0           		lea	(RAM_PaletteFade).w,a4
(1) 1491/     E40 : 7E00                		moveq	#0,d7
(1) 1492/     E42 : 1E2E 0002           		move.b	palfd_start(a6),d7
(1) 1493/     E46 : DE47                		add.w	d7,d7
(1) 1494/     E48 : DAC7                		adda	d7,a5
(1) 1495/     E4A : D8C7                		adda	d7,a4
(1) 1496/     E4C : 7C00                		moveq	#0,d6
(1) 1497/     E4E : 3E2E 0006           		move.w	palfd_num(a6),d7
(1) 1498/     E52 : 6716                		beq.s	.busy_timer
(1) 1499/     E54 : 1C2E 0003           		move.b	palfd_incr(a6),d6
(1) 1500/     E58 : DC46                		add.w	d6,d6		; * 2
(1) 1501/     E5A : 5347                		subq.w	#1,d7
(1) 1502/     E5C : 0240 00FF           		andi.w	#$FF,d0
(1) 1503/     E60 : D040                		add.w	d0,d0
(1) 1504/     E62 : 303B 0012           		move.w	.fade_list(pc,d0.w),d0
(1) 1505/     E66 : 4EBB 000E           		jsr	.fade_list(pc,d0.w)
(1) 1506/     E6A :                     .busy_timer:
(1) 1507/     E6A : DCFC 0008           		adda	#palfd_len,a6
(1) 1508/     E6E : 60B8                		bra.s	.next_req
(1) 1509/     E70 :                     .no_req:
(1) 1510/     E70 : 4278 F0E0           		clr.w	(RAM_IndxPalFade).w
(1) 1511/     E74 : 4E75                		rts
(1) 1512/     E76 :                     
(1) 1513/     E76 :                     ; ------------------------------------------------
(1) 1514/     E76 :                     
(1) 1515/     E76 :                     .fade_list:
(1) 1516/     E76 : 0010                		dc.w .nothing-.fade_list	; $00
(1) 1517/     E78 : 0018                		dc.w .fade_out-.fade_list
(1) 1518/     E7A : 0088                		dc.w .fade_in-.fade_list
(1) 1519/     E7C : 0010                		dc.w .nothing-.fade_list
(1) 1520/     E7E : 0010                		dc.w .nothing-.fade_list	; $04
(1) 1521/     E80 : 0010                		dc.w .nothing-.fade_list
(1) 1522/     E82 : 0010                		dc.w .nothing-.fade_list
(1) 1523/     E84 : 0010                		dc.w .nothing-.fade_list
(1) 1524/     E86 :                     
(1) 1525/     E86 :                     ; ----------------------------------------------------
(1) 1526/     E86 :                     ; Fade request $00: Null/exit.
(1) 1527/     E86 :                     ; ----------------------------------------------------
(1) 1528/     E86 :                     
(1) 1529/     E86 :                     .nothing:
(1) 1530/     E86 :                     .pfade_del:
(1) 1531/     E86 : 4216                		clr.b	palfd_req(a6)
(1) 1532/     E88 : 422E 0005           		clr.b	palfd_timer(a6)
(1) 1533/     E8C : 4E75                		rts
(1) 1534/     E8E :                     
(1) 1535/     E8E :                     ; ----------------------------------------------------
(1) 1536/     E8E :                     ; Fade request $01: fade-out to black
(1) 1537/     E8E :                     ; Quick.
(1) 1538/     E8E :                     ;
(1) 1539/     E8E :                     ; d7 - Num colors
(1) 1540/     E8E :                     ; d6 - Increment*2
(1) 1541/     E8E :                     ; ----------------------------------------------------
(1) 1542/     E8E :                     
(1) 1543/     E8E :                     .fade_out:
(1) 1544/     E8E : 0246 000E           		andi.w	#%0000000000001110,d6	; d6 - Max increment
(1) 1545/     E92 : 3A3C 000E           		move.w	#%0000000000001110,d5	; d5 - Target filter
(1) 1546/     E96 : 383C EEE0           		move.w	#%1110111011100000,d4	; d4 - Others filter + extra
(1) 1547/     E9A : 7600                		moveq	#0,d3			; d3 - Exit counter
(1) 1548/     E9C :                     .next_color:
(1) 1549/     E9C : 3015                		move.w	(a5),d0
(1) 1550/     E9E : 6750                		beq.s	.all_black		; Skip if all black
(1) 1551/     EA0 :                     	rept 3
(1) 1552/     EA0 :                     		move.w	d0,d1
(1) 1553/     EA0 :                     		and.w	d5,d1			; Filter TARGET
(1) 1554/     EA0 :                     		beq.s	.no_chng
(1) 1555/     EA0 :                     		and.w	d4,d0			; Filter OTHERS
(1) 1556/     EA0 :                     		sub.w	d6,d1
(1) 1557/     EA0 :                     		bpl.s	.blck_alrdy
(1) 1558/     EA0 :                     		clr.w	d1
(1) 1559/     EA0 :                     .blck_alrdy:
(1) 1560/     EA0 :                     		addq.w	#1,d3			; Color changed
(1) 1561/     EA0 :                     .no_chng:
(1) 1562/     EA0 :                     		or.w	d1,d0
(1) 1563/     EA0 :                     		rol.w	#4,d6			; next << color
(1) 1564/     EA0 :                     		rol.w	#4,d5
(1) 1565/     EA0 :                     		rol.w	#4,d4
(1) 1566/     EA0 :                     	endm
(1) 1552/     EA0 : 3200                		move.w	d0,d1
(1) 1553/     EA2 : C245                		and.w	d5,d1			; Filter TARGET
(1) 1554/     EA4 : 670A                		beq.s	.no_chng
(1) 1555/     EA6 : C044                		and.w	d4,d0			; Filter OTHERS
(1) 1556/     EA8 : 9246                		sub.w	d6,d1
(1) 1557/     EAA : 6A02                		bpl.s	.blck_alrdy
(1) 1558/     EAC : 4241                		clr.w	d1
(1) 1559/     EAE :                     .blck_alrdy:
(1) 1560/     EAE : 5243                		addq.w	#1,d3			; Color changed
(1) 1561/     EB0 :                     .no_chng:
(1) 1562/     EB0 : 8041                		or.w	d1,d0
(1) 1563/     EB2 : E95E                		rol.w	#4,d6			; next << color
(1) 1564/     EB4 : E95D                		rol.w	#4,d5
(1) 1565/     EB6 : E95C                		rol.w	#4,d4
(1) 1552/     EB8 : 3200                		move.w	d0,d1
(1) 1553/     EBA : C245                		and.w	d5,d1			; Filter TARGET
(1) 1554/     EBC : 670A                		beq.s	.no_chng
(1) 1555/     EBE : C044                		and.w	d4,d0			; Filter OTHERS
(1) 1556/     EC0 : 9246                		sub.w	d6,d1
(1) 1557/     EC2 : 6A02                		bpl.s	.blck_alrdy
(1) 1558/     EC4 : 4241                		clr.w	d1
(1) 1559/     EC6 :                     .blck_alrdy:
(1) 1560/     EC6 : 5243                		addq.w	#1,d3			; Color changed
(1) 1561/     EC8 :                     .no_chng:
(1) 1562/     EC8 : 8041                		or.w	d1,d0
(1) 1563/     ECA : E95E                		rol.w	#4,d6			; next << color
(1) 1564/     ECC : E95D                		rol.w	#4,d5
(1) 1565/     ECE : E95C                		rol.w	#4,d4
(1) 1552/     ED0 : 3200                		move.w	d0,d1
(1) 1553/     ED2 : C245                		and.w	d5,d1			; Filter TARGET
(1) 1554/     ED4 : 670A                		beq.s	.no_chng
(1) 1555/     ED6 : C044                		and.w	d4,d0			; Filter OTHERS
(1) 1556/     ED8 : 9246                		sub.w	d6,d1
(1) 1557/     EDA : 6A02                		bpl.s	.blck_alrdy
(1) 1558/     EDC : 4241                		clr.w	d1
(1) 1559/     EDE :                     .blck_alrdy:
(1) 1560/     EDE : 5243                		addq.w	#1,d3			; Color changed
(1) 1561/     EE0 :                     .no_chng:
(1) 1562/     EE0 : 8041                		or.w	d1,d0
(1) 1563/     EE2 : E95E                		rol.w	#4,d6			; next << color
(1) 1564/     EE4 : E95D                		rol.w	#4,d5
(1) 1565/     EE6 : E95C                		rol.w	#4,d4
(1) 1567/     EE8 :                     	; we got $Exxx, rotate back to $xxxE:
(1) 1568/     EE8 : E95E                		rol.w	#4,d6
(1) 1569/     EEA : E95D                		rol.w	#4,d5
(1) 1570/     EEC : E95C                		rol.w	#4,d4
(1) 1571/     EEE : 3A80                		move.w	d0,(a5)
(1) 1572/     EF0 :                     .all_black:
(1) 1573/     EF0 : DAFC 0002           		adda	#2,a5
(1) 1574/     EF4 : 51CF FFA6           		dbf	d7,.next_color
(1) 1575/     EF8 : 4A43                		tst.w	d3
(1) 1576/     EFA : 678A                		beq	.pfade_del
(1) 1577/     EFC :                     .fdout_nend:
(1) 1578/     EFC : 4E75                		rts
(1) 1579/     EFE :                     
(1) 1580/     EFE :                     ; ----------------------------------------------------
(1) 1581/     EFE :                     ; Fade request $02
(1) 1582/     EFE :                     ; Fade-in
(1) 1583/     EFE :                     ; ----------------------------------------------------
(1) 1584/     EFE :                     
(1) 1585/     EFE :                     .fade_in:
(1) 1586/     EFE : 0246 000E           		andi.w	#%0000000000001110,d6	; d6 - Max increment
(1) 1587/     F02 : 3A3C 000E           		move.w	#%0000000000001110,d5	; d5 - Target filter
(1) 1588/     F06 : 383C 0EEE           		move.w	#$0EEE,d4		; d4 - Filter bits
(1) 1589/     F0A :                     .next_in:
(1) 1590/     F0A : 4847                		swap	d7
(1) 1591/     F0C : 3015                		move.w	(a5),d0			; d0 - Current
(1) 1592/     F0E : 3414                		move.w	(a4),d2			; d2 - Target
(1) 1593/     F10 : C044                		and.w	d4,d0
(1) 1594/     F12 : C444                		and.w	d4,d2
(1) 1595/     F14 : B042                		cmp.w	d2,d0
(1) 1596/     F16 : 6766                		beq.s	.same_in
(1) 1597/     F18 :                     	rept 3
(1) 1598/     F18 :                     		move.w	d0,d1
(1) 1599/     F18 :                     		move.w	d4,d3
(1) 1600/     F18 :                     		eor.w	d5,d3
(1) 1601/     F18 :                     		and.w	d3,d0
(1) 1602/     F18 :                     		move.w	d2,d3
(1) 1603/     F18 :                     		and.w	d5,d1		; filter CURRENT color
(1) 1604/     F18 :                     		and.w	d5,d3		; filter TARGET color
(1) 1605/     F18 :                     
(1) 1606/     F18 :                     		add.w	d6,d1		; ADD to current
(1) 1607/     F18 :                     		cmp.w	d3,d1
(1) 1608/     F18 :                     		bcs.s	.max_out
(1) 1609/     F18 :                     		move.w	d2,d1
(1) 1610/     F18 :                     		and.w	d5,d1
(1) 1611/     F18 :                     .max_out:
(1) 1612/     F18 :                     		addq.w	#1,d7
(1) 1613/     F18 :                     		or.w	d1,d0
(1) 1614/     F18 :                     		rol.w	#4,d6		; next << color
(1) 1615/     F18 :                     		rol.w	#4,d5
(1) 1616/     F18 :                     	endm
(1) 1598/     F18 : 3200                		move.w	d0,d1
(1) 1599/     F1A : 3604                		move.w	d4,d3
(1) 1600/     F1C : BB43                		eor.w	d5,d3
(1) 1601/     F1E : C043                		and.w	d3,d0
(1) 1602/     F20 : 3602                		move.w	d2,d3
(1) 1603/     F22 : C245                		and.w	d5,d1		; filter CURRENT color
(1) 1604/     F24 : C645                		and.w	d5,d3		; filter TARGET color
(1) 1605/     F26 :                     
(1) 1606/     F26 : D246                		add.w	d6,d1		; ADD to current
(1) 1607/     F28 : B243                		cmp.w	d3,d1
(1) 1608/     F2A : 6504                		bcs.s	.max_out
(1) 1609/     F2C : 3202                		move.w	d2,d1
(1) 1610/     F2E : C245                		and.w	d5,d1
(1) 1611/     F30 :                     .max_out:
(1) 1612/     F30 : 5247                		addq.w	#1,d7
(1) 1613/     F32 : 8041                		or.w	d1,d0
(1) 1614/     F34 : E95E                		rol.w	#4,d6		; next << color
(1) 1615/     F36 : E95D                		rol.w	#4,d5
(1) 1598/     F38 : 3200                		move.w	d0,d1
(1) 1599/     F3A : 3604                		move.w	d4,d3
(1) 1600/     F3C : BB43                		eor.w	d5,d3
(1) 1601/     F3E : C043                		and.w	d3,d0
(1) 1602/     F40 : 3602                		move.w	d2,d3
(1) 1603/     F42 : C245                		and.w	d5,d1		; filter CURRENT color
(1) 1604/     F44 : C645                		and.w	d5,d3		; filter TARGET color
(1) 1605/     F46 :                     
(1) 1606/     F46 : D246                		add.w	d6,d1		; ADD to current
(1) 1607/     F48 : B243                		cmp.w	d3,d1
(1) 1608/     F4A : 6504                		bcs.s	.max_out
(1) 1609/     F4C : 3202                		move.w	d2,d1
(1) 1610/     F4E : C245                		and.w	d5,d1
(1) 1611/     F50 :                     .max_out:
(1) 1612/     F50 : 5247                		addq.w	#1,d7
(1) 1613/     F52 : 8041                		or.w	d1,d0
(1) 1614/     F54 : E95E                		rol.w	#4,d6		; next << color
(1) 1615/     F56 : E95D                		rol.w	#4,d5
(1) 1598/     F58 : 3200                		move.w	d0,d1
(1) 1599/     F5A : 3604                		move.w	d4,d3
(1) 1600/     F5C : BB43                		eor.w	d5,d3
(1) 1601/     F5E : C043                		and.w	d3,d0
(1) 1602/     F60 : 3602                		move.w	d2,d3
(1) 1603/     F62 : C245                		and.w	d5,d1		; filter CURRENT color
(1) 1604/     F64 : C645                		and.w	d5,d3		; filter TARGET color
(1) 1605/     F66 :                     
(1) 1606/     F66 : D246                		add.w	d6,d1		; ADD to current
(1) 1607/     F68 : B243                		cmp.w	d3,d1
(1) 1608/     F6A : 6504                		bcs.s	.max_out
(1) 1609/     F6C : 3202                		move.w	d2,d1
(1) 1610/     F6E : C245                		and.w	d5,d1
(1) 1611/     F70 :                     .max_out:
(1) 1612/     F70 : 5247                		addq.w	#1,d7
(1) 1613/     F72 : 8041                		or.w	d1,d0
(1) 1614/     F74 : E95E                		rol.w	#4,d6		; next << color
(1) 1615/     F76 : E95D                		rol.w	#4,d5
(1) 1617/     F78 : E95E                		rol.w	#4,d6
(1) 1618/     F7A : E95D                		rol.w	#4,d5
(1) 1619/     F7C : 3A80                		move.w	d0,(a5)
(1) 1620/     F7E :                     .same_in:
(1) 1621/     F7E : DAFC 0002           		adda	#2,a5		; Next index
(1) 1622/     F82 : D8FC 0002           		adda	#2,a4
(1) 1623/     F86 : 4847                		swap	d7
(1) 1624/     F88 : 51CF FF80           		dbf	d7,.next_in
(1) 1625/     F8C : 4847                		swap	d7
(1) 1626/     F8E : 4A47                		tst.w	d7
(1) 1627/     F90 : 6700 FEF4           		beq	.pfade_del
(1) 1628/     F94 :                     .fdin_nend:
(1) 1629/     F94 : 4E75                		rts
(1) 1630/     F96 :                     
(1) 1631/     F96 :                     ; --------------------------------------------------------
(1) 1632/     F96 :                     ; Video_WaitFade
(1) 1633/     F96 :                     ;
(1) 1634/     F96 :                     ; CPU-saving version of System_Render when
(1) 1635/     F96 :                     ; waiting for a fade-in/fade-out
(1) 1636/     F96 :                     ;
(1) 1637/     F96 :                     ; THIS IS REQUIRED FOR 32X as
(1) 1638/     F96 :                     ; fading all 32X's 256 colors is too heavy for the 68000.
(1) 1639/     F96 :                     ; --------------------------------------------------------
(1) 1640/     F96 :                     
(1) 1641/     F96 :                     Video_WaitFade:
(1) 1642/     F96 :                     .loop:
(1) 1643/     F96 : 6100 0678           		bsr	System_Render
(1) 1644/     F9A : 4DF8 EA90           		lea	(RAM_PalFadeList).w,a6
(1) 1648/     F9E : 3E3C 0007           		move.w	#MAX_PALFDREQ-1,d7
(1) 1649/     FA2 : 7C00                		moveq	#0,d6
(1) 1650/     FA4 :                     .next_one:
(1) 1651/     FA4 : 8C16                		or.b	palfd_req(a6),d6
(1) 1652/     FA6 : DCFC 0008           		adda	#palfd_len,a6
(1) 1657/     FAA : 51CF FFF8           		dbf	d7,.next_one
(1) 1658/     FAE : 4A06                		tst.b	d6
(1) 1659/     FB0 : 66E4                		bne.s	.loop
(1) 1660/     FB2 : 4E75                		rts
(1) 1661/     FB4 :                     
(1) 1662/     FB4 :                     ; --------------------------------------------------------
(1) 1663/     FB4 :                     ; Video_FadeIn_Full
(1) 1664/     FB4 :                     ;
(1) 1665/     FB4 :                     ; Overwrites first entry on each's PalFadeList
(1) 1666/     FB4 :                     ; --------------------------------------------------------
(1) 1667/     FB4 :                     
(1) 1668/     FB4 :                     Video_FadeIn_Full:
(1) 1675/     FB4 : 7002                		moveq	#2,d0
(1) 1676/     FB6 : 223C 0000 0040      		move.l	#splitw(0,64),d1
(1) 1677/     FBC : 243C 0000 0001      		move.l	#splitw(0,1),d2
(1) 1678/     FC2 : 6116                		bsr	Video_MakeFade
(1) 1679/     FC4 : 60D0                		bra	Video_WaitFade
(1) 1680/     FC6 :                     
(1) 1681/     FC6 :                     ; --------------------------------------------------------
(1) 1682/     FC6 :                     ; Video_FadeIn_Full
(1) 1683/     FC6 :                     ;
(1) 1684/     FC6 :                     ; Overwrites first entry on each's PalFadeList
(1) 1685/     FC6 :                     ; --------------------------------------------------------
(1) 1686/     FC6 :                     
(1) 1687/     FC6 :                     Video_FadeOut_Full:
(1) 1694/     FC6 : 7001                		moveq	#1,d0
(1) 1695/     FC8 : 223C 0000 0040      		move.l	#splitw(0,64),d1
(1) 1696/     FCE : 243C 0000 0001      		move.l	#splitw(0,1),d2
(1) 1697/     FD4 : 6104                		bsr	Video_MakeFade
(1) 1698/     FD6 : 60BE                		bra	Video_WaitFade
(1) 1699/     FD8 :                     
(1) 1700/     FD8 :                     ; ============================================================
(1) 1701/     FD8 :                     ; --------------------------------------------------------
(1) 1702/     FD8 :                     ; Subroutines
(1) 1703/     FD8 :                     ; --------------------------------------------------------
(1) 1704/     FD8 :                     
(1) 1705/     FD8 :                     ; --------------------------------------------------------
(1) 1706/     FD8 :                     ; Video_MakeFade, Video_MdMars_MakeFade
(1) 1707/     FD8 :                     ;
(1) 1708/     FD8 :                     ; Make palette Fading (or other) request, for
(1) 1709/     FD8 :                     ; both VDP and SVDP
(1) 1710/     FD8 :                     ;
(1) 1711/     FD8 :                     ; Input:
(1) 1712/     FD8 :                     ; d0.w | Task number:
(1) 1713/     FD8 :                     ;        	$0000 - Fade-out
(1) 1714/     FD8 :                     ;        	$0001 - Fade-in
(1) 1715/     FD8 :                     ; d1.l | Start at/Number of colors: splitw(start,num)
(1) 1716/     FD8 :                     ; d2.l | Delay/Increment: splitw(delay,incr)
(1) 1717/     FD8 :                     ; --------------------------------------------------------
(1) 1718/     FD8 :                     
(1) 1719/     FD8 :                     Video_MdMars_MakeFade:
(1) 1728/     FD8 : 4E75                		rts
(1) 1729/     FDA :                     Video_MakeFade:
(1) 1730/     FDA : 48E7 0302           		movem.l	d6-d7/a6,-(sp)
(1) 1731/     FDE : 4DF8 EA90           		lea	(RAM_PalFadeList).w,a6
(1) 1732/     FE2 : 3E38 F0E0           		move.w	(RAM_IndxPalFade).w,d7
(1) 1733/     FE6 : 5278 F0E0           		addq.w	#1,(RAM_IndxPalFade).w
(1) 1734/     FEA : 6106                		bsr	vidMkFade_Go
(1) 1735/     FEC : 4CDF 40C0           		movem.l	(sp)+,d6-d7/a6
(1) 1736/     FF0 : 4E75                		rts
(1) 1737/     FF2 :                     vidMkFade_Go:
(1) 1738/     FF2 : 0287 0000 00FF      		andi.l	#$FF,d7
(1) 1739/     FF8 : E74F                		lsl.w	#3,d7			; index * 8
(1) 1740/     FFA : DCC7                		adda	d7,a6
(1) 1741/     FFC : 2E01                		move.l	d1,d7
(1) 1742/     FFE : 2C02                		move.l	d2,d6
(1) 1743/    1000 : 1C80                		move.b	d0,palfd_req(a6)
(1) 1744/    1002 : 3D47 0006           		move.w	d7,palfd_num(a6)
(1) 1745/    1006 : 1D46 0003           		move.b	d6,palfd_incr(a6)
(1) 1746/    100A : 4846                		swap	d6
(1) 1747/    100C : 4847                		swap	d7
(1) 1748/    100E : 1D47 0002           		move.b	d7,palfd_start(a6)
(1) 1749/    1012 : 1D46 0001           		move.b	d6,palfd_delay(a6)
(1) 1750/    1016 : 4E75                		rts
(1) 1751/    1018 :                     
(1) 1752/    1018 :                     ; --------------------------------------------------------
(1) 1753/    1018 :                     ; Video_LoadPal, Video_FadePal
(1) 1754/    1018 :                     ;
(1) 1755/    1018 :                     ; Load VDP palette data, either current or for fading.
(1) 1756/    1018 :                     ;
(1) 1757/    1018 :                     ; Input:
(1) 1758/    1018 :                     ; a0   | Palette data
(1) 1759/    1018 :                     ; d0.w | Starting color index
(1) 1760/    1018 :                     ; d1.w | Number of colors
(1) 1761/    1018 :                     ; --------------------------------------------------------
(1) 1762/    1018 :                     
(1) 1763/    1018 :                     Video_FadePal:
(1) 1764/    1018 : 48E7 0306           		movem.l	d6-d7/a5-a6,-(sp)
(1) 1765/    101C : 4DF8 EED0           		lea	(RAM_PaletteFade).w,a6
(1) 1766/    1020 : 6008                		bra.s	vidMd_Pal
(1) 1767/    1022 :                     ; 		movem.l	(sp)+,d6-d7/a5-a6
(1) 1768/    1022 :                     ; 		rts
(1) 1769/    1022 :                     Video_LoadPal:
(1) 1770/    1022 : 48E7 0306           		movem.l	d6-d7/a5-a6,-(sp)
(1) 1771/    1026 : 4DF8 EA10           		lea	(RAM_Palette).w,a6
(1) 1772/    102A :                     ; 		bsr.s	vidMd_Pal
(1) 1773/    102A :                     ; 		movem.l	(sp)+,d6-d7/a5-a6
(1) 1774/    102A :                     ; 		rts
(1) 1775/    102A :                     
(1) 1776/    102A :                     ; --------------------------------------------------------
(1) 1777/    102A :                     vidMd_Pal:
(1) 1778/    102A : 2A48                		move.l	a0,a5
(1) 1779/    102C : 7E00                		moveq	#0,d7
(1) 1780/    102E : 3E00                		move.w	d0,d7
(1) 1781/    1030 : DE47                		add.w	d7,d7
(1) 1782/    1032 : DCC7                		adda	d7,a6
(1) 1783/    1034 : 3E01                		move.w	d1,d7
(1) 1784/    1036 : 5347                		subq.w	#1,d7
(1) 1785/    1038 : 6B0E                		bmi.s	.bad
(1) 1786/    103A : 3C02                		move.w	d2,d6
(1) 1787/    103C : 0246 0001           		andi.w	#1,d6
(1) 1788/    1040 : E25E                		ror.w	#1,d6
(1) 1789/    1042 :                     .loop:
(1) 1790/    1042 : 3CDD                		move.w	(a5)+,(a6)+
(1) 1791/    1044 : 51CF FFFC           		dbf	d7,.loop
(1) 1792/    1048 :                     .bad:
(1) 1793/    1048 : 4CDF 60C0           		movem.l	(sp)+,d6-d7/a5-a6
(1) 1794/    104C : 4E75                		rts
(1) 1795/    104E :                     
(1) 1796/    104E :                     ; --------------------------------------------------------
(1) 1797/    104E :                     ; Video_LoadPal_List, Video_FadePal_List
(1) 1798/    104E :                     ;
(1) 1799/    104E :                     ; Loads palettes on bulk with a list
(1) 1800/    104E :                     ;
(1) 1801/    104E :                     ; Input:
(1) 1802/    104E :                     ; a0 | List of graphics to load:
(1) 1803/    104E :                     ;        dc.w numof_entries
(1) 1804/    104E :                     ;        dc.l palette_data
(1) 1805/    104E :                     ;        dc.w start_at
(1) 1806/    104E :                     ;        dc.w numof_colors
(1) 1807/    104E :                     ;        ; ...more entries
(1) 1808/    104E :                     ; --------------------------------------------------------
(1) 1809/    104E :                     
(1) 1810/    104E :                     Video_LoadPal_List:
(1) 1811/    104E : 48E7 0104           		movem.l	d7/a5,-(sp)
(1) 1812/    1052 : 2A48                		move.l	a0,a5
(1) 1813/    1054 : 3E1D                		move.w	(a5)+,d7
(1) 1814/    1056 : 6710                		beq.s	.invalid
(1) 1815/    1058 : 6B0E                		bmi.s	.invalid
(1) 1816/    105A : 5347                		subq.w	#1,d7
(1) 1817/    105C :                     .next_one:
(1) 1818/    105C : 205D                		move.l	(a5)+,a0
(1) 1819/    105E : 301D                		move.w	(a5)+,d0
(1) 1820/    1060 : 321D                		move.w	(a5)+,d1
(1) 1821/    1062 : 61BE                		bsr	Video_LoadPal
(1) 1822/    1064 : 51CF FFF6           		dbf	d7,.next_one
(1) 1823/    1068 :                     .invalid:
(1) 1824/    1068 : 4CDF 2080           		movem.l	(sp)+,d7/a5
(1) 1825/    106C : 4E75                		rts
(1) 1826/    106E :                     
(1) 1827/    106E :                     Video_FadePal_List:
(1) 1828/    106E : 48E7 0104           		movem.l	d7/a5,-(sp)
(1) 1829/    1072 : 2A48                		move.l	a0,a5
(1) 1830/    1074 : 3E1D                		move.w	(a5)+,d7
(1) 1831/    1076 : 6710                		beq.s	.invalid
(1) 1832/    1078 : 6B0E                		bmi.s	.invalid
(1) 1833/    107A : 5347                		subq.w	#1,d7
(1) 1834/    107C :                     .next_one:
(1) 1835/    107C : 205D                		move.l	(a5)+,a0
(1) 1836/    107E : 301D                		move.w	(a5)+,d0
(1) 1837/    1080 : 321D                		move.w	(a5)+,d1
(1) 1838/    1082 : 6194                		bsr	Video_FadePal
(1) 1839/    1084 : 51CF FFF6           		dbf	d7,.next_one
(1) 1840/    1088 :                     .invalid:
(1) 1841/    1088 : 4CDF 2080           		movem.l	(sp)+,d7/a5
(1) 1842/    108C : 4E75                		rts
(1) 1843/    108E :                     
(1) 1844/    108E :                     ; ====================================================================
(1) 1845/    108E :                     ; ----------------------------------------------------------------
(1) 1846/    108E :                     ; Text PRINT system.
(1) 1847/    108E :                     ; ----------------------------------------------------------------
(1) 1848/    108E :                     
(1) 1849/    108E :                     ; --------------------------------------------------------
(1) 1850/    108E :                     ; Video_PrintInit, Video_PrintInitW
(1) 1851/    108E :                     ;
(1) 1852/    108E :                     ; Initializes the default Graphics and Palette
(1) 1853/    108E :                     ; for the font.
(1) 1854/    108E :                     ;
(1) 1855/    108E :                     ; Input:
(1) 1856/    108E :                     ; d0.l | Graphics data
(1) 1857/    108E :                     ;        $20 (" ") to $7F ("[DEL]")
(1) 1858/    108E :                     ;        * Default labels:
(1) 1859/    108E :                     ;        ASCII_FONT   for 8x8
(1) 1860/    108E :                     ;        ASCII_FONT_W for 8x16
(1) 1861/    108E :                     ;
(1) 1862/    108E :                     ; d1.w | VRAM output location to load and use
(1) 1863/    108E :                     ;        the ASCII text including attribute
(1) 1864/    108E :                     ;        settings (Palette and Priority)
(1) 1865/    108E :                     ;        * Defualt values:
(1) 1866/    108E :                     ;        DEF_PrintVram  for 8x8
(1) 1867/    108E :                     ;        DEF_PrintVramW for 8x16
(1) 1868/    108E :                     ;
(1) 1869/    108E :                     ; Breaks:
(1) 1870/    108E :                     ; d0-d3
(1) 1871/    108E :                     ;
(1) 1872/    108E :                     ; Notes:
(1) 1873/    108E :                     ; - Only call this when the VDP DISPLAY is OFF
(1) 1874/    108E :                     ; - Write your palette manually after this
(1) 1875/    108E :                     ; --------------------------------------------------------
(1) 1876/    108E :                     
(1) 1877/    108E :                     Video_PrintInitW:
(1) 1878/    108E : 343C 1800           		move.w	#($60*$20)*2,d2			; Graphics data from " " to "[DEL]"
(1) 1879/    1092 : 6004                		bra.s	vidPrint_Init
(1) 1880/    1094 :                     Video_PrintInit:
(1) 1881/    1094 : 343C 0C00           		move.w	#($60*$20),d2			; Graphics data from " " to "[DEL]"
(1) 1882/    1098 :                     vidPrint_Init:
(1) 1883/    1098 : EB49                		lsl.w	#5,d1				; VRAM location to real position
(1) 1884/    109A : 6000 F958           		bra	Video_LoadArt
(1) 1885/    109E :                     
(1) 1886/    109E :                     ; --------------------------------------------------------
(1) 1887/    109E :                     ; Video_PrintDefPal, Video_PrintDefPal_Fade
(1) 1888/    109E :                     ;
(1) 1889/    109E :                     ; Loads default palette for the font
(1) 1890/    109E :                     ; --------------------------------------------------------
(1) 1891/    109E :                     
(1) 1892/    109E :                     Video_PrintDefPal_Fade:
(1) 1893/    109E : 2F0E                		move.l	a6,-(sp)
(1) 1894/    10A0 : 4DF8 EF30           		lea	(RAM_PaletteFade+$60).w,a6		; Palette line 4:
(1) 1895/    10A4 : 6006                		bra.s	vid_FontDefPal
(1) 1896/    10A6 :                     Video_PrintDefPal:
(1) 1897/    10A6 : 2F0E                		move.l	a6,-(sp)
(1) 1898/    10A8 : 4DF8 EA70           		lea	(RAM_Palette+$60).w,a6			; Palette line 4
(1) 1899/    10AC :                     vid_FontDefPal:
(1) 1900/    10AC : 3CFC 0000           		move.w	#$0000,(a6)+				; black (background)
(1) 1901/    10B0 : 3CFC 0EEE           		move.w	#$0EEE,(a6)+				; white
(1) 1902/    10B4 : 3CFC 0888           		move.w	#$0888,(a6)+				; gray
(1) 1903/    10B8 : 2C5F                		move.l	(sp)+,a6
(1) 1904/    10BA : 4E75                		rts
(1) 1905/    10BC :                     
(1) 1906/    10BC :                     ; --------------------------------------------------------
(1) 1907/    10BC :                     ; Video_Print, Video_PrintW
(1) 1908/    10BC :                     ;
(1) 1909/    10BC :                     ; Prints a text string, VDP side.
(1) 1910/    10BC :                     ;
(1) 1911/    10BC :                     ; Input:
(1) 1912/    10BC :                     ; a0   | String data
(1) 1913/    10BC :                     ; d0.w | X position
(1) 1914/    10BC :                     ; d1.w | Y position
(1) 1915/    10BC :                     ; d2.w | Font VRAM location
(1) 1916/    10BC :                     ; d3.l | Screen width / Screen VRAM location:
(1) 1917/    10BC :                     ;        splitw(width,vram_out)
(1) 1918/    10BC :                     ;
(1) 1919/    10BC :                     ; * Font VRAM location
(1) 1920/    10BC :                     ; Default 8x8:  DEF_PrintVram
(1) 1921/    10BC :                     ; Default 8x16: DEF_PrintVramW
(1) 1922/    10BC :                     ;
(1) 1923/    10BC :                     ; * Screen VRAM
(1) 1924/    10BC :                     ; Foreground: DEF_VRAM_FG
(1) 1925/    10BC :                     ; Background: DEF_VRAM_BG
(1) 1926/    10BC :                     ; Window:     DEF_VRAM_WD
(1) 1927/    10BC :                     ;
(1) 1928/    10BC :                     ; * Screen Width
(1) 1929/    10BC :                     ; $040 (DEF_HSIZE_32)
(1) 1930/    10BC :                     ; $080 (DEF_HSIZE_64)
(1) 1931/    10BC :                     ; $100 (DEF_HSIZE_128)
(1) 1932/    10BC :                     ;
(1) 1933/    10BC :                     ; Notes:
(1) 1934/    10BC :                     ; - Initialize your graphics and VRAM location
(1) 1935/    10BC :                     ;   with Video_PrintInit
(1) 1936/    10BC :                     ; - Only Video_PrintW can be used in double-interlace
(1) 1937/    10BC :                     ;   mode.
(1) 1938/    10BC :                     ; --------------------------------------------------------
(1) 1939/    10BC :                     
(1) 1940/    10BC :                     ; dc.l pstr(type,ram_location)
(1) 1941/    10BC :                     ;
(1) 1942/    10BC :                     ; type:
(1) 1943/    10BC :                     ; 0 - Byte
(1) 1944/    10BC :                     ; 1 - Word
(1) 1945/    10BC :                     ; 2 - 24-bit
(1) 1946/    10BC :                     ; 3 - Long
(1) 1947/    10BC :                     
(1) 1948/    10BC :                     Video_Print:
(1) 1949/    10BC : 48E7 0F0E           		movem.l	d4-d7/a4-a6,-(sp)
(1) 1950/    10C0 : 4DF9 00C0 0000      		lea	(vdp_data).l,a6
(1) 1951/    10C6 : 3E03                		move.w	d3,d7
(1) 1952/    10C8 : 3A00                		move.w	d0,d5
(1) 1953/    10CA : DA45                		add.w	d5,d5
(1) 1954/    10CC : 3801                		move.w	d1,d4
(1) 1955/    10CE : 4843                		swap	d3
(1) 1956/    10D0 : C8C3                		mulu.w	d3,d4
(1) 1957/    10D2 : DA44                		add.w	d4,d5
(1) 1958/    10D4 : DE45                		add.w	d5,d7
(1) 1959/    10D6 : 3C03                		move.w	d3,d6
(1) 1960/    10D8 : 4843                		swap	d3
(1) 1961/    10DA : 7A00                		moveq	#0,d5
(1) 1962/    10DC : 3A07                		move.w	d7,d5
(1) 1963/    10DE : 0247 3FFF           		andi.w	#$3FFF,d7
(1) 1964/    10E2 : 8E7C 4000           		or.w	#$4000,d7
(1) 1965/    10E6 : E55D                		rol.w	#2,d5
(1) 1966/    10E8 : 0245 0003           		andi.w	#%11,d5
(1) 1967/    10EC : 4845                		swap	d5
(1) 1968/    10EE : 2A48                		move.l	a0,a5
(1) 1969/    10F0 :                     .loop:
(1) 1970/    10F0 : 3806                		move.w	d6,d4
(1) 1971/    10F2 : 5344                		subq.w	#1,d4
(1) 1972/    10F4 : CA44                		and.w	d4,d5
(1) 1973/    10F6 :                     
(1) 1974/    10F6 : 3807                		move.w	d7,d4
(1) 1975/    10F8 : D845                		add.w	d5,d4
(1) 1976/    10FA : 4845                		swap	d5
(1) 1977/    10FC : 3D44 0004           		move.w	d4,4(a6)
(1) 1978/    1100 : 3D45 0004           		move.w	d5,4(a6)
(1) 1979/    1104 : 4845                		swap	d5
(1) 1980/    1106 :                     .q_loop:
(1) 1981/    1106 : 181D                		move.b	(a5)+,d4
(1) 1982/    1108 : 671E                		beq.s	.exit
(1) 1983/    110A : 6B22                		bmi.s	.special
(1) 1984/    110C : 0C04 000A           		cmpi.b	#$0A,d4
(1) 1985/    1110 : 6710                		beq.s	.next
(1) 1986/    1112 :                     ; ------------------------------------------------
(1) 1987/    1112 :                     ; Normal text
(1) 1988/    1112 : 0244 00FF           		andi.w	#$FF,d4
(1) 1989/    1116 :                     ; 		add.w	(RAM_SetPrntVram).w,d4
(1) 1990/    1116 : D842                		add.w	d2,d4
(1) 1991/    1118 : 0444 0020           		subi.w	#$20,d4
(1) 1992/    111C : 3C84                		move.w	d4,(a6)
(1) 1993/    111E : 5445                		addq.w	#2,d5
(1) 1994/    1120 : 60E4                		bra.s	.q_loop
(1) 1995/    1122 :                     .next:
(1) 1996/    1122 : 4245                		clr.w	d5
(1) 1997/    1124 : DE46                		add.w	d6,d7			; Next line
(1) 1998/    1126 : 60C8                		bra.s	.loop
(1) 1999/    1128 :                     .exit:
(1) 2000/    1128 : 4CDF 70F0           		movem.l	(sp)+,d4-d7/a4-a6
(1) 2001/    112C : 4E75                		rts
(1) 2002/    112E :                     ; ------------------------------------------------
(1) 2003/    112E :                     ; Show value
(1) 2004/    112E :                     ; d4 - $80|flags
(1) 2005/    112E :                     .special:
(1) 2006/    112E : 4846                		swap	d6
(1) 2007/    1130 : 1C04                		move.b	d4,d6
(1) 2008/    1132 : E19C                		rol.l	#8,d4
(1) 2009/    1134 : 181D                		move.b	(a5)+,d4	; $00xx0000
(1) 2010/    1136 : E19C                		rol.l	#8,d4
(1) 2011/    1138 : 181D                		move.b	(a5)+,d4	; $0000xx00
(1) 2012/    113A : E19C                		rol.l	#8,d4
(1) 2013/    113C : 181D                		move.b	(a5)+,d4	; $000000xx
(1) 2014/    113E : 2844                		move.l	d4,a4
(1) 2015/    1140 : 6100 01B6           		bsr	vid_PrintTVal
(1) 2016/    1144 : 60AA                		bra	.loop
(1) 2017/    1146 :                     
(1) 2018/    1146 :                     ; --------------------------------------------------------
(1) 2019/    1146 :                     ; 8x16 version
(1) 2020/    1146 :                     ; --------------------------------------------------------
(1) 2021/    1146 :                     
(1) 2022/    1146 :                     Video_PrintW:
(1) 2023/    1146 : 48E7 0F1E           		movem.l	d4-d7/a3-a6,-(sp)
(1) 2024/    114A : 4DF9 00C0 0000      		lea	(vdp_data).l,a6
(1) 2025/    1150 :                     ; 		move.w	(RAM_SetPrntVramW).w,d6
(1) 2026/    1150 : 3C02                		move.w	d2,d6
(1) 2027/    1152 : 0446 0040           		subi.w	#$20*2,d6
(1) 2028/    1156 : 3A38 F0F6           		move.w	(RAM_VdpRegSetC).w,d5
(1) 2029/    115A : 0805 0002           		btst	#2,d5
(1) 2030/    115E : 670E                		beq.s	.no_dble_y
(1) 2031/    1160 : 3E06                		move.w	d6,d7
(1) 2032/    1162 : 0247 F800           		andi.w	#$F800,d7
(1) 2033/    1166 : 0246 07FF           		andi.w	#$7FF,d6
(1) 2034/    116A : E24E                		lsr.w	#1,d6
(1) 2035/    116C : 8C47                		or.w	d7,d6
(1) 2036/    116E :                     .no_dble_y:
(1) 2037/    116E : 4846                		swap	d6
(1) 2038/    1170 : 3E03                		move.w	d3,d7
(1) 2039/    1172 : 3A00                		move.w	d0,d5
(1) 2040/    1174 : DA45                		add.w	d5,d5
(1) 2041/    1176 : 3801                		move.w	d1,d4
(1) 2042/    1178 : 4843                		swap	d3
(1) 2043/    117A : C8C3                		mulu.w	d3,d4
(1) 2044/    117C : DA44                		add.w	d4,d5
(1) 2045/    117E : DE45                		add.w	d5,d7
(1) 2046/    1180 : 3C03                		move.w	d3,d6
(1) 2047/    1182 : 4843                		swap	d3
(1) 2048/    1184 :                     
(1) 2049/    1184 : 7A00                		moveq	#0,d5
(1) 2050/    1186 : 3A07                		move.w	d7,d5
(1) 2051/    1188 : 0247 3FFF           		andi.w	#$3FFF,d7
(1) 2052/    118C : 8E7C 4000           		or.w	#$4000,d7
(1) 2053/    1190 : E55D                		rol.w	#2,d5
(1) 2054/    1192 : 0245 0003           		andi.w	#%11,d5
(1) 2055/    1196 : 4845                		swap	d5
(1) 2056/    1198 : 2A48                		move.l	a0,a5
(1) 2057/    119A :                     	; d7 -      TEMP       | VDP write left
(1) 2058/    119A :                     	; d6 -      TEMP       | Y next-line size
(1) 2059/    119A :                     	; d5 - VDP write right | X current pos
(1) 2060/    119A :                     	; d4 -                 | TEMP
(1) 2061/    119A :                     .loop:
(1) 2062/    119A : 3806                		move.w	d6,d4
(1) 2063/    119C : 5344                		subq.w	#1,d4
(1) 2064/    119E : CA44                		and.w	d4,d5
(1) 2065/    11A0 : 181D                		move.b	(a5)+,d4
(1) 2066/    11A2 : 6776                		beq.s	.exit
(1) 2067/    11A4 : 6B7A                		bmi.s	.special
(1) 2068/    11A6 : 0C04 000A           		cmpi.b	#$0A,d4
(1) 2069/    11AA : 6766                		beq.s	.next
(1) 2070/    11AC :                     ; ------------------------------------------------
(1) 2071/    11AC :                     ; Normal text
(1) 2072/    11AC : 0244 00FF           		andi.w	#$FF,d4
(1) 2073/    11B0 : 4847                		swap	d7
(1) 2074/    11B2 : 3E38 F0F6           		move.w	(RAM_VdpRegSetC).w,d7
(1) 2075/    11B6 : 0807 0002           		btst	#2,d7
(1) 2076/    11BA : 671E                		beq.s	.ver_normal
(1) 2077/    11BC : 4846                		swap	d6
(1) 2078/    11BE : D846                		add.w	d6,d4
(1) 2079/    11C0 : 4846                		swap	d6
(1) 2080/    11C2 : 4844                		swap	d4
(1) 2081/    11C4 : 4847                		swap	d7
(1) 2082/    11C6 : 3807                		move.w	d7,d4
(1) 2083/    11C8 : D845                		add.w	d5,d4
(1) 2084/    11CA : 4845                		swap	d5
(1) 2085/    11CC : 3D44 0004           		move.w	d4,4(a6)
(1) 2086/    11D0 : 3D45 0004           		move.w	d5,4(a6)
(1) 2087/    11D4 : 4844                		swap	d4
(1) 2088/    11D6 : 3C84                		move.w	d4,(a6)
(1) 2089/    11D8 : 6032                		bra.s	.ver_cont
(1) 2090/    11DA :                     .ver_normal:
(1) 2091/    11DA : D844                		add.w	d4,d4
(1) 2092/    11DC : 4846                		swap	d6
(1) 2093/    11DE : D846                		add.w	d6,d4
(1) 2094/    11E0 : 4846                		swap	d6
(1) 2095/    11E2 : 4844                		swap	d4
(1) 2096/    11E4 : 4847                		swap	d7
(1) 2097/    11E6 : 3807                		move.w	d7,d4
(1) 2098/    11E8 : D845                		add.w	d5,d4
(1) 2099/    11EA : 4845                		swap	d5
(1) 2100/    11EC : 3D44 0004           		move.w	d4,4(a6)
(1) 2101/    11F0 : 3D45 0004           		move.w	d5,4(a6)
(1) 2102/    11F4 : 4844                		swap	d4
(1) 2103/    11F6 : 3C84                		move.w	d4,(a6)
(1) 2104/    11F8 : 5244                		addq.w	#1,d4
(1) 2105/    11FA : 4844                		swap	d4
(1) 2106/    11FC : D846                		add.w	d6,d4
(1) 2107/    11FE : 3D44 0004           		move.w	d4,4(a6)
(1) 2108/    1202 : 3D45 0004           		move.w	d5,4(a6)
(1) 2109/    1206 : 4844                		swap	d4
(1) 2110/    1208 : 3C84                		move.w	d4,(a6)
(1) 2111/    120A : 4844                		swap	d4
(1) 2112/    120C :                     
(1) 2113/    120C :                     .ver_cont:
(1) 2114/    120C : 4845                		swap	d5
(1) 2115/    120E : 5445                		addq.w	#2,d5		; Next VDP X pos
(1) 2116/    1210 : 6088                		bra.s	.loop
(1) 2117/    1212 :                     .next:
(1) 2118/    1212 : 4245                		clr.w	d5		; Clear X pos
(1) 2119/    1214 : DE46                		add.w	d6,d7		; Next Y line
(1) 2120/    1216 : DE46                		add.w	d6,d7		; twice
(1) 2121/    1218 : 6080                		bra	.loop
(1) 2122/    121A :                     .exit:
(1) 2123/    121A : 4CDF 78F0           		movem.l	(sp)+,d4-d7/a3-a6
(1) 2124/    121E : 4E75                		rts
(1) 2125/    1220 :                     ; ------------------------------------------------
(1) 2126/    1220 :                     ; Show value
(1) 2127/    1220 :                     ; d4 - $80|flags
(1) 2128/    1220 :                     .special:
(1) 2129/    1220 : 2646                		move.l	d6,a3
(1) 2130/    1222 : 1C04                		move.b	d4,d6
(1) 2131/    1224 : E19C                		rol.l	#8,d4
(1) 2132/    1226 : 181D                		move.b	(a5)+,d4	; $00xx0000
(1) 2133/    1228 : E19C                		rol.l	#8,d4
(1) 2134/    122A : 181D                		move.b	(a5)+,d4	; $0000xx00
(1) 2135/    122C : E19C                		rol.l	#8,d4
(1) 2136/    122E : 181D                		move.b	(a5)+,d4	; $000000xx
(1) 2137/    1230 : 2844                		move.l	d4,a4
(1) 2138/    1232 : 6100 0130           		bsr	vid_PrintTValW
(1) 2139/    1236 : 6000 FF62           		bra	.loop
(1) 2140/    123A :                     
(1) 2141/    123A :                     ; --------------------------------------------------------
(1) 2142/    123A :                     ; Video_PrintVal, Video_PrintValW
(1) 2143/    123A :                     ;
(1) 2144/    123A :                     ; Prints a memory value
(1) 2145/    123A :                     ;
(1) 2146/    123A :                     ; Input:
(1) 2147/    123A :                     ; a0   | Memory location to read
(1) 2148/    123A :                     ; a1   | Type:
(1) 2149/    123A :                     ;        	0 - Byte
(1) 2150/    123A :                     ;        	1 - Word
(1) 2151/    123A :                     ;        	2 - Longword but as a 24-bit address
(1) 2152/    123A :                     ;        	3 - Full Longword
(1) 2153/    123A :                     ;
(1) 2154/    123A :                     ; d0.w | X position
(1) 2155/    123A :                     ; d1.w | Y position
(1) 2156/    123A :                     ; d2.w | Font VRAM location
(1) 2157/    123A :                     ; d3.l | Screen width / Screen VRAM location:
(1) 2158/    123A :                     ;        splitw(width,vram_out)
(1) 2159/    123A :                     ;
(1) 2160/    123A :                     ; * Font VRAM location
(1) 2161/    123A :                     ; Default 8x8:  DEF_PrintVram
(1) 2162/    123A :                     ; Default 8x16: DEF_PrintVramW
(1) 2163/    123A :                     ;
(1) 2164/    123A :                     ; * Screen VRAM
(1) 2165/    123A :                     ; Foreground: DEF_VRAM_FG
(1) 2166/    123A :                     ; Background: DEF_VRAM_BG
(1) 2167/    123A :                     ; Window:     DEF_VRAM_WD
(1) 2168/    123A :                     ;
(1) 2169/    123A :                     ; * Screen Width
(1) 2170/    123A :                     ; $040 (DEF_HSIZE_32)
(1) 2171/    123A :                     ; $080 (DEF_HSIZE_64)
(1) 2172/    123A :                     ; $100 (DEF_HSIZE_128)
(1) 2173/    123A :                     ;
(1) 2174/    123A :                     ; Notes:
(1) 2175/    123A :                     ; - Initialize your graphics and VRAM location
(1) 2176/    123A :                     ;   with Video_PrintInit
(1) 2177/    123A :                     ; - Only Video_PrintW can be used in double-interlace
(1) 2178/    123A :                     ;   mode.
(1) 2179/    123A :                     ; --------------------------------------------------------
(1) 2180/    123A :                     
(1) 2181/    123A :                     Video_PrintVal:
(1) 2182/    123A : 48E7 0F0E           		movem.l	d4-d7/a4-a6,-(sp)
(1) 2183/    123E : 4DF9 00C0 0000      		lea	(vdp_data).l,a6
(1) 2184/    1244 : 3E03                		move.w	d3,d7
(1) 2185/    1246 : 3A00                		move.w	d0,d5
(1) 2186/    1248 : DA45                		add.w	d5,d5
(1) 2187/    124A : 3801                		move.w	d1,d4
(1) 2188/    124C : 4843                		swap	d3
(1) 2189/    124E : C8C3                		mulu.w	d3,d4
(1) 2190/    1250 : DA44                		add.w	d4,d5
(1) 2191/    1252 : DE45                		add.w	d5,d7
(1) 2192/    1254 : 3C03                		move.w	d3,d6
(1) 2193/    1256 : 4843                		swap	d3
(1) 2194/    1258 : 7A00                		moveq	#0,d5
(1) 2195/    125A : 3A07                		move.w	d7,d5
(1) 2196/    125C : 0247 3FFF           		andi.w	#$3FFF,d7
(1) 2197/    1260 : 8E7C 4000           		or.w	#$4000,d7
(1) 2198/    1264 : E55D                		rol.w	#2,d5
(1) 2199/    1266 : 0245 0003           		andi.w	#%11,d5
(1) 2200/    126A : 4845                		swap	d5
(1) 2201/    126C : 2A48                		move.l	a0,a5
(1) 2202/    126E :                     .loop:
(1) 2203/    126E : 3806                		move.w	d6,d4
(1) 2204/    1270 : 5344                		subq.w	#1,d4
(1) 2205/    1272 : CA44                		and.w	d4,d5
(1) 2206/    1274 :                     
(1) 2207/    1274 : 3807                		move.w	d7,d4
(1) 2208/    1276 : D845                		add.w	d5,d4
(1) 2209/    1278 : 4845                		swap	d5
(1) 2210/    127A : 3D44 0004           		move.w	d4,4(a6)
(1) 2211/    127E : 3D45 0004           		move.w	d5,4(a6)
(1) 2212/    1282 : 4845                		swap	d5
(1) 2213/    1284 :                     .q_loop:
(1) 2214/    1284 : 2848                		move.l	a0,a4
(1) 2215/    1286 : 3C09                		move.w	a1,d6
(1) 2216/    1288 : 616E                		bsr	vid_PrintTVal
(1) 2217/    128A : 4CDF 70F0           		movem.l	(sp)+,d4-d7/a4-a6
(1) 2218/    128E : 4E75                		rts
(1) 2219/    1290 :                     
(1) 2220/    1290 :                     ; --------------------------------------------------------
(1) 2221/    1290 :                     ; 8x16 version
(1) 2222/    1290 :                     ; --------------------------------------------------------
(1) 2223/    1290 :                     
(1) 2224/    1290 :                     Video_PrintValW:
(1) 2225/    1290 : 48E7 0F1E           		movem.l	d4-d7/a3-a6,-(sp)
(1) 2226/    1294 : 4DF9 00C0 0000      		lea	(vdp_data).l,a6
(1) 2227/    129A :                     ; 		move.w	(RAM_SetPrntVramW).w,d6
(1) 2228/    129A : 3C02                		move.w	d2,d6
(1) 2229/    129C : 0446 0040           		subi.w	#$20*2,d6
(1) 2230/    12A0 : 3A38 F0F6           		move.w	(RAM_VdpRegSetC).w,d5
(1) 2231/    12A4 : 0805 0002           		btst	#2,d5
(1) 2232/    12A8 : 670E                		beq.s	.no_dble_y
(1) 2233/    12AA : 3E06                		move.w	d6,d7
(1) 2234/    12AC : 0247 F800           		andi.w	#$F800,d7
(1) 2235/    12B0 : 0246 07FF           		andi.w	#$7FF,d6
(1) 2236/    12B4 : E24E                		lsr.w	#1,d6
(1) 2237/    12B6 : 8C47                		or.w	d7,d6
(1) 2238/    12B8 :                     .no_dble_y:
(1) 2239/    12B8 : 4846                		swap	d6
(1) 2240/    12BA : 3E03                		move.w	d3,d7
(1) 2241/    12BC : 3A00                		move.w	d0,d5
(1) 2242/    12BE : DA45                		add.w	d5,d5
(1) 2243/    12C0 : 3801                		move.w	d1,d4
(1) 2244/    12C2 : 4843                		swap	d3
(1) 2245/    12C4 : C8C3                		mulu.w	d3,d4
(1) 2246/    12C6 : DA44                		add.w	d4,d5
(1) 2247/    12C8 : DE45                		add.w	d5,d7
(1) 2248/    12CA : 3C03                		move.w	d3,d6
(1) 2249/    12CC : 4843                		swap	d3
(1) 2250/    12CE :                     
(1) 2251/    12CE : 7A00                		moveq	#0,d5
(1) 2252/    12D0 : 3A07                		move.w	d7,d5
(1) 2253/    12D2 : 0247 3FFF           		andi.w	#$3FFF,d7
(1) 2254/    12D6 : 8E7C 4000           		or.w	#$4000,d7
(1) 2255/    12DA : E55D                		rol.w	#2,d5
(1) 2256/    12DC : 0245 0003           		andi.w	#%11,d5
(1) 2257/    12E0 : 4845                		swap	d5
(1) 2258/    12E2 : 2A48                		move.l	a0,a5
(1) 2259/    12E4 :                     	; d7 -      TEMP       | VDP write left
(1) 2260/    12E4 :                     	; d6 -      TEMP       | Y next-line size
(1) 2261/    12E4 :                     	; d5 - VDP write right | X current pos
(1) 2262/    12E4 :                     	; d4 -                 | TEMP
(1) 2263/    12E4 :                     .loop:
(1) 2264/    12E4 : 3806                		move.w	d6,d4
(1) 2265/    12E6 : 5344                		subq.w	#1,d4
(1) 2266/    12E8 : CA44                		and.w	d4,d5
(1) 2267/    12EA : 2646                		move.l	d6,a3
(1) 2268/    12EC : 2848                		move.l	a0,a4
(1) 2269/    12EE : 3C09                		move.w	a1,d6
(1) 2270/    12F0 : 6172                		bsr	vid_PrintTValW
(1) 2271/    12F2 : 4CDF 78F0           		movem.l	(sp)+,d4-d7/a3-a6
(1) 2272/    12F6 : 4E75                		rts
(1) 2273/    12F8 :                     
(1) 2274/    12F8 :                     ; ------------------------------------------------
(1) 2275/    12F8 :                     ; a4 - Memory value
(1) 2276/    12F8 :                     ; d6 - Type
(1) 2277/    12F8 :                     
(1) 2278/    12F8 :                     vid_PrintTVal:
(1) 2279/    12F8 : 0246 0003           		andi.w	#%11,d6
(1) 2280/    12FC : 4847                		swap	d7
(1) 2281/    12FE : 3E3C 0000           		move.w	#1-1,d7
(1) 2282/    1302 : BC3C 0003           		cmp.b	#$03,d6
(1) 2283/    1306 : 6724                		beq.s	.show_long
(1) 2284/    1308 : BC3C 0002           		cmp.b	#$02,d6
(1) 2285/    130C : 6716                		beq.s	.show_24
(1) 2286/    130E : BC3C 0001           		cmp.b	#$01,d6
(1) 2287/    1312 : 6708                		beq.s	.show_word
(1) 2288/    1314 :                     .show_byte:
(1) 2289/    1314 : 1814                		move.b	(a4),d4
(1) 2290/    1316 : 4844                		swap	d4
(1) 2291/    1318 : E19C                		rol.l	#8,d4
(1) 2292/    131A : 6014                		bra.s	.mk_value
(1) 2293/    131C :                     .show_word:
(1) 2294/    131C : 3814                		move.w	(a4),d4
(1) 2295/    131E : 4844                		swap	d4
(1) 2296/    1320 : 5247                		addq.w	#1,d7
(1) 2297/    1322 : 600C                		bra.s	.mk_value
(1) 2298/    1324 :                     .show_24:
(1) 2299/    1324 : 2814                		move.l	(a4),d4
(1) 2300/    1326 : E19C                		rol.l	#8,d4
(1) 2301/    1328 : 5447                		addq.w	#2,d7
(1) 2302/    132A : 6004                		bra.s	.mk_value
(1) 2303/    132C :                     .show_long:
(1) 2304/    132C : 2814                		move.l	(a4),d4
(1) 2305/    132E : 5647                		addq.w	#3,d7
(1) 2306/    1330 :                     .mk_value:
(1) 2307/    1330 : E99C                		rol.l	#4,d4
(1) 2308/    1332 : 610E                		bsr.s	.show_nibbl
(1) 2309/    1334 : E99C                		rol.l	#4,d4
(1) 2310/    1336 : 610A                		bsr.s	.show_nibbl
(1) 2311/    1338 : 51CF FFF6           		dbf	d7,.mk_value
(1) 2312/    133C : 4846                		swap	d6
(1) 2313/    133E : 4847                		swap	d7
(1) 2314/    1340 : 4E75                		rts
(1) 2315/    1342 :                     .show_nibbl:
(1) 2316/    1342 : 2846                		move.l	d6,a4
(1) 2317/    1344 : 1C04                		move.b	d4,d6
(1) 2318/    1346 : 0246 000F           		andi.w	#$0F,d6
(1) 2319/    134A : 0C46 000A           		cmpi.w	#$0A,d6
(1) 2320/    134E : 6502                		bcs.s	.hex_incr
(1) 2321/    1350 : 5E46                		addq.w	#7,d6
(1) 2322/    1352 : DC7C 0030           .hex_incr:	add.w	#"0",d6
(1) 2323/    1356 :                     ; 		add.w	(RAM_SetPrntVram).w,d6
(1) 2324/    1356 : DC42                		add.w	d2,d6
(1) 2325/    1358 : 0446 0020           		subi.w	#$20,d6
(1) 2326/    135C : 3C86                		move.w	d6,(a6)
(1) 2327/    135E : 5445                		addq.w	#2,d5
(1) 2328/    1360 : 2C0C                		move.l	a4,d6
(1) 2329/    1362 : 4E75                		rts
(1) 2330/    1364 :                     
(1) 2331/    1364 :                     ; ------------------------------------------------
(1) 2332/    1364 :                     
(1) 2333/    1364 :                     vid_PrintTValW:
(1) 2334/    1364 : 0246 0003           		andi.w	#%11,d6
(1) 2335/    1368 : 4847                		swap	d7
(1) 2336/    136A : 3E3C 0000           		move.w	#1-1,d7
(1) 2337/    136E : BC3C 0003           		cmp.b	#$03,d6
(1) 2338/    1372 : 6724                		beq.s	.show_long
(1) 2339/    1374 : BC3C 0002           		cmp.b	#$02,d6
(1) 2340/    1378 : 6716                		beq.s	.show_24
(1) 2341/    137A : BC3C 0001           		cmp.b	#$01,d6
(1) 2342/    137E : 6708                		beq.s	.show_word
(1) 2343/    1380 :                     .show_byte:
(1) 2344/    1380 : 1814                		move.b	(a4),d4
(1) 2345/    1382 : 4844                		swap	d4
(1) 2346/    1384 : E19C                		rol.l	#8,d4
(1) 2347/    1386 : 6014                		bra.s	.mk_value_in
(1) 2348/    1388 :                     .show_word:
(1) 2349/    1388 : 3814                		move.w	(a4),d4
(1) 2350/    138A : 4844                		swap	d4
(1) 2351/    138C : 5247                		addq.w	#1,d7
(1) 2352/    138E : 600C                		bra.s	.mk_value_in
(1) 2353/    1390 :                     .show_24:
(1) 2354/    1390 : 2814                		move.l	(a4),d4
(1) 2355/    1392 : E19C                		rol.l	#8,d4
(1) 2356/    1394 : 5447                		addq.w	#2,d7
(1) 2357/    1396 : 6004                		bra.s	.mk_value_in
(1) 2358/    1398 :                     .show_long:
(1) 2359/    1398 : 2814                		move.l	(a4),d4
(1) 2360/    139A : 5647                		addq.w	#3,d7
(1) 2361/    139C :                     .mk_value_in:
(1) 2362/    139C : 2C0B                		move.l	a3,d6
(1) 2363/    139E :                     
(1) 2364/    139E :                     
(1) 2365/    139E :                     	; d4 - value
(1) 2366/    139E : 4846                		swap	d6
(1) 2367/    13A0 :                     .mk_value:
(1) 2368/    13A0 : E99C                		rol.l	#4,d4
(1) 2369/    13A2 : 610E                		bsr.s	.show_nibbl
(1) 2370/    13A4 : E99C                		rol.l	#4,d4
(1) 2371/    13A6 : 610A                		bsr.s	.show_nibbl
(1) 2372/    13A8 : 51CF FFF6           		dbf	d7,.mk_value
(1) 2373/    13AC : 4846                		swap	d6
(1) 2374/    13AE : 4847                		swap	d7
(1) 2375/    13B0 : 4E75                		rts
(1) 2376/    13B2 :                     
(1) 2377/    13B2 :                     	; d6 - Y next-line size | TEMP
(1) 2378/    13B2 :                     .show_nibbl:
(1) 2379/    13B2 : 2846                		move.l	d6,a4
(1) 2380/    13B4 : 2644                		move.l	d4,a3
(1) 2381/    13B6 : 3C38 F0F6           		move.w	(RAM_VdpRegSetC).w,d6
(1) 2382/    13BA : 0806 0002           		btst	#2,d6
(1) 2383/    13BE : 6730                		beq.s	.nibbl_norm
(1) 2384/    13C0 :                     
(1) 2385/    13C0 :                     	; TODO CHECAR ESTO
(1) 2386/    13C0 : 616C                		bsr.s	.get_preval
(1) 2387/    13C2 : 0446 0020           		subi.w	#$20,d6
(1) 2388/    13C6 : 4847                		swap	d7
(1) 2389/    13C8 :                     ; 		move.w	(RAM_SetPrntVramW).w,d4
(1) 2390/    13C8 : 3802                		move.w	d2,d4
(1) 2391/    13CA : 0244 07FF           		andi.w	#$7FF,d4
(1) 2392/    13CE : E24C                		lsr.w	#1,d4
(1) 2393/    13D0 : DC44                		add.w	d4,d6
(1) 2394/    13D2 :                     ; 		move.w	(RAM_SetPrntVramW).w,d4
(1) 2395/    13D2 : 3802                		move.w	d2,d4
(1) 2396/    13D4 : 0244 F800           		andi.w	#$F800,d4
(1) 2397/    13D8 : 8C44                		or.w	d4,d6
(1) 2398/    13DA : 3807                		move.w	d7,d4
(1) 2399/    13DC : 4847                		swap	d7
(1) 2400/    13DE : D845                		add.w	d5,d4
(1) 2401/    13E0 : 4845                		swap	d5
(1) 2402/    13E2 : 3D44 0004           		move.w	d4,4(a6)
(1) 2403/    13E6 : 3D45 0004           		move.w	d5,4(a6)
(1) 2404/    13EA : 4845                		swap	d5
(1) 2405/    13EC : 3C86                		move.w	d6,(a6)
(1) 2406/    13EE : 6036                		bra.s	.nibbl_cont
(1) 2407/    13F0 :                     
(1) 2408/    13F0 :                     .nibbl_norm:
(1) 2409/    13F0 : 613C                		bsr.s	.get_preval
(1) 2410/    13F2 : 0446 0020           		subi.w	#$20,d6
(1) 2411/    13F6 : DC46                		add.w	d6,d6
(1) 2412/    13F8 : DC42                		add.w	d2,d6
(1) 2413/    13FA : 4847                		swap	d7
(1) 2414/    13FC : 3807                		move.w	d7,d4
(1) 2415/    13FE : 4847                		swap	d7
(1) 2416/    1400 : D845                		add.w	d5,d4
(1) 2417/    1402 : 4845                		swap	d5
(1) 2418/    1404 : 3D44 0004           		move.w	d4,4(a6)
(1) 2419/    1408 : 3D45 0004           		move.w	d5,4(a6)
(1) 2420/    140C : 4845                		swap	d5
(1) 2421/    140E : 3C86                		move.w	d6,(a6)
(1) 2422/    1410 : 5246                		addq.w	#1,d6
(1) 2423/    1412 : 4846                		swap	d6
(1) 2424/    1414 : D846                		add.w	d6,d4
(1) 2425/    1416 : 4846                		swap	d6
(1) 2426/    1418 : 4845                		swap	d5
(1) 2427/    141A : 3D44 0004           		move.w	d4,4(a6)
(1) 2428/    141E : 3D45 0004           		move.w	d5,4(a6)
(1) 2429/    1422 : 4845                		swap	d5
(1) 2430/    1424 : 3C86                		move.w	d6,(a6)
(1) 2431/    1426 :                     .nibbl_cont:
(1) 2432/    1426 : 5445                		addq.w	#2,d5
(1) 2433/    1428 : 2C0C                		move.l	a4,d6
(1) 2434/    142A : 280B                		move.l	a3,d4
(1) 2435/    142C : 4E75                		rts
(1) 2436/    142E :                     
(1) 2437/    142E :                     .get_preval:
(1) 2438/    142E : 1C04                		move.b	d4,d6
(1) 2439/    1430 : 0246 000F           		andi.w	#$0F,d6
(1) 2440/    1434 : 0C46 000A           		cmpi.w	#$0A,d6
(1) 2441/    1438 : 6502                		bcs.s	.hex_incr
(1) 2442/    143A : 5E46                		addq.w	#7,d6
(1) 2443/    143C :                     .hex_incr:
(1) 2444/    143C : DC7C 0030           		add.w	#"0",d6
(1) 2445/    1440 : 4E75                		rts
(1) 2446/    1442 :                     
(1) 2447/    1442 :                     ; ====================================================================
(1) 2448/    1442 :                     ; ----------------------------------------------------------------
(1) 2449/    1442 :                     ; VDP Sprites
(1) 2450/    1442 :                     ; ----------------------------------------------------------------
(1) 2451/    1442 :                     
(1) 2452/    1442 :                     ; --------------------------------------------------------
(1) 2453/    1442 :                     ; Video_SetSpr, Video_MakeSpr
(1) 2454/    1442 :                     ;
(1) 2455/    1442 :                     ; Sets or Makes a VDP Sprite piece
(1) 2456/    1442 :                     ;
(1) 2457/    1442 :                     ; Input:
(1) 2458/    1442 :                     ; a0   | Slot (0-80) for _SetSpr
(1) 2459/    1442 :                     ; d0.w | X pos
(1) 2460/    1442 :                     ; d1.w | Y pos
(1) 2461/    1442 :                     ; d2.w | VRAM
(1) 2462/    1442 :                     ; d3.w | Size
(1) 2463/    1442 :                     ;
(1) 2464/    1442 :                     ; Returns:
(1) 2465/    1442 :                     ; bcc | OK
(1) 2466/    1442 :                     ; bcs | Ran out of slots (not sprites)
(1) 2467/    1442 :                     ; --------------------------------------------------------
(1) 2468/    1442 :                     
(1) 2469/    1442 :                     Video_SetSpr:
(1) 2470/    1442 : 48E7 0302           		movem.l	d6-d7/a6,-(sp)
(1) 2471/    1446 : 2E08                		move.l	a0,d7
(1) 2472/    1448 : 7C00                		moveq	#0,d6
(1) 2473/    144A : 6020                		bra	vidMdSpr_MkSpr
(1) 2474/    144C :                     Video_MakeSpr:
(1) 2475/    144C : 48E7 0302           		movem.l	d6-d7/a6,-(sp)
(1) 2476/    1450 : 7E00                		moveq	#0,d7
(1) 2477/    1452 : 4DF8 EC50           		lea	(RAM_SprPzList).w,a6
(1) 2478/    1456 : 7C4F                		moveq	#80-1,d6
(1) 2479/    1458 :                     .chk_free:
(1) 2480/    1458 : 0816 0007           		btst	#7,(a6)
(1) 2481/    145C : 670C                		beq.s	.mk_spr
(1) 2482/    145E : 5247                		addq.w	#1,d7
(1) 2483/    1460 : DCFC 0008           		adda	#8,a6
(1) 2484/    1464 : 51CE FFF2           		dbf	d6,.chk_free
(1) 2485/    1468 : 605C                		bra.s	vidMd_CError
(1) 2486/    146A :                     .mk_spr:
(1) 2487/    146A : 7C40                		moveq	#$40,d6
(1) 2488/    146C :                     vidMdSpr_MkSpr:
(1) 2489/    146C : 0287 0000 00FF      		andi.l	#$FF,d7
(1) 2490/    1472 : BE7C 0050           		cmp.w	#80,d7
(1) 2491/    1476 : 6C4E                		bge.s	vidMd_CError
(1) 2492/    1478 : E74F                		lsl.w	#3,d7
(1) 2493/    147A : 0687 FFFF EC50      		addi.l	#RAM_SprPzList,d7
(1) 2494/    1480 : 2C47                		move.l	d7,a6
(1) 2495/    1482 : 4846                		swap	d6
(1) 2496/    1484 : 3E01                		move.w	d1,d7			; Y pos
(1) 2497/    1486 : 0647 0080           		addi.w	#$80,d7			; +$80
(1) 2498/    148A : 0838 0002 F0F7      		btst	#2,(RAM_VdpRegSetC+1).w
(1) 2499/    1490 : 6704                		beq.s	.dont_add
(1) 2500/    1492 : 0647 0080           		addi.w	#$80,d7
(1) 2501/    1496 :                     .dont_add:
(1) 2502/    1496 : 0247 03FF           		andi.w	#$3FF,d7
(1) 2503/    149A : 3C03                		move.w	d3,d6
(1) 2504/    149C : 0246 000F           		andi.w	#%1111,d6
(1) 2505/    14A0 : E14E                		lsl.w	#8,d6
(1) 2506/    14A2 : E54E                		lsl.w	#2,d6
(1) 2507/    14A4 : 8E46                		or.w	d6,d7			; %00ssssyyyyyyyyyy
(1) 2508/    14A6 : 4846                		swap	d6
(1) 2509/    14A8 : E14E                		lsl.w	#8,d6
(1) 2510/    14AA : 8E7C 8000           		or.w	#$8000,d7
(1) 2511/    14AE : 8E46                		or.w	d6,d7
(1) 2512/    14B0 : 3CC7                		move.w	d7,(a6)+
(1) 2513/    14B2 : 3E00                		move.w	d0,d7
(1) 2514/    14B4 : 0647 0080           		addi.w	#$80,d7
(1) 2515/    14B8 : 3CC7                		move.w	d7,(a6)+
(1) 2516/    14BA : 3CC2                		move.w	d2,(a6)+
(1) 2517/    14BC : 4CDF 40C0           		movem.l	(sp)+,d6-d7/a6
(1) 2518/    14C0 : 023C 001E           		and	#%11110,ccr		; Return OK
(1) 2519/    14C4 : 4E75                		rts
(1) 2520/    14C6 :                     ; Carry error
(1) 2521/    14C6 :                     vidMd_CError:
(1) 2522/    14C6 : 4CDF 40C0           		movem.l	(sp)+,d6-d7/a6
(1) 2523/    14CA : 003C 0001           		or	#1,ccr			; Return Error
(1) 2524/    14CE :                     vidMd_CFreeze:
(1) 2525/    14CE : 4E75                		rts
(1) 2526/    14D0 :                     
(1) 2527/    14D0 :                     ; --------------------------------------------------------
(1) 2528/    14D0 :                     ; Video_SetSprMap, Video_MakeSprMap
(1) 2529/    14D0 :                     ; Video_SetSprMap_DMA, Video_MakeSprMap_DMA
(1) 2530/    14D0 :                     ;
(1) 2531/    14D0 :                     ; Sets or Makes a VDP Sprite with map data
(1) 2532/    14D0 :                     ;
(1) 2533/    14D0 :                     ; Input:
(1) 2534/    14D0 :                     ; a0   | Slot (0-80) for _SetSprMap/_SetSprMap_DMA
(1) 2535/    14D0 :                     ; a1   | Map data
(1) 2536/    14D0 :                     ; a2   | PLC data (_DMA/_DMA_Auto ONLY)
(1) 2537/    14D0 :                     ; a3   | Graphics data (_DMA/_DMA_Auto ONLY)
(1) 2538/    14D0 :                     ; d0.w | X position
(1) 2539/    14D0 :                     ; d1.w | Y position
(1) 2540/    14D0 :                     ; d2.w | VRAM output location
(1) 2541/    14D0 :                     ;        For _DMA_Auto: VRAM's attribute bits,
(1) 2542/    14D0 :                     ;        cell vram is ignored.
(1) 2543/    14D0 :                     ; d3.w | Frame number
(1) 2544/    14D0 :                     ;
(1) 2545/    14D0 :                     ; Returns:
(1) 2546/    14D0 :                     ; bcc | OK
(1) 2547/    14D0 :                     ; bcs | Ran out of slots (not sprites)
(1) 2548/    14D0 :                     ; --------------------------------------------------------
(1) 2549/    14D0 :                     
(1) 2550/    14D0 :                     Video_SetSprMap_DMA:
(1) 2551/    14D0 : 48E7 F0E0           		movem.l	d0-d3/a0-a2,-(sp)
(1) 2552/    14D4 : 6104                		bsr	Video_SetSprMap
(1) 2553/    14D6 : 651E                		bcs.s	vid_MkDmaCarry
(1) 2554/    14D8 : 6012                		bra	vid_MkDmaNext
(1) 2555/    14DA :                     Video_SetSprMap:
(1) 2556/    14DA : 48E7 0302           		movem.l	d6-d7/a6,-(sp)
(1) 2557/    14DE : 2E08                		move.l	a0,d7
(1) 2558/    14E0 : 7C00                		moveq	#0,d6
(1) 2559/    14E2 : 6036                		bra	vidMdSpr_MkSprMap
(1) 2560/    14E4 :                     Video_MakeSprMap_DMA:
(1) 2561/    14E4 : 48E7 F0E0           		movem.l	d0-d3/a0-a2,-(sp)
(1) 2562/    14E8 : 6112                		bsr	Video_MakeSprMap
(1) 2563/    14EA : 650A                		bcs.s	vid_MkDmaCarry
(1) 2564/    14EC :                     vid_MkDmaNext:
(1) 2565/    14EC : 204A                		move.l	a2,a0			; Redirect these regs
(1) 2566/    14EE : 224B                		move.l	a3,a1
(1) 2567/    14F0 : 3003                		move.w	d3,d0
(1) 2568/    14F2 : 3202                		move.w	d2,d1
(1) 2569/    14F4 : 6160                		bsr	vid_MkMapDma
(1) 2570/    14F6 :                     vid_MkDmaCarry:
(1) 2571/    14F6 : 4CDF 070F           		movem.l	(sp)+,d0-d3/a0-a2
(1) 2572/    14FA : 4E75                		rts
(1) 2573/    14FC :                     
(1) 2574/    14FC :                     Video_MakeSprMap:
(1) 2575/    14FC : 48E7 0302           		movem.l	d6-d7/a6,-(sp)
(1) 2576/    1500 : 7E00                		moveq	#0,d7
(1) 2577/    1502 : 4DF8 EAD0           		lea	(RAM_SprMapList).w,a6
(1) 2578/    1506 : 7C17                		moveq	#MAX_MDMAPSPR-1,d6
(1) 2579/    1508 :                     .chk_free:
(1) 2580/    1508 : 4A16                		tst.b	(a6)
(1) 2581/    150A : 670C                		beq.s	.mk_spr
(1) 2582/    150C : 5247                		addq.w	#1,d7
(1) 2583/    150E : DCFC 0010           		adda	#$10,a6
(1) 2584/    1512 : 51CE FFF4           		dbf	d6,.chk_free
(1) 2585/    1516 : 60AE                		bra	vidMd_CError
(1) 2586/    1518 :                     .mk_spr:
(1) 2587/    1518 : 7C40                		moveq	#$40,d6
(1) 2588/    151A :                     vidMdSpr_MkSprMap:
(1) 2589/    151A : 0287 0000 00FF      		andi.l	#$FF,d7
(1) 2590/    1520 : BE7C 0018           		cmp.w	#MAX_MDMAPSPR,d7
(1) 2591/    1524 : 6CA0                		bge	vidMd_CError
(1) 2592/    1526 : E98F                		lsl.l	#4,d7
(1) 2593/    1528 : 0687 FFFF EAD0      		addi.l	#RAM_SprMapList,d7
(1) 2594/    152E : 2C47                		move.l	d7,a6
(1) 2595/    1530 : 2E09                		move.l	a1,d7
(1) 2596/    1532 : 8C7C 0080           		or.w	#$80,d6
(1) 2597/    1536 : 4846                		swap	d6
(1) 2598/    1538 : E18E                		lsl.l	#8,d6
(1) 2599/    153A : CEBC 00FF FFFF      		and.l	#$FFFFFF,d7
(1) 2600/    1540 : 8E86                		or.l	d6,d7
(1) 2601/    1542 : 2CC7                		move.l	d7,(a6)+		; $00 - Map data
(1) 2602/    1544 : 3CC3                		move.w	d3,(a6)+		; $04 - Frame
(1) 2603/    1546 : 3CC2                		move.w	d2,(a6)+		; $06 - VRAM
(1) 2604/    1548 : 3CC0                		move.w	d0,(a6)+		; $08 - X pos
(1) 2605/    154A : 3CC1                		move.w	d1,(a6)+		; $0A - Y pos
(1) 2606/    154C : 4CDF 40C0           		movem.l	(sp)+,d6-d7/a6
(1) 2607/    1550 : 023C 001E           		and	#%11110,ccr		; Return OK
(1) 2608/    1554 : 4E75                		rts
(1) 2609/    1556 :                     
(1) 2610/    1556 :                     ; --------------------------------------------------------
(1) 2611/    1556 :                     ; Input:
(1) 2612/    1556 :                     ; a0   | DMA map data
(1) 2613/    1556 :                     ; a1   | Graphics data
(1) 2614/    1556 :                     ; d0.w | Current frame in DMA list
(1) 2615/    1556 :                     ; d1.w | VRAM position
(1) 2616/    1556 :                     ;
(1) 2617/    1556 :                     ; USES:
(1) 2618/    1556 :                     ; a6
(1) 2619/    1556 :                     vid_MkMapDma:
(1) 2620/    1556 : 48E7 0F02           		movem.l	d4-d7/a6,-(sp)		; SAVE a6
(1) 2621/    155A : 7800                		moveq	#0,d4
(1) 2622/    155C : 0240 00FF           		andi.w	#$FF,d0
(1) 2623/    1560 : D040                 		add.w	d0,d0
(1) 2624/    1562 : 3830 0000           		move.w	(a0,d0.w),d4
(1) 2625/    1566 : D0C4                 		adda	d4,a0
(1) 2626/    1568 : 3818                 		move.w	(a0)+,d4
(1) 2627/    156A : 6734                 		beq.s	.no_dma			; If no valid entries, exit.
(1) 2628/    156C : 6B32                 		bmi.s	.no_dma
(1) 2629/    156E : 5344                 		subq.w	#1,d4
(1) 2630/    1570 : 0241 07FF           		andi.w	#$07FF,d1
(1) 2631/    1574 : EB49                		lsl.w	#5,d1
(1) 2632/    1576 :                     .next_pz:
(1) 2633/    1576 : 4844                		swap	d4
(1) 2634/    1578 : 3818                		move.w	(a0)+,d4
(1) 2635/    157A : 3404                		move.w	d4,d2
(1) 2636/    157C : EE4A                		lsr.w	#7,d2
(1) 2637/    157E : 0242 01E0           		andi.w	#$1E0,d2
(1) 2638/    1582 : D47C 0020           		add.w	#$20,d2
(1) 2639/    1586 : 7000                		moveq	#0,d0
(1) 2640/    1588 : 3004                		move.w	d4,d0
(1) 2641/    158A : 0240 0FFF           		andi.w	#$FFF,d0
(1) 2642/    158E : EB48                		lsl.w	#5,d0
(1) 2643/    1590 : D089                		add.l	a1,d0
(1) 2644/    1592 : 6100 F666           		bsr	Video_MakeDmaEntry
(1) 2645/    1596 : D242                		add.w	d2,d1
(1) 2646/    1598 : 4844                		swap	d4
(1) 2647/    159A : 51CC FFDA           		dbf	d4,.next_pz
(1) 2648/    159E : EA49                		lsr.w	#5,d1			; Get d1 back
(1) 2649/    15A0 :                     .no_dma:
(1) 2650/    15A0 : 4CDF 40F0           		movem.l	(sp)+,d4-d7/a6		; Restore a6
(1) 2651/    15A4 : 4E75                		rts
(1) 2652/    15A6 :                     
(1) 2653/    15A6 :                     ; ====================================================================
(1) 2654/    15A6 :                     ; ----------------------------------------------------------------
(1) 2655/    15A6 :                     ; Video routines for SEGA CD
(1) 2656/    15A6 :                     ; ----------------------------------------------------------------
(1) 2657/    15A6 :                     
(1) 3193/    15A6 :                     
(1) 3194/    15A6 :                     ; ====================================================================
(1) 3195/    15A6 :                     ; ----------------------------------------------------------------
(1) 3196/    15A6 :                     ; Video routines for 32X
(1) 3197/    15A6 :                     ; ----------------------------------------------------------------
(1) 3198/    15A6 :                     
(1) 3933/    15A6 :                     
     182/    15A6 :                     		include	"nikona/md/system.asm"
(1)    1/    15A6 :                     ; ===========================================================================
(1)    2/    15A6 :                     ; ----------------------------------------------------------------
(1)    3/    15A6 :                     ; Genesis system routines
(1)    4/    15A6 :                     ;
(1)    5/    15A6 :                     ; including SCD, 32X and PICO.
(1)    6/    15A6 :                     ; ----------------------------------------------------------------
(1)    7/    15A6 :                     
(1)    8/    15A6 :                     ; ====================================================================
(1)    9/    15A6 :                     ; --------------------------------------------------------
(1)   10/    15A6 :                     ; Settings
(1)   11/    15A6 :                     ; --------------------------------------------------------
(1)   12/    15A6 :                     
(1)   13/    15A6 : ="SAVE"              TAG_SRAMDATA		equ "SAVE"	; 4-letter savefile id
(1)   14/    15A6 :                     
(1)   15/    15A6 :                     ; ===================================================================
(1)   16/    15A6 :                     ; --------------------------------------------------------
(1)   17/    15A6 :                     ; Variables
(1)   18/    15A6 :                     ; --------------------------------------------------------
(1)   19/    15A6 :                     
(1)   20/    15A6 :                     ; ------------------------------------------------
(1)   21/    15A6 :                     ; Controller buffer data
(1)   22/    15A6 :                     ;
(1)   23/    15A6 :                     ; MUST call System_Input during VBlank
(1)   24/    15A6 :                     ; ------------------------------------------------
(1)   25/    15A6 :                     
(1)   26/    15A6 :                     ; ------------------------------------------------
(1)   27/    15A6 :                     ; pad_id
(1)   28/    15A6 :                     ;
(1)   29/    15A6 :                     ; JoyID_MD:
(1)   30/    15A6 :                     ; Read pad_ver separately to check if controller
(1)   31/    15A6 :                     ; is 3button(0) or 6button(1)
(1)   32/    15A6 :                     ; ------------------------------------------------
(1)   33/    15A6 :                     
(1)   34/    15A6 :                     ;!@
(1)   35/    15A6 : =$5                  JoyCount		equ	$05		;!@ Number of controller ports
(1)   36/    15A6 : =$3                  JoyID_Mouse		equ $03
(1)   37/    15A6 : =$D                  JoyID_MD		equ $0D
(1)   38/    15A6 : =$F                  JoyID_MS		equ $0F		; <-- Same ID for no controller
(1)   39/    15A6 :                     
(1)   40/    15A6 :                     ; ------------------------------------------------
(1)   41/    15A6 :                     ; Genesis controller
(1)   42/    15A6 :                     ; ------------------------------------------------
(1)   43/    15A6 :                     
(1)   44/    15A6 : =$1                  JoyUp			equ $0001
(1)   45/    15A6 : =$2                  JoyDown			equ $0002
(1)   46/    15A6 : =$4                  JoyLeft			equ $0004
(1)   47/    15A6 : =$8                  JoyRight		equ $0008
(1)   48/    15A6 : =$10                 JoyB			equ $0010
(1)   49/    15A6 : =$20                 JoyC			equ $0020
(1)   50/    15A6 : =$40                 JoyA			equ $0040
(1)   51/    15A6 : =$80                 JoyStart		equ $0080
(1)   52/    15A6 : =$100                JoyZ			equ $0100
(1)   53/    15A6 : =$200                JoyY			equ $0200
(1)   54/    15A6 : =$400                JoyX			equ $0400
(1)   55/    15A6 : =$800                JoyMode			equ $0800
(1)   56/    15A6 : =$0                  bitJoyUp		equ 0
(1)   57/    15A6 : =$1                  bitJoyDown		equ 1
(1)   58/    15A6 : =$2                  bitJoyLeft		equ 2
(1)   59/    15A6 : =$3                  bitJoyRight		equ 3
(1)   60/    15A6 : =$4                  bitJoyB			equ 4
(1)   61/    15A6 : =$5                  bitJoyC			equ 5
(1)   62/    15A6 : =$6                  bitJoyA			equ 6
(1)   63/    15A6 : =$7                  bitJoyStart		equ 7
(1)   64/    15A6 : =$8                  bitJoyZ			equ 8
(1)   65/    15A6 : =$9                  bitJoyY			equ 9
(1)   66/    15A6 : =$A                  bitJoyX			equ 10
(1)   67/    15A6 : =$B                  bitJoyMode		equ 11
(1)   68/    15A6 :                     
(1)   69/    15A6 :                     ; ------------------------------------------------
(1)   70/    15A6 :                     ; Mega Mouse
(1)   71/    15A6 :                     ;
(1)   72/    15A6 :                     ; pad_x and pad_y are speed increment values,
(1)   73/    15A6 :                     ; NOT screen position.
(1)   74/    15A6 :                     ; ------------------------------------------------
(1)   75/    15A6 :                     
(1)   76/    15A6 : =$1                  ClickR			equ $0001
(1)   77/    15A6 : =$2                  ClickL			equ $0002
(1)   78/    15A6 : =$4                  ClickM			equ $0004	; US MOUSE ONLY
(1)   79/    15A6 : =$8                  ClickS			equ $0008	; (Untested)
(1)   80/    15A6 : =$0                  bitClickL		equ 0
(1)   81/    15A6 : =$1                  bitClickR		equ 1
(1)   82/    15A6 : =$2                  bitClickM		equ 2
(1)   83/    15A6 : =$3                  bitClickS		equ 3
(1)   84/    15A6 :                     
(1)   85/    15A6 :                     ; ------------------------------------------------
(1)   86/    15A6 :                     ; Sega PICO
(1)   87/    15A6 :                     ; Directons U/D/L/R use the same bits as Genesis.
(1)   88/    15A6 :                     ;
(1)   89/    15A6 :                     ; For reading the pen use pad_x and pad_y
(1)   90/    15A6 :                     ; pad_y:
(1)   91/    15A6 :                     ; $0000-$00EF - Tablet area
(1)   92/    15A6 :                     ; $0100-$01EF - Storyware area
(1)   93/    15A6 :                     ; ------------------------------------------------
(1)   94/    15A6 :                     
(1)   95/    15A6 : =$10                 JoyRED			equ $0010
(1)   96/    15A6 : =$80                 JoyPEN			equ $0080
(1)   97/    15A6 : =$4                  bitJoyRED		equ 4
(1)   98/    15A6 : =$7                  bitJoyPEN		equ 7
(1)   99/    15A6 :                     
(1)  100/    15A6 :                     ; ====================================================================
(1)  101/    15A6 :                     ; ----------------------------------------------------------------
(1)  102/    15A6 :                     ; Structs
(1)  103/    15A6 :                     ; ----------------------------------------------------------------
(1)  104/    15A6 :                     
(1)  105/    15A6 :                     ; ------------------------------------------------
(1)  106/    15A6 :                     ; RAM_InputData
(1)  107/    15A6 :                     ; ------------------------------------------------
(1)  108/    15A6 :                     
(1)  109/       0 :                     pad			struct
(1)  110/       0 :                     id			ds.b 1		; Controller ID
(1)  111/       1 :                     ver			ds.b 1		; Controller type/revision
(1)  112/       2 :                     hold		ds.w 1		; HOLD bits
(1)  113/       4 :                     press		ds.w 1		; PRESSED bits
(1)  114/       6 :                     release		ds.w 1		; RELEASED bits
(1)  115/       8 :                     x			ds.w 1		; Mouse/Pen X speed
(1)  116/       A :                     y			ds.w 1		; Mouse/Pen Y speed
(1)  117/       C :                     page		ds.w 1		; PICO page
(1)  118/       E :                     pageRaw		ds.w 1		; PICO page (raw, all bits)
(1)  119/      10 :                     ext			ds.w 1
(1)  120/      12 :                     port		ds.l 1		;!@ MMIO addr for the controller port
(1)  121/      16 :                     ; pad_len		ds.l 0
(1)  122/    15A6 : =$16                 			endstruct
(1)  123/    15A6 :                     
(1)  124/    15A6 :                     ; ------------------------------------------------
(1)  125/    15A6 :                     ; The object's memory
(1)  126/    15A6 :                     ; ------------------------------------------------
(1)  127/    15A6 :                     
(1)  128/       0 :                     obj			struct
(1)  129/       0 :                     code			ds.l 1		; Object code, If 0 == blank slot
(1)  130/       4 :                     x			ds.l 1		; Object X Position $xxxx.0000
(1)  131/       8 :                     y			ds.l 1		; Object Y Position $yyyy.0000
(1)  132/       C :                     z			ds.l 1		; Object Z Position $zzzz.0000 (3D ONLY)
(1)  133/      10 :                     size_x			ds.w 1		; Object size Left/Right $llrr
(1)  134/      12 :                     size_y			ds.w 1		; Object size Up/Down $uudd
(1)  135/      14 :                     size_z			ds.w 1		; Object size Zback/Zfront $bbff starting from object's X/Y pointer in 10mm's (3D ONLY)
(1)  136/      16 :                     x_spd			ds.w 1		; Object X Speed $xx.00 (object_Speed)
(1)  137/      18 :                     y_spd			ds.w 1		; Object Y Speed $yy.00 ''
(1)  138/      1A :                     z_spd			ds.w 1		; Object Z Speed $zz.00 '' (3D ONLY)
(1)  139/      1C :                     index			ds.b 1		; Object current code index, mostly for init(0) and main(1)
(1)  140/      1D :                     subid			ds.b 1		; Object Sub-ID for custom placement settings
(1)  141/      1E :                     status			ds.b 1		; General purpose USER status: Falling, Floating, etc.
(1)  142/      1F :                     attr			ds.b 1		; Quick attribute bits for VRAM (depending of the type)
(1)  143/      20 :                     					; ** object_Animate ONLY:
(1)  144/      20 :                     frame			ds.w 1		; ** Current frame, object_Animate outputs here
(1)  145/      22 :                     anim_num		ds.w 1		; ** Animation number to use
(1)  146/      24 :                     anim_indx		ds.w 1		; ** Animation script index
(1)  147/      26 :                     anim_icur		ds.b 1		; ** Current animation id
(1)  148/      27 :                     anim_spd		ds.b 1		; ** Animation delay set on animation script
(1)  149/      28 :                     ram			ds.b $40	; Object's own RAM
(1)  150/      68 :                     ; obj_len		ds.l 0
(1)  151/    15A6 : =$68                 			endstruct
(1)  152/    15A6 :                     
(1)  153/    15A6 :                     ; ====================================================================
(1)  154/    15A6 :                     ; ----------------------------------------------------------------
(1)  155/    15A6 :                     ; RAM section
(1)  156/    15A6 :                     ; ----------------------------------------------------------------
(1)  157/    15A6 :                     
(1)  158/    15A6 : (MACRO)              			memory RAM_MdSystem
(1)  158/    15A6 : =$15A6               GLBL_LASTPC     := *
(1)  158/    15A6 :                                     dephase
(1)  158/FFFFFFFFFFFFF0F8 :                                     phase RAM_MDSYSTEM
(1)  158/FFFFFFFFFFFFF0F8 : =$FFFFFFFFFFFFF0F8   GLBL_LASTORG    := *
(1)  159/FFFFFFFFFFFFF0F8 :                     ;!@ RAM_InputData		ds.b pad_len*4		; Input data section
(1)  160/FFFFFFFFFFFFF0F8 :                     RAM_InputData		ds.b pad_len*JoyCount	; Input data section
(1)  161/FFFFFFFFFFFFF166 :                     RAM_SysRandVal		ds.l 1			; Random value
(1)  162/FFFFFFFFFFFFF16A :                     RAM_SysRandom		ds.l 1			; Randomness seed
(1)  163/FFFFFFFFFFFFF16E :                     RAM_SysLastBank		ds.l 1			; Last bank loaded
(1)  164/FFFFFFFFFFFFF172 :                     RAM_CurrObjList		ds.l 1			; Current pointer to objects
(1)  165/FFFFFFFFFFFFF176 :                     RAM_VBlankJump		ds.w 3			; VBlank jump (JMP xxxx xxxx)
(1)  166/FFFFFFFFFFFFF17C :                     RAM_HBlankJump		ds.w 3			; HBlank jump (JMP xxxx xxxx)
(1)  167/FFFFFFFFFFFFF182 :                     RAM_ExternalJump	ds.w 3			; External jump (JMP xxxx xxxx)
(1)  168/FFFFFFFFFFFFF188 :                     RAM_SaveEnable		ds.w 1			; Flag to enable SAVE data
(1)  169/FFFFFFFFFFFFF18A :                     RAM_ScreenMode		ds.w 1			; Current screen number
(1)  170/FFFFFFFFFFFFF18C :                     RAM_ScreenOption	ds.w 1			; Current screen setting (OPTIONAL)
(1)  171/FFFFFFFFFFFFF18E :                     RAM_CurrObjNum		ds.w 1
(1)  172/FFFFFFFFFFFFF190 :                     sizeof_mdsys		ds.l 0
(1)  173/FFFFFFFFFFFFF194 : (MACRO)              			endmemory
(1)  173/    1642 :                     .here:          dephase
(1)  173/    1642 :                                     ds.b -(.here-GLBL_LASTORG)
(1)  173/    15A6 :                                     phase GLBL_LASTPC
(1)  174/    15A6 :                     
(1)  175/    15A6 :                     ; ====================================================================
(1)  176/    15A6 :                     ; ----------------------------------------------------------------
(1)  177/    15A6 :                     ; Label aliases
(1)  178/    15A6 :                     ; ----------------------------------------------------------------
(1)  179/    15A6 :                     
(1)  180/    15A6 : =$FFFFFFFFFFFFF0F8   Controller_1		equ RAM_InputData
(1)  181/    15A6 : =$FFFFFFFFFFFFF10E   Controller_2		equ RAM_InputData+pad_len
(1)  182/    15A6 : =$FFFFFFFFFFFFF124   Controller_3		equ RAM_InputData+pad_len*2
(1)  183/    15A6 : =$FFFFFFFFFFFFF13A   Controller_4		equ RAM_InputData+pad_len*3
(1)  184/    15A6 : =$FFFFFFFFFFFFF150   Controller_5		equ RAM_InputData+pad_len*4	;!@
(1)  185/    15A6 :                     
(1)  186/    15A6 :                     ; ====================================================================
(1)  187/    15A6 :                     ; --------------------------------------------------------
(1)  188/    15A6 :                     ; Init System
(1)  189/    15A6 :                     ; 
(1)  190/    15A6 :                     ; Uses:
(1)  191/    15A6 :                     ; a0-a2,d0-d1
(1)  192/    15A6 :                     ; --------------------------------------------------------
(1)  193/    15A6 :                     
(1)  194/    15A6 :                     System_Init:
(1)  195/    15A6 : 007C 0700           		or.w	#$0700,sr
(1)  196/    15AA :                     	;!@
(1)  204/    15AA :                     		
(1)  205/    15AA : 7040                		moveq	#%01000000,d0		; Init ports, TH=1
(1)  206/    15AC :                     	;!@ 
(1)  208/    15AC : 13C0 0080 0017      		move.b	d0,(pico_port_1_ctrl).l
(1)  210/    15B2 :                     		
(1)  211/    15B2 :                     	;!@ ???
(1)  213/    15B2 : 13C0 00A1 0009      		move.b	d0,(sys_ctrl_1).l	; Controller 1
(1)  214/    15B8 : 13C0 00A1 000B      		move.b	d0,(sys_ctrl_2).l	; Controller 2
(1)  215/    15BE : 13C0 00A1 000D      		move.b	d0,(sys_ctrl_3).l	; Modem
(1)  217/    15C4 :                     		
(1)  218/    15C4 :                     	;!@
(1)  222/    15C4 :                     	
(1)  223/    15C4 : 303C 4EF9           		move.w	#$4EF9,d0		; JMP opcode
(1)  224/    15C8 : 31C0 F176            		move.w	d0,(RAM_VBlankJump).w
(1)  225/    15CC : 31C0 F17C           		move.w	d0,(RAM_HBlankJump).w
(1)  226/    15D0 : 31C0 F182           		move.w	d0,(RAM_ExternalJump).w
(1)  227/    15D4 : 203C 0000 1928      		move.l	#VInt_Default,d0	; Set default interrupt jumps
(1)  228/    15DA : 223C 0000 1928      		move.l	#HInt_Default,d1
(1)  229/    15E0 : 243C 0000 1928      		move.l	#ExtInt_Default,d2
(1)  230/    15E6 : 6100 055C           		bsr	System_SetIntJumps
(1)  231/    15EA : 41F8 F0F8           		lea	(RAM_InputData).w,a0	; Clear input data buffer
(1)  232/    15EE : 323C 000A           		move.w	#(pad_len/2)-1,d1
(1)  233/    15F2 : 7000                		moveq	#0,d0
(1)  234/    15F4 : 23C0 FFFF F16E      		move.l	d0,(RAM_SysLastBank).l
(1)  235/    15FA :                     .clrinput:
(1)  236/    15FA : 30C0                		move.w	d0,(a0)+
(1)  237/    15FC : 51C9 FFFC           		dbf	d1,.clrinput
(1)  239/    1600 : 6100 02F8           		bsr	System_SramInit		; Init/Load SRAM
(1)  241/    1604 : 027C F8FF           		andi.w	#$F8FF,sr
(1)  242/    1608 :                     		
(1)  243/    1608 :                     		;!@ Initialize controller port data addresses
(1)  244/    1608 : 4EB9 0000 1662      		jsr	(System_Input_Init).l
(1)  245/    160E : 4E75                		rts
(1)  246/    1610 :                     
(1)  247/    1610 :                     ; ====================================================================
(1)  248/    1610 :                     ; --------------------------------------------------------
(1)  249/    1610 :                     ; System_Render
(1)  250/    1610 :                     ;
(1)  251/    1610 :                     ; This will:
(1)  252/    1610 :                     ; - Drop a frame if we got late on VBlank
(1)  253/    1610 :                     ; - Process Palette fading buffers
(1)  254/    1610 :                     ;   (Video_MdMars_RunFade: CPU-INTENSIVE IF PROCESSING
(1)  255/    1610 :                     ;   BOTH VDP AND 32X SVDP Palettes)
(1)  256/    1610 :                     ; - Check the sound driver for any changes/requests
(1)  257/    1610 :                     ;   from Z80 (Sound_Update, several times)
(1)  258/    1610 :                     ; - 32X/CD32X only: Update the "DREQ RAM" section
(1)  259/    1610 :                     ;   to the SH2 using DREQ FIFO (System_MdMars_Update)
(1)  260/    1610 :                     ;
(1)  261/    1610 :                     ; Then during VBlank:
(1)  262/    1610 :                     ; - Read the Input data (System_Input)
(1)  263/    1610 :                     ; - Transfer the VDP Palette, Sprites and Scroll
(1)  264/    1610 :                     ;   from from RAM to VDP and process the DMA BLAST list.
(1)  265/    1610 :                     ;   (Video_Render)
(1)  266/    1610 :                     ;
(1)  267/    1610 :                     ; Notes:
(1)  268/    1610 :                     ; - This exits INSIDE VBlank
(1)  269/    1610 :                     ; - If VDP Display is disabled all of this
(1)  270/    1610 :                     ;   will be skipped.
(1)  271/    1610 :                     ; --------------------------------------------------------
(1)  272/    1610 :                     
(1)  273/    1610 :                     System_Render:
(1)  274/    1610 : 3E38 F0F2           		move.w	(RAM_VdpRegSet1).w,d7
(1)  275/    1614 : 0807 0006           		btst	#bitDispEnbl,d7
(1)  276/    1618 : 671C                		beq	.forgot_disp
(1)  277/    161A : 6100 F808           		bsr	Video_RunFade			; Process VDP palette fade
(1)  278/    161E :                     .wait_early:
(1)  279/    161E : 613E                		bsr	Sound_Update			; Update sound on wait
(1)  280/    1620 : 3E39 00C0 0004      		move.w	(vdp_ctrl).l,d7
(1)  281/    1626 : 0807 0003           		btst	#bitVBlk,d7
(1)  282/    162A : 66F2                		bne.s	.wait_early
(1)  283/    162C :                     	; ----------------------------------------
(1)  284/    162C :                     	; 32X/CD32X
(1)  314/    162C :                     ; ----------------------------------------
(1)  315/    162C : 610A                		bsr	.wait_vblank			; Genesis normal VBlank wait
(1)  316/    162E :                     ; ----------------------------------------
(1)  322/    162E :                     .from_late:
(1)  323/    162E : 612E                		bsr	Sound_Update
(1)  327/    1630 : 52B8 F0DC           		addq.l	#1,(RAM_Framecount).w		; Count the frame.
(1)  328/    1634 : 6128                		bsr	Sound_Update
(1)  329/    1636 :                     .forgot_disp:
(1)  330/    1636 : 4E75                		rts
(1)  331/    1638 :                     
(1)  332/    1638 :                     ; ----------------------------------------
(1)  333/    1638 :                     ; Wait until beam reaches VBlank
(1)  334/    1638 :                     ; ----------------------------------------
(1)  335/    1638 :                     
(1)  336/    1638 : 6124                .wait_vblank:	bsr	Sound_Update			; Update sound on wait
(1)  337/    163A : 3E39 00C0 0004      		move.w	(vdp_ctrl).l,d7
(1)  338/    1640 : 0807 0003           		btst	#bitVBlk,d7
(1)  339/    1644 : 67F2                		beq.s	.wait_vblank
(1)  340/    1646 : 616C                		bsr	System_Input			; Read input data **FIRST**
(1)  341/    1648 : 6000 EEA0           		bra	Video_Render			; Render VDP Visuals
(1)  342/    164C :                     
(1)  343/    164C :                     ; ====================================================================
(1)  344/    164C :                     ; --------------------------------------------------------
(1)  345/    164C :                     ; System_DmaEnter_(from) and System_DmaEnter_(from)
(1)  346/    164C :                     ; from ROM or RAM
(1)  347/    164C :                     ;
(1)  348/    164C :                     ; Call these labels BEFORE and AFTER your
(1)  349/    164C :                     ; DMA-to-VDP transers, these are NOT needed for
(1)  350/    164C :                     ; FILL or COPY.
(1)  351/    164C :                     ;
(1)  352/    164C :                     ; This is where you put your Sound driver's Z80 stop
(1)  353/    164C :                     ; or pause calls here
(1)  354/    164C :                     ; SAVE THE REGISTERS THAT YOU GONNA USE TO STACK.
(1)  355/    164C :                     ; --------------------------------------------------------
(1)  356/    164C :                     
(1)  357/    164C :                     ; --------------------------------------------------------
(1)  358/    164C :                     ; *** THESE ENABLE AND DISABLE THE RV BIT ***
(1)  359/    164C :                     System_DmaEnter_ROM:
(1)  360/    164C : 6104                		bsr	System_DmaEnter_RAM
(1)  368/    164E : 4E75                		rts
(1)  369/    1650 :                     
(1)  370/    1650 :                     System_DmaExit_ROM:
(1)  378/    1650 : 6004                		bra	System_DmaExit_RAM
(1)  379/    1652 :                     
(1)  380/    1652 :                     ; --------------------------------------------------------
(1)  381/    1652 :                     ; *** EXTERNAL JUMPS ***
(1)  382/    1652 :                     ; --------------------------------------------------------
(1)  383/    1652 :                     
(1)  384/    1652 :                     System_DmaEnter_RAM:
(1)  385/    1652 : 6000 ECF2           		bra	gemaDmaPause
(1)  386/    1656 :                     System_DmaExit_RAM:
(1)  387/    1656 : 6000 ECF0           		bra	gemaDmaResume
(1)  388/    165A :                     
(1)  389/    165A :                     ; ------------------------------------------------
(1)  390/    165A :                     
(1)  409/    165A :                     
(1)  410/    165A :                     ; ====================================================================
(1)  411/    165A :                     ; --------------------------------------------------------
(1)  412/    165A :                     ; Init sound driver
(1)  413/    165A :                     ; --------------------------------------------------------
(1)  414/    165A :                     
(1)  415/    165A :                     Sound_Init:
(1)  416/    165A : 6000 EC1E           		bra	gemaInit
(1)  417/    165E :                     
(1)  418/    165E :                     ; ====================================================================
(1)  419/    165E :                     ; --------------------------------------------------------
(1)  420/    165E :                     ; Update sound/syncronize with the Z80
(1)  421/    165E :                     ; --------------------------------------------------------
(1)  422/    165E :                     
(1)  423/    165E :                     Sound_Update:
(1)  424/    165E : 6000 EC32           		bra	gemaSendRam
(1)  425/    1662 :                     	
(1)  426/    1662 :                     ;!@ 	
(1)  427/    1662 :                     ; ====================================================================
(1)  428/    1662 :                     ; --------------------------------------------------------
(1)  429/    1662 :                     ; System_Input_Init
(1)  430/    1662 :                     ; Initializes the MMIO ports to poll for controller data (Controller_1 to Controller_5) based on platform (Pico or not-Pico)
(1)  431/    1662 :                     ;
(1)  432/    1662 :                     ; Uses: a0-a1
(1)  433/    1662 :                     ; --------------------------------------------------------
(1)  434/    1662 :                     
(1)  435/    1662 :                     System_Input_Init:	
(1)  437/    1662 :                     	;If Pico-based platforms, then:
(1)  438/    1662 :                     	;Controller_1 = Pico HARDWARE
(1)  439/    1662 :                     	;Controller_2 = Pico_ext port
(1)  440/    1662 :                     	
(1)  441/    1662 : 41F9 FFFF F0F8      	lea	(Controller_1).l,a0
(1)  442/    1668 : 43F9 0080 0003      	lea	(pico_btn).l,a1
(1)  443/    166E : 2149 0012           	move.l	a1,pad_port(a0)
(1)  444/    1672 :                     	
(1)  445/    1672 : 41F9 FFFF F10E      	lea	(Controller_2).l,a0
(1)  446/    1678 : 43F9 0080 0015      	lea	(pico_port_1_data).l,a1
(1)  447/    167E : 2149 0012           	move.l	a1,pad_port(a0)
(1)  448/    1682 :                     	
(1)  450/    1682 :                     	;Pico mods installed, so:
(1)  451/    1682 :                     	;Controller_3 = Genesis_P1
(1)  452/    1682 :                     	;Controller_4 = Genesis_P2
(1)  453/    1682 :                     	;Controller_5 = Genesis_Ext
(1)  454/    1682 : 41F9 FFFF F124      	lea	(Controller_3).l,a0
(1)  455/    1688 : 43F9 00A1 0003      	lea	(sys_data_1).l,a1
(1)  456/    168E : 2149 0012           	move.l	a1,pad_port(a0)
(1)  457/    1692 :                     	
(1)  458/    1692 : 41F9 FFFF F13A      	lea	(Controller_4).l,a0
(1)  459/    1698 : 43F9 00A1 0005      	lea	(sys_data_2).l,a1
(1)  460/    169E : 2149 0012           	move.l	a1,pad_port(a0)
(1)  461/    16A2 :                     	
(1)  462/    16A2 : 41F9 FFFF F150      	lea	(Controller_5).l,a0
(1)  463/    16A8 : 43F9 00A1 0007      	lea	(sys_data_3).l,a1
(1)  464/    16AE : 2149 0012           	move.l	a1,pad_port(a0)
(1)  476/    16B2 :                     	
(1)  477/    16B2 :                     	
(1)  499/    16B2 :                     	
(1)  500/    16B2 : 4E75                	rts
(1)  501/    16B4 :                     ; ====================================================================
(1)  502/    16B4 :                     
(1)  503/    16B4 :                     
(1)  504/    16B4 :                     ; ====================================================================
(1)  505/    16B4 :                     ; --------------------------------------------------------
(1)  506/    16B4 :                     ; System_Input
(1)  507/    16B4 :                     ;
(1)  508/    16B4 :                     ; Reads data from the Controller ports
(1)  509/    16B4 :                     ;
(1)  510/    16B4 :                     ; Call this during VBlank only once per frame,
(1)  511/    16B4 :                     ; System_Render already calls this.
(1)  512/    16B4 :                     ;
(1)  513/    16B4 :                     ; Uses:
(1)  514/    16B4 :                     ; d5-d7,a5-a6
(1)  515/    16B4 :                     ; --------------------------------------------------------
(1)  516/    16B4 :                     
(1)  517/    16B4 :                     ; ----------------------------------------
(1)  518/    16B4 :                     ; PICO input is hard-coded to
(1)  519/    16B4 :                     ; Controller_1
(1)  520/    16B4 :                     ;
(1)  521/    16B4 :                     ; pad_hold/pad_press:
(1)  522/    16B4 :                     ; %P00BRLDU
(1)  523/    16B4 :                     ; UDLR - Arrows
(1)  524/    16B4 :                     ;    B - BIG button red (JoyB)
(1)  525/    16B4 :                     ;    P - Pen press/click (JoyStart)
(1)  526/    16B4 :                     ;
(1)  527/    16B4 :                     ; pad_x/pad_y:
(1)  528/    16B4 :                     ; Pen X/Y position
(1)  529/    16B4 :                     ; ----------------------------------------
(1)  530/    16B4 :                     
(1)  531/    16B4 :                     System_Input:
(1)  533/    16B4 : 4DF8 F0F8           		lea	(RAM_InputData).w,a6
(1)  534/    16B8 :                     		;!@
(1)  535/    16B8 : 2A6E 0012           		move.l 	pad_port(a6),a5
(1)  536/    16BC :                     		;lea	($800003).l,a5
(1)  537/    16BC :                     		;lea	(pico_btn).l,a5
(1)  538/    16BC : 7E00                		moveq	#0,d7
(1)  539/    16BE : 1E15                		move.b	(a5),d7			; $800003: %P00BRLDU
(1)  540/    16C0 : 0A47 00FF           		eori.w	#$FF,d7
(1)  541/    16C4 : 3C07                		move.w	d7,d6
(1)  542/    16C6 : 3A2E 0002           		move.w	pad_hold(a6),d5
(1)  543/    16CA : BB47                		eor.w	d5,d7
(1)  544/    16CC : CE45                		and.w	d5,d7
(1)  545/    16CE : 3D47 0006           		move.w	d7,pad_release(a6)
(1)  546/    16D2 : 3A2E 0002           		move.w	pad_hold(a6),d5
(1)  547/    16D6 : 0A45 00FF           		eori.w	#$FF,d5
(1)  548/    16DA : CA46                		and.w	d6,d5
(1)  549/    16DC : 3D45 0004           		move.w	d5,pad_press(a6)
(1)  550/    16E0 : 3D46 0002           		move.w	d6,pad_hold(a6)
(1)  551/    16E4 : 1E2D 0002           		move.b	2(a5),d7		;Pen X MSB
(1)  552/    16E8 : E14F                		lsl.w	#8,d7
(1)  553/    16EA : 1E2D 0004           		move.b	4(a5),d7		;Pen X LSB
(1)  554/    16EE : 9E7C 003C           		sub.w	#$3C,d7
(1)  555/    16F2 : 6A02                		bpl.s	.x_valid	 	; Failsafe negative X
(1)  556/    16F4 : 4247                		clr.w	d7
(1)  557/    16F6 :                     .x_valid:
(1)  558/    16F6 : 3D47 0008           		move.w	d7,pad_x(a6)
(1)  559/    16FA :                     	; $0000-$00EF - Tablet
(1)  560/    16FA :                     	; $0100-$01EF - Storyware
(1)  561/    16FA : 7E00                		moveq	#0,d7
(1)  562/    16FC : 1C2D 0006           		move.b	6(a5),d6		;Pen Y MSB
(1)  563/    1700 : E14E                		lsl.w	#8,d6
(1)  564/    1702 : 1C2D 0008           		move.b	8(a5),d6		;Pen Y LSB
(1)  565/    1706 : 0446 01FC           		subi.w	#$1FC,d6
(1)  566/    170A : 6B02                		bmi.s	.bad_y
(1)  567/    170C : 3E06                		move.w	d6,d7
(1)  568/    170E :                     .bad_y:
(1)  569/    170E : 3D47 000A           		move.w	d7,pad_y(a6)
(1)  570/    1712 : 1C2D 000A           		move.b	10(a5),d6			;Pico page
(1)  571/    1716 : 1D46 000E           		move.b	d6,pad_pageRaw(a6)	;;!@ Pico pageRaw		
(1)  572/    171A : 7E00                		moveq	#0,d7
(1)  573/    171C : 7A05                		moveq	#6-1,d5		; 6 pages
(1)  574/    171E :                     .page_it:
(1)  575/    171E : E24E                		lsr.w	#1,d6
(1)  576/    1720 : 6402                		bcc.s	.no_bit
(1)  577/    1722 : 5247                		addq.w	#1,d7
(1)  578/    1724 :                     .no_bit:
(1)  579/    1724 : 51CD FFF8           		dbf	d5,.page_it
(1)  580/    1728 : 1D47 000C           		move.b	d7,pad_page(a6)
(1)  581/    172C :                     	;!@ else
(1)  590/    172C :                     	
(1)  591/    172C : DCFC 0016           	adda	#pad_len,a6
(1)  592/    1730 : 2A6E 0012           	move.l	pad_port(a6),a5
(1)  593/    1734 : 6120                	bsr.s	.this_one
(1)  594/    1736 :                     	
(1)  595/    1736 :                     	;if PICO_MODS == 1
(1)  596/    1736 : DCFC 0016           	adda	#pad_len,a6
(1)  597/    173A : 2A6E 0012           	move.l	pad_port(a6),a5
(1)  598/    173E : 6116                	bsr.s	.this_one
(1)  599/    1740 :                     	
(1)  600/    1740 : DCFC 0016           	adda	#pad_len,a6
(1)  601/    1744 : 2A6E 0012           	move.l	pad_port(a6),a5
(1)  602/    1748 : 610C                	bsr.s	.this_one
(1)  603/    174A :                     	
(1)  604/    174A : DCFC 0016           	adda	#pad_len,a6
(1)  605/    174E : 2A6E 0012           	move.l	pad_port(a6),a5
(1)  606/    1752 : 6102                	bsr.s	.this_one
(1)  607/    1754 :                     	;endif
(1)  608/    1754 : 4E75                	rts
(1)  609/    1756 :                     	
(1)  610/    1756 :                     	; moveq	#JoyCount-1,d4		;!@
(1)  611/    1756 :                     	; lea		(RAM_InputData).w,a6	; a6 - Output
(1)  612/    1756 :                     		
(1)  613/    1756 :                     ; .poll:
(1)  614/    1756 :                     	; ;!@ lea	(sys_data_1),a5		; a5 - BASE Genesis Input regs area
(1)  615/    1756 :                     	; movea.l	pad_port(a6),a5
(1)  616/    1756 :                     	; bsr.s	.this_one
(1)  617/    1756 :                     	; ;!@ adda	#2,a5
(1)  618/    1756 :                     	; adda	#pad_len,a6
(1)  619/    1756 :                     	; dbf		d4,.poll			;!@
(1)  620/    1756 :                     	; rts
(1)  621/    1756 :                     ; ====================================================================
(1)  622/    1756 :                     
(1)  623/    1756 :                     ; ----------------------------------------
(1)  624/    1756 :                     ; Read port
(1)  625/    1756 :                     ;
(1)  626/    1756 :                     ; a5 - Current port
(1)  627/    1756 :                     ; a6 - Output data
(1)  628/    1756 :                     ; ----------------------------------------
(1)  629/    1756 :                     
(1)  630/    1756 :                     .this_one:
(1)  631/    1756 : 611C                		bsr	.pick_id
(1)  632/    1758 : 1C87                		move.b	d7,pad_id(a6)
(1)  633/    175A : 0C47 000F           		cmpi.w	#$0F,d7
(1)  634/    175E : 670E                		beq.s	.exit
(1)  635/    1760 : 0247 000F           		andi.w	#$0F,d7
(1)  636/    1764 : DE47                		add.w	d7,d7
(1)  637/    1766 : 3C3B 703C           		move.w	.list(pc,d7.w),d6
(1)  638/    176A : 4EFB 6038           		jmp	.list(pc,d6.w)
(1)  639/    176E :                     .exit:
(1)  640/    176E : 422E 0001           		clr.b	pad_ver(a6)
(1)  641/    1772 : 4E75                		rts
(1)  642/    1774 :                     
(1)  643/    1774 :                     ; ----------------------------------------
(1)  644/    1774 :                     ; Grab ID
(1)  645/    1774 :                     ; ----------------------------------------
(1)  646/    1774 :                     
(1)  647/    1774 :                     .pick_id:
(1)  648/    1774 : 7E00                		moveq	#0,d7
(1)  649/    1776 : 1ABC 0070           		move.b	#%01110000,(a5)		; TH=1,TR=1,TL=1
(1)  650/    177A : 4E71                		nop
(1)  651/    177C : 4E71                		nop
(1)  652/    177E : 610A                		bsr	.read
(1)  653/    1780 : 1ABC 0030           		move.b	#%00110000,(a5)		; TH=0,TR=1,TL=1
(1)  654/    1784 : 4E71                		nop
(1)  655/    1786 : 4E71                		nop
(1)  656/    1788 : DE47                		add.w	d7,d7
(1)  657/    178A :                     .read:
(1)  658/    178A : 1A15                		move.b	(a5),d5
(1)  659/    178C : 1C05                		move.b	d5,d6
(1)  660/    178E : 0206 000C           		andi.b	#%1100,d6
(1)  661/    1792 : 6702                		beq.s	.step_1
(1)  662/    1794 : 5247                		addq.w	#1,d7
(1)  663/    1796 :                     .step_1:
(1)  664/    1796 : DE47                		add.w	d7,d7
(1)  665/    1798 : 1C05                		move.b	d5,d6
(1)  666/    179A : 0246 0003           		andi.w	#%0011,d6
(1)  667/    179E : 6702                		beq.s	.step_2
(1)  668/    17A0 : 5247                		addq.w	#1,d7
(1)  669/    17A2 :                     .step_2:
(1)  670/    17A2 : 4E75                		rts
(1)  671/    17A4 :                     
(1)  672/    17A4 :                     ; ----------------------------------------
(1)  673/    17A4 :                     ; Grab ID
(1)  674/    17A4 :                     ; ----------------------------------------
(1)  675/    17A4 :                     
(1)  676/    17A4 :                     .list:
(1)  677/    17A4 : FFCA                		dc.w .exit-.list	; $00
(1)  678/    17A6 : FFCA                		dc.w .exit-.list
(1)  679/    17A8 : FFCA                		dc.w .exit-.list
(1)  680/    17AA : 0020                		dc.w .id_03-.list	; $03 - Mega Mouse
(1)  681/    17AC : FFCA                		dc.w .exit-.list	; $04
(1)  682/    17AE : FFCA                		dc.w .exit-.list
(1)  683/    17B0 : FFCA                		dc.w .exit-.list
(1)  684/    17B2 : FFCA                		dc.w .exit-.list
(1)  685/    17B4 : FFCA                		dc.w .exit-.list	; $08
(1)  686/    17B6 : FFCA                		dc.w .exit-.list
(1)  687/    17B8 : FFCA                		dc.w .exit-.list
(1)  688/    17BA : FFCA                		dc.w .exit-.list
(1)  689/    17BC : FFCA                		dc.w .exit-.list	; $0C
(1)  690/    17BE : 00CA                		dc.w .id_0D-.list	; $0D - Genesis controller 3 or 6 button
(1)  691/    17C0 : FFCA                		dc.w .exit-.list
(1)  692/    17C2 : FFCA                		dc.w .exit-.list	; $0F - No controller / Master System controller (Buttons 1 and 2)
(1)  693/    17C4 :                     
(1)  694/    17C4 :                     ; ----------------------------------------
(1)  695/    17C4 :                     ; ID $03
(1)  696/    17C4 :                     ;
(1)  697/    17C4 :                     ; Mega Mouse
(1)  698/    17C4 :                     ; ----------------------------------------
(1)  699/    17C4 :                     
(1)  700/    17C4 :                     ; *** NOT TESTED ON HARDWARE ***
(1)  701/    17C4 :                     
(1)  702/    17C4 :                     .id_03:
(1)  703/    17C4 : 1ABC 0020           		move.b	#$20,(a5)
(1)  704/    17C8 : 1B7C 0060 0006      		move.b	#$60,6(a5)
(1)  705/    17CE : 0815 0004           		btst	#4,(a5)
(1)  706/    17D2 : 6700 0094           		beq.w	.invalid
(1)  707/    17D6 : 1ABC 0000           		move.b	#$00,(a5)	; $0F
(1)  708/    17DA : 4E71                		nop
(1)  709/    17DC : 4E71                		nop
(1)  710/    17DE : 1ABC 0020           		move.b	#$20,(a5)	; $0F
(1)  711/    17E2 : 4E71                		nop
(1)  712/    17E4 : 4E71                		nop
(1)  713/    17E6 : 1ABC 0000           		move.b	#$00,(a5)	; Yo | Xo | Ys | Xs
(1)  714/    17EA : 4E71                		nop
(1)  715/    17EC : 4E71                		nop
(1)  716/    17EE : 1A15                		move.b	(a5),d5		; d5 - X/Y direction bits (Ys Xs)
(1)  717/    17F0 : 1ABC 0020           		move.b	#$20,(a5)	; C | M | R | L
(1)  718/    17F4 : 4E71                		nop
(1)  719/    17F6 : 4E71                		nop
(1)  720/    17F8 : 1E15                		move.b	(a5),d7
(1)  721/    17FA : 0247 000F            		andi.w	#%1111,d7
(1)  722/    17FE : 3C2E 0002           		move.w	pad_hold(a6),d6
(1)  723/    1802 : BF46                		eor.w	d7,d6
(1)  724/    1804 : 3D47 0002           		move.w	d7,pad_hold(a6)
(1)  725/    1808 : CC47                		and.w	d7,d6
(1)  726/    180A : 3D46 0004           		move.w	d6,pad_press(a6)
(1)  727/    180E : 1ABC 0000           		move.b	#$00,(a5)	; X7 | X6 | X5 | X4
(1)  728/    1812 : 4E71                		nop
(1)  729/    1814 : 4E71                		nop
(1)  730/    1816 : 1E15                		move.b	(a5),d7
(1)  731/    1818 : 1ABC 0020           		move.b	#$20,(a5)	; X3 | X2 | X1 | X0
(1)  732/    181C : 0247 000F           		andi.w	#%1111,d7
(1)  733/    1820 : E94F                		lsl.w	#4,d7
(1)  734/    1822 : 4E71                		nop
(1)  735/    1824 : 1C15                		move.b	(a5),d6
(1)  736/    1826 : 0246 000F           		andi.w	#%1111,d6
(1)  737/    182A : 8E46                		or.w	d6,d7
(1)  738/    182C : 0805 0000           		btst    #0,d5
(1)  739/    1830 : 6704                		beq.s	.x_neg
(1)  740/    1832 : 4407                		neg.b	d7
(1)  741/    1834 : 4447                		neg.w	d7
(1)  742/    1836 :                     .x_neg:
(1)  743/    1836 : 3D47 0008           		move.w	d7,pad_x(a6)
(1)  744/    183A : 1ABC 0000           		move.b	#$00,(a5)	; Y7 | Y6 | Y5 | Y4
(1)  745/    183E : 4E71                		nop
(1)  746/    1840 : 4E71                		nop
(1)  747/    1842 : 1E15                		move.b	(a5),d7
(1)  748/    1844 : 1ABC 0020           		move.b	#$20,(a5)	; Y3 | Y2 | Y1 | Y0
(1)  749/    1848 : 0247 000F           		andi.w	#%1111,d7
(1)  750/    184C : E94F                		lsl.w	#4,d7
(1)  751/    184E : 4E71                		nop
(1)  752/    1850 : 1C15                		move.b	(a5),d6
(1)  753/    1852 : 0246 000F           		andi.w	#%1111,d6
(1)  754/    1856 : 8E46                		or.w	d6,d7
(1)  755/    1858 : 0805 0001           		btst    #1,d5
(1)  756/    185C : 6704                		beq.s	.y_neg
(1)  757/    185E : 4407                		neg.b	d7
(1)  758/    1860 : 4447                		neg.w	d7
(1)  759/    1862 :                     .y_neg:
(1)  760/    1862 : 4447                		neg.w	d7		; Reverse Y
(1)  761/    1864 : 3D47 000A           		move.w	d7,pad_y(a6)
(1)  762/    1868 :                     
(1)  763/    1868 :                     .invalid:
(1)  764/    1868 : 1ABC 0060           		move.b	#$60,(a5)
(1)  765/    186C : 4E75                		rts
(1)  766/    186E :                     
(1)  767/    186E :                     ; ----------------------------------------
(1)  768/    186E :                     ; ID $0D
(1)  769/    186E :                     ;
(1)  770/    186E :                     ; Normal controller: 3 button or 6 button.
(1)  771/    186E :                     ; ----------------------------------------
(1)  772/    186E :                     
(1)  773/    186E :                     .id_0D:
(1)  774/    186E : 1ABC 0040           		move.b	#$40,(a5)	; Show CB|RLDU
(1)  775/    1872 : 4E71                		nop
(1)  776/    1874 : 4E71                		nop
(1)  777/    1876 : 1A15                		move.b	(a5),d5
(1)  778/    1878 : 0245 003F           		andi.w	#%00111111,d5
(1)  779/    187C : 1ABC 0000           		move.b	#$00,(a5)	; Show SA|RLDU
(1)  780/    1880 : 4E71                		nop
(1)  781/    1882 : 4E71                		nop
(1)  782/    1884 : 1E15                		move.b	(a5),d7
(1)  783/    1886 : E54F                		lsl.w	#2,d7
(1)  784/    1888 : 0247 00C0           		andi.w	#%11000000,d7
(1)  785/    188C : 8E45                		or.w	d5,d7
(1)  786/    188E : 1ABC 0040           		move.b	#$40,(a5)	; Show CB|RLDU (2)
(1)  787/    1892 : 4647                		not.w	d7
(1)  788/    1894 : 1A2E 0003           		move.b	pad_hold+1(a6),d5
(1)  789/    1898 : 1805                		move.b	d5,d4
(1)  790/    189A : 1ABC 0000           		move.b	#$00,(a5)	; Show SA|RLDU (3)
(1)  791/    189E : BF05                		eor.b	d7,d5
(1)  792/    18A0 : 1D47 0003           		move.b	d7,pad_hold+1(a6)
(1)  793/    18A4 : CA07                		and.b	d7,d5
(1)  794/    18A6 : 1ABC 0040           		move.b	#$40,(a5)	; 6 button responds (4)
(1)  795/    18AA : 1D45 0005           		move.b	d5,pad_press+1(a6)
(1)  796/    18AE : 1A07                		move.b	d7,d5
(1)  797/    18B0 : 1E15                		move.b	(a5),d7		; Grab ??|MXYZ
(1)  798/    18B2 : 1ABC 0000            		move.b	#$00,(a5)	; (5)
(1)  799/    18B6 : B905                		eor.b	d4,d5
(1)  800/    18B8 : CA04                		and.b	d4,d5
(1)  801/    18BA : 1C15                 		move.b	(a5),d6		; Type: $03 old, $0F new
(1)  802/    18BC : 1ABC 0040            		move.b	#$40,(a5)	; (6)
(1)  803/    18C0 : 1D45 0007           		move.b	d5,pad_release+1(a6)
(1)  804/    18C4 : 0246 000F           		andi.w	#$F,d6
(1)  805/    18C8 : E44E                		lsr.w	#2,d6
(1)  806/    18CA : 0246 0001           		andi.w	#1,d6
(1)  807/    18CE : 6724                		beq.s	.oldpad
(1)  808/    18D0 : 4607                		not.b	d7
(1)  809/    18D2 : 0247 000F            		andi.w	#%1111,d7
(1)  810/    18D6 : 1C07                 		move.b	d7,d6
(1)  811/    18D8 : 1A2E 0002           		move.b	pad_hold(a6),d5
(1)  812/    18DC : BB06                		eor.b	d5,d6
(1)  813/    18DE : CC05                		and.b	d5,d6
(1)  814/    18E0 : 1D46 0006           		move.b	d6,pad_release(a6)
(1)  815/    18E4 : 1A2E 0002           		move.b	pad_hold(a6),d5
(1)  816/    18E8 : BF05                		eor.b	d7,d5
(1)  817/    18EA : 1D47 0002           		move.b	d7,pad_hold(a6)
(1)  818/    18EE : CA07                		and.b	d7,d5
(1)  819/    18F0 : 1D45 0004           		move.b	d5,pad_press(a6)
(1)  820/    18F4 :                     .oldpad:
(1)  821/    18F4 : 1D46 0001           		move.b	d6,pad_ver(a6)
(1)  822/    18F8 : 4E75                		rts
(1)  823/    18FA :                     	;!@ endif
(1)  824/    18FA :                     
(1)  825/    18FA :                     ; ====================================================================
(1)  826/    18FA :                     ; ----------------------------------------------------------------
(1)  827/    18FA :                     ; SRAM/BRAM Support
(1)  828/    18FA :                     ; ----------------------------------------------------------------
(1)  829/    18FA :                     
(1)  830/    18FA :                     ; --------------------------------------------------------
(1)  831/    18FA :                     ; System_SramInit
(1)  832/    18FA :                     ;
(1)  833/    18FA :                     ; Enable SRAM/BRAM support
(1)  834/    18FA :                     ; SET_ENBLSAVE must be set to True (rominfo.asm)
(1)  835/    18FA :                     ;
(1)  836/    18FA :                     ; Input:
(1)  837/    18FA :                     ; a0 | CD/CD32X ONLY: Save data settings for BRAM
(1)  838/    18FA :                     ;      dc.b "SAVE_NAME__",0
(1)  839/    18FA :                     ;      dc.w SET_SRAMSIZE/$40 ; (save_size/$20 if using
(1)  840/    18FA :                     ;                            ; protection)
(1)  841/    18FA :                     ;      dc.w flags:
(1)  842/    18FA :                     ;            0 | Normal
(1)  843/    18FA :                     ;           -1 | Protected
(1)  844/    18FA :                     ;
(1)  845/    18FA :                     ; Notes:
(1)  846/    18FA :                     ; - Already called by System_Init
(1)  847/    18FA :                     ; - ONLY modify the RAM_SaveData section and
(1)  848/    18FA :                     ;   then call System_SramSave to save it into SRAM/BRAM.
(1)  849/    18FA :                     ;
(1)  850/    18FA :                     ; CD/CD32X ONLY:
(1)  851/    18FA :                     ; - NO lowercase CHARACTERS, NO " "($20) SPACES.
(1)  852/    18FA :                     ; - BE CAREFUL CHOOSING YOUR FILENAME as it can
(1)  853/    18FA :                     ;   OVERWRITE without warning any other save.
(1)  854/    18FA :                     ; - Call gemaStopAll FIRST if any track uses
(1)  855/    18FA :                     ;   PCM samples
(1)  856/    18FA :                     ; --------------------------------------------------------
(1)  857/    18FA :                     
(1)  858/    18FA :                     System_SramInit:
(1)  860/    18FA :                     
(1)  862/    18FA : 4E71                		nop						; Pico can't use save data
(1)  923/    18FC :                     .cant_use:
(1)  924/    18FC : 6002                		bra	System_SramLoad
(1)  925/    18FE :                     .already_set:
(1)  926/    18FE : 4E75                		rts
(1)  928/    1900 :                     
(1)  929/    1900 :                     ; --------------------------------------------------------
(1)  930/    1900 :                     ; System_SramLoad
(1)  931/    1900 :                     ;
(1)  932/    1900 :                     ; Load the SRAM/BRAM to the SAVE data buffer
(1)  933/    1900 :                     ; SET_ENBLSAVE must be set to True (rominfo.asm)
(1)  934/    1900 :                     ;
(1)  935/    1900 :                     ; Notes:
(1)  936/    1900 :                     ; CD/CD32X ONLY:
(1)  937/    1900 :                     ; - Call gemaStopAll FIRST if any track uses
(1)  938/    1900 :                     ;   PCM samples
(1)  939/    1900 :                     ; --------------------------------------------------------
(1)  940/    1900 :                     
(1)  941/    1900 :                     System_SramLoad:
(1)  943/    1900 :                     
(1)  945/    1900 : 4E71                		nop			; Pico can't use save data
(1) 1025/    1902 : 4E75                		rts
(1) 1027/    1904 :                     
(1) 1028/    1904 :                     ; --------------------------------------------------------
(1) 1029/    1904 :                     ; System_SramSave
(1) 1030/    1904 :                     ;
(1) 1031/    1904 :                     ; Write the SAVE data buffer to SRAM/BRAM
(1) 1032/    1904 :                     ; SET_ENBLSAVE must be set to True (rominfo.asm)
(1) 1033/    1904 :                     ;
(1) 1034/    1904 :                     ; Notes:
(1) 1035/    1904 :                     ; CD/CD32X ONLY:
(1) 1036/    1904 :                     ; - Call gemaStopAll FIRST if any track uses
(1) 1037/    1904 :                     ;   PCM samples
(1) 1038/    1904 :                     ; --------------------------------------------------------
(1) 1039/    1904 :                     
(1) 1040/    1904 :                     System_SramSave:
(1) 1042/    1904 :                     
(1) 1044/    1904 : 4E71                		nop			; Pico can't use save data
(1) 1119/    1906 : 4E75                		rts
(1) 1120/    1908 :                     
(1) 1121/    1908 :                     ; ============================================================
(1) 1122/    1908 :                     ; --------------------------------------------------------
(1) 1123/    1908 :                     ; System_Default
(1) 1124/    1908 :                     ;
(1) 1125/    1908 :                     ; Initializes current screen mode
(1) 1126/    1908 :                     ;
(1) 1127/    1908 :                     ; Uses:
(1) 1128/    1908 :                     ; ALL
(1) 1129/    1908 :                     ; --------------------------------------------------------
(1) 1130/    1908 :                     
(1) 1131/    1908 :                     System_Default:
(1) 1132/    1908 : 007C 0700           		ori.w	#$0700,sr			; Disable interrupts
(1) 1133/    190C : 4DF8 B000           		lea	(RAM_ScrnBuff).w,a6
(1) 1134/    1910 : 3E3C 1FFF           		move.w	#MAX_ScrnBuff-1,d7
(1) 1135/    1914 : 7C00                		moveq	#0,d6
(1) 1136/    1916 :                     .clr_loop:
(1) 1137/    1916 : 1CC6                		move.b	d6,(a6)+
(1) 1138/    1918 : 51CF FFFC           		dbf	d7,.clr_loop
(1) 1139/    191C : 6100 EECA           		bsr	Video_Clear
(1) 1140/    1920 : 6100 EB7A           		bsr	Video_Default
(1) 1141/    1924 : 6000 02DE           		bra	Objects_Init			; Reset all objects
(1) 1142/    1928 :                     
(1) 1143/    1928 :                     ; ====================================================================
(1) 1144/    1928 :                     ; ----------------------------------------------------------------
(1) 1145/    1928 :                     ; Default interrupts
(1) 1146/    1928 :                     ; ----------------------------------------------------------------
(1) 1147/    1928 :                     
(1) 1148/    1928 :                     ; --------------------------------------------------------
(1) 1149/    1928 :                     ; VBlank
(1) 1150/    1928 :                     ; --------------------------------------------------------
(1) 1151/    1928 :                     
(1) 1152/    1928 :                     VInt_Default:
(1) 1153/    1928 :                     ; 		rte
(1) 1154/    1928 :                     
(1) 1155/    1928 :                     ; --------------------------------------------------------
(1) 1156/    1928 :                     ; HBlank
(1) 1157/    1928 :                     ; --------------------------------------------------------
(1) 1158/    1928 :                     
(1) 1159/    1928 :                     HInt_Default:
(1) 1160/    1928 :                     ; 		rte
(1) 1161/    1928 :                     
(1) 1162/    1928 :                     ; --------------------------------------------------------
(1) 1163/    1928 :                     ; External interrupt
(1) 1164/    1928 :                     ; --------------------------------------------------------
(1) 1165/    1928 :                     
(1) 1166/    1928 :                     ExtInt_Default:
(1) 1167/    1928 : 4E73                		rte
(1) 1168/    192A :                     
(1) 1169/    192A :                     ; ====================================================================
(1) 1170/    192A :                     ; ------------------------------------------------------------
(1) 1171/    192A :                     ; Subroutines
(1) 1172/    192A :                     ; ------------------------------------------------------------
(1) 1173/    192A :                     
(1) 1174/    192A :                     ; --------------------------------------------------------
(1) 1175/    192A :                     ; System_Random, System_Random_Seed
(1) 1176/    192A :                     ;
(1) 1177/    192A :                     ; Generate random value
(1) 1178/    192A :                     ;
(1) 1179/    192A :                     ; Input:
(1) 1180/    192A :                     ; d0.l | Seed value (_Random_Seed ONLY)
(1) 1181/    192A :                     ;
(1) 1182/    192A :                     ; Returns:
(1) 1183/    192A :                     ; d0.l | Result value
(1) 1184/    192A :                     ; --------------------------------------------------------
(1) 1185/    192A :                     
(1) 1186/    192A :                     System_Random_Seed:
(1) 1187/    192A : 2F04                		move.l	d4,-(sp)
(1) 1188/    192C : 2800                		move.l	d0,d4
(1) 1189/    192E : 6114                		bsr	sysRnd_MkValue
(1) 1190/    1930 : 281F                		move.l	(sp)+,d4
(1) 1191/    1932 : 4E75                		rts
(1) 1192/    1934 :                     System_Random:
(1) 1193/    1934 : 2F04                		move.l	d4,-(sp)
(1) 1194/    1936 : 2838 F16A           		move.l	(RAM_SysRandom).w,d4
(1) 1195/    193A : 6108                		bsr	sysRnd_MkValue
(1) 1196/    193C : 21C4 F16A           		move.l	d4,(RAM_SysRandom).w
(1) 1197/    1940 : 281F                		move.l	(sp)+,d4
(1) 1198/    1942 : 4E75                		rts
(1) 1199/    1944 :                     sysRnd_MkValue:
(1) 1200/    1944 : 4A84                		tst.l	d4
(1) 1201/    1946 : 660E                		bne.s	.has_seed
(1) 1202/    1948 : 2838 F0DC           		move.l	(RAM_FrameCount).w,d4
(1) 1203/    194C : E1BC                		rol.l	d0,d4
(1) 1204/    194E : E2BC                		ror.l	d1,d4
(1) 1205/    1950 : D8BC 23B5 1947      		add.l	#$23B51947,d4		; Restart SEED if zero.
(1) 1206/    1956 :                     .has_seed:
(1) 1207/    1956 : 2004                		move.l	d4,d0
(1) 1208/    1958 : E484                		asr.l	#2,d4
(1) 1209/    195A : D880                		add.l	d0,d4
(1) 1210/    195C : E79C                		rol.l	#3,d4
(1) 1211/    195E : D880                		add.l	d0,d4
(1) 1212/    1960 : 3004                		move.w	d4,d0
(1) 1213/    1962 : 4844                		swap	d4
(1) 1214/    1964 : D044                		add.w	d4,d0
(1) 1215/    1966 : 3800                		move.w	d0,d4
(1) 1216/    1968 : E0BC                		ror.l	d0,d4
(1) 1217/    196A : 4844                		swap	d4
(1) 1218/    196C : 4E75                		rts
(1) 1219/    196E :                     
(1) 1220/    196E :                     ; --------------------------------------------------------
(1) 1221/    196E :                     ; System_DiceRoll, System_DiceRoll_Seed
(1) 1222/    196E :                     ;
(1) 1223/    196E :                     ; Pick a random number using a maximum value,
(1) 1224/    196E :                     ; uses System_Random
(1) 1225/    196E :                     ;
(1) 1226/    196E :                     ; Input:
(1) 1227/    196E :                     ; d0.l | Maximum number + 1
(1) 1228/    196E :                     ; d1.l | Starting seed (_DiceRoll_Seed ONLY)
(1) 1229/    196E :                     ;
(1) 1230/    196E :                     ; Returns:
(1) 1231/    196E :                     ; d0.w | Output value
(1) 1232/    196E :                     ; --------------------------------------------------------
(1) 1233/    196E :                     
(1) 1234/    196E :                     System_DiceRoll_Seed:
(1) 1235/    196E : 48E7 0C00           		movem.l	d4-d5,-(sp)
(1) 1236/    1972 : 2A00                		move.l	d0,d5
(1) 1237/    1974 : 2801                		move.l	d1,d4
(1) 1238/    1976 : 61B2                		bsr	System_Random_Seed
(1) 1239/    1978 : C0BC 0000 FFFF      		and.l	#$FFFF,d0
(1) 1240/    197E : C0C5                		mulu.w	d5,d0
(1) 1241/    1980 : 4840                		swap	d0
(1) 1242/    1982 : C0BC 0000 FFFF      		and.l	#$FFFF,d0
(1) 1243/    1988 : 4CDF 0030           		movem.l	(sp)+,d4-d5
(1) 1244/    198C : 4E75                		rts
(1) 1245/    198E :                     
(1) 1246/    198E :                     System_DiceRoll:
(1) 1247/    198E : 2F04                		move.l	d4,-(sp)
(1) 1248/    1990 : 2800                		move.l	d0,d4
(1) 1249/    1992 : 61A0                		bsr	System_Random
(1) 1250/    1994 : C0BC 0000 FFFF      		and.l	#$FFFF,d0
(1) 1251/    199A : C0C4                		mulu.w	d4,d0
(1) 1252/    199C : 4840                		swap	d0
(1) 1253/    199E : C0BC 0000 FFFF      		and.l	#$FFFF,d0
(1) 1254/    19A4 : 281F                		move.l	(sp)+,d4
(1) 1255/    19A6 : 4E75                		rts
(1) 1256/    19A8 :                     
(1) 1257/    19A8 :                     ; --------------------------------------------------------
(1) 1258/    19A8 :                     ; System_SineWave, System_SineWave_Cos
(1) 1259/    19A8 :                     ;
(1) 1260/    19A8 :                     ; Get Sine or Cosine value
(1) 1261/    19A8 :                     ;
(1) 1262/    19A8 :                     ; Input:
(1) 1263/    19A8 :                     ; d0.w | Tan value: 0-511
(1) 1264/    19A8 :                     ;
(1) 1265/    19A8 :                     ; Returns:
(1) 1266/    19A8 :                     ; d1.w | Result
(1) 1267/    19A8 :                     ; --------------------------------------------------------
(1) 1268/    19A8 :                     
(1) 1269/    19A8 :                     System_SineWave_Cos:
(1) 1270/    19A8 : 2F07                		move.l	d7,-(sp)
(1) 1271/    19AA : 3E00                		move.w	d0,d7
(1) 1272/    19AC : 0647 0080           		addi.w  #$80,d7
(1) 1273/    19B0 : 6004                		bra	sys_SineWave
(1) 1274/    19B2 :                     System_SineWave:
(1) 1275/    19B2 : 2F07                		move.l	d7,-(sp)
(1) 1276/    19B4 : 3E00                		move.w	d0,d7
(1) 1277/    19B6 :                     sys_SineWave:
(1) 1278/    19B6 : 0247 01FF           		andi.w	#$1FF,d7
(1) 1279/    19BA : 3207                		move.w	d7,d1
(1) 1280/    19BC : 0807 0007           		btst	#7,d7
(1) 1281/    19C0 : 6702                		beq.s	.loc_7EFA
(1) 1282/    19C2 : 4641                		not.w	d1
(1) 1283/    19C4 :                     .loc_7EFA:
(1) 1284/    19C4 : 0241 007F           		andi.w  #$7F,d1
(1) 1285/    19C8 : D241                		add.w	d1,d1
(1) 1286/    19CA : 323B 1010           		move.w  .sine_data(pc,d1.w),d1
(1) 1287/    19CE : 0807 0008           		btst    #8,d7
(1) 1288/    19D2 : 6702                		beq.s   .loc_7F0C
(1) 1289/    19D4 : 4441                		neg.w   d1
(1) 1290/    19D6 :                     .loc_7F0C:
(1) 1291/    19D6 : 48C1                		ext.l	d1
(1) 1292/    19D8 : 2E1F                		move.l (sp)+,d7
(1) 1293/    19DA : 4E75                		rts
(1) 1294/    19DC :                     
(1) 1295/    19DC :                     .sine_data:
(1) 1296/    19DC :                     		binclude "nikona/md/data/sine_data.bin"
(1) 1297/    1ADC :                     		align 2
(1) 1298/    1ADC :                     
(1) 1299/    1ADC :                     ; --------------------------------------------------------
(1) 1300/    1ADC :                     ; System_BCD_AddB, System_BCD_AddW, System_BCD_AddL
(1) 1301/    1ADC :                     ; System_BCD_SubB, System_BCD_SubW, System_BCD_SubL
(1) 1302/    1ADC :                     ;
(1) 1303/    1ADC :                     ; Increment/Decrement BCD value
(1) 1304/    1ADC :                     ; for Scores, Lives, and such.
(1) 1305/    1ADC :                     ;
(1) 1306/    1ADC :                     ; Input:
(1) 1307/    1ADC :                     ; d0.? | BCD value input
(1) 1308/    1ADC :                     ; d1.l | Increment/Decrement by
(1) 1309/    1ADC :                     ;
(1) 1310/    1ADC :                     ; Returns:
(1) 1311/    1ADC :                     ; d0.? | BCD value output
(1) 1312/    1ADC :                     ; --------------------------------------------------------
(1) 1313/    1ADC :                     
(1) 1314/    1ADC :                     ; TODO: An overflow check
(1) 1315/    1ADC :                     
(1) 1316/    1ADC :                     System_BCD_SubB:
(1) 1317/    1ADC : 0280 0000 00FF      		andi.l	#$00FF,d0
(1) 1318/    1AE2 : 6006                		bra.s	System_BCD_SubL
(1) 1319/    1AE4 :                     System_BCD_SubW:
(1) 1320/    1AE4 : 0280 0000 FFFF      		andi.l	#$FFFF,d0
(1) 1321/    1AEA :                     ; 		bra.s	System_BCD_SubL
(1) 1322/    1AEA :                     System_BCD_SubL:
(1) 1323/    1AEA : 48E7 0006           		movem.l	a5-a6,-(sp)
(1) 1324/    1AEE : 613C                		bsr	sysBCD_SpOut
(1) 1325/    1AF0 : 023C 0000           		and	#0,ccr
(1) 1326/    1AF4 : 8D0D                		sbcd	-(a5),-(a6)
(1) 1327/    1AF6 : 8D0D                		sbcd	-(a5),-(a6)
(1) 1328/    1AF8 : 8D0D                		sbcd	-(a5),-(a6)
(1) 1329/    1AFA : 8D0D                		sbcd	-(a5),-(a6)
(1) 1330/    1AFC : 2016                		move.l	(a6),d0
(1) 1331/    1AFE : 4CDF 6000           		movem.l	(sp)+,a5-a6
(1) 1332/    1B02 : 4E75                		rts
(1) 1333/    1B04 :                     System_BCD_AddB:
(1) 1334/    1B04 : 0280 0000 00FF      		andi.l	#$00FF,d0
(1) 1335/    1B0A : 6006                		bra.s	System_BCD_AddL
(1) 1336/    1B0C :                     System_BCD_AddW:
(1) 1337/    1B0C : 0280 0000 FFFF      		andi.l	#$FFFF,d0
(1) 1338/    1B12 :                     ; 		bsr.s	System_BCD_AddL
(1) 1339/    1B12 :                     System_BCD_AddL:
(1) 1340/    1B12 : 48E7 0006           		movem.l	a5-a6,-(sp)
(1) 1341/    1B16 : 6114                		bsr	sysBCD_SpOut
(1) 1342/    1B18 : 023C 0000           		and	#0,ccr
(1) 1343/    1B1C : CD0D                		abcd	-(a5),-(a6)
(1) 1344/    1B1E : CD0D                		abcd	-(a5),-(a6)
(1) 1345/    1B20 : CD0D                		abcd	-(a5),-(a6)
(1) 1346/    1B22 : CD0D                		abcd	-(a5),-(a6)
(1) 1347/    1B24 : 2016                		move.l	(a6),d0
(1) 1348/    1B26 : 4CDF 6000           		movem.l	(sp)+,a5-a6
(1) 1349/    1B2A : 4E75                		rts
(1) 1350/    1B2C :                     sysBCD_SpOut:
(1) 1351/    1B2C : 598F                		subq.l	#4,sp
(1) 1352/    1B2E : 2C4F                		move.l	sp,a6
(1) 1353/    1B30 : 598F                		subq.l	#4,sp
(1) 1354/    1B32 : 2A4F                		move.l	sp,a5
(1) 1355/    1B34 : 2C80                		move.l	d0,(a6)
(1) 1356/    1B36 : 2A81                		move.l	d1,(a5)
(1) 1357/    1B38 : DCFC 0004           		adda	#4,a6
(1) 1358/    1B3C : DAFC 0004           		adda	#4,a5
(1) 1359/    1B40 : 508F                		addq.l	#8,sp
(1) 1360/    1B42 : 4E75                		rts
(1) 1361/    1B44 :                     
(1) 1362/    1B44 :                     ; --------------------------------------------------------
(1) 1363/    1B44 :                     ; System_SetIntJumps
(1) 1364/    1B44 :                     ;
(1) 1365/    1B44 :                     ; Set new VBlank/HBlank/External Interrupt jumps
(1) 1366/    1B44 :                     ; generated by VDP
(1) 1367/    1B44 :                     ;
(1) 1368/    1B44 :                     ; Input:
(1) 1369/    1B44 :                     ; d0.l | New VBlank location
(1) 1370/    1B44 :                     ; d1.l | New HBlank location
(1) 1371/    1B44 :                     ; d2.l | New External location
(1) 1372/    1B44 :                     ;
(1) 1373/    1B44 :                     ; Notes:
(1) 1374/    1B44 :                     ; - Writing 0 to any of the INPUTs skips it
(1) 1375/    1B44 :                     ; - Use Video_IntEnable to enable/disable the interrupts
(1) 1376/    1B44 :                     ; --------------------------------------------------------
(1) 1377/    1B44 :                     
(1) 1378/    1B44 :                     System_SetIntJumps:
(1) 1379/    1B44 : 4A80                		tst.l	d0
(1) 1380/    1B46 : 6704                		beq.s	.no_vint
(1) 1384/    1B48 : 21C0 F178            		move.l	d0,(RAM_VBlankJump+2).w
(1) 1386/    1B4C :                     .no_vint:
(1) 1387/    1B4C : 4A81                		tst.l	d1
(1) 1388/    1B4E : 6704                		beq.s	.no_hint
(1) 1392/    1B50 : 21C1 F17E            		move.l	d1,(RAM_HBlankJump+2).w
(1) 1394/    1B54 :                     .no_hint:
(1) 1395/    1B54 : 4A82                		tst.l	d2
(1) 1396/    1B56 : 6704                		beq.s	.no_exint
(1) 1400/    1B58 : 21C2 F184            		move.l	d2,(RAM_ExternalJump+2).w
(1) 1402/    1B5C :                     .no_exint:
(1) 1403/    1B5C : 4E75                		rts
(1) 1404/    1B5E :                     
(1) 1405/    1B5E :                     ; ====================================================================
(1) 1406/    1B5E :                     ; ----------------------------------------------------------------
(1) 1407/    1B5E :                     ; SCD / CD32X ONLY
(1) 1408/    1B5E :                     ; ----------------------------------------------------------------
(1) 1409/    1B5E :                     
(1) 1410/    1B5E :                     ; --------------------------------------------------------
(1) 1411/    1B5E :                     ; System_MdMcd_Interrupt
(1) 1412/    1B5E :                     ;
(1) 1413/    1B5E :                     ; Request an interrupt to Sub-CPU, call this during
(1) 1414/    1B5E :                     ; VBlank.
(1) 1415/    1B5E :                     ; --------------------------------------------------------
(1) 1416/    1B5E :                     
(1) 1417/    1B5E :                     System_MdMcd_Interrupt:
(1) 1418/    1B5E : 2F07                		move.l	d7,-(sp)
(1) 1419/    1B60 :                     ; .wait_first:
(1) 1420/    1B60 :                     ; 		bsr	System_MdMcd_SubWait
(1) 1421/    1B60 :                     ; 		move.b	(sysmcd_reg+mcd_comm_m).l,d7
(1) 1422/    1B60 :                     ; 		andi.w	#$C0,d7
(1) 1423/    1B60 :                     ; 		cmpi.w	#$C0,d7
(1) 1424/    1B60 :                     ; 		beq.s	.wait_first
(1) 1425/    1B60 :                     ; 		bset	#0,(sysmcd_reg).l
(1) 1426/    1B60 : 13FC 0081 00A1      		move.b	#%10000001,(sysmcd_reg).l		; Request Level 1
             1B66 : 2000             
(1) 1427/    1B68 : 2E1F                		move.l	(sp)+,d7
(1) 1428/    1B6A : 4E75                		rts
(1) 1429/    1B6C :                     
(1) 1430/    1B6C :                     ; --------------------------------------------------------
(1) 1431/    1B6C :                     ; System_MdMcd_SubWait
(1) 1432/    1B6C :                     ;
(1) 1433/    1B6C :                     ; Waits until Sub-CPU finishes.
(1) 1434/    1B6C :                     ; --------------------------------------------------------
(1) 1435/    1B6C :                     
(1) 1436/    1B6C :                     System_MdMcd_SubWait:
(1) 1443/    1B6C : 4E75                		rts
(1) 1444/    1B6E :                     
(1) 1445/    1B6E :                     ; --------------------------------------------------------
(1) 1446/    1B6E :                     ; System_MdMcd_SubEnter
(1) 1447/    1B6E :                     ;
(1) 1448/    1B6E :                     ; Waits until Sub-CPU starts.
(1) 1449/    1B6E :                     ; --------------------------------------------------------
(1) 1450/    1B6E :                     
(1) 1451/    1B6E :                     System_MdMcd_SubEnter:
(1) 1458/    1B6E : 4E75                		rts
(1) 1459/    1B70 :                     
(1) 1460/    1B70 :                     ; --------------------------------------------------------
(1) 1461/    1B70 :                     ; System_MdMcd_SubTask
(1) 1462/    1B70 :                     ;
(1) 1463/    1B70 :                     ; Request task to Sub-CPU
(1) 1464/    1B70 :                     ;
(1) 1465/    1B70 :                     ; Input:
(1) 1466/    1B70 :                     ; d0.b | Task number
(1) 1467/    1B70 :                     ;
(1) 1468/    1B70 :                     ; Uses:
(1) 1469/    1B70 :                     ; d7/a6
(1) 1470/    1B70 :                     ;
(1) 1471/    1B70 :                     ; Notes:
(1) 1472/    1B70 :                     ; This exits without waiting SUB to finish,
(1) 1473/    1B70 :                     ; call System_MdMcd_SubWait afterwards if required.
(1) 1474/    1B70 :                     ; --------------------------------------------------------
(1) 1475/    1B70 :                     
(1) 1476/    1B70 :                     System_MdMcd_SubTask:
(1) 1501/    1B70 : 4E75                		rts
(1) 1502/    1B72 :                     
(1) 1503/    1B72 :                     ; --------------------------------------------------------
(1) 1504/    1B72 :                     ; System_MdMcd_WaitWRAM
(1) 1505/    1B72 :                     ;
(1) 1506/    1B72 :                     ; Wait for Word-RAM permission.
(1) 1507/    1B72 :                     ; --------------------------------------------------------
(1) 1508/    1B72 :                     
(1) 1509/    1B72 :                     System_MdMcd_WaitWRAM:
(1) 1510/    1B72 : 0839 0000 00A1      		btst	#0,(sysmcd_reg+mcd_memory).l
             1B78 : 2003             
(1) 1511/    1B7A : 67F6                		beq.s	System_MdMcd_WaitWRAM
(1) 1512/    1B7C : 4E75                		rts
(1) 1513/    1B7E :                     
(1) 1514/    1B7E :                     ; --------------------------------------------------------
(1) 1515/    1B7E :                     ; System_MdMcd_CheckWRAM
(1) 1516/    1B7E :                     ;
(1) 1517/    1B7E :                     ; Checks if Word-RAM is set to MAIN in return, 2M
(1) 1518/    1B7E :                     ;
(1) 1519/    1B7E :                     ; Returns:
(1) 1520/    1B7E :                     ; beq | Word-RAM is available
(1) 1521/    1B7E :                     ; bne | Word-RAM is locked
(1) 1522/    1B7E :                     ; --------------------------------------------------------
(1) 1523/    1B7E :                     
(1) 1524/    1B7E :                     System_MdMcd_CheckWRAM:
(1) 1525/    1B7E : 0839 0000 00A1      		btst	#0,(sysmcd_reg+mcd_memory).l
             1B84 : 2003             
(1) 1526/    1B86 : 6706                		beq.s	.no_ret
(1) 1527/    1B88 : 003C 0004           		or	#%00100,ccr	; beq
(1) 1528/    1B8C : 4E75                		rts
(1) 1529/    1B8E :                     .no_ret:
(1) 1530/    1B8E : 023C 001B           		and	#%11011,ccr	; bne
(1) 1531/    1B92 : 4E75                		rts
(1) 1532/    1B94 :                     
(1) 1533/    1B94 :                     ; --------------------------------------------------------
(1) 1534/    1B94 :                     ; System_MdMcd_GiveWRAM
(1) 1535/    1B94 :                     ;
(1) 1536/    1B94 :                     ; Give Word-RAM to SubCPU (DMNA), 2M
(1) 1537/    1B94 :                     ; --------------------------------------------------------
(1) 1538/    1B94 :                     
(1) 1539/    1B94 :                     System_MdMcd_GiveWRAM:
(1) 1540/    1B94 : 08F9 0001 00A1      		bset	#1,(sysmcd_reg+mcd_memory).l
             1B9A : 2003             
(1) 1541/    1B9C : 67F6                		beq.s	System_MdMcd_GiveWRAM
(1) 1542/    1B9E : 4E75                		rts
(1) 1543/    1BA0 :                     
(1) 1544/    1BA0 :                     ; --------------------------------------------------------
(1) 1545/    1BA0 :                     ; System_MdMcd_RdFile_RAM
(1) 1546/    1BA0 :                     ;
(1) 1547/    1BA0 :                     ; Read file from disc and transfers output the
(1) 1548/    1BA0 :                     ; data to a1, uses communication ports.
(1) 1549/    1BA0 :                     ;
(1) 1550/    1BA0 :                     ; Input:
(1) 1551/    1BA0 :                     ; a0   | Filename string: "FILENAME.BIN",0
(1) 1552/    1BA0 :                     ; a1   | Output location in RAM
(1) 1553/    1BA0 :                     ; d0.w | Size, $10-aligned sizes only
(1) 1554/    1BA0 :                     ;
(1) 1555/    1BA0 :                     ; Uses:
(1) 1556/    1BA0 :                     ; d7,a0-a1,a5-a6
(1) 1557/    1BA0 :                     ;
(1) 1558/    1BA0 :                     ; Notes:
(1) 1559/    1BA0 :                     ; - Uses ALL dcomm_m ports, breaks GEMA's PCM playback
(1) 1560/    1BA0 :                     ; --------------------------------------------------------
(1) 1561/    1BA0 :                     
(1) 1562/    1BA0 :                     System_MdMcd_RdFile_RAM:
(1) 1612/    1BA0 : 4E75                		rts
(1) 1613/    1BA2 :                     
(1) 1614/    1BA2 :                     ; --------------------------------------------------------
(1) 1615/    1BA2 :                     ; System_MdMcd_Trnsfr_WRAM
(1) 1616/    1BA2 :                     ;
(1) 1617/    1BA2 :                     ; Read file from disc and sends it to WORD-RAM,
(1) 1618/    1BA2 :                     ; waits on finish.
(1) 1619/    1BA2 :                     ;
(1) 1620/    1BA2 :                     ; Input:
(1) 1621/    1BA2 :                     ; a0   | Filename string "FILENAME.BIN"
(1) 1622/    1BA2 :                     ; a1   | Output location
(1) 1623/    1BA2 :                     ;
(1) 1624/    1BA2 :                     ; Notes:
(1) 1625/    1BA2 :                     ; - Uses ALL dcomm_m ports, breaks GEMA's PCM playback
(1) 1626/    1BA2 :                     ; --------------------------------------------------------
(1) 1627/    1BA2 :                     
(1) 1628/    1BA2 :                     System_MdMcd_RdFile_WRAM:
(1) 1652/    1BA2 : 4E75                		rts
(1) 1653/    1BA4 :                     
(1) 1654/    1BA4 :                     ; --------------------------------------------------------
(1) 1655/    1BA4 :                     ; System_MdMcd_CheckHome
(1) 1656/    1BA4 :                     ;
(1) 1657/    1BA4 :                     ; Checks if the player is holding A, B, C and
(1) 1658/    1BA4 :                     ; then presses the START button.
(1) 1659/    1BA4 :                     ;
(1) 1660/    1BA4 :                     ; Returns:
(1) 1661/    1BA4 :                     ; bcc | Combo input not pressed
(1) 1662/    1BA4 :                     ; bcs | User did the combo presses
(1) 1663/    1BA4 :                     ;
(1) 1664/    1BA4 :                     ; Notes:
(1) 1665/    1BA4 :                     ; If you call this from your Title Screen:
(1) 1666/    1BA4 :                     ; carry MUST JUMP to System_MdMcd_ExitShell,
(1) 1667/    1BA4 :                     ; for other screen modes carry jumps to your
(1) 1668/    1BA4 :                     ; Title Screen.
(1) 1669/    1BA4 :                     ; --------------------------------------------------------
(1) 1670/    1BA4 :                     
(1) 1671/    1BA4 :                     System_MdMcd_CheckHome:
(1) 1672/    1BA4 : 48A7 0300           		movem.w	d6-d7,-(sp)
(1) 1673/    1BA8 : 3E38 F0FC           		move.w	(Controller_1+pad_press).w,d7
(1) 1674/    1BAC : 3C38 F0FA           		move.w	(Controller_1+pad_hold).w,d6
(1) 1675/    1BB0 : 0246 0070           		andi.w	#JoyA+JoyB+JoyC,d6
(1) 1676/    1BB4 : 0C46 0070           		cmpi.w	#JoyA+JoyB+JoyC,d6
(1) 1677/    1BB8 : 6610                		bne.s	.not_press
(1) 1678/    1BBA : 0247 0080           		andi.w	#JoyStart,d7
(1) 1679/    1BBE : 670A                		beq.s	.not_press
(1) 1680/    1BC0 : 4C9F 00C0           		movem.w	(sp)+,d6-d7
(1) 1681/    1BC4 : 003C 0001           		or	#1,ccr
(1) 1682/    1BC8 : 4E75                		rts
(1) 1683/    1BCA :                     .not_press:
(1) 1684/    1BCA : 4C9F 00C0           		movem.w	(sp)+,d6-d7
(1) 1685/    1BCE : 023C 001E           		and	#%11110,ccr
(1) 1686/    1BD2 : 4E75                		rts
(1) 1687/    1BD4 :                     
(1) 1688/    1BD4 :                     ; --------------------------------------------------------
(1) 1689/    1BD4 :                     ; System_MdMcd_ExitShell
(1) 1690/    1BD4 :                     ;
(1) 1691/    1BD4 :                     ; Exits the entire program and goes to
(1) 1692/    1BD4 :                     ; the BIOS/Shell.
(1) 1693/    1BD4 :                     ;
(1) 1694/    1BD4 :                     ; *** JUMP ONLY
(1) 1695/    1BD4 :                     ; --------------------------------------------------------
(1) 1696/    1BD4 :                     
(1) 1697/    1BD4 :                     ; jmp $0280: Hot restart, stops PSG and clears VDP
(1) 1698/    1BD4 :                     ; jmp $0284: Entry point
(1) 1699/    1BD4 :                     ; jmp $0288: CD player, keeps SP (unsafe)
(1) 1700/    1BD4 :                     ; jmp $028C: CD player, resets SP (official method)
(1) 1701/    1BD4 :                     
(1) 1702/    1BD4 :                     System_MdMcd_ExitShell:
(1) 1712/    1BD4 : 4E75                		rts
(1) 1714/    1BD6 :                     
(1) 1715/    1BD6 :                     ; ------------------------------------------------------------
(1) 1716/    1BD6 :                     ; CDDA PLAYBACK
(1) 1717/    1BD6 :                     ; ------------------------------------------------------------
(1) 1718/    1BD6 :                     
(1) 1719/    1BD6 :                     ; --------------------------------------------------------
(1) 1720/    1BD6 :                     ; System_MdMcd_CddaPlay, System_MdMcd_CddaPlayL
(1) 1721/    1BD6 :                     ;
(1) 1722/    1BD6 :                     ; Play CDDA track, normal or looped.
(1) 1723/    1BD6 :                     ;
(1) 1724/    1BD6 :                     ; Input:
(1) 1725/    1BD6 :                     ; d0.w | CD track number
(1) 1726/    1BD6 :                     ;
(1) 1727/    1BD6 :                     ; This calls Sub-Task $10 for normal playback
(1) 1728/    1BD6 :                     ; and $11 for looped
(1) 1729/    1BD6 :                     ;
(1) 1730/    1BD6 :                     ; Notes:
(1) 1731/    1BD6 :                     ; Tracks $00, $01 and any negative values are ignored.
(1) 1732/    1BD6 :                     ; --------------------------------------------------------
(1) 1733/    1BD6 :                     
(1) 1734/    1BD6 :                     System_MdMcd_CddaPlay:
(1) 1735/    1BD6 : 48E7 8902           		movem.l	d0/d4/d7/a6,-(sp)
(1) 1736/    1BDA : 383C 0010           		move.w	#$0010,d4
(1) 1737/    1BDE : 6008                		bra	sysMdMcd_SetCdda
(1) 1738/    1BE0 :                     System_MdMcd_CddaPlayL:
(1) 1739/    1BE0 : 48E7 8902           		movem.l	d0/d4/d7/a6,-(sp)
(1) 1740/    1BE4 : 383C 0011           		move.w	#$0011,d4
(1) 1741/    1BE8 :                     sysMdMcd_SetCdda:
(1) 1753/    1BE8 : 4CDF 4091           		movem.l	(sp)+,d0/d4/d7/a6
(1) 1754/    1BEC : 4E75                		rts
(1) 1755/    1BEE :                     
(1) 1756/    1BEE :                     ; --------------------------------------------------------
(1) 1757/    1BEE :                     ; System_MdMcd_CdStop
(1) 1758/    1BEE :                     ;
(1) 1759/    1BEE :                     ; Stop CDDA track
(1) 1760/    1BEE :                     ; --------------------------------------------------------
(1) 1761/    1BEE :                     
(1) 1762/    1BEE :                     System_MdMcd_CddaStop:
(1) 1769/    1BEE : 4E75                		rts
(1) 1770/    1BF0 :                     
(1) 1771/    1BF0 :                     ; --------------------------------------------------------
(1) 1772/    1BF0 :                     ; System_MdMcd_CdFade
(1) 1773/    1BF0 :                     ;
(1) 1774/    1BF0 :                     ; Fade the CDDA Volume
(1) 1775/    1BF0 :                     ;
(1) 1776/    1BF0 :                     ; Input:
(1) 1777/    1BF0 :                     ; d0.w | Target volume:
(1) 1778/    1BF0 :                     ;        $000-$400 - Min to Max
(1) 1779/    1BF0 :                     ; d1.w | Fading speed:
(1) 1780/    1BF0 :                     ;        $001-$200 - Slow to Fast
(1) 1781/    1BF0 :                     ;             $400 - Set quick
(1) 1782/    1BF0 :                     ;
(1) 1783/    1BF0 :                     ; This calls Sub-Task $16
(1) 1784/    1BF0 :                     ; --------------------------------------------------------
(1) 1785/    1BF0 :                     
(1) 1786/    1BF0 :                     System_MdMcd_CddaFade:
(1) 1795/    1BF0 : 4E75                		rts
(1) 1796/    1BF2 :                     
(1) 1797/    1BF2 :                     ; --------------------------------------------------------
(1) 1798/    1BF2 :                     ; DEFAULT Save filename for SEGA CD / CD32X
(1) 1799/    1BF2 :                     ; --------------------------------------------------------
(1) 1800/    1BF2 :                     
(1) 1801/    1BF2 :                     def_SaveInfo:
(1) 1805/    1BF2 : 4E49 4B4F 4E41      		dc.b HTAG_CDSAVE,0
             1BF8 : 4344 5F5F 5F00    
(1) 1807/    1BFE : 0004                		dc.w (SET_SRAMSIZE/$40)
(1) 1808/    1C00 : 0000                		dc.w 0
(1) 1809/    1C02 :                     		align 2
(1) 1810/    1C02 :                     
(1) 1811/    1C02 :                     ; ====================================================================
(1) 1812/    1C02 :                     ; ----------------------------------------------------------------
(1) 1813/    1C02 :                     ; 32X and CD32X ONLY
(1) 1814/    1C02 :                     ; ----------------------------------------------------------------
(1) 1815/    1C02 :                     
(1) 1816/    1C02 :                     ; --------------------------------------------------------
(1) 1817/    1C02 :                     ; System_MdMars_SendData
(1) 1818/    1C02 :                     ;
(1) 1819/    1C02 :                     ; Transfers Genesis data to the 32X's SDRAM
(1) 1820/    1C02 :                     ; using DREQ
(1) 1821/    1C02 :                     ;
(1) 1822/    1C02 :                     ; Input:
(1) 1823/    1C02 :                     ; a0   | Source data
(1) 1824/    1C02 :                     ; a1.l | Destination in SH2's SDRAM area ($00xxxxxx)
(1) 1825/    1C02 :                     ; d0.l | Size, only 8-byte-aligned sizes allowed.
(1) 1826/    1C02 :                     ;
(1) 1827/    1C02 :                     ; Returns:
(1) 1828/    1C02 :                     ; a1   | New output SDRAM location
(1) 1829/    1C02 :                     ;
(1) 1830/    1C02 :                     ; Uses:
(1) 1831/    1C02 :                     ; d0/a4-a5,d5-d7
(1) 1832/    1C02 :                     ;
(1) 1833/    1C02 :                     ; Notes:
(1) 1834/    1C02 :                     ; - Call this during DISPLAY ONLY, NOT during VBlank.
(1) 1835/    1C02 :                     ; - MOST 32X EMULATORS WILL GET STUCK HERE
(1) 1836/    1C02 :                     ; --------------------------------------------------------
(1) 1837/    1C02 :                     
(1) 1838/    1C02 :                     System_MdMars_SendData:
(1) 1875/    1C02 :                     
(1) 1876/    1C02 :                     ; --------------------------------------------------------
(1) 1877/    1C02 :                     ; System_MdMars_Update
(1) 1878/    1C02 :                     ;
(1) 1879/    1C02 :                     ; Send a section of MD RAM to 32X's SDRAM
(1) 1880/    1C02 :                     ;
(1) 1881/    1C02 :                     ; Notes:
(1) 1882/    1C02 :                     ; Call this during DISPLAY ONLY
(1) 1883/    1C02 :                     ; --------------------------------------------------------
(1) 1884/    1C02 :                     
(1) 1885/    1C02 :                     System_MdMars_Update:
(1) 1939/    1C02 :                     
(1) 1940/    1C02 :                     ; ====================================================================
(1) 1941/    1C02 :                     ; ----------------------------------------------------------------
(1) 1942/    1C02 :                     ; SHARED for all
(1) 1943/    1C02 :                     ; ----------------------------------------------------------------
(1) 1944/    1C02 :                     
(1) 1945/    1C02 :                     ; --------------------------------------------------------
(1) 1946/    1C02 :                     ; System_SetDataBank
(1) 1947/    1C02 :                     ;
(1) 1948/    1C02 :                     ; Sets the current DATA bank depending of the system
(1) 1949/    1C02 :                     ;
(1) 1950/    1C02 :                     ; Input:
(1) 1951/    1C02 :                     ; d0 | Data location
(1) 1952/    1C02 :                     ;      SCD/CD32X: Data label for searching
(1) 1953/    1C02 :                     ;      the ISO filename in incl_list.asm
(1) 1954/    1C02 :                     ;
(1) 1955/    1C02 :                     ; Returns:
(1) 1956/    1C02 :                     ; bcc | Loaded bank without problem
(1) 1957/    1C02 :                     ; bcs | Bank not found on DISC (CD/CD32 ONLY)
(1) 1958/    1C02 :                     ;
(1) 1959/    1C02 :                     ; Uses:
(1) 1960/    1C02 :                     ; a4-a5,d5-d7
(1) 1961/    1C02 :                     ;
(1) 1962/    1C02 :                     ; Notes:
(1) 1963/    1C02 :                     ; - This code is shared to all systems, on CD/CD32X
(1) 1964/    1C02 :                     ;   this will load from DISC so transfer will be
(1) 1965/    1C02 :                     ;   slow.
(1) 1966/    1C02 :                     ; - CD/CD32X: Requires adding the ISO filename
(1) 1967/    1C02 :                     ;   in incl_list.asm
(1) 1968/    1C02 :                     ; - CD/CD32X: DO NOT CALL THIS WHEN STAMPS ARE BEING
(1) 1969/    1C02 :                     ;   ACTIVE, Load the stamp data with this
(1) 1970/    1C02 :                     ;   BEFORE enabling them.
(1) 1971/    1C02 :                     ; --------------------------------------------------------
(1) 1972/    1C02 :                     
(1) 1973/    1C02 :                     System_SetDataBank:
(1) 1974/    1C02 :                     	; CD/CD32X:
(1) 2022/    1C02 :                     
(1) 2023/    1C02 : 4E75                		rts			; *** KEEP THIS RTS ***
(1) 2024/    1C04 :                     
(1) 2025/    1C04 :                     ; ====================================================================
(1) 2026/    1C04 :                     ; ----------------------------------------------------------------
(1) 2027/    1C04 :                     ; Objects system
(1) 2028/    1C04 :                     ; ----------------------------------------------------------------
(1) 2029/    1C04 :                     
(1) 2030/    1C04 :                     ; --------------------------------------------------------
(1) 2031/    1C04 :                     ; Objects_Init
(1) 2032/    1C04 :                     ;
(1) 2033/    1C04 :                     ; Reset Objects system
(1) 2034/    1C04 :                     ; --------------------------------------------------------
(1) 2035/    1C04 :                     
(1) 2036/    1C04 :                     Objects_Init:
(1) 2037/    1C04 : 21FC 0000 0000      		move.l	#0,(RAM_CurrObjList).w
             1C0A : F172             
(1) 2038/    1C0C : 31FC 0000 F18E      		move.w	#0,(RAM_CurrObjNum).w
(1) 2039/    1C12 : 4E75                		rts
(1) 2040/    1C14 :                     
(1) 2041/    1C14 :                     ; --------------------------------------------------------
(1) 2042/    1C14 :                     ; Objects_Enable
(1) 2043/    1C14 :                     ;
(1) 2044/    1C14 :                     ; Enable Objects on the current screen
(1) 2045/    1C14 :                     ;
(1) 2046/    1C14 :                     ; Input:
(1) 2047/    1C14 :                     ; a0   | Objects buffer
(1) 2048/    1C14 :                     ; d0.w | Number of Objects to use
(1) 2049/    1C14 :                     ; --------------------------------------------------------
(1) 2050/    1C14 :                     
(1) 2051/    1C14 :                     Objects_Enable:
(1) 2052/    1C14 : 48E7 0102           		movem.l	d7/a6,-(sp)
(1) 2053/    1C18 : 2C48                		move.l	a0,a6
(1) 2054/    1C1A : 3E00                		move.w	d0,d7
(1) 2055/    1C1C : CEFC 0068           		mulu.w	#obj_len,d7
(1) 2056/    1C20 : 5347                		subq.w	#1,d7
(1) 2057/    1C22 :                     .clr_first:
(1) 2058/    1C22 : 421E                		clr.b	(a6)+
(1) 2059/    1C24 : 51CF FFFC           		dbf	d7,.clr_first
(1) 2060/    1C28 : 21C8 F172           		move.l	a0,(RAM_CurrObjList).w
(1) 2061/    1C2C : 31C0 F18E           		move.w	d0,(RAM_CurrObjNum).w
(1) 2062/    1C30 : 4CDF 4080           		movem.l	(sp)+,d7/a6
(1) 2063/    1C34 : 4E75                		rts
(1) 2064/    1C36 :                     
(1) 2065/    1C36 :                     ; --------------------------------------------------------
(1) 2066/    1C36 :                     ; Objects_Run
(1) 2067/    1C36 :                     ;
(1) 2068/    1C36 :                     ; Process ALL Objects
(1) 2069/    1C36 :                     ;
(1) 2070/    1C36 :                     ; Uses:
(1) 2071/    1C36 :                     ; ALL
(1) 2072/    1C36 :                     ;
(1) 2073/    1C36 :                     ; Notes:
(1) 2074/    1C36 :                     ; - ONLY CALL THIS ONCE PER FRAME
(1) 2075/    1C36 :                     ; --------------------------------------------------------
(1) 2076/    1C36 :                     
(1) 2077/    1C36 :                     Objects_Run:
(1) 2078/    1C36 : 2E38 F172           		move.l	(RAM_CurrObjList).w,d7
(1) 2079/    1C3A : 671E                		beq.s	.invld_num
(1) 2080/    1C3C : 2C47                		move.l	d7,a6
(1) 2081/    1C3E : 3E38 F18E           		move.w	(RAM_CurrObjNum).w,d7
(1) 2082/    1C42 : 6716                		beq.s	.invld_num
(1) 2083/    1C44 : 6B14                		bmi.s	.invld_num
(1) 2084/    1C46 :                     .next_one:
(1) 2085/    1C46 : 2C16                		move.l	obj_code(a6),d6
(1) 2086/    1C48 : 6708                		beq.s	.no_code
(1) 2087/    1C4A : 2F07                		move.l	d7,-(sp)
(1) 2088/    1C4C : 2A46                		move.l	d6,a5
(1) 2089/    1C4E : 4E95                		jsr	(a5)
(1) 2090/    1C50 : 2E1F                		move.l	(sp)+,d7
(1) 2091/    1C52 :                     .no_code:
(1) 2092/    1C52 : DCFC 0068           		adda	#obj_len,a6
(1) 2093/    1C56 : 51CF FFEE           		dbf	d7,.next_one
(1) 2094/    1C5A :                     .invld_num:
(1) 2095/    1C5A : 4E75                		rts
(1) 2096/    1C5C :                     
(1) 2097/    1C5C :                     ; --------------------------------------------------------
(1) 2098/    1C5C :                     ; Objects_Set, Objects_Make
(1) 2099/    1C5C :                     ;
(1) 2100/    1C5C :                     ; Set a new object into a specific slot.
(1) 2101/    1C5C :                     ;
(1) 2102/    1C5C :                     ; Input:
(1) 2103/    1C5C :                     ; d0.l | Object code pointer
(1) 2104/    1C5C :                     ;        If 0: DELETE the object including it's memory
(1) 2105/    1C5C :                     ; d1.b | Object sub-type (obj_subid)
(1) 2106/    1C5C :                     ; d2.w | Object slot
(1) 2107/    1C5C :                     ;        If -1: Auto-search starting from FIRST slot.
(1) 2108/    1C5C :                     ;
(1) 2109/    1C5C :                     ; Returns:
(1) 2110/    1C5C :                     ; bcc | Found free slot
(1) 2111/    1C5C :                     ; bcs | Ran-out of object slots
(1) 2112/    1C5C :                     ;
(1) 2113/    1C5C :                     ; Notes:
(1) 2114/    1C5C :                     ; If you are not using obj_subid you can ignore it,
(1) 2115/    1C5C :                     ; but it will contain the remains of d2 when you
(1) 2116/    1C5C :                     ; called this.
(1) 2117/    1C5C :                     ; --------------------------------------------------------
(1) 2118/    1C5C :                     
(1) 2119/    1C5C :                     Objects_Set:
(1) 2120/    1C5C : 48E7 0306           		movem.l	d6-d7/a5-a6,-(sp)
(1) 2121/    1C60 : 2C78 F172           		movea.l	(RAM_CurrObjList).w,a6
(1) 2122/    1C64 : 7E00                		moveq	#0,d7
(1) 2123/    1C66 : 3E02                		move.w	d2,d7
(1) 2124/    1C68 : CEFC 0068           		mulu.w	#obj_len,d7
(1) 2125/    1C6C : DCC7                		adda	d7,a6
(1) 2126/    1C6E : 602E                		bra.s	objSet_Go
(1) 2127/    1C70 :                     Objects_Make:
(1) 2128/    1C70 : 48E7 0306           		movem.l	d6-d7/a5-a6,-(sp)
(1) 2129/    1C74 : 2C78 F172           		movea.l	(RAM_CurrObjList).w,a6
(1) 2130/    1C78 : 3E38 F18E           		move.w	(RAM_CurrObjNum).w,d7
(1) 2131/    1C7C : 5347                		subq.w	#1,d7
(1) 2132/    1C7E : 7C00                		moveq	#0,d6
(1) 2133/    1C80 :                     .search:
(1) 2134/    1C80 : BC78 F18E           		cmp.w	(RAM_CurrObjNum).w,d6
(1) 2135/    1C84 : 6C0E                		bge.s	objSet_Error
(1) 2136/    1C86 : 4A96                		tst.l	obj_code(a6)
(1) 2137/    1C88 : 6714                		beq.s	objSet_Go
(1) 2138/    1C8A : DCFC 0068           		adda	#obj_len,a6
(1) 2139/    1C8E : 5246                		addq.w	#1,d6
(1) 2140/    1C90 : 51CF FFEE           		dbf	d7,.search
(1) 2141/    1C94 :                     objSet_Error:
(1) 2142/    1C94 : 4CDF 60C0           		movem.l	(sp)+,d6-d7/a5-a6
(1) 2143/    1C98 : 44FC 0001           		move	#1,ccr			; Return carry (No slots)
(1) 2144/    1C9C : 4E75                		rts
(1) 2145/    1C9E :                     objSet_Go:
(1) 2146/    1C9E : 4A80                		tst.l	d0
(1) 2147/    1CA0 : 670A                		beq.s	.from_del
(1) 2148/    1CA2 : 2E00                		move.l	d0,d7
(1) 2149/    1CA4 : 2C87                		move.l	d7,obj_code(a6)
(1) 2150/    1CA6 : 1D41 001D           		move.b	d1,obj_subid(a6)
(1) 2151/    1CAA : 600C                		bra.s	.exit_this
(1) 2152/    1CAC :                     .from_del:
(1) 2153/    1CAC : 2A4E                		move.l	a6,a5			; Delete entire object
(1) 2154/    1CAE : 3E3C 0067           		move.w	#obj_len-1,d7
(1) 2155/    1CB2 : 421D                .clr:		clr.b	(a5)+
(1) 2156/    1CB4 : 51CF FFFC           		dbf	d7,.clr
(1) 2157/    1CB8 :                     .exit_this:
(1) 2158/    1CB8 : 4CDF 60C0           		movem.l	(sp)+,d6-d7/a5-a6
(1) 2159/    1CBC : 003C 0001           		or	#1,ccr
(1) 2160/    1CC0 : 4E75                		rts
(1) 2161/    1CC2 :                     
(1) 2162/    1CC2 :                     ; ====================================================================
(1) 2163/    1CC2 :                     ; --------------------------------------------------------
(1) 2164/    1CC2 :                     ; Object functions
(1) 2165/    1CC2 :                     ; --------------------------------------------------------
(1) 2166/    1CC2 :                     
(1) 2167/    1CC2 :                     ; --------------------------------------------------------
(1) 2168/    1CC2 :                     ; object_Reset
(1) 2169/    1CC2 :                     ;
(1) 2170/    1CC2 :                     ; Resets the current object's memory, call this
(1) 2171/    1CC2 :                     ; at very beginning of your object's init code
(1) 2172/    1CC2 :                     ;
(1) 2173/    1CC2 :                     ; Input:
(1) 2174/    1CC2 :                     ; a6 | This object
(1) 2175/    1CC2 :                     ; --------------------------------------------------------
(1) 2176/    1CC2 :                     
(1) 2177/    1CC2 :                     object_Reset:
(1) 2178/    1CC2 : 48E7 0304           		movem.l	d6-d7/a5,-(sp)
(1) 2179/    1CC6 : 4BEE 0028           		lea	obj_ram(a6),a5
(1) 2180/    1CCA : 3C3C 003F           		move.w	#(obj_len-obj_ram)-1,d6
(1) 2181/    1CCE : 7E00                		moveq	#0,d7
(1) 2182/    1CD0 : 1AC7                .clr_ram:	move.b	d7,(a5)+
(1) 2183/    1CD2 : 51CE FFFC           		dbf	d6,.clr_ram
(1) 2184/    1CD6 : 4CDF 20C0           		movem.l	(sp)+,d6-d7/a5
(1) 2185/    1CDA : 4E75                		rts
(1) 2186/    1CDC :                     
(1) 2187/    1CDC :                     ; --------------------------------------------------------
(1) 2188/    1CDC :                     ; object_ResetAnim
(1) 2189/    1CDC :                     ;
(1) 2190/    1CDC :                     ; Reset animation variables
(1) 2191/    1CDC :                     ; call this BEFORE using object_Animate
(1) 2192/    1CDC :                     ;
(1) 2193/    1CDC :                     ; Input:
(1) 2194/    1CDC :                     ; a6 | This object
(1) 2195/    1CDC :                     ; --------------------------------------------------------
(1) 2196/    1CDC :                     
(1) 2197/    1CDC :                     object_ResetAnim:
(1) 2198/    1CDC :                     ;  		clr.w	obj_anim_indx(a6)
(1) 2199/    1CDC :                     ;  		clr.b	obj_anim_spd(a6)
(1) 2200/    1CDC : 1D7C 00FF 0026      		move.b	#-1,obj_anim_icur(a6)
(1) 2201/    1CE2 : 4E75                		rts
(1) 2202/    1CE4 :                     
(1) 2203/    1CE4 :                     ; --------------------------------------------------------
(1) 2204/    1CE4 :                     ; object_Speed
(1) 2205/    1CE4 :                     ;
(1) 2206/    1CE4 :                     ; Moves the object using speed values set on
(1) 2207/    1CE4 :                     ; obj_x_spd and obj_y_spd, updates obj_x and obj_y
(1) 2208/    1CE4 :                     ;
(1) 2209/    1CE4 :                     ; Input:
(1) 2210/    1CE4 :                     ; a6 | This object
(1) 2211/    1CE4 :                     ; --------------------------------------------------------
(1) 2212/    1CE4 :                     
(1) 2213/    1CE4 :                     object_Speed:
(1) 2214/    1CE4 : 2F07                		move.l	d7,-(sp)
(1) 2215/    1CE6 : 7E00                		moveq	#0,d7
(1) 2216/    1CE8 : 3E2E 0016           		move.w	obj_x_spd(a6),d7
(1) 2217/    1CEC : 48C7                		ext.l	d7
(1) 2218/    1CEE : E187                		asl.l	#8,d7
(1) 2219/    1CF0 : DFAE 0004           		add.l	d7,obj_x(a6)
(1) 2220/    1CF4 : 7E00                		moveq	#0,d7
(1) 2221/    1CF6 : 3E2E 0018           		move.w	obj_y_spd(a6),d7
(1) 2222/    1CFA : 48C7                		ext.l	d7
(1) 2223/    1CFC : E187                		asl.l	#8,d7
(1) 2224/    1CFE : DFAE 0008           		add.l	d7,obj_y(a6)
(1) 2225/    1D02 : 7E00                		moveq	#0,d7
(1) 2226/    1D04 : 3E2E 001A           		move.w	obj_z_spd(a6),d7
(1) 2227/    1D08 : 48C7                		ext.l	d7
(1) 2228/    1D0A : E187                		asl.l	#8,d7
(1) 2229/    1D0C : DFAE 000C           		add.l	d7,obj_z(a6)
(1) 2230/    1D10 : 2E1F                		move.l	(sp)+,d7
(1) 2231/    1D12 : 4E75                		rts
(1) 2232/    1D14 :                     
(1) 2233/    1D14 :                     ; --------------------------------------------------------
(1) 2234/    1D14 :                     ; object_Animate
(1) 2235/    1D14 :                     ;
(1) 2236/    1D14 :                     ; Animates the sprite with a animation script,
(1) 2237/    1D14 :                     ; modifies obj_frame with the frame to use
(1) 2238/    1D14 :                     ;
(1) 2239/    1D14 :                     ; Input:
(1) 2240/    1D14 :                     ; a6 | This object
(1) 2241/    1D14 :                     ; a0 | Animation data
(1) 2242/    1D14 :                     ; --------------------------------------------------------
(1) 2243/    1D14 :                     
(1) 2244/    1D14 :                     ; anim_data:
(1) 2245/    1D14 :                     ; 	dc.w .frame_1-anim_data
(1) 2246/    1D14 :                     ; 	dc.w .frame_2-anim_data
(1) 2247/    1D14 :                     ; 	;...
(1) 2248/    1D14 :                     ;
(1) 2249/    1D14 :                     ; .frame_num:
(1) 2250/    1D14 :                     ; 	dc.w speed			; Animation speed/delay
(1) 2251/    1D14 :                     ; 	dc.w frame_0,frame_1,...	; Frames list
(1) 2252/    1D14 :                     ; 	dc.w command			; End-of-data command
(1) 2253/    1D14 :                     ;
(1) 2254/    1D14 :                     ; commands:
(1) 2255/    1D14 :                     ; dc.w -1 		; Finish animation, stops at last frame.
(1) 2256/    1D14 :                     ; dc.w -2 		; Loop animation, goes back to index 0
(1) 2257/    1D14 :                     ; dc.w -3,to_indx	; Jump to index
(1) 2258/    1D14 :                     
(1) 2259/    1D14 :                     object_Animate:
(1) 2260/    1D14 : 48E7 0780           		movem.l	a0/d5-d7,-(sp)
(1) 2261/    1D18 : 7E00                		moveq	#0,d7
(1) 2262/    1D1A : 1E2E 0026            		move.b	obj_anim_icur(a6),d7
(1) 2263/    1D1E : BE6E 0022            		cmp.w	obj_anim_num(a6),d7
(1) 2264/    1D22 : 670E                 		beq.s	.sameThing
(1) 2265/    1D24 : 1D6E 0023 0026       		move.b	obj_anim_num+1(a6),obj_anim_icur(a6)
(1) 2266/    1D2A : 426E 0024            		clr.w	obj_anim_indx(a6)
(1) 2267/    1D2E : 422E 0027            		clr.b	obj_anim_spd(a6)
(1) 2268/    1D32 :                     .sameThing:
(1) 2269/    1D32 : 3E2E 0022            		move.w	obj_anim_num(a6),d7
(1) 2270/    1D36 : 0C07 00FF            		cmpi.b	#-1,d7
(1) 2271/    1D3A : 6748                 		beq.s	.return
(1) 2272/    1D3C : DE47                 		add.w	d7,d7
(1) 2273/    1D3E : 3E30 7000            		move.w	(a0,d7.w),d7
(1) 2274/    1D42 : 41F0 7000            		lea	(a0,d7.w),a0
(1) 2275/    1D46 : 3E18                 		move.w	(a0)+,d7
(1) 2276/    1D48 : 0C47 FFFF            		cmpi.w	#-1,d7
(1) 2277/    1D4C : 670C                 		beq.s	.keepspd
(1) 2278/    1D4E : 042E 0001 0027       		subi.b	#1,obj_anim_spd(a6)
(1) 2279/    1D54 : 6A2E                 		bpl.s	.return
(1) 2280/    1D56 : 1D47 0027           		move.b	d7,obj_anim_spd(a6)
(1) 2281/    1D5A :                     .keepspd:
(1) 2282/    1D5A : 7C00                 		moveq	#0,d6
(1) 2283/    1D5C : 3E2E 0024            		move.w	obj_anim_indx(a6),d7
(1) 2284/    1D60 : DE47                 		add.w	d7,d7
(1) 2285/    1D62 : 3C10                 		move.w	(a0),d6
(1) 2286/    1D64 : D0C7                 		adda	d7,a0
(1) 2287/    1D66 : 3A10                 		move.w	(a0),d5
(1) 2288/    1D68 : 0C45 FFFF            		cmpi.w	#-1,d5
(1) 2289/    1D6C : 6730                 		beq.s	.lastFrame	; finish
(1) 2290/    1D6E : 0C45 FFFE            		cmpi.w	#-2,d5
(1) 2291/    1D72 : 6712                 		beq.s	.noAnim		; loop animation
(1) 2292/    1D74 : 0C45 FFFD            		cmpi.w	#-3,d5
(1) 2293/    1D78 : 671A                 		beq.s	.goToFrame
(1) 2294/    1D7A : 3D45 0020            		move.w	d5,obj_frame(a6)
(1) 2295/    1D7E : 066E 0001 0024       		add.w	#1,obj_anim_indx(a6)
(1) 2296/    1D84 :                     .return:
(1) 2297/    1D84 : 601C                 		bra.s	.exit_anim
(1) 2298/    1D86 :                     .noAnim:
(1) 2299/    1D86 : 3D7C 0001 0024       		move.w	#1,obj_anim_indx(a6)
(1) 2300/    1D8C : 3A06                 		move.w	d6,d5
(1) 2301/    1D8E : 3D45 0020            		move.w	d5,obj_frame(a6)
(1) 2302/    1D92 : 600E                		bra.s	.exit_anim
(1) 2303/    1D94 :                     .goToFrame:
(1) 2304/    1D94 : 426E 0024           		clr.w	obj_anim_indx(a6)
(1) 2305/    1D98 : 3D68 0002 0024      		move.w	2(a0),obj_anim_indx(a6)
(1) 2306/    1D9E :                     .lastFrame:
(1) 2307/    1D9E : 422E 0027            		clr.b	obj_anim_spd(a6)
(1) 2308/    1DA2 :                     .exit_anim:
(1) 2309/    1DA2 : 4CDF 01E0           		movem.l	(sp)+,a0/d5-d7
(1) 2310/    1DA6 : 4E75                		rts
(1) 2311/    1DA8 :                     
(1) 2312/    1DA8 :                     ; --------------------------------------------------------
(1) 2313/    1DA8 :                     ; object_Touch
(1) 2314/    1DA8 :                     ;
(1) 2315/    1DA8 :                     ; Detects collision with another Object
(1) 2316/    1DA8 :                     ; from the Object's list, reads TOP to BOTTOM
(1) 2317/    1DA8 :                     ;
(1) 2318/    1DA8 :                     ; Input:
(1) 2319/    1DA8 :                     ; a6   | This object
(1) 2320/    1DA8 :                     ; d0.w | Start from slot
(1) 2321/    1DA8 :                     ;
(1) 2322/    1DA8 :                     ; Returns:
(1) 2323/    1DA8 :                     ; d0.l | If Nothing: 0
(1) 2324/    1DA8 :                     ;        If Found:   The target's RAM location
(1) 2325/    1DA8 :                     ; --------------------------------------------------------
(1) 2326/    1DA8 :                     
(1) 2327/    1DA8 :                     object_Touch:
(1) 2328/    1DA8 : 48E7 7F04           		movem.l	d1-d7/a5,-(sp)
(1) 2329/    1DAC : 7000                		moveq	#0,d0
(1) 2330/    1DAE : 3C2E 0010           		move.w	obj_size_x(a6),d6	; Check if we have a valid size
(1) 2331/    1DB2 : 3A2E 0012           		move.w	obj_size_y(a6),d5
(1) 2332/    1DB6 : 8C45                		or.w	d5,d6
(1) 2333/    1DB8 : 672C                		beq	.exit_this
(1) 2334/    1DBA : 2A78 F172           		movea.l	(RAM_CurrObjList).w,a5
(1) 2335/    1DBE : 3C00                		move.w	d0,d6
(1) 2336/    1DC0 : CCFC 0068           		mulu.w	#obj_len,d6
(1) 2337/    1DC4 : DAC6                		adda	d6,a5
(1) 2338/    1DC6 : 3E00                		move.w	d0,d7
(1) 2339/    1DC8 :                     .next:
(1) 2340/    1DC8 : BE78 F18E           		cmp.w	(RAM_CurrObjNum).w,d7
(1) 2341/    1DCC : 6C16                		bge.s	.ran_out
(1) 2342/    1DCE : BBCE                		cmp.l	a6,a5			; If reading THIS object, skip
(1) 2343/    1DD0 : 670A                		beq.s	.skip
(1) 2344/    1DD2 : 4A95                		tst.l	obj_code(a5)		; This object has code?
(1) 2345/    1DD4 : 6706                		beq.s	.skip
(1) 2346/    1DD6 : 6114                		bsr.s	.check_this
(1) 2347/    1DD8 : 4A40                		tst.w	d0			; Exit if Found.
(1) 2348/    1DDA : 660A                		bne.s	.exit_this
(1) 2349/    1DDC : DAFC 0068           .skip:		adda	#obj_len,a5
(1) 2350/    1DE0 : 51CF FFE6           		dbf	d7,.next
(1) 2351/    1DE4 :                     .ran_out:
(1) 2352/    1DE4 : 7000                		moveq	#0,d0
(1) 2353/    1DE6 :                     .exit_this:
(1) 2354/    1DE6 : 4CDF 20FE           		movem.l	(sp)+,d1-d7/a5
(1) 2355/    1DEA : 4E75                		rts
(1) 2356/    1DEC :                     
(1) 2357/    1DEC :                     ; main check
(1) 2358/    1DEC :                     .check_this:
(1) 2359/    1DEC : 7000                		moveq	#0,d0			; Reset Return
(1) 2360/    1DEE :                     	; d6 - Y current top
(1) 2361/    1DEE :                     	; d5 - Y current bottom
(1) 2362/    1DEE :                     	; d4 - Y target top
(1) 2363/    1DEE :                     	; d3 - Y target bottom
(1) 2364/    1DEE :                     	; Check X
(1) 2365/    1DEE : 322E 0010           		move.w	obj_size_x(a6),d1	; $LLRR
(1) 2366/    1DF2 : 6700 00B4           		beq	.not_ytop
(1) 2367/    1DF6 : 3C2E 0004           		move.w	obj_x(a6),d6		; d6 - Left point
(1) 2368/    1DFA : 3A06                		move.w	d6,d5			; d5 - Right point
(1) 2369/    1DFC : 3401                		move.w	d1,d2
(1) 2370/    1DFE : E049                		lsr.w	#8,d1			; d1 - Left size
(1) 2371/    1E00 : 0242 00FF           		andi.w	#$FF,d2			; d2 - Right size
(1) 2372/    1E04 :                     ; 		lsl.w	#3,d1
(1) 2373/    1E04 :                     ; 		lsl.w	#3,d2
(1) 2374/    1E04 : 5342                		subq.w	#1,d2			; X right adjust
(1) 2375/    1E06 : 9C41                		sub.w	d1,d6
(1) 2376/    1E08 : DA42                		add.w	d2,d5
(1) 2377/    1E0A : 322D 0010           		move.w	obj_size_x(a5),d1	; $LLRR
(1) 2378/    1E0E : 6700 0098           		beq	.not_ytop
(1) 2379/    1E12 : 382D 0004           		move.w	obj_x(a5),d4		; d4 - Left point
(1) 2380/    1E16 : 3604                		move.w	d4,d3			; d3 - Right point
(1) 2381/    1E18 : 3401                		move.w	d1,d2
(1) 2382/    1E1A : E049                		lsr.w	#8,d1			; d1 - Left size
(1) 2383/    1E1C : 0242 00FF           		andi.w	#$FF,d2			; d2 - Right size
(1) 2384/    1E20 :                     ; 		lsl.w	#3,d1
(1) 2385/    1E20 :                     ; 		lsl.w	#3,d2
(1) 2386/    1E20 : 5342                		subq.w	#1,d2
(1) 2387/    1E22 : 9841                		sub.w	d1,d4
(1) 2388/    1E24 : D642                		add.w	d2,d3
(1) 2389/    1E26 : B646                		cmp.w	d6,d3
(1) 2390/    1E28 : 6D7E                		blt	.not_ytop
(1) 2391/    1E2A : B845                		cmp.w	d5,d4
(1) 2392/    1E2C : 6C7A                		bge	.not_ytop
(1) 2393/    1E2E :                     
(1) 2394/    1E2E :                     	; Check Y
(1) 2395/    1E2E : 322E 0012           		move.w	obj_size_y(a6),d1	; $LLRR
(1) 2396/    1E32 : 6774                		beq	.not_ytop
(1) 2397/    1E34 : 3C2E 0008           		move.w	obj_y(a6),d6		; d6 - Left point
(1) 2398/    1E38 : 3A06                		move.w	d6,d5			; d5 - Right point
(1) 2399/    1E3A : 3401                		move.w	d1,d2
(1) 2400/    1E3C : E049                		lsr.w	#8,d1			; d1 - Left size
(1) 2401/    1E3E : 0242 00FF           		andi.w	#$FF,d2			; d2 - Right size
(1) 2402/    1E42 :                     ; 		lsl.w	#3,d1
(1) 2403/    1E42 :                     ; 		lsl.w	#3,d2
(1) 2404/    1E42 : 5342                		subq.w	#1,d2
(1) 2405/    1E44 : 9C41                		sub.w	d1,d6
(1) 2406/    1E46 : DA42                		add.w	d2,d5
(1) 2407/    1E48 : 322D 0012           		move.w	obj_size_y(a5),d1	; $LLRR
(1) 2408/    1E4C : 675A                		beq	.not_ytop
(1) 2409/    1E4E : 382D 0008           		move.w	obj_y(a5),d4		; d4 - Left point
(1) 2410/    1E52 : 3604                		move.w	d4,d3			; d3 - Right point
(1) 2411/    1E54 : 3401                		move.w	d1,d2
(1) 2412/    1E56 : E049                		lsr.w	#8,d1			; d1 - Left size
(1) 2413/    1E58 : 0242 00FF           		andi.w	#$FF,d2			; d2 - Right size
(1) 2414/    1E5C :                     ; 		lsl.w	#3,d1
(1) 2415/    1E5C :                     ; 		lsl.w	#3,d2
(1) 2416/    1E5C : 5342                		subq.w	#1,d2
(1) 2417/    1E5E : 9841                		sub.w	d1,d4
(1) 2418/    1E60 : D642                		add.w	d2,d3
(1) 2419/    1E62 : B646                		cmp.w	d6,d3
(1) 2420/    1E64 : 6D42                		blt.s	.not_ytop
(1) 2421/    1E66 : B845                		cmp.w	d5,d4
(1) 2422/    1E68 : 6C3E                		bge.s	.not_ytop
(1) 2423/    1E6A :                     
(1) 2424/    1E6A :                     	; Special Z check
(1) 2425/    1E6A : 322E 0014           		move.w	obj_size_z(a6),d1	; $LLRR
(1) 2426/    1E6E : 6736                		beq.s	.set_ok
(1) 2427/    1E70 : 3C2E 000C           		move.w	obj_z(a6),d6		; d6 - Left point
(1) 2428/    1E74 : 3A06                		move.w	d6,d5			; d5 - Right point
(1) 2429/    1E76 : 3401                		move.w	d1,d2
(1) 2430/    1E78 : E049                		lsr.w	#8,d1			; d1 - Left size
(1) 2431/    1E7A : 0242 00FF           		andi.w	#$FF,d2			; d2 - Right size
(1) 2432/    1E7E :                     ; 		lsl.w	#3,d1
(1) 2433/    1E7E :                     ; 		lsl.w	#3,d2
(1) 2434/    1E7E : 5342                		subq.w	#1,d2
(1) 2435/    1E80 : 9C41                		sub.w	d1,d6
(1) 2436/    1E82 : DA42                		add.w	d2,d5
(1) 2437/    1E84 : 322D 0014           		move.w	obj_size_z(a5),d1	; $LLRR
(1) 2438/    1E88 : 671C                		beq.s	.set_ok
(1) 2439/    1E8A : 382D 000C           		move.w	obj_z(a5),d4		; d4 - Left point
(1) 2440/    1E8E : 3604                		move.w	d4,d3			; d3 - Right point
(1) 2441/    1E90 : 3401                		move.w	d1,d2
(1) 2442/    1E92 : E049                		lsr.w	#8,d1			; d1 - Left size
(1) 2443/    1E94 : 0242 00FF           		andi.w	#$FF,d2			; d2 - Right size
(1) 2444/    1E98 :                     ; 		lsl.w	#3,d1
(1) 2445/    1E98 :                     ; 		lsl.w	#3,d2
(1) 2446/    1E98 : 5342                		subq.w	#1,d2
(1) 2447/    1E9A : 9841                		sub.w	d1,d4
(1) 2448/    1E9C : D642                		add.w	d2,d3
(1) 2449/    1E9E : B646                		cmp.w	d6,d3
(1) 2450/    1EA0 : 6D06                		blt	.not_ytop
(1) 2451/    1EA2 : B845                		cmp.w	d5,d4
(1) 2452/    1EA4 : 6C02                		bge	.not_ytop
(1) 2453/    1EA6 :                     .set_ok:
(1) 2454/    1EA6 : 200D                		move.l	a5,d0			; FOUND OBJECT
(1) 2455/    1EA8 :                     .not_ytop:
(1) 2456/    1EA8 : 4E75                		rts
(1) 2457/    1EAA :                     
(1) 2458/    1EAA :                     ; ============================================================
(1) 2459/    1EAA :                     ; --------------------------------------------------------
(1) 2460/    1EAA :                     ; object_MdMars_GetSprInfo
(1) 2461/    1EAA :                     ;
(1) 2462/    1EAA :                     ; Grabs info from the current object
(1) 2463/    1EAA :                     ; for Video_MdMars_MakeSpr2D and Video_MdMars_MakeSpr3D
(1) 2464/    1EAA :                     ;
(1) 2465/    1EAA :                     ; Input:
(1) 2466/    1EAA :                     ; a6   | This object
(1) 2467/    1EAA :                     ; d0.l | X/Y center: splitw(center_x,center_y)
(1) 2468/    1EAA :                     ;        Set to 0 for 3D Sprites
(1) 2469/    1EAA :                     ; d1.w | Flags
(1) 2470/    1EAA :                     ;
(1) 2471/    1EAA :                     ; Output:
(1) 2472/    1EAA :                     ; d0.l | X and Y position
(1) 2473/    1EAA :                     ; d1.l | Flags and Z Position
(1) 2474/    1EAA :                     ; d2.w | Current frame when using object_Animate
(1) 2475/    1EAA :                     ; --------------------------------------------------------
(1) 2476/    1EAA :                     
(1) 2477/    1EAA :                     object_MdMars_GetSprInfo:
(1) 2492/    1EAA : 4E75                		rts
(1) 2493/    1EAC :                     
     183/    1EAC :                     
     184/    1EAC :                     ; --------------------------------------------------------
     185/    1EAC :                     ; SCREEN MODE MAIN LOOP
     186/    1EAC :                     ;
     187/    1EAC :                     ;  MD/Pico: Direct ROM jump
     188/    1EAC :                     ; CD/CD32X: Reads file from DISC and
     189/    1EAC :                     ;           transfers code to RAM
     190/    1EAC :                     ;      32X: Code is stored on ROM but runs in
     191/    1EAC :                     ;           RAM to prevent conflicts with the
     192/    1EAC :                     ;           SH2
     193/    1EAC :                     ;
     194/    1EAC :                     ; - Returning(rts) in your current screen code return
     195/    1EAC :                     ;   here
     196/    1EAC :                     ; - CD/32X/CD32X:
     197/    1EAC :                     ;   This will turn OFF ALL special features
     198/    1EAC :                     ; --------------------------------------------------------
     199/    1EAC :                     
     200/    1EAC :                     Md_ReadModes:
     201/    1EAC : 007C 0700           		ori.w	#$0700,sr			; Disable interrupts
     209/    1EB0 : 7000                		moveq	#0,d0
     210/    1EB2 : 3038 F18A           		move.w	(RAM_ScreenMode).w,d0		; Read current screen number
     211/    1EB6 : C07C 007F           		and.w	#$7F,d0				; <-- CURRENT LIMIT
     212/    1EBA : E948                		lsl.w	#4,d0				; number * $10
     213/    1EBC : 41FB 000A           		lea	.screen_list(pc,d0.w),a0		; Read list
     214/    1EC0 :                     	; SCD/CD32X
     234/    1EC0 : 207B 0006           		movea.l	.screen_list(pc,d0.w),a0		; a0 - ROM location
     235/    1EC4 : 4E90                		jsr	(a0)
     237/    1EC6 : 60E4                		bra.s	Md_ReadModes			; Loop on rts
     238/    1EC8 :                     
     239/    1EC8 :                     ; ====================================================================
     240/    1EC8 :                     
     241/    1EC8 :                     		include "game/incl_list.asm"
(1)    1/    1EC8 :                     ; ============================================================
(1)    2/    1EC8 :                     ; --------------------------------------------------------
(1)    3/    1EC8 :                     ; SCREEN CODE jump list sorted by ID (RAM_ScreenMode)
(1)    4/    1EC8 :                     ;
(1)    5/    1EC8 :                     ; - CODE banks are at: incl_code.asm
(1)    6/    1EC8 :                     ; - For SCD/CD32X:
(1)    7/    1EC8 :                     ;   Include the Start+End labels and ISO filename
(1)    8/    1EC8 :                     ;   at iso_files.asm
(1)    9/    1EC8 :                     ; --------------------------------------------------------
(1)   10/    1EC8 :                     
(1)   11/    1EC8 :                     .screen_list:
(1)   12/    1EC8 : 0000 3EE8           		dc.l Md_Screen00	; ROM label
(1)   13/    1ECC : 5343 5245 454E      		dc.b "SCREEN00.BIN"	; ISO Filename
             1ED2 : 3030 2E42 494E    
(1)   14/    1ED8 : 0000 3EE8           		dc.l Md_Screen00
(1)   15/    1EDC : 5343 5245 454E      		dc.b "SCREEN00.BIN"
             1EE2 : 3030 2E42 494E    
(1)   16/    1EE8 : 0000 3EE8           		dc.l Md_Screen00
(1)   17/    1EEC : 5343 5245 454E      		dc.b "SCREEN00.BIN"
             1EF2 : 3030 2E42 494E    
(1)   18/    1EF8 : 0000 3EE8           		dc.l Md_Screen00
(1)   19/    1EFC : 5343 5245 454E      		dc.b "SCREEN00.BIN"
             1F02 : 3030 2E42 494E    
(1)   20/    1F08 : 0000 3EE8           		dc.l Md_Screen00
(1)   21/    1F0C : 5343 5245 454E      		dc.b "SCREEN00.BIN"
             1F12 : 3030 2E42 494E    
(1)   22/    1F18 : 0000 3EE8           		dc.l Md_Screen00
(1)   23/    1F1C : 5343 5245 454E      		dc.b "SCREEN00.BIN"
             1F22 : 3030 2E42 494E    
(1)   24/    1F28 : 0000 3EE8           		dc.l Md_Screen00
(1)   25/    1F2C : 5343 5245 454E      		dc.b "SCREEN00.BIN"
             1F32 : 3030 2E42 494E    
(1)   26/    1F38 : 0000 408C           		dc.l Md_Screen07
(1)   27/    1F3C : 5343 5245 454E      		dc.b "SCREEN07.BIN"
             1F42 : 3037 2E42 494E    
(1)   28/    1F48 :                     
(1)   29/    1F48 :                     ; ============================================================
(1)   30/    1F48 :                     ; --------------------------------------------------------
(1)   31/    1F48 :                     ; CD/CD32X ONLY: Bank filenames at any order
(1)   32/    1F48 :                     ;
(1)   33/    1F48 :                     ; If you forget to reference the label it will crash
(1)   34/    1F48 :                     ; the entire SCD system.
(1)   35/    1F48 :                     ;
(1)   36/    1F48 :                     ; - Include the Start+End labels and ISO filename
(1)   37/    1F48 :                     ;   at iso_files.asm
(1)   38/    1F48 :                     ; --------------------------------------------------------
(1)   39/    1F48 :                     
(1)   40/    1F48 :                     disc_banklist:
(1)   41/    1F48 : 0000 4D90           		dc.l DATA_BANK0		; Start Label
(1)   42/    1F4C : 424E 4B5F 4D41      		dc.b "BNK_MAIN.BIN"	; ISO filename
             1F52 : 494E 2E42 494E    
(1)   43/    1F58 : FFFF FFFF           		dc.l -1			; END-OF-LIST
(1)   44/    1F5C :                     
     242/    1F5C :                     		align 2
     243/    1F5C :                     
     244/    1F5C :                     ; ====================================================================
     245/    1F5C :                     
     252/    1F5C :                     
     253/    1F5C :                     Md_SysCode_e:
     254/    1F5C :                     		align 2
     255/    1F5C :                     
     256/    1F5C :                     ; ===========================================================================
     257/    1F5C :                     ; ----------------------------------------------------------------
     258/    1F5C :                     ; DATA section shared on both Cartridge or Disc
     259/    1F5C :                     ; ----------------------------------------------------------------
     260/    1F5C :                     
     261/    1F5C :                     ; --------------------------------------------------------
     262/    1F5C :                     ; CD/CD32X ISO header and files
     263/    1F5C :                     ; --------------------------------------------------------
     264/    1F5C :                     
     279/    1F5C :                     
     280/    1F5C :                     ; ===========================================================================
     281/    1F5C :                     ; --------------------------------------------------------
     282/    1F5C :                     ; Z80 driver include
     283/    1F5C :                     ;
     284/    1F5C :                     ; SCD/CD32X: Stored on DISC
     285/    1F5C :                     ; --------------------------------------------------------
     286/    1F5C :                     
     294/    1F5C :                     Z80_CODE:
     298/    1F5C :                     		include "sound/drv/gema_zdrv.asm"
(1)    1/    1F5C :                     ; ===========================================================================
(1)    2/    1F5C :                     ; -------------------------------------------------------------------
(1)    3/    1F5C :                     ; GEMA Z80 code
(1)    4/    1F5C :                     ; -------------------------------------------------------------------
(1)    5/    1F5C :                     
(1)    6/       0 :                     		phase 0
(1)    7/       0 :                     		cpu Z80		; Enter Z80 CPU
(1)    8/       0 :                     
(1)    9/       0 :                     ; --------------------------------------------------------
(1)   10/       0 :                     ; SETTINGS
(1)   11/       0 :                     ; --------------------------------------------------------
(1)   12/       0 :                     
(1)   13/       0 :                     ; !! = HARDCODED
(1)   14/       0 : =9H                  MAX_TRFRPZ	equ 9		; !! Max readRom packets(bytes) **AFFECTS WAVE QUALITY**
(1)   15/       0 : =20H                 MAX_TRKCHN	equ 32		; !! Max internal shared tracker channel slots *** MSB alinged ***
(1)   16/       0 : =20H                 MAX_RCACH	equ 20h		; !! Max storage for ROM pattern data *** 1-BIT SIZES ONLY, MUST BE LSB ALIGNED ***
(1)   17/       0 : =8H                  MAX_BUFFNTRY	equ 4*2		; !! nikona_BuffList buffer entry size **HARDCODED
(1)   18/       0 : =3H                  MAX_SLOTS	equ 3		; !! Number of track buffers
(1)   19/       0 : =20H                 MAX_ZCMND	equ 20h		; !! Size of command array ** 1-bit SIZES ONLY ** (68k uses this label too)
(1)   20/       0 : =12H                 MAX_TBLSIZE	equ 12h		; Maximum size for chip table arrays
(1)   21/       0 :                     ;!@ MAX_TRKINDX	equ 26		; Max channel indexes per buffer: 4PSG+6FM+8PCM+8PWM
(1)   22/       0 : =1BH                 MAX_TRKINDX	equ 27		; Max channel indexes per buffer: 4PSG+6FM+8PCM+8PWM+1PCO
(1)   23/       0 :                     
(1)   24/       0 :                     ; --------------------------------------------------------
(1)   25/       0 :                     ; Structs
(1)   26/       0 :                     ; --------------------------------------------------------
(1)   27/       0 :                     
(1)   28/       0 :                     ; trkBuff struct
(1)   29/       0 :                     ;
(1)   30/       0 :                     ; seq_Status: %ERP- V--0
(1)   31/       0 :                     ; E - enabled
(1)   32/       0 :                     ; R - Init|Restart track
(1)   33/       0 :                     ; P - refill-on-playback
(1)   34/       0 :                     ; V - volume change flag
(1)   35/       0 :                     ; 0 - Use global sub-beats
(1)   36/       0 : =0H                  seq_Status	equ 00h	; ** Slot Status and flags (MUST BE at 00h)
(1)   37/       0 : =1H                  seq_Num		equ 01h ; ** Sequence number
(1)   38/       0 : =2H                  seq_SetBlk	equ 02h	; ** Start on this block
(1)   39/       0 : =3H                  seq_TickSet	equ 03h	; ** Ticks for this track
(1)   40/       0 : =4H                  seq_Blocks	equ 04h ; ** [W] Current track's blocks
(1)   41/       0 : =6H                  seq_Patt	equ 06h ; ** [W] Current track's heads and patterns
(1)   42/       0 : =8H                  seq_Cach	equ 08h	; ** [W] Current track's cache notedata
(1)   43/       0 : =0AH                 seq_Read	equ 0Ah	; [W] Track current pattern read
(1)   44/       0 : =0CH                 seq_Rows	equ 0Ch	; [W] Track row counter
(1)   45/       0 : =0EH                 seq_VolMaster	equ 0Eh ; [W] Master volume for this track slot (00-max), +80h update
(1)   46/       0 : =10H                 seq_cachHalf	equ 10h ; ROM-cache halfcheck
(1)   47/       0 : =11H                 seq_rowPause	equ 11h	; Row-pause timer
(1)   48/       0 : =12H                 seq_TickTmr	equ 12h	; Ticks timer
(1)   49/       0 : =13H                 seq_currBlk	equ 13h	; Current block
(1)   50/       0 : =14H                 seq_Priority	equ 14h ; Priority level for this buffer
(1)   51/       0 : =15H                 seq_BankHeads	equ 15h ; Header bank
(1)   52/       0 : =16H                 seq_BankBlk	equ 16h	; Block bank
(1)   53/       0 : =17H                 seq_MaxChnl	equ 17h ; MAX channels used in this track
(1)   54/       0 : =18H                 seq_VolFdTarget	equ 18h	; Target fade volume
(1)   55/       0 : =19H                 seq_RomPattRead	equ 19h ; [3b] ROM current pattern data to be cache'd
(1)   56/       0 : =1CH                 seq_RomPatt	equ 1Ch ; [3b] ROM BASE pattern data
(1)   57/       0 : =1FH                 seq_RomInst	equ 1Fh ; [3b] ROM instrument data
(1)   58/       0 : =22H                 seq_RomBlks	equ 22h ; [3b] ROM blocks data
(1)   59/       0 : =25H                 seq_ChnIndx	equ 25h	; CHANNEL INDEXING START HERE
(1)   60/       0 :                     
(1)   61/       0 :                     ; chnBuff struct, 8 BYTES ONLY.
(1)   62/       0 :                     ;
(1)   63/       0 :                     ; chnl_Flags: E0LRevin
(1)   64/       0 :                     ; 	 E - Channel is active
(1)   65/       0 :                     ; 	LR - 1-bit Left/Right panning bits: 0-ON 1-OFF
(1)   66/       0 :                     ; 	 e - Effect*
(1)   67/       0 :                     ; 	 v - Volume*
(1)   68/       0 :                     ; 	 i - Intrument*
(1)   69/       0 :                     ; 	 n - Note*
(1)   70/       0 :                     
(1)   71/       0 : =0H                  chnl_Flags	equ 0	; !! Playback flags: %E0LRevin ** MUST BE LOCATED AT 0 **
(1)   72/       0 : =1H                  chnl_Chip	equ 1	; %ccccpppp c - Current Chip ID / p - Priority level
(1)   73/       0 : =2H                  chnl_Note	equ 2	; IT Music note or command
(1)   74/       0 : =3H                  chnl_Ins	equ 3	; IT Instrument starting from 1 (0 is invalid)
(1)   75/       0 : =4H                  chnl_Vol	equ 4	; IT Volume: MAX(64) to MIN(0)
(1)   76/       0 : =5H                  chnl_EffId	equ 5	; IT Effect number
(1)   77/       0 : =6H                  chnl_EffArg	equ 6	; IT Effect argument
(1)   78/       0 : =7H                  chnl_Type	equ 7	; Impulse type bits
(1)   79/       0 :                     
(1)   80/       0 :                     
(1)   81/       0 :                     ; Table struct
(1)   82/       0 : =0H                  ztbl_Link	equ 00h			; !! current linked channel in trkChnls
(1)   83/       0 : =2H                  ztbl_Priority	equ 02h			; !! 00h-7Fh: Priority level 0-15 + 80h+chipID Silence request
(1)   84/       0 : =3H                  ztbl_Chip	equ 03h			; !! Chip index (YM2612: direct index) *MUST BE ON THE LIST*
(1)   85/       0 : =4H                  ztbl_MasterVol	equ 04h			; MASTER volume for this channel
(1)   86/       0 : =5H                  ztbl_FreqIndx	equ 05h			; Frequency list index (YM2612: %oooiiiii oct|index)
(1)   87/       0 : =6H                  ztbl_PitchBend	equ 06h			; Pitchbend incr/decr
(1)   88/       0 : =7H                  ztbl_Volume	equ 07h			; Current Volume: 00-max
(1)   89/       0 : =8H                  ztbl_VolSlide	equ 08h			; Volume slide incr/decr
(1)   90/       0 : =0AH                 ztbl_InstCach	equ 0Ah			; <-- 8 bytes
(1)   91/       0 :                     
(1)   92/       0 :                     ; --------------------------------------------------------
(1)   93/       0 :                     ; Variables
(1)   94/       0 :                     ; --------------------------------------------------------
(1)   95/       0 :                     
(1)   96/       0 :                     ; Z80 opcode labels for the wave playback routines
(1)   97/       0 : =0H                  zopcNop		equ 00h
(1)   98/       0 : =8H                  zopcEx		equ 08h
(1)   99/       0 : =0C9H                zopcRet		equ 0C9h
(1)  100/       0 : =0D9H                zopcExx		equ 0D9h		; (dac_me ONLY)
(1)  101/       0 : =0F5H                zopcPushAf	equ 0F5h		; (dac_fill ONLY)
(1)  102/       0 :                     
(1)  103/       0 :                     ; PSG
(1)  104/       0 : =0H                  COM		equ 0
(1)  105/       0 : =4H                  LEV		equ 4
(1)  106/       0 : =8H                  ATK		equ 8
(1)  107/       0 : =0CH                 DKY		equ 12
(1)  108/       0 : =10H                 SLV		equ 16
(1)  109/       0 : =14H                 RRT		equ 20
(1)  110/       0 : =18H                 MODE		equ 24
(1)  111/       0 : =1CH                 DTL		equ 28
(1)  112/       0 : =20H                 DTH		equ 32
(1)  113/       0 : =24H                 ALV		equ 36
(1)  114/       0 : =28H                 FLG		equ 40
(1)  115/       0 : =2CH                 ARP		equ 44
(1)  116/       0 : =30H                 MVOL		equ 48
(1)  117/       0 : =34H                 EFFV		equ 52
(1)  118/       0 : =38H                 PTMR		equ 56
(1)  119/       0 :                     
(1)  120/       0 :                     ; --------------------------------------------------------
(1)  121/       0 :                     ; Constants
(1)  122/       0 :                     ; --------------------------------------------------------
(1)  123/       0 :                     
(1)  124/       0 :                     ;Chip types channelIDs
(1)  125/       0 : =80H                 cht_PSG			equ	080h	;PSG
(1)  126/       0 : =90H                 cht_PSGN		equ	090h	;PSG Noise
(1)  127/       0 : =0A0H                cht_FM			equ	0A0h	;FM 1-2,4-5
(1)  128/       0 : =0B0H                cht_FM3sp		equ	0B0h	;FM3
(1)  129/       0 : =0C0H                cht_FM6DAC		equ	0C0h	;FM6/DAC
(1)  130/       0 : =0D0H                cht_PCM			equ	0D0h	;Sega CD  PCM
(1)  131/       0 : =0E0H                cht_PWM			equ	0E0h	;Sega 32x PWM
(1)  132/       0 : =0F0H                cht_PCO			equ	0F0h	;SegaPico PCO
(1)  133/       0 :                     
(1)  134/       0 :                     ; ====================================================================
(1)  135/       0 :                     ; --------------------------------------------------------
(1)  136/       0 :                     ; Code starts here
(1)  137/       0 :                     ; --------------------------------------------------------
(1)  138/       0 :                     
(1)  139/       0 : F3                  		di			; Disable interrupts
(1)  140/       1 : ED 56               		im	1		; Interrupt mode 1
(1)  141/       3 : 31 00 20            		ld	sp,2000h	; Set STACK at the end of Z80
(1)  142/       6 : 18 36               		jr	z80_init	; Jump to z80_init
(1)  143/       8 :                     
(1)  144/       8 :                     ; --------------------------------------------------------
(1)  145/       8 :                     ; RST 8 (dac_me)
(1)  146/       8 :                     ;
(1)  147/       8 :                     ; Writes wave data to DAC using data stored
(1)  148/       8 :                     ; on the wave buffer, call this routine every 6 or 8
(1)  149/       8 :                     ; instructions to keep the samplerate stable.
(1)  150/       8 :                     ;
(1)  151/       8 :                     ; Input (EXX):
(1)  152/       8 :                     ;  c - WAVE buffer MSB
(1)  153/       8 :                     ; de - Pitch (xx.00)
(1)  154/       8 :                     ; h  - WAVE buffer LSB (as xx.00)
(1)  155/       8 :                     ;
(1)  156/       8 :                     ; Uses (EXX):
(1)  157/       8 :                     ; b
(1)  158/       8 :                     ;
(1)  159/       8 :                     ; Notes:
(1)  160/       8 :                     ; ONLY USE dac_on and dac_off to turn OFF/ON
(1)  161/       8 :                     ; DAC playback
(1)  162/       8 :                     ;
(1)  163/       8 :                     ; Samplerate is 16000hz with minimal quality loss.
(1)  164/       8 :                     ; --------------------------------------------------------
(1)  165/       8 :                     
(1)  166/       8 :                     ; EXX set:
(1)  167/       8 :                     ; af - temporal
(1)  168/       8 :                     ; bc - l temporal | dWaveBuff MSB
(1)  169/       8 :                     ; de - pitch increment
(1)  170/       8 :                     ; hl - wave buffer position 00.00h
(1)  171/       8 :                     		org 8
(1)  172/       8 : D9                  dac_me:		exx			; * flip registers | Changes between EXX(play) and RET(stop)
(1)  173/       9 : 08                  		ex	af,af'		; Swap af
(1)  174/       A : 45                  		ld	b,l		; Save old hl buff
(1)  175/       B : 6C                  		ld	l,h		;
(1)  176/       C : 61                  		ld	h,c		; h - Set buffer MSB
(1)  177/       D : 3E 2A               		ld	a,2Ah		;
(1)  178/       F : 32 00 40            		ld	(Zym_ctrl_1),a	; Set YM Register 2Ah
(1)  179/      12 : 7E                  		ld	a,(hl)		; Read wave byte and
(1)  180/      13 : 32 01 40            		ld	(Zym_data_1),a	; write it to DAC
(1)  181/      16 : 65                  		ld	h,l		; Get hl buff back
(1)  182/      17 : 68                  		ld	l,b		;
(1)  183/      18 : 19                  		add	hl,de		; Pitch increment hl
(1)  184/      19 : 08                  		ex	af,af'		; Return af
(1)  185/      1A : D9                  		exx			; * return regs
(1)  186/      1B : C9                  		ret
(1)  187/      1C :                     
(1)  188/      1C :                     ; --------------------------------------------------------
(1)  189/      1C :                     ; 1Ch - Master tracklist pointer
(1)  190/      1C :                     gemaMstrListPos:
(1)  191/      1C : 00                  		db 0			; ** 32-bit 68k address **
(1)  192/      1D : 00                  		db 0
(1)  193/      1E : 00                  		db 0
(1)  194/      1F : 00                  		db 0
(1)  195/      20 :                     
(1)  196/      20 :                     ; --------------------------------------------------------
(1)  197/      20 :                     ; RST 20h (dac_me)
(1)  198/      20 :                     ; *** self-modifiable code ***
(1)  199/      20 :                     ;
(1)  200/      20 :                     ; Checks if the WAVE cache needs refilling to keep
(1)  201/      20 :                     ; it playing.
(1)  202/      20 :                     ; --------------------------------------------------------
(1)  203/      20 :                     
(1)  204/      20 :                     		org 20h
(1)  205/      20 : F5                  dac_fill:	push	af		; Save af | Changes between PUSH AF(play) and RET(stop)
(1)  206/      21 : 3A 37 00            		ld	a,(dDacFifoMid)	; a - Get half-way value
(1)  207/      24 : D9                  		exx			; * flip registers
(1)  208/      25 : AC                  		xor	h		; Grab LSB.00
(1)  209/      26 : D9                  		exx			; * restore regs
(1)  210/      27 : E6 80               		and	80h		; Check if LSB 7th bit changed
(1)  211/      29 : C4 56 12            		call	nz,dac_refill	; If yes, call refill and update LSB
(1)  212/      2C : F1                  		pop	af		; Restore af
(1)  213/      2D : C9                  		ret
(1)  214/      2E :                     
(1)  215/      2E :                     ; --------------------------------------------------------
(1)  216/      2E :                     ; 02Eh - User read/write values
(1)  217/      2E :                     
(1)  218/      2E : 00                  commZRead	db 0			; cmd fifo READ pointer (here)
(1)  219/      2F : 00                  psgHatMode	db 0			; Current PSGN mode
(1)  220/      30 : 00                  fmSpecial	db 0			; copy of FM3 enable bit
(1)  221/      31 : 00 00               sbeatAcc	dw 0			; Accumulates on each tick to trigger the sub beats
(1)  222/      33 : D6 00               sbeatPtck	dw 214			; Default global subbeats (this-32 for PAL) 214=125
(1)  223/      35 : 00                  x68ksrclsb	db 0			; readRom temporal LSB
(1)  224/      36 : 00                  x68ksrcmid	db 0			; readRom temporal MID
(1)  225/      37 : 00                  dDacFifoMid	db 0			; WAVE play halfway refill flag (00h/80h)
(1)  226/      38 :                     
(1)  227/      38 :                     ; --------------------------------------------------------
(1)  228/      38 :                     ; Z80 Interrupt at 0038h
(1)  229/      38 :                     ; --------------------------------------------------------
(1)  230/      38 :                     
(1)  231/      38 :                     		org 38h				; Align 38h
(1)  232/      38 : ED 73 0C 1C         		ld	(tickSpSet),sp		; Write TICK flag using current sp (read tickFlag only)
(1)  233/      3C : F3                  		di				; Disable interrupt
(1)  234/      3D : C9                  		ret
(1)  235/      3E :                     
(1)  236/      3E :                     ; --------------------------------------------------------
(1)  237/      3E :                     ; Initialize
(1)  238/      3E :                     ; --------------------------------------------------------
(1)  239/      3E :                     
(1)  240/      3E :                     z80_init:
(1)  241/      3E : CD 31 0F            		call	gema_init		; Init values
(1)  242/      41 :                     
(1)  243/      41 :                     ; --------------------------------------------------------
(1)  244/      41 :                     ; MAIN LOOP
(1)  245/      41 :                     ; --------------------------------------------------------
(1)  246/      41 :                     
(1)  247/      41 :                     drv_loop:
(1)  248/      41 : CF                  		rst	8
(1)  249/      42 : CD A3 0F            		call	get_tick		; Check tick on VBlank
(1)  250/      45 : E7                  		rst	20h			; Refill wave here
(1)  251/      46 : CF                  		rst	8
(1)  252/      47 : 06 00               		ld	b,0			; b - Reset current flags (beat|tick)
(1)  253/      49 : 3A 0E 1C            		ld	a,(tickCnt)		; Decrement tick counter
(1)  254/      4C : D6 01               		sub	1
(1)  255/      4E : 38 0B               		jr	c,.noticks		; If non-zero, no tick passed.
(1)  256/      50 : 32 0E 1C            		ld	(tickCnt),a
(1)  257/      53 : CD 7B 10            		call	chip_env		; Process PSG and YM
(1)  258/      56 : CD A3 0F            		call	get_tick		; Check for another tick
(1)  259/      59 : 06 01               		ld 	b,01b			; Set TICK and clear BEAT flags (01b)
(1)  260/      5B :                     .noticks:
(1)  261/      5B : 3A 32 00            		ld	a,(sbeatAcc+1)		; check beat counter (scaled by tempo)
(1)  262/      5E : D6 01               		sub	1
(1)  263/      60 : 38 06               		jr	c,.nobeats
(1)  264/      62 : CF                  		rst	8
(1)  265/      63 : 32 32 00            		ld	(sbeatAcc+1),a		; 1/24 beat passed.
(1)  266/      66 : CB C8               		set	1,b			; Set BEAT (10b) flag
(1)  267/      68 :                     .nobeats:
(1)  268/      68 : CF                  		rst	8
(1)  269/      69 : 78                  		ld	a,b			; Any beat/tick bits set?
(1)  270/      6A : B7                  		or	a
(1)  271/      6B : 28 15               		jr	z,.neither
(1)  272/      6D : 32 0F 1C            		ld	(currTickBits),a	; Save BEAT/TICK bits
(1)  273/      70 : E7                  		rst	20h
(1)  274/      71 : CF                  		rst	8
(1)  275/      72 : CD A3 0F            		call	get_tick
(1)  276/      75 : CD FE 05            		call	set_chips		; Process sound chips
(1)  277/      78 : CD A3 0F            		call	get_tick
(1)  278/      7B : CF                  		rst	8
(1)  279/      7C : CD 26 02            		call	upd_seq			; Read sequences
(1)  280/      7F : CD A3 0F            		call	get_tick
(1)  281/      82 :                     .neither:
(1)  282/      82 : E7                  		rst	20h
(1)  289/      83 : CF                  		rst	8
(1)  290/      84 : 00                  		nop
(1)  291/      85 : 00                  		nop
(1)  292/      86 : 00                  		nop
(1)  293/      87 : CD A3 0F            		call	get_tick
(1)  294/      8A : CF                  		rst	8
(1)  296/      8B :                     .next_cmd:
(1)  297/      8B : 3A 80 1F            		ld	a,(commZWrite)		; Check if commZ R/W indexes
(1)  298/      8E : 47                  		ld	b,a			; are in the same spot a == b
(1)  299/      8F : 3A 2E 00            		ld	a,(commZRead)
(1)  300/      92 : B8                  		cp	b			; If equal, no changes.
(1)  301/      93 : 28 AC               		jr	z,drv_loop
(1)  302/      95 : CF                  		rst	8
(1)  303/      96 : CD AE 00            		call	.grab_arg		; Get command start flag -1
(1)  304/      99 : FE FF               		cp	-1
(1)  305/      9B : 20 A4               		jr	nz,drv_loop		; If not, end of command
(1)  306/      9D : CD AE 00            		call	.grab_arg		; Read command number
(1)  307/      A0 : 87                  		add	a,a			; num*2
(1)  308/      A1 : 21 CD 00            		ld	hl,.list		; Index-jump
(1)  309/      A4 : 16 00               		ld	d,0
(1)  310/      A6 : 5F                  		ld	e,a
(1)  311/      A7 : 19                  		add	hl,de
(1)  312/      A8 : 7E                  		ld	a,(hl)
(1)  313/      A9 : 23                  		inc	hl
(1)  314/      AA : 66                  		ld	h,(hl)
(1)  315/      AB : CF                  		rst	8
(1)  316/      AC : 6F                  		ld	l,a
(1)  317/      AD : E9                  		jp	(hl)			; Jump to label
(1)  318/      AE :                     
(1)  319/      AE :                     ; --------------------------------------------------------
(1)  320/      AE :                     ; Read cmd byte
(1)  321/      AE :                     ; --------------------------------------------------------
(1)  322/      AE :                     
(1)  323/      AE :                     .grab_arg:
(1)  324/      AE : D5                  		push	de
(1)  325/      AF : E5                  		push	hl
(1)  326/      B0 :                     .getcbytel:
(1)  327/      B0 : 3A 80 1F            		ld	a,(commZWrite)
(1)  328/      B3 : 57                  		ld	d,a
(1)  329/      B4 : CF                  		rst	8
(1)  330/      B5 : 3A 2E 00            		ld	a,(commZRead)
(1)  331/      B8 : BA                  		cp	d			; commZ R/W indexes are the same?
(1)  332/      B9 : 28 F5               		jr	z,.getcbytel		; wait until these counters change.
(1)  333/      BB : 16 00               		ld	d,0
(1)  334/      BD : 5F                  		ld	e,a
(1)  335/      BE : 21 60 1F            		ld	hl,commZfifo		; Read commZ list + index
(1)  336/      C1 : 19                  		add	hl,de
(1)  337/      C2 : CF                  		rst	8
(1)  338/      C3 : 3C                  		inc	a
(1)  339/      C4 : E6 1F               		and	MAX_ZCMND-1		; ** commZ list buffer limit
(1)  340/      C6 : 32 2E 00            		ld	(commZRead),a
(1)  341/      C9 : 7E                  		ld	a,(hl)			; a - got this byte from the buffer
(1)  342/      CA : E1                  		pop	hl
(1)  343/      CB : D1                  		pop	de
(1)  344/      CC : C9                  		ret
(1)  345/      CD :                     
(1)  346/      CD :                     ; --------------------------------------------------------
(1)  347/      CD :                     
(1)  348/      CD :                     .list:
(1)  349/      CD : DD 00               		dw .cmnd_0		; 00h - TESTING
(1)  350/      CF : E0 00               		dw .cmnd_1		; 01h - Set Master tracklist
(1)  351/      D1 : F9 00               		dw .cmnd_2		; 02h - Play by track number
(1)  352/      D3 : 33 01               		dw .cmnd_3		; 03h - Stop by track number
(1)  353/      D5 : DD 00               		dw .cmnd_0		; 04h - (free)
(1)  354/      D7 : 71 01               		dw .cmnd_5		; 05h - Fade volume (FadeIn/FadeOut)
(1)  355/      D9 : AA 01               		dw .cmnd_6		; 06h - Set maximum volume to slot
(1)  356/      DB : E3 01               		dw .cmnd_7		; 07h - Set GLOBAL sub-beats
(1)  357/      DD :                     
(1)  358/      DD :                     ; --------------------------------------------------------
(1)  359/      DD :                     ; Command 00h
(1)  360/      DD :                     ;
(1)  361/      DD :                     ; Reserved for TESTING purposes.
(1)  362/      DD :                     ; --------------------------------------------------------
(1)  363/      DD :                     
(1)  364/      DD :                     .cmnd_0:
(1)  365/      DD : C3 8B 00            		jp	.next_cmd
(1)  366/      E0 :                     
(1)  367/      E0 :                     ; --------------------------------------------------------
(1)  368/      E0 :                     ; Command 01h:
(1)  369/      E0 :                     ;
(1)  370/      E0 :                     ; Set the Track MASTER-list.
(1)  371/      E0 :                     ; --------------------------------------------------------
(1)  372/      E0 :                     
(1)  373/      E0 :                     .cmnd_1:
(1)  374/      E0 : 21 1F 00            		ld	hl,gemaMstrListPos+3	; 32-bit big endian
(1)  375/      E3 : CD AE 00            		call	.grab_arg		; $000000xx
(1)  376/      E6 : 77                  		ld	(hl),a
(1)  377/      E7 : 2B                  		dec	hl
(1)  378/      E8 : CD AE 00            		call	.grab_arg		; $0000xx00
(1)  379/      EB : 77                  		ld	(hl),a
(1)  380/      EC : 2B                  		dec	hl
(1)  381/      ED : CD AE 00            		call	.grab_arg		; $00xx0000
(1)  382/      F0 : 77                  		ld	(hl),a
(1)  383/      F1 : 2B                  		dec	hl
(1)  384/      F2 : CD AE 00            		call	.grab_arg		; $xx000000 (filler)
(1)  385/      F5 : 77                  		ld	(hl),a
(1)  386/      F6 : C3 8B 00            		jp	.next_cmd
(1)  387/      F9 :                     
(1)  388/      F9 :                     ; --------------------------------------------------------
(1)  389/      F9 :                     ; Command 02h:
(1)  390/      F9 :                     ;
(1)  391/      F9 :                     ; Make new track by sequence number
(1)  392/      F9 :                     ;
(1)  393/      F9 :                     ; SeqID, BlockPos, SlotIndex(If -1 autofill)
(1)  394/      F9 :                     ; --------------------------------------------------------
(1)  395/      F9 :                     
(1)  396/      F9 :                     .cmnd_2:
(1)  397/      F9 : CD AE 00            		call	.grab_arg		; d1: Sequence ID
(1)  398/      FC : 4F                  		ld	c,a			; copy to c
(1)  399/      FD : CD AE 00            		call	.grab_arg		; d2: Block from
(1)  400/     100 : 47                  		ld	b,a			; copy to b
(1)  401/     101 : CF                  		rst	8
(1)  402/     102 : CD AE 00            		call	.grab_arg		; d0: Slot index
(1)  403/     105 : FD 21 EA 17         		ld	iy,nikona_BuffList	; iy - Slot buffer list
(1)  404/     109 : B7                  		or	a
(1)  405/     10A : FA 19 01            		jp	m,.srch_mode		; If negative, search for all with same ID
(1)  406/     10D : FE 03               		cp	MAX_SLOTS
(1)  407/     10F : D2 8B 00            		jp	nc,.next_cmd		; Exit if maxed out slots
(1)  408/     112 : CF                  		rst	8
(1)  409/     113 : CD 01 02            		call	.cmnd_rdslot
(1)  410/     116 : C3 28 01            		jp	.wrtto_slot
(1)  411/     119 :                     ; -1
(1)  412/     119 :                     .srch_mode:
(1)  413/     119 : CD 13 02            		call	.srch_slot		; Read this slot
(1)  414/     11C : FE FF               		cp	-1
(1)  415/     11E : CA 8B 00            		jp	z,.next_cmd		; if -1, exit.
(1)  416/     121 : CB 7E               		bit	7,(hl)			; Is this track active?
(1)  417/     123 : CA 28 01            		jp	z,.wrtto_slot
(1)  418/     126 : 18 F1               		jr	.srch_mode		; Check next one
(1)  419/     128 :                     .wrtto_slot:
(1)  420/     128 : 36 C0               		ld	(hl),11000000b		; ** Write seq_Status (Enable+FirstFill)
(1)  421/     12A : 23                  		inc	hl
(1)  422/     12B : CF                  		rst	8
(1)  423/     12C : 71                  		ld	(hl),c			; ** seq_Num
(1)  424/     12D : 23                  		inc	hl
(1)  425/     12E : 70                  		ld	(hl),b			; ** seq_SetBlk
(1)  426/     12F : 79                  		ld	a,c
(1)  427/     130 : C3 8B 00            		jp	.next_cmd
(1)  428/     133 :                     
(1)  429/     133 :                     ; --------------------------------------------------------
(1)  430/     133 :                     ; Command 03h:
(1)  431/     133 :                     ;
(1)  432/     133 :                     ; Stop track with the same sequence number
(1)  433/     133 :                     ;
(1)  434/     133 :                     ; SeqID,SlotIndex(If -1, stop all)
(1)  435/     133 :                     ; --------------------------------------------------------
(1)  436/     133 :                     
(1)  437/     133 :                     .cmnd_3:
(1)  438/     133 : CD AE 00            		call	.grab_arg		; d1: Sequence ID
(1)  439/     136 : 4F                  		ld	c,a			; copy to c
(1)  440/     137 : CD AE 00            		call	.grab_arg		; d0: Slot index
(1)  441/     13A : FD 21 EA 17         		ld	iy,nikona_BuffList	; iy - Slot buffer list
(1)  442/     13E : B7                  		or	a
(1)  443/     13F : FA 51 01            		jp	m,.srch_del		; If negative, search for all with same ID
(1)  444/     142 : FE 03               		cp	MAX_SLOTS
(1)  445/     144 : D2 8B 00            		jp	nc,.next_cmd		; Exit if maxed out slots
(1)  446/     147 : CF                  		rst	8
(1)  447/     148 : CD 01 02            		call	.cmnd_rdslot
(1)  448/     14B : CD 5E 01            		call	.wrtto_del
(1)  449/     14E : C3 8B 00            		jp	.next_cmd
(1)  450/     151 :                     ; -1
(1)  451/     151 :                     .srch_del:
(1)  452/     151 : CD 13 02            		call	.srch_slot		; Read this slot
(1)  453/     154 : FE FF               		cp	-1
(1)  454/     156 : CA 8B 00            		jp	z,.next_cmd		; if -1, exit.
(1)  455/     159 : CD 5E 01            		call	.wrtto_del
(1)  456/     15C : 18 F3               		jr	.srch_del
(1)  457/     15E :                     .wrtto_del:
(1)  458/     15E : CB 7E               		bit	7,(hl)			; Slot is active?
(1)  459/     160 : C8                  		ret	z
(1)  460/     161 : CB 79               		bit	7,c			; seq is -1? (lazy bit check)
(1)  461/     163 : 20 05               		jr	nz,.del_all
(1)  462/     165 : DD 7E 01            		ld	a,(ix+seq_Num)
(1)  463/     168 : B9                  		cp	c			; Is this the same seq?
(1)  464/     169 : C0                  		ret	nz			; Return if not.
(1)  465/     16A :                     .del_all:
(1)  466/     16A : 36 FF               		ld	(hl),-1			; stop channel and clear slot
(1)  467/     16C : 23                  		inc	hl
(1)  468/     16D : 36 FF               		ld	(hl),-1			; Reset seqId
(1)  469/     16F : CF                  		rst	8
(1)  470/     170 : C9                  		ret
(1)  471/     171 :                     
(1)  472/     171 :                     ; --------------------------------------------------------
(1)  473/     171 :                     ; Command 05h:
(1)  474/     171 :                     ;
(1)  475/     171 :                     ; Fade volume (FadeIn/FadeOut)
(1)  476/     171 :                     ;
(1)  477/     171 :                     ; Arguments:
(1)  478/     171 :                     ; TargetVol,SlotIndex(If -1 autofill)
(1)  479/     171 :                     ; --------------------------------------------------------
(1)  480/     171 :                     
(1)  481/     171 :                     .cmnd_5:
(1)  482/     171 : CD AE 00            		call	.grab_arg		; d1: Master volume
(1)  483/     174 : 4F                  		ld	c,a			; copy to c
(1)  484/     175 : CD AE 00            		call	.grab_arg		; d0: Slot index
(1)  485/     178 : FD 21 EA 17         		ld	iy,nikona_BuffList	; iy - Slot buffer list
(1)  486/     17C : B7                  		or	a
(1)  487/     17D : FA 8F 01            		jp	m,.srch_fvol		; if -1, search for all with same ID
(1)  488/     180 : FE 03               		cp	MAX_SLOTS
(1)  489/     182 : D2 8B 00            		jp	nc,.next_cmd		; Exit If maxed out slots
(1)  490/     185 : CF                  		rst	8
(1)  491/     186 : CD 01 02            		call	.cmnd_rdslot
(1)  492/     189 : CD 9C 01            		call	.wrtto_fvol
(1)  493/     18C : C3 8B 00            		jp	.next_cmd
(1)  494/     18F :                     ; -1
(1)  495/     18F :                     .srch_fvol:
(1)  496/     18F : CD 13 02            		call	.srch_slot
(1)  497/     192 : FE FF               		cp	-1
(1)  498/     194 : CA 8B 00            		jp	z,.next_cmd		; Then skip, no free slot.
(1)  499/     197 : CD 9C 01            		call	.wrtto_fvol
(1)  500/     19A : 18 F3               		jr	.srch_fvol
(1)  501/     19C :                     .wrtto_fvol:
(1)  502/     19C : CB 7E               		bit	7,(hl)			; Active?
(1)  503/     19E : C8                  		ret	z
(1)  504/     19F : CB DE               		set	3,(hl)			; Volume update flag
(1)  505/     1A1 : DD 71 18            		ld	(ix+seq_VolFdTarget),c
(1)  506/     1A4 : DD 36 0F 00         		ld	(ix+seq_VolMaster+1),0
(1)  507/     1A8 : CF                  		rst	8
(1)  508/     1A9 : C9                  		ret
(1)  509/     1AA :                     
(1)  510/     1AA :                     ; --------------------------------------------------------
(1)  511/     1AA :                     ; Command 06h:
(1)  512/     1AA :                     ;
(1)  513/     1AA :                     ; Set track's master volume
(1)  514/     1AA :                     ;
(1)  515/     1AA :                     ; Arguments:
(1)  516/     1AA :                     ; MasterVol,SlotIndex(If -1 autofill)
(1)  517/     1AA :                     ; --------------------------------------------------------
(1)  518/     1AA :                     
(1)  519/     1AA :                     .cmnd_6:
(1)  520/     1AA : CD AE 00            		call	.grab_arg		; d1: Master volume
(1)  521/     1AD : 4F                  		ld	c,a			; copy to c
(1)  522/     1AE : CD AE 00            		call	.grab_arg		; d0: Slot index
(1)  523/     1B1 : FD 21 EA 17         		ld	iy,nikona_BuffList	; iy - Slot buffer list
(1)  524/     1B5 : B7                  		or	a
(1)  525/     1B6 : FA C8 01            		jp	m,.srch_vol		; if -1, search for all with same ID
(1)  526/     1B9 : FE 03               		cp	MAX_SLOTS		; If maxed out slots
(1)  527/     1BB : D2 8B 00            		jp	nc,.next_cmd
(1)  528/     1BE : CF                  		rst	8
(1)  529/     1BF : CD 01 02            		call	.cmnd_rdslot
(1)  530/     1C2 : CD D5 01            		call	.wrtto_vol
(1)  531/     1C5 : C3 8B 00            		jp	.next_cmd
(1)  532/     1C8 :                     ; -1
(1)  533/     1C8 :                     .srch_vol:
(1)  534/     1C8 : CD 13 02            		call	.srch_slot
(1)  535/     1CB : FE FF               		cp	-1
(1)  536/     1CD : CA 8B 00            		jp	z,.next_cmd		; Then skip, no free slot.
(1)  537/     1D0 : CD D5 01            		call	.wrtto_vol
(1)  538/     1D3 : 18 F3               		jr	.srch_vol
(1)  539/     1D5 :                     .wrtto_vol:
(1)  540/     1D5 : CB DE               		set	3,(hl)			; Volume update flag
(1)  541/     1D7 : DD 71 0E            		ld	(ix+seq_VolMaster),c
(1)  542/     1DA : DD 71 18            		ld	(ix+seq_VolFdTarget),c
(1)  543/     1DD : DD 36 0F 00         		ld	(ix+seq_VolMaster+1),0
(1)  544/     1E1 : CF                  		rst	8
(1)  545/     1E2 : C9                  		ret
(1)  546/     1E3 :                     
(1)  547/     1E3 :                     ; --------------------------------------------------------
(1)  548/     1E3 :                     ; Command 07h:
(1)  549/     1E3 :                     ;
(1)  550/     1E3 :                     ; Set global sub-beats
(1)  551/     1E3 :                     ; --------------------------------------------------------
(1)  552/     1E3 :                     
(1)  553/     1E3 :                     .cmnd_7:
(1)  554/     1E3 : CD AE 00            		call	.grab_arg		; d0.w: $00xx
(1)  555/     1E6 : 4F                  		ld	c,a
(1)  556/     1E7 : CD AE 00            		call	.grab_arg		; d0.w: $xx00
(1)  557/     1EA : 67                  		ld	h,a
(1)  558/     1EB : 69                  		ld	l,c
(1)  559/     1EC : 3A 88 1F            		ld	a,(palMode)		; PAL speed mode?
(1)  560/     1EF : B7                  		or	a
(1)  561/     1F0 : 28 04               		jr	z,.not_pal
(1)  562/     1F2 : 11 28 00            		ld	de,40			; Add 40
(1)  563/     1F5 : 19                  		add	hl,de
(1)  564/     1F6 :                     .not_pal:
(1)  565/     1F6 : 7C                  		ld	a,h
(1)  566/     1F7 : 32 34 00            		ld	(sbeatPtck+1),a
(1)  567/     1FA : 7D                  		ld	a,l
(1)  568/     1FB : 32 33 00            		ld	(sbeatPtck),a
(1)  569/     1FE : C3 8B 00            		jp	.next_cmd
(1)  570/     201 :                     
(1)  571/     201 :                     ; --------------------------------------------------------
(1)  572/     201 :                     ; Shared subs
(1)  573/     201 :                     ; --------------------------------------------------------
(1)  574/     201 :                     
(1)  575/     201 :                     .cmnd_rdslot:
(1)  576/     201 : 87                  		add	a,a			; ** MANUAL MAX_BUFFNTRY
(1)  577/     202 : 87                  		add	a,a			; id*8
(1)  578/     203 : 87                  		add	a,a
(1)  579/     204 : 16 00               		ld	d,0
(1)  580/     206 : 5F                  		ld	e,a
(1)  581/     207 : FD 19               		add	iy,de
(1)  582/     209 : FD 6E 00            		ld	l,(iy)
(1)  583/     20C : FD 66 01            		ld	h,(iy+1)
(1)  584/     20F : E5                  		push	hl
(1)  585/     210 : DD E1               		pop	ix
(1)  586/     212 : C9                  		ret
(1)  587/     213 :                     
(1)  588/     213 :                     ; ------------------------------------------------
(1)  589/     213 :                     ; iy - nikona_BuffList
(1)  590/     213 :                     
(1)  591/     213 :                     .srch_slot:
(1)  592/     213 : FD 7E 00            		ld	a,(iy)
(1)  593/     216 : FE FF               		cp	-1			; End of list?
(1)  594/     218 : C8                  		ret	z
(1)  595/     219 : FD 66 01            		ld	h,(iy+1)		; hl - Current track slot
(1)  596/     21C : 6F                  		ld	l,a
(1)  597/     21D : E5                  		push	hl
(1)  598/     21E : DD E1               		pop	ix
(1)  599/     220 : 11 08 00            		ld	de,MAX_BUFFNTRY
(1)  600/     223 : FD 19               		add	iy,de			; Next entry for later
(1)  601/     225 : C9                  		ret
(1)  602/     226 :                     
(1)  603/     226 :                     ; ====================================================================
(1)  604/     226 :                     ; ----------------------------------------------------------------
(1)  605/     226 :                     ; MAIN Playback section
(1)  606/     226 :                     ; ----------------------------------------------------------------
(1)  607/     226 :                     
(1)  608/     226 :                     ; --------------------------------------------------------
(1)  609/     226 :                     ; Read mini-impulse-tracker data
(1)  610/     226 :                     ; --------------------------------------------------------
(1)  611/     226 :                     
(1)  612/     226 :                     upd_seq:
(1)  613/     226 : CD A3 0F            		call	get_tick		; Check for tick flag
(1)  614/     229 : FD 21 F8 16         		ld	iy,trkBuff_0		; ** MANUAL BUFFERS
(1)  615/     22D : CD 3B 02            		call	.read_seq
(1)  616/     230 : FD 21 38 17         		ld	iy,trkBuff_1
(1)  617/     234 : CD 3B 02            		call	.read_seq
(1)  618/     237 : FD 21 78 17         		ld	iy,trkBuff_2
(1)  619/     23B :                     
(1)  620/     23B :                     ; ----------------------------------------
(1)  621/     23B :                     ; Read sequence
(1)  622/     23B :                     ;
(1)  623/     23B :                     ; iy - Current sequence buffer
(1)  624/     23B :                     ; ----------------------------------------
(1)  625/     23B :                     
(1)  626/     23B :                     .read_seq:
(1)  627/     23B : FD 46 00            		ld	b,(iy+seq_Status)	; b - Track status and settings
(1)  628/     23E : CB 78               		bit	7,b			; bit7: Track active?
(1)  629/     240 : C8                  		ret	z			; Return if not.
(1)  630/     241 : 78                  		ld	a,b
(1)  631/     242 : FE FF               		cp	-1			; Status is -1?
(1)  632/     244 : C8                  		ret	z			; then skip this
(1)  633/     245 : CF                  		rst	8
(1)  634/     246 :                     	; ----------------------------------------
(1)  635/     246 :                     	; Track volume changes
(1)  636/     246 : FD 6E 0F            		ld	l,(iy+seq_VolMaster+1)
(1)  637/     249 : FD 66 0E            		ld	h,(iy+seq_VolMaster)
(1)  638/     24C : FD 4E 18            		ld	c,(iy+seq_VolFdTarget)
(1)  639/     24F : 11 00 01            		ld	de,0100h		; <-- Manual volfade speed MAX 0100h
(1)  640/     252 : 79                  		ld	a,c
(1)  641/     253 : BC                  		cp	h
(1)  642/     254 : 28 1E               		jr	z,.keep_vol
(1)  643/     256 : 30 06               		jr	nc,.fade_out
(1)  644/     258 : 11 80 FF            		ld	de,-80h
(1)  645/     25B : 19                  		add	hl,de
(1)  646/     25C : 18 0C               		jr	.too_much
(1)  647/     25E :                     .fade_out:
(1)  648/     25E : 19                  		add	hl,de
(1)  649/     25F : CF                  		rst	8
(1)  650/     260 : 7C                  		ld	a,h
(1)  651/     261 : B9                  		cp	c
(1)  652/     262 : 38 06               		jr	c,.too_much
(1)  653/     264 : 61                  		ld	h,c
(1)  654/     265 : 2E 00               		ld	l,0
(1)  655/     267 : FD 71 18            		ld	(iy+seq_VolFdTarget),c
(1)  656/     26A :                     .too_much:
(1)  657/     26A : FD CB 00 DE         		set	3,(iy+seq_Status)	; Volume update flag
(1)  658/     26E : FD 75 0F            		ld	(iy+seq_VolMaster+1),l
(1)  659/     271 : FD 74 0E            		ld	(iy+seq_VolMaster),h
(1)  660/     274 :                     .keep_vol:
(1)  661/     274 :                     	; ----------------------------------------
(1)  662/     274 : 3A 0F 1C            		ld	a,(currTickBits)	; a - Tick/Beat bits
(1)  663/     277 : CB 40               		bit	0,b			; bit0: This seq uses Beats?
(1)  664/     279 : 28 03               		jr	z,.sfxmd
(1)  665/     27B : CB 4F               		bit	1,a			; BEAT passed?
(1)  666/     27D : C8                  		ret	z			; No BEAT.
(1)  667/     27E :                     .sfxmd:
(1)  668/     27E : CB 47               		bit	0,a			; TICK passed?
(1)  669/     280 : C8                  		ret	z			; No TICK.
(1)  670/     281 : CF                  		rst	8
(1)  671/     282 :                     	; ----------------------------------------
(1)  672/     282 :                     	; Start reading notes
(1)  673/     282 : CB 70               		bit	6,b			; bit6: Restart/First time?
(1)  674/     284 : C4 0F 05            		call	nz,.first_fill
(1)  675/     287 : CB 68               		bit	5,b			; bit5: FILL request by effect?
(1)  676/     289 : C4 08 05            		call	nz,.effect_fill
(1)  677/     28C : FD 7E 12            		ld	a,(iy+seq_TickTmr)	; TICK ex-timer for this seq
(1)  678/     28F : 3D                  		dec	a
(1)  679/     290 : FD 77 12            		ld	(iy+seq_TickTmr),a
(1)  680/     293 : B7                  		or	a			; Check a
(1)  681/     294 : C0                  		ret	nz			; If Tick timer != 0, exit.
(1)  682/     295 : CF                  		rst	8
(1)  683/     296 : FD 7E 03            		ld	a,(iy+seq_TickSet)	; Set new tick timer
(1)  684/     299 : FD 77 12            		ld	(iy+seq_TickTmr),a
(1)  685/     29C :                     	; ----------------------------------------
(1)  686/     29C : FD 4E 0C            		ld	c,(iy+seq_Rows)		; bc - Set row counter
(1)  687/     29F : FD 46 0D            		ld	b,(iy+(seq_Rows+1))
(1)  688/     2A2 : 79                  		ld	a,c			; Check rowcount
(1)  689/     2A3 : B0                  		or	b
(1)  690/     2A4 : 20 14               		jr	nz,.row_active		; If bc != 0: row is currenly playing.
(1)  691/     2A6 :                     	; ----------------------------------------
(1)  692/     2A6 :                     	; Read next block
(1)  693/     2A6 : CF                  		rst	8
(1)  694/     2A7 : FD 7E 13            		ld	a,(iy+seq_currBlk)	; Next block
(1)  695/     2AA : 3C                  		inc	a
(1)  696/     2AB : FD 77 13            		ld 	(iy+seq_currBlk),a
(1)  697/     2AE : CD 2B 04            		call	.set_track		; Read track data ** ROM ACCESS **
(1)  698/     2B1 : FE FF               		cp	-1			; Track finished?
(1)  699/     2B3 : C8                  		ret	z
(1)  700/     2B4 : FD 4E 0C            		ld	c,(iy+seq_Rows)		; Set new rowcount to bc
(1)  701/     2B7 : FD 46 0D            		ld	b,(iy+(seq_Rows+1))
(1)  702/     2BA :                     	; ----------------------------------------
(1)  703/     2BA :                     	; bc - Row count
(1)  704/     2BA :                     .row_active:
(1)  705/     2BA : CF                  		rst	8
(1)  706/     2BB : FD 6E 0A            		ld	l,(iy+seq_Read)		; hl - CURRENT pattern to read
(1)  707/     2BE : FD 66 0B            		ld	h,(iy+((seq_Read+1)))
(1)  708/     2C1 :                     
(1)  709/     2C1 :                     ; --------------------------------
(1)  710/     2C1 :                     ; Main read-loop
(1)  711/     2C1 :                     ; --------------------------------
(1)  712/     2C1 :                     
(1)  713/     2C1 :                     .next_note:
(1)  714/     2C1 : FD 7E 11            		ld	a,(iy+seq_rowPause)	; Check row timer
(1)  715/     2C4 : B7                  		or	a
(1)  716/     2C5 : 20 16               		jr	nz,.dec_row
(1)  717/     2C7 : 7E                  		ld	a,(hl)			; Check if byte is a timer or a note
(1)  718/     2C8 : B7                  		or	a
(1)  719/     2C9 : 28 06               		jr	z,.exit			; If == 00h: exit
(1)  720/     2CB : FA E8 02            		jp	m,.has_note		; If 80h-0FFh: Note data
(1)  721/     2CE : FD 77 11            		ld	(iy+seq_rowPause),a	; If 01h-07Fh: Row-pause timer
(1)  722/     2D1 :                     
(1)  723/     2D1 :                     ; --------------------------------
(1)  724/     2D1 :                     ; Exit
(1)  725/     2D1 :                     ; --------------------------------
(1)  726/     2D1 :                     
(1)  727/     2D1 :                     .exit:
(1)  728/     2D1 : CF                  		rst	8
(1)  729/     2D2 : CD F3 03            		call	.inc_cpatt		; * Increment patt pos
(1)  730/     2D5 : FD 75 0A            		ld	(iy+seq_Read),l		; Update READ location
(1)  731/     2D8 : FD 74 0B            		ld	(iy+((seq_Read+1))),h
(1)  732/     2DB : 18 03               		jr	.dec_row_e
(1)  733/     2DD :                     .dec_row:
(1)  734/     2DD : FD 35 11            		dec	(iy+seq_rowPause)	; Decrement row-pause timer
(1)  735/     2E0 :                     .dec_row_e:
(1)  736/     2E0 : 0B                  		dec	bc			; Decrement rowcount
(1)  737/     2E1 : FD 71 0C            		ld	(iy+seq_Rows),c		; Write last row to memory
(1)  738/     2E4 : FD 70 0D            		ld	(iy+(seq_Rows+1)),b
(1)  739/     2E7 : C9                  		ret	; Exit sequence
(1)  740/     2E8 :                     
(1)  741/     2E8 :                     ; --------------------------------
(1)  742/     2E8 :                     ; New note request
(1)  743/     2E8 :                     ;
(1)  744/     2E8 :                     ; a - %1tcccccc
(1)  745/     2E8 :                     ;   | t - next byte has new type
(1)  746/     2E8 :                     ;   | c - channel
(1)  747/     2E8 :                     ; --------------------------------
(1)  748/     2E8 :                     
(1)  749/     2E8 :                     .has_note:
(1)  750/     2E8 : CF                  		rst	8
(1)  751/     2E9 : C5                  		push	bc			; Save rowcount
(1)  752/     2EA : 4F                  		ld	c,a			; Copy patt byte control to c
(1)  753/     2EB : CD F3 03            		call	.inc_cpatt		; * Increment patt pos
(1)  754/     2EE : E5                  		push	hl			; Save hl patt pos
(1)  755/     2EF : FD E5               		push	iy			; copy iy to hl
(1)  756/     2F1 : E1                  		pop	hl
(1)  757/     2F2 : DD 21 00 1E         		ld	ix,trkChnls		; ix - Channels playback list
(1)  758/     2F6 : 11 25 00            		ld	de,seq_ChnIndx		; <-- this clears d
(1)  759/     2F9 : CF                  		rst	8
(1)  760/     2FA : 19                  		add	hl,de			; hl - Track's index points buffer
(1)  761/     2FB : 79                  		ld	a,c			; Get patt note index
(1)  762/     2FC : E6 1F               		and	00011111b		; Filter bits
(1)  763/     2FE : 5F                  		ld	e,a			; Save as e
(1)  764/     2FF : 19                  		add	hl,de			; Increment more by this pos
(1)  765/     300 :                     	; hl - trkChnls+index
(1)  766/     300 : 7E                  		ld	a,(hl)			; Check if this index is occupied.
(1)  767/     301 : B7                  		or	a
(1)  768/     302 : 28 15               		jr	z,.srch_new		; If == 0, search new one
(1)  769/     304 : E6 1F               		and	00011111b		; If already taken, read that channel
(1)  770/     306 : 87                  		add	a,a
(1)  771/     307 : 87                  		add	a,a
(1)  772/     308 : 87                  		add	a,a
(1)  773/     309 : 5F                  		ld	e,a
(1)  774/     30A : DD 19               		add	ix,de
(1)  775/     30C : DD 7E 00            		ld	a,(ix)			; Check status (chnl_Flags)
(1)  776/     30F : B7                  		or	a
(1)  777/     310 : F2 15 03            		jp	p,.srch_reroll
(1)  778/     313 : 18 31               		jr	.cont_chnl
(1)  779/     315 :                     ; Make NEW channel
(1)  780/     315 :                     ; ix - channel list start
(1)  781/     315 :                     .srch_reroll:
(1)  782/     315 : DD 36 00 00         		ld	(ix),0
(1)  783/     319 :                     .srch_new:
(1)  784/     319 : CF                  		rst	8
(1)  785/     31A : 06 1F               		ld	b,MAX_TRKCHN-1		; Max channels to check - 1
(1)  786/     31C : 16 00               		ld	d,0			; Reset out index
(1)  787/     31E :                     .next_chnl:
(1)  788/     31E : DD 7E 00            		ld	a,(ix)			; Read chnl_Flags
(1)  789/     321 : B7                  		or	a			; If plus, track channel is free
(1)  790/     322 : F2 3C 03            		jp	p,.chnl_free
(1)  791/     325 : DD 23               		inc	ix			; Search next channel, increment by 8
(1)  792/     327 : DD 23               		inc	ix
(1)  793/     329 : DD 23               		inc	ix
(1)  794/     32B : CF                  		rst	8
(1)  795/     32C : DD 23               		inc	ix
(1)  796/     32E : DD 23               		inc	ix
(1)  797/     330 : DD 23               		inc	ix
(1)  798/     332 : DD 23               		inc	ix
(1)  799/     334 : DD 23               		inc	ix
(1)  800/     336 : CF                  		rst	8
(1)  801/     337 : 14                  		inc	d			; Increment out index
(1)  802/     338 : 00                  		nop
(1)  803/     339 : 00                  		nop
(1)  804/     33A : 10 E2               		djnz	.next_chnl
(1)  805/     33C :                     .chnl_free:
(1)  806/     33C : 7A                  		ld	a,d			; Read index we got
(1)  807/     33D : E6 1F               		and	00011111b		; Filter bits
(1)  808/     33F : F6 80               		or	10000000b		; and set as used
(1)  809/     341 : 77                  		ld	(hl),a			; Write index slot
(1)  810/     342 : DD CB 00 FE         		set	7,(ix+chnl_Flags)	; Enable channel on the list
(1)  811/     346 :                     .cont_chnl:
(1)  812/     346 : E1                  		pop	hl			; Recover patt pos
(1)  813/     347 : CF                  		rst	8
(1)  814/     348 : DD 46 07            		ld	b,(ix+chnl_Type)	; b - current TYPE byte
(1)  815/     34B :                     
(1)  816/     34B :                     	; ix - Current channel
(1)  817/     34B :                     	; c  - Channel and type bits (7-6)
(1)  818/     34B :                     	; b  - Flags: evinEVIN
(1)  819/     34B :                     	;      E-effect/V-volume/I-instrument/N-note
(1)  820/     34B :                     	;      evin: byte is already stored on track-channel buffer
(1)  821/     34B :                     	;      EVIN: next byte(s) contain a new value. for eff:2 bytes
(1)  822/     34B : CB 71               		bit	6,c			; This byte has new TYPE setting?
(1)  823/     34D : 28 08               		jr	z,.old_type
(1)  824/     34F : 7E                  		ld	a,(hl)
(1)  825/     350 : DD 77 07            		ld	(ix+chnl_Type),a	; Update TYPE byte
(1)  826/     353 : 47                  		ld	b,a			; Set to b
(1)  827/     354 : CD F3 03            		call	.inc_cpatt		; Next patt pos
(1)  828/     357 :                     .old_type:
(1)  829/     357 : CF                  		rst	8
(1)  830/     358 : CB 40               		bit	0,b			; New NOTE?
(1)  831/     35A : 28 07               		jr	z,.no_note
(1)  832/     35C : 7E                  		ld	a,(hl)			; Set NOTE and increment patt
(1)  833/     35D : DD 77 02            		ld	(ix+chnl_Note),a
(1)  834/     360 : CD F3 03            		call	.inc_cpatt
(1)  835/     363 :                     .no_note:
(1)  836/     363 : CB 48               		bit	1,b			; New INS?
(1)  837/     365 : 28 07               		jr	z,.no_ins
(1)  838/     367 : 7E                  		ld	a,(hl)			; Set INS and increment patt
(1)  839/     368 : DD 77 03            		ld	(ix+chnl_Ins),a
(1)  840/     36B : CD F3 03            		call	.inc_cpatt
(1)  841/     36E :                     .no_ins:
(1)  842/     36E : CF                  		rst	8
(1)  843/     36F : CB 50               		bit	2,b			; New VOL?
(1)  844/     371 : 28 07               		jr	z,.no_vol
(1)  845/     373 : 7E                  		ld	a,(hl)			; Set VOL and increment patt
(1)  846/     374 : DD 77 04            		ld	(ix+chnl_Vol),a
(1)  847/     377 : CD F3 03            		call	.inc_cpatt
(1)  848/     37A :                     .no_vol:
(1)  849/     37A : CB 58               		bit	3,b			; New EFFECT?
(1)  850/     37C : 28 0F               		jr	z,.no_eff
(1)  851/     37E : 7E                  		ld	a,(hl)			; Set EFFECT ID, incr patt
(1)  852/     37F : DD 77 05            		ld	(ix+chnl_EffId),a
(1)  853/     382 : CD F3 03            		call	.inc_cpatt
(1)  854/     385 : CF                  		rst	8
(1)  855/     386 : 7E                  		ld	a,(hl)			; Set EFFECT ARG, incr patt
(1)  856/     387 : DD 77 06            		ld	(ix+chnl_EffArg),a
(1)  857/     38A : CD F3 03            		call	.inc_cpatt
(1)  858/     38D :                     .no_eff:
(1)  859/     38D : 78                  		ld	a,b			; Merge the Impulse evin bits into main EVIN bits
(1)  860/     38E : 0F                  		rrca
(1)  861/     38F : 0F                  		rrca
(1)  862/     390 : 0F                  		rrca
(1)  863/     391 : 0F                  		rrca
(1)  864/     392 : E6 0F               		and	00001111b		; Filter bits
(1)  865/     394 : 4F                  		ld	c,a			; Save as c
(1)  866/     395 : 78                  		ld	a,b
(1)  867/     396 : E6 0F               		and	00001111b		; Filter again
(1)  868/     398 : B1                  		or	c			; Merge c with a
(1)  869/     399 : CF                  		rst	8
(1)  870/     39A : 4F                  		ld	c,a			; Save bit flags
(1)  871/     39B : DD 7E 00            		ld	a,(ix+chnl_Flags)
(1)  872/     39E : B1                  		or	c
(1)  873/     39F : DD 77 00            		ld	(ix+chnl_Flags),a
(1)  874/     3A2 : C1                  		pop	bc			; Restore rowcount
(1)  875/     3A3 :                     	; ----------------------------------------
(1)  876/     3A3 :                     	; Effects that affect internal playback
(1)  877/     3A3 : DD 7E 00            		ld	a,(ix+chnl_Flags)
(1)  878/     3A6 : E6 08               		and	1000b			; ONLY check for the EFFECT bit
(1)  879/     3A8 : CA C1 02            		jp	z,.next_note
(1)  880/     3AB : DD 7E 05            		ld	a,(ix+chnl_EffId)
(1)  881/     3AE : B7                  		or	a			; 00h = invalid effect
(1)  882/     3AF : CA C1 02            		jp	z,.next_note
(1)  883/     3B2 : FE 01               		cp	1			; Effect A: Tick set
(1)  884/     3B4 : 28 0B               		jr	z,.eff_A
(1)  885/     3B6 : FE 02               		cp	2			; Effect B: Position Jump
(1)  886/     3B8 : 28 18               		jr	z,.eff_B
(1)  887/     3BA : FE 03               		cp	3			; Effect C: Pattern break
(1)  888/     3BC : 28 32               		jr	z,.eff_C
(1)  889/     3BE : C3 C1 02            		jp	.next_note
(1)  890/     3C1 :                     
(1)  891/     3C1 :                     ; ----------------------------------------
(1)  892/     3C1 :                     ; Effect A: Set ticks
(1)  893/     3C1 :                     ; ----------------------------------------
(1)  894/     3C1 :                     
(1)  895/     3C1 :                     .eff_A:
(1)  896/     3C1 : CF                  		rst	8
(1)  897/     3C2 : DD 5E 06            		ld	e,(ix+chnl_EffArg)	; e - ticks number
(1)  898/     3C5 : FD 73 03            		ld	(iy+seq_TickSet),e	; set for both Set and Timer.
(1)  899/     3C8 : FD 73 12            		ld	(iy+seq_TickTmr),e
(1)  900/     3CB : DD CB 00 9E         		res	3,(ix+chnl_Flags)	; <-- Clear EFFECT bit
(1)  901/     3CF : C3 C1 02            		jp	.next_note
(1)  902/     3D2 :                     
(1)  903/     3D2 :                     ; ----------------------------------------
(1)  904/     3D2 :                     ; Effect B: jump to a new block
(1)  905/     3D2 :                     ; ----------------------------------------
(1)  906/     3D2 :                     
(1)  907/     3D2 :                     .eff_B:
(1)  908/     3D2 : DD 5E 06            		ld	e,(ix+chnl_EffArg)	; e - Block SLOT to jump
(1)  909/     3D5 : FD 73 13            		ld 	(iy+seq_currBlk),e
(1)  910/     3D8 : CF                  		rst	8
(1)  911/     3D9 : FD 36 11 00         		ld	(iy+seq_rowPause),0	; Reset rowpause
(1)  912/     3DD : DD CB 00 9E         		res	3,(ix+chnl_Flags)	; <-- Clear EFFECT bit
(1)  913/     3E1 : FD CB 00 EE         		set	5,(iy+seq_Status)	; set fill-from-effect flag on exit
(1)  914/     3E5 : 3E 80               		ld	a,80h
(1)  915/     3E7 : FD 77 15            		ld	(iy+seq_BankHeads),a
(1)  916/     3EA : FD 77 16            		ld	(iy+seq_BankBlk),a
(1)  917/     3ED : C3 C1 02            		jp	.next_note
(1)  918/     3F0 :                     
(1)  919/     3F0 :                     ; ----------------------------------------
(1)  920/     3F0 :                     ; Effect C: Pattern break/exit
(1)  921/     3F0 :                     ;
(1)  922/     3F0 :                     ; Only used on SFX, arguments ignored.
(1)  923/     3F0 :                     ; ----------------------------------------
(1)  924/     3F0 :                     
(1)  925/     3F0 :                     .eff_C:
(1)  926/     3F0 : C3 02 05            		jp	.track_end
(1)  927/     3F3 :                     
(1)  928/     3F3 :                     ; ----------------------------------------
(1)  929/     3F3 :                     ; Increment the current patt position
(1)  930/     3F3 :                     ; and recieve more data
(1)  931/     3F3 :                     ;
(1)  932/     3F3 :                     ; Breaks:
(1)  933/     3F3 :                     ; a,e
(1)  934/     3F3 :                     ; ----------------------------------------
(1)  935/     3F3 :                     
(1)  936/     3F3 :                     .inc_cpatt:
(1)  937/     3F3 : FD 5E 08            		ld	e,(iy+seq_Cach)		; Read curret cache LSB
(1)  938/     3F6 : 7D                  		ld	a,l
(1)  939/     3F7 : 3C                  		inc	a
(1)  940/     3F8 : E6 1F               		and	MAX_RCACH-1
(1)  941/     3FA : FE 1E               		cp	MAX_RCACH-2		; ALMOST RAN OUT of bytes?
(1)  942/     3FC : 30 03               		jr	nc,.ran_out
(1)  943/     3FE : B3                  		or	e
(1)  944/     3FF : 6F                  		ld	l,a
(1)  945/     400 : C9                  		ret
(1)  946/     401 :                     .ran_out:
(1)  947/     401 : FD 6E 08            		ld	l,(iy+seq_Cach)
(1)  948/     404 : E5                  		push	hl
(1)  949/     405 : C5                  		push	bc
(1)  950/     406 : 06 00               		ld	b,0
(1)  951/     408 : 4F                  		ld	c,a
(1)  952/     409 : CF                  		rst	8
(1)  953/     40A : 5D                  		ld	e,l
(1)  954/     40B : 54                  		ld	d,h
(1)  955/     40C : FD 6E 19            		ld	l,(iy+seq_RomPattRead)
(1)  956/     40F : FD 66 1A            		ld	h,(iy+(seq_RomPattRead+1))
(1)  957/     412 : FD 7E 1B            		ld	a,(iy+(seq_RomPattRead+2))
(1)  958/     415 : 09                  		add	hl,bc
(1)  959/     416 : CE 00               		adc	a,0
(1)  960/     418 : FD 75 19            		ld	(iy+seq_RomPattRead),l
(1)  961/     41B : FD 74 1A            		ld	(iy+(seq_RomPattRead+1)),h
(1)  962/     41E : CF                  		rst	8
(1)  963/     41F : FD 77 1B            		ld	(iy+(seq_RomPattRead+2)),a
(1)  964/     422 : 01 20 00            		ld	bc,MAX_RCACH
(1)  965/     425 : CD C4 0F            		call	readRom		; *** ROM ACCESS ***
(1)  966/     428 : C1                  		pop	bc
(1)  967/     429 : E1                  		pop	hl
(1)  968/     42A : C9                  		ret
(1)  969/     42B :                     
(1)  970/     42B :                     ; ----------------------------------------
(1)  971/     42B :                     ; Set track pattern by seq_currBlk
(1)  972/     42B :                     ; ----------------------------------------
(1)  973/     42B :                     
(1)  974/     42B :                     .set_track:
(1)  975/     42B :                     	; ----------------------------------------
(1)  976/     42B :                     	; Make block id list
(1)  977/     42B : FD 5E 04            		ld	e,(iy+seq_Blocks)
(1)  978/     42E : FD 56 05            		ld	d,(iy+(seq_Blocks+1))
(1)  979/     431 : FD 7E 13            		ld	a,(iy+seq_currBlk)
(1)  980/     434 : 4F                  		ld	c,a
(1)  981/     435 : C5                  		push	bc
(1)  982/     436 : D5                  		push	de
(1)  983/     437 : CF                  		rst	8
(1)  984/     438 : 0F                  		rrca
(1)  985/     439 : 0F                  		rrca
(1)  986/     43A : 0F                  		rrca
(1)  987/     43B : E6 1F               		and	00011111b
(1)  988/     43D : FD 4E 16            		ld	c,(iy+seq_BankBlk)	; c - current block bank
(1)  989/     440 : CB 79               		bit	7,c			; First time?
(1)  990/     442 : 20 03               		jr	nz,.first_blk
(1)  991/     444 : B9                  		cp	c			; SAME instrument data?
(1)  992/     445 : 28 1C               		jr	z,.keep_blk
(1)  993/     447 :                     .first_blk:
(1)  994/     447 : CF                  		rst	8
(1)  995/     448 : FD 77 16            		ld	(iy+seq_BankBlk),a	; Save inst number
(1)  996/     44B : 07                  		rlca
(1)  997/     44C : 07                  		rlca
(1)  998/     44D : 07                  		rlca
(1)  999/     44E : 06 00               		ld	b,0
(1) 1000/     450 : 4F                  		ld	c,a
(1) 1001/     451 : FD 6E 22            		ld	l,(iy+seq_RomBlks)
(1) 1002/     454 : FD 66 23            		ld	h,(iy+(seq_RomBlks+1))
(1) 1003/     457 : FD 7E 24            		ld	a,(iy+(seq_RomBlks+2))
(1) 1004/     45A : 09                  		add	hl,bc
(1) 1005/     45B : CE 00               		adc	a,0
(1) 1006/     45D : 01 08 00            		ld	bc,8			; 8 blocks stored
(1) 1007/     460 : CD C4 0F            		call	readRom			; ** ROM ACCESS **
(1) 1008/     463 :                     .keep_blk:
(1) 1009/     463 : E1                  		pop	hl
(1) 1010/     464 : C1                  		pop	bc
(1) 1011/     465 : 79                  		ld	a,c
(1) 1012/     466 : E6 07               		and	00000111b
(1) 1013/     468 : CF                  		rst	8
(1) 1014/     469 : 16 00               		ld	d,0
(1) 1015/     46B : 5F                  		ld	e,a
(1) 1016/     46C : 19                  		add	hl,de
(1) 1017/     46D :                     	; ----------------------------------------
(1) 1018/     46D : 7E                  		ld	a,(hl)			; Read block byte
(1) 1019/     46E : FE FF               		cp	-1			; If block == -1, end track
(1) 1020/     470 : CA 02 05            		jp	z,.track_end
(1) 1021/     473 : CF                  		rst	8
(1) 1022/     474 :                     	; ----------------------------------------
(1) 1023/     474 : FD 5E 06            		ld	e,(iy+seq_Patt)		; Read CACHE patt heads
(1) 1024/     477 : FD 56 07            		ld	d,(iy+(seq_Patt+1))
(1) 1025/     47A : 4F                  		ld	c,a
(1) 1026/     47B : D5                  		push	de
(1) 1027/     47C : C5                  		push	bc
(1) 1028/     47D : CF                  		rst	8
(1) 1029/     47E : 0F                  		rrca
(1) 1030/     47F : 0F                  		rrca
(1) 1031/     480 : 0F                  		rrca
(1) 1032/     481 : E6 1F               		and	00011111b
(1) 1033/     483 : FD 4E 15            		ld	c,(iy+seq_BankHeads)	; c - current intrument loaded
(1) 1034/     486 : CB 79               		bit	7,c			; First time?
(1) 1035/     488 : 20 03               		jr	nz,.first_head
(1) 1036/     48A : B9                  		cp	c			; SAME instrument data?
(1) 1037/     48B : 28 26               		jr	z,.keep_it
(1) 1038/     48D :                     .first_head:
(1) 1039/     48D : CF                  		rst	8
(1) 1040/     48E : FD 77 15            		ld	(iy+seq_BankHeads),a	; Save inst number
(1) 1041/     491 : 47                  		ld	b,a
(1) 1042/     492 : 0F                  		rrca
(1) 1043/     493 : 0F                  		rrca
(1) 1044/     494 : 0F                  		rrca
(1) 1045/     495 : E6 E0               		and	11100000b
(1) 1046/     497 : 4F                  		ld	c,a
(1) 1047/     498 : 78                  		ld	a,b
(1) 1048/     499 : 0F                  		rrca
(1) 1049/     49A : 0F                  		rrca
(1) 1050/     49B : 0F                  		rrca
(1) 1051/     49C : E6 03               		and	00000011b
(1) 1052/     49E : 47                  		ld	b,a
(1) 1053/     49F :                     	; ----------------------------------------
(1) 1054/     49F : FD 6E 1C            		ld	l,(iy+seq_RomPatt)	; Transfer FIRST patt
(1) 1055/     4A2 : FD 66 1D            		ld	h,(iy+(seq_RomPatt+1))	; packet
(1) 1056/     4A5 : FD 7E 1E            		ld	a,(iy+(seq_RomPatt+2))
(1) 1057/     4A8 : E7                  		rst	20h
(1) 1058/     4A9 : CF                  		rst	8
(1) 1059/     4AA : 09                  		add	hl,bc
(1) 1060/     4AB : CE 00               		adc	a,0
(1) 1061/     4AD : 01 20 00            		ld	bc,4*8			; 8 heads stored
(1) 1062/     4B0 : CD C4 0F            		call	readRom			; ** ROM ACCESS **
(1) 1063/     4B3 :                     .keep_it:
(1) 1064/     4B3 : C1                  		pop	bc
(1) 1065/     4B4 : 79                  		ld	a,c
(1) 1066/     4B5 : E6 07               		and	00000111b
(1) 1067/     4B7 : 87                  		add	a,a
(1) 1068/     4B8 : 87                  		add	a,a
(1) 1069/     4B9 : 57                  		ld	d,a
(1) 1070/     4BA : CF                  		rst	8
(1) 1071/     4BB : E6 FC               		and	11111100b
(1) 1072/     4BD : 5F                  		ld	e,a
(1) 1073/     4BE : 7A                  		ld	a,d
(1) 1074/     4BF : E6 03               		and	00000011b
(1) 1075/     4C1 : 57                  		ld	d,a
(1) 1076/     4C2 : E1                  		pop	hl
(1) 1077/     4C3 : 19                  		add	hl,de
(1) 1078/     4C4 : 5E                  		ld	e,(hl)			; de - Pos
(1) 1079/     4C5 : 23                  		inc	hl
(1) 1080/     4C6 : CF                  		rst	8
(1) 1081/     4C7 : 56                  		ld	d,(hl)
(1) 1082/     4C8 : 23                  		inc	hl
(1) 1083/     4C9 : 7E                  		ld	a,(hl)
(1) 1084/     4CA : 23                  		inc	hl
(1) 1085/     4CB : FD 77 0C            		ld	(iy+seq_Rows),a
(1) 1086/     4CE : 7E                  		ld	a,(hl)
(1) 1087/     4CF : 23                  		inc	hl
(1) 1088/     4D0 : FD 77 0D            		ld	(iy+(seq_Rows+1)),a
(1) 1089/     4D3 : FD 6E 1C            		ld	l,(iy+seq_RomPatt)	; Transfer FIRST patt
(1) 1090/     4D6 : FD 66 1D            		ld	h,(iy+(seq_RomPatt+1))	; packet
(1) 1091/     4D9 : CF                  		rst	8
(1) 1092/     4DA : FD 7E 1E            		ld	a,(iy+(seq_RomPatt+2))
(1) 1093/     4DD : 19                  		add	hl,de
(1) 1094/     4DE : CE 00               		adc	a,0
(1) 1095/     4E0 : FD 75 19            		ld	(iy+seq_RomPattRead),l
(1) 1096/     4E3 : FD 74 1A            		ld	(iy+(seq_RomPattRead+1)),h
(1) 1097/     4E6 : FD 77 1B            		ld	(iy+(seq_RomPattRead+2)),a
(1) 1098/     4E9 : FD 5E 08            		ld	e,(iy+seq_Cach)
(1) 1099/     4EC : FD 56 09            		ld	d,(iy+(seq_Cach+1))
(1) 1100/     4EF : FD 73 0A            		ld	(iy+seq_Read),e
(1) 1101/     4F2 : FD 72 0B            		ld	(iy+(seq_Read+1)),d
(1) 1102/     4F5 : 0E 20               		ld	c,MAX_RCACH
(1) 1103/     4F7 : FD 36 10 00         		ld	(iy+seq_cachHalf),0
(1) 1104/     4FB : FD 36 11 00         		ld	(iy+seq_rowPause),0
(1) 1105/     4FF : C3 C4 0F            		jp	readRom			; ** ROM access **
(1) 1106/     502 :                     
(1) 1107/     502 :                     ; ----------------------------------------
(1) 1108/     502 :                     ; **JUMP ONLY**
(1) 1109/     502 :                     .track_end:
(1) 1110/     502 : CF                  		rst	8
(1) 1111/     503 : FD 36 00 FF         		ld	(iy+seq_Status),-1	; Disable track slot
(1) 1112/     507 : C9                  		ret
(1) 1113/     508 :                     
(1) 1114/     508 :                     ; ----------------------------------------
(1) 1115/     508 :                     ; Track refill
(1) 1116/     508 :                     ; ----------------------------------------
(1) 1117/     508 :                     
(1) 1118/     508 :                     .effect_fill:
(1) 1119/     508 : FD CB 00 AE         		res	5,(iy+seq_Status)	; Reset refill-from-effect flag
(1) 1120/     50C : C3 2B 04            		jp	.set_track
(1) 1121/     50F :                     
(1) 1122/     50F :                     ; ----------------------------------------
(1) 1123/     50F :                     ; Track Start/Reset
(1) 1124/     50F :                     ;
(1) 1125/     50F :                     ; iy - Track buffer
(1) 1126/     50F :                     ; ----------------------------------------
(1) 1127/     50F :                     
(1) 1128/     50F :                     .first_fill:
(1) 1129/     50F : FD CB 00 B6         		res	6,(iy+seq_Status)	; Clear FILL flag
(1) 1130/     513 : CD B0 05            		call	track_out
(1) 1131/     516 : FD 36 12 01         		ld	(iy+seq_TickTmr),1	; Reset tick timer
(1) 1132/     51A : FD 7E 02            		ld	a,(iy+seq_SetBlk)	; Make start block as current block
(1) 1133/     51D : CF                  		rst	8
(1) 1134/     51E : FD 77 13            		ld 	(iy+seq_currBlk),a	; block
(1) 1135/     521 : FD 7E 01            		ld	a,(iy+seq_Num)
(1) 1136/     524 : FE FF               		cp	-1			; Sequence -1?
(1) 1137/     526 : C8                  		ret	z
(1) 1138/     527 : 87                  		add	a,a
(1) 1139/     528 : 87                  		add	a,a
(1) 1140/     529 : 16 00               		ld	d,0
(1) 1141/     52B : 5F                  		ld	e,a
(1) 1142/     52C : 21 1C 00            		ld	hl,gemaMstrListPos
(1) 1143/     52F : 23                  		inc	hl
(1) 1144/     530 : 7E                  		ld	a,(hl)			; $00xx0000
(1) 1145/     531 : 23                  		inc	hl
(1) 1146/     532 : 4E                  		ld	c,(hl)			; $0000xx00
(1) 1147/     533 : 23                  		inc	hl
(1) 1148/     534 : 6E                  		ld	l,(hl)			; $000000xx
(1) 1149/     535 : CF                  		rst	8
(1) 1150/     536 : 61                  		ld	h,c
(1) 1151/     537 : 19                  		add	hl,de
(1) 1152/     538 : CE 00               		adc	a,0
(1) 1153/     53A : 11 70 16            		ld	de,trkInfoCach
(1) 1154/     53D : D5                  		push	de
(1) 1155/     53E : 01 04 00            		ld	bc,4
(1) 1156/     541 : CD C4 0F            		call	readRom			; *** ROM ACCESS ***
(1) 1157/     544 : E1                  		pop	hl
(1) 1158/     545 : 7E                  		ld	a,(hl)
(1) 1159/     546 : 23                  		inc	hl
(1) 1160/     547 : CB 7F               		bit	7,a
(1) 1161/     549 : 28 04               		jr	z,.no_glbl
(1) 1162/     54B : FD CB 00 C6         		set	0,(iy+seq_Status)	; Enable GLOBAL sub-beats
(1) 1163/     54F :                     .no_glbl:
(1) 1164/     54F : CF                  		rst	8
(1) 1165/     550 : E6 7F               		and	01111111b
(1) 1166/     552 : FD 77 03            		ld	(iy+seq_TickSet),a
(1) 1167/     555 : 7E                  		ld	a,(hl)			; Read and temporally
(1) 1168/     556 : 23                  		inc	hl			; grab it's pointers
(1) 1169/     557 : 4E                  		ld	c,(hl)
(1) 1170/     558 : 23                  		inc	hl
(1) 1171/     559 : 6E                  		ld	l,(hl)
(1) 1172/     55A : 61                  		ld	h,c
(1) 1173/     55B : 11 CC 17            		ld	de,headerOut
(1) 1174/     55E : 0E 0E               		ld	c,0Eh
(1) 1175/     560 : CD C4 0F            		call	readRom		; ** ROM access **
(1) 1176/     563 :                     
(1) 1177/     563 :                     	; headerOut:
(1) 1178/     563 :                     	; dc.w numof_chnls
(1) 1179/     563 :                     	; dc.l .blk,.pat,.ins
(1) 1180/     563 :                     	; *** READING BACKWARDS
(1) 1181/     563 : DD 21 D9 17         		ld	ix,headerOut_e-1	; Read temp header BACKWARDS
(1) 1182/     567 : CD 9D 05            		call	.grab_rhead		; Instrument data
(1) 1183/     56A : FD 75 1F            		ld	(iy+seq_RomInst),l
(1) 1184/     56D : FD 74 20            		ld	(iy+(seq_RomInst+1)),h
(1) 1185/     570 : FD 70 21            		ld	(iy+(seq_RomInst+2)),b
(1) 1186/     573 : CD 9D 05            		call	.grab_rhead		; Pattern heads
(1) 1187/     576 : FD 75 1C            		ld	(iy+seq_RomPatt),l	; Save ROM patt base
(1) 1188/     579 : FD 74 1D            		ld	(iy+(seq_RomPatt+1)),h
(1) 1189/     57C : FD 70 1E            		ld	(iy+(seq_RomPatt+2)),b
(1) 1190/     57F : FD 36 15 80         		ld	(iy+seq_BankHeads),80h	; Reset pattern banking
(1) 1191/     583 : CD 9D 05            		call	.grab_rhead		; Block data
(1) 1192/     586 : FD 75 22            		ld	(iy+seq_RomBlks),l	; Save ROM patt base
(1) 1193/     589 : FD 74 23            		ld	(iy+(seq_RomBlks+1)),h
(1) 1194/     58C : FD 70 24            		ld	(iy+(seq_RomBlks+2)),b
(1) 1195/     58F : FD 36 16 80         		ld	(iy+seq_BankBlk),80h	; Reset pattern banking
(1) 1196/     593 : DD 7E 00            		ld	a,(ix)			; dc.w numof_chnls
(1) 1197/     596 : FD 77 17            		ld	(iy+seq_MaxChnl),a
(1) 1198/     599 : CF                  		rst	8
(1) 1199/     59A : C3 2B 04            		jp	.set_track
(1) 1200/     59D :                     
(1) 1201/     59D :                     ; Read 68K pointer:
(1) 1202/     59D :                     ; hl - 00xxxx
(1) 1203/     59D :                     ;  b - xx0000
(1) 1204/     59D :                     .grab_rhead:
(1) 1205/     59D : DD 6E 00            		ld	l,(ix)
(1) 1206/     5A0 : DD 2B               		dec	ix
(1) 1207/     5A2 : DD 66 00            		ld	h,(ix)
(1) 1208/     5A5 : CF                  		rst	8
(1) 1209/     5A6 : DD 2B               		dec	ix
(1) 1210/     5A8 : DD 46 00            		ld	b,(ix)
(1) 1211/     5AB : DD 2B               		dec	ix
(1) 1212/     5AD :                     ; 		ld	c,(ix)
(1) 1213/     5AD : DD 2B               		dec	ix
(1) 1214/     5AF : C9                  		ret
(1) 1215/     5B0 :                     
(1) 1216/     5B0 :                     ; ----------------------------------------
(1) 1217/     5B0 :                     ; Reset tracker channels
(1) 1218/     5B0 :                     ;
(1) 1219/     5B0 :                     ; iy - Track buffer
(1) 1220/     5B0 :                     ;
(1) 1221/     5B0 :                     ; Breaks:
(1) 1222/     5B0 :                     ; b ,de,hl,ix
(1) 1223/     5B0 :                     ; ----------------------------------------
(1) 1224/     5B0 :                     
(1) 1225/     5B0 :                     track_out:
(1) 1226/     5B0 : FD E5               		push	iy
(1) 1227/     5B2 : E1                  		pop	hl
(1) 1228/     5B3 : DD 21 00 1E         		ld	ix,trkChnls
(1) 1229/     5B7 : CF                  		rst	8
(1) 1230/     5B8 : 11 25 00            		ld	de,seq_ChnIndx
(1) 1231/     5BB : 19                  		add	hl,de
(1) 1232/     5BC : FD 7E 17            		ld	a,(iy+seq_MaxChnl)
(1) 1233/     5BF : B7                  		or	a
(1) 1234/     5C0 : 20 02               		jr	nz,.valid
(1) 1235/     5C2 : 3E 1B               		ld	a,MAX_TRKINDX		; If zero, Read ALL channels
(1) 1236/     5C4 :                     .valid:
(1) 1237/     5C4 : 47                  		ld	b,a
(1) 1238/     5C5 :                     .indx_del:
(1) 1239/     5C5 : 7E                  		ld	a,(hl)
(1) 1240/     5C6 : B7                  		or	a
(1) 1241/     5C7 : 28 29               		jr	z,.nothin
(1) 1242/     5C9 : CF                  		rst	8
(1) 1243/     5CA : DD E5               		push	ix
(1) 1244/     5CC : E6 1F               		and	00011111b
(1) 1245/     5CE : 87                  		add	a,a
(1) 1246/     5CF : 87                  		add	a,a
(1) 1247/     5D0 : 87                  		add	a,a
(1) 1248/     5D1 : 5F                  		ld	e,a
(1) 1249/     5D2 : CF                  		rst	8
(1) 1250/     5D3 : DD 19               		add	ix,de
(1) 1251/     5D5 : AF                  		xor	a
(1) 1252/     5D6 : DD 36 02 FE         		ld	(ix+chnl_Note),-2
(1) 1253/     5DA : DD 36 00 01         		ld	(ix+chnl_Flags),1
(1) 1254/     5DE : DD 77 04            		ld	(ix+chnl_Vol),a
(1) 1255/     5E1 : DD 77 05            		ld	(ix+chnl_EffId),a
(1) 1256/     5E4 : DD 77 06            		ld	(ix+chnl_EffArg),a
(1) 1257/     5E7 : CF                  		rst	8
(1) 1258/     5E8 : DD 77 03            		ld	(ix+chnl_Ins),a
(1) 1259/     5EB : DD 77 07            		ld	(ix+chnl_Type),a
(1) 1260/     5EE : DD E1               		pop	ix
(1) 1261/     5F0 : 77                  		ld	(hl),a
(1) 1262/     5F1 : 00                  		nop
(1) 1263/     5F2 :                     .nothin:
(1) 1264/     5F2 : 23                  		inc	hl
(1) 1265/     5F3 : 10 D0               		djnz	.indx_del
(1) 1266/     5F5 : 3E 01               		ld	a,1
(1) 1267/     5F7 : 32 BE 17            		ld	(marsUpd),a
(1) 1268/     5FA : 32 BF 17            		ld	(mcdUpd),a
(1) 1269/     5FD : C9                  		ret
(1) 1270/     5FE :                     
(1) 1271/     5FE :                     ; ============================================================
(1) 1272/     5FE :                     ; --------------------------------------------------------
(1) 1273/     5FE :                     ; Process track channels to the sound chips
(1) 1274/     5FE :                     ; --------------------------------------------------------
(1) 1275/     5FE :                     
(1) 1276/     5FE :                     set_chips:
(1) 1277/     5FE : CD A3 0F            		call	get_tick
(1) 1278/     601 : FD 21 F8 16         		ld	iy,trkBuff_0		; ** MANUAL BUFFERS
(1) 1279/     605 : CD 45 06            		call	tblbuff_read
(1) 1280/     608 : FD 21 38 17         		ld	iy,trkBuff_1
(1) 1281/     60C : CD 45 06            		call	tblbuff_read
(1) 1282/     60F : FD 21 78 17         		ld	iy,trkBuff_2
(1) 1283/     613 : CD 45 06            		call	tblbuff_read
(1) 1284/     616 : E7                  		rst	20h
(1) 1285/     617 : CD A3 0F            		call	get_tick
(1) 1286/     61A : FD 21 B4 1A         		ld	iy,tblPSGN		; PSG Noise
(1) 1287/     61E : CD 09 08            		call	dtbl_singl
(1) 1288/     621 : FD 21 7E 1A         		ld	iy,tblPSG		; PSG Squares
(1) 1289/     625 : CD F5 07            		call	dtbl_multi
(1) 1290/     628 : FD 21 10 1A         		ld	iy,tblFM		; FM/FM3/DAC
(1) 1291/     62C : CD F5 07            		call	dtbl_multi
(1) 1292/     62F : E7                  		rst	20h
(1) 1293/     630 : FD 21 C8 1A         		ld	iy,tblPCM		; SEGA CD PCM
(1) 1294/     634 : CD F5 07            		call	dtbl_multi
(1) 1295/     637 :                     		
(1) 1296/     637 : FD 21 5A 1B         		ld	iy,tblPWM		; 32X PWM
(1) 1297/     63B :                     		;!@ jp	dtbl_multi
(1) 1298/     63B : CD F5 07            		call	dtbl_multi
(1) 1299/     63E :                     		
(1) 1300/     63E :                     		;!@
(1) 1301/     63E : FD 21 EC 1B         		ld	iy,tblPCO		; Pico PCO
(1) 1302/     642 : C3 09 08            		jp		dtbl_singl
(1) 1303/     645 :                     
(1) 1304/     645 :                     ; ----------------------------------------
(1) 1305/     645 :                     ; Read current track
(1) 1306/     645 :                     ;
(1) 1307/     645 :                     ; iy - Buffer
(1) 1308/     645 :                     tblbuff_read:
(1) 1309/     645 : CF                  		rst	8
(1) 1310/     646 : FD 46 00            		ld	b,(iy+seq_Status)	; bit7: Track active?
(1) 1311/     649 : CB 78               		bit	7,b
(1) 1312/     64B : C8                  		ret	z
(1) 1313/     64C : 78                  		ld	a,b			; seq_Status == -1?
(1) 1314/     64D : FE FF               		cp	-1
(1) 1315/     64F : C2 5D 06            		jp	nz,.track_cont
(1) 1316/     652 : CD B0 05            		call	track_out
(1) 1317/     655 : FD 36 00 00         		ld	(iy+seq_Status),0
(1) 1318/     659 : FD 36 01 FF         		ld	(iy+seq_Num),-1
(1) 1319/     65D :                     .track_cont:
(1) 1320/     65D : FD E5               		push	iy
(1) 1321/     65F : E1                  		pop	hl
(1) 1322/     660 : CF                  		rst	8
(1) 1323/     661 : DD 21 00 1E         		ld	ix,trkChnls
(1) 1324/     665 : 11 25 00            		ld	de,seq_ChnIndx
(1) 1325/     668 : 19                  		add	hl,de
(1) 1326/     669 : FD 7E 17            		ld	a,(iy+seq_MaxChnl)
(1) 1327/     66C : B7                  		or	a
(1) 1328/     66D : 20 02               		jr	nz,.valid
(1) 1329/     66F : 3E 1B               		ld	a,MAX_TRKINDX		; If zero, Read ALL channels
(1) 1330/     671 :                     .valid:
(1) 1331/     671 : CF                  		rst	8
(1) 1332/     672 : 47                  		ld	b,a
(1) 1333/     673 :                     .next_indx:
(1) 1334/     673 : 7E                  		ld	a,(hl)			; Read index
(1) 1335/     674 : B7                  		or	a
(1) 1336/     675 : 20 02               		jr	nz,.has_indx		; If non-zero: valid
(1) 1337/     677 : 18 1C               		jr	.no_indx
(1) 1338/     679 :                     .has_indx:
(1) 1339/     679 : E6 1F               		and	00011111b
(1) 1340/     67B : 87                  		add	a,a
(1) 1341/     67C : 87                  		add	a,a
(1) 1342/     67D : 87                  		add	a,a
(1) 1343/     67E : CF                  		rst	8
(1) 1344/     67F : 16 00               		ld	d,0
(1) 1345/     681 : 5F                  		ld	e,a
(1) 1346/     682 : C5                  		push	bc			; Save bc, hl and ix
(1) 1347/     683 : E5                  		push	hl
(1) 1348/     684 : DD E5               		push	ix
(1) 1349/     686 : DD 19               		add	ix,de
(1) 1350/     688 : DD 7E 00            		ld	a,(ix)			; Read 0000evin
(1) 1351/     68B : E6 0F               		and	00001111b
(1) 1352/     68D : C4 9D 06            		call	nz,.do_chip		; Call if non-zero
(1) 1353/     690 : CF                  		rst	8
(1) 1354/     691 : DD E1               		pop	ix
(1) 1355/     693 : E1                  		pop	hl
(1) 1356/     694 : C1                  		pop	bc
(1) 1357/     695 :                     .no_indx:
(1) 1358/     695 : 23                  		inc	hl
(1) 1359/     696 : 10 DB               		djnz	.next_indx
(1) 1360/     698 : FD CB 00 9E         		res	3,(iy+seq_Status)	; RESET Volume update bit
(1) 1361/     69C : C9                  		ret
(1) 1362/     69D :                     
(1) 1363/     69D :                     ; ----------------------------------------
(1) 1364/     69D :                     ; iy - Track buffer
(1) 1365/     69D :                     ; ix - Current channel
(1) 1366/     69D :                     
(1) 1367/     69D :                     .do_chip:
(1) 1368/     69D : DD 7E 03            		ld	a,(ix+chnl_Ins)		; Check intrument type FIRST
(1) 1369/     6A0 : B7                  		or	a
(1) 1370/     6A1 : C8                  		ret	z			; If 0 == stop
(1) 1371/     6A2 : 3D                  		dec	a			; inst-1
(1) 1372/     6A3 : E6 7F               		and	01111111b
(1) 1373/     6A5 : 21 E2 17            		ld	hl,instListOut		; hl - Temporal storage for instrument
(1) 1374/     6A8 : E5                  		push	hl
(1) 1375/     6A9 : CF                  		rst	8
(1) 1376/     6AA : 07                  		rlca
(1) 1377/     6AB : 07                  		rlca
(1) 1378/     6AC : 07                  		rlca
(1) 1379/     6AD : 47                  		ld	b,a
(1) 1380/     6AE : E6 F8               		and	11111000b
(1) 1381/     6B0 : 4F                  		ld	c,a
(1) 1382/     6B1 : 78                  		ld	a,b
(1) 1383/     6B2 : AF                  		xor	a
(1) 1384/     6B3 : E6 03               		and	00000011b
(1) 1385/     6B5 : CF                  		rst	8
(1) 1386/     6B6 : 47                  		ld	b,a
(1) 1387/     6B7 : EB                  		ex	hl,de
(1) 1388/     6B8 : FD 6E 1F            		ld	l,(iy+seq_RomInst)
(1) 1389/     6BB : FD 66 20            		ld	h,(iy+(seq_RomInst+1))
(1) 1390/     6BE : FD 7E 21            		ld	a,(iy+(seq_RomInst+2))
(1) 1391/     6C1 : 09                  		add	hl,bc
(1) 1392/     6C2 : CE 00               		adc	a,0
(1) 1393/     6C4 : 01 08 00            		ld	bc,8			; 8 bytes
(1) 1394/     6C7 : CD C4 0F            		call	readRom			; ** ROM access **
(1) 1395/     6CA : E1                  		pop	hl
(1) 1396/     6CB : E5                  		push	hl			; <-- save hl
(1) 1397/     6CC : CD E7 06            		call	.grab_link
(1) 1398/     6CF : D1                  		pop	de			; --> recover as de
(1) 1399/     6D0 :                     	; hl - current table
(1) 1400/     6D0 :                     	; de - instrument data
(1) 1401/     6D0 : FE FF               		cp	-1			; Found any link?
(1) 1402/     6D2 : C8                  		ret	z
(1) 1403/     6D3 : 23                  		inc	hl			; MANUAL SETTING ztbl_MasterVol
(1) 1404/     6D4 : 23                  		inc	hl
(1) 1405/     6D5 : 23                  		inc	hl
(1) 1406/     6D6 : 23                  		inc	hl
(1) 1407/     6D7 : CF                  		rst	8
(1) 1408/     6D8 : FD 7E 0E            		ld	a,(iy+seq_VolMaster)
(1) 1409/     6DB : 77                  		ld	(hl),a
(1) 1410/     6DC : 01 06 00            		ld	bc,ztbl_InstCach-4	; Move to instr data
(1) 1411/     6DF : 09                  		add	hl,bc
(1) 1412/     6E0 : EB                  		ex	hl,de			; <-- swap for ldir
(1) 1413/     6E1 : 01 08 00            		ld	bc,8
(1) 1414/     6E4 : ED B0               		ldir				; COPYPASTE instr data from temporal
(1) 1415/     6E6 : C9                  		ret
(1) 1416/     6E7 :                     
(1) 1417/     6E7 :                     ; ----------------------------------------
(1) 1418/     6E7 :                     ; Search for a linked channel on the
(1) 1419/     6E7 :                     ; chip table
(1) 1420/     6E7 :                     ;
(1) 1421/     6E7 :                     ; Input:
(1) 1422/     6E7 :                     ; iy - Track buffer
(1) 1423/     6E7 :                     ; ix - Current channel
(1) 1424/     6E7 :                     ; hl - Intrument data
(1) 1425/     6E7 :                     ;
(1) 1426/     6E7 :                     ; Returns:
(1) 1427/     6E7 :                     ; hl | Channel table to use
(1) 1428/     6E7 :                     ;  a | Return value:
(1) 1429/     6E7 :                     ;       0 | Found
(1) 1430/     6E7 :                     ;      -1 | Not found
(1) 1431/     6E7 :                     ; ----------------------------------------
(1) 1432/     6E7 :                     
(1) 1433/     6E7 :                     .grab_link:
(1) 1434/     6E7 : 7E                  		ld	a,(hl)
(1) 1435/     6E8 : E6 F0               		and	11110000b
(1) 1436/     6EA : 5F                  		ld	e,a			; e - NEW chip
(1) 1437/     6EB : DD 7E 01            		ld	a,(ix+chnl_Chip)	; a - CURRENT chip in this channel
(1) 1438/     6EE : E6 F0               		and	11110000b
(1) 1439/     6F0 : 28 72               		jr	z,.new_chip		; If current is blank, it's a NEW chip
(1) 1440/     6F2 : BB                  		cp 	e			; CURRENT chip is same as NEW?
(1) 1441/     6F3 : 28 11               		jr	z,.same_link		; If yes, check linked channel.
(1) 1442/     6F5 : CF                  		rst	8
(1) 1443/     6F6 : 57                  		ld	d,a			; d - Chip to silence
(1) 1444/     6F7 : D5                  		push	de
(1) 1445/     6F8 : CD 12 07            		call	.srch_link		; Search OLD link
(1) 1446/     6FB : D1                  		pop	de
(1) 1447/     6FC : FE FF               		cp	-1
(1) 1448/     6FE : 28 03               		jr	z,.dont_res
(1) 1449/     700 : CD 21 0F            		call	tblz_clear
(1) 1450/     703 :                     .dont_res:
(1) 1451/     703 : CF                  		rst	8
(1) 1452/     704 : 18 5E               		jr	.new_chip
(1) 1453/     706 :                     .same_link:
(1) 1454/     706 : CD 12 07            		call	.srch_link		; Search link
(1) 1455/     709 : FE FF               		cp	-1
(1) 1456/     70B : C0                  		ret	nz
(1) 1457/     70C : DD 5E 01            		ld	e,(ix+chnl_Chip)
(1) 1458/     70F : CF                  		rst	8
(1) 1459/     710 : 18 52               		jr	.new_chip
(1) 1460/     712 :                     
(1) 1461/     712 :                     ; ----------------------------------------
(1) 1462/     712 :                     ; Search same link
(1) 1463/     712 :                     ;
(1) 1464/     712 :                     ; a - Chip to search for
(1) 1465/     712 :                     ; e - NEW chip
(1) 1466/     712 :                     ; ----------------------------------------
(1) 1467/     712 :                     
(1) 1468/     712 :                     .srch_link:
(1) 1469/     712 : CD D9 07            		call	.pick_tbl		; Pick chip table in hl
(1) 1470/     715 : DD E5               		push	ix			; Copy ix to bc for checking
(1) 1471/     717 : C1                  		pop	bc
(1) 1472/     718 : B7                  		or	a			; Single table?
(1) 1473/     719 : FA 30 07            		jp	m,.singl_link
(1) 1474/     71C :                     .srch_lloop:
(1) 1475/     71C : 7E                  		ld	a,(hl)			; Read Table's LSB
(1) 1476/     71D : FE FF               		cp	-1			; If -1 (EOL) also return -1
(1) 1477/     71F : 28 3F               		jr	z,.not_samel
(1) 1478/     721 : B9                  		cp	c			; Same link LSB?
(1) 1479/     722 : 20 07               		jr	nz,.invldl
(1) 1480/     724 : 23                  		inc	hl
(1) 1481/     725 : CF                  		rst	8
(1) 1482/     726 : 7E                  		ld	a,(hl)
(1) 1483/     727 : 2B                  		dec	hl
(1) 1484/     728 : B8                  		cp	b			; Same link MSB?
(1) 1485/     729 : 28 13               		jr	z,.got_link
(1) 1486/     72B :                     .invldl:
(1) 1487/     72B : CD D0 07            		call	.nextsrch_tbl
(1) 1488/     72E : 18 EC               		jr	.srch_lloop
(1) 1489/     730 :                     
(1) 1490/     730 :                     ; --------------------------------
(1) 1491/     730 :                     ; PSGN/FM3/FM6/PCO
(1) 1492/     730 :                     ; --------------------------------
(1) 1493/     730 :                     
(1) 1494/     730 :                     .singl_link:
(1) 1495/     730 : 23                  		inc	hl			; Read MSB first
(1) 1496/     731 : 7E                  		ld	a,(hl)
(1) 1497/     732 : 2B                  		dec	hl
(1) 1498/     733 : CF                  		rst	8
(1) 1499/     734 : B8                  		cp	b			; MSB match?
(1) 1500/     735 : 20 29               		jr	nz,.not_samel
(1) 1501/     737 : 7E                  		ld	a,(hl)			; Read LSB
(1) 1502/     738 : B9                  		cp	c
(1) 1503/     739 : 20 25               		jr	nz,.not_samel
(1) 1504/     73B : C3 62 07            		jp	.rnot_psg
(1) 1505/     73E :                     
(1) 1506/     73E :                     ; ----------------------------------------
(1) 1507/     73E :                     ; Got the link, do special checks
(1) 1508/     73E :                     ; ----------------------------------------
(1) 1509/     73E :                     
(1) 1510/     73E :                     .got_link:
(1) 1511/     73E : E5                  		push	hl
(1) 1512/     73F : 23                  		inc	hl
(1) 1513/     740 : 23                  		inc	hl
(1) 1514/     741 : 23                  		inc	hl		; <-- ztbl_Chip
(1) 1515/     742 : CF                  		rst	8
(1) 1516/     743 : 4E                  		ld	c,(hl)		; c - ID
(1) 1517/     744 : E1                  		pop	hl
(1) 1518/     745 :                     	; PSG3/PSGN check
(1) 1519/     745 : 7B                  		ld	a,e
(1) 1520/     746 : FE 80               		cp	80h		; PSG?
(1) 1521/     748 : 20 18               		jr	nz,.rnot_psg
(1) 1522/     74A : 3A 2F 00            		ld	a,(psgHatMode)	; Tone3 enabled?
(1) 1523/     74D : E6 03               		and	011b
(1) 1524/     74F : FE 03               		cp	011b
(1) 1525/     751 : 20 0F               		jr	nz,.rnot_psg
(1) 1526/     753 : 79                  		ld	a,c		; Channel 2? (PSG3)
(1) 1527/     754 : FE 02               		cp	2
(1) 1528/     756 : 20 0A               		jr	nz,.rnot_psg
(1) 1529/     758 : CF                  		rst	8
(1) 1530/     759 : D5                  		push	de
(1) 1531/     75A : 16 80               		ld	d,80h		; Force silence
(1) 1532/     75C : CD 21 0F            		call	tblz_clear
(1) 1533/     75F : D1                  		pop	de
(1) 1534/     760 :                     .not_samel:
(1) 1535/     760 : 18 52               		jr	.set_asfull
(1) 1536/     762 :                     .rnot_psg:
(1) 1537/     762 : AF                  		xor	a
(1) 1538/     763 : C9                  		ret
(1) 1539/     764 :                     
(1) 1540/     764 :                     ; ----------------------------------------
(1) 1541/     764 :                     ; *** NEW CHIP ***
(1) 1542/     764 :                     ;
(1) 1543/     764 :                     ; Input:
(1) 1544/     764 :                     ; e - Chip to set
(1) 1545/     764 :                     ; ----------------------------------------
(1) 1546/     764 :                     
(1) 1547/     764 :                     .new_chip:
(1) 1548/     764 : 7B                  		ld	a,e			; Read NEW chip
(1) 1549/     765 : B7                  		or	a
(1) 1550/     766 : F2 B4 07            		jp	p,.set_asfull		; If Null, mark as full
(1) 1551/     769 : CD D9 07            		call	.pick_tbl		; Pick chip table
(1) 1552/     76C : CF                  		rst	8
(1) 1553/     76D : FD 4E 14            		ld	c,(iy+seq_Priority)	; c - Seq priority level
(1) 1554/     770 : B7                  		or	a			; Chip is single?
(1) 1555/     771 : FA 9F 07            		jp	m,.singl_free
(1) 1556/     774 : E5                  		push	hl			; Backup START table
(1) 1557/     775 :                     ; PASS 1
(1) 1558/     775 :                     .srch_free:
(1) 1559/     775 : 7E                  		ld	a,(hl)			; Read LSB
(1) 1560/     776 : FE FF               		cp	-1			; If -1, return -1
(1) 1561/     778 : 28 0F               		jr	z,.pass_2
(1) 1562/     77A : 23                  		inc	hl
(1) 1563/     77B : 46                  		ld	b,(hl)			; Read MSB
(1) 1564/     77C : 2B                  		dec	hl
(1) 1565/     77D : B0                  		or	b
(1) 1566/     77E : 28 05               		jr	z,.found_tnew
(1) 1567/     780 : CD D0 07            		call	.nextsrch_tbl
(1) 1568/     783 : 18 F0               		jr	.srch_free
(1) 1569/     785 :                     .found_tnew:
(1) 1570/     785 : 33                  		inc	sp			; skip backup
(1) 1571/     786 : 33                  		inc	sp
(1) 1572/     787 : 18 36               		jr	.new_link
(1) 1573/     789 :                     ; PASS 2
(1) 1574/     789 :                     .pass_2:
(1) 1575/     789 : E1                  		pop	hl			; Recover START
(1) 1576/     78A :                     .next_prio:
(1) 1577/     78A : 7E                  		ld	a,(hl)			; Read LSB
(1) 1578/     78B : FE FF               		cp	-1			; If -1, return -1
(1) 1579/     78D : C8                  		ret	z
(1) 1580/     78E : 23                  		inc	hl
(1) 1581/     78F : 23                  		inc	hl
(1) 1582/     790 : 7E                  		ld	a,(hl)			; Read priority
(1) 1583/     791 : 2B                  		dec	hl
(1) 1584/     792 : 2B                  		dec	hl
(1) 1585/     793 : B7                  		or	a			; Failsafe zero priority overwrite
(1) 1586/     794 : 28 21               		jr	z,.ovrw_link
(1) 1587/     796 : B9                  		cp	c
(1) 1588/     797 : 38 1E               		jr	c,.ovrw_link		; PRIORITY
(1) 1589/     799 : CF                  		rst	8
(1) 1590/     79A : CD D0 07            		call	.nextsrch_tbl
(1) 1591/     79D : 18 EB               		jr	.next_prio
(1) 1592/     79F :                     
(1) 1593/     79F :                     ; ----------------------------------------
(1) 1594/     79F :                     ; Single slot PSGN/FM3/FM6 and PCO
(1) 1595/     79F :                     ;
(1) 1596/     79F :                     ; c - priority
(1) 1597/     79F :                     ; e - chip
(1) 1598/     79F :                     ; ----------------------------------------
(1) 1599/     79F :                     
(1) 1600/     79F :                     .singl_free:
(1) 1601/     79F : E5                  		push	hl
(1) 1602/     7A0 : 46                  		ld	b,(hl)
(1) 1603/     7A1 : 23                  		inc	hl
(1) 1604/     7A2 : 7E                  		ld	a,(hl)
(1) 1605/     7A3 : 23                  		inc	hl
(1) 1606/     7A4 : 56                  		ld	d,(hl)		; this prio
(1) 1607/     7A5 : E1                  		pop	hl
(1) 1608/     7A6 : B0                  		or	b
(1) 1609/     7A7 : 28 0E               		jr	z,.ovrw_link
(1) 1610/     7A9 : CF                  		rst	8
(1) 1611/     7AA : 7A                  		ld	a,d
(1) 1612/     7AB : B7                  		or	a
(1) 1613/     7AC : 28 09               		jr	z,.ovrw_link
(1) 1614/     7AE : B9                  		cp	c
(1) 1615/     7AF : 38 06               		jr	c,.ovrw_link	; PRIORITY
(1) 1616/     7B1 : 28 04               		jr	z,.ovrw_link	; <-- ALWAYS overwrite
(1) 1617/     7B3 : CF                  		rst	8
(1) 1618/     7B4 :                     .set_asfull:
(1) 1619/     7B4 : 3E FF               		ld	a,-1		; Return -1
(1) 1620/     7B6 : C9                  		ret
(1) 1621/     7B7 :                     
(1) 1622/     7B7 :                     ; ----------------------------------------
(1) 1623/     7B7 :                     
(1) 1624/     7B7 :                     .ovrw_link:
(1) 1625/     7B7 : E5                  		push	hl
(1) 1626/     7B8 : DD 56 01            		ld	d,(ix+chnl_Chip)
(1) 1627/     7BB : CD 21 0F            		call	tblz_clear
(1) 1628/     7BE : E1                  		pop	hl
(1) 1629/     7BF :                     .new_link:
(1) 1630/     7BF : CF                  		rst	8
(1) 1631/     7C0 : 23                  		inc	hl
(1) 1632/     7C1 : 23                  		inc	hl
(1) 1633/     7C2 :                     ; hl+2
(1) 1634/     7C2 :                     .l_hiprio:
(1) 1635/     7C2 : DD 73 01            		ld	(ix+chnl_Chip),e
(1) 1636/     7C5 : DD E5               		push	ix
(1) 1637/     7C7 : D1                  		pop	de
(1) 1638/     7C8 : 71                  		ld	(hl),c		; Write priority
(1) 1639/     7C9 : 2B                  		dec	hl
(1) 1640/     7CA : CF                  		rst	8
(1) 1641/     7CB : 72                  		ld 	(hl),d		; MSB
(1) 1642/     7CC : 2B                  		dec	hl
(1) 1643/     7CD : 73                  		ld	(hl),e		; LSB
(1) 1644/     7CE : AF                  		xor	a		; Return OK
(1) 1645/     7CF : C9                  		ret
(1) 1646/     7D0 :                     
(1) 1647/     7D0 :                     ; ----------------------------------------
(1) 1648/     7D0 :                     
(1) 1649/     7D0 :                     .nextsrch_tbl:
(1) 1650/     7D0 : CF                  		rst	8
(1) 1651/     7D1 : 00                  		nop
(1) 1652/     7D2 : D5                  		push	de
(1) 1653/     7D3 : 11 12 00            		ld	de,MAX_TBLSIZE
(1) 1654/     7D6 : 19                  		add	hl,de
(1) 1655/     7D7 : D1                  		pop	de
(1) 1656/     7D8 : C9                  		ret
(1) 1657/     7D9 :                     
(1) 1658/     7D9 :                     ; ----------------------------------------
(1) 1659/     7D9 :                     ; Pick chip table
(1) 1660/     7D9 :                     ;
(1) 1661/     7D9 :                     ; Input:
(1) 1662/     7D9 :                     ; a  - Chip ID
(1) 1663/     7D9 :                     ;
(1) 1664/     7D9 :                     ; Output:
(1) 1665/     7D9 :                     ; hl - Current table
(1) 1666/     7D9 :                     ; a  - bit 7 only: multi or single table
(1) 1667/     7D9 :                     ; ----------------------------------------
(1) 1668/     7D9 :                     
(1) 1669/     7D9 :                     .pick_tbl:
(1) 1670/     7D9 : D5                  		push	de
(1) 1671/     7DA : 0F                  		rrca
(1) 1672/     7DB : 0F                  		rrca
(1) 1673/     7DC : 0F                  		rrca
(1) 1674/     7DD : 0F                  		rrca
(1) 1675/     7DE : E6 07               		and	00000111b
(1) 1676/     7E0 : 87                  		add	a,a
(1) 1677/     7E1 : 21 00 1A            		ld	hl,tblList
(1) 1678/     7E4 : E5                  		push	hl
(1) 1679/     7E5 : 16 00               		ld	d,0
(1) 1680/     7E7 : 5F                  		ld	e,a
(1) 1681/     7E8 : 19                  		add	hl,de
(1) 1682/     7E9 : 5E                  		ld	e,(hl)
(1) 1683/     7EA : 23                  		inc	hl
(1) 1684/     7EB : 7E                  		ld	a,(hl)
(1) 1685/     7EC : 57                  		ld	d,a
(1) 1686/     7ED : E6 80               		and	10000000b
(1) 1687/     7EF : CB BA               		res	7,d
(1) 1688/     7F1 : E1                  		pop	hl
(1) 1689/     7F2 : 19                  		add	hl,de
(1) 1690/     7F3 : D1                  		pop	de
(1) 1691/     7F4 : C9                  		ret
(1) 1692/     7F5 :                     
(1) 1693/     7F5 :                     ; ============================================
(1) 1694/     7F5 :                     ; ----------------------------------------
(1) 1695/     7F5 :                     ; Process chip using it's table
(1) 1696/     7F5 :                     ;
(1) 1697/     7F5 :                     ; iy - table to read
(1) 1698/     7F5 :                     ; ----------------------------------------
(1) 1699/     7F5 :                     
(1) 1700/     7F5 :                     dtbl_multi:
(1) 1701/     7F5 : FD 7E 00            		ld	a,(iy)
(1) 1702/     7F8 : FE FF               		cp	-1
(1) 1703/     7FA : C8                  		ret	z
(1) 1704/     7FB : CF                  		rst	8
(1) 1705/     7FC : CD 09 08            		call	dtbl_singl
(1) 1706/     7FF : 11 12 00            		ld	de,MAX_TBLSIZE
(1) 1707/     802 : FD 19               		add	iy,de
(1) 1708/     804 : CF                  		rst	8
(1) 1709/     805 : 00                  		nop
(1) 1710/     806 : 00                  		nop
(1) 1711/     807 : 18 EC               		jr	dtbl_multi
(1) 1712/     809 :                     dtbl_singl:
(1) 1713/     809 : FD 5E 00            		ld	e,(iy)			; Read link
(1) 1714/     80C : FD 56 01            		ld	d,(iy+1)
(1) 1715/     80F : 7A                  		ld	a,d			; If no-zero, active
(1) 1716/     810 : B3                  		or	e
(1) 1717/     811 : 20 65               		jr	nz,.linked
(1) 1718/     813 : FD 7E 02            		ld	a,(iy+ztbl_Priority)	; Silence request?
(1) 1719/     816 : B7                  		or	a
(1) 1720/     817 : F0                  		ret	p			; Return if not.
(1) 1721/     818 : CF                  		rst	8
(1) 1722/     819 : FD 36 02 00         		ld	(iy+ztbl_Priority),0	; Reset request on memory
(1) 1723/     81D :                     
(1) 1724/     81D :                     ; ----------------------------------------
(1) 1725/     81D :                     ; chip-silence request
(1) 1726/     81D :                     ; iy - Table
(1) 1727/     81D :                     
(1) 1728/     81D : 06 00               		ld	b,0
(1) 1729/     81F : FD 4E 03            		ld	c,(iy+ztbl_Chip)
(1) 1730/     822 : E6 F0               		and	11110000b
(1) 1731/     824 : FE 80               		cp	cht_PSG
(1) 1732/     826 : 28 22               		jr	z,.siln_psg
(1) 1733/     828 : FE 90               		cp	cht_PSGN
(1) 1734/     82A : 28 1A               		jr	z,.siln_psg_n
(1) 1735/     82C : FE A0               		cp	cht_FM
(1) 1736/     82E : 28 42               		jr	z,.siln_fm
(1) 1737/     830 : FE B0               		cp	cht_FM3sp
(1) 1738/     832 : 28 3E               		jr	z,.siln_fm
(1) 1739/     834 : CF                  		rst	8
(1) 1740/     835 : FE C0               		cp	cht_FM6DAC
(1) 1741/     837 : 28 36               		jr	z,.siln_dac
(1) 1742/     839 : FE D0               		cp	cht_PCM
(1) 1743/     83B : 28 13               		jr	z,.siln_pcm
(1) 1744/     83D : FE E0               		cp	cht_PWM
(1) 1745/     83F : 28 20               		jr	z,.siln_pwm
(1) 1746/     841 :                     		
(1) 1747/     841 :                     		;!@
(1) 1748/     841 : FE F0               		cp	cht_PCO
(1) 1749/     843 : 28 29               		jr	z,.siln_pco
(1) 1750/     845 : C9                  		ret
(1) 1751/     846 :                     .siln_psg_n:
(1) 1752/     846 : AF                  		xor	a
(1) 1753/     847 : 32 2F 00            		ld	(psgHatMode),a
(1) 1754/     84A :                     .siln_psg:
(1) 1755/     84A : CF                  		rst	8
(1) 1756/     84B : 21 38 15            		ld	hl,psgcom
(1) 1757/     84E : 18 1A               		jr	.rcyl_com
(1) 1758/     850 :                     
(1) 1759/     850 :                     ; --------------------------------
(1) 1760/     850 :                     
(1) 1761/     850 :                     .siln_pcm:
(1) 1762/     850 : 3E 01               		ld	a,1
(1) 1763/     852 : 32 BF 17            		ld	(mcdUpd),a
(1) 1764/     855 : CF                  		rst	8
(1) 1765/     856 : 21 E0 14            		ld	hl,pcmcom+32
(1) 1766/     859 : 09                  		add	hl,bc
(1) 1767/     85A : 36 FF               		ld	(hl),-1
(1) 1768/     85C : 21 C0 14            		ld	hl,pcmcom
(1) 1769/     85F : 18 09               		jr	.rcyl_com
(1) 1770/     861 :                     .siln_pwm:
(1) 1771/     861 : 3E 01               		ld	a,1
(1) 1772/     863 : 32 BE 17            		ld	(marsUpd),a
(1) 1773/     866 : CF                  		rst	8
(1) 1774/     867 : 21 00 15            		ld	hl,pwmcom
(1) 1775/     86A :                     .rcyl_com:
(1) 1776/     86A : 09                  		add	hl,bc
(1) 1777/     86B : 36 04               		ld	(hl),100b	; key-cut
(1) 1778/     86D : C9                  		ret
(1) 1779/     86E :                     		
(1) 1780/     86E :                     ;!@ 
(1) 1781/     86E :                     .siln_pco:
(1) 1782/     86E :                     		;call	pco_off	;!@
(1) 1783/     86E :                     		;!@ rst	8
(1) 1784/     86E : C9                  		ret
(1) 1785/     86F :                     
(1) 1786/     86F :                     ; --------------------------------
(1) 1787/     86F :                     
(1) 1788/     86F :                     .siln_dac:
(1) 1789/     86F : CD 0D 12            		call	dac_off
(1) 1790/     872 :                     .siln_fm:
(1) 1791/     872 : CD 7B 0A            		call	.fm_tloff
(1) 1792/     875 : C3 73 0A            		jp	.fm_keyoff
(1) 1793/     878 :                     
(1) 1794/     878 :                     ; ----------------------------------------
(1) 1795/     878 :                     ; Process channel now
(1) 1796/     878 :                     ; iy - Table
(1) 1797/     878 :                     ; ix - Tracker channel
(1) 1798/     878 :                     .linked:
(1) 1799/     878 : 1A                  		ld	a,(de)		; ** chnl_Flags
(1) 1800/     879 : 47                  		ld	b,a		; b - flags to check
(1) 1801/     87A : E6 0F               		and	00001111b	; evin flags?
(1) 1802/     87C : C8                  		ret	z
(1) 1803/     87D : 78                  		ld	a,b
(1) 1804/     87E : E6 F0               		and	11110000b	; Keep OTHER bits
(1) 1805/     880 : 12                  		ld	(de),a		; ** clear chnl_Flags
(1) 1806/     881 : CF                  		rst	8
(1) 1807/     882 : FD E5               		push	iy		; table+10h instrment data
(1) 1808/     884 : D5                  		push	de
(1) 1809/     885 : DD E1               		pop	ix
(1) 1810/     887 : E1                  		pop	hl
(1) 1811/     888 : 11 0A 00            		ld	de,ztbl_InstCach	; Go to stored inst data
(1) 1812/     88B : 19                  		add	hl,de
(1) 1813/     88C :                     	; --------------------------------
(1) 1814/     88C :                     	;  b - Flags LR00evin (Eff|Vol|Ins|Note)
(1) 1815/     88C :                     	; iy - Our chip table
(1) 1816/     88C :                     	; ix - Track channel
(1) 1817/     88C :                     	; hl - Intrument data
(1) 1818/     88C : 78                  		ld	a,b		; Note and/or Inst?
(1) 1819/     88D : E6 03               		and	0011b
(1) 1820/     88F : C4 BA 08            		call	nz,.reset_effc	; Reset effects
(1) 1821/     892 : CB 50               		bit	2,b		; Volume
(1) 1822/     894 : C4 25 0D            		call	nz,.volu
(1) 1823/     897 : CF                  		rst	8
(1) 1824/     898 : CB 40               		bit	0,b		; Note
(1) 1825/     89A : C4 CE 0E            		call	nz,.note
(1) 1826/     89D : CB 48               		bit	1,b		; Intrument
(1) 1827/     89F : C4 2E 0D            		call	nz,.inst
(1) 1828/     8A2 : CB 58               		bit	3,b		; Effect
(1) 1829/     8A4 : C4 3A 0C            		call	nz,.effc
(1) 1830/     8A7 : 7E                  		ld	a,(hl)		; Read INS type
(1) 1831/     8A8 : E6 70               		and	01110000b	; Filter bits
(1) 1832/     8AA : 0F                  		rrca
(1) 1833/     8AB : CF                  		rst	8
(1) 1834/     8AC : 0F                  		rrca
(1) 1835/     8AD : 0F                  		rrca
(1) 1836/     8AE : 16 00               		ld	d,0
(1) 1837/     8B0 : 5F                  		ld	e,a
(1) 1838/     8B1 : 21 C7 08            		ld	hl,.mk_list
(1) 1839/     8B4 : 19                  		add	hl,de
(1) 1840/     8B5 : 7E                  		ld	a,(hl)
(1) 1841/     8B6 : 23                  		inc	hl
(1) 1842/     8B7 : 66                  		ld	h,(hl)
(1) 1843/     8B8 : 6F                  		ld	l,a
(1) 1844/     8B9 : E9                  		jp	(hl)
(1) 1845/     8BA :                     .reset_effc:
(1) 1846/     8BA : FD 36 06 00         		ld	(iy+ztbl_PitchBend),0
(1) 1847/     8BE : FD 36 08 00         		ld	(iy+ztbl_VolSlide),0
(1) 1848/     8C2 : FD 36 07 00         		ld	(iy+ztbl_Volume),0
(1) 1849/     8C6 : C9                  		ret
(1) 1850/     8C7 :                     
(1) 1851/     8C7 :                     ; --------------------------------
(1) 1852/     8C7 :                     .mk_list:
(1) 1853/     8C7 : D7 08               		dw .mk_psg			;0
(1) 1854/     8C9 : D7 08               		dw .mk_psg			;1
(1) 1855/     8CB : 8A 09               		dw .mk_fm			;2
(1) 1856/     8CD : 0E 0A               		dw .mk_fm_sp		;3
(1) 1857/     8CF : C2 0B               		dw .mk_dac			;4
(1) 1858/     8D1 : 18 0C               		dw .mk_pcm			;5
(1) 1859/     8D3 : 19 0C               		dw .mk_pwm			;6
(1) 1860/     8D5 : 38 0C               		dw .mk_pco			;!@ 7
(1) 1861/     8D7 :                     
(1) 1862/     8D7 :                     ; --------------------------------
(1) 1863/     8D7 :                     ; PSG and PSGN
(1) 1864/     8D7 :                     ; --------------------------------
(1) 1865/     8D7 :                     
(1) 1866/     8D7 :                     .mk_psg:
(1) 1867/     8D7 : DD 4E 02            		ld	c,(ix+chnl_Note)	; c - Note
(1) 1868/     8DA : DD E5               		push	ix			; * Save ix
(1) 1869/     8DC : CF                  		rst	8
(1) 1870/     8DD : DD 21 38 15         		ld	ix,psgcom		; ix - psgcom
(1) 1871/     8E1 : 16 00               		ld	d,0
(1) 1872/     8E3 : FD 5E 03            		ld	e,(iy+ztbl_Chip)
(1) 1873/     8E6 : DD 19               		add	ix,de			; Get com index
(1) 1874/     8E8 : 78                  		ld	a,b			; New NOTE and/or INS?
(1) 1875/     8E9 : E6 03               		and	0011b
(1) 1876/     8EB : 28 4A               		jr	z,.psgc_proc		; Process only
(1) 1877/     8ED : 79                  		ld	a,c			; c - Note
(1) 1878/     8EE : B7                  		or	a
(1) 1879/     8EF : C8                  		ret	z
(1) 1880/     8F0 : CF                  		rst	8
(1) 1881/     8F1 : FE FE               		cp	-2			; Key cut?
(1) 1882/     8F3 : 28 32               		jr	z,.kycut_psg
(1) 1883/     8F5 : FE FF               		cp	-1			; Key off?
(1) 1884/     8F7 : 28 22               		jr	z,.kyoff_psg
(1) 1885/     8F9 : DD 36 00 01         		ld	(ix+COM),001b		; Set Key ON
(1) 1886/     8FD : 7B                  		ld	a,e			; a - Channel 0-3
(1) 1887/     8FE : 11 00 00            		ld	de,0			; Clear de
(1) 1888/     901 : FE 03               		cp	3			; NOISE channel?
(1) 1889/     903 : 20 0E               		jr	nz,.not_ns
(1) 1890/     905 : CF                  		rst	8
(1) 1891/     906 : 3A 2F 00            		ld	a,(psgHatMode)		; Tone 3?
(1) 1892/     909 : E6 03               		and	011b
(1) 1893/     90B : FE 03               		cp	011b
(1) 1894/     90D : C2 5A 09            		jp	nz,.psg_keyon		; Normal
(1) 1895/     910 : 11 18 00            		ld	de,12*2			; Add octave to freq
(1) 1896/     913 :                     .not_ns:
(1) 1897/     913 : CD 75 09            		call	.psg_getfreq
(1) 1898/     916 : 18 26               		jr	.psgc_keyon
(1) 1899/     918 :                     
(1) 1900/     918 :                     ; --------------------------------
(1) 1901/     918 :                     ; -1
(1) 1902/     918 :                     .kyoff_psgn:
(1) 1903/     918 : CD 30 09            		call	.kypsgn_hatoff
(1) 1904/     91B :                     .kyoff_psg:
(1) 1905/     91B : DD 36 00 02         		ld	(ix),010b		; Write key off
(1) 1906/     91F : DD E1               		pop	ix			; * Restore ix
(1) 1907/     921 : C3 1A 0F            		jp	.chnl_ulnk
(1) 1908/     924 :                     
(1) 1909/     924 :                     ; --------------------------------
(1) 1910/     924 :                     ; -2
(1) 1911/     924 :                     .kycut_psgn:
(1) 1912/     924 : CD 30 09            		call	.kypsgn_hatoff
(1) 1913/     927 :                     .kycut_psg:
(1) 1914/     927 : DD 36 00 04         		ld	(ix),100b		; Write key cut
(1) 1915/     92B : DD E1               		pop	ix			; * Restore ix
(1) 1916/     92D : C3 1A 0F            		jp	.chnl_ulnk
(1) 1917/     930 :                     
(1) 1918/     930 :                     
(1) 1919/     930 :                     .kypsgn_hatoff:
(1) 1920/     930 : 3E 00               		ld	a,000b
(1) 1921/     932 : 32 2F 00            		ld	(psgHatMode),a		; ** GLOBAL SETTING
(1) 1922/     935 : CF                  		rst	8
(1) 1923/     936 : C9                  		ret
(1) 1924/     937 :                     
(1) 1925/     937 :                     ; --------------------------------
(1) 1926/     937 :                     ; hl - current freq
(1) 1927/     937 :                     ; ix - psgcom
(1) 1928/     937 :                     ; b - flags
(1) 1929/     937 :                     
(1) 1930/     937 :                     .psgc_proc:
(1) 1931/     937 : CF                  		rst	8
(1) 1932/     938 : DD 6E 1C            		ld	l,(ix+DTL)		; Read saved freq
(1) 1933/     93B : DD 66 20            		ld	h,(ix+DTH)
(1) 1934/     93E :                     .psgc_keyon:
(1) 1935/     93E : FD 7E 06            		ld	a,(iy+ztbl_PitchBend)	; pitchbend
(1) 1936/     941 : B7                  		or	a
(1) 1937/     942 : CA 54 09            		jp	z,.no_req
(1) 1938/     945 : ED 44               		neg	a
(1) 1939/     947 : 5F                  		ld	e,a
(1) 1940/     948 : 4F                  		ld	c,a
(1) 1941/     949 : AF                  		xor	a
(1) 1942/     94A : FD 77 06            		ld	(iy+ztbl_PitchBend),a
(1) 1943/     94D : 3F                  		ccf
(1) 1944/     94E : CB 21               		sla	c
(1) 1945/     950 : 9F                  		sbc	a,a
(1) 1946/     951 : 57                  		ld	d,a
(1) 1947/     952 : CF                  		rst	8
(1) 1948/     953 : 19                  		add	hl,de
(1) 1949/     954 :                     .no_req:
(1) 1950/     954 : DD 75 1C            		ld	(ix+DTL),l
(1) 1951/     957 : DD 74 20            		ld	(ix+DTH),h
(1) 1952/     95A :                     .psg_keyon:
(1) 1953/     95A : FD 7E 08            		ld	a,(iy+ztbl_VolSlide)
(1) 1954/     95D : 87                  		add	a,a
(1) 1955/     95E : 5F                  		ld	e,a
(1) 1956/     95F : FD 7E 07            		ld	a,(iy+ztbl_Volume)	; Set current Volume
(1) 1957/     962 : 93                  		sub	a,e
(1) 1958/     963 : FD 96 04            		sub	a,(iy+ztbl_MasterVol)	; + MASTER vol
(1) 1959/     966 : ED 44               		neg	a
(1) 1960/     968 : CF                  		rst	8
(1) 1961/     969 : 87                  		add	a,a
(1) 1962/     96A : 87                  		add	a,a
(1) 1963/     96B : 30 02               		jr	nc,.vmuch
(1) 1964/     96D : 3E FF               		ld	a,-1
(1) 1965/     96F :                     .vmuch:
(1) 1966/     96F : DD 77 30            		ld	(ix+MVOL),a
(1) 1967/     972 : DD E1               		pop	ix			; * Restore ix
(1) 1968/     974 : C9                  		ret
(1) 1969/     975 :                     
(1) 1970/     975 :                     ; --------------------------------
(1) 1971/     975 :                     ; de - increment
(1) 1972/     975 :                     
(1) 1973/     975 :                     .psg_getfreq:
(1) 1974/     975 : 21 F6 12            		ld	hl,psgFreq_List-(36*2)
(1) 1975/     978 : 19                  		add	hl,de
(1) 1976/     979 : FD 5E 05            		ld	e,(iy+ztbl_FreqIndx)	; de - note*2
(1) 1977/     97C : 19                  		add	hl,de
(1) 1978/     97D : 7E                  		ld	a,(hl)
(1) 1979/     97E : 23                  		inc	hl
(1) 1980/     97F : CF                  		rst	8
(1) 1981/     980 : 66                  		ld	h,(hl)
(1) 1982/     981 : 6F                  		ld	l,a
(1) 1983/     982 : 3A 88 1F            		ld	a,(palMode)
(1) 1984/     985 : B7                  		or	a
(1) 1985/     986 : 28 01               		jr	z,.fnot_pal
(1) 1986/     988 : 2B                  		dec	hl
(1) 1987/     989 :                     .fnot_pal:
(1) 1988/     989 : C9                  		ret
(1) 1989/     98A :                     
(1) 1990/     98A :                     ; --------------------------------
(1) 1991/     98A :                     ; FM
(1) 1992/     98A :                     ; --------------------------------
(1) 1993/     98A :                     
(1) 1994/     98A :                     .mk_fm:
(1) 1995/     98A : FD 4E 03            		ld	c,(iy+ztbl_Chip)	; c - YM key
(1) 1996/     98D : 78                  		ld	a,b			; Get NOTE and/or INS?
(1) 1997/     98E : E6 03               		and	0011b
(1) 1998/     990 : 28 32               		jr	z,.mkfm_proc		; Process only
(1) 1999/     992 : DD 7E 02            		ld	a,(ix+chnl_Note)	; Get IT note
(1) 2000/     995 : B7                  		or	a
(1) 2001/     996 : C8                  		ret	z
(1) 2002/     997 : FE FE               		cp	-2			; Key-cut?
(1) 2003/     999 : CA 67 0A            		jp	z,.fm_cut
(1) 2004/     99C : CF                  		rst	8
(1) 2005/     99D : FE FF               		cp	-1			; Key-off?
(1) 2006/     99F : CA 5E 0A            		jp	z,.fm_off
(1) 2007/     9A2 : CD 73 0A            		call	.fm_keyoff		; Turn FM keys off
(1) 2008/     9A5 : 79                  		ld	a,c
(1) 2009/     9A6 : FE 06               		cp	6			; Check FM6
(1) 2010/     9A8 : 20 05               		jr	nz,.not_dac
(1) 2011/     9AA : CD 0D 12            		call	dac_off			; Turn DAC off
(1) 2012/     9AD : 18 15               		jr	.mkfm_proc
(1) 2013/     9AF :                     .not_dac:
(1) 2014/     9AF : FE 02               		cp	2			; Check FM3
(1) 2015/     9B1 : 20 11               		jr	nz,.mkfm_proc
(1) 2016/     9B3 : 3A 30 00            		ld	a,(fmSpecial)		; FM3 Special active?
(1) 2017/     9B6 : B7                  		or	a
(1) 2018/     9B7 : 28 0B               		jr	z,.mkfm_proc
(1) 2019/     9B9 : CF                  		rst	8
(1) 2020/     9BA : AF                  		xor	a
(1) 2021/     9BB : 32 30 00            		ld	(fmSpecial),a
(1) 2022/     9BE : 11 00 27            		ld	de,2700h		; Turn FM3 Special OFF
(1) 2023/     9C1 : CD E2 11            		call	fm_send_1
(1) 2024/     9C4 :                     .mkfm_proc:
(1) 2025/     9C4 : CF                  		rst	8
(1) 2026/     9C5 : C5                  		push	bc
(1) 2027/     9C6 : FD 7E 05            		ld	a,(iy+ztbl_FreqIndx)
(1) 2028/     9C9 : 47                  		ld	b,a
(1) 2029/     9CA : E6 1F               		and	00011111b
(1) 2030/     9CC : 5F                  		ld	e,a
(1) 2031/     9CD : 16 00               		ld	d,0
(1) 2032/     9CF : 21 26 13            		ld	hl,fmFreq_List
(1) 2033/     9D2 : 19                  		add	hl,de
(1) 2034/     9D3 : 7E                  		ld	a,(hl)
(1) 2035/     9D4 : CF                  		rst	8
(1) 2036/     9D5 : 23                  		inc	hl
(1) 2037/     9D6 : 66                  		ld	h,(hl)
(1) 2038/     9D7 : 6F                  		ld	l,a			; hl - Current FM freq
(1) 2039/     9D8 : 3A 88 1F            		ld	a,(palMode)		; PAL speed check
(1) 2040/     9DB : B7                  		or	a
(1) 2041/     9DC : 28 04               		jr	z,.not_pal
(1) 2042/     9DE : 11 04 00            		ld	de,4			; freq + 4
(1) 2043/     9E1 : 19                  		add	hl,de
(1) 2044/     9E2 :                     .not_pal:
(1) 2045/     9E2 : 78                  		ld	a,b
(1) 2046/     9E3 : E6 E0               		and	11100000b
(1) 2047/     9E5 : 0F                  		rrca
(1) 2048/     9E6 : 0F                  		rrca
(1) 2049/     9E7 : B4                  		or	h
(1) 2050/     9E8 : 67                  		ld	h,a
(1) 2051/     9E9 : FD 5E 06            		ld	e,(iy+ztbl_PitchBend)	; Get pitchbend effect
(1) 2052/     9EC : CF                  		rst	8
(1) 2053/     9ED : AF                  		xor	a			; clear high
(1) 2054/     9EE : 3F                  		ccf				; clear carry
(1) 2055/     9EF : CB 23               		sla	e			; pitchbend << 2
(1) 2056/     9F1 : 00                  		nop				; **
(1) 2057/     9F2 : 9F                  		sbc	a,a			; get carry MSB
(1) 2058/     9F3 : 57                  		ld	d,a
(1) 2059/     9F4 : 19                  		add	hl,de			; Pitchbend the freq
(1) 2060/     9F5 : 79                  		ld	a,c
(1) 2061/     9F6 : E6 03               		and	011b
(1) 2062/     9F8 : F6 A4               		or	0A4h
(1) 2063/     9FA : 57                  		ld	d,a
(1) 2064/     9FB : 5C                  		ld	e,h
(1) 2065/     9FC : CF                  		rst	8
(1) 2066/     9FD : CD DE 11            		call	fm_autoreg
(1) 2067/     A00 : 79                  		ld	a,c
(1) 2068/     A01 : E6 03               		and	011b
(1) 2069/     A03 : F6 A0               		or	0A0h
(1) 2070/     A05 : 57                  		ld	d,a
(1) 2071/     A06 : 5D                  		ld	e,l
(1) 2072/     A07 : CD DE 11            		call	fm_autoreg
(1) 2073/     A0A : C1                  		pop	bc
(1) 2074/     A0B : C3 A9 0A            		jp	.mkfm_set
(1) 2075/     A0E :                     
(1) 2076/     A0E :                     ; --------------------------------
(1) 2077/     A0E :                     ; FM3 special
(1) 2078/     A0E :                     ; --------------------------------
(1) 2079/     A0E :                     
(1) 2080/     A0E :                     ; TODO: Do to PAL freq increment
(1) 2081/     A0E :                     
(1) 2082/     A0E :                     .mk_fm_sp:
(1) 2083/     A0E : 0E 02               		ld	c,010b			; ** FM3 special ID
(1) 2084/     A10 : 78                  		ld	a,b			; New NOTE and/or INS?
(1) 2085/     A11 : E6 03               		and	0011b
(1) 2086/     A13 : CA A9 0A            		jp	z,.mkfm_set		; Process only
(1) 2087/     A16 : DD 7E 02            		ld	a,(ix+chnl_Note)
(1) 2088/     A19 : B7                  		or	a
(1) 2089/     A1A : C8                  		ret	z
(1) 2090/     A1B : FE FE               		cp	-2
(1) 2091/     A1D : CA 67 0A            		jp	z,.fm_cut
(1) 2092/     A20 : FE FF               		cp	-1
(1) 2093/     A22 : CA 5E 0A            		jp	z,.fm_off
(1) 2094/     A25 : CD 73 0A            		call	.fm_keyoff
(1) 2095/     A28 : CF                  		rst	8
(1) 2096/     A29 : 21 C4 15            		ld	hl,fmcach_3		; DIRECT point to FM3 data
(1) 2097/     A2C : 11 20 00            		ld	de,20h			; point to regs
(1) 2098/     A2F : 19                  		add	hl,de
(1) 2099/     A30 : DD E5               		push	ix
(1) 2100/     A32 : DD 21 56 0A         		ld	ix,.this_regs
(1) 2101/     A36 : 06 08               		ld	b,8
(1) 2102/     A38 :                     .wr_spc:
(1) 2103/     A38 : DD 56 00            		ld	d,(ix)			; Manually write the FM3 freqs
(1) 2104/     A3B : 5E                  		ld	e,(hl)
(1) 2105/     A3C : CD E2 11            		call	fm_send_1
(1) 2106/     A3F : CF                  		rst	8
(1) 2107/     A40 : 23                  		inc	hl
(1) 2108/     A41 : DD 23               		inc	ix
(1) 2109/     A43 : 10 F3               		djnz	.wr_spc
(1) 2110/     A45 : DD E1               		pop	ix
(1) 2111/     A47 : CD A9 0A            		call	.mkfm_set
(1) 2112/     A4A : 11 40 27            		ld	de,2740h		; Turn FM3 Special mode
(1) 2113/     A4D : CD E2 11            		call	fm_send_1
(1) 2114/     A50 : 3E 01               		ld	a,1
(1) 2115/     A52 : 32 30 00            		ld	(fmSpecial),a
(1) 2116/     A55 : C9                  		ret
(1) 2117/     A56 :                     .this_regs:
(1) 2118/     A56 : AD A9               		db 0ADh,0A9h
(1) 2119/     A58 : AC A8               		db 0ACh,0A8h
(1) 2120/     A5A : AE AA               		db 0AEh,0AAh
(1) 2121/     A5C : A6 A2               		db 0A6h,0A2h
(1) 2122/     A5E :                     
(1) 2123/     A5E :                     ; ----------------------------------------
(1) 2124/     A5E :                     
(1) 2125/     A5E :                     .fm_off:
(1) 2126/     A5E : CD 92 0A            		call	.fm_clrrsave
(1) 2127/     A61 : CD 73 0A            		call	.fm_keyoff
(1) 2128/     A64 : C3 1A 0F            		jp	.chnl_ulnk
(1) 2129/     A67 :                     .fm_cut:
(1) 2130/     A67 : CD 92 0A            		call	.fm_clrrsave
(1) 2131/     A6A : CD 73 0A            		call	.fm_keyoff
(1) 2132/     A6D : CD 7B 0A            		call	.fm_tloff
(1) 2133/     A70 : C3 1A 0F            		jp	.chnl_ulnk
(1) 2134/     A73 :                     
(1) 2135/     A73 :                     ; ----------------------------------------
(1) 2136/     A73 :                     ; iy - current FM table
(1) 2137/     A73 :                     
(1) 2138/     A73 :                     .fm_keyoff:
(1) 2139/     A73 : 16 28               		ld	d,28h
(1) 2140/     A75 : FD 5E 03            		ld	e,(iy+ztbl_Chip)
(1) 2141/     A78 : C3 E2 11            		jp	fm_send_1
(1) 2142/     A7B :                     
(1) 2143/     A7B :                     .fm_tloff:
(1) 2144/     A7B : 06 04               		ld	b,4
(1) 2145/     A7D : FD 4E 03            		ld	c,(iy+ztbl_Chip)
(1) 2146/     A80 : 79                  		ld	a,c
(1) 2147/     A81 : E6 03               		and	011b
(1) 2148/     A83 : F6 40               		or	40h		; TL regs
(1) 2149/     A85 : 1E 7F               		ld	e,7Fh
(1) 2150/     A87 :                     .tl_down:
(1) 2151/     A87 : 57                  		ld	d,a
(1) 2152/     A88 :                     		; e - 7Fh
(1) 2153/     A88 : CD DE 11            		call	fm_autoreg
(1) 2154/     A8B : CF                  		rst	8
(1) 2155/     A8C : 7A                  		ld	a,d
(1) 2156/     A8D : C6 04               		add	a,4
(1) 2157/     A8F : 10 F6               		djnz	.tl_down
(1) 2158/     A91 : C9                  		ret
(1) 2159/     A92 :                     
(1) 2160/     A92 :                     .fm_clrrsave:
(1) 2161/     A92 : FD 7E 03            		ld	a,(iy+ztbl_Chip)
(1) 2162/     A95 : E6 07               		and	0111b
(1) 2163/     A97 : 87                  		add	a,a
(1) 2164/     A98 : 87                  		add	a,a
(1) 2165/     A99 : 21 64 16            		ld	hl,fmlist_rsave
(1) 2166/     A9C : 16 00               		ld	d,0
(1) 2167/     A9E : 5F                  		ld	e,a
(1) 2168/     A9F : 19                  		add	hl,de
(1) 2169/     AA0 : 36 00               		ld	(hl),0
(1) 2170/     AA2 : 23                  		inc	hl
(1) 2171/     AA3 : 36 00               		ld	(hl),0
(1) 2172/     AA5 : 23                  		inc	hl
(1) 2173/     AA6 : 36 00               		ld	(hl),0
(1) 2174/     AA8 : C9                  		ret
(1) 2175/     AA9 :                     
(1) 2176/     AA9 :                     ; ----------------------------------------
(1) 2177/     AA9 :                     
(1) 2178/     AA9 :                     .mkfm_set:
(1) 2179/     AA9 : FD 7E 03            		ld	a,(iy+ztbl_Chip)
(1) 2180/     AAC : CD B2 0B            		call	.get_fmcach
(1) 2181/     AAF : E5                  		push	hl			; Save TOP
(1) 2182/     AB0 : 11 1C 00            		ld	de,1Ch			; Go to 1Ch (regs B0, B4...)
(1) 2183/     AB3 : 19                  		add	hl,de
(1) 2184/     AB4 : 46                  		ld	b,(hl)			; b - 0B0h algorithm
(1) 2185/     AB5 : E1                  		pop	hl			; Recover TOP
(1) 2186/     AB6 : CF                  		rst	8
(1) 2187/     AB7 : FD 4E 03            		ld	c,(iy+ztbl_Chip)
(1) 2188/     ABA : 79                  		ld	a,c
(1) 2189/     ABB : E6 03               		and	011b
(1) 2190/     ABD : F6 30               		or	30h			; Start at reg 30h
(1) 2191/     ABF : 57                  		ld	d,a
(1) 2192/     AC0 :                     	; hl - reg data
(1) 2193/     AC0 :                     	; b  - 0B0h algorithm
(1) 2194/     AC0 :                     	;  c - current FM channel 0-6
(1) 2195/     AC0 :                     	; d  - Starting FM reg
(1) 2196/     AC0 : CD 12 0B            		call	.mkfm_wregs		; 30h+
(1) 2197/     AC3 : CD 3B 0B            		call	.mkfm_tlvol		; 40h+
(1) 2198/     AC6 : CD 12 0B            		call	.mkfm_wregs		; 50h+
(1) 2199/     AC9 : CD 12 0B            		call	.mkfm_wregs		; 60h+
(1) 2200/     ACC : CD 12 0B            		call	.mkfm_wregs		; 70h+
(1) 2201/     ACF : CD 12 0B            		call	.mkfm_wregs		; 80h+
(1) 2202/     AD2 : CD 12 0B            		call	.mkfm_wregs		; 90h+
(1) 2203/     AD5 : 78                  		ld	a,b			; 0B0h algorithm
(1) 2204/     AD6 : 23                  		inc	hl
(1) 2205/     AD7 : 5F                  		ld	e,a
(1) 2206/     AD8 : 79                  		ld	a,c
(1) 2207/     AD9 : E6 03               		and	011b
(1) 2208/     ADB : F6 B0               		or	0B0h
(1) 2209/     ADD : 57                  		ld	d,a
(1) 2210/     ADE : CD DE 11            		call	fm_autoreg		; Write algorithm
(1) 2211/     AE1 : CF                  		rst	8
(1) 2212/     AE2 : DD 7E 00            		ld	a,(ix+chnl_Flags)	; Read panning bits
(1) 2213/     AE5 : 2F                  		cpl				; REVERSE bits
(1) 2214/     AE6 : E6 30               		and	00110000b
(1) 2215/     AE8 : 07                  		rlca				; << 2
(1) 2216/     AE9 : 07                  		rlca
(1) 2217/     AEA : 5F                  		ld	e,a			; save as e
(1) 2218/     AEB : 7E                  		ld	a,(hl)			; 0B4h %00aa0ppp
(1) 2219/     AEC : 23                  		inc	hl
(1) 2220/     AED : E6 3F               		and	00111111b
(1) 2221/     AEF : B3                  		or	e			; Merge panning
(1) 2222/     AF0 : 5F                  		ld	e,a
(1) 2223/     AF1 : 79                  		ld	a,c
(1) 2224/     AF2 : CF                  		rst	8
(1) 2225/     AF3 : E6 03               		and	011b
(1) 2226/     AF5 : F6 B4               		or	0B4h
(1) 2227/     AF7 : 57                  		ld	d,a
(1) 2228/     AF8 : CD DE 11            		call	fm_autoreg
(1) 2229/     AFB : 7E                  		ld	a,(hl)			; 022h
(1) 2230/     AFC : 23                  		inc	hl
(1) 2231/     AFD : CB 5F               		bit	3,a			; Intrument wants LFO?
(1) 2232/     AFF : 28 06               		jr	z,.no_lfo
(1) 2233/     B01 : 5F                  		ld	e,a
(1) 2234/     B02 : 16 22               		ld	d,22h
(1) 2235/     B04 : CD E2 11            		call	fm_send_1
(1) 2236/     B07 :                     .no_lfo:
(1) 2237/     B07 :                     
(1) 2238/     B07 :                     
(1) 2239/     B07 : CF                  		rst	8
(1) 2240/     B08 : 7E                  		ld	a,(hl)			; 028h
(1) 2241/     B09 : E6 F0               		and	11110000b
(1) 2242/     B0B : B1                  		or	c			; Merge FM channel
(1) 2243/     B0C : 5F                  		ld	e,a
(1) 2244/     B0D : 16 28               		ld	d,28h
(1) 2245/     B0F : C3 E2 11            		jp	fm_send_1		; Set keys
(1) 2246/     B12 :                     
(1) 2247/     B12 :                     ; ----------------------------------------
(1) 2248/     B12 :                     
(1) 2249/     B12 :                     .mkfm_wregs:
(1) 2250/     B12 : CF                  		rst	8
(1) 2251/     B13 : 5E                  		ld	e,(hl)
(1) 2252/     B14 : 23                  		inc	hl
(1) 2253/     B15 : CD DE 11            		call	fm_autoreg
(1) 2254/     B18 : 14                  		inc	d
(1) 2255/     B19 : 14                  		inc	d
(1) 2256/     B1A : 14                  		inc	d
(1) 2257/     B1B : 14                  		inc	d
(1) 2258/     B1C : 5E                  		ld	e,(hl)
(1) 2259/     B1D : 23                  		inc	hl
(1) 2260/     B1E : CF                  		rst	8
(1) 2261/     B1F : CD DE 11            		call	fm_autoreg
(1) 2262/     B22 : 14                  		inc	d
(1) 2263/     B23 : 14                  		inc	d
(1) 2264/     B24 : 14                  		inc	d
(1) 2265/     B25 : 14                  		inc	d
(1) 2266/     B26 : 5E                  		ld	e,(hl)
(1) 2267/     B27 : 23                  		inc	hl
(1) 2268/     B28 : CD DE 11            		call	fm_autoreg
(1) 2269/     B2B : 14                  		inc	d
(1) 2270/     B2C : CF                  		rst	8
(1) 2271/     B2D : 14                  		inc	d
(1) 2272/     B2E : 14                  		inc	d
(1) 2273/     B2F : 14                  		inc	d
(1) 2274/     B30 : 5E                  		ld	e,(hl)
(1) 2275/     B31 : 23                  		inc	hl
(1) 2276/     B32 : CD DE 11            		call	fm_autoreg
(1) 2277/     B35 : 14                  		inc	d
(1) 2278/     B36 : 14                  		inc	d
(1) 2279/     B37 : 14                  		inc	d
(1) 2280/     B38 : 14                  		inc	d
(1) 2281/     B39 : CF                  		rst	8
(1) 2282/     B3A : C9                  		ret
(1) 2283/     B3B :                     
(1) 2284/     B3B :                     ; ----------------------------------------
(1) 2285/     B3B :                     ; Write 40+ TL w/volume
(1) 2286/     B3B :                     
(1) 2287/     B3B :                     ; hl - TL reg data
(1) 2288/     B3B :                     ; b - current 0B0h
(1) 2289/     B3B :                     ; d - 40h+
(1) 2290/     B3B :                     
(1) 2291/     B3B :                     .mkfm_tlvol:
(1) 2292/     B3B : 78                  		ld	a,b			; Read 0B0h copy
(1) 2293/     B3C : C5                  		push	bc
(1) 2294/     B3D : E5                  		push	hl
(1) 2295/     B3E : 21 AA 0B            		ld	hl,.fm_cindx		; hl - jump carry list
(1) 2296/     B41 : E6 07               		and	0111b
(1) 2297/     B43 : 06 00               		ld	b,0
(1) 2298/     B45 : 4F                  		ld	c,a
(1) 2299/     B46 : 09                  		add	hl,bc
(1) 2300/     B47 : CF                  		rst	8
(1) 2301/     B48 : FD 7E 07            		ld	a,(iy+ztbl_Volume)	; Read current Volume
(1) 2302/     B4B : FD 96 08            		sub	a,(iy+ztbl_VolSlide)
(1) 2303/     B4E : FD 96 04            		sub	a,(iy+ztbl_MasterVol)	; + MASTER vol
(1) 2304/     B51 : 4F                  		ld	c,a			; c - Current Volume
(1) 2305/     B52 : 46                  		ld	b,(hl)			; b - Current jump-carry byte
(1) 2306/     B53 : E1                  		pop	hl
(1) 2307/     B54 : CB 08               		rrc	b			; OP1
(1) 2308/     B56 : DC 8D 0B            		call	c,.write_tl
(1) 2309/     B59 : D4 9F 0B            		call	nc,.write_ntl
(1) 2310/     B5C : 23                  		inc	hl
(1) 2311/     B5D : 14                  		inc	d
(1) 2312/     B5E : 14                  		inc	d
(1) 2313/     B5F : CF                  		rst	8
(1) 2314/     B60 : 14                  		inc	d
(1) 2315/     B61 : 14                  		inc	d
(1) 2316/     B62 : CB 08               		rrc	b			; OP2
(1) 2317/     B64 : DC 8D 0B            		call	c,.write_tl
(1) 2318/     B67 : D4 9F 0B            		call	nc,.write_ntl
(1) 2319/     B6A : 23                  		inc	hl
(1) 2320/     B6B : 14                  		inc	d
(1) 2321/     B6C : 14                  		inc	d
(1) 2322/     B6D : 14                  		inc	d
(1) 2323/     B6E : 14                  		inc	d
(1) 2324/     B6F : CB 08               		rrc	b			; OP3
(1) 2325/     B71 : DC 8D 0B            		call	c,.write_tl
(1) 2326/     B74 : D4 9F 0B            		call	nc,.write_ntl
(1) 2327/     B77 : 23                  		inc	hl
(1) 2328/     B78 : CF                  		rst	8
(1) 2329/     B79 : 14                  		inc	d
(1) 2330/     B7A : 14                  		inc	d
(1) 2331/     B7B : 14                  		inc	d
(1) 2332/     B7C : 14                  		inc	d
(1) 2333/     B7D : CB 08               		rrc	b			; OP4
(1) 2334/     B7F : DC 8D 0B            		call	c,.write_tl
(1) 2335/     B82 : D4 9F 0B            		call	nc,.write_ntl
(1) 2336/     B85 : 23                  		inc	hl
(1) 2337/     B86 : 14                  		inc	d
(1) 2338/     B87 : 14                  		inc	d
(1) 2339/     B88 : 14                  		inc	d
(1) 2340/     B89 : 14                  		inc	d
(1) 2341/     B8A : CF                  		rst	8
(1) 2342/     B8B : C1                  		pop	bc
(1) 2343/     B8C : C9                  		ret
(1) 2344/     B8D :                     
(1) 2345/     B8D :                     ; --------------------------------
(1) 2346/     B8D :                     
(1) 2347/     B8D :                     .write_tl:
(1) 2348/     B8D : 7E                  		ld	a,(hl)
(1) 2349/     B8E : 91                  		sub	a,c			; reg - volume
(1) 2350/     B8F : F2 94 0B            		jp	p,.keep_tlmx
(1) 2351/     B92 : 3E 7F               		ld	a,7Fh			; <-- maximum TL
(1) 2352/     B94 :                     .keep_tlmx:
(1) 2353/     B94 : C5                  		push	bc
(1) 2354/     B95 : 5F                  		ld	e,a
(1) 2355/     B96 : FD 4E 03            		ld	c,(iy+ztbl_Chip)
(1) 2356/     B99 : CD DE 11            		call	fm_autoreg
(1) 2357/     B9C : CF                  		rst	8
(1) 2358/     B9D : C1                  		pop	bc
(1) 2359/     B9E : C9                  		ret
(1) 2360/     B9F :                     
(1) 2361/     B9F :                     .write_ntl:
(1) 2362/     B9F : C5                  		push	bc
(1) 2363/     BA0 : 5E                  		ld	e,(hl)
(1) 2364/     BA1 : FD 4E 03            		ld	c,(iy+ztbl_Chip)
(1) 2365/     BA4 : CD DE 11            		call	fm_autoreg
(1) 2366/     BA7 : CF                  		rst	8
(1) 2367/     BA8 : C1                  		pop	bc
(1) 2368/     BA9 : C9                  		ret
(1) 2369/     BAA :                     
(1) 2370/     BAA :                     ; --------------------------------
(1) 2371/     BAA :                     ; Jump carry list
(1) 2372/     BAA :                     .fm_cindx:
(1) 2373/     BAA : 08                  		db 1000b
(1) 2374/     BAB : 08                  		db 1000b
(1) 2375/     BAC : 08                  		db 1000b
(1) 2376/     BAD : 08                  		db 1000b
(1) 2377/     BAE : 0C                  		db 1100b
(1) 2378/     BAF : 0E                  		db 1110b
(1) 2379/     BB0 : 0E                  		db 1110b
(1) 2380/     BB1 : 0F                  		db 1111b
(1) 2381/     BB2 :                     
(1) 2382/     BB2 :                     ; --------------------------------
(1) 2383/     BB2 :                     ; Input:
(1) 2384/     BB2 :                     ; a - FM id (0-2,4-6)
(1) 2385/     BB2 :                     ;
(1) 2386/     BB2 :                     ; Ouput:
(1) 2387/     BB2 :                     ; hl - instrument data
(1) 2388/     BB2 :                     ;
(1) 2389/     BB2 :                     ; Uses:
(1) 2390/     BB2 :                     ; de
(1) 2391/     BB2 :                     ; --------------------------------
(1) 2392/     BB2 :                     
(1) 2393/     BB2 :                     .get_fmcach:
(1) 2394/     BB2 : 21 B8 17            		ld	hl,fmcach_list
(1) 2395/     BB5 : E6 07               		and	0111b
(1) 2396/     BB7 : 16 00               		ld	d,0
(1) 2397/     BB9 : 87                  		add	a,a
(1) 2398/     BBA : 5F                  		ld	e,a
(1) 2399/     BBB : CF                  		rst	8
(1) 2400/     BBC : 19                  		add	hl,de
(1) 2401/     BBD : 7E                  		ld	a,(hl)
(1) 2402/     BBE : 23                  		inc	hl
(1) 2403/     BBF : 66                  		ld	h,(hl)
(1) 2404/     BC0 : 6F                  		ld	l,a
(1) 2405/     BC1 : C9                  		ret
(1) 2406/     BC2 :                     
(1) 2407/     BC2 :                     ; --------------------------------
(1) 2408/     BC2 :                     ; DAC
(1) 2409/     BC2 :                     ; --------------------------------
(1) 2410/     BC2 :                     
(1) 2411/     BC2 :                     .mk_dac:
(1) 2412/     BC2 : 78                  		ld	a,b
(1) 2413/     BC3 : E6 03               		and	0011b
(1) 2414/     BC5 : 28 21               		jr	z,.dac_proc
(1) 2415/     BC7 : DD 7E 02            		ld	a,(ix+chnl_Note)
(1) 2416/     BCA : B7                  		or	a
(1) 2417/     BCB : C8                  		ret	z
(1) 2418/     BCC : FE FE               		cp	-2
(1) 2419/     BCE : CA DC 0B            		jp	z,.dac_cut
(1) 2420/     BD1 : FE FF               		cp	-1
(1) 2421/     BD3 : CA E2 0B            		jp	z,.dac_off
(1) 2422/     BD6 : CD E8 0B            		call	.dac_proc
(1) 2423/     BD9 : C3 22 12            		jp	dac_play
(1) 2424/     BDC :                     .dac_cut:
(1) 2425/     BDC : CD 0D 12            		call	dac_off
(1) 2426/     BDF : C3 1A 0F            		jp	.chnl_ulnk
(1) 2427/     BE2 :                     .dac_off:
(1) 2428/     BE2 : CD 0D 12            		call	dac_off
(1) 2429/     BE5 : C3 1A 0F            		jp	.chnl_ulnk
(1) 2430/     BE8 :                     .dac_proc:
(1) 2431/     BE8 : 16 00               		ld	d,0			; Freq index
(1) 2432/     BEA : FD 5E 05            		ld	e,(iy+ztbl_FreqIndx)
(1) 2433/     BED : 21 9E 13            		ld	hl,wavFreq_List-(2*36)
(1) 2434/     BF0 : 19                  		add	hl,de
(1) 2435/     BF1 : 7E                  		ld	a,(hl)
(1) 2436/     BF2 : 23                  		inc	hl
(1) 2437/     BF3 : 66                  		ld	h,(hl)
(1) 2438/     BF4 : 6F                  		ld	l,a
(1) 2439/     BF5 : FD 5E 06            		ld	e,(iy+ztbl_PitchBend)	; pitchbend
(1) 2440/     BF8 : CF                  		rst	8
(1) 2441/     BF9 : AF                  		xor	a			; Clear high
(1) 2442/     BFA : 3F                  		ccf				; Clear carry
(1) 2443/     BFB : CB 23               		sla	e			; << 1
(1) 2444/     BFD : 9F                  		sbc	a,a			; Get carry MSB
(1) 2445/     BFE : 57                  		ld	d,a
(1) 2446/     BFF : 19                  		add	hl,de
(1) 2447/     C00 : 22 09 1C            		ld	(wave_Pitch),hl
(1) 2448/     C03 : D9                  		exx				; *
(1) 2449/     C04 : ED 5B 09 1C         		ld	de,(wave_Pitch)		; *
(1) 2450/     C08 : D9                  		exx				; *
(1) 2451/     C09 : DD 7E 00            		ld	a,(ix+chnl_Flags)	; Read panning
(1) 2452/     C0C : 2F                  		cpl				; REVERSE bits
(1) 2453/     C0D : E6 30               		and	00110000b
(1) 2454/     C0F : 07                  		rlca
(1) 2455/     C10 : 07                  		rlca
(1) 2456/     C11 : CF                  		rst	8
(1) 2457/     C12 : 5F                  		ld	e,a
(1) 2458/     C13 : 16 B6               		ld	d,0B6h			; Channel 6 panning
(1) 2459/     C15 : C3 ED 11            		jp	fm_send_2
(1) 2460/     C18 :                     
(1) 2461/     C18 :                     ; --------------------------------
(1) 2462/     C18 :                     ; PCM
(1) 2463/     C18 :                     ; --------------------------------
(1) 2464/     C18 :                     
(1) 2465/     C18 :                     .mk_pcm:
(1) 2543/     C18 : C9                  		ret
(1) 2545/     C19 :                     
(1) 2546/     C19 :                     ; --------------------------------
(1) 2547/     C19 :                     ; PWM
(1) 2548/     C19 :                     ; --------------------------------
(1) 2549/     C19 :                     
(1) 2550/     C19 :                     .mk_pwm:
(1) 2632/     C19 : C9                  		ret
(1) 2634/     C1A :                     
(1) 2635/     C1A :                     ; --------------------------------
(1) 2636/     C1A :                     ; SHARED routine
(1) 2637/     C1A :                     
(1) 2638/     C1A :                     .readfreq_pcm:
(1) 2639/     C1A : 21 00 14            		ld	hl,wavFreq_CdPcm-(2*36)	; <-- one octave lower
(1) 2640/     C1D : 18 03               		jr	.set_wavfreq
(1) 2641/     C1F :                     .readfreq_pwm:
(1) 2642/     C1F : 21 9E 13            		ld	hl,wavFreq_List-(2*36)
(1) 2643/     C22 :                     .set_wavfreq:
(1) 2644/     C22 : 16 00               		ld	d,0			; Freq index
(1) 2645/     C24 : FD 5E 05            		ld	e,(iy+ztbl_FreqIndx)
(1) 2646/     C27 : 19                  		add	hl,de
(1) 2647/     C28 : 7E                  		ld	a,(hl)
(1) 2648/     C29 : 23                  		inc	hl
(1) 2649/     C2A : 66                  		ld	h,(hl)
(1) 2650/     C2B : 6F                  		ld	l,a
(1) 2651/     C2C : FD 5E 06            		ld	e,(iy+ztbl_PitchBend)	; pitchbend
(1) 2652/     C2F : CF                  		rst	8
(1) 2653/     C30 : AF                  		xor	a			; Clear high
(1) 2654/     C31 : 3F                  		ccf				; Clear carry
(1) 2655/     C32 : CB 23               		sla	e			; Get carry MSB
(1) 2656/     C34 : 9F                  		sbc	a,a			; -1 if carry is set
(1) 2657/     C35 : 57                  		ld	d,a
(1) 2658/     C36 : 19                  		add	hl,de
(1) 2659/     C37 : C9                  		ret
(1) 2660/     C38 :                     		
(1) 2661/     C38 :                     ; --------------------------------
(1) 2662/     C38 :                     ; PiCO ADPCM
(1) 2663/     C38 :                     ; --------------------------------
(1) 2664/     C38 :                     .mk_pco:
(1) 2666/     C38 :                     		;!@ TODO
(1) 2667/     C38 : CF                  		rst	8
(1) 2668/     C39 : C9                  		ret
(1) 2673/     C3A :                     
(1) 2674/     C3A :                     ; ----------------------------------------
(1) 2675/     C3A :                     ; NEW effect
(1) 2676/     C3A :                     ; ----------------------------------------
(1) 2677/     C3A :                     
(1) 2678/     C3A :                     .effc:
(1) 2679/     C3A : DD 5E 06            		ld	e,(ix+chnl_EffArg)	; e - effect data
(1) 2680/     C3D : DD 7E 05            		ld	a,(ix+chnl_EffId)	; d - effect id
(1) 2681/     C40 : 57                  		ld	d,a
(1) 2682/     C41 : CF                  		rst	8
(1) 2683/     C42 : FE 04               		cp	4			; Effect D?
(1) 2684/     C44 : 28 0F               		jr	z,.effc_D
(1) 2685/     C46 : FE 05               		cp	5			; Effect E?
(1) 2686/     C48 : 28 44               		jr	z,.effc_E
(1) 2687/     C4A : FE 06               		cp	6			; Effect F?
(1) 2688/     C4C : 28 4F               		jr	z,.effc_F
(1) 2689/     C4E : CF                  		rst	8
(1) 2690/     C4F : FE 18               		cp	24			; Effect X?
(1) 2691/     C51 : CA AE 0C            		jp	z,.effc_X
(1) 2692/     C54 : C9                  		ret
(1) 2693/     C55 :                     
(1) 2694/     C55 :                     ; ----------------------------------------
(1) 2695/     C55 :                     ; Effect D: Volume slide up/down
(1) 2696/     C55 :                     ;
(1) 2697/     C55 :                     ; 00h - DON'T USE HERE
(1) 2698/     C55 :                     ;       (Original: Keep effect)
(1) 2699/     C55 :                     ; 0xh - Slide down normal
(1) 2700/     C55 :                     ; Fxh - Slide down fine
(1) 2701/     C55 :                     ; xFh - Slide up normal
(1) 2702/     C55 :                     ; x0h - Slide up fine
(1) 2703/     C55 :                     ; ----------------------------------------
(1) 2704/     C55 :                     
(1) 2705/     C55 :                     .effc_D:
(1) 2706/     C55 : 7B                  		ld	a,e
(1) 2707/     C56 : 0F                  		rrca
(1) 2708/     C57 : 0F                  		rrca
(1) 2709/     C58 : 0F                  		rrca
(1) 2710/     C59 : 0F                  		rrca
(1) 2711/     C5A : E6 0F               		and	0Fh
(1) 2712/     C5C : 4F                  		ld	c,a
(1) 2713/     C5D :                     	; e - DOWN value: ????dddd
(1) 2714/     C5D :                     	; c - UP value:   0000uuuu
(1) 2715/     C5D :                     
(1) 2716/     C5D : 7B                  		ld	a,e
(1) 2717/     C5E : B7                  		or	a
(1) 2718/     C5F : C8                  		ret	z
(1) 2719/     C60 : E6 F0               		and	0F0h		; 0Xh
(1) 2720/     C62 : 28 1D               		jr	z,.D_down
(1) 2721/     C64 : FE F0               		cp	0F0h		; FXh
(1) 2722/     C66 : 28 14               		jr	z,.D_downhf
(1) 2723/     C68 : 7B                  		ld	a,e
(1) 2724/     C69 : E6 0F               		and	00Fh		; X0h
(1) 2725/     C6B : 28 06               		jr	z,.D_up
(1) 2726/     C6D : FE 0F               		cp	00Fh		; XFh
(1) 2727/     C6F : C0                  		ret	nz
(1) 2728/     C70 :                     ; 		jr	z,.D_uphf
(1) 2729/     C70 :                     ; Go UP
(1) 2730/     C70 :                     .D_uphf:
(1) 2731/     C70 : 79                  		ld	a,c
(1) 2732/     C71 : 18 02               		jr	.setefU_D
(1) 2733/     C73 :                     .D_up:
(1) 2734/     C73 : 79                  		ld	a,c
(1) 2735/     C74 : 87                  		add	a,a
(1) 2736/     C75 :                     .setefU_D:
(1) 2737/     C75 : 5F                  		ld	e,a
(1) 2738/     C76 : FD 7E 08            		ld	a,(iy+ztbl_VolSlide)
(1) 2739/     C79 : 93                  		sub	a,e
(1) 2740/     C7A : 18 0E               		jr	.setef_mcD
(1) 2741/     C7C :                     ; Go DOWN
(1) 2742/     C7C :                     .D_downhf:
(1) 2743/     C7C : 7B                  		ld	a,e
(1) 2744/     C7D : E6 0F               		and	0Fh
(1) 2745/     C7F : 18 04               		jr	.setef_D
(1) 2746/     C81 :                     .D_down:
(1) 2747/     C81 : 7B                  		ld	a,e
(1) 2748/     C82 : E6 0F               		and	0Fh
(1) 2749/     C84 : 87                  		add	a,a
(1) 2750/     C85 :                     .setef_D:
(1) 2751/     C85 : 5F                  		ld	e,a
(1) 2752/     C86 : FD 7E 08            		ld	a,(iy+ztbl_VolSlide)
(1) 2753/     C89 : 83                  		add	a,e
(1) 2754/     C8A :                     ; 		jr	.setef_mcD
(1) 2755/     C8A :                     
(1) 2756/     C8A :                     ; Write slide
(1) 2757/     C8A :                     .setef_mcD:
(1) 2758/     C8A : FD 77 08            		ld	(iy+ztbl_VolSlide),a
(1) 2759/     C8D : C9                  		ret
(1) 2760/     C8E :                     
(1) 2761/     C8E :                     ; ----------------------------------------
(1) 2762/     C8E :                     ; Effect E
(1) 2763/     C8E :                     ; ----------------------------------------
(1) 2764/     C8E :                     
(1) 2765/     C8E :                     .effc_E:
(1) 2766/     C8E : 7B                  		ld	a,e
(1) 2767/     C8F : E6 F0               		and	0F0h
(1) 2768/     C91 : FE F0               		cp	0F0h
(1) 2769/     C93 : C8                  		ret	z
(1) 2770/     C94 : FE E0               		cp	0E0h
(1) 2771/     C96 : C8                  		ret	z
(1) 2772/     C97 : CF                  		rst	8
(1) 2773/     C98 : 7B                  		ld	a,e
(1) 2774/     C99 : ED 44               		neg	a
(1) 2775/     C9B : 18 0B               		jr	.wrt_EF
(1) 2776/     C9D :                     
(1) 2777/     C9D :                     ; ----------------------------------------
(1) 2778/     C9D :                     ; Effect F
(1) 2779/     C9D :                     ; ----------------------------------------
(1) 2780/     C9D :                     
(1) 2781/     C9D :                     .effc_F:
(1) 2782/     C9D : 7B                  		ld	a,e
(1) 2783/     C9E : E6 F0               		and	0F0h
(1) 2784/     CA0 : FE F0               		cp	0F0h
(1) 2785/     CA2 : C8                  		ret	z
(1) 2786/     CA3 : FE E0               		cp	0E0h
(1) 2787/     CA5 : C8                  		ret	z
(1) 2788/     CA6 : CF                  		rst	8
(1) 2789/     CA7 : 7B                  		ld	a,e
(1) 2790/     CA8 :                     .wrt_EF:
(1) 2791/     CA8 : 87                  		add	a,a
(1) 2792/     CA9 : 87                  		add	a,a
(1) 2793/     CAA : FD 77 06            		ld	(iy+ztbl_PitchBend),a
(1) 2794/     CAD : C9                  		ret
(1) 2795/     CAE :                     
(1) 2796/     CAE :                     ; ----------------------------------------
(1) 2797/     CAE :                     ; Effect X
(1) 2798/     CAE :                     ;
(1) 2799/     CAE :                     ; Common panning values:
(1) 2800/     CAE :                     ;  00h LEFT
(1) 2801/     CAE :                     ;  80h MIDDLE
(1) 2802/     CAE :                     ; 0FFh RIGHT
(1) 2803/     CAE :                     ; ----------------------------------------
(1) 2804/     CAE :                     
(1) 2805/     CAE :                     .effc_X:
(1) 2806/     CAE : 16 00               		ld	d,0
(1) 2807/     CB0 : 7E                  		ld	a,(hl)
(1) 2808/     CB1 : E6 F0               		and	11110000b
(1) 2809/     CB3 : FE 80               		cp	cht_PSG		; PSG?
(1) 2810/     CB5 : 28 19               		jr	z,.res_pan
(1) 2811/     CB7 : FE 90               		cp	cht_PSGN	; PSGN?
(1) 2812/     CB9 : 28 15               		jr	z,.res_pan
(1) 2813/     CBB : FE D0               		cp	cht_PCM		; MCD: write separate PAN values
(1) 2814/     CBD : CC DA 0C            		call	z,.pan_mcd	; <-- CALL, not JP
(1) 2815/     CC0 :                     
(1) 2816/     CC0 :                     	; ----------------------------------------
(1) 2817/     CC0 :                     	; Common panning bits: %00LR0000
(1) 2818/     CC0 :                     	; (REVERSE: 0-on 1-off)
(1) 2819/     CC0 : CF                  		rst	8
(1) 2820/     CC1 : E5                  		push	hl
(1) 2821/     CC2 : 21 FD 0C            		ld	hl,.comn_panlist
(1) 2822/     CC5 : 7B                  		ld	a,e
(1) 2823/     CC6 : 07                  		rlca
(1) 2824/     CC7 : 07                  		rlca
(1) 2825/     CC8 : 07                  		rlca
(1) 2826/     CC9 : E6 07               		and	0111b
(1) 2827/     CCB :                     ; 		ld	d,0
(1) 2828/     CCB : 5F                  		ld	e,a
(1) 2829/     CCC : CF                  		rst	8
(1) 2830/     CCD : 19                  		add	hl,de
(1) 2831/     CCE : 56                  		ld	d,(hl)
(1) 2832/     CCF : E1                  		pop	hl
(1) 2833/     CD0 :                     .res_pan:
(1) 2834/     CD0 : DD 7E 00            		ld	a,(ix+chnl_Flags)	; Save panning
(1) 2835/     CD3 : E6 CF               		and	11001111b
(1) 2836/     CD5 : B2                  		or	d
(1) 2837/     CD6 : DD 77 00            		ld	(ix+chnl_Flags),a
(1) 2838/     CD9 : C9                  		ret
(1) 2839/     CDA :                     
(1) 2840/     CDA :                     	; ----------------------------------------
(1) 2841/     CDA :                     	; MCD panning
(1) 2842/     CDA :                     .pan_mcd:
(1) 2843/     CDA : E5                  		push	hl
(1) 2844/     CDB : D5                  		push	de
(1) 2845/     CDC : 16 00               		ld	d,0
(1) 2846/     CDE : 21 05 0D            		ld	hl,.pcm_panlist
(1) 2847/     CE1 : 7B                  		ld	a,e
(1) 2848/     CE2 : E6 F8               		and	0F8h
(1) 2849/     CE4 : 0F                  		rrca
(1) 2850/     CE5 : 0F                  		rrca
(1) 2851/     CE6 : 0F                  		rrca
(1) 2852/     CE7 : 5F                  		ld	e,a
(1) 2853/     CE8 : 19                  		add	hl,de
(1) 2854/     CE9 : 7E                  		ld	a,(hl)
(1) 2855/     CEA : 21 E0 14            		ld	hl,pcmcom+32
(1) 2856/     CED : 16 00               		ld	d,0
(1) 2857/     CEF : FD 5E 03            		ld	e,(iy+ztbl_Chip)
(1) 2858/     CF2 : 19                  		add	hl,de
(1) 2859/     CF3 : 2F                  		cpl
(1) 2860/     CF4 : 77                  		ld	(hl),a
(1) 2861/     CF5 : D1                  		pop	de
(1) 2862/     CF6 : E1                  		pop	hl
(1) 2863/     CF7 : 3E 01               		ld	a,1
(1) 2864/     CF9 : 32 BF 17            		ld	(mcdUpd),a
(1) 2865/     CFC : C9                  		ret
(1) 2866/     CFD :                     
(1) 2867/     CFD :                     ; 0 - ENABLE, 1 - DISABLE
(1) 2868/     CFD :                     ; 00LR0000b
(1) 2869/     CFD :                     .comn_panlist:
(1) 2870/     CFD : 10                  		db 00010000b
(1) 2871/     CFE : 10                  		db 00010000b
(1) 2872/     CFF : 10                  		db 00010000b
(1) 2873/     D00 : 00                  		db 00000000b
(1) 2874/     D01 : 00                  		db 00000000b
(1) 2875/     D02 : 20                  		db 00100000b
(1) 2876/     D03 : 20                  		db 00100000b
(1) 2877/     D04 : 20                  		db 00100000b
(1) 2878/     D05 :                     
(1) 2879/     D05 :                     ; REVERSE OUTPUT BITS
(1) 2880/     D05 :                     ; RRRR | LLLL
(1) 2881/     D05 :                     .pcm_panlist:
(1) 2882/     D05 : F0                  		db 0F0h	; 00h
(1) 2883/     D06 : E0                  		db 0E0h
(1) 2884/     D07 : D0                  		db 0D0h	; 10h
(1) 2885/     D08 : C0                  		db 0C0h
(1) 2886/     D09 : B0                  		db 0B0h	; 20h
(1) 2887/     D0A : A0                  		db 0A0h
(1) 2888/     D0B : 90                  		db 090h	; 30h
(1) 2889/     D0C : 80                  		db 080h
(1) 2890/     D0D : 70                  		db 070h	; 40h
(1) 2891/     D0E : 60                  		db 060h
(1) 2892/     D0F : 50                  		db 050h	; 50h
(1) 2893/     D10 : 40                  		db 040h
(1) 2894/     D11 : 30                  		db 030h	; 60h
(1) 2895/     D12 : 20                  		db 020h
(1) 2896/     D13 : 10                  		db 010h	; 70h
(1) 2897/     D14 : 00                  		db 000h
(1) 2898/     D15 : 00                  		db 000h ; 80h
(1) 2899/     D16 : 01                  		db 001h
(1) 2900/     D17 : 02                  		db 002h ; 90h
(1) 2901/     D18 : 03                  		db 003h
(1) 2902/     D19 : 04                  		db 004h ; A0h
(1) 2903/     D1A : 05                  		db 005h
(1) 2904/     D1B : 06                  		db 006h ; B0h
(1) 2905/     D1C : 07                  		db 007h
(1) 2906/     D1D : 08                  		db 008h ; C0h
(1) 2907/     D1E : 09                  		db 009h
(1) 2908/     D1F : 0A                  		db 00Ah ; D0h
(1) 2909/     D20 : 0B                  		db 00Bh
(1) 2910/     D21 : 0C                  		db 00Ch ; E0h
(1) 2911/     D22 : 0D                  		db 00Dh
(1) 2912/     D23 : 0E                  		db 00Eh ; F0h
(1) 2913/     D24 : 0F                  		db 00Fh
(1) 2914/     D25 :                     
(1) 2915/     D25 :                     ; ----------------------------------------
(1) 2916/     D25 :                     ; NEW volume
(1) 2917/     D25 :                     ; ----------------------------------------
(1) 2918/     D25 :                     
(1) 2919/     D25 :                     .volu:
(1) 2920/     D25 : DD 7E 04            		ld	a,(ix+chnl_Vol)
(1) 2921/     D28 : D6 40               		sub	a,64
(1) 2922/     D2A : FD 77 07            		ld	(iy+ztbl_Volume),a	; BASE volume
(1) 2923/     D2D : C9                  		ret
(1) 2924/     D2E :                     
(1) 2925/     D2E :                     ; ----------------------------------------
(1) 2926/     D2E :                     ; NEW instrument
(1) 2927/     D2E :                     ; ----------------------------------------
(1) 2928/     D2E :                     
(1) 2929/     D2E :                     .inst:
(1) 2930/     D2E : 7E                  		ld	a,(hl)
(1) 2931/     D2F : E6 F0               		and	11110000b
(1) 2932/     D31 : FE 80               		cp	cht_PSG
(1) 2933/     D33 : 28 29               		jr	z,.ins_psg
(1) 2934/     D35 : FE 90               		cp	cht_PSGN
(1) 2935/     D37 : 28 1F               		jr	z,.ins_psgn
(1) 2936/     D39 : FE A0               		cp	cht_FM
(1) 2937/     D3B : 28 57               		jr	z,.ins_fm
(1) 2938/     D3D : CF                  		rst	8
(1) 2939/     D3E : FE B0               		cp	cht_FM3sp
(1) 2940/     D40 : 28 52               		jr	z,.ins_fm
(1) 2941/     D42 : FE C0               		cp	cht_FM6DAC
(1) 2942/     D44 : CA F1 0D            		jp	z,.ins_dac
(1) 2943/     D47 : FE D0               		cp	cht_PCM
(1) 2944/     D49 : CA 45 0E            		jp	z,.ins_pcm
(1) 2945/     D4C : FE E0               		cp	cht_PWM
(1) 2946/     D4E : CA 84 0E            		jp	z,.ins_pwm
(1) 2947/     D51 :                     		
(1) 2948/     D51 :                     		;!@
(1) 2949/     D51 : FE F0               		cp	cht_PCO
(1) 2950/     D53 : CA CD 0E            		jp	z,.ins_pco
(1) 2951/     D56 :                     		
(1) 2952/     D56 : CF                  		rst	8
(1) 2953/     D57 :                     .invl_ins:
(1) 2954/     D57 : C9                  		ret
(1) 2955/     D58 :                     
(1) 2956/     D58 :                     ; ----------------------------------------
(1) 2957/     D58 :                     ; PSG
(1) 2958/     D58 :                     
(1) 2959/     D58 :                     .ins_psgn:
(1) 2960/     D58 : 7E                  		ld	a,(hl)		; Grab noise setting
(1) 2961/     D59 : E6 07               		and	0111b
(1) 2962/     D5B : 32 2F 00            		ld	(psgHatMode),a	; ** GLOBAL SETTING
(1) 2963/     D5E :                     .ins_psg:
(1) 2964/     D5E : CF                  		rst	8
(1) 2965/     D5F : DD E5               		push	ix
(1) 2966/     D61 : E5                  		push	hl
(1) 2967/     D62 : 23                  		inc	hl		; Skip ID
(1) 2968/     D63 : DD 21 38 15         		ld	ix,psgcom	; Read psg control
(1) 2969/     D67 : FD 5E 03            		ld	e,(iy+ztbl_Chip)
(1) 2970/     D6A : 16 00               		ld	d,0
(1) 2971/     D6C : DD 19               		add	ix,de
(1) 2972/     D6E : 7E                  		ld	a,(hl)
(1) 2973/     D6F : CF                  		rst	8
(1) 2974/     D70 : 23                  		inc	hl
(1) 2975/     D71 : 7E                  		ld	a,(hl)
(1) 2976/     D72 : DD 77 24            		ld	(ix+ALV),a	; ALV
(1) 2977/     D75 : 23                  		inc	hl
(1) 2978/     D76 : 7E                  		ld	a,(hl)
(1) 2979/     D77 : DD 77 08            		ld	(ix+ATK),a	; ATK
(1) 2980/     D7A : 23                  		inc	hl
(1) 2981/     D7B : 7E                  		ld	a,(hl)
(1) 2982/     D7C : CF                  		rst	8
(1) 2983/     D7D : DD 77 10            		ld	(ix+SLV),a	; SLV
(1) 2984/     D80 : 23                  		inc	hl
(1) 2985/     D81 : 7E                  		ld	a,(hl)
(1) 2986/     D82 : DD 77 0C            		ld	(ix+DKY),a	; DKY
(1) 2987/     D85 : 23                  		inc	hl
(1) 2988/     D86 : 7E                  		ld	a,(hl)
(1) 2989/     D87 : DD 77 14            		ld	(ix+RRT),a	; RRT
(1) 2990/     D8A : 23                  		inc	hl
(1) 2991/     D8B : 7E                  		ld	a,(hl)
(1) 2992/     D8C : CF                  		rst	8
(1) 2993/     D8D : DD 77 2C            		ld	(ix+ARP),a	; ARP
(1) 2994/     D90 : E1                  		pop	hl
(1) 2995/     D91 : DD E1               		pop	ix
(1) 2996/     D93 : C9                  		ret
(1) 2997/     D94 :                     
(1) 2998/     D94 :                     ; ----------------------------------------
(1) 2999/     D94 :                     ; FM/FM3
(1) 3000/     D94 :                     
(1) 3001/     D94 :                     .ins_fm:
(1) 3002/     D94 : FD 7E 03            		ld	a,(iy+ztbl_Chip)
(1) 3003/     D97 : E6 07               		and	0111b
(1) 3004/     D99 : 16 00               		ld	d,0
(1) 3005/     D9B : 87                  		add	a,a
(1) 3006/     D9C : 5F                  		ld	e,a
(1) 3007/     D9D : DD E5               		push	ix
(1) 3008/     D9F : E5                  		push	hl
(1) 3009/     DA0 : C5                  		push	bc
(1) 3010/     DA1 : DD 21 B8 17         		ld	ix,fmcach_list
(1) 3011/     DA5 : DD 19               		add	ix,de
(1) 3012/     DA7 : CF                  		rst	8
(1) 3013/     DA8 : DD 5E 00            		ld	e,(ix)
(1) 3014/     DAB : DD 23               		inc	ix
(1) 3015/     DAD : DD 56 00            		ld	d,(ix)
(1) 3016/     DB0 :                     
(1) 3017/     DB0 : DD 21 64 16         		ld	ix,fmlist_rsave
(1) 3018/     DB4 : FD 7E 03            		ld	a,(iy+ztbl_Chip)
(1) 3019/     DB7 : 87                  		add	a,a
(1) 3020/     DB8 : 87                  		add	a,a
(1) 3021/     DB9 : 06 00               		ld	b,0
(1) 3022/     DBB : 4F                  		ld	c,a
(1) 3023/     DBC : DD 09               		add	ix,bc
(1) 3024/     DBE : 23                  		inc	hl			; Skip id and pitch
(1) 3025/     DBF : 23                  		inc	hl
(1) 3026/     DC0 : 46                  		ld	b,(hl)
(1) 3027/     DC1 : 23                  		inc	hl
(1) 3028/     DC2 : 7E                  		ld	a,(hl)
(1) 3029/     DC3 : 23                  		inc	hl
(1) 3030/     DC4 : 6E                  		ld	l,(hl)
(1) 3031/     DC5 : 67                  		ld	h,a
(1) 3032/     DC6 :                     	;   ix - last MID and LOW bytes
(1) 3033/     DC6 :                     	;   de - current FM cache
(1) 3034/     DC6 :                     	; b,hl - 24-bit ROM address
(1) 3035/     DC6 : DD 7E 02            		ld	a,(ix+2)
(1) 3036/     DC9 : B8                  		cp	b
(1) 3037/     DCA : 20 0E               		jr	nz,.new_romdat
(1) 3038/     DCC : CF                  		rst	8
(1) 3039/     DCD : DD 7E 01            		ld	a,(ix+1)
(1) 3040/     DD0 : BC                  		cp	h
(1) 3041/     DD1 : 20 07               		jr	nz,.new_romdat
(1) 3042/     DD3 : DD 7E 00            		ld	a,(ix)
(1) 3043/     DD6 : BD                  		cp	l
(1) 3044/     DD7 : 28 13               		jr	z,.same_patch
(1) 3045/     DD9 : CF                  		rst	8
(1) 3046/     DDA :                     .new_romdat:
(1) 3047/     DDA : DD 70 02            		ld	(ix+2),b
(1) 3048/     DDD : DD 74 01            		ld	(ix+1),h
(1) 3049/     DE0 : DD 75 00            		ld	(ix),l
(1) 3050/     DE3 : E7                  		rst	20h			; TODO
(1) 3051/     DE4 : CF                  		rst	8
(1) 3052/     DE5 : 78                  		ld	a,b
(1) 3053/     DE6 : 01 28 00            		ld	bc,28h			; <- size
(1) 3054/     DE9 : CD C4 0F            		call	readRom			; *** ROM ACCESS ***
(1) 3055/     DEC :                     .same_patch:
(1) 3056/     DEC : C1                  		pop	bc
(1) 3057/     DED : E1                  		pop	hl
(1) 3058/     DEE : DD E1               		pop	ix
(1) 3059/     DF0 : C9                  		ret
(1) 3060/     DF1 :                     
(1) 3061/     DF1 :                     ; ----------------------------------------
(1) 3062/     DF1 :                     
(1) 3063/     DF1 :                     .ins_dac:
(1) 3064/     DF1 : E5                  		push	hl
(1) 3065/     DF2 : C5                  		push	bc
(1) 3066/     DF3 : CD 0D 12            		call	dac_off
(1) 3067/     DF6 : 7E                  		ld	a,(hl)
(1) 3068/     DF7 : E6 0F               		and	00001111b
(1) 3069/     DF9 : 32 0B 1C            		ld	(wave_Flags),a
(1) 3070/     DFC : CF                  		rst	8
(1) 3071/     DFD : 23                  		inc	hl
(1) 3072/     DFE : 23                  		inc	hl
(1) 3073/     DFF : 5E                  		ld	e,(hl)
(1) 3074/     E00 : 23                  		inc	hl
(1) 3075/     E01 : 7E                  		ld	a,(hl)
(1) 3076/     E02 : 23                  		inc	hl
(1) 3077/     E03 : 6E                  		ld	l,(hl)
(1) 3078/     E04 : 67                  		ld	h,a
(1) 3079/     E05 : E5                  		push	hl
(1) 3080/     E06 : 7B                  		ld	a,e
(1) 3081/     E07 : 01 06 00            		ld	bc,6		; Skip head
(1) 3082/     E0A : 09                  		add	hl,bc
(1) 3083/     E0B : CE 00               		adc	a,0
(1) 3084/     E0D : 22 00 1C            		ld	(wave_Start),hl	; Set START point
(1) 3085/     E10 : 32 02 1C            		ld	(wave_Start+2),a
(1) 3086/     E13 : E1                  		pop	hl
(1) 3087/     E14 : 7B                  		ld	a,e
(1) 3088/     E15 : 11 DC 17            		ld	de,sampleHead
(1) 3089/     E18 : 01 06 00            		ld	bc,6
(1) 3090/     E1B : D5                  		push	de
(1) 3091/     E1C : CF                  		rst	8
(1) 3092/     E1D : CD C4 0F            		call	readRom	; *** ROM ACCESS ***
(1) 3093/     E20 : E1                  		pop	hl
(1) 3094/     E21 :                     	; hl - temporal header
(1) 3095/     E21 : 5E                  		ld	e,(hl)
(1) 3096/     E22 : 23                  		inc	hl
(1) 3097/     E23 : 56                  		ld	d,(hl)
(1) 3098/     E24 : 23                  		inc	hl
(1) 3099/     E25 : 7E                  		ld	a,(hl)
(1) 3100/     E26 : 23                  		inc	hl
(1) 3101/     E27 : ED 53 03 1C         		ld	(wave_Len),de	; LEN
(1) 3102/     E2B : 32 05 1C            		ld	(wave_Len+2),a
(1) 3103/     E2E : 5E                  		ld	e,(hl)
(1) 3104/     E2F : 23                  		inc	hl
(1) 3105/     E30 : CF                  		rst	8
(1) 3106/     E31 : 56                  		ld	d,(hl)
(1) 3107/     E32 : 23                  		inc	hl
(1) 3108/     E33 : 7E                  		ld	a,(hl)
(1) 3109/     E34 : 23                  		inc	hl
(1) 3110/     E35 : ED 53 06 1C         		ld	(wave_Loop),de	; LOOP
(1) 3111/     E39 : 32 08 1C            		ld	(wave_Loop+2),a
(1) 3112/     E3C : 11 06 28            		ld	de,2806h	; keys off
(1) 3113/     E3F : CD E2 11            		call	fm_send_1
(1) 3114/     E42 : C1                  		pop	bc
(1) 3115/     E43 : E1                  		pop	hl
(1) 3116/     E44 :                     ; .same_dac:
(1) 3117/     E44 : C9                  		ret
(1) 3118/     E45 :                     
(1) 3119/     E45 :                     ; ----------------------------------------
(1) 3120/     E45 :                     
(1) 3121/     E45 :                     .ins_pcm:
(1) 3122/     E45 : DD E5               		push	ix
(1) 3123/     E47 : E5                  		push	hl
(1) 3124/     E48 : C5                  		push	bc
(1) 3125/     E49 : 7E                  		ld	a,(hl)		; Stereo|Loop bits
(1) 3126/     E4A : E6 01               		and	00000001b	; Read loop bit
(1) 3127/     E4C : 0F                  		rrca			; Move to MSB
(1) 3128/     E4D : CF                  		rst	8
(1) 3129/     E4E : 23                  		inc	hl		; Skip ID and Pitch
(1) 3130/     E4F : 23                  		inc	hl
(1) 3131/     E50 : 5E                  		ld	e,(hl)		; Read 24-bit pointer
(1) 3132/     E51 : B3                  		or	e
(1) 3133/     E52 : 5F                  		ld	e,a
(1) 3134/     E53 : 23                  		inc	hl
(1) 3135/     E54 : 7E                  		ld	a,(hl)
(1) 3136/     E55 : 23                  		inc	hl
(1) 3137/     E56 : 6E                  		ld	l,(hl)
(1) 3138/     E57 : 67                  		ld	h,a
(1) 3139/     E58 :                     	; d    - Loop enable bit
(1) 3140/     E58 :                     	; e,hl - 24-bit pointer + loop bit
(1) 3141/     E58 : CF                  		rst	8
(1) 3142/     E59 : DD 21 C0 14         		ld	ix,pcmcom
(1) 3143/     E5D : 06 00               		ld	b,0
(1) 3144/     E5F : FD 4E 03            		ld	c,(iy+ztbl_Chip)
(1) 3145/     E62 : DD 09               		add	ix,bc
(1) 3146/     E64 : 01 28 00            		ld	bc,40		; Go to 40
(1) 3147/     E67 : DD 09               		add	ix,bc
(1) 3148/     E69 : 01 08 00            		ld	bc,8
(1) 3149/     E6C : DD 73 00            		ld	(ix),e		; Write 24-bit pointer
(1) 3150/     E6F : DD 09               		add	ix,bc
(1) 3151/     E71 : DD 74 00            		ld	(ix),h
(1) 3152/     E74 : DD 09               		add	ix,bc
(1) 3153/     E76 : CF                  		rst	8
(1) 3154/     E77 : DD 75 00            		ld	(ix),l
(1) 3155/     E7A : C1                  		pop	bc
(1) 3156/     E7B : E1                  		pop	hl
(1) 3157/     E7C : DD E1               		pop	ix
(1) 3158/     E7E : 3E 01               		ld	a,1
(1) 3159/     E80 : 32 BF 17            		ld	(mcdUpd),a
(1) 3160/     E83 : C9                  		ret
(1) 3161/     E84 :                     
(1) 3162/     E84 :                     ; ----------------------------------------
(1) 3163/     E84 :                     
(1) 3164/     E84 :                     .ins_pwm:
(1) 3165/     E84 : DD E5               		push	ix
(1) 3166/     E86 : E5                  		push	hl
(1) 3167/     E87 : C5                  		push	bc
(1) 3168/     E88 : 7E                  		ld	a,(hl)		; Stereo|Loop bits
(1) 3169/     E89 : E6 03               		and	00000011b
(1) 3170/     E8B : 0F                  		rrca
(1) 3171/     E8C : 0F                  		rrca
(1) 3172/     E8D : 4F                  		ld	c,a
(1) 3173/     E8E : CF                  		rst	8
(1) 3174/     E8F : 23                  		inc	hl		; Skip ID and Pitch
(1) 3175/     E90 : 23                  		inc	hl
(1) 3176/     E91 : 56                  		ld	d,(hl)
(1) 3177/     E92 : 23                  		inc	hl
(1) 3178/     E93 : 5E                  		ld	e,(hl)
(1) 3179/     E94 : 23                  		inc	hl
(1) 3180/     E95 : 7E                  		ld	a,(hl)
(1) 3181/     E96 : 23                  		inc	hl
(1) 3182/     E97 : 6E                  		ld	l,(hl)
(1) 3183/     E98 : 67                  		ld	h,a
(1) 3184/     E99 : 79                  		ld	a,c
(1) 3185/     E9A : B2                  		or	d
(1) 3186/     E9B : 57                  		ld	d,a
(1) 3187/     E9C : CF                  		rst	8
(1) 3188/     E9D :                     	; de,hl - 32-bit PWM pointer
(1) 3189/     E9D : DD 21 00 15         		ld	ix,pwmcom
(1) 3190/     EA1 : 06 00               		ld	b,0
(1) 3191/     EA3 : FD 4E 03            		ld	c,(iy+ztbl_Chip)
(1) 3192/     EA6 : DD 09               		add	ix,bc
(1) 3193/     EA8 : 01 18 00            		ld	bc,24
(1) 3194/     EAB : DD 09               		add	ix,bc		; Move to PWOUTF
(1) 3195/     EAD : 01 08 00            		ld	bc,8
(1) 3196/     EB0 : DD 72 00            		ld	(ix),d
(1) 3197/     EB3 : DD 09               		add	ix,bc
(1) 3198/     EB5 : DD 73 00            		ld	(ix),e
(1) 3199/     EB8 : DD 09               		add	ix,bc
(1) 3200/     EBA : DD 74 00            		ld	(ix),h
(1) 3201/     EBD : CF                  		rst	8
(1) 3202/     EBE : DD 09               		add	ix,bc
(1) 3203/     EC0 : DD 75 00            		ld	(ix),l
(1) 3204/     EC3 : C1                  		pop	bc
(1) 3205/     EC4 : E1                  		pop	hl
(1) 3206/     EC5 : DD E1               		pop	ix
(1) 3207/     EC7 : 3E 01               		ld	a,1
(1) 3208/     EC9 : 32 BE 17            		ld	(marsUpd),a
(1) 3209/     ECC : C9                  		ret
(1) 3210/     ECD :                     		
(1) 3211/     ECD :                     ; ----------------------------------------
(1) 3212/     ECD :                     .ins_pco:
(1) 3213/     ECD :                     		;!@ TODO
(1) 3214/     ECD : C9                  		ret
(1) 3215/     ECE :                     
(1) 3216/     ECE :                     ; ----------------------------------------
(1) 3217/     ECE :                     ; NEW note
(1) 3218/     ECE :                     ; ----------------------------------------
(1) 3219/     ECE :                     
(1) 3220/     ECE :                     .note:
(1) 3221/     ECE : 78                  		ld	a,b			; Volume bit?
(1) 3222/     ECF : E6 04               		and	0100b
(1) 3223/     ED1 : 20 05               		jr	nz,.fm_hasvol
(1) 3224/     ED3 : FD 36 07 00         		ld	(iy+ztbl_Volume),0	; Reset to default volume
(1) 3225/     ED7 : CF                  		rst	8
(1) 3226/     ED8 :                     .fm_hasvol:
(1) 3227/     ED8 : DD 7E 02            		ld	a,(ix+chnl_Note)
(1) 3228/     EDB : 4F                  		ld	c,a
(1) 3229/     EDC : FE FF               		cp	-1
(1) 3230/     EDE : C8                  		ret	z
(1) 3231/     EDF : FE FE               		cp	-2
(1) 3232/     EE1 : C8                  		ret	z
(1) 3233/     EE2 : CF                  		rst	8
(1) 3234/     EE3 : 7E                  		ld	a,(hl)
(1) 3235/     EE4 : E6 F0               		and	11110000b
(1) 3236/     EE6 : FE A0               		cp	0A0h
(1) 3237/     EE8 : 28 0B               		jr	z,.n_fm
(1) 3238/     EEA :                     
(1) 3239/     EEA :                     ; --------------------------------
(1) 3240/     EEA :                     
(1) 3241/     EEA :                     .n_indx:
(1) 3242/     EEA : 79                  		ld	a,c
(1) 3243/     EEB :                     .n_stfreq:
(1) 3244/     EEB : 23                  		inc	hl			; Skip ID
(1) 3245/     EEC : 5E                  		ld	e,(hl)			; Read pitch
(1) 3246/     EED : 2B                  		dec	hl
(1) 3247/     EEE : 83                  		add	a,e			; Note + pitch
(1) 3248/     EEF : CF                  		rst	8
(1) 3249/     EF0 : 87                  		add	a,a			; * 2
(1) 3250/     EF1 : FD 77 05            		ld	(iy+ztbl_FreqIndx),a
(1) 3251/     EF4 : C9                  		ret
(1) 3252/     EF5 :                     
(1) 3253/     EF5 :                     ; --------------------------------
(1) 3254/     EF5 :                     ; FM custom search
(1) 3255/     EF5 :                     
(1) 3256/     EF5 :                     .n_fm:
(1) 3257/     EF5 : 79                  		ld	a,c
(1) 3258/     EF6 : 23                  		inc	hl		; Skip ID
(1) 3259/     EF7 : 5E                  		ld	e,(hl)		; Read pitch
(1) 3260/     EF8 : 2B                  		dec	hl
(1) 3261/     EF9 : CF                  		rst	8
(1) 3262/     EFA : 83                  		add	a,e		; Note + pitch
(1) 3263/     EFB :                     	; Search for octave and note...
(1) 3264/     EFB : 0E 00               		ld	c,0		; c - octave
(1) 3265/     EFD : 16 07               		ld	d,7
(1) 3266/     EFF :                     .get_oct:
(1) 3267/     EFF : 5F                  		ld	e,a		; e - note
(1) 3268/     F00 : D6 0C               		sub	12
(1) 3269/     F02 : FA 09 0F            		jp	m,.fnd_oct
(1) 3270/     F05 : 0C                  		inc	c
(1) 3271/     F06 : 15                  		dec	d
(1) 3272/     F07 : 20 F6               		jr	nz,.get_oct
(1) 3273/     F09 :                     .fnd_oct:
(1) 3274/     F09 : CF                  		rst	8
(1) 3275/     F0A : 7B                  		ld	a,e
(1) 3276/     F0B : 87                  		add	a,a			; Note * 2
(1) 3277/     F0C : E6 1F               		and	00011111b
(1) 3278/     F0E : CB 09               		rrc	c
(1) 3279/     F10 : CB 09               		rrc	c
(1) 3280/     F12 : CB 09               		rrc	c
(1) 3281/     F14 : CF                  		rst	8
(1) 3282/     F15 : B1                  		or	c
(1) 3283/     F16 : FD 77 05            		ld	(iy+ztbl_FreqIndx),a	; Save octave + index: OOOiiiiib
(1) 3284/     F19 : C9                  		ret
(1) 3285/     F1A :                     
(1) 3286/     F1A :                     ; ----------------------------------------
(1) 3287/     F1A :                     ; Unlock channel
(1) 3288/     F1A :                     ; ----------------------------------------
(1) 3289/     F1A :                     
(1) 3290/     F1A :                     .chnl_ulnk:
(1) 3291/     F1A : DD 56 01            		ld	d,(ix+chnl_Chip)
(1) 3292/     F1D : CF                  		rst	8
(1) 3293/     F1E : FD E5               		push	iy
(1) 3294/     F20 : E1                  		pop	hl
(1) 3295/     F21 :                     
(1) 3296/     F21 :                     ; ----------------------------------------
(1) 3297/     F21 :                     ; Reset all table
(1) 3298/     F21 :                     ;
(1) 3299/     F21 :                     ; Input:
(1) 3300/     F21 :                     ; hl - Channel table
(1) 3301/     F21 :                     ; d  - Silence chip
(1) 3302/     F21 :                     ;
(1) 3303/     F21 :                     ; Uses:
(1) 3304/     F21 :                     ; b,de,hl
(1) 3305/     F21 :                     ; ----------------------------------------
(1) 3306/     F21 :                     
(1) 3307/     F21 :                     tblz_clear:
(1) 3308/     F21 : 06 0E               		ld	b,MAX_TBLSIZE-4
(1) 3309/     F23 : AF                  		xor	a
(1) 3310/     F24 : 77                  		ld	(hl),a			; 0 - Delete link
(1) 3311/     F25 : 23                  		inc	hl
(1) 3312/     F26 : 77                  		ld	(hl),a
(1) 3313/     F27 : 23                  		inc	hl
(1) 3314/     F28 : 72                  		ld	(hl),d			; 2 - Write silence request
(1) 3315/     F29 : 23                  		inc	hl
(1) 3316/     F2A : 23                  		inc	hl			; 3 - skip ID
(1) 3317/     F2B :                     .clr_all:
(1) 3318/     F2B : 77                  		ld	(hl),a
(1) 3319/     F2C : 23                  		inc	hl
(1) 3320/     F2D : 10 FC               		djnz	.clr_all
(1) 3321/     F2F : C9                  		ret
(1) 3322/     F30 :                     
(1) 3323/     F30 :                     ; ============================================================
(1) 3324/     F30 :                     ; --------------------------------------------------------
(1) 3325/     F30 :                     ; Communication with the SCD and 32X
(1) 3326/     F30 :                     ;
(1) 3327/     F30 :                     ; SCD: Sends a level2 interrupt to Sub-CPU
(1) 3328/     F30 :                     ;    | Uses: commM,comm18-1F
(1) 3329/     F30 :                     ;    |
(1) 3330/     F30 :                     ; 32X: Interrupts Slave SH2
(1) 3331/     F30 :                     ;    | Uses: comm8-comm11 (CMD request)
(1) 3332/     F30 :                     ;    | two bits of comm14
(1) 3333/     F30 :                     ; --------------------------------------------------------
(1) 3334/     F30 :                     
(1) 3335/     F30 :                     zmars_send:
(1) 3336/     F30 :                     	; ----------------------------------------
(1) 3337/     F30 :                     	; Send PCM table
(1) 3423/     F30 :                     	; ----------------------------------------
(1) 3424/     F30 :                     	; Send PWM table
(1) 3504/     F30 : C9                  		ret
(1) 3505/     F31 :                     
(1) 3506/     F31 :                     ; --------------------------------------------------------
(1) 3507/     F31 :                     ; Set bank to $A10000 area
(1) 3523/     F31 :                     
(1) 3524/     F31 :                     ; ====================================================================
(1) 3525/     F31 :                     ; ----------------------------------------------------------------
(1) 3526/     F31 :                     ; Subroutines
(1) 3527/     F31 :                     ; ----------------------------------------------------------------
(1) 3528/     F31 :                     
(1) 3529/     F31 :                     ; --------------------------------------------------------
(1) 3530/     F31 :                     ; Init sound engine
(1) 3531/     F31 :                     ; --------------------------------------------------------
(1) 3532/     F31 :                     
(1) 3533/     F31 :                     gema_init:
(1) 3534/     F31 : CD 1C 13            		call	gema_lastbank		; Set last bank slot, solves problem with 32X
(1) 3535/     F34 : CD 0D 12            		call	dac_off
(1) 3536/     F37 :                     		;!@ Pico TODO
(1) 3537/     F37 : AF                  		xor	a		
(1) 3538/     F38 : 32 BE 17            		ld	(marsUpd),a
(1) 3539/     F3B : 32 BF 17            		ld	(mcdUpd),a
(1) 3540/     F3E : 32 87 1F            		ld	(cdRamLen),a
(1) 3541/     F41 : FD 21 EA 17         		ld	iy,nikona_BuffList
(1) 3542/     F45 : 0E 01               		ld	c,1			; Start at this priority
(1) 3543/     F47 :                     .setup_list:
(1) 3544/     F47 : FD 7E 00            		ld	a,(iy)
(1) 3545/     F4A : FE FF               		cp	-1
(1) 3546/     F4C : 28 24               		jr	z,.end_setup
(1) 3547/     F4E : FD 23               		inc	iy
(1) 3548/     F50 : 6F                  		ld	l,a
(1) 3549/     F51 : FD 66 00            		ld	h,(iy)
(1) 3550/     F54 : E5                  		push	hl
(1) 3551/     F55 : DD E1               		pop	ix
(1) 3552/     F57 : DD 71 14            		ld	(ix+seq_Priority),c
(1) 3553/     F5A : DD 36 01 FF         		ld	(ix+seq_Num),-1	; Reset sequence ID
(1) 3554/     F5E : FD 23               		inc	iy
(1) 3555/     F60 :                     	; iy - src
(1) 3556/     F60 :                     	; hl - dst
(1) 3557/     F60 : 11 04 00            		ld	de,seq_Blocks
(1) 3558/     F63 : 19                  		add	hl,de
(1) 3559/     F64 : 06 06               		ld	b,MAX_BUFFNTRY-2
(1) 3560/     F66 :                     .st_copy:
(1) 3561/     F66 : FD 7E 00            		ld	a,(iy)
(1) 3562/     F69 : 77                  		ld	(hl),a
(1) 3563/     F6A : FD 23               		inc	iy
(1) 3564/     F6C : 23                  		inc	hl
(1) 3565/     F6D : 10 F7               		djnz	.st_copy
(1) 3566/     F6F : 0C                  		inc	c
(1) 3567/     F70 : 18 D5               		jr	.setup_list
(1) 3568/     F72 :                     .end_setup:
(1) 3569/     F72 :                     
(1) 3570/     F72 : 11 0B 22            		ld	de,2208h|03h	; Set Default LFO
(1) 3571/     F75 : CD E2 11            		call	fm_send_1
(1) 3572/     F78 : 11 00 27            		ld	de,2700h	; CH3 special/timers OFF
(1) 3573/     F7B : CD E2 11            		call	fm_send_1
(1) 3574/     F7E :                     ; 		ld	de,2800h
(1) 3575/     F7E : 14                  		inc	d		; FM KEYS off
(1) 3576/     F7F : CD E2 11            		call	fm_send_1
(1) 3577/     F82 : 1C                  		inc	e
(1) 3578/     F83 : CD E2 11            		call	fm_send_1
(1) 3579/     F86 : 1C                  		inc	e
(1) 3580/     F87 : CD E2 11            		call	fm_send_1
(1) 3581/     F8A : 1C                  		inc	e
(1) 3582/     F8B : 1C                  		inc	e
(1) 3583/     F8C : CD E2 11            		call	fm_send_1
(1) 3584/     F8F : 1C                  		inc	e
(1) 3585/     F90 : CD E2 11            		call	fm_send_1
(1) 3586/     F93 : 1C                  		inc	e
(1) 3587/     F94 : CD E2 11            		call	fm_send_1
(1) 3588/     F97 : 21 11 7F            		ld	hl,Zpsg_ctrl	; Silence PSG channels
(1) 3589/     F9A : 36 9F               		ld	(hl),09Fh
(1) 3590/     F9C : 36 BF               		ld	(hl),0BFh
(1) 3591/     F9E : 36 DF               		ld	(hl),0DFh
(1) 3592/     FA0 : 36 FF               		ld	(hl),0FFh		
(1) 3593/     FA2 : C9                  		ret
(1) 3594/     FA3 :                     
(1) 3595/     FA3 :                     ; --------------------------------------------------------
(1) 3596/     FA3 :                     ; get_tick
(1) 3597/     FA3 :                     ;
(1) 3598/     FA3 :                     ; Checks if VBlank triggred a TICK
(1) 3599/     FA3 :                     ; (1/150 NTSC, 1/120 PAL)
(1) 3600/     FA3 :                     ; --------------------------------------------------------
(1) 3601/     FA3 :                     
(1) 3602/     FA3 :                     get_tick:
(1) 3603/     FA3 : F3                  		di				; Disable ints
(1) 3604/     FA4 : F5                  		push	af
(1) 3605/     FA5 : E5                  		push	hl
(1) 3606/     FA6 : 21 0D 1C            		ld	hl,tickFlag		; read last TICK flag
(1) 3607/     FA9 : 7E                  		ld	a,(hl)			; non-zero value (1Fh)?
(1) 3608/     FAA : B7                  		or 	a
(1) 3609/     FAB : 28 13               		jr	z,.ctnotick
(1) 3610/     FAD : 36 00               		ld	(hl),0			; Reset TICK flag
(1) 3611/     FAF : 23                  		inc	hl			; Move to tickCnt
(1) 3612/     FB0 : 34                  		inc	(hl)			; and increment
(1) 3613/     FB1 : CF                  		rst	8
(1) 3614/     FB2 : D5                  		push	de
(1) 3615/     FB3 : 2A 31 00            		ld	hl,(sbeatAcc)		; Increment subbeats
(1) 3616/     FB6 : ED 5B 33 00         		ld	de,(sbeatPtck)
(1) 3617/     FBA : CF                  		rst	8
(1) 3618/     FBB : 19                  		add	hl,de
(1) 3619/     FBC : 22 31 00            		ld	(sbeatAcc),hl
(1) 3620/     FBF : D1                  		pop	de
(1) 3621/     FC0 :                     .ctnotick:
(1) 3622/     FC0 : E1                  		pop	hl
(1) 3623/     FC1 : F1                  		pop	af
(1) 3624/     FC2 : FB                  		ei				; Enable ints again
(1) 3625/     FC3 : C9                  		ret
(1) 3626/     FC4 :                     
(1) 3627/     FC4 :                     ; --------------------------------------------------------
(1) 3628/     FC4 :                     ; readRom
(1) 3629/     FC4 :                     ;
(1) 3630/     FC4 :                     ; Transfer bytes from ROM to Z80 RAM.
(1) 3631/     FC4 :                     ; This also tells to 68k that we want to access ROM
(1) 3632/     FC4 :                     ;
(1) 3633/     FC4 :                     ; Input:
(1) 3634/     FC4 :                     ; a  | 68K Address $xx0000
(1) 3635/     FC4 :                     ;  c | Byte count (size 0 NOT allowed, MAX: 0FFh)
(1) 3636/     FC4 :                     ; hl | 68K Address $00xxxx
(1) 3637/     FC4 :                     ; de | Destination pointer
(1) 3638/     FC4 :                     ;
(1) 3639/     FC4 :                     ; Uses:
(1) 3640/     FC4 :                     ; b
(1) 3641/     FC4 :                     ;
(1) 3642/     FC4 :                     ; Notes:
(1) 3643/     FC4 :                     ; call RST 20h first, so the currenty playing DAC
(1) 3644/     FC4 :                     ; sample has enough data before getting busy here.
(1) 3645/     FC4 :                     ; --------------------------------------------------------
(1) 3646/     FC4 :                     
(1) 3647/     FC4 :                     readRom:
(1) 3648/     FC4 : DD E5               		push	ix
(1) 3649/     FC6 : DD 21 81 1F         		ld	ix,commZRomBlk		; ix - rom read/block flags
(1) 3650/     FCA : FE FF               		cp	0FFh			; Reading from 68k's RAM?
(1) 3651/     FCC : 28 3D               		jr	z,.from_ram
(1) 3652/     FCE : CF                  		rst	8
(1) 3653/     FCF : 22 35 00            		ld	(x68ksrclsb),hl		; Backup midlow address
(1) 3654/     FD2 : CB BC               		res	7,h			; Reset MSB bit 7
(1) 3655/     FD4 : 06 00               		ld	b,0			; Clear b
(1) 3656/     FD6 : 0B                  		dec	bc			; len-1
(1) 3657/     FD7 : 09                  		add	hl,bc			; Add len to the mid and low to this temp address
(1) 3658/     FD8 : CB 7C               		bit	7,h			; Did it cross the bank?
(1) 3659/     FDA : 20 0B               		jr	nz,.double		; Then it's a double transfer
(1) 3660/     FDC : 2A 35 00            		ld	hl,(x68ksrclsb)		; Restore hl
(1) 3661/     FDF : 0C                  		inc	c			; len+1
(1) 3662/     FE0 : 47                  		ld	b,a			; b - $xx0000
(1) 3663/     FE1 : CD 2B 10            		call	.transfer
(1) 3664/     FE4 : DD E1               		pop	ix
(1) 3665/     FE6 : C9                  		ret
(1) 3666/     FE7 :                     .double:
(1) 3667/     FE7 : CF                  		rst	8
(1) 3668/     FE8 : 47                  		ld	b,a			; b - $xx0000
(1) 3669/     FE9 : C5                  		push	bc			; Backup len and midlow address
(1) 3670/     FEA : E5                  		push	hl
(1) 3671/     FEB : 79                  		ld	a,c			; len - LSB
(1) 3672/     FEC : 95                  		sub	a,l
(1) 3673/     FED : 4F                  		ld	c,a			; Save new size
(1) 3674/     FEE : 2A 35 00            		ld	hl,(x68ksrclsb)		; Restore TOP
(1) 3675/     FF1 : CD 2B 10            		call	.transfer
(1) 3676/     FF4 : E1                  		pop	hl			; Restore len and midlow address
(1) 3677/     FF5 : C1                  		pop	bc
(1) 3678/     FF6 : 4D                  		ld	c,l			; Get second len
(1) 3679/     FF7 : 0C                  		inc	c
(1) 3680/     FF8 : 3A 36 00            		ld	a,(x68ksrcmid)
(1) 3681/     FFB : E6 80               		and	80h
(1) 3682/     FFD : C6 80               		add	a,80h
(1) 3683/     FFF : 67                  		ld	h,a
(1) 3684/    1000 : 2E 00               		ld	l,0
(1) 3685/    1002 : 30 01               		jr	nc,.x68knocarry
(1) 3686/    1004 : 04                  		inc	b			; Next $xx0000
(1) 3687/    1005 :                     .x68knocarry:
(1) 3688/    1005 : CD 2B 10            		call	.transfer
(1) 3689/    1008 : DD E1               		pop	ix
(1) 3690/    100A : C9                  		ret
(1) 3691/    100B :                     
(1) 3692/    100B :                     ; ------------------------------------------------
(1) 3693/    100B :                     ; WORKAROUND FOR READING FROM $FF0000 RAM
(1) 3694/    100B :                     ;
(1) 3695/    100B :                     ; On the 68K side YOU MUST CALL
(1) 3696/    100B :                     ; gemaSendRam manually and every time, normally
(1) 3697/    100B :                     ; from a Vblank wait-loop.
(1) 3698/    100B :                     ; ------------------------------------------------
(1) 3699/    100B :                     
(1) 3700/    100B :                     .from_ram:
(1) 3701/    100B : ED 53 82 1F         		ld	(cdRamDst),de			; Show variables
(1) 3702/    100F : 22 84 1F            		ld	(cdRamSrc),hl
(1) 3703/    1012 : 32 86 1F            		ld	(cdRamSrcB),a
(1) 3704/    1015 : CD 1C 13            		call	gema_lastbank			; Set bank to $FF8000 area
(1) 3705/    1018 : CF                  		rst	8
(1) 3706/    1019 : 79                  		ld	a,c
(1) 3707/    101A : 32 87 1F            		ld	(cdRamLen),a			; Show length
(1) 3708/    101D : 21 FF FD            		ld	hl,RAM_ZCdFlagD&07FFFh+8000h	; ** 68K LABEL **
(1) 3709/    1020 : 36 01               		ld	(hl),1				; WRITE flag
(1) 3710/    1022 :                     .wait:
(1) 3711/    1022 : 3A 87 1F            		ld	a,(cdRamLen)			; Wait until 68K clears
(1) 3712/    1025 : B7                  		or	a
(1) 3713/    1026 : 20 FA               		jr	nz,.wait
(1) 3714/    1028 : DD E1               		pop	ix
(1) 3715/    102A : C9                  		ret
(1) 3716/    102B :                     
(1) 3717/    102B :                     ; ------------------------------------------------
(1) 3718/    102B :                     ; b  - Source ROM $xx0000
(1) 3719/    102B :                     ;  c - Bytes to transfer (00h is invalid)
(1) 3720/    102B :                     ; hl - Source ROM $00xxxx | 8000h
(1) 3721/    102B :                     ; de - Output location
(1) 3722/    102B :                     ; ix - ROM-block flag
(1) 3723/    102B :                     ; ------------------------------------------------
(1) 3724/    102B :                     
(1) 3725/    102B :                     .transfer:
(1) 3726/    102B : CF                  		rst	8
(1) 3727/    102C : E5                  		push	hl
(1) 3728/    102D : 7C                  		ld	a,h
(1) 3729/    102E : 21 00 60            		ld	hl,6000h
(1) 3730/    1031 : 07                  		rlca
(1) 3731/    1032 : 77                  		ld	(hl),a
(1) 3732/    1033 : 78                  		ld	a,b
(1) 3733/    1034 : CF                  		rst	8
(1) 3734/    1035 : 77                  		ld	(hl),a
(1) 3735/    1036 : 0F                  		rrca
(1) 3736/    1037 : 77                  		ld	(hl),a
(1) 3737/    1038 : 0F                  		rrca
(1) 3738/    1039 : 77                  		ld	(hl),a
(1) 3739/    103A : 0F                  		rrca
(1) 3740/    103B : 77                  		ld	(hl),a
(1) 3741/    103C : 0F                  		rrca
(1) 3742/    103D : CF                  		rst	8
(1) 3743/    103E : 77                  		ld	(hl),a
(1) 3744/    103F : 0F                  		rrca
(1) 3745/    1040 : 77                  		ld	(hl),a
(1) 3746/    1041 : 0F                  		rrca
(1) 3747/    1042 : 77                  		ld	(hl),a
(1) 3748/    1043 : 0F                  		rrca
(1) 3749/    1044 : 77                  		ld	(hl),a
(1) 3750/    1045 : E1                  		pop	hl
(1) 3751/    1046 : CB FC               		set	7,h
(1) 3752/    1048 : CF                  		rst	8
(1) 3753/    1049 :                     	; Transfer ROM data in packets
(1) 3754/    1049 :                     	; while playing the cache'd sample
(1) 3755/    1049 :                     	; *** CRITICAL PROCESS ***
(1) 3756/    1049 :                     	;
(1) 3757/    1049 :                     	; pseudo-ref for ldir:
(1) 3758/    1049 :                     	; ld (de),(hl)	; load memory (hl) to (de)
(1) 3759/    1049 :                     	; inc de	; incr de + 1
(1) 3760/    1049 :                     	; inc hl	; incr hl + 1
(1) 3761/    1049 :                     	; dec bc	; decr bc - 1
(1) 3762/    1049 : 06 00               		ld	b,0
(1) 3763/    104B : 79                  		ld	a,c		; a - Size counter
(1) 3764/    104C : D6 09               		sub	MAX_TRFRPZ	; Length lower than MAX_TRFRPZ?
(1) 3765/    104E : 38 14               		jr	c,.x68klast	; Process single piece only
(1) 3766/    1050 :                     .x68kloop:
(1) 3767/    1050 : CF                  		rst	8
(1) 3768/    1051 : 00                  		nop
(1) 3769/    1052 : 0E 08               		ld	c,MAX_TRFRPZ-1
(1) 3770/    1054 : DD CB 00 46         		bit	0,(ix)		; Genesis blocks ROM?
(1) 3771/    1058 : C4 72 10            		call	nz,.x68klpwt
(1) 3772/    105B : ED B0               		ldir			; (de) to (hl) until bc == 0
(1) 3773/    105D : CF                  		rst	8
(1) 3774/    105E : 00                  		nop
(1) 3775/    105F : D6 08               		sub	a,MAX_TRFRPZ-1
(1) 3776/    1061 : D2 50 10            		jp	nc,.x68kloop
(1) 3777/    1064 :                     ; last block
(1) 3778/    1064 :                     .x68klast:
(1) 3779/    1064 : C6 09               		add	a,MAX_TRFRPZ
(1) 3780/    1066 : 4F                  		ld	c,a
(1) 3781/    1067 : DD CB 00 46         		bit	0,(ix)		; Genesis blocks ROM?
(1) 3782/    106B : C4 72 10            		call	nz,.x68klpwt
(1) 3783/    106E : ED B0               		ldir
(1) 3784/    1070 : CF                  		rst	8
(1) 3785/    1071 : C9                  		ret
(1) 3786/    1072 :                     
(1) 3787/    1072 :                     ; Wait here until Genesis unlocks ROM
(1) 3788/    1072 :                     .x68klpwt:
(1) 3789/    1072 : 00                  		nop
(1) 3790/    1073 : CF                  		rst	8
(1) 3791/    1074 : DD CB 00 46         		bit	0,(ix)		; 68k finished?
(1) 3792/    1078 : 20 F8               		jr	nz,.x68klpwt
(1) 3793/    107A : C9                  		ret
(1) 3794/    107B :                     
(1) 3795/    107B :                     ; ====================================================================
(1) 3796/    107B :                     ; ----------------------------------------------------------------
(1) 3797/    107B :                     ; Sound chip routines
(1) 3798/    107B :                     ; ----------------------------------------------------------------
(1) 3799/    107B :                     
(1) 3800/    107B :                     ; --------------------------------------------------------
(1) 3801/    107B :                     ; chip_env
(1) 3802/    107B :                     ;
(1) 3803/    107B :                     ; Process the PSG
(1) 3804/    107B :                     ; --------------------------------------------------------
(1) 3805/    107B :                     
(1) 3806/    107B :                     chip_env:
(1) 3810/    107B : FD 21 3B 15         		ld	iy,psgcom+3		; Start from NOISE first
(1) 3811/    107F : DD 21 11 7F         		ld	ix,Zpsg_ctrl
(1) 3812/    1083 : 0E E0               		ld	c,0E0h			; c - PSG first ctrl command
(1) 3813/    1085 : 06 04               		ld	b,4			; b - 4 channels
(1) 3814/    1087 :                     .vloop:
(1) 3815/    1087 : CF                  		rst	8
(1) 3816/    1088 : FD 5E 00            		ld	e,(iy+COM)		; e - current command
(1) 3817/    108B : FD 36 00 00         		ld	(iy+COM),0
(1) 3818/    108F :                     
(1) 3819/    108F :                     	; ----------------------------
(1) 3820/    108F :                     	; bit 2 - stop sound
(1) 3821/    108F : CB 53               		bit	2,e
(1) 3822/    1091 : 28 0C               		jr	z,.ckof
(1) 3823/    1093 : FD 36 04 FF         		ld	(iy+LEV),-1		; reset level
(1) 3824/    1097 : FD 36 28 01         		ld	(iy+FLG),1		; and update
(1) 3825/    109B : FD 36 18 00         		ld	(iy+MODE),0		; envelope off
(1) 3826/    109F :                     .ckof:
(1) 3827/    109F :                     	; ----------------------------
(1) 3828/    109F :                     	; bit 1 - key off
(1) 3829/    109F : CB 4B               		bit	1,e
(1) 3830/    10A1 : 28 0F               		jr      z,.ckon
(1) 3831/    10A3 : FD 7E 18            		ld	a,(iy+MODE)		; mode 0?
(1) 3832/    10A6 : B7                  		or	a
(1) 3833/    10A7 : 28 09               		jr	z,.ckon
(1) 3834/    10A9 : FD 36 28 01         		ld	(iy+FLG),1		; psg update flag
(1) 3835/    10AD : FD 36 18 04         		ld	(iy+MODE),100b		; set envelope mode 100b
(1) 3836/    10B1 : CF                  		rst	8
(1) 3837/    10B2 :                     .ckon:
(1) 3838/    10B2 :                     	; ----------------------------
(1) 3839/    10B2 :                     	; bit 0 - key on
(1) 3840/    10B2 : CB 43               		bit	0,e
(1) 3841/    10B4 : 28 1A               		jr	z,.envproc
(1) 3842/    10B6 : FD 36 04 FF         		ld	(iy+LEV),-1		; reset level
(1) 3843/    10BA : 78                  		ld	a,b
(1) 3844/    10BB : FE 04               		cp	4			; NOISE channel?
(1) 3845/    10BD : 20 08               		jr	nz,.nskip
(1) 3846/    10BF : CF                  		rst	8			; Set NOISE mode
(1) 3847/    10C0 : 3A 2F 00            		ld	a,(psgHatMode)		; write hat mode only.
(1) 3848/    10C3 : B1                  		or	c
(1) 3849/    10C4 : DD 77 00            		ld	(ix),a			; WRITE PSG
(1) 3850/    10C7 :                     .nskip:
(1) 3851/    10C7 : FD 36 28 01         		ld	(iy+FLG),1		; psg update flag
(1) 3852/    10CB : CF                  		rst	8
(1) 3853/    10CC : FD 36 18 01         		ld	(iy+MODE),001b		; set to attack mode
(1) 3854/    10D0 :                     .nblock:
(1) 3855/    10D0 :                     
(1) 3856/    10D0 :                     	; ----------------------------
(1) 3857/    10D0 :                     	; Process effects
(1) 3858/    10D0 :                     	; ----------------------------
(1) 3859/    10D0 :                     .envproc:
(1) 3860/    10D0 : FD 7E 18            		ld	a,(iy+MODE)
(1) 3861/    10D3 : B7                  		or	a			; no modes
(1) 3862/    10D4 : CA 5A 11            		jp	z,.vedlp
(1) 3863/    10D7 : FE 01               		cp 	001b			; Attack mode
(1) 3864/    10D9 : 20 2C               		jr	nz,.chk2
(1) 3865/    10DB : FD 36 28 01         		ld	(iy+FLG),1		; psg update flag
(1) 3866/    10DF : FD 5E 24            		ld	e,(iy+ALV)
(1) 3867/    10E2 : FD 7E 08            		ld	a,(iy+ATK)		; if ATK == 0, don't use
(1) 3868/    10E5 : B7                  		or	a
(1) 3869/    10E6 : 28 16               		jr	z,.atkend
(1) 3870/    10E8 : 57                  		ld	d,a			; c - attack rate
(1) 3871/    10E9 : 7B                  		ld	a,e			; a - attack level
(1) 3872/    10EA : CF                  		rst	8
(1) 3873/    10EB : FD 5E 24            		ld	e,(iy+ALV)		; b - OLD attack level
(1) 3874/    10EE : 92                  		sub	a,d			; (attack rate) - (level)
(1) 3875/    10EF : 38 0D               		jr	c,.atkend		; if carry: already finished
(1) 3876/    10F1 : 28 0B               		jr	z,.atkend		; if zero: no attack rate
(1) 3877/    10F3 : BB                  		cp	e			; attack rate == level?
(1) 3878/    10F4 : 38 08               		jr	c,.atkend
(1) 3879/    10F6 : 28 06               		jr	z,.atkend
(1) 3880/    10F8 : FD 77 04            		ld	(iy+LEV),a		; set new level
(1) 3881/    10FB : CF                  		rst	8
(1) 3882/    10FC : 18 5C               		jr	.vedlp
(1) 3883/    10FE :                     .atkend:
(1) 3884/    10FE : FD 73 04            		ld	(iy+LEV),e		; attack level = new level
(1) 3885/    1101 :                     .atkzero:
(1) 3886/    1101 : FD 36 18 02         		ld	(iy+MODE),010b		; set to decay mode
(1) 3887/    1105 : 18 53               		jr	.vedlp
(1) 3888/    1107 :                     .chk2:
(1) 3889/    1107 :                     
(1) 3890/    1107 : FE 02               		cp	010b			; Decay mode
(1) 3891/    1109 : 20 31               		jr	nz,.chk4
(1) 3892/    110B :                     .dectmr:
(1) 3893/    110B : FD 36 28 01         		ld	(iy+FLG),1		; psg update flag
(1) 3894/    110F : FD 7E 04            		ld	a,(iy+LEV)		; a - Level
(1) 3895/    1112 : FD 5E 10            		ld	e,(iy+SLV)		; b - Sustain
(1) 3896/    1115 : BB                  		cp	e
(1) 3897/    1116 : 38 0D               		jr	c,.dkadd		; if carry: add
(1) 3898/    1118 : 28 18               		jr	z,.dkyend		; if zero:  finish
(1) 3899/    111A : CF                  		rst	8
(1) 3900/    111B : FD 96 0C            		sub	(iy+DKY)		; substract decay rate
(1) 3901/    111E : 38 12               		jr	c,.dkyend		; finish if wraped.
(1) 3902/    1120 : BB                  		cp	e			; compare level
(1) 3903/    1121 : 38 0F               		jr	c,.dkyend		; and finish
(1) 3904/    1123 : 18 08               		jr	.dksav
(1) 3905/    1125 :                     .dkadd:
(1) 3906/    1125 : FD 86 0C            		add	a,(iy+DKY)		;  (level) + (decay rate)
(1) 3907/    1128 : 38 08               		jr	c,.dkyend		; finish if wraped.
(1) 3908/    112A : BB                  		cp	e			; compare level
(1) 3909/    112B : 30 05               		jr	nc,.dkyend
(1) 3910/    112D :                     .dksav:
(1) 3911/    112D : FD 77 04            		ld	(iy+LEV),a		; save new level
(1) 3912/    1130 : 18 28               		jr	.vedlp
(1) 3913/    1132 :                     .dkyend:
(1) 3914/    1132 : CF                  		rst	8
(1) 3915/    1133 : FD 73 04            		ld	(iy+LEV),e		; save last attack
(1) 3916/    1136 : FD 36 18 04         		ld	(iy+MODE),100b		; and set to sustain
(1) 3917/    113A : 18 1E               		jr	.vedlp
(1) 3918/    113C :                     .chk4:
(1) 3919/    113C : FE 04               		cp	100b			; Sustain phase
(1) 3920/    113E : 20 1A               		jr	nz,.vedlp
(1) 3921/    1140 : FD 36 28 01         		ld	(iy+FLG),1		; psg update flag
(1) 3922/    1144 : FD 7E 04            		ld	a,(iy+LEV)		; a - Level
(1) 3923/    1147 : CF                  		rst	8
(1) 3924/    1148 : FD 86 14            		add 	a,(iy+RRT)		; add Release Rate
(1) 3925/    114B : 38 05               		jr	c,.killenv		; release done
(1) 3926/    114D : FD 77 04            		ld	(iy+LEV),a		; set new Level
(1) 3927/    1150 : 18 08               		jr	.vedlp
(1) 3928/    1152 :                     .killenv:
(1) 3929/    1152 : FD 36 04 FF         		ld	(iy+LEV),-1		; Silence this channel
(1) 3930/    1156 : FD 36 18 00         		ld	(iy+MODE),0		; Reset mode
(1) 3931/    115A :                     .vedlp:
(1) 3932/    115A :                     	; ----------------------------
(1) 3933/    115A :                     	; PSG UPDATE
(1) 3934/    115A :                     	; ----------------------------
(1) 3935/    115A : FD 7E 28            		ld	a,(iy+FLG)
(1) 3936/    115D : B7                  		or	a
(1) 3937/    115E : 28 72               		jr	z,.noupd
(1) 3938/    1160 : FD 36 28 00         		ld	(iy+FLG),0	; Reset until next one
(1) 3939/    1164 : 59                  		ld	e,c
(1) 3940/    1165 : 3A 2F 00            		ld	a,(psgHatMode)
(1) 3941/    1168 : 57                  		ld	d,a
(1) 3942/    1169 : E6 03               		and	011b
(1) 3943/    116B : FE 03               		cp	011b
(1) 3944/    116D : 20 1D               		jr	nz,.normal
(1) 3945/    116F : CF                  		rst	8
(1) 3946/    1170 : 78                  		ld	a,b		; Channel 4?
(1) 3947/    1171 : FE 03               		cp	3
(1) 3948/    1173 : 28 13               		jr	z,.silnc_3
(1) 3949/    1175 : FE 04               		cp	4
(1) 3950/    1177 : 20 18               		jr	nz,.do_nfreq
(1) 3951/    1179 : 3A 2F 00            		ld	a,(psgHatMode)
(1) 3952/    117C : 57                  		ld	d,a
(1) 3953/    117D : E6 03               		and	011b
(1) 3954/    117F : CF                  		rst	8
(1) 3955/    1180 : FE 03               		cp	011b
(1) 3956/    1182 : 20 30               		jr	nz,.vonly
(1) 3957/    1184 : 1E C0               		ld	e,0C0h
(1) 3958/    1186 : 18 09               		jr	.do_nfreq
(1) 3959/    1188 :                     .silnc_3:
(1) 3960/    1188 : 3E FF               		ld	a,-1
(1) 3961/    118A : 18 32               		jr	.vlmuch
(1) 3962/    118C :                     .normal:
(1) 3963/    118C : 78                  		ld	a,b
(1) 3964/    118D : FE 04               		cp	4
(1) 3965/    118F : 28 23               		jr	z,.vonly
(1) 3966/    1191 :                     .do_nfreq:
(1) 3967/    1191 : FD 6E 1C            		ld	l,(iy+DTL)
(1) 3968/    1194 : FD 66 20            		ld	h,(iy+DTH)
(1) 3969/    1197 :                     	; freq effects go here
(1) 3970/    1197 :                     	; (save e FIRST.)
(1) 3971/    1197 :                     	;	push	de
(1) 3972/    1197 :                     	;	pop	de
(1) 3973/    1197 : 7D                  		ld	a,l		; Grab LSB 4 right bits
(1) 3974/    1198 : E6 0F               		and	00001111b
(1) 3975/    119A : B3                  		or	e		; OR with channel set in e
(1) 3976/    119B : CF                  		rst	8
(1) 3977/    119C : DD 77 00            		ld	(ix),a		; write it
(1) 3978/    119F : 7D                  		ld	a,l		; Grab LSB 4 left bits
(1) 3979/    11A0 : 0F                  		rrca
(1) 3980/    11A1 : 0F                  		rrca
(1) 3981/    11A2 : 0F                  		rrca
(1) 3982/    11A3 : 0F                  		rrca
(1) 3983/    11A4 : E6 0F               		and	00001111b
(1) 3984/    11A6 : 5F                  		ld	e,a
(1) 3985/    11A7 : 7C                  		ld	a,h		; Grab MSB bits
(1) 3986/    11A8 : CF                  		rst	8
(1) 3987/    11A9 : 07                  		rlca
(1) 3988/    11AA : 07                  		rlca
(1) 3989/    11AB : 07                  		rlca
(1) 3990/    11AC : 07                  		rlca
(1) 3991/    11AD : E6 30               		and	00110000b
(1) 3992/    11AF : B3                  		or	e
(1) 3993/    11B0 : DD 77 00            		ld	(ix),a
(1) 3994/    11B3 : CF                  		rst	8
(1) 3995/    11B4 :                     .vonly:
(1) 3996/    11B4 : FD 7E 30            		ld	a,(iy+MVOL)		; c - Level
(1) 3997/    11B7 : FD 86 04            		add	a,(iy+LEV)		; Add MASTER volume
(1) 3998/    11BA : 30 02               		jr	nc,.vlmuch
(1) 3999/    11BC : 3E FF               		ld	a,-1
(1) 4000/    11BE :                     .vlmuch:
(1) 4001/    11BE : CB 3F               		srl	a			; (Level >> 4)
(1) 4002/    11C0 : CB 3F               		srl	a
(1) 4003/    11C2 : CB 3F               		srl	a
(1) 4004/    11C4 : CF                  		rst	8
(1) 4005/    11C5 : CB 3F               		srl	a
(1) 4006/    11C7 : E6 0F               		and	00001111b		; Filter volume value
(1) 4007/    11C9 : B1                  		or	c			; and OR with current channel
(1) 4008/    11CA : F6 90               		or	90h			; Set volume-set mode
(1) 4009/    11CC : DD 77 00            		ld	(ix),a			; *** WRITE volume
(1) 4010/    11CF : FD 34 38            		inc	(iy+PTMR)		; Update general timer
(1) 4011/    11D2 :                     .noupd:
(1) 4012/    11D2 :                     	; ----------------------------
(1) 4013/    11D2 : FD 2B               		dec	iy			; next COM to check (backwards)
(1) 4014/    11D4 : 79                  		ld	a,c
(1) 4015/    11D5 : CF                  		rst	8
(1) 4016/    11D6 : D6 20               		sub	a,20h			; next PSG (backwards)
(1) 4017/    11D8 : 4F                  		ld	c,a
(1) 4018/    11D9 : 05                  		dec	b
(1) 4019/    11DA : C2 87 10            		jp	nz,.vloop
(1) 4020/    11DD : C9                  		ret
(1) 4021/    11DE :                     
(1) 4022/    11DE :                     ; ---------------------------------------------
(1) 4023/    11DE :                     ; FM register writes
(1) 4024/    11DE :                     ;
(1) 4025/    11DE :                     ; Input:
(1) 4026/    11DE :                     ; d - ctrl
(1) 4027/    11DE :                     ; e - data
(1) 4028/    11DE :                     ; ---------------------------------------------
(1) 4029/    11DE :                     
(1) 4030/    11DE :                     ; c - KeyID
(1) 4031/    11DE :                     fm_autoreg:
(1) 4032/    11DE : CB 51               		bit	2,c
(1) 4033/    11E0 : 20 0B               		jr	nz,fm_send_2
(1) 4034/    11E2 :                     
(1) 4035/    11E2 :                     ; Channels 1-3 and global registers
(1) 4036/    11E2 :                     fm_send_1:
(1) 4037/    11E2 : 7A                  		ld	a,d
(1) 4038/    11E3 : 32 00 40            		ld	(Zym_ctrl_1),a
(1) 4039/    11E6 : 00                  		nop
(1) 4040/    11E7 : 7B                  		ld	a,e
(1) 4041/    11E8 : 32 01 40            		ld	(Zym_data_1),a
(1) 4042/    11EB : 00                  		nop
(1) 4043/    11EC : C9                  		ret
(1) 4044/    11ED :                     ; Channels 4-6
(1) 4045/    11ED :                     fm_send_2:
(1) 4046/    11ED : 7A                  		ld	a,d
(1) 4047/    11EE : 32 02 40            		ld	(Zym_ctrl_2),a
(1) 4048/    11F1 : 00                  		nop
(1) 4049/    11F2 : 7B                  		ld	a,e
(1) 4050/    11F3 : 32 03 40            		ld	(Zym_data_2),a
(1) 4051/    11F6 : 00                  		nop
(1) 4052/    11F7 : C9                  		ret
(1) 4053/    11F8 :                     
(1) 4054/    11F8 :                     ; --------------------------------------------------------
(1) 4055/    11F8 :                     ; brute-force WAVE ON/OFF playback
(1) 4056/    11F8 :                     ; --------------------------------------------------------
(1) 4057/    11F8 :                     
(1) 4058/    11F8 :                     dac_on:
(1) 4059/    11F8 : 3E 2B               		ld	a,2Bh				;DAC Enable register
(1) 4060/    11FA : 32 00 40            		ld	(Zym_ctrl_1),a
(1) 4061/    11FD : 3E 80               		ld	a,80h				;Set to $80 (bit 7)=on
(1) 4062/    11FF : 32 01 40            		ld	(Zym_data_1),a
(1) 4063/    1202 : 3E D9               		ld 	a,zopcExx
(1) 4064/    1204 : 32 08 00            		ld	(dac_me),a
(1) 4065/    1207 : 3E F5               		ld 	a,zopcPushAf
(1) 4066/    1209 : 32 20 00            		ld	(dac_fill),a
(1) 4067/    120C : C9                  		ret
(1) 4068/    120D :                     dac_off:
(1) 4069/    120D : 3E 2B               		ld	a,2Bh				;DAC Enable register
(1) 4070/    120F : 32 00 40            		ld	(Zym_ctrl_1),a
(1) 4071/    1212 : 3E 00               		ld	a,00h				;Set to $00=off
(1) 4072/    1214 : 32 01 40            		ld	(Zym_data_1),a
(1) 4073/    1217 : 3E C9               		ld 	a,zopcRet
(1) 4074/    1219 : 32 08 00            		ld	(dac_me),a
(1) 4075/    121C : 3E C9               		ld 	a,zopcRet
(1) 4076/    121E : 32 20 00            		ld	(dac_fill),a
(1) 4077/    1221 : C9                  		ret
(1) 4078/    1222 :                     ; pco_off:
(1) 4079/    1222 :                     	; if PICO == 1
(1) 4080/    1222 :                     		; ;!@ TODO
(1) 4081/    1222 :                     		; ret
(1) 4082/    1222 :                     	; else
(1) 4083/    1222 :                     		; ret
(1) 4084/    1222 :                     	; endif
(1) 4085/    1222 :                     
(1) 4086/    1222 :                     ; --------------------------------------------------------
(1) 4087/    1222 :                     ; dac_play
(1) 4088/    1222 :                     ;
(1) 4089/    1222 :                     ; Plays a new sample
(1) 4090/    1222 :                     ;
(1) 4091/    1222 :                     ; NOTE:
(1) 4092/    1222 :                     ; Set wave_Flags and wave_Pitch externally
(1) 4093/    1222 :                     ; getting here.
(1) 4094/    1222 :                     ; --------------------------------------------------------
(1) 4095/    1222 :                     
(1) 4096/    1222 :                     dac_play:
(1) 4097/    1222 : F3                  		di
(1) 4098/    1223 : CD 0D 12            		call	dac_off
(1) 4099/    1226 : D9                  		exx				; flip exx regs
(1) 4100/    1227 : 01 1D 00            		ld	bc,dWaveBuff>>8		; bc - WAVFIFO MSB
(1) 4101/    122A : ED 5B 09 1C         		ld	de,(wave_Pitch)		; de - Pitch
(1) 4102/    122E : 21 00 00            		ld	hl,(dWaveBuff&0FFh)<<8	; hl - WAVFIFO LSB pointer (xx.00)
(1) 4103/    1231 : D9                  		exx				; move them back
(1) 4104/    1232 : 2A 00 1C            		ld	hl,(wave_Start)		; copy Start and length
(1) 4105/    1235 : 3A 02 1C            		ld 	a,(wave_Start+2)
(1) 4106/    1238 : 22 C6 17            		ld	(dDacPntr),hl
(1) 4107/    123B : 32 C8 17            		ld	(dDacPntr+2),a
(1) 4108/    123E : 2A 03 1C            		ld	hl,(wave_Len)
(1) 4109/    1241 : 3A 05 1C            		ld 	a,(wave_Len+2)
(1) 4110/    1244 : 22 C9 17            		ld	(dDacCntr),hl
(1) 4111/    1247 : 32 CB 17            		ld	(dDacCntr+2),a
(1) 4112/    124A : AF                  		xor	a
(1) 4113/    124B : 32 37 00            		ld	(dDacFifoMid),a		; Reset half-way
(1) 4114/    124E : CD 56 12            		call	dac_refill
(1) 4115/    1251 : CD F8 11            		call	dac_on
(1) 4116/    1254 : FB                  		ei
(1) 4117/    1255 : C9                  		ret
(1) 4118/    1256 :                     
(1) 4119/    1256 :                     ; --------------------------------------------------------
(1) 4120/    1256 :                     
(1) 4121/    1256 :                     dac_refill:
(1) 4122/    1256 : CF                  		rst	8
(1) 4123/    1257 : C5                  		push	bc
(1) 4124/    1258 : D5                  		push	de
(1) 4125/    1259 : E5                  		push	hl
(1) 4126/    125A : 3A 0B 1C            		ld	a,(wave_Flags)	; Already finished?
(1) 4127/    125D : FE 07               		cp	111b
(1) 4128/    125F : D2 15 13            		jp	nc,.dacfill_end
(1) 4129/    1262 : 3A CB 17            		ld	a,(dDacCntr+2)	; Last bytes
(1) 4130/    1265 : 2A C9 17            		ld	hl,(dDacCntr)
(1) 4131/    1268 : 01 80 00            		ld	bc,80h
(1) 4132/    126B : 37                  		scf
(1) 4133/    126C : 3F                  		ccf
(1) 4134/    126D : ED 42               		sbc	hl,bc
(1) 4135/    126F : DE 00               		sbc	a,0
(1) 4136/    1271 : 32 CB 17            		ld	(dDacCntr+2),a
(1) 4137/    1274 : 22 C9 17            		ld	(dDacCntr),hl
(1) 4138/    1277 : 16 1D               		ld	d,dWaveBuff>>8
(1) 4139/    1279 : B7                  		or	a
(1) 4140/    127A : FA A4 12            		jp	m,.dac_over
(1) 4141/    127D : 3A 37 00            		ld	a,(dDacFifoMid)	; Update halfway value
(1) 4142/    1280 : 5F                  		ld	e,a
(1) 4143/    1281 : C6 80               		add 	a,80h
(1) 4144/    1283 : 32 37 00            		ld	(dDacFifoMid),a
(1) 4145/    1286 : 2A C6 17            		ld	hl,(dDacPntr)
(1) 4146/    1289 : 3A C8 17            		ld	a,(dDacPntr+2)
(1) 4147/    128C : CD C4 0F            		call	readRom	; *** ROM ACCESS ***
(1) 4148/    128F : 2A C6 17            		ld	hl,(dDacPntr)
(1) 4149/    1292 : 3A C8 17            		ld	a,(dDacPntr+2)
(1) 4150/    1295 : 01 80 00            		ld	bc,80h
(1) 4151/    1298 : 09                  		add	hl,bc
(1) 4152/    1299 : CE 00               		adc	a,0
(1) 4153/    129B : 22 C6 17            		ld	(dDacPntr),hl
(1) 4154/    129E : 32 C8 17            		ld	(dDacPntr+2),a
(1) 4155/    12A1 : C3 18 13            		jp	.dacfill_ret
(1) 4156/    12A4 :                     ; NOTE: This doesn't finish at the exact END point
(1) 4157/    12A4 :                     ; but the USER won't notice it.
(1) 4158/    12A4 :                     .dac_over:
(1) 4159/    12A4 : 16 1D               		ld	d,dWaveBuff>>8
(1) 4160/    12A6 : 3A 0B 1C            		ld	a,(wave_Flags)	; LOOP enabled?
(1) 4161/    12A9 : E6 01               		and	001b
(1) 4162/    12AB : C2 CE 12            		jp	nz,.dacfill_loop
(1) 4163/    12AE : 7D                  		ld	a,l
(1) 4164/    12AF : C6 80               		add	a,80h
(1) 4165/    12B1 : 4F                  		ld	c,a
(1) 4166/    12B2 : 06 00               		ld	b,0
(1) 4167/    12B4 : C5                  		push	bc
(1) 4168/    12B5 : 3A 37 00            		ld	a,(dDacFifoMid)
(1) 4169/    12B8 : 5F                  		ld	e,a
(1) 4170/    12B9 : C6 80               		add	a,80h
(1) 4171/    12BB : 32 37 00            		ld	(dDacFifoMid),a
(1) 4172/    12BE : C1                  		pop	bc
(1) 4173/    12BF : 79                  		ld	a,c
(1) 4174/    12C0 : B0                  		or	b
(1) 4175/    12C1 : 28 52               		jr	z,.dacfill_end
(1) 4176/    12C3 : 2A C6 17            		ld	hl,(dDacPntr)
(1) 4177/    12C6 : 3A C8 17            		ld	a,(dDacPntr+2)
(1) 4178/    12C9 : CD C4 0F            		call	readRom	; *** ROM ACCESS ***
(1) 4179/    12CC : 18 47               		jr	.dacfill_end
(1) 4180/    12CE :                     ; loop sample
(1) 4181/    12CE :                     .dacfill_loop:
(1) 4182/    12CE : C5                  		push	bc
(1) 4183/    12CF : D5                  		push	de
(1) 4184/    12D0 : 3A 08 1C            		ld	a,(wave_Loop+2)
(1) 4185/    12D3 : 4F                  		ld	c,a
(1) 4186/    12D4 : ED 5B 06 1C         		ld	de,(wave_Loop)
(1) 4187/    12D8 : 2A 00 1C            		ld	hl,(wave_Start)
(1) 4188/    12DB : 3A 02 1C            		ld 	a,(wave_Start+2)
(1) 4189/    12DE : 81                  		add	a,c
(1) 4190/    12DF : 19                  		add	hl,de
(1) 4191/    12E0 : CE 00               		adc	a,0
(1) 4192/    12E2 : 22 C6 17            		ld	(dDacPntr),hl
(1) 4193/    12E5 : 32 C8 17            		ld	(dDacPntr+2),a
(1) 4194/    12E8 : 2A 03 1C            		ld	hl,(wave_Len)
(1) 4195/    12EB : 3A 05 1C            		ld 	a,(wave_Len+2)
(1) 4196/    12EE : 91                  		sub	a,c
(1) 4197/    12EF : 37                  		scf
(1) 4198/    12F0 : 3F                  		ccf
(1) 4199/    12F1 : ED 52               		sbc	hl,de
(1) 4200/    12F3 : DE 00               		sbc	a,0
(1) 4201/    12F5 : 22 C9 17            		ld	(dDacCntr),hl
(1) 4202/    12F8 : 32 CB 17            		ld	(dDacCntr+2),a
(1) 4203/    12FB : D1                  		pop	de
(1) 4204/    12FC : C1                  		pop	bc
(1) 4205/    12FD : 78                  		ld	a,b
(1) 4206/    12FE : B1                  		or	c
(1) 4207/    12FF : 28 17               		jr	z,.dacfill_ret
(1) 4208/    1301 : 3A 37 00            		ld	a,(dDacFifoMid)
(1) 4209/    1304 : 5F                  		ld	e,a
(1) 4210/    1305 : C6 80               		add	a,80h
(1) 4211/    1307 : 32 37 00            		ld	(dDacFifoMid),a
(1) 4212/    130A : 2A C6 17            		ld	hl,(dDacPntr)
(1) 4213/    130D : 3A C8 17            		ld	a,(dDacPntr+2)
(1) 4214/    1310 : CD C4 0F            		call	readRom	; *** ROM ACCESS ***
(1) 4215/    1313 : 18 03               		jr	.dacfill_ret
(1) 4216/    1315 :                     .dacfill_end:
(1) 4217/    1315 : CD 0D 12            		call	dac_off		; DAC finished
(1) 4218/    1318 :                     .dacfill_ret:
(1) 4219/    1318 : E1                  		pop	hl
(1) 4220/    1319 : D1                  		pop	de
(1) 4221/    131A : C1                  		pop	bc
(1) 4222/    131B : C9                  		ret
(1) 4223/    131C :                     
(1) 4224/    131C :                     ; ----------------------------------------------------------------
(1) 4225/    131C :                     ; gema_lastbank
(1) 4226/    131C :                     ;
(1) 4227/    131C :                     ; Two purposes:
(1) 4228/    131C :                     ; - Set the BANK to the very last part of memory for the
(1) 4229/    131C :                     ;   readRom to read from RAM
(1) 4230/    131C :                     ; - On 32X this sets the bank out of the ROM-reading areas due
(1) 4231/    131C :                     ;   to a conflict with the PSG according to a Tech Bulletin.
(1) 4232/    131C :                     ;
(1) 4233/    131C :                     ; Uses:
(1) 4234/    131C :                     ; hl,b
(1) 4235/    131C :                     ; ----------------------------------------------------------------
(1) 4236/    131C :                     
(1) 4237/    131C :                     gema_lastbank:
(1) 4238/    131C : 21 00 60            		ld	hl,6000h
(1) 4239/    131F : 06 09               		ld	b,9		; 9 bits
(1) 4240/    1321 :                     .write:
(1) 4241/    1321 : 36 01               		ld	(hl),1
(1) 4242/    1323 : 10 FC               		djnz	.write
(1) 4243/    1325 : C9                  		ret
(1) 4244/    1326 :                     
(1) 4245/    1326 :                     ; ====================================================================
(1) 4246/    1326 :                     ; ----------------------------------------------------------------
(1) 4247/    1326 :                     ; Frequency tables
(1) 4248/    1326 :                     ; ----------------------------------------------------------------
(1) 4249/    1326 :                     
(1) 4250/    1326 : 84 02               fmFreq_List:	dw 644
(1) 4251/    1328 : A9 02               		dw 681
(1) 4252/    132A : D2 02               		dw 722
(1) 4253/    132C : FD 02               		dw 765
(1) 4254/    132E : 2A 03               		dw 810
(1) 4255/    1330 : 5A 03               		dw 858
(1) 4256/    1332 : 8E 03               		dw 910
(1) 4257/    1334 : C4 03               		dw 964
(1) 4258/    1336 : FD 03               		dw 1021
(1) 4259/    1338 : 39 04               		dw 1081
(1) 4260/    133A : 7A 04               		dw 1146
(1) 4261/    133C : BE 04               		dw 1214
(1) 4262/    133E :                     
(1) 4263/    133E :                     ; ----------------------------------------
(1) 4264/    133E :                     ; PSG
(1) 4265/    133E :                     ; ----------------------------------------
(1) 4266/    133E :                     
(1) 4267/    133E :                     psgFreq_List:
(1) 4268/    133E :                     ; 	dw    -1,   -1,   -1,   -1,   -1,   -1,   -1,   -1,   -1,   -1,   -1,   -1	; x-0
(1) 4269/    133E :                     ; 	dw    -1,   -1,   -1,   -1,   -1,   -1,   -1,   -1,   -1,   -1,   -1,   -1	; x-1
(1) 4270/    133E :                     ; 	dw    -1,   -1,   -1,   -1,   -1,   -1,   -1,   -1,   -1,   -1,   -1,   -1	; x-2
(1) 4271/    133E : FF FF FF FF FF FF   	dw    -1,   -1,   -1,   -1,   -1,   -1,   -1,   -1,   -1,03F8h,03BFh,0389h	; x-3
             1344 : FF FF FF FF FF FF 
             134A : FF FF FF FF FF FF 
             1350 : F8 03 BF 03 89 03 
(1) 4272/    1356 : 56 03 26 03 F9 02   	dw 0356h,0326h,02F9h,02CEh,02A5h,0280h,025Ch,023Ah,021Ah,01FBh,01DFh,01C4h	; x-4
             135C : CE 02 A5 02 80 02 
             1362 : 5C 02 3A 02 1A 02 
             1368 : FB 01 DF 01 C4 01 
(1) 4273/    136E : AB 01 93 01 7D 01   	dw 01ABh,0193h,017Dh,0167h,0153h,0140h,012Eh,011Dh,010Dh,00FEh,00EFh,00E2h	; x-5
             1374 : 67 01 53 01 40 01 
             137A : 2E 01 1D 01 0D 01 
             1380 : FE 00 EF 00 E2 00 
(1) 4274/    1386 : D6 00 C9 00 BE 00   	dw 00D6h,00C9h,00BEh,00B4h,00A9h,00A0h,0097h,008Fh,0087h,007Fh,0078h,0071h	; x-6
             138C : B4 00 A9 00 A0 00 
             1392 : 97 00 8F 00 87 00 
             1398 : 7F 00 78 00 71 00 
(1) 4275/    139E : 6B 00 65 00 5F 00   	dw 006Bh,0065h,005Fh,005Ah,0055h,0050h,004Bh,0047h,0043h,0040h,003Ch,0039h	; x-7
             13A4 : 5A 00 55 00 50 00 
             13AA : 4B 00 47 00 43 00 
             13B0 : 40 00 3C 00 39 00 
(1) 4276/    13B6 : 36 00 33 00 30 00   	dw 0036h,0033h,0030h,002Dh,002Bh,0028h,0026h,0024h,0022h,0020h,001Fh,001Dh	; x-8 *UNTESTED*
             13BC : 2D 00 2B 00 28 00 
             13C2 : 26 00 24 00 22 00 
             13C8 : 20 00 1F 00 1D 00 
(1) 4277/    13CE : 1B 00 1A 00 18 00   	dw 001Bh,001Ah,0018h,0017h,0016h,0015h,0013h,0012h,0011h,0010h,0009h,0001h	; x-9 *RESERVED FOR NOISE* Set to +47
             13D4 : 17 00 16 00 15 00 
             13DA : 13 00 12 00 11 00 
             13E0 : 10 00 09 00 01 00 
(1) 4278/    13E6 :                     
(1) 4279/    13E6 :                     ; ----------------------------------------
(1) 4280/    13E6 :                     ; DAC, PCO, PWM shared list
(1) 4281/    13E6 :                     ; ----------------------------------------
(1) 4282/    13E6 :                     
(1) 4283/    13E6 :                     wavFreq_List:
(1) 4284/    13E6 :                     	;   C     C#    D     D#    E     F     F#    G     G#    A     A#    B
(1) 4285/    13E6 :                     ; 	dw 0100h,0100h,0100h,0100h,0100h,0100h,0100h,0100h,0100h,0100h,0100h,0100h	; x-0
(1) 4286/    13E6 :                     ; 	dw 0100h,0100h,0100h,0100h,0100h,0100h,0100h,0100h,0100h,0100h,0100h,0100h	; x-1
(1) 4287/    13E6 :                     ; 	dw 0100h,0100h,0100h,0100h,0100h,0100h,0100h,0100h,0100h,0100h,0036h,003Bh	; x-2
(1) 4288/    13E6 : 40 00 44 00 48 00   	dw 0040h,0044h,0048h,004Ch,0051h,0056h,005Bh,0060h,0066h,006Ch,0073h,0079h	; x-3 4000 ok
             13EC : 4C 00 51 00 56 00 
             13F2 : 5B 00 60 00 66 00 
             13F8 : 6C 00 73 00 79 00 
(1) 4289/    13FE : 80 00 88 00 90 00   	dw 0080h,0088h,0090h,0099h,00A2h,00ACh,00B6h,00C1h,00CCh,00D8h,00E5h,00F2h	; x-4 8000 ok
             1404 : 99 00 A2 00 AC 00 
             140A : B6 00 C1 00 CC 00 
             1410 : D8 00 E5 00 F2 00 
(1) 4290/    1416 : 00 01 10 01 20 01   	dw 0100h,0110h,0120h,0132h,0145h,0158h,016Ch,0182h,0198h,01AEh,01C7h,01E0h	; x-5 16000 ok
             141C : 32 01 45 01 58 01 
             1422 : 6C 01 82 01 98 01 
             1428 : AE 01 C7 01 E0 01 
(1) 4291/    142E : 00 02 20 02 40 02   	dw 0200h,0220h,0240h,0260h,0280h,02A0h,02D0h,02F8h,0328h,0352h,0390h,03C8h	; x-6 32000 bad/ok
             1434 : 60 02 80 02 A0 02 
             143A : D0 02 F8 02 28 03 
             1440 : 52 03 90 03 C8 03 
(1) 4292/    1446 : 00 04               	dw 0400h;,0100h,0100h,0100h,0100h,0100h,0100h,0100h,0100h,0100h,0100h,0100h	; x-7
(1) 4293/    1448 :                     ; 	dw 0100h,0100h,0100h,0100h,0100h,0100h,0100h,0100h,0100h,0100h,0100h,0100h	; x-8
(1) 4294/    1448 :                     ; 	dw 0100h,0100h,0100h,0100h,0100h,0100h,0100h,0100h,0100h,0100h,0100h,0100h	; x-9
(1) 4295/    1448 :                     
(1) 4296/    1448 :                     ; ----------------------------------------
(1) 4297/    1448 :                     ; !@ PiCO List !@ TODO
(1) 4298/    1448 :                     ; ----------------------------------------
(1) 4299/    1448 :                     
(1) 4300/    1448 :                     ; ----------------------------------------
(1) 4301/    1448 :                     ; SegaCD PCM
(1) 4302/    1448 :                     ; ----------------------------------------
(1) 4303/    1448 :                     wavFreq_CdPcm:
(1) 4304/    1448 :                     	;     C     C#     D      D#     E      F      F#     G      G#     A      A#     B
(1) 4305/    1448 :                     ; 	dw  0100h, 0100h, 0100h, 0100h, 0100h, 0100h, 0100h, 0100h, 0100h, 0100h, 0100h, 0100h	; x-0
(1) 4306/    1448 :                     ; 	dw  0100h, 0100h, 0100h, 0100h, 0100h, 0100h, 0100h, 0100h, 0100h, 0100h, 0100h, 0100h	; x-1
(1) 4307/    1448 : F8 00 08 01 1C 01   	dw  00F8h, 0108h, 011Ch, 0128h, 013Ch, 014Ch, 0160h, 017Ch, 0188h, 01AAh, 01BCh, 01DCh	; x-2  4000 ok
             144E : 28 01 3C 01 4C 01 
             1454 : 60 01 7C 01 88 01 
             145A : AA 01 BC 01 DC 01 
(1) 4308/    1460 : F8 01 14 02 3C 02   	dw  01F8h, 0214h, 023Ch, 0258h, 027Ch, 02A0h, 02C8h, 02FCh, 031Ch, 0354h, 037Ch, 03B8h	; x-3  8000 ok
             1466 : 58 02 7C 02 A0 02 
             146C : C8 02 FC 02 1C 03 
             1472 : 54 03 7C 03 B8 03 
(1) 4309/    1478 : F0 03 28 04 68 04   	dw  03F0h, 0428h, 0468h, 04ACh, 04ECh, 0540h, 0590h, 05E4h, 063Ch, 0698h, 0704h, 0760h	; x-4 16000 ok
             147E : AC 04 EC 04 40 05 
             1484 : 90 05 E4 05 3C 06 
             148A : 98 06 04 07 60 07 
(1) 4310/    1490 : DC 07 48 08 D4 08   	dw  07DCh, 0848h, 08D4h, 0960h, 09F0h, 0A64h, 0B04h, 0BAAh, 0C60h, 0D18h, 0DE4h, 0EB8h	; x-5 32000 ok
             1496 : 60 09 F0 09 64 0A 
             149C : 04 0B AA 0B 60 0C 
             14A2 : 18 0D E4 0D B8 0E 
(1) 4311/    14A8 : B0 0F 74 10 84 11   	dw  0FB0h, 1074h, 1184h, 1280h, 139Ch, 14C8h, 1624h, 174Ch, 18DCh, 1A38h, 1BE0h, 1D94h	; x-6 64000 untested
             14AE : 80 12 9C 13 C8 14 
             14B4 : 24 16 4C 17 DC 18 
             14BA : 38 1A E0 1B 94 1D 
(1) 4312/    14C0 :                     ; 	dw  1F64h, 20FCh, 2330h, 2524h, 2750h, 29B4h, 2C63h, 2F63h, 31E0h, 347Bh, 377Bh, 3B41h	; x-7 128000 bad
(1) 4313/    14C0 :                     ; 	dw  3EE8h, 4206h, 4684h, 4A5Ah, 4EB5h, 5379h, 58E1h, 5DE0h, 63C0h, 68FFh, 6EFFh, 783Ch	; x-8 256000 bad
(1) 4314/    14C0 :                     ; 	dw  7FC2h, 83FCh, 8D14h, 9780h,0AA5Dh,0B1F9h,   -1 ,   -1 ,   -1 ,   -1 ,   -1 ,   -1 	; x-9 bad
(1) 4315/    14C0 :                     
(1) 4316/    14C0 :                     ; ====================================================================
(1) 4317/    14C0 :                     ; ----------------------------------------------------------------
(1) 4318/    14C0 :                     ; Chip buffers
(1) 4319/    14C0 :                     ; ----------------------------------------------------------------
(1) 4320/    14C0 :                     
(1) 4321/    14C0 : 00 00 00 00 00 00   pcmcom:	db 00h,00h,00h,00h,00h,00h,00h,00h	; 0 - Playback bits: %0000PCOK Pitchbend/keyCut/keyOff/KeyOn
             14C6 : 00 00             
(1) 4322/    14C8 : 00 00 00 00 00 00   	db 00h,00h,00h,00h,00h,00h,00h,00h	; 8 - Pitch MSB
             14CE : 00 00             
(1) 4323/    14D0 : 00 00 00 00 00 00   	db 00h,00h,00h,00h,00h,00h,00h,00h	; 16 - Pitch LSB
             14D6 : 00 00             
(1) 4324/    14D8 : FF FF FF FF FF FF   	db -1,-1,-1,-1,-1,-1,-1,-1		; 24 - Volume
             14DE : FF FF             
(1) 4325/    14E0 : FF FF FF FF FF FF   	db -1,-1,-1,-1,-1,-1,-1,-1		; 32 - CURRENT Panning %RRRRLLLL
             14E6 : FF FF             
(1) 4326/    14E8 : 00 00 00 00 00 00   	db 00h,00h,00h,00h,00h,00h,00h,00h	; 40 - 24-bit sample location in Sub-CPU area
             14EE : 00 00             
(1) 4327/    14F0 : 00 00 00 00 00 00   	db 00h,00h,00h,00h,00h,00h,00h,00h	; 48
             14F6 : 00 00             
(1) 4328/    14F8 : 00 00 00 00 00 00   	db 00h,00h,00h,00h,00h,00h,00h,00h	; 56
             14FE : 00 00             
(1) 4329/    1500 :                     
(1) 4330/    1500 : 00 00 00 00 00 00   pwmcom:	db 00h,00h,00h,00h,00h,00h,00h,00h	; 0 - Playback bits: %0000PCOK Pitchbend/keyCut/keyOff/KeyOn
             1506 : 00 00             
(1) 4331/    1508 : 00 00 00 00 00 00   	db 00h,00h,00h,00h,00h,00h,00h,00h	; 8 - Volume | Pitch MSB
             150E : 00 00             
(1) 4332/    1510 : 00 00 00 00 00 00   	db 00h,00h,00h,00h,00h,00h,00h,00h	; 16 - Pitch LSB
             1516 : 00 00             
(1) 4333/    1518 : 00 00 00 00 00 00   	db 00h,00h,00h,00h,00h,00h,00h,00h	; 24 - Flags+MSB bits of sample %SlLRxxxx Stereo/Loop/Left/Right
             151E : 00 00             
(1) 4334/    1520 : 00 00 00 00 00 00   	db 00h,00h,00h,00h,00h,00h,00h,00h	; 32 - ''
             1526 : 00 00             
(1) 4335/    1528 : 00 00 00 00 00 00   	db 00h,00h,00h,00h,00h,00h,00h,00h
             152E : 00 00             
(1) 4336/    1530 : 00 00 00 00 00 00   	db 00h,00h,00h,00h,00h,00h,00h,00h
             1536 : 00 00             
(1) 4337/    1538 :                     
(1) 4338/    1538 : 00 00 00 00         psgcom:	db 00h,00h,00h,00h	;  0 - command 1 = key on, 2 = key off, 4 = stop snd
(1) 4339/    153C : FF FF FF FF         	db -1, -1, -1, -1	;  4 - output level attenuation (%llll.0000, -1 = silent)
(1) 4340/    1540 : 00 00 00 00         	db 00h,00h,00h,00h	;  8 - attack rate (START)
(1) 4341/    1544 : 00 00 00 00         	db 00h,00h,00h,00h	; 12 - decay rate
(1) 4342/    1548 : 00 00 00 00         	db 00h,00h,00h,00h	; 16 - sustain level attenuation (MAXIMUM)
(1) 4343/    154C : 00 00 00 00         	db 00h,00h,00h,00h	; 20 - release rate
(1) 4344/    1550 : 00 00 00 00         	db 00h,00h,00h,00h	; 24 - envelope mode 0 = off, 1 = attack, 2 = decay, 3 = sustain
(1) 4345/    1554 : 00 00 00 00         	db 00h,00h,00h,00h	; 28 - freq bottom 4 bits
(1) 4346/    1558 : 00 00 00 00         	db 00h,00h,00h,00h	; 32 - freq upper 6 bits
(1) 4347/    155C : 00 00 00 00         	db 00h,00h,00h,00h	; 36 - attack level attenuation
(1) 4348/    1560 : 00 00 00 00         	db 00h,00h,00h,00h	; 40 - flags to indicate hardware should be updated
(1) 4349/    1564 : 00 00 00 00         	db 00h,00h,00h,00h	; 44 - timer for sustain
(1) 4350/    1568 : 00 00 00 00         	db 00h,00h,00h,00h	; 48 - MAX Volume
(1) 4351/    156C : 00 00 00 00         	db 00h,00h,00h,00h	; 52 - Vibrato value
(1) 4352/    1570 : 00 00 00 00         	db 00h,00h,00h,00h	; 56 - General timer
(1) 4353/    1574 :                     	
(1) 4354/    1574 :                     ;!@ TODO
(1) 4355/    1574 :                     pcocom:
(1) 4356/    1574 :                     
(1) 4357/    1574 :                     ; --------------------------------------------------------
(1) 4358/    1574 :                     fmcach_1	ds 28h
(1) 4359/    159C :                     fmcach_2	ds 28h
(1) 4360/    15C4 :                     fmcach_3	ds 28h
(1) 4361/    15EC :                     fmcach_4	ds 28h
(1) 4362/    1614 :                     fmcach_5	ds 28h
(1) 4363/    163C :                     fmcach_6	ds 28h
(1) 4364/    1664 :                     fmlist_rsave	ds 4*3		; 4 bytes per channel: 0000h,00h,00h
(1) 4365/    1670 :                     trkInfoCach	ds 4
(1) 4366/    1674 :                     		ds 4*3		; _rsave followup
(1) 4367/    1680 :                     
(1) 4368/    1680 :                     ; ====================================================================
(1) 4369/    1680 :                     ; ----------------------------------------------------------------
(1) 4370/    1680 :                     ; Track buffers
(1) 4371/    1680 :                     ; ----------------------------------------------------------------
(1) 4372/    1680 :                     
(1) 4373/    1680 :                     trkHdrs_0	ds 8*4			; dw point,rowcntr
(1) 4374/    16A0 :                     trkHdrs_1	ds 8*4
(1) 4375/    16C0 :                     trkHdrs_2	ds 8*4
(1) 4376/    16E0 :                     trkBlks_0	ds 8
(1) 4377/    16E8 :                     trkBlks_1	ds 8
(1) 4378/    16F0 :                     trkBlks_2	ds 8
(1) 4379/    16F8 :                     trkBuff_0	ds seq_ChnIndx+MAX_TRKINDX
(1) 4380/    1738 :                     trkBuff_1	ds seq_ChnIndx+MAX_TRKINDX
(1) 4381/    1778 :                     trkBuff_2	ds seq_ChnIndx+MAX_TRKINDX
(1) 4382/    17B8 : 74 15               fmcach_list:	dw fmcach_1
(1) 4383/    17BA : 9C 15               		dw fmcach_2
(1) 4384/    17BC : C4 15               		dw fmcach_3
(1) 4385/    17BE : 00                  marsUpd		db 0			; Flag to request a PWM transfer
(1) 4386/    17BF : 00                  mcdUpd		db 0			; Flag to request a PCM transfer
(1) 4387/    17C0 : EC 15               		dw fmcach_4		; Followup
(1) 4388/    17C2 : 14 16               		dw fmcach_5
(1) 4389/    17C4 : 3C 16               		dw fmcach_6
(1) 4390/    17C6 : 00 00 00            dDacPntr	db 0,0,0	; WAVE play current ROM position
(1) 4391/    17C9 : 00 00 00            dDacCntr	db 0,0,0	; WAVE play length counter
(1) 4392/    17CC :                     headerOut	ds 00Eh		; Temporal storage for 68k pointers
(1) 4393/    17DA :                     headerOut_e	ds 2		; <-- reverse readpoint
(1) 4394/    17DC :                     sampleHead	ds 006h
(1) 4395/    17E2 :                     instListOut	ds 8
(1) 4396/    17EA :                     
(1) 4397/    17EA :                     ; ====================================================================
(1) 4398/    17EA :                     ; --------------------------------------------------------
(1) 4399/    17EA :                     ; MASTER buffers list
(1) 4400/    17EA :                     ;
(1) 4401/    17EA :                     ; dw track_buffer
(1) 4402/    17EA :                     ; dw channel_list,block_cache,header_cache,track_cache*
(1) 4403/    17EA :                     ;
(1) 4404/    17EA :                     ; * Cache MUST be aligned and in 1-bit sizes
(1) 4405/    17EA :                     ; --------------------------------------------------------
(1) 4406/    17EA :                     
(1) 4407/    17EA :                     nikona_BuffList:
(1) 4408/    17EA : F8 16 E0 16 80 16   	dw trkBuff_0,trkBlks_0,trkHdrs_0,trkCach_0
             17F0 : 00 1F             
(1) 4409/    17F2 : 38 17 E8 16 A0 16   	dw trkBuff_1,trkBlks_1,trkHdrs_1,trkCach_1
             17F8 : 20 1F             
(1) 4410/    17FA : 78 17 F0 16 C0 16   	dw trkBuff_2,trkBlks_2,trkHdrs_2,trkCach_2
             1800 : 40 1F             
(1) 4411/    1802 :                     nikona_BuffList_e:
(1) 4412/    1802 : FF FF               	dw -1	; ENDOFLIST
(1) 4413/    1804 :                     
(1) 4414/    1804 :                     ; ====================================================================
(1) 4415/    1804 :                     ; --------------------------------------------------------
(1) 4416/    1804 :                     ; Channel tables
(1) 4417/    1804 :                     ;
(1) 4418/    1804 :                     ; PSG  080h
(1) 4419/    1804 :                     ; PSGN 090h
(1) 4420/    1804 :                     ; FM   0A0h
(1) 4421/    1804 :                     ; FM3  0B0h
(1) 4422/    1804 :                     ; DAC  0C0h
(1) 4423/    1804 :                     ; PCM  0D0h
(1) 4424/    1804 :                     ; PWM  0E0h
(1) 4425/    1804 :                     ; PCO  0F0h		;!@
(1) 4426/    1804 :                     ; --------------------------------------------------------
(1) 4427/    1804 :                     
(1) 4428/    1804 :                     		;!@ org 1B00h			; <-- MUST BE x0h ALIGNED
(1) 4429/    1804 :                     		
(1) 4430/    1804 :                     		; !@ This got relocated to 1A00,
(1) 4431/    1804 :                     		;	 because the new tblPCO makes this segment's size > $200 bytes
(1) 4432/    1804 :                     		;	 (variables at end get overwritten by org $1D00 segment buffers
(1) 4434/    1A00 :                     		org 1A00h				; <-- MUST BE x0h ALIGNED		
(1) 4435/    1A00 :                     tblList:
(1) 4436/    1A00 : 7E 00               		dw tblPSG-tblList		;  80h
(1) 4437/    1A02 : B4 80               		dw tblPSGN-tblList|8000h	;  90h *
(1) 4438/    1A04 : 10 00               		dw tblFM-tblList		; 0A0h
(1) 4439/    1A06 : 58 80               		dw tblFM3-tblList|8000h		; 0B0h *
(1) 4440/    1A08 : 6A 80               		dw tblFM6-tblList|8000h		; 0C0h *
(1) 4441/    1A0A : C8 00               		dw tblPCM-tblList		; 0D0h
(1) 4442/    1A0C : 5A 01               		dw tblPWM-tblList		; 0E0h
(1) 4443/    1A0E : EC 81               		dw tblPCO-tblList|8000h	; 0F0h	;!@ Single-channel flagged
(1) 4444/    1A10 :                     ; 		dw 0					; 0F0h
(1) 4445/    1A10 :                     ; --------------------------------------------------------
(1) 4446/    1A10 :                     tblFM:	
(1) 4447/    1A10 : 00 00 00 00 00 00   		db 00h,00h,00h,00h,00h,00h,00h,00h,00h,00h	; Channel 1
             1A16 : 00 00 00 00       
(1) 4448/    1A1A : 00 00 00 00 00 00   		db 00h,00h,00h,00h,00h,00h,00h,00h
             1A20 : 00 00             
(1) 4449/    1A22 : 00 00 00 01 00 00   		db 00h,00h,00h,01h,00h,00h,00h,00h,00h,00h	; Channel 2
             1A28 : 00 00 00 00       
(1) 4450/    1A2C : 00 00 00 00 00 00   		db 00h,00h,00h,00h,00h,00h,00h,00h
             1A32 : 00 00             
(1) 4451/    1A34 : 00 00 00 04 00 00   		db 00h,00h,00h,04h,00h,00h,00h,00h,00h,00h	; Channel 4 <--
             1A3A : 00 00 00 00       
(1) 4452/    1A3E : 00 00 00 00 00 00   		db 00h,00h,00h,00h,00h,00h,00h,00h
             1A44 : 00 00             
(1) 4453/    1A46 : 00 00 00 05 00 00   		db 00h,00h,00h,05h,00h,00h,00h,00h,00h,00h	; Channel 5
             1A4C : 00 00 00 00       
(1) 4454/    1A50 : 00 00 00 00 00 00   		db 00h,00h,00h,00h,00h,00h,00h,00h
             1A56 : 00 00             
(1) 4455/    1A58 :                     tblFM3:	
(1) 4456/    1A58 : 00 00 00 02 00 00   		db 00h,00h,00h,02h,00h,00h,00h,00h,00h,00h	; Channel 3 <--
             1A5E : 00 00 00 00       
(1) 4457/    1A62 : 00 00 00 00 00 00   		db 00h,00h,00h,00h,00h,00h,00h,00h
             1A68 : 00 00             
(1) 4458/    1A6A :                     tblFM6:	
(1) 4459/    1A6A : 00 00 00 06 00 00   		db 00h,00h,00h,06h,00h,00h,00h,00h,00h,00h	; Channel 6 <--
             1A70 : 00 00 00 00       
(1) 4460/    1A74 : 00 00 00 00 00 00   		db 00h,00h,00h,00h,00h,00h,00h,00h
             1A7A : 00 00             
(1) 4461/    1A7C : FF FF               		dw -1	; end-of-list
(1) 4462/    1A7E :                     tblPSG:	
(1) 4463/    1A7E : 00 00 00 00 00 00   		db 00h,00h,00h,00h,00h,00h,00h,00h,00h,00h	; Channel 1
             1A84 : 00 00 00 00       
(1) 4464/    1A88 : 00 00 00 00 00 00   		db 00h,00h,00h,00h,00h,00h,00h,00h
             1A8E : 00 00             
(1) 4465/    1A90 : 00 00 00 01 00 00   		db 00h,00h,00h,01h,00h,00h,00h,00h,00h,00h	; Channel 2
             1A96 : 00 00 00 00       
(1) 4466/    1A9A : 00 00 00 00 00 00   		db 00h,00h,00h,00h,00h,00h,00h,00h
             1AA0 : 00 00             
(1) 4467/    1AA2 : 00 00 00 02 00 00   		db 00h,00h,00h,02h,00h,00h,00h,00h,00h,00h	; Channel 3
             1AA8 : 00 00 00 00       
(1) 4468/    1AAC : 00 00 00 00 00 00   		db 00h,00h,00h,00h,00h,00h,00h,00h
             1AB2 : 00 00             
(1) 4469/    1AB4 :                     		;!@ dw -1	; end-of-list. Removed, so that PSG is continousl like with FM. !@ TODO: Might be breaking MarsCD support?
(1) 4470/    1AB4 :                     tblPSGN:
(1) 4471/    1AB4 : 00 00 00 03 00 00   		db 00h,00h,00h,03h,00h,00h,00h,00h,00h,00h	; Noise
             1ABA : 00 00 00 00       
(1) 4472/    1ABE : 00 00 00 00 00 00   		db 00h,00h,00h,00h,00h,00h,00h,00h
             1AC4 : 00 00             
(1) 4473/    1AC6 : FF FF               		dw -1	; end-of-list
(1) 4474/    1AC8 :                     		;!@ Moved tblPCM towards end of table list
(1) 4475/    1AC8 :                     tblPCM:	
(1) 4476/    1AC8 : 00 00 00 00 00 00   		db 00h,00h,00h,00h,00h,00h,00h,00h,00h,00h	; Channel 1
             1ACE : 00 00 00 00       
(1) 4477/    1AD2 : 00 00 00 00 00 00   		db 00h,00h,00h,00h,00h,00h,00h,00h
             1AD8 : 00 00             
(1) 4478/    1ADA : 00 00 00 01 00 00   		db 00h,00h,00h,01h,00h,00h,00h,00h,00h,00h	; Channel 2
             1AE0 : 00 00 00 00       
(1) 4479/    1AE4 : 00 00 00 00 00 00   		db 00h,00h,00h,00h,00h,00h,00h,00h
             1AEA : 00 00             
(1) 4480/    1AEC : 00 00 00 02 00 00   		db 00h,00h,00h,02h,00h,00h,00h,00h,00h,00h	; Channel 3
             1AF2 : 00 00 00 00       
(1) 4481/    1AF6 : 00 00 00 00 00 00   		db 00h,00h,00h,00h,00h,00h,00h,00h
             1AFC : 00 00             
(1) 4482/    1AFE : 00 00 00 03 00 00   		db 00h,00h,00h,03h,00h,00h,00h,00h,00h,00h	; Channel 4
             1B04 : 00 00 00 00       
(1) 4483/    1B08 : 00 00 00 00 00 00   		db 00h,00h,00h,00h,00h,00h,00h,00h
             1B0E : 00 00             
(1) 4484/    1B10 : 00 00 00 04 00 00   		db 00h,00h,00h,04h,00h,00h,00h,00h,00h,00h	; Channel 5
             1B16 : 00 00 00 00       
(1) 4485/    1B1A : 00 00 00 00 00 00   		db 00h,00h,00h,00h,00h,00h,00h,00h
             1B20 : 00 00             
(1) 4486/    1B22 : 00 00 00 05 00 00   		db 00h,00h,00h,05h,00h,00h,00h,00h,00h,00h	; Channel 6
             1B28 : 00 00 00 00       
(1) 4487/    1B2C : 00 00 00 00 00 00   		db 00h,00h,00h,00h,00h,00h,00h,00h
             1B32 : 00 00             
(1) 4488/    1B34 : 00 00 00 06 00 00   		db 00h,00h,00h,06h,00h,00h,00h,00h,00h,00h	; Channel 7
             1B3A : 00 00 00 00       
(1) 4489/    1B3E : 00 00 00 00 00 00   		db 00h,00h,00h,00h,00h,00h,00h,00h
             1B44 : 00 00             
(1) 4490/    1B46 : 00 00 00 07 00 00   		db 00h,00h,00h,07h,00h,00h,00h,00h,00h,00h	; Channel 8
             1B4C : 00 00 00 00       
(1) 4491/    1B50 : 00 00 00 00 00 00   		db 00h,00h,00h,00h,00h,00h,00h,00h
             1B56 : 00 00             
(1) 4492/    1B58 : FF FF               		dw -1	; end-of-list
(1) 4493/    1B5A :                     tblPWM:
(1) 4494/    1B5A : 00 00 00 00 00 00   		db 00h,00h,00h,00h,00h,00h,00h,00h,00h,00h	; Channel 1
             1B60 : 00 00 00 00       
(1) 4495/    1B64 : 00 00 00 00 00 00   		db 00h,00h,00h,00h,00h,00h,00h,00h
             1B6A : 00 00             
(1) 4496/    1B6C : 00 00 00 01 00 00   		db 00h,00h,00h,01h,00h,00h,00h,00h,00h,00h	; Channel 2
             1B72 : 00 00 00 00       
(1) 4497/    1B76 : 00 00 00 00 00 00   		db 00h,00h,00h,00h,00h,00h,00h,00h
             1B7C : 00 00             
(1) 4498/    1B7E : 00 00 00 02 00 00   		db 00h,00h,00h,02h,00h,00h,00h,00h,00h,00h	; Channel 3
             1B84 : 00 00 00 00       
(1) 4499/    1B88 : 00 00 00 00 00 00   		db 00h,00h,00h,00h,00h,00h,00h,00h
             1B8E : 00 00             
(1) 4500/    1B90 : 00 00 00 03 00 00   		db 00h,00h,00h,03h,00h,00h,00h,00h,00h,00h	; Channel 4
             1B96 : 00 00 00 00       
(1) 4501/    1B9A : 00 00 00 00 00 00   		db 00h,00h,00h,00h,00h,00h,00h,00h
             1BA0 : 00 00             
(1) 4502/    1BA2 : 00 00 00 04 00 00   		db 00h,00h,00h,04h,00h,00h,00h,00h,00h,00h	; Channel 5
             1BA8 : 00 00 00 00       
(1) 4503/    1BAC : 00 00 00 00 00 00   		db 00h,00h,00h,00h,00h,00h,00h,00h
             1BB2 : 00 00             
(1) 4504/    1BB4 : 00 00 00 05 00 00   		db 00h,00h,00h,05h,00h,00h,00h,00h,00h,00h	; Channel 6
             1BBA : 00 00 00 00       
(1) 4505/    1BBE : 00 00 00 00 00 00   		db 00h,00h,00h,00h,00h,00h,00h,00h
             1BC4 : 00 00             
(1) 4506/    1BC6 : 00 00 00 06 00 00   		db 00h,00h,00h,06h,00h,00h,00h,00h,00h,00h	; Channel 7
             1BCC : 00 00 00 00       
(1) 4507/    1BD0 : 00 00 00 00 00 00   		db 00h,00h,00h,00h,00h,00h,00h,00h
             1BD6 : 00 00             
(1) 4508/    1BD8 : 00 00 00 07 00 00   		db 00h,00h,00h,07h,00h,00h,00h,00h,00h,00h	; Channel 8
             1BDE : 00 00 00 00       
(1) 4509/    1BE2 : 00 00 00 00 00 00   		db 00h,00h,00h,00h,00h,00h,00h,00h
             1BE8 : 00 00             
(1) 4510/    1BEA : FF FF               		dw -1	; end-of-list
(1) 4511/    1BEC :                     ;!@ New Pico table (single-channel)
(1) 4512/    1BEC :                     tblPCO:
(1) 4513/    1BEC : 00 00 00 00 00 00   		db 00h,00h,00h,00h,00h,00h,00h,00h,00h,00h	; !@ Channel 1
             1BF2 : 00 00 00 00       
(1) 4514/    1BF6 : 00 00 00 00 00 00   		db 00h,00h,00h,00h,00h,00h,00h,00h
             1BFC : 00 00             
(1) 4515/    1BFE : FF FF               		dw -1	; end-of-list
(1) 4516/    1C00 :                     ; ----------------------------------------------------------------
(1) 4517/    1C00 : 00 00               wave_Start	dw 0		; START: 68k 24-bit pointer
(1) 4518/    1C02 : 00                  		db 0
(1) 4519/    1C03 : 00 00               wave_Len	dw 0		; LENGTH 24-bit
(1) 4520/    1C05 : 00                  		db 0
(1) 4521/    1C06 : 00 00               wave_Loop	dw 0		; LOOP POINT 24-bit
(1) 4522/    1C08 : 00                  		db 0
(1) 4523/    1C09 : 00 01               wave_Pitch	dw 0100h	; 01.00h
(1) 4524/    1C0B : 00                  wave_Flags	db 0		; WAVE playback flags (%10x: 1 loop / 0 no loop)
(1) 4525/    1C0C :                     
(1) 4526/    1C0C : 00                  tickSpSet	db 0		; **
(1) 4527/    1C0D : 00                  tickFlag	db 0		; Tick flag from VBlank
(1) 4528/    1C0E : 00                  tickCnt		db 0		; ** Tick counter (PUT THIS AFTER tickFlag)
(1) 4529/    1C0F : 00                  currTickBits	db 0		; Current Tick/Subbeat flags (000000BTb B-beat, T-tick)
(1) 4530/    1C10 :                     
(1) 4531/    1C10 :                     ; ====================================================================
(1) 4532/    1C10 :                     ; ----------------------------------------------------------------
(1) 4533/    1C10 :                     ; Special aligned buffers
(1) 4534/    1C10 :                     ;
(1) 4535/    1C10 :                     ; Located at 1D00h
(1) 4536/    1C10 :                     ; ----------------------------------------------------------------
(1) 4537/    1C10 :                     
(1) 4538/    1D00 :                     		org 1D00h
(1) 4539/    1D00 :                     dWaveBuff	ds 100h				; WAVE data buffer: 100h bytes
(1) 4540/    1E00 :                     trkChnls	ds 8*MAX_TRKCHN
(1) 4541/    1F00 :                     trkCach_0	ds MAX_RCACH
(1) 4542/    1F20 :                     trkCach_1	ds MAX_RCACH
(1) 4543/    1F40 :                     trkCach_2	ds MAX_RCACH
(1) 4544/    1F60 :                     
(1) 4545/    1F60 :                     ; ====================================================================
(1) 4546/    1F60 :                     ; ----------------------------------------------------------------
(1) 4547/    1F60 :                     ; Control area
(1) 4548/    1F60 :                     ; * MANUAL ORDER, check gema.asm *
(1) 4549/    1F60 :                     ; ----------------------------------------------------------------
(1) 4550/    1F60 :                     
(1) 4551/    1F60 :                     		org 1F60h
(1) 4552/    1F60 :                     commZfifo	ds MAX_ZCMND			; Buffer for commands from 68k side
(1) 4553/    1F80 : 00                  commZWrite	db 0				; cmd fifo wptr (from 68k)
(1) 4554/    1F81 : 00                  commZRomBlk	db 0				; 68k ROM block flag
(1) 4555/    1F82 : 00 00               cdRamDst	db 0,0				; ** Z80 destination
(1) 4556/    1F84 : 00 00               cdRamSrc	db 0,0				; ** 68k 24-bit source
(1) 4557/    1F86 : 00                  cdRamSrcB	db 0				; **
(1) 4558/    1F87 : 00                  cdRamLen	db 0				; Size + status flag
(1) 4559/    1F88 : 00                  palMode		db 0				; PAL mode flag
(1) 4560/    1F89 : 00                  mcdBlock	db 0				; Flag to BLOCK PCM transfers.
(1) 4561/    1F8A : 00                  marsBlock	db 0				; Flag to BLOCK PWM transfers.
(1) 4562/    1F8B :                     
(1) 4563/    1F8B :                     ; --------------------------------------------------------
(1) 4564/    3EE7 :                     		dephase
(1) 4565/    3EE7 :                     		cpu 68000		; [AS] Return to 68k
(1) 4566/    3EE7 :                     		padding off		; [AS] NO padding
(1) 4567/    3EE7 :                     		align 2
(1) 4568/    3EE8 :                     
     302/    3EE8 :                     Z80_CODE_END:
     309/    3EE8 :                     Z80_CODE_EOF:
     310/    3EE8 :                     
     311/    3EE8 :                     ; ====================================================================
     312/    3EE8 :                     ; --------------------------------------------------------
     313/    3EE8 :                     ; SEGA CD SUB-CPU data
     314/    3EE8 :                     ; --------------------------------------------------------
     315/    3EE8 :                     
     330/    3EE8 :                     
     331/    3EE8 :                     ; ====================================================================
     332/    3EE8 :                     ; ----------------------------------------------------------------
     333/    3EE8 :                     ; SH2 code sent to SDRAM area
     334/    3EE8 :                     ; ----------------------------------------------------------------
     335/    3EE8 :                     
     341/    3EE8 :                     MARS_RAMCODE:
     347/    3EE8 :                     		align 4
     349/    3EE8 :                     MARS_RAMCODE_E:
     354/    3EE8 :                     
     355/    3EE8 :                     ; ====================================================================
     356/    3EE8 :                     ; --------------------------------------------------------
     357/    3EE8 :                     ; CODE
     358/    3EE8 :                     ; --------------------------------------------------------
     359/    3EE8 :                     
     360/    3EE8 :                     		include "game/incl_code.asm"
(1)    1/    3EE8 :                     ; ====================================================================
(1)    2/    3EE8 :                     ; ----------------------------------------------------------------
(1)    3/    3EE8 :                     ; CODE Section
(1)    4/    3EE8 :                     ; ----------------------------------------------------------------
(1)    5/    3EE8 :                     
(1)    6/    3EE8 :                     ; ------------------------------------------------------------
(1)    7/    3EE8 :                     ; Usage:
(1)    8/    3EE8 :                     ; 	code_bank START_LABEL,END_LABEL,CODE_PATH
(1)    9/    3EE8 :                     ;
(1)   10/    3EE8 :                     ; Go to incl_list.asm add an entry in .screen_list:
(1)   11/    3EE8 :                     ; 	dc.l START_LABEL		; Label
(1)   12/    3EE8 :                     ; 	dc.b "SCR_EXMP.BIN"		; ISO filename
(1)   13/    3EE8 :                     ; * IN ORDER by ID *
(1)   14/    3EE8 :                     ;
(1)   15/    3EE8 :                     ; CD/CD32X:
(1)   16/    3EE8 :                     ; Labels and ISO filename at iso_files.asm
(1)   17/    3EE8 :                     ; ------------------------------------------------------------
(1)   18/    3EE8 :                     
(1)   19/    3EE8 : (MACRO)              	code_bank Md_Screen00,Md_Screen00_e,"game/code/main.asm"
(1)   19/    3EE8 : =$3EE8               MD_SCREEN00 label *                        ; Register start label
(1)   19/    3EE8 :                     mctopscrn:
(1)   19/    3EE8 :                     mcscrn_s:
(1)   19/    3EE8 :                             include "game/code/main.asm";"game/screenX/code.asm"
(2)    1/    3EE8 :                     ; ===========================================================================
(2)    2/    3EE8 :                     ; ----------------------------------------------------------------
(2)    3/    3EE8 :                     ; SCREEN CODE
(2)    4/    3EE8 :                     ; ----------------------------------------------------------------
(2)    5/    3EE8 :                     
(2)    6/    3EE8 :                     ; ====================================================================
(2)    7/    3EE8 :                     ; ------------------------------------------------------
(2)    8/    3EE8 :                     ; Variables
(2)    9/    3EE8 :                     ; ------------------------------------------------------
(2)   10/    3EE8 :                     
(2)   11/    3EE8 : =$4                  MAX_SC0_OPTIONS		equ 4
(2)   12/    3EE8 :                     
(2)   13/    3EE8 :                     ; ====================================================================
(2)   14/    3EE8 :                     ; ------------------------------------------------------
(2)   15/    3EE8 :                     ; Structs
(2)   16/    3EE8 :                     ; ------------------------------------------------------
(2)   17/    3EE8 :                     
(2)   18/    3EE8 :                     ; 			memory 2
(2)   19/    3EE8 :                     ; 			ds.b 2
(2)   20/    3EE8 :                     ; thisVram_BG		ds.b $419
(2)   21/    3EE8 :                     ; thisVram_BG_e		ds.b 0
(2)   22/    3EE8 :                     ; 			endmemory
(2)   23/    3EE8 :                     
(2)   24/    3EE8 :                     ; ====================================================================
(2)   25/    3EE8 :                     ; ------------------------------------------------------
(2)   26/    3EE8 :                     ; This screen's RAM
(2)   27/    3EE8 :                     ; ------------------------------------------------------
(2)   28/    3EE8 :                     
(2)   29/    3EE8 :  (MACRO-2)           			memory RAM_ScrnBuff
(2)   29/    3EE8 : =$3EE8               GLBL_LASTPC     := *
(2)   29/    3EE8 :                                     dephase
(2)   29/FFFFFFFFFFFFB000 :                                     phase RAM_SCRNBUFF
(2)   29/FFFFFFFFFFFFB000 : =$FFFFFFFFFFFFB000   GLBL_LASTORG    := *
(2)   30/FFFFFFFFFFFFB000 :                     RAM_SC0_CurrOption	ds.w 1
(2)   31/FFFFFFFFFFFFB002 :                     RAM_SC0_OldOption	ds.w 1
(2)   32/FFFFFFFFFFFFB004 :                     .sizeof_this		ds.l 0
(2)   33/FFFFFFFFFFFFB008 :  (MACRO-2)           			endmemory
(2)   33/    3EF0 :                     .here:          dephase
(2)   33/    3EF0 :                                     ds.b -(.here-GLBL_LASTORG)
(2)   33/    3EE8 :                                     phase GLBL_LASTPC
(2)   34/    3EE8 :  (MACRO-2)           			erreport "This screen",.sizeof_this-RAM_ScrnBuff,MAX_ScrnBuff
(2)   35/    3EE8 :                     
(2)   36/    3EE8 :                     ; ====================================================================
(2)   37/    3EE8 :                     ; ------------------------------------------------------
(2)   38/    3EE8 :                     ; Init
(2)   39/    3EE8 :                     ; ------------------------------------------------------
(2)   40/    3EE8 :                     
(2)   41/    3EE8 : 6100 C958           		bsr	Video_DisplayOff			; Disable VDP Display
(2)   42/    3EEC : 6100 DA1A           		bsr	System_Default				; Default system settings
(2)   43/    3EF0 :                     	; ----------------------------------------------
(2)   44/    3EF0 :                     	; Init/Load save
(2)   45/    3EF0 :                     ; 		addq.l	#1,(RAM_Save_Counter).w
(2)   46/    3EF0 :                     ; 		bsr	System_SramSave				; Save to SRAM/BRAM
(2)   47/    3EF0 :                     	; ----------------------------------------------
(2)   48/    3EF0 :                     	; Init Print
(2)   49/    3EF0 : 203C 0000 4D90      		move.l	#DATA_BANK0,d0				; Load MAIN DATA bank
(2)   50/    3EF6 : 6100 DD0A           		bsr	System_SetDataBank
(2)   51/    3EFA : 203C 0003 700A      		move.l	#ASCII_FONT,d0
(2)   52/    3F00 : 323C 05A0           		move.w	#DEF_PrintVram,d1
(2)   53/    3F04 : 6100 D18E           		bsr	Video_PrintInit
(2)   54/    3F08 : 203C 0003 7C0A      		move.l	#ASCII_FONT_W,d0
(2)   55/    3F0E : 323C 04E0           		move.w	#DEF_PrintVramW,d1
(2)   56/    3F12 : 6100 D17A           		bsr	Video_PrintInitW
(2)   57/    3F16 : 6100 D186           		bsr	Video_PrintDefPal_Fade
(2)   58/    3F1A :                     	; ----------------------------------------------
(2)   59/    3F1A :                     ; 		move.l	#ART_TESTBG,d0
(2)   60/    3F1A :                     ; 		move.w	#cell_num(thisVram_BG),d1
(2)   61/    3F1A :                     ; 		move.w	#cell_num(thisVram_BG_e-thisVram_BG),d2
(2)   62/    3F1A :                     ; 		bsr	Video_LoadArt
(2)   63/    3F1A :                     ; 		lea	(MAP_TESTBG),a0
(2)   64/    3F1A :                     ; 		move.l	#splitw(0,0),d0
(2)   65/    3F1A :                     ; 		move.l	#splitw(320/8,224/8),d1
(2)   66/    3F1A :                     ; 		move.l	#splitw(DEF_HSIZE_64,DEF_VRAM_BG),d2
(2)   67/    3F1A :                     ; 		move.w	#thisVram_BG|$4000,d3
(2)   68/    3F1A :                     ; 		bsr	Video_LoadMap
(2)   69/    3F1A :                     ; 		lea	(PAL_TESTBG),a0
(2)   70/    3F1A :                     ; 		moveq	#32,d0
(2)   71/    3F1A :                     ; 		moveq	#16,d1
(2)   72/    3F1A :                     ; 		bsr	Video_FadePal
(2)   89/    3F1A :                     	; ----------------------------------------------
(2)   90/    3F1A : 41FA 0158           		lea	str_MenuText(pc),a0
(2)   91/    3F1E : 7001                		moveq	#1,d0					; X/Y position: 1,1
(2)   92/    3F20 : 7201                		moveq	#1,d1
(2)   93/    3F22 : 343C 64E0           		move.w	#DEF_PrintVramW|DEF_PrintPal,d2		; FG VRAM location
(2)   94/    3F26 : 263C 0080 C000      		move.l	#splitw(DEF_HSIZE_64,DEF_VRAM_FG),d3	; FG width
(2)   95/    3F2C : 6100 D218           		bsr	Video_PrintW
(2)   96/    3F30 :                     ; 		lea	(RAM_Save_Counter).w,a0
(2)   97/    3F30 :                     ; 		move.l	#3,a1
(2)   98/    3F30 :                     ; 		moveq	#1,d0
(2)   99/    3F30 :                     ; 		moveq	#3,d1
(2)  100/    3F30 :                     ; 		move.w	#DEF_PrintVramW|DEF_PrintPal,d2
(2)  101/    3F30 :                     ; 		move.l	#splitw(DEF_HSIZE_64,DEF_VRAM_FG),d3
(2)  102/    3F30 :                     ; 		bsr	Video_PrintValW
(2)  103/    3F30 : 6128                		bsr	.loop_print				; Draw counter
(2)  104/    3F32 :                     ; 		moveq	#0,d0
(2)  105/    3F32 :                     ; 		moveq	#0,d1
(2)  106/    3F32 :                     ; 		bsr	gemaPlaySeqAuto
(2)  107/    3F32 :                     	; ----------------------------------------------
(2)  108/    3F32 : 6100 C902           		bsr	Video_DisplayOn				; Enable VDP Display
(2)  109/    3F36 : 6100 D07C           		bsr	Video_FadeIn_Full			; Full fade-in w/Delay
(2)  110/    3F3A :                     
(2)  111/    3F3A :                     ; ====================================================================
(2)  112/    3F3A :                     ; ------------------------------------------------------
(2)  113/    3F3A :                     ; Loop
(2)  114/    3F3A :                     ; ------------------------------------------------------
(2)  115/    3F3A :                     
(2)  116/    3F3A :                     .loop:
(2)  117/    3F3A : 6100 D6D4           		bsr	System_Render
(2)  118/    3F3E : 611A                		bsr	.loop_print
(2)  119/    3F40 :                     
(2)  125/    3F40 :                     
(2)  126/    3F40 :                     	; CD only
(2)  127/    3F40 :                     	; check ABC+Start "home" combo
(2)  132/    3F40 :                     
(2)  133/    3F40 :                     		;!@
(2)  134/    3F40 :                     		;lea	(Controller_1).w,a6
(2)  135/    3F40 :                     		;move.w	pad_press(a6),d7
(2)  136/    3F40 :                     		;Check if ANY controllers have had Start button pressed
(2)  137/    3F40 : 6134                		bsr		.joyHandler
(2)  138/    3F42 : 3E39 FFFF D00A      		move.w	(RAM_Glbl_joy_press).l,d7
(2)  139/    3F48 : 0807 0007           		btst	#bitJoyStart,d7
(2)  140/    3F4C : 67EC                		beq.s	.loop
(2)  141/    3F4E :                     		
(2)  142/    3F4E : 6100 D076           		bsr	Video_FadeOut_Full
(2)  143/    3F52 : 31FC 0007 F18A      		move.w	#7,(RAM_ScreenMode).w			; Go to Screen $07: GEMA tester
(2)  144/    3F58 : 4E75                		rts
(2)  145/    3F5A :                     		
(2)  146/    3F5A :                     ; ------------------------------------------------------
(2)  147/    3F5A :                     ; Show framecounter and input
(2)  148/    3F5A :                     ; ------------------------------------------------------
(2)  149/    3F5A :                     
(2)  150/    3F5A :                     .loop_print:
(2)  151/    3F5A : 41F8 F0DC           		lea	(RAM_Framecount).w,a0			; Memory location to print
(2)  152/    3F5E : 227C 0000 0003      		move.l	#3,a1					; Display type 3
(2)  153/    3F64 : 701F                		moveq	#31,d0
(2)  154/    3F66 : 7201                		moveq	#1,d1
(2)  155/    3F68 : 343C 64E0           		move.w	#DEF_PrintVramW|DEF_PrintPal,d2		; VRAM ascii location w/attr
(2)  156/    3F6C : 263C 0080 C000      		move.l	#splitw(DEF_HSIZE_64,DEF_VRAM_FG),d3	; VRAM output location and width size
(2)  157/    3F72 : 6000 D31C           		bra	Video_PrintValW
(2)  158/    3F76 :                     		
(2)  159/    3F76 :                     ; ------------------------------------------------------
(2)  160/    3F76 :                     ; !@ Joypad handler
(2)  161/    3F76 :                     ; Uses: a6,d7
(2)  162/    3F76 :                     ; ------------------------------------------------------		
(2)  163/    3F76 :                     .joyHandler:
(2)  164/    3F76 :                     	;Handle hold states
(2)  165/    3F76 : 4DF8 F0F8           	lea	(Controller_1).w,a6					;Put controller1_hold into RAM_Glbl_joy_hold (will be pico_pen in pico mode)
(2)  166/    3F7A : 3E2E 0002           	move.w	pad_hold(a6),d7
(2)  167/    3F7E : 33C7 FFFF D008      	move.w	d7,(RAM_Glbl_joy_hold).l
(2)  168/    3F84 : 4DF8 F10E           	lea	(Controller_2).w,a6					;Put controller2_hold into RAM_Glbl_joy2_hold (will be pico_ext in pico mode, P2 in Genesis mode)
(2)  169/    3F88 : 3E2E 0002           	move.w	pad_hold(a6),d7
(2)  170/    3F8C : 33C7 FFFF D00E      	move.w	d7,(RAM_Glbl_joy2_hold).l
(2)  171/    3F92 : 4DF8 F124           	lea	(Controller_3).w,a6					;Put controller3_hold into d7
(2)  172/    3F96 : 3E2E 0002           	move.w	pad_hold(a6),d7
(2)  173/    3F9A : 8F79 FFFF D00E      	or.w	d7,(RAM_Glbl_joy2_hold).l		;OR (RAM_Glbl_joy2_hold,d7)
(2)  174/    3FA0 : 4DF8 F13A           	lea	(Controller_4).w,a6					;Ditto OR for controller4_hold
(2)  175/    3FA4 : 3E2E 0002           	move.w	pad_hold(a6),d7
(2)  176/    3FA8 : 8F79 FFFF D00E      	or.w	d7,(RAM_Glbl_joy2_hold).l	
(2)  177/    3FAE : 4DF8 F150           	lea	(Controller_5).w,a6					;Ditto OR for controller5_hold
(2)  178/    3FB2 : 3E2E 0002           	move.w	pad_hold(a6),d7
(2)  179/    3FB6 : 8F79 FFFF D00E      	or.w	d7,(RAM_Glbl_joy2_hold).l
(2)  180/    3FBC :                     		
(2)  181/    3FBC :                     	;Repeat everything above, but for controller_press
(2)  182/    3FBC : 4DF8 F0F8           	lea	(Controller_1).w,a6
(2)  183/    3FC0 : 3E2E 0004           	move.w	pad_press(a6),d7
(2)  184/    3FC4 : 33C7 FFFF D00A      	move.w	d7,(RAM_Glbl_joy_press).l
(2)  185/    3FCA : 4DF8 F10E           	lea	(Controller_2).w,a6
(2)  186/    3FCE : 3E2E 0004           	move.w	pad_press(a6),d7
(2)  187/    3FD2 : 33C7 FFFF D010      	move.w	d7,(RAM_Glbl_joy2_press).l
(2)  188/    3FD8 : 4DF8 F124           	lea	(Controller_3).w,a6
(2)  189/    3FDC : 3E2E 0004           	move.w	pad_press(a6),d7
(2)  190/    3FE0 : 8F79 FFFF D010      	or.w	d7,(RAM_Glbl_joy2_press).l	
(2)  191/    3FE6 : 4DF8 F13A           	lea	(Controller_4).w,a6
(2)  192/    3FEA : 3E2E 0004           	move.w	pad_press(a6),d7
(2)  193/    3FEE : 8F79 FFFF D010      	or.w	d7,(RAM_Glbl_joy2_press).l	
(2)  194/    3FF4 : 4DF8 F150           	lea	(Controller_5).w,a6
(2)  195/    3FF8 : 3E2E 0004           	move.w	pad_press(a6),d7
(2)  196/    3FFC : 8F79 FFFF D010      	or.w	d7,(RAM_Glbl_joy2_press).l
(2)  197/    4002 :                     	
(2)  198/    4002 :                     	;Repeat everything above, but for controller_release
(2)  199/    4002 : 4DF8 F0F8           	lea	(Controller_1).w,a6
(2)  200/    4006 : 3E2E 0006           	move.w	pad_release(a6),d7
(2)  201/    400A : 33C7 FFFF D00C      	move.w	d7,(RAM_Glbl_joy_release).l
(2)  202/    4010 : 4DF8 F10E           	lea	(Controller_2).w,a6
(2)  203/    4014 : 3E2E 0006           	move.w	pad_release(a6),d7
(2)  204/    4018 : 33C7 FFFF D012      	move.w	d7,(RAM_Glbl_joy2_release).l
(2)  205/    401E : 4DF8 F124           	lea	(Controller_3).w,a6
(2)  206/    4022 : 3E2E 0006           	move.w	pad_release(a6),d7
(2)  207/    4026 : 8F79 FFFF D012      	or.w	d7,(RAM_Glbl_joy2_release).l	
(2)  208/    402C : 4DF8 F13A           	lea	(Controller_4).w,a6
(2)  209/    4030 : 3E2E 0006           	move.w	pad_release(a6),d7
(2)  210/    4034 : 8F79 FFFF D012      	or.w	d7,(RAM_Glbl_joy2_release).l	
(2)  211/    403A : 4DF8 F150           	lea	(Controller_5).w,a6
(2)  212/    403E : 3E2E 0006           	move.w	pad_release(a6),d7
(2)  213/    4042 : 8F79 FFFF D012      	or.w	d7,(RAM_Glbl_joy2_release).l
(2)  214/    4048 :                     	
(2)  215/    4048 :                     	;Concatenate everything for final hold,press,release logical bitfields
(2)  216/    4048 : 4DF9 FFFF D008      	lea		(RAM_Glbl_joy_hold).l,a6	;Load final joy_hold into a6
(2)  217/    404E : 3E39 FFFF D00E      	move.w	(RAM_Glbl_joy2_hold).l,d7	;Move joy2_hold value into d7
(2)  218/    4054 : 8F56                	or.w	d7,(a6)						;OR d7,valueAt(a6)
(2)  219/    4056 :                     	;Repeat for joy_press
(2)  220/    4056 : 4DF9 FFFF D00A      	lea		(RAM_Glbl_joy_press).l,a6
(2)  221/    405C : 3E39 FFFF D010      	move.w	(RAM_Glbl_joy2_press).l,d7
(2)  222/    4062 : 8F56                	or.w	d7,(a6)	
(2)  223/    4064 :                     	;Repeat for joy_release
(2)  224/    4064 : 4DF9 FFFF D00C      	lea		(RAM_Glbl_joy_release).l,a6
(2)  225/    406A : 3E39 FFFF D012      	move.w	(RAM_Glbl_joy2_release).l,d7
(2)  226/    4070 : 8F56                	or.w	d7,(a6)
(2)  227/    4072 :                     	
(2)  228/    4072 :                     	;If Genesis mode, overwrite joy2_hold,_press,_release with just final bitfield. We dont care
(2)  242/    4072 : 4E75                	rts
(2)  243/    4074 :                     
(2)  244/    4074 :                     ; ; ------------------------------------------------------
(2)  245/    4074 :                     
(2)  246/    4074 :                     ; ------------------------------------------------------
(2)  247/    4074 :                     ; SCD ONLY
(2)  248/    4074 :                     ; ------------------------------------------------------
(2)  249/    4074 :                     
(2)  255/    4074 :                     
(2)  256/    4074 :                     ; ====================================================================
(2)  257/    4074 :                     ; ------------------------------------------------------
(2)  258/    4074 :                     ; Objects
(2)  259/    4074 :                     ; ------------------------------------------------------
(2)  260/    4074 :                     
(2)  261/    4074 :                     ; ====================================================================
(2)  262/    4074 :                     ; ------------------------------------------------------
(2)  263/    4074 :                     ; Custom VBlank
(2)  264/    4074 :                     ; ------------------------------------------------------
(2)  265/    4074 :                     
(2)  266/    4074 :                     ; ------------------------------------------------------
(2)  267/    4074 :                     ; Custom HBlank
(2)  268/    4074 :                     ; ------------------------------------------------------
(2)  269/    4074 :                     
(2)  270/    4074 :                     ; ====================================================================
(2)  271/    4074 :                     ; ------------------------------------------------------
(2)  272/    4074 :                     ; Includes for this screen
(2)  273/    4074 :                     ; ------------------------------------------------------
(2)  274/    4074 :                     
(2)  275/    4074 :                     ; ====================================================================
(2)  276/    4074 :                     ; ------------------------------------------------------
(2)  277/    4074 :                     ; Small data section
(2)  278/    4074 :                     ; ------------------------------------------------------
(2)  279/    4074 :                     
(2)  280/    4074 :                     str_MenuText:
(2)  281/    4074 : 4E69 6B6F 6E61      		dc.b "Nikona screen template",$0A
             407A : 2073 6372 6565 
             4080 : 6E20 7465 6D70 
             4086 : 6C61 7465 0A       
(2)  282/    408B : 00                  		dc.b 0
(2)  283/    408C :                     		align 2
(2)  284/    408C :                     
(2)  285/    408C :                     ; ====================================================================
(2)  286/    408C :                     
(1)   19/    408C :                     mcscrn_e:
(1)   19/    408C : =$408C               MD_SCREEN00_E label *
(1)   19/    408C :  (MACRO-2)                   erreport "SCREEN CODE: MD_SCREEN00",mcscrn_e-mcscrn_s,MAX_UserCode
(1)   20/    408C : (MACRO)              	code_bank Md_Screen07,Md_Screen07_e,"game/code/sound_test.asm"
(1)   20/    408C : =$408C               MD_SCREEN07 label *                        ; Register start label
(1)   20/    408C :                     mctopscrn:
(1)   20/    408C :                     mcscrn_s:
(1)   20/    408C :                             include "game/code/sound_test.asm";"game/screenX/code.asm"
(2)    1/    408C :                     ; ===========================================================================
(2)    2/    408C :                     ; ===========================================================================
(2)    3/    408C :                     ; ----------------------------------------------------------------
(2)    4/    408C :                     ; GEMA SOUND TESTER
(2)    5/    408C :                     ; ----------------------------------------------------------------
(2)    6/    408C :                     
(2)    7/    408C :                     ; ====================================================================
(2)    8/    408C :                     ; ------------------------------------------------------
(2)    9/    408C :                     ; Settings
(2)   10/    408C :                     ; ------------------------------------------------------
(2)   11/    408C :                     
(2)   12/    408C : =$1                  VIEW_GEMAINFO		equ True	; ** Using this causes loss of DAC quality **
(2)   13/    408C : =$1                  VIEW_FAIRY		equ True		; Show status Dodo/Mifi/Fifi/Pifi
(2)   14/    408C :                     
(2)   15/    408C :                     ; ====================================================================
(2)   16/    408C :                     ; ------------------------------------------------------
(2)   17/    408C :                     ; Variables
(2)   18/    408C :                     ; ------------------------------------------------------
(2)   19/    408C :                     
(2)   20/    408C : =$7                  MAX_SNDPICK		equ 7
(2)   21/    408C : =$10                 SET_SNDVIEWY		equ 16
(2)   22/    408C :                     
(2)   23/    408C :                     ; ====================================================================
(2)   24/    408C :                     ; ------------------------------------------------------
(2)   25/    408C :                     ; Structs
(2)   26/    408C :                     ; ------------------------------------------------------
(2)   27/    408C :                     
(2)   28/    408C :  (MACRO-2)           			memory 2
(2)   28/    408C : =$408C               GLBL_LASTPC     := *
(2)   28/    408C :                                     dephase
(2)   28/       2 :                                     phase 2
(2)   28/       2 : =$2                  GLBL_LASTORG    := *
(2)   29/       2 :                     setVram_Dodo		ds.b $30
(2)   30/      32 :                     setVram_Mimi		ds.b $30
(2)   31/      62 :                     setVram_Fifi		ds.b $30
(2)   32/      92 :                     setVram_Pifi		ds.b $30	;!@ New
(2)   33/      C2 :  (MACRO-2)           			endmemory
(2)   33/    414C :                     .here:          dephase
(2)   33/    414C :                                     ds.b -(.here-GLBL_LASTORG)
(2)   33/    408C :                                     phase GLBL_LASTPC
(2)   34/    408C :                     
(2)   35/    408C :                     ; ====================================================================
(2)   36/    408C :                     ; ------------------------------------------------------
(2)   37/    408C :                     ; This mode's RAM
(2)   38/    408C :                     ; ------------------------------------------------------
(2)   39/    408C :                     
(2)   40/    408C :  (MACRO-2)           			memory RAM_ScrnBuff
(2)   40/    408C : =$408C               GLBL_LASTPC     := *
(2)   40/    408C :                                     dephase
(2)   40/FFFFFFFFFFFFB000 :                                     phase RAM_SCRNBUFF
(2)   40/FFFFFFFFFFFFB000 : =$FFFFFFFFFFFFB000   GLBL_LASTORG    := *
(2)   41/FFFFFFFFFFFFB000 :                     RAM_ThisObjList		ds.b obj_len*64
(2)   42/FFFFFFFFFFFFCA00 :                     RAM_GemaCache_PSG	ds.l 3
(2)   43/FFFFFFFFFFFFCA0C :                     RAM_GemaCache_PSGN	ds.l 1
(2)   44/FFFFFFFFFFFFCA10 :                     RAM_GemaCache_FM	ds.l 4
(2)   45/FFFFFFFFFFFFCA20 :                     RAM_GemaCache_FM3	ds.l 1
(2)   46/FFFFFFFFFFFFCA24 :                     RAM_GemaCache_FM6	ds.l 1
(2)   47/FFFFFFFFFFFFCA28 :                     RAM_GemaCache_PCM	ds.l 8
(2)   48/FFFFFFFFFFFFCA48 :                     RAM_GemaCache_PWM	ds.l 8
(2)   49/FFFFFFFFFFFFCA68 :                     RAM_GemaCache_PCO	ds.l 1	;!@ Pico ADPCM
(2)   50/FFFFFFFFFFFFCA6C :                     RAM_CurrPick		ds.w 1
(2)   51/FFFFFFFFFFFFCA6E :                     RAM_LastPick		ds.w 1
(2)   52/FFFFFFFFFFFFCA70 :                     RAM_GemaSeq		ds.w 1		; ''
(2)   53/FFFFFFFFFFFFCA72 :                     RAM_GemaBlk		ds.w 1		; ''
(2)   54/FFFFFFFFFFFFCA74 :                     RAM_GemaIndx		ds.w 1		; DONT MOVE
(2)   55/FFFFFFFFFFFFCA76 :                     RAM_GemaStatus		ds.w 4
(2)   56/FFFFFFFFFFFFCA7E :                     RAM_FairyVars		ds.w 1
(2)   57/FFFFFFFFFFFFCA80 :                     RAM_CurrBeats		ds.w 1
(2)   58/FFFFFFFFFFFFCA82 :                     RAM_Copy_fmSpecial	ds.w 1
(2)   59/FFFFFFFFFFFFCA84 :                     RAM_Copy_HasDac		ds.w 1
(2)   60/FFFFFFFFFFFFCA86 :                     RAM_ScratchW		ds.w 1	;!@ Scratch word
(2)   61/FFFFFFFFFFFFCA88 :                     RAM_ScratchB		ds.b 1	;!@ Scratch byte
(2)   62/FFFFFFFFFFFFCA89 :                     sizeof_thisbuff		ds.l 0
(2)   63/FFFFFFFFFFFFCA8C :  (MACRO-2)           			endmemory
(2)   63/    5B18 :                     .here:          dephase
(2)   63/    5B18 :                                     ds.b -(.here-GLBL_LASTORG)
(2)   63/    408C :                                     phase GLBL_LASTPC
(2)   64/    408C :                     
(2)   65/    408C :  (MACRO-2)           	erreport "THIS SCREEN",sizeof_thisbuff-RAM_ScrnBuff,MAX_ScrnBuff
(2)   66/    408C :                     
(2)   67/    408C :                     ; ====================================================================
(2)   68/    408C :                     ; ------------------------------------------------------
(2)   69/    408C :                     ; Init
(2)   70/    408C :                     ; ------------------------------------------------------				
(2)   71/    408C : 6100 C7B4           		bsr	Video_DisplayOff
(2)   72/    4090 : 6100 D876           		bsr	System_Default
(2)   73/    4094 :                     	; ----------------------------------------------
(2)   74/    4094 :                     	; Load assets
(2)   75/    4094 : 203C 0000 4D90      		move.l	#DATA_BANK0,d0
(2)   76/    409A : 6100 DB66           		bsr	System_SetDataBank
(2)   77/    409E :                     	; ----------------------------------------------
(2)   78/    409E : 203C 0003 700A      		move.l	#ASCII_FONT,d0			; Load and setup PRINT system
(2)   79/    40A4 : 323C 65A0           		move.w	#DEF_PrintVram|$6000,d1
(2)   80/    40A8 : 6100 CFEA           		bsr	Video_PrintInit
(2)   81/    40AC : 203C 0003 7C0A      		move.l	#ASCII_FONT_W,d0
(2)   82/    40B2 : 323C 64E0           		move.w	#DEF_PrintVramW|$6000,d1
(2)   83/    40B6 : 6100 CFD6           		bsr	Video_PrintInitW
(2)   84/    40BA : 41F8 EF10           		lea	(RAM_PaletteFade+$40).w,a0
(2)   85/    40BE : 30BC 0000           		move.w	#$0000,(a0)
(2)   86/    40C2 : 317C 00E0 0002      		move.w	#$00E0,2(a0)
(2)   87/    40C8 : 317C 00A0 0004      		move.w	#$00A0,4(a0)
(2)   88/    40CE : 317C 0080 0004      		move.w	#$0080,4(a0)
(2)   89/    40D4 : D0FC 0020           		adda	#$20,a0
(2)   90/    40D8 : 30BC 0000           		move.w	#$0000,(a0)
(2)   91/    40DC : 317C 0EEE 0002      		move.w	#$0EEE,2(a0)
(2)   92/    40E2 : 317C 0AAA 0004      		move.w	#$0AAA,4(a0)
(2)   93/    40E8 : 317C 0888 0004      		move.w	#$0888,4(a0)
(2)   94/    40EE : 41F9 0003 A58C      		lea	(objPal_Dodo+2),a0
(2)   95/    40F4 : 7001                		moveq	#1,d0
(2)   96/    40F6 : 323C 000F           		move.w	#15,d1
(2)   97/    40FA : 6100 CF1C           		bsr	Video_FadePal
(2)   98/    40FE : 41FA 07BE           		lea	ArtList_Stuff(pc),a0
(2)   99/    4102 : 6100 C9E2           		bsr	Video_LoadArt_List
(2)  100/    4106 :                     	; ----------------------------------------------
(2)  101/    4106 : 41FA 07D8           		lea	str_TesterTitle(pc),a0
(2)  102/    410A : 700C                		moveq	#12,d0
(2)  103/    410C : 7202                		moveq	#2,d1
(2)  104/    410E : 343C 64E0           		move.w	#DEF_PrintVramW|DEF_PrintPal,d2
(2)  105/    4112 : 263C 0080 C000      		move.l	#splitw(DEF_HSIZE_64,DEF_VRAM_FG),d3
(2)  106/    4118 : 6100 D02C           		bsr	Video_PrintW
(2)  107/    411C :                     		
(2)  108/    411C :                     	;!@ Subtitle
(2)  117/    411C :                     		
(2)  118/    411C : 41FA 07E6           		lea	str_TesterInfo(pc),a0
(2)  120/    4120 : 7006                		moveq	#6,d0
(2)  124/    4122 : 7207                		moveq	#7,d1
(2)  125/    4124 : 343C 45A0           		move.w	#DEF_PrintVram|$4000,d2
(2)  126/    4128 : 6100 CF92           		bsr	Video_Print
(2)  127/    412C :                     		
(2)  128/    412C : 41FA 086E           		lea	str_Instruc(pc),a0
(2)  129/    4130 : 7002                		moveq	#2,d0
(2)  130/    4132 :                     		;!@ moveq	#21,d1
(2)  131/    4132 : 7216                		moveq	#22,d1
(2)  132/    4134 : 343C 45A0           		move.w	#DEF_PrintVram|$4000,d2
(2)  133/    4138 : 6100 CF82           		bsr	Video_Print
(2)  134/    413C : 6100 02EC           		bsr	.gema_viewinit
(2)  135/    4140 :                     ; 		bsr	.show_cursor
(2)  136/    4140 :                     	; ----------------------------------------------
(2)  137/    4140 : 6100 C138           		bsr	gemaReset				; Load default GEMA sound data
(2)  138/    4144 : 6100 015E           		bsr	.show_me
(2)  139/    4148 : 6100 0320           		bsr	.gema_view
(2)  140/    414C :                     ; 		bsr	.steal_vars
(2)  141/    414C :                     	; ----------------------------------------------
(2)  142/    414C : 6100 C6E8           		bsr	Video_DisplayOn
(2)  143/    4150 : 6100 DAE4           		bsr	Objects_Run
(2)  144/    4154 : 6100 C484           		bsr	Video_BuildSprites
(2)  145/    4158 : 6100 D4B6           		bsr	System_Render
(2)  146/    415C : 6100 CE56           		bsr	Video_FadeIn_Full
(2)  147/    4160 :                     ; ====================================================================
(2)  148/    4160 :                     ; ------------------------------------------------------
(2)  149/    4160 :                     ; Loop
(2)  150/    4160 :                     ; ------------------------------------------------------
(2)  151/    4160 :                     
(2)  152/    4160 :                     .loop:
(2)  153/    4160 : 6100 D4AE           		bsr	System_Render		
(2)  154/    4164 :                     ; 		bsr	.show_cursor
(2)  155/    4164 : 6100 0304           		bsr	.gema_view
(2)  156/    4168 : 6100 019C           		bsr	.show_me2	;!@ Update pico-hardware debug
(2)  157/    416C : 6100 DAC8           		bsr	Objects_Run
(2)  158/    4170 : 6100 C468           		bsr	Video_BuildSprites
(2)  159/    4174 :                     
(2)  160/    4174 :                     	; NEW controls
(2)  161/    4174 : 6100 04D6           		bsr	.joyHandler		;!@		
(2)  162/    4178 :                     		;!@ lea	(Controller_1).w,a6
(2)  163/    4178 :                     	; LEFT/RIGHT
(2)  164/    4178 :                     		;If any genesis controller has pressed start, then exit screen
(2)  165/    4178 :                     		;!@ move.w	pad_press(a6),d7
(2)  166/    4178 : 3E39 FFFF D010      		move.w	(RAM_Glbl_joy2_press).l,d7	;!@
(2)  167/    417E : 3C07                		move.w	d7,d6
(2)  168/    4180 : 0246 0080           		andi.w	#JoyStart,d6
(2)  169/    4184 : 6600 00EA           		bne	.exit_this
(2)  170/    4188 :                     		
(2)  171/    4188 :                     		;!@ Check if any controller has pressed left/right
(2)  172/    4188 : 3E39 FFFF D00A      		move.w	(RAM_Glbl_joy_press).l,d7	;!@
(2)  173/    418E : 0247 000C           		andi.w	#JoyLeft+JoyRight,d7
(2)  174/    4192 : 6718                		beq.s	.lr_seq
(2)  175/    4194 : 7001                		moveq	#1,d0
(2)  176/    4196 : 0247 0004           		andi.w	#JoyLeft,d7
(2)  177/    419A : 6708                		beq.s	.lr_right
(2)  178/    419C : 4A78 CA70           		tst.w	(RAM_GemaSeq).w
(2)  179/    41A0 : 670A                		beq.s	.lr_seq
(2)  180/    41A2 : 4440                		neg.w	d0
(2)  181/    41A4 :                     .lr_right:
(2)  182/    41A4 : D178 CA70           		add.w	d0,(RAM_GemaSeq).w
(2)  183/    41A8 : 6100 00FA           		bsr	.show_me
(2)  184/    41AC :                     .lr_seq:
(2)  185/    41AC :                     
(2)  186/    41AC :                     	; UP/DOWN
(2)  187/    41AC :                     		;!@ move.w	pad_press(a6),d7
(2)  188/    41AC :                     		;Check if any controller has pressed Up/Down
(2)  189/    41AC : 3E39 FFFF D00A      		move.w	(RAM_Glbl_joy_press).l,d7	;!@
(2)  190/    41B2 : 0247 0003           		andi.w	#JoyUp+JoyDown,d7
(2)  191/    41B6 : 6718                		beq.s	.ud_seq
(2)  192/    41B8 : 7001                		moveq	#1,d0
(2)  193/    41BA :                     ; 		andi.w	#JoyUp,d7
(2)  194/    41BA : 0247 0001           		andi.w	#JoyUp,d7
(2)  195/    41BE : 6708                		beq.s	.ud_right
(2)  196/    41C0 : 4A78 CA72           		tst.w	(RAM_GemaBlk).w
(2)  197/    41C4 : 670A                		beq.s	.ud_seq
(2)  198/    41C6 : 4440                		neg.w	d0
(2)  199/    41C8 :                     .ud_right:
(2)  200/    41C8 : D178 CA72           		add.w	d0,(RAM_GemaBlk).w
(2)  201/    41CC : 6100 00D6           		bsr	.show_me
(2)  202/    41D0 :                     .ud_seq:
(2)  203/    41D0 :                     
(2)  204/    41D0 :                     	; X/Y
(2)  205/    41D0 :                     		;!@ move.w	pad_press(a6),d7
(2)  206/    41D0 :                     		; Check if any Genesis controller has pressed X/Y
(2)  207/    41D0 : 3E39 FFFF D010      		move.w	(RAM_Glbl_joy2_press).l,d7	;!@
(2)  208/    41D6 : 0247 0600           		andi.w	#JoyX+JoyY,d7
(2)  209/    41DA : 6718                		beq.s	.xy_seq
(2)  210/    41DC : 7001                		moveq	#1,d0
(2)  211/    41DE : 0247 0400           		andi.w	#JoyX,d7
(2)  212/    41E2 : 6708                		beq.s	.xy_right
(2)  213/    41E4 : 4A78 CA74           		tst.w	(RAM_GemaIndx).w
(2)  214/    41E8 : 670A                		beq.s	.xy_seq
(2)  215/    41EA : 4440                		neg.w	d0
(2)  216/    41EC :                     .xy_right:
(2)  217/    41EC : D178 CA74           		add.w	d0,(RAM_GemaIndx).w
(2)  218/    41F0 : 6100 00B2           		bsr	.show_me
(2)  219/    41F4 :                     .xy_seq:
(2)  220/    41F4 :                     
(2)  221/    41F4 :                     	; C BUTTON / Start (Pico)
(2)  222/    41F4 :                     		; 
(2)  223/    41F4 :                     		;!@ If PICO mode, check if pico pen has pressed start (pen button down)
(2)  225/    41F4 : 4DF8 F0F8           		lea		(Controller_1).w,a6
(2)  226/    41F8 : 3E2E 0004           		move.w	pad_press(a6),d7	;!@
(2)  227/    41FC : 0247 0080           		andi.w	#JoyStart,d7
(2)  228/    4200 : 6706                		beq.s	.cz_gen_check
(2)  229/    4202 : 3438 CA74           		move.w	(RAM_GemaIndx).w,d2
(2)  230/    4206 : 6018                		bra.s	.not_auto
(2)  232/    4208 :                     		
(2)  233/    4208 :                     .cz_gen_check:
(2)  234/    4208 :                     		;Check if any Genesis controllers have pressed C/Z
(2)  235/    4208 :                     		;!@ move.w	pad_press(a6),d7
(2)  236/    4208 : 3E39 FFFF D010      		move.w	(RAM_Glbl_joy2_press).l,d7
(2)  237/    420E : 0247 0120           		andi.w	#JoyC+JoyZ,d7
(2)  238/    4212 : 6730                		beq.s	.c_press
(2)  239/    4214 : 3438 CA74           		move.w	(RAM_GemaIndx).w,d2
(2)  240/    4218 : 0247 0100           		andi.w	#JoyZ,d7
(2)  241/    421C : 6702                		beq.s	.not_auto
(2)  242/    421E : 74FF                		moveq	#-1,d2
(2)  243/    4220 :                     .not_auto:
(2)  244/    4220 : 3038 CA70           		move.w	(RAM_GemaSeq).w,d0
(2)  245/    4224 : 3238 CA72           		move.w	(RAM_GemaBlk).w,d1
(2)  246/    4228 : 6100 C138           		bsr	gemaPlaySeq
(2)  247/    422C :                     
(2)  248/    422C : 3038 CA70           		move.w	(RAM_GemaSeq).w,d0	; External beats
(2)  249/    4230 : 3200                		move.w	d0,d1
(2)  250/    4232 : D241                		add.w	d1,d1
(2)  251/    4234 : 41FA 0658           		lea	exgema_beats(pc),a0
(2)  252/    4238 : 3030 1000           		move.w	(a0,d1.w),d0
(2)  253/    423C : 31C0 CA80           		move.w	d0,(RAM_CurrBeats).w
(2)  254/    4240 : 6100 C1B8           		bsr	gemaSetBeats
(2)  255/    4244 :                     .c_press:
(2)  256/    4244 :                     	; B BUTTON
(2)  257/    4244 :                     		;!@ move.w	pad_press(a6),d7
(2)  258/    4244 :                     		;If any controller has pressed B, then Stop Sequence
(2)  259/    4244 : 3E39 FFFF D00A      		move.w	(RAM_Glbl_joy_press).l,d7
(2)  260/    424A : 0247 0010           		andi.w	#JoyB,d7
(2)  261/    424E : 670C                		beq.s	.b_press
(2)  262/    4250 : 3038 CA70           		move.w	(RAM_GemaSeq).w,d0
(2)  263/    4254 : 3238 CA74           		move.w	(RAM_GemaIndx).w,d1
(2)  264/    4258 : 6100 C138           		bsr	gemaStopSeq
(2)  265/    425C :                     .b_press:
(2)  266/    425C :                     		;!@ move.w	pad_press(a6),d7
(2)  267/    425C :                     		;If any Genesis controller has pressed A, then StopAll
(2)  268/    425C : 3E39 FFFF D010      		move.w	(RAM_Glbl_joy2_press).l,d7
(2)  269/    4262 : 0247 0040           		andi.w	#JoyA,d7
(2)  270/    4266 : 6704                		beq.s	.a_press
(2)  271/    4268 : 6100 C13E           		bsr	gemaStopAll
(2)  272/    426C :                     .a_press:
(2)  273/    426C :                     ; 		move.w	pad_hold(a6),d7
(2)  274/    426C :                     ; 		andi.w	#JoyA+JoyB+JoyC,d7
(2)  275/    426C :                     ; 		bne.s	.n_up
(2)  276/    426C :                     ; 		move.w	pad_press(a6),d7
(2)  277/    426C :                     ; 		btst	#bitJoyDown,d7
(2)  278/    426C :                     ; 		beq.s	.n_down
(2)  279/    426C :                     ; 		addq.w	#1,(a5)
(2)  280/    426C :                     ; 		cmp.w	#MAX_SNDPICK,(a5)		; MAX OPTIONS
(2)  281/    426C :                     ; 		ble.s	.n_downd
(2)  282/    426C :                     ; 		clr.w	(a5)
(2)  283/    426C :                     ; .n_downd:
(2)  284/    426C :                     ; 		bsr.s	.show_me
(2)  285/    426C :                     ; .n_down:
(2)  286/    426C :                     ; 		move.w	pad_press(a6),d7
(2)  287/    426C :                     ; 		btst	#bitJoyUp,d7
(2)  288/    426C :                     ; 		beq.s	.n_up
(2)  289/    426C :                     ; 		subq.w	#1,(a5)
(2)  290/    426C :                     ; 		bpl.s	.n_ups
(2)  291/    426C :                     ; 		move.w	#MAX_SNDPICK,(a5)
(2)  292/    426C :                     ; .n_ups:
(2)  293/    426C :                     ; 		bsr.s	.show_me
(2)  294/    426C :                     ; .n_up:
(2)  295/    426C :                     ; 		move.w	(RAM_CurrPick).w,d7
(2)  296/    426C :                     ; 		lsl.w	#2,d7
(2)  297/    426C :                     ; 		jsr	.jump_list(pc,d7.w)
(2)  298/    426C :                     ; 		tst.w	(RAM_ScreenMode).w	; Check -1
(2)  299/    426C :                     ; 		bpl.s	.n_cbtn
(2)  300/    426C :                     
(2)  301/    426C :                     ; .n_cbtn:		
(2)  302/    426C : 6000 FEF2           		bra	.loop
(2)  303/    4270 :                     
(2)  304/    4270 :                     .exit_this:
(2)  305/    4270 : 6100 CD54           		bsr	Video_FadeOut_Full
(2)  306/    4274 :                     	; Stop ALL sequences
(2)  307/    4274 : 6100 C132           		bsr	gemaStopAll
(2)  308/    4278 :                     	rept 4
(2)  309/    4278 :                     		bsr	System_Render		; Wait 4 frames...
(2)  310/    4278 :                     	endm
(2)  309/    4278 : 6100 D396           		bsr	System_Render		; Wait 4 frames...
(2)  309/    427C : 6100 D392           		bsr	System_Render		; Wait 4 frames...
(2)  309/    4280 : 6100 D38E           		bsr	System_Render		; Wait 4 frames...
(2)  309/    4284 : 6100 D38A           		bsr	System_Render		; Wait 4 frames...
(2)  311/    4288 : 31FC 0000 F18A      		move.w	#0,(RAM_ScreenMode).w	; Set Screen Mode $07
(2)  312/    428E : 4E75                		rts				; <-- RTS
(2)  313/    4290 :                     
(2)  314/    4290 :                     ; ------------------------------------------------------
(2)  315/    4290 :                     
(2)  316/    4290 :                     .exit_shell:
(2)  317/    4290 : 6100 CD34           		bsr	Video_FadeOut_Full
(2)  318/    4294 : 6100 C112           		bsr	gemaStopAll
(2)  319/    4298 : 6100 D376           		bsr	System_Render
(2)  320/    429C : 6100 D372           		bsr	System_Render
(2)  321/    42A0 : 6000 D932           		bra	System_MdMcd_ExitShell
(2)  322/    42A4 :                     
(2)  323/    42A4 :                     ; ------------------------------------------------------
(2)  324/    42A4 :                     
(2)  325/    42A4 :                     .show_me:
(2)  326/    42A4 : 3038 CA70           		move.w	(RAM_GemaSeq).w,d0	; External beats
(2)  327/    42A8 : 3200                		move.w	d0,d1
(2)  328/    42AA : D241                		add.w	d1,d1
(2)  329/    42AC : 41FA 05E0           		lea	exgema_beats(pc),a0
(2)  330/    42B0 : 3030 1000           		move.w	(a0,d1.w),d0
(2)  331/    42B4 : 31C0 CA80           		move.w	d0,(RAM_CurrBeats).w
(2)  332/    42B8 :                     
(2)  333/    42B8 : 41F8 CA80           		lea	(RAM_CurrBeats).w,a0
(2)  334/    42BC : 227C 0000 0001      		move.l	#1,a1
(2)  336/    42C2 : 700D                		moveq	#13,d0
(2)  340/    42C4 :                     		;!@ moveq	#12,d1
(2)  341/    42C4 : 720A                		moveq	#10,d1
(2)  342/    42C6 : 343C 65A0           		move.w	#DEF_PrintVram|DEF_PrintPal,d2
(2)  343/    42CA : 263C 0080 C000      		move.l	#splitw(DEF_HSIZE_64,DEF_VRAM_FG),d3
(2)  344/    42D0 : 6100 CF68           		bsr	Video_PrintVal
(2)  345/    42D4 : 41F8 CA71           		lea	(RAM_GemaSeq+1).w,a0
(2)  346/    42D8 : 227C 0000 0000      		move.l	#0,a1
(2)  348/    42DE : 7007                		moveq	#7,d0
(2)  352/    42E0 :                     		;!@ moveq	#9,d1
(2)  353/    42E0 : 7208                		moveq	#8,d1
(2)  354/    42E2 : 343C 64E0           		move.w	#DEF_PrintVramW|DEF_PrintPal,d2
(2)  355/    42E6 : 263C 0080 C000      		move.l	#splitw(DEF_HSIZE_64,DEF_VRAM_FG),d3
(2)  356/    42EC : 6100 CFA2           		bsr	Video_PrintValW
(2)  357/    42F0 : D0FC 0002           		adda	#2,a0
(2)  358/    42F4 : 5A40                		addq.w	#5,d0
(2)  359/    42F6 : 6100 CF98           		bsr	Video_PrintValW
(2)  360/    42FA : D0FC 0002           		adda	#2,a0
(2)  361/    42FE : 5A40                		addq.w	#5,d0
(2)  362/    4300 : 6100 CF8E           		bsr	Video_PrintValW
(2)  363/    4304 : 4E75                		rts 
(2)  364/    4306 :                     		
(2)  365/    4306 :                     .show_me2:
(2)  366/    4306 :                     	;!@ New code for Pico PenX/Y, btn, version/type
(2)  368/    4306 :                     		;Show Pico headers
(2)  369/    4306 : 41FA 0616           		lea	str_TesterInfo2(pc),a0
(2)  371/    430A : 7006                		moveq	#6,d0
(2)  375/    430C : 720B                		moveq	#$0B,d1
(2)  376/    430E : 343C 45A0           		move.w	#DEF_PrintVram|$4000,d2
(2)  377/    4312 : 263C 0080 C000      		move.l	#splitw(DEF_HSIZE_64,DEF_VRAM_FG),d3
(2)  378/    4318 : 6100 CDA2           		bsr	Video_Print
(2)  379/    431C :                     		
(2)  380/    431C : 41FA 0636           		lea	str_TesterInfo3(pc),a0
(2)  381/    4320 : 7002                		moveq	#2,d0
(2)  382/    4322 : 720E                		moveq	#$0E,d1
(2)  383/    4324 : 343C 45A0           		move.w	#DEF_PrintVram|$4000,d2
(2)  384/    4328 : 263C 0080 C000      		move.l	#splitw(DEF_HSIZE_64,DEF_VRAM_FG),d3
(2)  385/    432E : 6100 CD8C           		bsr	Video_Print
(2)  386/    4332 :                     		
(2)  387/    4332 :                     		;Show Pico values
(2)  388/    4332 : 343C 65A0           		move.w	#DEF_PrintVram|DEF_PrintPal,d2
(2)  389/    4336 : 263C 0080 C000      		move.l	#splitw(DEF_HSIZE_64,DEF_VRAM_FG),d3
(2)  390/    433C :                     		
(2)  391/    433C :                     		;Type/Ver
(2)  392/    433C : 41F8 CA86           		lea	(RAM_ScratchW).w,a0
(2)  393/    4340 : 227C 0000 0001      		move.l	#1,a1
(2)  394/    4346 :                     
(2)  395/    4346 :                     		;Calculate word-sized Pico ver/type combo
(2)  396/    4346 : 1039 0080 000F      		move.b	(pico_copType).l,d0
(2)  397/    434C : E148                		lsl.w	#8,d0
(2)  398/    434E : 1239 0080 0001      		move.b	(pico_ver).l,d1
(2)  399/    4354 : 8041                		or.w	d1,d0
(2)  400/    4356 : 3080                		move.w	d0,(a0)		
(2)  402/    4358 : 7016                		moveq	#22,d0
(2)  406/    435A : 720B                		moveq	#11,d1
(2)  407/    435C : 6100 CEDC           		bsr	Video_PrintVal
(2)  408/    4360 :                     		
(2)  409/    4360 :                     		
(2)  410/    4360 :                     		;PenX
(2)  411/    4360 : 41F8 CA86           		lea	(RAM_ScratchW).w,a0
(2)  412/    4364 : 227C 0000 0001      		move.l	#1,a1
(2)  413/    436A :                     		
(2)  414/    436A :                     		;GetPen
(2)  415/    436A : 4DF8 F0F8           		lea		(Controller_1).w,a6
(2)  416/    436E : 302E 0008           		move.w	pad_x(a6),d0
(2)  417/    4372 : 3080                		move.w	d0,(a0)		
(2)  419/    4374 : 700E                		moveq	#14,d0
(2)  423/    4376 : 720C                		moveq	#12,d1
(2)  424/    4378 : 6100 CEC0           		bsr	Video_PrintVal
(2)  425/    437C :                     		
(2)  426/    437C :                     		
(2)  427/    437C :                     		;PenY
(2)  428/    437C : 41F8 CA86           		lea	(RAM_ScratchW).w,a0
(2)  429/    4380 : 227C 0000 0001      		move.l	#1,a1
(2)  430/    4386 :                     		
(2)  431/    4386 :                     		;GetPen
(2)  432/    4386 :                     		;lea	(Controller_1).w,a6
(2)  433/    4386 : 302E 000A           		move.w	pad_y(a6),d0
(2)  434/    438A : 3080                		move.w	d0,(a0)		
(2)  436/    438C : 7014                		moveq	#20,d0
(2)  440/    438E : 720C                		moveq	#12,d1
(2)  441/    4390 : 6100 CEA8           		bsr	Video_PrintVal
(2)  442/    4394 :                     		
(2)  443/    4394 :                     		
(2)  444/    4394 :                     		;Book
(2)  445/    4394 : 41F8 CA88           		lea	(RAM_ScratchB).w,a0
(2)  446/    4398 : 227C 0000 0000      		move.l	#0,a1
(2)  447/    439E :                     		
(2)  448/    439E :                     		;GetBook
(2)  449/    439E :                     		;lea	(Controller_1).w,a6
(2)  450/    439E : 102E 000C           		move.b	pad_page(a6),d0
(2)  451/    43A2 : 1080                		move.b	d0,(a0)
(2)  453/    43A4 : 700D                		moveq	#13,d0
(2)  457/    43A6 : 720D                		moveq	#13,d1
(2)  458/    43A8 : 6100 CE90           		bsr	Video_PrintVal
(2)  459/    43AC :                     		;GetBookRaw
(2)  460/    43AC :                     		;lea	(Controller_1).w,a6
(2)  461/    43AC : 102E 000E           		move.b	pad_pageRaw(a6),d0
(2)  462/    43B0 : 1080                		move.b	d0,(a0)
(2)  464/    43B2 : 7010                		moveq	#16,d0
(2)  468/    43B4 : 720D                		moveq	#13,d1
(2)  469/    43B6 : 6100 CE82           		bsr	Video_PrintVal
(2)  470/    43BA :                     		
(2)  471/    43BA :                     		
(2)  472/    43BA :                     		;Handle buttons
(2)  473/    43BA :                     		;Btn		
(2)  474/    43BA : 227C 0000 0001      		move.l	#1,a1			;Word type button holds
(2)  475/    43C0 : 720E                		moveq	#14,d1			;ypos
(2)  476/    43C2 : 41F8 CA86           		lea	(RAM_ScratchW).w,a0	;Value memory addr		
(2)  477/    43C6 :                     		
(2)  478/    43C6 :                     		;Get pen button
(2)  479/    43C6 : 4DF8 F0F8           		lea	(Controller_1).w,a6	;Lead c1 addr into a6
(2)  480/    43CA : 302E 0002           		move.w	pad_hold(a6),d0	;Move pad_hold of controller into d0
(2)  481/    43CE : 3080                		move.w	d0,(a0)			;Move d0 pad_hold value into a0 addr
(2)  482/    43D0 : 7008                		moveq	#08,d0			;Set xpos
(2)  483/    43D2 : 6100 CE66           		bsr	Video_PrintVal		;Print value
(2)  484/    43D6 :                     		
(2)  485/    43D6 :                     		;GetBtn, controller 2
(2)  486/    43D6 : 4DF8 F10E           		lea	(Controller_2).w,a6
(2)  487/    43DA : 302E 0002           		move.w	pad_hold(a6),d0
(2)  488/    43DE : 3080                		move.w	d0,(a0)
(2)  489/    43E0 : 700D                		moveq	#13,d0
(2)  490/    43E2 : 6100 CE56           		bsr	Video_PrintVal
(2)  491/    43E6 :                     		
(2)  492/    43E6 :                     		;Handle PICO_MODS expansion Genesis controllers
(2)  494/    43E6 :                     		;GetBtn
(2)  495/    43E6 : 4DF8 F124           		lea	(Controller_3).w,a6
(2)  496/    43EA : 302E 0002           		move.w	pad_hold(a6),d0
(2)  497/    43EE : 3080                		move.w	d0,(a0)
(2)  498/    43F0 : 7012                		moveq	#18,d0
(2)  499/    43F2 : 6100 CE46           		bsr	Video_PrintVal
(2)  500/    43F6 :                     		
(2)  501/    43F6 :                     		;GetBtn
(2)  502/    43F6 : 4DF8 F13A           		lea	(Controller_4).w,a6
(2)  503/    43FA : 302E 0002           		move.w	pad_hold(a6),d0
(2)  504/    43FE : 3080                		move.w	d0,(a0)
(2)  505/    4400 : 7017                		moveq	#23,d0
(2)  506/    4402 : 6100 CE36           		bsr	Video_PrintVal
(2)  507/    4406 :                     		
(2)  508/    4406 : 4DF8 F150           		lea	(Controller_5).w,a6
(2)  509/    440A : 302E 0002           		move.w	pad_hold(a6),d0
(2)  510/    440E : 3080                		move.w	d0,(a0)
(2)  511/    4410 : 701C                		moveq	#28,d0
(2)  512/    4412 : 6100 CE26           		bsr	Video_PrintVal
(2)  514/    4416 :                     		
(2)  515/    4416 :                     		;Display final value (final result from all controllers)
(2)  516/    4416 : 3039 FFFF D008      		move.w	(RAM_Glbl_joy_hold).l,d0	;Move final hold value into d0
(2)  517/    441C : 3080                		move.w	d0,(a0)						;Move d0 into a0 addr
(2)  518/    441E :                     		
(2)  519/    441E :                     		;Determine proper xpos based on flags
(2)  521/    441E : 7021                		moveq	#33,d0	;If PICO_MODS, set xpos to 6th slot
(2)  525/    4420 : 343C 45A0           		move.w	#DEF_PrintVram|$4000,d2		;Green font
(2)  526/    4424 : 6100 CE14           		bsr		Video_PrintVal
(2)  528/    4428 : 4E75                		rts
(2)  529/    442A :                     		
(2)  530/    442A :                     ; ; ------------------------------------------------------
(2)  531/    442A :                     ;
(2)  532/    442A :                     ; .jump_list:
(2)  533/    442A :                     ; 		bra.w	.nothing
(2)  534/    442A :                     ; 		bra.w	.option_1
(2)  535/    442A :                     ; 		bra.w	.option_2
(2)  536/    442A :                     ; 		bra.w	.option_3
(2)  537/    442A :                     ; 		bra.w	.option_4
(2)  538/    442A :                     ; 		bra.w	.option_5
(2)  539/    442A :                     ; 		bra.w	.option_6
(2)  540/    442A :                     ; 		bra.w	.option_7
(2)  541/    442A :                     ;
(2)  542/    442A :                     ; ; ------------------------------------------------------
(2)  543/    442A :                     ; ; OPTION 0
(2)  544/    442A :                     ; ; ------------------------------------------------------
(2)  545/    442A :                     ;
(2)  546/    442A :                     ; .nothing:
(2)  547/    442A :                     ; 		move.w	pad_press(a6),d7
(2)  548/    442A :                     ; 		btst	#bitJoyStart,d7
(2)  549/    442A :                     ; 		beq.s	.no_press
(2)  550/    442A :                     ; 		bsr.s	.show_me
(2)  551/    442A :                     ; 		bra	gemaTest
(2)  552/    442A :                     ; .no_press:
(2)  553/    442A :                     ; 		rts
(2)  554/    442A :                     ;
(2)  555/    442A :                     ; ------------------------------------------------------
(2)  556/    442A :                     ; OPTION 1
(2)  557/    442A :                     ; ------------------------------------------------------
(2)  558/    442A :                     
(2)  559/    442A :                     ; 		bra.s	.show_me
(2)  560/    442A :                     ; .option1_args:
(2)  561/    442A :                     ; 		move.w	pad_hold(a6),d7
(2)  562/    442A :                     ; 		move.w	d7,d6
(2)  563/    442A :                     ; 		andi.w	#JoyA+JoyB+JoyC,d6
(2)  564/    442A :                     ; 		beq.s	.no_press
(2)  565/    442A :                     ; 		btst	#bitJoyB,d7
(2)  566/    442A :                     ; 		beq.s	.d2_opt
(2)  567/    442A :                     ; 		adda	#2,a5
(2)  568/    442A :                     ; .d2_opt:
(2)  569/    442A :                     ; 		btst	#bitJoyC,d7
(2)  570/    442A :                     ; 		beq.s	.d3_opt
(2)  571/    442A :                     ; 		adda	#4,a5
(2)  572/    442A :                     ; .d3_opt:
(2)  573/    442A :                     ; 		move.w	pad_press(a6),d7
(2)  574/    442A :                     ; 		btst	#bitJoyRight,d7
(2)  575/    442A :                     ; 		beq.s	.op1_right
(2)  576/    442A :                     ; 		addq.w	#1,(a5)
(2)  577/    442A :                     ; 		bra	.show_me
(2)  578/    442A :                     ; .op1_right:
(2)  579/    442A :                     ; 		btst	#bitJoyLeft,d7
(2)  580/    442A :                     ; 		beq.s	.op1_left
(2)  581/    442A :                     ; 		subq.w	#1,(a5)
(2)  582/    442A :                     ; 		bra	.show_me
(2)  583/    442A :                     ; .op1_left:
(2)  584/    442A :                     ; 		move.w	pad_hold(a6),d7
(2)  585/    442A :                     ; 		btst	#bitJoyUp,d7
(2)  586/    442A :                     ; 		beq.s	.op1_down
(2)  587/    442A :                     ; 		addq.w	#1,(a5)
(2)  588/    442A :                     ; 		bra	.show_me
(2)  589/    442A :                     ; .op1_down:
(2)  590/    442A :                     ; 		btst	#bitJoyDown,d7
(2)  591/    442A :                     ; 		beq.s	.op1_up
(2)  592/    442A :                     ; 		subq.w	#1,(a5)
(2)  593/    442A :                     ; 		bra	.show_me
(2)  594/    442A :                     ; .op1_up:
(2)  595/    442A :                     ;
(2)  596/    442A :                     ; 		rts
(2)  597/    442A :                     ;
(2)  598/    442A :                     ; ; ------------------------------------------------------
(2)  599/    442A :                     ; ; OPTION 2
(2)  600/    442A :                     ; ; ------------------------------------------------------
(2)  601/    442A :                     ;
(2)  602/    442A :                     ; .option_2:
(2)  603/    442A :                     ; 		lea	(RAM_GemaIndx).w,a5
(2)  604/    442A :                     ; 		move.w	pad_press(a6),d7
(2)  605/    442A :                     ; 		btst	#bitJoyStart,d7
(2)  606/    442A :                     ; 		beq.s	.option1_args
(2)  607/    442A :                     ; 		move.w	(a5)+,d0
(2)  608/    442A :                     ; 		move.w	(a5)+,d1
(2)  609/    442A :                     ; 		bra	gemaStopSeq
(2)  610/    442A :                     ;
(2)  611/    442A :                     ; ; ------------------------------------------------------
(2)  612/    442A :                     ; ; OPTION 3
(2)  613/    442A :                     ; ; ------------------------------------------------------
(2)  614/    442A :                     ;
(2)  615/    442A :                     ; .option_3:
(2)  616/    442A :                     ; 		lea	(RAM_GemaArg3).w,a5
(2)  617/    442A :                     ; 		move.w	pad_press(a6),d7
(2)  618/    442A :                     ; 		btst	#bitJoyStart,d7
(2)  619/    442A :                     ; 		beq	.option1_args
(2)  620/    442A :                     ; 		move.w	(a5)+,d0
(2)  621/    442A :                     ; 		move.w	(a5)+,d1
(2)  622/    442A :                     ; 		bra	gemaFadeSeq
(2)  623/    442A :                     ;
(2)  624/    442A :                     ; ; ------------------------------------------------------
(2)  625/    442A :                     ; ; OPTION 4
(2)  626/    442A :                     ; ; ------------------------------------------------------
(2)  627/    442A :                     ;
(2)  628/    442A :                     ; .option_4:
(2)  629/    442A :                     ; 		lea	(RAM_GemaArg3).w,a5
(2)  630/    442A :                     ; 		move.w	pad_press(a6),d7
(2)  631/    442A :                     ; 		btst	#bitJoyStart,d7
(2)  632/    442A :                     ; 		beq	.option1_args
(2)  633/    442A :                     ; 		move.w	(a5)+,d0
(2)  634/    442A :                     ; 		move.w	(a5)+,d1
(2)  635/    442A :                     ; 		bra	gemaSetSeqVol
(2)  636/    442A :                     ;
(2)  637/    442A :                     ; ; ------------------------------------------------------
(2)  638/    442A :                     ; ; OPTION 5
(2)  639/    442A :                     ; ; ------------------------------------------------------
(2)  640/    442A :                     ;
(2)  641/    442A :                     ; .option_5:
(2)  642/    442A :                     ; 		move.w	pad_press(a6),d7
(2)  643/    442A :                     ; 		btst	#bitJoyStart,d7
(2)  644/    442A :                     ; 		beq.s	.no_press2
(2)  645/    442A :                     ; 		bsr	.show_me
(2)  646/    442A :                     ; 		bra	gemaStopAll
(2)  647/    442A :                     ; .no_press2:
(2)  648/    442A :                     ; 		rts
(2)  649/    442A :                     ;
(2)  650/    442A :                     ; ; ------------------------------------------------------
(2)  651/    442A :                     ; ; OPTION 6
(2)  652/    442A :                     ; ; ------------------------------------------------------
(2)  653/    442A :                     ;
(2)  654/    442A :                     ; .option_6:
(2)  655/    442A :                     ; 		lea	(RAM_GemaArg6).w,a5
(2)  656/    442A :                     ; 		move.w	pad_hold(a6),d7
(2)  657/    442A :                     ; 		andi.w	#JoyA,d7
(2)  658/    442A :                     ; 		beq.s	.no_press2
(2)  659/    442A :                     ; 		move.w	pad_press(a6),d7
(2)  660/    442A :                     ; 		btst	#bitJoyRight,d7
(2)  661/    442A :                     ; 		beq.s	.op2_right
(2)  662/    442A :                     ; 		addq.w	#1,(a5)
(2)  663/    442A :                     ; 		bra	.show_me_2
(2)  664/    442A :                     ; .op2_right:
(2)  665/    442A :                     ; 		btst	#bitJoyLeft,d7
(2)  666/    442A :                     ; 		beq.s	.op2_left
(2)  667/    442A :                     ; 		subq.w	#1,(a5)
(2)  668/    442A :                     ; 		bsr	.show_me_2
(2)  669/    442A :                     ; .op2_left:
(2)  670/    442A :                     ; 		move.w	pad_hold(a6),d7
(2)  671/    442A :                     ; 		btst	#bitJoyDown,d7
(2)  672/    442A :                     ; 		beq.s	.op2_down
(2)  673/    442A :                     ; 		addq.w	#1,(a5)
(2)  674/    442A :                     ; 		bsr	.show_me_2
(2)  675/    442A :                     ; .op2_down:
(2)  676/    442A :                     ; 		btst	#bitJoyUp,d7
(2)  677/    442A :                     ; 		beq.s	.op2_up
(2)  678/    442A :                     ; 		subq.w	#1,(a5)
(2)  679/    442A :                     ; 		bsr	.show_me_2
(2)  680/    442A :                     ; .op2_up:
(2)  681/    442A :                     ; 		move.w	pad_press(a6),d7
(2)  682/    442A :                     ; 		btst	#bitJoyStart,d7
(2)  683/    442A :                     ; 		beq.s	.no_press2
(2)  684/    442A :                     ; .show_me_2:
(2)  685/    442A :                     ; 		bsr	.show_me
(2)  686/    442A :                     ; 		move.w	(a5),d0
(2)  687/    442A :                     ; 		bra	gemaSetBeats
(2)  688/    442A :                     ;
(2)  689/    442A :                     ; ; ------------------------------------------------------
(2)  690/    442A :                     ; ; OPTION 7
(2)  691/    442A :                     ; ; ------------------------------------------------------
(2)  692/    442A :                     ;
(2)  693/    442A :                     ; .option_7:
(2)  694/    442A :                     ; 		move.w	pad_press(a6),d7
(2)  695/    442A :                     ; 		btst	#bitJoyStart,d7
(2)  696/    442A :                     ; 		beq.s	.no_press2
(2)  697/    442A :                     ; 		move.w	#-1,(RAM_ScreenMode).w	; risky but works.
(2)  698/    442A :                     ; 		rts
(2)  699/    442A :                     
(2)  700/    442A :                     ; ------------------------------------------------------
(2)  701/    442A :                     
(2)  702/    442A :                     .gema_viewinit:
(2)  703/    442A : 41F8 B000           		lea	(RAM_ThisObjList).w,a0
(2)  704/    442E : 303C 0004           		move.w	#4,d0
(2)  705/    4432 : 6100 D7E0           		bsr	Objects_Enable
(2)  707/    4436 : 203C 0000 474A      		move.l	#obj_Fairy,d0		; <-- If you don't like the fairies comment out or
(2)  708/    443C : 7200                		moveq	#0,d1			; delete all of this
(2)  709/    443E : 6100 D830           		bsr	Objects_Make		;
(2)  710/    4442 : 5241                		addq.w	#1,d1			;
(2)  711/    4444 : 6100 D82A           		bsr	Objects_Make		;
(2)  712/    4448 : 5241                		addq.w	#1,d1			;
(2)  713/    444A : 6100 D824           		bsr	Objects_Make		;
(2)  714/    444E :                     		;!@ New fairy for mouse sprite
(2)  715/    444E : 5241                		addq.w	#1,d1			;
(2)  716/    4450 : 6100 D81E           		bsr	Objects_Make		; <-- until here
(2)  718/    4454 :                     
(2)  720/    4454 : 41FA 05C6           		lea	str_VmInfo(pc),a0
(2)  721/    4458 : 7002                		moveq	#2,d0
(2)  722/    445A : 7210                		moveq	#SET_SNDVIEWY,d1
(2)  723/    445C : 343C 65A0           		move.w	#DEF_PrintVram|DEF_PrintPal,d2
(2)  724/    4460 : 263C 0080 C000      		move.l	#splitw(DEF_HSIZE_64,DEF_VRAM_FG),d3
(2)  725/    4466 : 6100 CC54           		bsr	Video_Print
(2)  727/    446A :                     
(2)  728/    446A :                     .gema_view:
(2)  730/    446A : 33FC 0100 00A1      		move.w	#$0100,(z80_bus).l
             4470 : 1100             
(2)  731/    4472 : 43F8 CA76           		lea	(RAM_GemaStatus),a1
(2)  732/    4476 : 7000                		moveq	#0,d0
(2)  733/    4478 : 7200                		moveq	#0,d1
(2)  734/    447A : 7400                		moveq	#0,d2
(2)  735/    447C : 0839 0000 00A1      .wait:		btst	#0,(z80_bus).l
             4482 : 1100             
(2)  736/    4484 : 66F6                		bne.s	.wait
(2)  737/    4486 : 1039 00A0 16F8      		move.b	(z80_cpu+trkBuff_0),d0
(2)  738/    448C : 1239 00A0 1738      		move.b	(z80_cpu+trkBuff_1),d1
(2)  739/    4492 : 1439 00A0 1778      		move.b	(z80_cpu+trkBuff_2),d2
(2)  740/    4498 : 6100 BDF6           		bsr	sndUnlockZ80
(2)  741/    449C : 32C0                		move.w	d0,(a1)+
(2)  742/    449E : 32C1                		move.w	d1,(a1)+
(2)  743/    44A0 : 32C2                		move.w	d2,(a1)+
(2)  745/    44A2 :                     
(2)  747/    44A2 : 6100 BDEA           		bsr	sndLockZ80
(2)  748/    44A6 :                     
(2)  749/    44A6 : 41F9 00A0 1A7E      		lea	(z80_cpu+tblPSG),a0
(2)  750/    44AC : 43F8 CA00           		lea	(RAM_GemaCache_PSG),a1
(2)  751/    44B0 : 7E02                		moveq	#3-1,d7					;PSG d7=2
(2)  752/    44B2 : 6100 010E           		bsr	.copy_me
(2)  753/    44B6 :                     		
(2)  754/    44B6 : 41F9 00A0 1AB4      		lea	(z80_cpu+tblPSGN),a0
(2)  755/    44BC : 43F8 CA0C           		lea	(RAM_GemaCache_PSGN),a1
(2)  756/    44C0 : 7E00                		moveq	#1-1,d7					;PSG Noise d7=0
(2)  757/    44C2 : 6100 00FE           		bsr	.copy_me
(2)  758/    44C6 :                     		
(2)  759/    44C6 : 41F9 00A0 1A10      		lea	(z80_cpu+tblFM),a0
(2)  760/    44CC : 43F8 CA10           		lea	(RAM_GemaCache_FM),a1
(2)  761/    44D0 : 7E05                		moveq	#6-1,d7					;FM Reg d7=5
(2)  762/    44D2 : 6100 00EE           		bsr	.copy_me
(2)  763/    44D6 :                     		
(2)  764/    44D6 : 41F9 00A0 1AC8      		lea	(z80_cpu+tblPCM),a0
(2)  765/    44DC : 43F8 CA28           		lea	(RAM_GemaCache_PCM),a1
(2)  766/    44E0 : 7E07                		moveq	#8-1,d7					;PCM Reg d7=7
(2)  767/    44E2 : 6100 00DE           		bsr	.copy_me
(2)  768/    44E6 :                     		
(2)  769/    44E6 : 41F9 00A0 1B5A      		lea	(z80_cpu+tblPWM),a0
(2)  770/    44EC : 43F8 CA48           		lea	(RAM_GemaCache_PWM),a1
(2)  771/    44F0 : 7E07                		moveq	#8-1,d7					;PWM Reg d7=7
(2)  772/    44F2 : 6100 00CE           		bsr	.copy_me
(2)  773/    44F6 :                     		
(2)  774/    44F6 :                     		;!@ Pico ADPCM
(2)  775/    44F6 : 41F9 00A0 1BEC      		lea	(z80_cpu+tblPCO),a0
(2)  776/    44FC : 43F8 CA68           		lea	(RAM_GemaCache_PCO),a1
(2)  777/    4500 : 7E00                		moveq	#1-1,d7					;PCO Reg d7=0 (1) channels
(2)  778/    4502 : 6100 00BE           		bsr	.copy_me
(2)  779/    4506 :                     		
(2)  780/    4506 : 7E00                		moveq	#0,d7					;FM3 Reg d7=0
(2)  781/    4508 : 1E39 00A0 0030      		move.b	(z80_cpu+fmSpecial),d7
(2)  782/    450E : 31C7 CA82           		move.w	d7,(RAM_Copy_fmSpecial).w
(2)  783/    4512 : 1E39 00A0 0008      		move.b	(z80_cpu+8),d7			;DAC Reg d7=0/1?
(2)  784/    4518 : 31C7 CA84           		move.w	d7,(RAM_Copy_HasDac).w
(2)  785/    451C :                     				
(2)  786/    451C : 6100 BD72           		bsr	sndUnlockZ80
(2)  788/    4520 :                     
(2)  790/    4520 : 343C 65A0           		move.w	#DEF_PrintVram|DEF_PrintPal,d2
(2)  791/    4524 : 263C 0080 C000      		move.l	#splitw(DEF_HSIZE_64,DEF_VRAM_FG),d3
(2)  792/    452A :                     		
(2)  793/    452A : 47F8 CA00           		lea	(RAM_GemaCache_PSG),a3
(2)  794/    452E : 7007                		moveq	#7,d0
(2)  795/    4530 : 7210                		moveq	#SET_SNDVIEWY,d1
(2)  796/    4532 : 7E02                		moveq	#3-1,d7
(2)  797/    4534 : 6100 00F4           		bsr	.show_table
(2)  798/    4538 :                     		
(2)  799/    4538 : 47F8 CA0C           		lea	(RAM_GemaCache_PSGN),a3
(2)  800/    453C : 7013                		moveq	#7+12,d0
(2)  801/    453E : 7210                		moveq	#SET_SNDVIEWY,d1
(2)  802/    4540 : 7E00                		moveq	#1-1,d7
(2)  803/    4542 : 6100 00E6           		bsr	.show_table
(2)  804/    4546 :                     		
(2)  805/    4546 : 47F8 CA10           		lea	(RAM_GemaCache_FM),a3
(2)  806/    454A : 7007                		moveq	#7,d0
(2)  807/    454C : 7211                		moveq	#SET_SNDVIEWY+1,d1
(2)  808/    454E : 7E04                		moveq	#5-1,d7
(2)  809/    4550 : 6100 0092           		bsr	.show_table_fm
(2)  810/    4554 :                     		
(2)  811/    4554 : 47F8 CA20           		lea	(RAM_GemaCache_FM3),a3
(2)  812/    4558 : 7017                		moveq	#7+16,d0
(2)  813/    455A : 7211                		moveq	#SET_SNDVIEWY+1,d1
(2)  814/    455C : 3E38 CA82           		move.w	(RAM_Copy_fmSpecial).w,d7
(2)  815/    4560 : 4A07                		tst.b	d7
(2)  816/    4562 : 6712                		beq.s	.no_spec
(2)  817/    4564 : 41F8 4D34           		lea	(strL_FmOnly),a0
(2)  818/    4568 : 4A53                		tst.w	(a3)
(2)  819/    456A : 6B04                		bmi.s	.no_prnt3
(2)  820/    456C : 41F8 4D88           		lea	(str_Speci),a0
(2)  821/    4570 :                     .no_prnt3:
(2)  822/    4570 : 6100 CB4A           		bsr	Video_Print
(2)  823/    4574 : 6004                		bra.s	.b_sampl
(2)  824/    4576 :                     .no_spec:
(2)  825/    4576 : 7E00                		moveq	#1-1,d7
(2)  826/    4578 : 616A                		bsr	.show_table_fm
(2)  827/    457A :                     .b_sampl:
(2)  828/    457A :                     
(2)  829/    457A : 701B                		moveq	#7+20,d0
(2)  830/    457C : 7211                		moveq	#SET_SNDVIEWY+1,d1
(2)  831/    457E : 3E38 CA84           		move.w	(RAM_Copy_HasDac).w,d7
(2)  832/    4582 : BE3C 00D9           		cmp.b	#$D9,d7
(2)  833/    4586 : 660A                		bne.s	.no_sampl
(2)  834/    4588 : 41F8 4D8C           		lea	(str_Sampl),a0
(2)  835/    458C : 6100 CB2E           		bsr	Video_Print
(2)  836/    4590 : 6008                		bra.s	.c_sampl
(2)  837/    4592 :                     .no_sampl:
(2)  838/    4592 : 47F8 CA24           		lea	(RAM_GemaCache_FM6),a3
(2)  839/    4596 : 7E00                		moveq	#1-1,d7
(2)  840/    4598 : 614A                		bsr	.show_table_fm
(2)  841/    459A :                     
(2)  842/    459A :                     .c_sampl:
(2)  843/    459A : 47F8 CA28           		lea	(RAM_GemaCache_PCM),a3
(2)  844/    459E : 7007                		moveq	#7,d0
(2)  845/    45A0 : 7212                		moveq	#SET_SNDVIEWY+2,d1
(2)  846/    45A2 : 7E07                		moveq	#8-1,d7
(2)  847/    45A4 : 6100 0084           		bsr	.show_table
(2)  848/    45A8 : 47F8 CA48           		lea	(RAM_GemaCache_PWM),a3
(2)  849/    45AC : 7007                		moveq	#7,d0
(2)  850/    45AE : 7213                		moveq	#SET_SNDVIEWY+3,d1
(2)  851/    45B0 : 7E07                		moveq	#8-1,d7
(2)  852/    45B2 : 6176                		bsr	.show_table
(2)  853/    45B4 :                     		
(2)  854/    45B4 :                     		;!@ Pico ADPCM Channel
(2)  855/    45B4 : 47F8 CA68           		lea	(RAM_GemaCache_PCO),a3
(2)  856/    45B8 : 7007                		moveq	#7,d0
(2)  857/    45BA : 7214                		moveq	#SET_SNDVIEWY+4,d1
(2)  858/    45BC : 7E00                		moveq	#1-1,d7					;1 PCO channel
(2)  859/    45BE : 616A                		bsr	.show_table
(2)  860/    45C0 :                     		
(2)  861/    45C0 :                     		;!@ PCM_Pico code
(2)  862/    45C0 :                     		;if PICO
(2)  863/    45C0 :                     		; lea		strL_NoteNull(pc),a0
(2)  864/    45C0 :                     		; moveq	#$07,d0
(2)  865/    45C0 :                     		; moveq	#SET_SNDVIEWY+$04,d1
(2)  866/    45C0 :                     		; move.w	#DEF_PrintVram|DEF_PrintPal,d2
(2)  867/    45C0 :                     		; move.l	#splitw(DEF_HSIZE_64,DEF_VRAM_FG),d3
(2)  868/    45C0 :                     		; bsr		Video_Print
(2)  869/    45C0 :                     		;endif
(2)  871/    45C0 :                     
(2)  872/    45C0 : 4E75                		rts
(2)  873/    45C2 :                     
(2)  874/    45C2 :                     ; ----------------------------------------------
(2)  875/    45C2 :                     
(2)  876/    45C2 :                     ; Copies some buffer data
(2)  877/    45C2 :                     ; Inputs: a0, a1, d7
(2)  878/    45C2 :                     .copy_me:
(2)  879/    45C2 : 7200                		moveq	#0,d1
(2)  880/    45C4 :                     ; 		bsr	sndLockZ80
(2)  881/    45C4 : 1228 0005           		move.b	ztbl_FreqIndx(a0),d1
(2)  882/    45C8 : 1428 0001           		move.b	ztbl_Link+1(a0),d2
(2)  883/    45CC : 1010                		move.b	ztbl_Link(a0),d0
(2)  884/    45CE :                     ; 		bsr	sndUnlockZ80
(2)  885/    45CE : 8002                		or.b	d2,d0
(2)  886/    45D0 : 6602                		bne.s	.link_ok
(2)  887/    45D2 : 72FF                		moveq	#-1,d1
(2)  888/    45D4 :                     .link_ok:
(2)  889/    45D4 : 3281                		move.w	d1,(a1)
(2)  890/    45D6 : D0FC 0012           		adda	#MAX_TBLSIZE,a0		; *** EXTERNAL LABEL
(2)  891/    45DA : D2FC 0004           		adda	#4,a1
(2)  892/    45DE : 51CF FFE2           		dbf	d7,.copy_me
(2)  893/    45E2 : 4E75                		rts
(2)  894/    45E4 :                     
(2)  895/    45E4 :                     ; ----------------------------------------------
(2)  896/    45E4 :                     
(2)  897/    45E4 :                     .show_table_fm:
(2)  898/    45E4 : 41F8 4D34           		lea	(strL_FmOnly),a0
(2)  899/    45E8 : 7C00                		moveq	#0,d6
(2)  900/    45EA : 7A00                		moveq	#0,d5
(2)  901/    45EC : 3C13                		move.w	(a3),d6
(2)  902/    45EE : 6A06                		bpl.s	.is_fmgood
(2)  903/    45F0 : 6100 CACA           		bsr	Video_Print
(2)  904/    45F4 : 6028                		bra.s	.from_fmbad
(2)  905/    45F6 :                     .is_fmgood:
(2)  906/    45F6 : 3A06                		move.w	d6,d5
(2)  907/    45F8 : D0FC 0004           		adda	#4,a0
(2)  908/    45FC : 0246 001F           		andi.w	#%00011111,d6
(2)  909/    4600 : E34E                		lsl.w	#1,d6
(2)  910/    4602 : D0C6                		adda	d6,a0
(2)  911/    4604 : 6100 CAB6           		bsr	Video_Print
(2)  912/    4608 : 3800                		move.w	d0,d4
(2)  913/    460A : 5440                		addq.w	#2,d0
(2)  914/    460C : 0245 00E0           		andi.w	#%11100000,d5
(2)  915/    4610 : E84D                		lsr.w	#4,d5
(2)  916/    4612 : 41F8 4D74           		lea	(strL_LazyVal),a0
(2)  917/    4616 : D0C5                		adda	d5,a0
(2)  918/    4618 : 6100 CAA2           		bsr	Video_Print
(2)  919/    461C : 3004                		move.w	d4,d0
(2)  920/    461E :                     .from_fmbad:
(2)  921/    461E :                     ; 		addq.w	#1,d1
(2)  922/    461E : 5840                		addq.w	#4,d0
(2)  923/    4620 : D6FC 0004           		adda	#4,a3
(2)  924/    4624 : 51CF FFBE           		dbf	d7,.show_table_fm
(2)  925/    4628 : 4E75                		rts
(2)  926/    462A :                     
(2)  927/    462A :                     .show_table:
(2)  928/    462A : 41F8 4A30           		lea	(strL_NoteList),a0
(2)  929/    462E : 7C00                		moveq	#0,d6
(2)  930/    4630 : 3C13                		move.w	(a3),d6
(2)  931/    4632 : 6B08                		bmi.s	.val_bad
(2)  932/    4634 : D0FC 0004           		adda	#4,a0
(2)  933/    4638 : DC46                		add.w	d6,d6
(2)  934/    463A : D0C6                		adda	d6,a0
(2)  935/    463C :                     .val_bad:
(2)  936/    463C : 6100 CA7E           		bsr	Video_Print
(2)  937/    4640 :                     ; 		addq.w	#1,d1
(2)  938/    4640 : 5840                		addq.w	#4,d0
(2)  939/    4642 : D6FC 0004           		adda	#4,a3
(2)  940/    4646 : 51CF FFE2           		dbf	d7,.show_table
(2)  941/    464A : 4E75                		rts
(2)  942/    464C :                     		
(2)  943/    464C :                     ; ------------------------------------------------------
(2)  944/    464C :                     ; !@ Joypad handler
(2)  945/    464C :                     ; Uses: a6,d7
(2)  946/    464C :                     ; ------------------------------------------------------		
(2)  947/    464C :                     .joyHandler:
(2)  948/    464C :                     	;Handle hold states
(2)  949/    464C : 4DF8 F0F8           	lea	(Controller_1).w,a6					;Put controller1_hold into RAM_Glbl_joy_hold (will be pico_pen in pico mode)
(2)  950/    4650 : 3E2E 0002           	move.w	pad_hold(a6),d7
(2)  951/    4654 : 33C7 FFFF D008      	move.w	d7,(RAM_Glbl_joy_hold).l
(2)  952/    465A : 4DF8 F10E           	lea	(Controller_2).w,a6					;Put controller2_hold into RAM_Glbl_joy2_hold (will be pico_ext in pico mode, P2 in Genesis mode)
(2)  953/    465E : 3E2E 0002           	move.w	pad_hold(a6),d7
(2)  954/    4662 : 33C7 FFFF D00E      	move.w	d7,(RAM_Glbl_joy2_hold).l
(2)  955/    4668 : 4DF8 F124           	lea	(Controller_3).w,a6					;Put controller3_hold into d7
(2)  956/    466C : 3E2E 0002           	move.w	pad_hold(a6),d7
(2)  957/    4670 : 8F79 FFFF D00E      	or.w	d7,(RAM_Glbl_joy2_hold).l		;OR (RAM_Glbl_joy2_hold,d7)
(2)  958/    4676 : 4DF8 F13A           	lea	(Controller_4).w,a6					;Ditto OR for controller4_hold
(2)  959/    467A : 3E2E 0002           	move.w	pad_hold(a6),d7
(2)  960/    467E : 8F79 FFFF D00E      	or.w	d7,(RAM_Glbl_joy2_hold).l	
(2)  961/    4684 : 4DF8 F150           	lea	(Controller_5).w,a6					;Ditto OR for controller5_hold
(2)  962/    4688 : 3E2E 0002           	move.w	pad_hold(a6),d7
(2)  963/    468C : 8F79 FFFF D00E      	or.w	d7,(RAM_Glbl_joy2_hold).l
(2)  964/    4692 :                     		
(2)  965/    4692 :                     	;Repeat everything above, but for controller_press
(2)  966/    4692 : 4DF8 F0F8           	lea	(Controller_1).w,a6
(2)  967/    4696 : 3E2E 0004           	move.w	pad_press(a6),d7
(2)  968/    469A : 33C7 FFFF D00A      	move.w	d7,(RAM_Glbl_joy_press).l
(2)  969/    46A0 : 4DF8 F10E           	lea	(Controller_2).w,a6
(2)  970/    46A4 : 3E2E 0004           	move.w	pad_press(a6),d7
(2)  971/    46A8 : 33C7 FFFF D010      	move.w	d7,(RAM_Glbl_joy2_press).l
(2)  972/    46AE : 4DF8 F124           	lea	(Controller_3).w,a6
(2)  973/    46B2 : 3E2E 0004           	move.w	pad_press(a6),d7
(2)  974/    46B6 : 8F79 FFFF D010      	or.w	d7,(RAM_Glbl_joy2_press).l	
(2)  975/    46BC : 4DF8 F13A           	lea	(Controller_4).w,a6
(2)  976/    46C0 : 3E2E 0004           	move.w	pad_press(a6),d7
(2)  977/    46C4 : 8F79 FFFF D010      	or.w	d7,(RAM_Glbl_joy2_press).l	
(2)  978/    46CA : 4DF8 F150           	lea	(Controller_5).w,a6
(2)  979/    46CE : 3E2E 0004           	move.w	pad_press(a6),d7
(2)  980/    46D2 : 8F79 FFFF D010      	or.w	d7,(RAM_Glbl_joy2_press).l
(2)  981/    46D8 :                     	
(2)  982/    46D8 :                     	;Repeat everything above, but for controller_release
(2)  983/    46D8 : 4DF8 F0F8           	lea	(Controller_1).w,a6
(2)  984/    46DC : 3E2E 0006           	move.w	pad_release(a6),d7
(2)  985/    46E0 : 33C7 FFFF D00C      	move.w	d7,(RAM_Glbl_joy_release).l
(2)  986/    46E6 : 4DF8 F10E           	lea	(Controller_2).w,a6
(2)  987/    46EA : 3E2E 0006           	move.w	pad_release(a6),d7
(2)  988/    46EE : 33C7 FFFF D012      	move.w	d7,(RAM_Glbl_joy2_release).l
(2)  989/    46F4 : 4DF8 F124           	lea	(Controller_3).w,a6
(2)  990/    46F8 : 3E2E 0006           	move.w	pad_release(a6),d7
(2)  991/    46FC : 8F79 FFFF D012      	or.w	d7,(RAM_Glbl_joy2_release).l	
(2)  992/    4702 : 4DF8 F13A           	lea	(Controller_4).w,a6
(2)  993/    4706 : 3E2E 0006           	move.w	pad_release(a6),d7
(2)  994/    470A : 8F79 FFFF D012      	or.w	d7,(RAM_Glbl_joy2_release).l	
(2)  995/    4710 : 4DF8 F150           	lea	(Controller_5).w,a6
(2)  996/    4714 : 3E2E 0006           	move.w	pad_release(a6),d7
(2)  997/    4718 : 8F79 FFFF D012      	or.w	d7,(RAM_Glbl_joy2_release).l
(2)  998/    471E :                     	
(2)  999/    471E :                     	;Concatenate everything for final hold,press,release logical bitfields
(2) 1000/    471E : 4DF9 FFFF D008      	lea		(RAM_Glbl_joy_hold).l,a6	;Load final joy_hold into a6
(2) 1001/    4724 : 3E39 FFFF D00E      	move.w	(RAM_Glbl_joy2_hold).l,d7	;Move joy2_hold value into d7
(2) 1002/    472A : 8F56                	or.w	d7,(a6)						;OR d7,valueAt(a6)
(2) 1003/    472C :                     	;Repeat for joy_press
(2) 1004/    472C : 4DF9 FFFF D00A      	lea		(RAM_Glbl_joy_press).l,a6
(2) 1005/    4732 : 3E39 FFFF D010      	move.w	(RAM_Glbl_joy2_press).l,d7
(2) 1006/    4738 : 8F56                	or.w	d7,(a6)	
(2) 1007/    473A :                     	;Repeat for joy_release
(2) 1008/    473A : 4DF9 FFFF D00C      	lea		(RAM_Glbl_joy_release).l,a6
(2) 1009/    4740 : 3E39 FFFF D012      	move.w	(RAM_Glbl_joy2_release).l,d7
(2) 1010/    4746 : 8F56                	or.w	d7,(a6)
(2) 1011/    4748 :                     	
(2) 1012/    4748 :                     	;If Genesis mode, overwrite joy2_hold,_press,_release with just final bitfield. We dont care
(2) 1026/    4748 : 4E75                	rts
(2) 1027/    474A :                     
(2) 1028/    474A :                     ; ====================================================================
(2) 1029/    474A :                     ; ------------------------------------------------------
(2) 1030/    474A :                     ; Objects
(2) 1031/    474A :                     ; ------------------------------------------------------
(2) 1032/    474A :                     
(2) 1033/    474A :                     ; --------------------------------------------------
(2) 1034/    474A :                     ; Sisi
(2) 1035/    474A :                     ; --------------------------------------------------
(2) 1036/    474A :                     
(2) 1037/    474A :                     obj_Fairy:
(2) 1038/    474A : 7000                		moveq	#0,d0
(2) 1039/    474C : 102E 001C           		move.b	obj_index(a6),d0
(2) 1040/    4750 : D040                		add.w	d0,d0
(2) 1041/    4752 : 323B 0006           		move.w	.list(pc,d0.w),d1
(2) 1042/    4756 : 4EFB 1002           		jmp	.list(pc,d1.w)
(2) 1043/    475A :                     ; ----------------------------------------------
(2) 1044/    475A : 0004                .list:		dc.w .init-.list
(2) 1045/    475C : 003A                		dc.w .main-.list
(2) 1046/    475E :                     ; ----------------------------------------------
(2) 1047/    475E :                     .init:
(2) 1048/    475E : 1D7C 0001 001C      		move.b	#1,obj_index(a6)
(2) 1049/    4764 : 426E 0020           		clr.w	obj_frame(a6)
(2) 1050/    4768 : 6100 D572           		bsr	object_ResetAnim
(2) 1051/    476C :                     
(2) 1052/    476C : 1E2E 001D           		move.b	obj_subid(a6),d7
(2) 1053/    4770 : 3C07                		move.w	d7,d6
(2) 1054/    4772 : E54E                		lsl.w	#2,d6
(2) 1055/    4774 : 41FA 0108           		lea	.fixd_pos(pc),a0
(2) 1056/    4778 : 43EE 0028           		lea	obj_ram(a6),a1
(2) 1057/    477C : D0C6                		adda	d6,a0
(2) 1058/    477E : 32D8                		move.w	(a0)+,(a1)+
(2) 1059/    4780 : 32D8                		move.w	(a0)+,(a1)+
(2) 1060/    4782 :                     
(2) 1061/    4782 : 1E2E 001D           		move.b	obj_subid(a6),d7
(2) 1062/    4786 : CEFC 002A           		mulu.w	#42,d7
(2) 1063/    478A : EB4F                		lsl.w	#5,d7
(2) 1064/    478C : 2007                		move.l	d7,d0
(2) 1065/    478E : 6100 D1FE           		bsr	System_DiceRoll
(2) 1066/    4792 :                     ; 		neg.w	d7
(2) 1067/    4792 : 32C0                		move.w	d0,(a1)+
(2) 1068/    4794 :                     
(2) 1069/    4794 :                     ; ----------------------------------------------
(2) 1070/    4794 :                     .main:
(2) 1071/    4794 : 4BEE 0028           		lea	obj_ram(a6),a5
(2) 1072/    4798 : 49F8 CA76           		lea	(RAM_GemaStatus).w,a4
(2) 1073/    479C :                     	; a5
(2) 1074/    479C :                     	; 0 - X base
(2) 1075/    479C :                     	; 2 - Y base
(2) 1076/    479C :                     	; 4 - Tan
(2) 1077/    479C : 7600                		moveq	#0,d3
(2) 1078/    479E : 162E 001D           		move.b	obj_subid(a6),d3
(2) 1079/    47A2 : D643                		add.w	d3,d3
(2) 1080/    47A4 : D8C3                		adda	d3,a4
(2) 1081/    47A6 :                     ; 		lsl.w	#3,d3
(2) 1082/    47A6 : 3415                		move.w	(a5),d2
(2) 1083/    47A8 : 362D 0002           		move.w	2(a5),d3
(2) 1084/    47AC : 383C 0002           		move.w	#2,d4			; Multiply
(2) 1085/    47B0 : 082C 0007 0001      		btst	#7,1(a4)
(2) 1086/    47B6 : 6704                		beq.s	.not_enbls
(2) 1087/    47B8 : 383C 0004           		move.w	#4,d4
(2) 1088/    47BC :                     .not_enbls:
(2) 1089/    47BC : 302D 0004           		move.w	4(a5),d0
(2) 1090/    47C0 : E848                		lsr.w	#4,d0
(2) 1091/    47C2 : 6100 D1EE           		bsr	System_SineWave
(2) 1092/    47C6 : C3C4                		muls.w	d4,d1
(2) 1093/    47C8 : E041                		asr.w	#8,d1
(2) 1094/    47CA : 9441                		sub.w	d1,d2
(2) 1095/    47CC : 302D 0004           		move.w	4(a5),d0
(2) 1096/    47D0 : E848                		lsr.w	#4,d0
(2) 1097/    47D2 : 082C 0000 0001      		btst	#0,1(a4)
(2) 1098/    47D8 : 6702                		beq.s	.not_enbl2
(2) 1099/    47DA : D040                		add.w	d0,d0
(2) 1100/    47DC :                     .not_enbl2:
(2) 1101/    47DC : 6100 D1CA           		bsr	System_SineWave_Cos
(2) 1102/    47E0 : C3C4                		muls.w	d4,d1
(2) 1103/    47E2 : E041                		asr.w	#8,d1
(2) 1104/    47E4 : 9641                		sub.w	d1,d3
(2) 1105/    47E6 :                     
(2) 1106/    47E6 : 383C 0040           		move.w	#$40,d4
(2) 1107/    47EA : 082C 0007 0001      		btst	#7,1(a4)
(2) 1108/    47F0 : 6704                		beq.s	.not_enbl
(2) 1109/    47F2 : 383C 0090           		move.w	#$90,d4
(2) 1110/    47F6 :                     .not_enbl:
(2) 1111/    47F6 : D96D 0004           		addi.w	d4,4(a5)
(2) 1112/    47FA :                     		
(2) 1113/    47FA :                     		;!@ Mouse moving sprite
(2) 1114/    47FA : 182E 001D           		move.b	obj_subid(a6),d4
(2) 1115/    47FE : 0C04 0003           		cmpi.b	#$03,d4
(2) 1116/    4802 : 6D14                		blt.s	.regular
(2) 1117/    4804 : 4E71                		nop		
(2) 1119/    4806 : 4BF9 FFFF F0F8      		lea	(Controller_1).l,a5
(2) 1120/    480C : 342D 0008           		move.w	pad_x(a5),d2
(2) 1121/    4810 : 362D 000A           		move.w	pad_y(a5),d3
(2) 1122/    4814 : 0243 00FF           		andi.w	#$00FF,d3
(2) 1124/    4818 :                     .regular:
(2) 1125/    4818 : 3D42 0004           		move.w	d2,obj_x(a6)
(2) 1126/    481C : 3D43 0008           		move.w	d3,obj_y(a6)
(2) 1127/    4820 :                     
(2) 1128/    4820 :                     .not_mouse:
(2) 1129/    4820 : 41FA 002E           		lea	.anim_data(pc),a0
(2) 1130/    4824 : 6100 D4EE           		bsr	object_Animate
(2) 1131/    4828 :                     
(2) 1132/    4828 : 7000                		moveq	#0,d0
(2) 1133/    482A : 102E 001D           		move.b	obj_subid(a6),d0
(2) 1134/    482E : E748                		lsl.w	#3,d0
(2) 1135/    4830 : 41FB 002C           		lea	.sub_ids(pc,d0.w),a0
(2) 1136/    4834 : 3428 0004           		move.w	4(a0),d2
(2) 1137/    4838 : 2250                		move.l	(a0),a1
(2) 1138/    483A : 207C 0000 0000      		move.l	#0,a0
(2) 1139/    4840 : 302E 0004           		move.w	obj_x(a6),d0
(2) 1140/    4844 : 322E 0008           		move.w	obj_y(a6),d1
(2) 1141/    4848 : 362E 0020           		move.w	obj_frame(a6),d3
(2) 1142/    484C : 6000 CCAE           		bra	Video_MakeSprMap
(2) 1143/    4850 :                     
(2) 1144/    4850 :                     ; ----------------------------------------------
(2) 1145/    4850 :                     
(2) 1146/    4850 :                     .anim_data:
(2) 1147/    4850 : 0002                		dc.w .anim_00-.anim_data
(2) 1148/    4852 :                     .anim_00:
(2) 1149/    4852 : 0008                		dc.w 8
(2) 1150/    4854 : 0000 0001 0002      		dc.w 0,1,2,1
             485A : 0001             
(2) 1151/    485C : FFFE                		dc.w -2
(2) 1152/    485E :                     		align 2
(2) 1153/    485E :                     .sub_ids:
(2) 1154/    485E : 0003 A5AA           		dc.l objMap_Dodo
(2) 1155/    4862 : 0002 0000           		dc.w setVram_Dodo,0
(2) 1156/    4866 : 0003 A5CE           		dc.l objMap_Mimi
(2) 1157/    486A : 0032 0000           		dc.w setVram_Mimi,0
(2) 1158/    486E : 0003 A5F2           		dc.l objMap_Fifi
(2) 1159/    4872 : 0062 0000           		dc.w setVram_Fifi,0
(2) 1160/    4876 :                     		;!@ New fairy for mouse ptr
(2) 1161/    4876 : 0003 A5F2           		dc.l objMap_Fifi
(2) 1162/    487A : 0092 0000           		dc.w setVram_Pifi,0
(2) 1163/    487E :                     		align 2
(2) 1164/    487E :                     
(2) 1165/    487E :                     .fixd_pos:
(2) 1166/    487E :                     		;!@
(2) 1167/    487E :                     		;dc.w $B8,$50
(2) 1168/    487E :                     		;dc.w $B8+$24,$50
(2) 1169/    487E :                     		;dc.w $B8+$48,$50
(2) 1170/    487E : 00B8 0040           		dc.w $B8,$40
(2) 1171/    4882 : 00DC 0040           		dc.w $B8+$24,$40
(2) 1172/    4886 : 0100 0040           		dc.w $B8+$48,$40
(2) 1173/    488A : 012A 0040           		dc.w $B8+$72,$40
(2) 1174/    488E :                     		align 2
(2) 1175/    488E :                     
(2) 1176/    488E :                     ; ====================================================================
(2) 1177/    488E :                     ; ------------------------------------------------------
(2) 1178/    488E :                     ; Subroutines
(2) 1179/    488E :                     ; ------------------------------------------------------
(2) 1180/    488E :                     
(2) 1181/    488E :                     ; ====================================================================
(2) 1182/    488E :                     ; ------------------------------------------------------
(2) 1183/    488E :                     ; Includes for this screen
(2) 1184/    488E :                     ; ------------------------------------------------------
(2) 1185/    488E :                     
(2) 1186/    488E :                     ; ====================================================================
(2) 1187/    488E :                     ; ------------------------------------------------------
(2) 1188/    488E :                     ; Custom VBlank
(2) 1189/    488E :                     ; ------------------------------------------------------
(2) 1190/    488E :                     
(2) 1191/    488E :                     ; ------------------------------------------------------
(2) 1192/    488E :                     ; Custom HBlank
(2) 1193/    488E :                     ; ------------------------------------------------------
(2) 1194/    488E :                     
(2) 1195/    488E :                     ; ====================================================================
(2) 1196/    488E :                     ; ------------------------------------------------------
(2) 1197/    488E :                     ; Small data section
(2) 1198/    488E :                     ; ------------------------------------------------------
(2) 1199/    488E :                     
(2) 1200/    488E :                     ; EXTERNAL BEATS FOR EACH TRACK
(2) 1201/    488E :                     exgema_beats:
(2) 1202/    488E : 00D6                	dc.w 214
(2) 1203/    4890 : 00D6                	dc.w 214
(2) 1204/    4892 : 00D6                	dc.w 214
(2) 1205/    4894 : 00C0                	dc.w 192
(2) 1206/    4896 : 00C0                	dc.w 192
(2) 1207/    4898 : 00D6                	dc.w 214
(2) 1208/    489A : 00B8                	dc.w $00B8
(2) 1209/    489C : 00C0                	dc.w 192
(2) 1210/    489E : 00C0                	dc.w 192
(2) 1211/    48A0 : 00D6                	dc.w 214
(2) 1212/    48A2 : 00D6                	dc.w 214
(2) 1213/    48A4 : 00D6                	dc.w 214
(2) 1214/    48A6 : 00D6                	dc.w 214
(2) 1215/    48A8 : 00D6                	dc.w 214
(2) 1216/    48AA : 00D6                	dc.w 214
(2) 1217/    48AC : 00D6                	dc.w 214
(2) 1218/    48AE : 00D6                	dc.w 214
(2) 1219/    48B0 : 00D6                	dc.w 214
(2) 1220/    48B2 : 00D6                	dc.w 214
(2) 1221/    48B4 : 00D6                	dc.w 214
(2) 1222/    48B6 : 00D6                	dc.w 214
(2) 1223/    48B8 : 00D6                	dc.w 214
(2) 1224/    48BA : 00D6                	dc.w 214
(2) 1225/    48BC : 00D6                	dc.w 214
(2) 1226/    48BE :                     
(2) 1227/    48BE :                     ArtList_Stuff:
(2) 1228/    48BE :                     		;!@ dc.w 3
(2) 1229/    48BE : 0004                		dc.w 4
(2) 1230/    48C0 : 0003 940A           		dc.l Art_FairyDodo
(2) 1231/    48C4 : 0040                		dc.w cell_num(setVram_Dodo)
(2) 1232/    48C6 : 0600                		dc.w cell_num($30)
(2) 1233/    48C8 : 0003 9A0A           		dc.l Art_FairyMimi
(2) 1234/    48CC : 0640                		dc.w cell_num(setVram_Mimi)
(2) 1235/    48CE : 0600                		dc.w cell_num($30)
(2) 1236/    48D0 : 0003 A00A           		dc.l Art_FairyFifi
(2) 1237/    48D4 : 0C40                		dc.w cell_num(setVram_Fifi)
(2) 1238/    48D6 : 0600                		dc.w cell_num($30)
(2) 1239/    48D8 :                     		;!@
(2) 1240/    48D8 : 0003 A00A           		dc.l Art_FairyFifi
(2) 1241/    48DC : 1240                		dc.w cell_num(setVram_Pifi)
(2) 1242/    48DE : 0600                		dc.w cell_num($30)
(2) 1243/    48E0 :                     		align 2
(2) 1244/    48E0 :                     
(2) 1245/    48E0 :                     str_TesterTitle:
(2) 1246/    48E0 : 4745 4D41 2053      		dc.b "GEMA Sound Test",0
             48E6 : 6F75 6E64 2054 
             48EC : 6573 7400          
(2) 1247/    48F0 :                     		align 2
(2) 1248/    48F0 :                     ;!@
(2) 1249/    48F0 :                     str_TesterTitle2:
(2) 1250/    48F0 : 4D65 6761 2D50      		dc.b "Mega-Pico mode test",0
             48F6 : 6963 6F20 6D6F 
             48FC : 6465 2074 6573 
             4902 : 7400             
(2) 1251/    4904 :                     		align 2
(2) 1252/    4904 :                     
(2) 1253/    4904 :                     str_TesterInfo:
(2) 1254/    4904 : 5365 7123 2042      		dc.b "Seq# Blk# Indx",$0A
             490A : 6C6B 2320 496E 
             4910 : 6478 0A          
(2) 1255/    4913 :                     		;!@ dc.b $0A,$0A,$0A,$0A
(2) 1256/    4913 : 0A0A                		dc.b $0A,$0A
(2) 1257/    4915 : 4265 6174 733A 20   		dc.b "Beats: "
(2) 1258/    491C : 00                  		dc.b 0
(2) 1259/    491D :                     		align 2
(2) 1260/    491E :                     str_TesterInfo2:
(2) 1261/    491E :                     		     ;01234567890123456789
(2) 1262/    491E : 5069 636F 2054      		dc.b "Pico Type/Ver: $    ",$0A
             4924 : 7970 652F 5665 
             492A : 723A 2024 2020 
             4930 : 2020 0A          
(2) 1263/    4933 :                     			 ;01234567890123456789
(2) 1264/    4933 : 5065 6E58 593A      		dc.b "PenXY: $    ,     ",$0A
             4939 : 2024 2020 2020 
             493F : 2C20 2020 2020 0A 
(2) 1265/    4946 :                     		     ;01234567890123456789
(2) 1266/    4946 : 426F 6F6B 3A20      		dc.b "Book: $  ,  "
             494C : 2420 202C 2020    
(2) 1267/    4952 : 00                  		dc.b 0
(2) 1268/    4953 :                     		align 2
(2) 1269/    4954 :                     str_TesterInfo3:
(2) 1271/    4954 : 4274 6E3A 2024      		dc.b "Btn: $    ,    ,    ,    ,    ,    ",$0A
             495A : 2020 2020 2C20 
             4960 : 2020 202C 2020 
             4966 : 2020 2C20 2020 
             496C : 202C 2020 2020 
             4972 : 2C20 2020 200A    
(2) 1272/    4978 : 2020 2020 2020      		dc.b "      Pco  Pcox  P1   P2  ext ,cmbo"
             497E : 5063 6F20 2050 
             4984 : 636F 7820 2050 
             498A : 3120 2020 5032 
             4990 : 2020 6578 7420 
             4996 : 2C63 6D62 6F       
(2) 1277/    499B : 00                  		dc.b 0
(2) 1278/    499C :                     		align 2
(2) 1279/    499C :                     str_Instruc:
(2) 1281/    499C : 5047 2F4C 5220      		dc.b "PG/LR - Seq. Num#   XY - Track index",$0A
             49A2 : 2D20 5365 712E 
             49A8 : 204E 756D 2320 
             49AE : 2020 5859 202D 
             49B4 : 2054 7261 636B 
             49BA : 2069 6E64 6578 0A 
(2) 1282/    49C1 : 574F 2F55 4420      		dc.b "WO/UD - Seq. Blk#",$0A
             49C7 : 2D20 5365 712E 
             49CD : 2042 6C6B 230A    
(2) 1283/    49D3 : 2020 2020 4120      		dc.b "    A - STOP ALL",$0A
             49D9 : 2D20 5354 4F50 
             49DF : 2041 4C4C 0A       
(2) 1284/    49E4 : 5245 442F 4220      		dc.b "RED/B - STOP Seq.",$0A
             49EA : 2D20 5354 4F50 
             49F0 : 2053 6571 2E0A    
(2) 1285/    49F6 : 5045 4E2F 4320      		dc.b "PEN/C - PLAY Seq. Z - PLAY auto-fill"
             49FC : 2D20 504C 4159 
             4A02 : 2053 6571 2E20 
             4A08 : 5A20 2D20 504C 
             4A0E : 4159 2061 7574 
             4A14 : 6F2D 6669 6C6C    
(2) 1286/    4A1A : 00                  		dc.b 0
(2) 1295/    4A1B :                     		align 2
(2) 1296/    4A1C :                     
(2) 1297/    4A1C :                     str_VmInfo:
(2) 1298/    4A1C : 5053 470A           		dc.b "PSG",$0A
(2) 1299/    4A20 : 464D 0A             		dc.b "FM",$0A
(2) 1300/    4A23 : 5043 4D0A           		dc.b "PCM",$0A
(2) 1301/    4A27 : 5057 4D0A           		dc.b "PWM",$0A
(2) 1302/    4A2B :                     		;!@
(2) 1303/    4A2B :                     		;if PICO
(2) 1304/    4A2B : 5043 4F             		dc.b "PCO"
(2) 1305/    4A2E :                     		;endif
(2) 1306/    4A2E : 00                  		dc.b 0
(2) 1307/    4A2F :                     		align 2
(2) 1308/    4A30 :                     		
(2) 1309/    4A30 :                     ;!@
(2) 1310/    4A30 :                     ; strL_NoteNull:
(2) 1311/    4A30 :                     		; dc.b "---",0
(2) 1312/    4A30 :                     		; align 2
(2) 1313/    4A30 :                     
(2) 1314/    4A30 :                     strL_NoteList:
(2) 1315/    4A30 : 2D2D 2D00           		dc.b "---",0
(2) 1316/    4A34 : 432D 3000 4323      		dc.b "C-0",0,"C#0",0,"D-0",0,"D#0",0,"E-0",0,"F-0",0,"F#0",0,"G-0",0,"G#0",0,"A-0",0,"A#0",0,"B-0",0
             4A3A : 3000 442D 3000 
             4A40 : 4423 3000 452D 
             4A46 : 3000 462D 3000 
             4A4C : 4623 3000 472D 
             4A52 : 3000 4723 3000 
             4A58 : 412D 3000 4123 
             4A5E : 3000 422D 3000    
(2) 1317/    4A64 : 432D 3100 4323      		dc.b "C-1",0,"C#1",0,"D-1",0,"D#1",0,"E-1",0,"F-1",0,"F#1",0,"G-1",0,"G#1",0,"A-1",0,"A#1",0,"B-1",0
             4A6A : 3100 442D 3100 
             4A70 : 4423 3100 452D 
             4A76 : 3100 462D 3100 
             4A7C : 4623 3100 472D 
             4A82 : 3100 4723 3100 
             4A88 : 412D 3100 4123 
             4A8E : 3100 422D 3100    
(2) 1318/    4A94 : 432D 3200 4323      		dc.b "C-2",0,"C#2",0,"D-2",0,"D#2",0,"E-2",0,"F-2",0,"F#2",0,"G-2",0,"G#2",0,"A-2",0,"A#2",0,"B-2",0
             4A9A : 3200 442D 3200 
             4AA0 : 4423 3200 452D 
             4AA6 : 3200 462D 3200 
             4AAC : 4623 3200 472D 
             4AB2 : 3200 4723 3200 
             4AB8 : 412D 3200 4123 
             4ABE : 3200 422D 3200    
(2) 1319/    4AC4 : 432D 3300 4323      		dc.b "C-3",0,"C#3",0,"D-3",0,"D#3",0,"E-3",0,"F-3",0,"F#3",0,"G-3",0,"G#3",0,"A-3",0,"A#3",0,"B-3",0
             4ACA : 3300 442D 3300 
             4AD0 : 4423 3300 452D 
             4AD6 : 3300 462D 3300 
             4ADC : 4623 3300 472D 
             4AE2 : 3300 4723 3300 
             4AE8 : 412D 3300 4123 
             4AEE : 3300 422D 3300    
(2) 1320/    4AF4 : 432D 3400 4323      		dc.b "C-4",0,"C#4",0,"D-4",0,"D#4",0,"E-4",0,"F-4",0,"F#4",0,"G-4",0,"G#4",0,"A-4",0,"A#4",0,"B-4",0
             4AFA : 3400 442D 3400 
             4B00 : 4423 3400 452D 
             4B06 : 3400 462D 3400 
             4B0C : 4623 3400 472D 
             4B12 : 3400 4723 3400 
             4B18 : 412D 3400 4123 
             4B1E : 3400 422D 3400    
(2) 1321/    4B24 : 432D 3500 4323      		dc.b "C-5",0,"C#5",0,"D-5",0,"D#5",0,"E-5",0,"F-5",0,"F#5",0,"G-5",0,"G#5",0,"A-5",0,"A#5",0,"B-5",0
             4B2A : 3500 442D 3500 
             4B30 : 4423 3500 452D 
             4B36 : 3500 462D 3500 
             4B3C : 4623 3500 472D 
             4B42 : 3500 4723 3500 
             4B48 : 412D 3500 4123 
             4B4E : 3500 422D 3500    
(2) 1322/    4B54 : 432D 3600 4323      		dc.b "C-6",0,"C#6",0,"D-6",0,"D#6",0,"E-6",0,"F-6",0,"F#6",0,"G-6",0,"G#6",0,"A-6",0,"A#6",0,"B-6",0
             4B5A : 3600 442D 3600 
             4B60 : 4423 3600 452D 
             4B66 : 3600 462D 3600 
             4B6C : 4623 3600 472D 
             4B72 : 3600 4723 3600 
             4B78 : 412D 3600 4123 
             4B7E : 3600 422D 3600    
(2) 1323/    4B84 : 432D 3700 4323      		dc.b "C-7",0,"C#7",0,"D-7",0,"D#7",0,"E-7",0,"F-7",0,"F#7",0,"G-7",0,"G#7",0,"A-7",0,"A#7",0,"B-7",0
             4B8A : 3700 442D 3700 
             4B90 : 4423 3700 452D 
             4B96 : 3700 462D 3700 
             4B9C : 4623 3700 472D 
             4BA2 : 3700 4723 3700 
             4BA8 : 412D 3700 4123 
             4BAE : 3700 422D 3700    
(2) 1324/    4BB4 : 432D 3800 4323      		dc.b "C-8",0,"C#8",0,"D-8",0,"D#8",0,"E-8",0,"F-8",0,"F#8",0,"G-8",0,"G#8",0,"A-8",0,"A#8",0,"B-8",0
             4BBA : 3800 442D 3800 
             4BC0 : 4423 3800 452D 
             4BC6 : 3800 462D 3800 
             4BCC : 4623 3800 472D 
             4BD2 : 3800 4723 3800 
             4BD8 : 412D 3800 4123 
             4BDE : 3800 422D 3800    
(2) 1325/    4BE4 : 432D 3900 4323      		dc.b "C-9",0,"C#9",0,"D-9",0,"D#9",0,"E-9",0,"F-9",0,"F#9",0,"G-9",0,"G#9",0,"A-9",0,"A#9",0,"B-9",0
             4BEA : 3900 442D 3900 
             4BF0 : 4423 3900 452D 
             4BF6 : 3900 462D 3900 
             4BFC : 4623 3900 472D 
             4C02 : 3900 4723 3900 
             4C08 : 412D 3900 4123 
             4C0E : 3900 422D 3900    
(2) 1326/    4C14 : 3F2D 4100 3F2D      		dc.b "?-A",0,"?-A",0,"?-A",0,"?-A",0,"?-A",0,"?-A",0,"?-A",0,"?-A",0,"?-A",0,"?-A",0,"?-A",0,"?-A",0
             4C1A : 4100 3F2D 4100 
             4C20 : 3F2D 4100 3F2D 
             4C26 : 4100 3F2D 4100 
             4C2C : 3F2D 4100 3F2D 
             4C32 : 4100 3F2D 4100 
             4C38 : 3F2D 4100 3F2D 
             4C3E : 4100 3F2D 4100    
(2) 1327/    4C44 : 3F2D 4200 3F2D      		dc.b "?-B",0,"?-B",0,"?-B",0,"?-B",0,"?-B",0,"?-B",0,"?-B",0,"?-B",0,"?-B",0,"?-B",0,"?-B",0,"?-B",0
             4C4A : 4200 3F2D 4200 
             4C50 : 3F2D 4200 3F2D 
             4C56 : 4200 3F2D 4200 
             4C5C : 3F2D 4200 3F2D 
             4C62 : 4200 3F2D 4200 
             4C68 : 3F2D 4200 3F2D 
             4C6E : 4200 3F2D 4200    
(2) 1328/    4C74 : 3F2D 4300 3F2D      		dc.b "?-C",0,"?-C",0,"?-C",0,"?-C",0,"?-C",0,"?-C",0,"?-C",0,"?-C",0,"?-C",0,"?-C",0,"?-C",0,"?-C",0
             4C7A : 4300 3F2D 4300 
             4C80 : 3F2D 4300 3F2D 
             4C86 : 4300 3F2D 4300 
             4C8C : 3F2D 4300 3F2D 
             4C92 : 4300 3F2D 4300 
             4C98 : 3F2D 4300 3F2D 
             4C9E : 4300 3F2D 4300    
(2) 1329/    4CA4 : 3F2D 4400 3F2D      		dc.b "?-D",0,"?-D",0,"?-D",0,"?-D",0,"?-D",0,"?-D",0,"?-D",0,"?-D",0,"?-D",0,"?-D",0,"?-D",0,"?-D",0
             4CAA : 4400 3F2D 4400 
             4CB0 : 3F2D 4400 3F2D 
             4CB6 : 4400 3F2D 4400 
             4CBC : 3F2D 4400 3F2D 
             4CC2 : 4400 3F2D 4400 
             4CC8 : 3F2D 4400 3F2D 
             4CCE : 4400 3F2D 4400    
(2) 1330/    4CD4 : 3F2D 4500 3F2D      		dc.b "?-E",0,"?-E",0,"?-E",0,"?-E",0,"?-E",0,"?-E",0,"?-E",0,"?-E",0,"?-E",0,"?-E",0,"?-E",0,"?-E",0
             4CDA : 4500 3F2D 4500 
             4CE0 : 3F2D 4500 3F2D 
             4CE6 : 4500 3F2D 4500 
             4CEC : 3F2D 4500 3F2D 
             4CF2 : 4500 3F2D 4500 
             4CF8 : 3F2D 4500 3F2D 
             4CFE : 4500 3F2D 4500    
(2) 1331/    4D04 : 3F2D 4600 3F2D      		dc.b "?-F",0,"?-F",0,"?-F",0,"?-F",0,"?-F",0,"?-F",0,"?-F",0,"?-F",0,"?-F",0,"?-F",0,"?-F",0,"?-F",0
             4D0A : 4600 3F2D 4600 
             4D10 : 3F2D 4600 3F2D 
             4D16 : 4600 3F2D 4600 
             4D1C : 3F2D 4600 3F2D 
             4D22 : 4600 3F2D 4600 
             4D28 : 3F2D 4600 3F2D 
             4D2E : 4600 3F2D 4600    
(2) 1332/    4D34 :                     		align 2
(2) 1333/    4D34 :                     strL_FmOnly:
(2) 1334/    4D34 : 2D2D 2D00           		dc.b "---",0
(2) 1335/    4D38 : 432D 2000 4323      		dc.b "C- ",0,"C# ",0,"D- ",0,"D# ",0,"E- ",0,"F- ",0,"F# ",0,"G- ",0,"G# ",0,"A- ",0,"A# ",0,"B- ",0
             4D3E : 2000 442D 2000 
             4D44 : 4423 2000 452D 
             4D4A : 2000 462D 2000 
             4D50 : 4623 2000 472D 
             4D56 : 2000 4723 2000 
             4D5C : 412D 2000 4123 
             4D62 : 2000 422D 2000    
(2) 1336/    4D68 : 3F2D 2000 3F2D      		dc.b "?- ",0,"?- ",0,"?- ",0
             4D6E : 2000 3F2D 2000    
(2) 1337/    4D74 :                     		align 2
(2) 1338/    4D74 :                     strL_LazyVal:
(2) 1339/    4D74 : 3000 3100 3200      		dc.b "0",0,"1",0,"2",0,"3",0,"4",0,"5",0,"6",0,"7",0,"8",0,"9",0
             4D7A : 3300 3400 3500 
             4D80 : 3600 3700 3800 
             4D86 : 3900             
(2) 1340/    4D88 :                     		align 2
(2) 1341/    4D88 :                     str_Speci:
(2) 1342/    4D88 : 464D 3300           		dc.b "FM3",0
(2) 1343/    4D8C :                     		align 2
(2) 1344/    4D8C :                     str_Sampl:
(2) 1345/    4D8C : 4441 4300           		dc.b "DAC",0
(2) 1346/    4D90 :                     		align 2
(1)   20/    4D90 :                     mcscrn_e:
(1)   20/    4D90 : =$4D90               MD_SCREEN07_E label *
(1)   20/    4D90 :  (MACRO-2)                   erreport "SCREEN CODE: MD_SCREEN07",mcscrn_e-mcscrn_s,MAX_UserCode
(1)   21/    4D90 :                     
     361/    4D90 :                     
     362/    4D90 :                     ; ====================================================================
     363/    4D90 :                     ; ----------------------------------------------------------------
     364/    4D90 :                     ; DATA
     365/    4D90 :                     ; ----------------------------------------------------------------
     366/    4D90 :                     
     367/    4D90 :                     		include "game/incl_data.asm"
(1)    1/    4D90 :                     ; ====================================================================
(1)    2/    4D90 :                     ; ----------------------------------------------------------------
(1)    3/    4D90 :                     ; DATA Section
(1)    4/    4D90 :                     ; ----------------------------------------------------------------
(1)    5/    4D90 :                     
(1)    6/    4D90 :                     ; ------------------------------------------------------------
(1)    7/    4D90 :                     ; Usage:
(1)    8/    4D90 :                     ;	data_bank LABEL_START
(1)    9/    4D90 :                     ;	include "game/data/your_bank.asm"
(1)   10/    4D90 :                     ;	dend_bank LABEL_END
(1)   11/    4D90 :                     ;
(1)   12/    4D90 :                     ; CD/CD32X ONLY:
(1)   13/    4D90 :                     ; Go to incl_list.asm add an entry in disc_banklist:
(1)   14/    4D90 :                     ; 	dc.l DATA_BANK			; Label
(1)   15/    4D90 :                     ; 	dc.b "BNK_EXMP.BIN"		; ISO filename
(1)   16/    4D90 :                     ;
(1)   17/    4D90 :                     ; And add the labels and ISO filename at iso_files.asm
(1)   18/    4D90 :                     ;
(1)   19/    4D90 :                     ; * This is ONLY required for CD/CD32X, if you forget to
(1)   20/    4D90 :                     ; include it it will crash the entire system.
(1)   21/    4D90 :                     ;
(1)   22/    4D90 :                     ; During your screen code load banks with:
(1)   23/    4D90 :                     ; 	move.l	#DATA_BANK,d0
(1)   24/    4D90 :                     ; 	bsr	System_SetDataBank
(1)   25/    4D90 :                     ;
(1)   26/    4D90 :                     ; You MUST use the banks for compatibility to all systems
(1)   27/    4D90 :                     ; even if the standard Genesis doesn't require it.
(1)   28/    4D90 :                     ; DO note that on SCD and CD32X the DATA banks are stored
(1)   29/    4D90 :                     ; on DISC so loading banks will be SLOW.
(1)   30/    4D90 :                     ; ------------------------------------------------------------
(1)   31/    4D90 :                     
(1)   32/    4D90 : (MACRO)              	data_bank DATA_BANK0
(1)   32/    4D90 : =$4D90               DATA_BANK0 label *                        ; Register label
(1)   32/    4D90 : =$4D90               GLBL_MDATA_ST := *                      ; Save current pos globally
(1)   33/    4D90 :                     	include "game/data/bank_main.asm"
(2)    1/    4D90 :                     ; ===========================================================================
(2)    2/    4D90 :                     ; ----------------------------------------------------------------
(2)    3/    4D90 :                     ; BANK data
(2)    4/    4D90 :                     ;
(2)    5/    4D90 :                     ; Special macros:
(2)    6/    4D90 :                     ;
(2)    7/    4D90 :                     ; - VDP graphics:
(2)    8/    4D90 :                     ;	binclude_dma   LABEL_START,"filename"		; For single label
(2)    9/    4D90 :                     ;	binclude_dma_e LABEL_START,LABEL_END,"filename"	; Start and End labels
(2)   10/    4D90 :                     ;
(2)   11/    4D90 :                     ; - 32X SVDP graphics:
(2)   12/    4D90 :                     ; GfxPack_Start:
(2)   13/    4D90 :                     ; 	marsVramData
(2)   14/    4D90 :                     ;
(2)   15/    4D90 :                     ; example_0:
(2)   16/    4D90 :                     ; 	include "your_svdp_graphics.bin"
(2)   17/    4D90 :                     ; 	align 4						; ** Don't forget to align by 4 at the end **
(2)   18/    4D90 :                     ; example_1:
(2)   19/    4D90 :                     ; 	include "more_svdp.bin"
(2)   20/    4D90 :                     ;	align 4
(2)   21/    4D90 :                     ;
(2)   22/    4D90 :                     ;	marsVramDEnd
(2)   23/    4D90 :                     ; GfxPack_End:
(2)   24/    4D90 :                     ; ----------------------------------------------------------------
(2)   25/    4D90 :                     
(2)   26/    4D90 :                     		include "sound/data.asm"		; GEMA sound data
(3)    1/    4D90 :                     ; ===========================================================================
(3)    2/    4D90 :                     ; -------------------------------------------------------------------
(3)    3/    4D90 :                     ; Main sound data
(3)    4/    4D90 :                     ; -------------------------------------------------------------------
(3)    5/    4D90 :                     
(3)    6/    4D90 :                     MainGemaSeqList:
(3)    7/    4D90 : (MACRO)              	gemaTrk 1,3,gtrk_Test0
(3)    7/    4D90 : 8300 4D98                   dc.l ((1&$01)<<31)|((3&$7F)<<24)|(GTRK_TEST0&$FFFFFF)
(3)    8/    4D94 : (MACRO)              	gemaTrk 1,3,gtrk_Test1	; $0F
(3)    8/    4D94 : 8300 4DBC                   dc.l ((1&$01)<<31)|((3&$7F)<<24)|(GTRK_TEST1&$FFFFFF)
(3)    9/    4D98 :                     
(3)   10/    4D98 :                     ; ----------------------------------------------------
(3)   11/    4D98 :                     gtrk_Test0:
(3)   12/    4D98 : (MACRO)              	gemaHead .blk,.pat,.ins,10
(3)   12/    4D98 : 000A                        dc.w 10
(3)   12/    4D9A : 0000 4DA6                   dc.l .BLK
(3)   12/    4D9E : 0000 4DA8                   dc.l .PAT
(3)   12/    4DA2 : 0000 4DB4                   dc.l .INS
(3)   13/    4DA6 :                     .blk:	binclude "sound/seq/test_blk.bin"
(3)   14/    4DA8 :                     .pat:	binclude "sound/seq/test_patt.bin"
(3)   15/    4DB4 :                     .ins:
(3)   16/    4DB4 : (MACRO)              	gInsDac 0,DacIns_TEST,1
(3)   16/    4DB4 : C100 00F7                   dc.b $C0|1,0,((DACINS_TEST>>16)&$FF),((DACINS_TEST>>8)&$FF)
(3)   16/    4DB8 : 9C00 0000                   dc.b DACINS_TEST&$FF,0,0,0
(3)   17/    4DBC :                     ; 	gInsDac 0,DacIns_Snare_Rap,0
(3)   18/    4DBC :                     
(3)   19/    4DBC :                     ; ----------------------------------------------------
(3)   20/    4DBC :                     gtrk_Test1:
(3)   21/    4DBC : (MACRO)              	gemaHead .blk,.pat,.ins,10
(3)   21/    4DBC : 000A                        dc.w 10
(3)   21/    4DBE : 0000 4DCA                   dc.l .BLK
(3)   21/    4DC2 : 0000 4DD8                   dc.l .PAT
(3)   21/    4DC6 : 0000 8ED6                   dc.l .INS
(3)   22/    4DCA :                     .blk:	binclude "sound/seq/axe_blk.bin"
(3)   23/    4DD8 :                     .pat:	binclude "sound/seq/axe_patt.bin"
(3)   24/    8ED6 :                     .ins:
(3)   25/    8ED6 : (MACRO)              	gInsFm 0,FmIns_Vibraphone_1
(3)   25/    8ED6 : A000 0093                   dc.b $A0,0,((FMINS_VIBRAPHONE_1>>16)&$FF),((FMINS_VIBRAPHONE_1>>8)&$FF)
(3)   25/    8EDA : 8E00 0000                   dc.b FMINS_VIBRAPHONE_1&$FF,$00,$00,$00
(3)   26/    8EDE : (MACRO)              	gInsFm 0,FmIns_Organ_drawbar
(3)   26/    8EDE : A000 0093                   dc.b $A0,0,((FMINS_ORGAN_DRAWBAR>>16)&$FF),((FMINS_ORGAN_DRAWBAR>>8)&$FF)
(3)   26/    8EE2 : 2E00 0000                   dc.b FMINS_ORGAN_DRAWBAR&$FF,$00,$00,$00
(3)   27/    8EE6 : (MACRO)              	gInsFm -12,FmIns_Bass_Groove_1
(3)   27/    8EE6 : A0F4 0091                   dc.b $A0,-12,((FMINS_BASS_GROOVE_1>>16)&$FF),((FMINS_BASS_GROOVE_1>>8)&$FF)
(3)   27/    8EEA : 0E00 0000                   dc.b FMINS_BASS_GROOVE_1&$FF,$00,$00,$00
(3)   28/    8EEE : (MACRO)              	gInsFm +12,FmIns_bass_italo
(3)   28/    8EEE : A00C 0099                   dc.b $A0,+12,((FMINS_BASS_ITALO>>16)&$FF),((FMINS_BASS_ITALO>>8)&$FF)
(3)   28/    8EF2 : 6E00 0000                   dc.b FMINS_BASS_ITALO&$FF,$00,$00,$00
(3)   29/    8EF6 : (MACRO)              	gInsDac 0,DacIns_conga,0
(3)   29/    8EF6 : C000 00A9                   dc.b $C0|0,0,((DACINS_CONGA>>16)&$FF),((DACINS_CONGA>>8)&$FF)
(3)   29/    8EFA : 7A00 0000                   dc.b DACINS_CONGA&$FF,0,0,0
(3)   30/    8EFE : (MACRO)              	gInsDac 0,DacIns_conga_low,0
(3)   30/    8EFE : C000 00B4                   dc.b $C0|0,0,((DACINS_CONGA_LOW>>16)&$FF),((DACINS_CONGA_LOW>>8)&$FF)
(3)   30/    8F02 : 5400 0000                   dc.b DACINS_CONGA_LOW&$FF,0,0,0
(3)   31/    8F06 : (MACRO)              	gInsDac -12,DacIns_clap,0
(3)   31/    8F06 : C0F4 00A0                   dc.b $C0|0,-12,((DACINS_CLAP>>16)&$FF),((DACINS_CLAP>>8)&$FF)
(3)   31/    8F0A : 0000 0000                   dc.b DACINS_CLAP&$FF,0,0,0
(3)   32/    8F0E : (MACRO)              	gInsFm 0,FmIns_Flaute_1
(3)   32/    8F0E : A000 0093                   dc.b $A0,0,((FMINS_FLAUTE_1>>16)&$FF),((FMINS_FLAUTE_1>>8)&$FF)
(3)   32/    8F12 : 4E00 0000                   dc.b FMINS_FLAUTE_1&$FF,$00,$00,$00
(3)   33/    8F16 : (MACRO)              	gInsFm 0,FmIns_Hats_1
(3)   33/    8F16 : A000 0094                   dc.b $A0,0,((FMINS_HATS_1>>16)&$FF),((FMINS_HATS_1>>8)&$FF)
(3)   33/    8F1A : 6E00 0000                   dc.b FMINS_HATS_1&$FF,$00,$00,$00
(3)   34/    8F1E : (MACRO)              	gInsDac +24+2,DacIns_Kick_Strong,0
(3)   34/    8F1E : C01A 00C3                   dc.b $C0|0,+24+2,((DACINS_KICK_STRONG>>16)&$FF),((DACINS_KICK_STRONG>>8)&$FF)
(3)   34/    8F22 : 2E00 0000                   dc.b DACINS_KICK_STRONG&$FF,0,0,0
(3)   35/    8F26 : (MACRO)              	gInsDac +12,DacIns_Snare,0
(3)   35/    8F26 : C00C 00DD                   dc.b $C0|0,+12,((DACINS_SNARE>>16)&$FF),((DACINS_SNARE>>8)&$FF)
(3)   35/    8F2A : F800 0000                   dc.b DACINS_SNARE&$FF,0,0,0
(3)   36/    8F2E : (MACRO)              	gInsNull
(3)   36/    8F2E : 0000 0000                   dc.b $00,$00,$00,$00
(3)   36/    8F32 : 0000 0000                   dc.b $00,$00,$00,$00
(3)   37/    8F36 : (MACRO)              	gInsPsg 0,$00,$00,$00,$00,$02,$00
(3)   37/    8F36 : 8000 0000                   dc.b $80,0,$00,$00
(3)   37/    8F3A : 0000 0200                   dc.b $00,$00,$02,$00
(3)   38/    8F3E : (MACRO)              	gInsNull
(3)   38/    8F3E : 0000 0000                   dc.b $00,$00,$00,$00
(3)   38/    8F42 : 0000 0000                   dc.b $00,$00,$00,$00
(3)   39/    8F46 : (MACRO)              	gInsNull
(3)   39/    8F46 : 0000 0000                   dc.b $00,$00,$00,$00
(3)   39/    8F4A : 0000 0000                   dc.b $00,$00,$00,$00
(3)   40/    8F4E : (MACRO)              	gInsNull
(3)   40/    8F4E : 0000 0000                   dc.b $00,$00,$00,$00
(3)   40/    8F52 : 0000 0000                   dc.b $00,$00,$00,$00
(3)   41/    8F56 : (MACRO)              	gInsNull
(3)   41/    8F56 : 0000 0000                   dc.b $00,$00,$00,$00
(3)   41/    8F5A : 0000 0000                   dc.b $00,$00,$00,$00
(3)   42/    8F5E : (MACRO)              	gInsNull
(3)   42/    8F5E : 0000 0000                   dc.b $00,$00,$00,$00
(3)   42/    8F62 : 0000 0000                   dc.b $00,$00,$00,$00
(3)   43/    8F66 : (MACRO)              	gInsNull
(3)   43/    8F66 : 0000 0000                   dc.b $00,$00,$00,$00
(3)   43/    8F6A : 0000 0000                   dc.b $00,$00,$00,$00
(3)   44/    8F6E :                     
(3)   45/    8F6E :                     ; ===========================================================================
(3)   46/    8F6E :                     ; -------------------------------------------------------------------
(3)   47/    8F6E :                     ; GEMA/Nikona FM instruments
(3)   48/    8F6E :                     ; -------------------------------------------------------------------
(3)   49/    8F6E :                     
(3)   50/    8F6E :                     ; -----------------------------------------------------------
(3)   51/    8F6E :                     ; Normal FM Instruments
(3)   52/    8F6E :                     ; -----------------------------------------------------------
(3)   53/    8F6E :                     
(3)   54/    8F6E :                     FmIns_Bass_big_81:
(3)   55/    8F6E :                     		binclude "sound/ins/fm/bin/bass_big_82.bin"
(3)   56/    8F8E :                     FmIns_Bass_big_110:
(3)   57/    8F8E :                     		binclude "sound/ins/fm/bin/bass_big_110.bin"
(3)   58/    8FAE :                     FmIns_Bass_big_114:
(3)   59/    8FAE :                     		binclude "sound/ins/fm/bin/bass_big_114.bin"
(3)   60/    8FCE :                     FmIns_Bass_big_122:
(3)   61/    8FCE :                     		binclude "sound/ins/fm/bin/bass_big_122.bin"
(3)   62/    8FEE :                     FmIns_Bass_cave_47:
(3)   63/    8FEE :                     		binclude "sound/ins/fm/bin/bass_cave_47.bin"
(3)   64/    900E :                     FmIns_Bass_club_108:
(3)   65/    900E :                     		binclude "sound/ins/fm/bin/bass_club_108.bin"
(3)   66/    902E :                     FmIns_Bass_foot_75:
(3)   67/    902E :                     		binclude "sound/ins/fm/bin/bass_foot_75.bin"
(3)   68/    904E :                     FmIns_Bass_gem_26:
(3)   69/    904E :                     		binclude "sound/ins/fm/bin/bass_gem_26.bin"
(3)   70/    906E :                     FmIns_Bass_groove_119:
(3)   71/    906E :                     		binclude "sound/ins/fm/bin/bass_groove_119.bin"
(3)   72/    908E :                     FmIns_Bass_heavy_107:
(3)   73/    908E :                     		binclude "sound/ins/fm/bin/bass_heavy_107.bin"
(3)   74/    90AE :                     FmIns_Bass_heavy_118:
(3)   75/    90AE :                     		binclude "sound/ins/fm/bin/bass_heavy_118.bin"
(3)   76/    90CE :                     FmIns_Bass_loud_117:
(3)   77/    90CE :                     		binclude "sound/ins/fm/bin/bass_loud_117.bin"
(3)   78/    90EE :                     FmIns_bass_low_46:
(3)   79/    90EE :                     		binclude "sound/ins/fm/bin/bass_low_46.bin"
(3)   80/    910E :                     FmIns_Bass_Groove_1:
(3)   81/    910E :                     		binclude "sound/ins/fm/bin/bass_groove_1.bin"
(3)   82/    912E :                     FmIns_bass_low_81:
(3)   83/    912E :                     		binclude "sound/ins/fm/bin/bass_low_81.bin"
(3)   84/    914E :                     FmIns_bass_low_103:
(3)   85/    914E :                     		binclude "sound/ins/fm/bin/bass_low_103.bin"
(3)   86/    916E :                     FmIns_bass_low_106:
(3)   87/    916E :                     		binclude "sound/ins/fm/bin/bass_low_106.bin"
(3)   88/    918E :                     FmIns_bass_low_126:
(3)   89/    918E :                     		binclude "sound/ins/fm/bin/bass_low_126.bin"
(3)   90/    91AE :                     FmIns_bass_mid_19:
(3)   91/    91AE :                     		binclude "sound/ins/fm/bin/bass_mid_19.bin"
(3)   92/    91CE :                     FmIns_bass_mid_80:
(3)   93/    91CE :                     		binclude "sound/ins/fm/bin/bass_mid_80.bin"
(3)   94/    91EE :                     FmIns_bass_mid_111:
(3)   95/    91EE :                     		binclude "sound/ins/fm/bin/bass_mid_111.bin"
(3)   96/    920E :                     FmIns_bass_power_123:
(3)   97/    920E :                     		binclude "sound/ins/fm/bin/bass_power_123.bin"
(3)   98/    922E :                     FmIns_bass_silent_53:
(3)   99/    922E :                     		binclude "sound/ins/fm/bin/bass_silent_53.bin"
(3)  100/    924E :                     FmIns_bass_slap_10:
(3)  101/    924E :                     		binclude "sound/ins/fm/bin/bass_slap_10.bin"
(3)  102/    926E :                     FmIns_bass_slap_105:
(3)  103/    926E :                     		binclude "sound/ins/fm/bin/bass_slap_105.bin"
(3)  104/    928E :                     FmIns_bass_synth_60:
(3)  105/    928E :                     		binclude "sound/ins/fm/bin/bass_synth_60.bin"
(3)  106/    92AE :                     FmIns_bass_synth_61:
(3)  107/    92AE :                     		binclude "sound/ins/fm/bin/bass_synth_61.bin"
(3)  108/    92CE :                     FmIns_bass_synth_72:
(3)  109/    92CE :                     		binclude "sound/ins/fm/bin/bass_synth_72.bin"
(3)  110/    92EE :                     FmIns_bass_synth_73:
(3)  111/    92EE :                     		binclude "sound/ins/fm/bin/bass_synth_73.bin"
(3)  112/    930E :                     FmIns_bass_vlow_74:
(3)  113/    930E :                     		binclude "sound/ins/fm/bin/bass_vlow_74.bin"
(3)  114/    932E :                     FmIns_Organ_drawbar:
(3)  115/    932E :                     		binclude "sound/ins/fm/bin/organ_drawbar.bin"
(3)  116/    934E :                     FmIns_Flaute_1:
(3)  117/    934E :                     		binclude "sound/ins/fm/bin/flaute_1.bin"
(3)  118/    936E :                     FmIns_Flaute_2:
(3)  119/    936E :                     		binclude "sound/ins/fm/bin/flaute_2.bin"
(3)  120/    938E :                     FmIns_Vibraphone_1:
(3)  121/    938E :                     		binclude "sound/ins/fm/bin/vibraphone_1.bin"
(3)  122/    93AE :                     FmIns_Vibraphone_2:
(3)  123/    93AE :                     		binclude "sound/ins/fm/bin/vibraphone_2.bin"
(3)  124/    93CE :                     FmIns_Xylophone:
(3)  125/    93CE :                     		binclude "sound/ins/fm/bin/xylophone2_43.bin"
(3)  126/    93EE :                     FmIns_Bass_low81:
(3)  127/    93EE :                     		binclude "sound/ins/fm/bin/bass_low_46.bin"
(3)  128/    940E :                     FmIns_Trumpet_low:
(3)  129/    940E :                     		binclude "sound/ins/fm/bin/trumpet_low.bin"
(3)  130/    942E :                     FmIns_Trumpet_genie:
(3)  131/    942E :                     		binclude "sound/ins/fm/bin/trumpet_genie.bin"
(3)  132/    944E :                     FmIns_Trumpet_bus:
(3)  133/    944E :                     		binclude "sound/ins/fm/bin/trumpet_bus.bin"
(3)  134/    946E :                     FmIns_Hats_1:
(3)  135/    946E :                     		binclude "sound/ins/fm/bin/hats_96.bin"
(3)  136/    948E :                     FmIns_Bell_mid36:
(3)  137/    948E :                     		binclude "sound/ins/fm/bin/bell_mid_36.bin"
(3)  138/    94AE :                     FmIns_Bell_62:
(3)  139/    94AE :                     		binclude "sound/ins/fm/bin/bell_62.bin"
(3)  140/    94CE :                     FmIns_Bell_93:
(3)  141/    94CE :                     		binclude "sound/ins/fm/bin/bell_93.bin"
(3)  142/    94EE :                     FmIns_Bell_low13:
(3)  143/    94EE :                     		binclude "sound/ins/fm/bin/bell_low_13.bin"
(3)  144/    950E :                     
(3)  145/    950E :                     FmIns_Drum_Kick:
(3)  146/    950E :                     		binclude "sound/ins/fm/bin/kick_low.bin"
(3)  147/    952E :                     FmIns_Tick:
(3)  148/    952E :                     		binclude "sound/ins/fm/bin/tick_44.bin"
(3)  149/    954E :                     
(3)  150/    954E :                     ; -----------------------------------------------------------
(3)  151/    954E :                     ; Special FM3 Instruments
(3)  152/    954E :                     ; -----------------------------------------------------------
(3)  153/    954E :                     
(3)  154/    954E :                     FmSpIns_clack_1:
(3)  155/    954E :                     		binclude "sound/ins/fm/bin/fm3_clack_1.bin"
(3)  156/    9576 :                     FmSpIns_cowbell_h:
(3)  157/    9576 :                     		binclude "sound/ins/fm/bin/fm3_cowbell_h.bin"
(3)  158/    959E :                     FmSpIns_cowbell_l:
(3)  159/    959E :                     		binclude "sound/ins/fm/bin/fm3_cowbell_l.bin"
(3)  160/    95C6 :                     FmSpIns_hats_hq:
(3)  161/    95C6 :                     		binclude "sound/ins/fm/bin/fm3_hats_hq.bin"
(3)  162/    95EE :                     FmSpIns_sfx_alien:
(3)  163/    95EE :                     		binclude "sound/ins/fm/bin/fm3_sfx_alien.bin"
(3)  164/    9616 :                     FmSpIns_sfx_knckbuzz:
(3)  165/    9616 :                     		binclude "sound/ins/fm/bin/fm3_sfx_knckbuzz.bin"
(3)  166/    963E :                     FmSpIns_sfx_knock_h:
(3)  167/    963E :                     		binclude "sound/ins/fm/bin/fm3_sfx_knock_h.bin"
(3)  168/    9666 :                     FmSpIns_sfx_knock_l:
(3)  169/    9666 :                     		binclude "sound/ins/fm/bin/fm3_sfx_knock_l.bin"
(3)  170/    968E :                     FmSpIns_sfx_laser:
(3)  171/    968E :                     		binclude "sound/ins/fm/bin/fm3_sfx_laser.bin"
(3)  172/    96B6 :                     
(3)  173/    96B6 :                     ; -----------------------------------------------------------
(3)  174/    96B6 :                     ; FM sound effects
(3)  175/    96B6 :                     ; -----------------------------------------------------------
(3)  176/    96B6 :                     
(3)  177/    96B6 :                     FmIns_sfx_punch:
(3)  178/    96B6 :                     		binclude "sound/ins/fm/bin/sfx_punch.bin"
(3)  179/    96D6 :                     FmIns_sfx_explode:
(3)  180/    96D6 :                     		binclude "sound/ins/fm/bin/sfx_explode.bin"
(3)  181/    96F6 :                     FmIns_sfx_slash:
(3)  182/    96F6 :                     		binclude "sound/ins/fm/bin/sfx_slash.bin"
(3)  183/    9716 :                     FmIns_sfx_alien1:
(3)  184/    9716 :                     		binclude "sound/ins/fm/bin/sfx_alien_83.bin"
(3)  185/    9736 :                     FmIns_sfx_alien2:
(3)  186/    9736 :                     		binclude "sound/ins/fm/bin/sfx_alien_84.bin"
(3)  187/    9756 :                     
(3)  188/    9756 :                     ; ====================================================================
(3)  189/    9756 :                     
(3)  190/    9756 :                     ; FM3 Special
(3)  191/    9756 :                     FmIns_Sp_OpenHat:
(3)  192/    9756 :                     		binclude "sound/ins/fm/gsx/fm3_openhat.gsx",$2478,$28
(3)  193/    977E :                     FmIns_Sp_ClosedHat:
(3)  194/    977E :                     		binclude "sound/ins/fm/gsx/fm3_closedhat.gsx",$2478,$28
(3)  195/    97A6 :                     FmIns_Sp_Cowbell:
(3)  196/    97A6 :                     		binclude "sound/ins/fm/gsx/fm3_cowbell.gsx",$2478,$28
(3)  197/    97CE :                     FmIns_Drums_Kick1:
(3)  198/    97CE :                     		binclude "sound/ins/fm/gsx/drum_kick_gem.gsx",$2478,$20
(3)  199/    97EE :                     FmIns_Piano_Aqua:
(3)  200/    97EE :                     		binclude "sound/ins/fm/gsx/piano_aqua.gsx",$2478,$20
(3)  201/    980E :                     FmIns_HBeat_tom:
(3)  202/    980E :                     		binclude "sound/ins/fm/gsx/nadia_tom.gsx",$2478,$20
(3)  203/    982E :                     FmIns_Trumpet_1:
(3)  204/    982E :                     		binclude "sound/ins/fm/gsx/trumpet_1.gsx",$2478,$20
(3)  205/    984E :                     FmIns_Bass_duck:
(3)  206/    984E :                     		binclude "sound/ins/fm/gsx/bass_duck.gsx",$2478,$20
(3)  207/    986E :                     FmIns_ClosedHat:
(3)  208/    986E :                     		binclude "sound/ins/fm/gsx/hats_closed.gsx",$2478,$20
(3)  209/    988E :                     FmIns_Trumpet_carnival:
(3)  210/    988E :                     		binclude "sound/ins/fm/gsx/OLD_trumpet_carnivl.gsx",$2478,$20
(3)  211/    98AE :                     FmIns_Bass_club:
(3)  212/    98AE :                     		binclude "sound/ins/fm/gsx/OLD_bass_club.gsx",$2478,$20
(3)  213/    98CE :                     FmIns_Bass_groove_2:
(3)  214/    98CE :                     		binclude "sound/ins/fm/gsx/bass_groove_2.gsx",$2478,$20
(3)  215/    98EE :                     FmIns_PSynth_plus:
(3)  216/    98EE :                     		binclude "sound/ins/fm/gsx/psynth_plus.gsx",$2478,$20
(3)  217/    990E :                     FmIns_Brass_7:
(3)  218/    990E :                     		binclude "sound/ins/fm/gsx/brass_7.gsx",$2478,$20
(3)  219/    992E :                     
(3)  220/    992E :                     FmIns_sfx_punch_2:
(3)  221/    992E :                     		binclude "sound/ins/fm/gsx/fmsfx_punch.gsx",$2478,$20
(3)  222/    994E :                     FmIns_sfx_smash:
(3)  223/    994E :                     		binclude "sound/ins/fm/gsx/fmsfx_smash.gsx",$2478,$20
(3)  224/    996E :                     
(3)  225/    996E :                     FmIns_bass_italo:
(3)  226/    996E :                     		binclude "sound/ins/fm/gsx/bass_italo.gsx",$2478,$20
(3)  227/    998E :                     FmIns_Guitar_bball:
(3)  228/    998E :                     		binclude "sound/ins/fm/gsx/guitar_bball.gsx",$2478,$20
(3)  229/    99AE :                     
(3)  230/    99AE :                     ; ===========================================================================
(3)  231/    99AE :                     ; -------------------------------------------------------------------
(3)  232/    99AE :                     ; GEMA/Nikona DAC samples
(3)  233/    99AE :                     ;
(3)  234/    99AE :                     ; 16000hz base
(3)  235/    99AE :                     ; -------------------------------------------------------------------
(3)  236/    99AE :                     
(3)  237/    99AE :                     		align $800
(3)  238/    A000 :                     		;gSmplData Label,"file_path",loop_start
(3)  239/    A000 : (MACRO)              		gSmplData DacIns_clap,"sound/ins/smpl/clap.wav",0
(3)  239/    A000 : =$A000               DACINS_CLAP    label *
(3)  239/    A000 : 7409 00                     dc.b ((DACINS_CLAP_e-DACINS_CLAP_s)&$FF),(((DACINS_CLAP_e-DACINS_CLAP_s)>>8)&$FF),(((DACINS_CLAP_e-DACINS_CLAP_s)>>16)&$FF)       ; dc.b 1,2,3 Length
(3)  239/    A003 : 0000 00                     dc.b ((0)&$FF),(((0)>>8)&$FF),(((0)>>16)&$FF)                                  ; dc.b 4,5,6 Start 0
(3)  239/    A006 :                     DACINS_CLAP_s:
(3)  239/    A006 :                             binclude "sound/ins/smpl/clap.wav",$2C       ; dc.b (data)
(3)  239/    A97A :                     DACINS_CLAP_e:
(3)  240/    A97A : (MACRO)              		gSmplData DacIns_conga,"sound/ins/smpl/conga.wav",0
(3)  240/    A97A : =$A97A               DACINS_CONGA    label *
(3)  240/    A97A : D40A 00                     dc.b ((DACINS_CONGA_e-DACINS_CONGA_s)&$FF),(((DACINS_CONGA_e-DACINS_CONGA_s)>>8)&$FF),(((DACINS_CONGA_e-DACINS_CONGA_s)>>16)&$FF)       ; dc.b 1,2,3 Length
(3)  240/    A97D : 0000 00                     dc.b ((0)&$FF),(((0)>>8)&$FF),(((0)>>16)&$FF)                                  ; dc.b 4,5,6 Start 0
(3)  240/    A980 :                     DACINS_CONGA_s:
(3)  240/    A980 :                             binclude "sound/ins/smpl/conga.wav",$2C       ; dc.b (data)
(3)  240/    B454 :                     DACINS_CONGA_e:
(3)  241/    B454 : (MACRO)              		gSmplData DacIns_conga_low,"sound/ins/smpl/conga_low.wav",0
(3)  241/    B454 : =$B454               DACINS_CONGA_LOW    label *
(3)  241/    B454 : D40E 00                     dc.b ((DACINS_CONGA_LOW_e-DACINS_CONGA_LOW_s)&$FF),(((DACINS_CONGA_LOW_e-DACINS_CONGA_LOW_s)>>8)&$FF),(((DACINS_CONGA_LOW_e-DACINS_CONGA_LOW_s)>>16)&$FF)       ; dc.b 1,2,3 Length
(3)  241/    B457 : 0000 00                     dc.b ((0)&$FF),(((0)>>8)&$FF),(((0)>>16)&$FF)                                  ; dc.b 4,5,6 Start 0
(3)  241/    B45A :                     DACINS_CONGA_LOW_s:
(3)  241/    B45A :                             binclude "sound/ins/smpl/conga_low.wav",$2C       ; dc.b (data)
(3)  241/    C32E :                     DACINS_CONGA_LOW_e:
(3)  242/    C32E : (MACRO)              		gSmplData DacIns_Kick_Strong,"sound/ins/smpl/kick_strong.wav",0
(3)  242/    C32E : =$C32E               DACINS_KICK_STRONG    label *
(3)  242/    C32E : C41A 00                     dc.b ((DACINS_KICK_STRONG_e-DACINS_KICK_STRONG_s)&$FF),(((DACINS_KICK_STRONG_e-DACINS_KICK_STRONG_s)>>8)&$FF),(((DACINS_KICK_STRONG_e-DACINS_KICK_STRONG_s)>>16)&$FF)       ; dc.b 1,2,3 Length
(3)  242/    C331 : 0000 00                     dc.b ((0)&$FF),(((0)>>8)&$FF),(((0)>>16)&$FF)                                  ; dc.b 4,5,6 Start 0
(3)  242/    C334 :                     DACINS_KICK_STRONG_s:
(3)  242/    C334 :                             binclude "sound/ins/smpl/kick_strong.wav",$2C       ; dc.b (data)
(3)  242/    DDF8 :                     DACINS_KICK_STRONG_e:
(3)  243/    DDF8 : (MACRO)              		gSmplData DacIns_Snare,"sound/ins/smpl/snare.wav",0
(3)  243/    DDF8 : =$DDF8               DACINS_SNARE    label *
(3)  243/    DDF8 : F40E 00                     dc.b ((DACINS_SNARE_e-DACINS_SNARE_s)&$FF),(((DACINS_SNARE_e-DACINS_SNARE_s)>>8)&$FF),(((DACINS_SNARE_e-DACINS_SNARE_s)>>16)&$FF)       ; dc.b 1,2,3 Length
(3)  243/    DDFB : 0000 00                     dc.b ((0)&$FF),(((0)>>8)&$FF),(((0)>>16)&$FF)                                  ; dc.b 4,5,6 Start 0
(3)  243/    DDFE :                     DACINS_SNARE_s:
(3)  243/    DDFE :                             binclude "sound/ins/smpl/snare.wav",$2C       ; dc.b (data)
(3)  243/    ECF2 :                     DACINS_SNARE_e:
(3)  244/    ECF2 : (MACRO)              		gSmplData DacIns_Snare_Rap,"sound/ins/smpl/snare_rap.wav",0
(3)  244/    ECF2 : =$ECF2               DACINS_SNARE_RAP    label *
(3)  244/    ECF2 : A40A 00                     dc.b ((DACINS_SNARE_RAP_e-DACINS_SNARE_RAP_s)&$FF),(((DACINS_SNARE_RAP_e-DACINS_SNARE_RAP_s)>>8)&$FF),(((DACINS_SNARE_RAP_e-DACINS_SNARE_RAP_s)>>16)&$FF)       ; dc.b 1,2,3 Length
(3)  244/    ECF5 : 0000 00                     dc.b ((0)&$FF),(((0)>>8)&$FF),(((0)>>16)&$FF)                                  ; dc.b 4,5,6 Start 0
(3)  244/    ECF8 :                     DACINS_SNARE_RAP_s:
(3)  244/    ECF8 :                             binclude "sound/ins/smpl/snare_rap.wav",$2C       ; dc.b (data)
(3)  244/    F79C :                     DACINS_SNARE_RAP_e:
(3)  245/    F79C : (MACRO)              		gSmplData DacIns_TEST,"sound/ins/smpl/test.wav",0
(3)  245/    F79C : =$F79C               DACINS_TEST    label *
(3)  245/    F79C : 6878 02                     dc.b ((DACINS_TEST_e-DACINS_TEST_s)&$FF),(((DACINS_TEST_e-DACINS_TEST_s)>>8)&$FF),(((DACINS_TEST_e-DACINS_TEST_s)>>16)&$FF)       ; dc.b 1,2,3 Length
(3)  245/    F79F : 0000 00                     dc.b ((0)&$FF),(((0)>>8)&$FF),(((0)>>16)&$FF)                                  ; dc.b 4,5,6 Start 0
(3)  245/    F7A2 :                     DACINS_TEST_s:
(3)  245/    F7A2 :                             binclude "sound/ins/smpl/test.wav",$2C       ; dc.b (data)
(3)  245/   3700A :                     DACINS_TEST_e:
(3)  246/   3700A :                     
(3)  247/   3700A :                     ; 		gSmplData DacIns_Kick_2,"sound/ins/smpl/kick_2.wav",0
(3)  248/   3700A :                     ; 		gSmplData DacIns_Snare_2,"sound/ins/smpl/snare_2.wav",0
(3)  249/   3700A :                     ; 		gSmplData DacIns_Timpani,"sound/ins/smpl/timpani.wav",0
(3)  250/   3700A :                     ; 		gSmplData DacIns_wegot_kick,"sound/ins/smpl/wegot_kick.wav",0
(3)  251/   3700A :                     ; 		gSmplData DacIns_wegot_crash,"sound/ins/smpl/wegot_crash.wav",0
(3)  252/   3700A :                     
(2)   27/   3700A : (MACRO)              		binclude_dma ASCII_FONT,"game/data/md/tilesets/font_8/art.bin"
(2)   27/   3700A :                             ; 32X: Temporally show ROM position
(2)   27/   3700A :                     
(2)   27/   3700A :                                     align 2
(2)   27/   3700A : =$3700A              ASCII_FONT        label *
(2)   27/   3700A :                                     binclude "game/data/md/tilesets/font_8/art.bin"
(2)   27/   37C0A :                                     align 2
(2)   27/   37C0A :                             ; 32X: Return to last phase
(2)   28/   37C0A : (MACRO)              		binclude_dma ASCII_FONT_W,"game/data/md/tilesets/font_16/art.bin"
(2)   28/   37C0A :                             ; 32X: Temporally show ROM position
(2)   28/   37C0A :                     
(2)   28/   37C0A :                                     align 2
(2)   28/   37C0A : =$37C0A              ASCII_FONT_W        label *
(2)   28/   37C0A :                                     binclude "game/data/md/tilesets/font_16/art.bin"
(2)   28/   3940A :                                     align 2
(2)   28/   3940A :                             ; 32X: Return to last phase
(2)   29/   3940A : (MACRO)              		binclude_dma Art_FairyDodo,"game/data/md/sprites/dodo/art.bin"
(2)   29/   3940A :                             ; 32X: Temporally show ROM position
(2)   29/   3940A :                     
(2)   29/   3940A :                                     align 2
(2)   29/   3940A : =$3940A              ART_FAIRYDODO        label *
(2)   29/   3940A :                                     binclude "game/data/md/sprites/dodo/art.bin"
(2)   29/   39A0A :                                     align 2
(2)   29/   39A0A :                             ; 32X: Return to last phase
(2)   30/   39A0A : (MACRO)              		binclude_dma Art_FairyMimi,"game/data/md/sprites/mimi/art.bin"
(2)   30/   39A0A :                             ; 32X: Temporally show ROM position
(2)   30/   39A0A :                     
(2)   30/   39A0A :                                     align 2
(2)   30/   39A0A : =$39A0A              ART_FAIRYMIMI        label *
(2)   30/   39A0A :                                     binclude "game/data/md/sprites/mimi/art.bin"
(2)   30/   3A00A :                                     align 2
(2)   30/   3A00A :                             ; 32X: Return to last phase
(2)   31/   3A00A : (MACRO)              		binclude_dma Art_FairyFifi,"game/data/md/sprites/fifi/art.bin"
(2)   31/   3A00A :                             ; 32X: Temporally show ROM position
(2)   31/   3A00A :                     
(2)   31/   3A00A :                                     align 2
(2)   31/   3A00A : =$3A00A              ART_FAIRYFIFI        label *
(2)   31/   3A00A :                                     binclude "game/data/md/sprites/fifi/art.bin"
(2)   31/   3A58A :                                     align 2
(2)   31/   3A58A :                             ; 32X: Return to last phase
(2)   32/   3A58A :                     ; 		binclude_dma ART_TESTBG,"game/data/md/maps/test/art.bin"
(2)   33/   3A58A :                     ; PAL_TESTBG:	binclude "game/data/md/maps/test/pal.bin"
(2)   34/   3A58A :                     ; 		align 2
(2)   35/   3A58A :                     ; MAP_TESTBG:	binclude "game/data/md/maps/test/map.bin"
(2)   36/   3A58A :                     ; 		align 2
(2)   37/   3A58A :                     objPal_Dodo:	binclude "game/data/md/sprites/dodo/pal.bin"
(2)   38/   3A5AA :                     		align 2
(2)   39/   3A5AA :                     objMap_Dodo:	binclude "game/data/md/sprites/dodo/map.bin"
(2)   40/   3A5CE :                     		align 2
(2)   41/   3A5CE :                     objMap_Mimi:	binclude "game/data/md/sprites/mimi/map.bin"
(2)   42/   3A5F2 :                     		align 2
(2)   43/   3A5F2 :                     objMap_Fifi:	binclude "game/data/md/sprites/fifi/map.bin"
(2)   44/   3A62E :                     		align 2
(2)   45/   3A62E :                     
(2)   46/   3A62E :                     ; ----------------------------------------------------------------
(2)   47/   3A62E :                     
(2)   48/   3A62E :                     MPal_Test:
(2)   49/   3A62E :                     	binclude "game/data/mars/objects/test/mtrl/002_pal.bin"
(2)   50/   3A82E :                     	align 2
(2)   51/   3A82E :                     
(2)   52/   3A82E :                     MVram_test:
(2)   53/   3A82E : (MACRO)              	marsVramData
(2)   53/       0 :                                     phase 0
(2)   54/       0 :                     Textr_test:
(2)   55/       0 :                     	binclude "game/data/mars/objects/test/mtrl/002_art.bin"
(2)   56/    8DC2 :                     	align 8
(2)   57/    8DC8 : (MACRO)              	marsVramDEnd
(2)   57/    8DC8 :                                     align 8
(2)   57/    8DC8 :                     .end:
(2)   57/    8DC8 :  (MACRO-2)                           erreport "This 32X graphics data",.end,$18000
(2)   57/   435F6 :                                     dephase
(2)   58/   435F6 :                     MVram_test_e:
(2)   59/   435F6 :                     
(2)   60/   435F6 :                     ; ----------------------------------------------------------------
(2)   61/   435F6 :                     
(1)   34/   435F6 : (MACRO)              	dend_bank DATA_BANK0_e
(1)   34/   435F6 : =$3E866              GLBL_MDATA_RP := *-GLBL_MDATA_ST        ; Get used size to report
(1)   34/   435F6 :                     
(1)   34/   435F6 :                             ; Set 32X bank end
(1)   35/   435F6 :                     
     368/   435F6 :                     
     369/   435F6 :                     ; ====================================================================
     370/   435F6 :                     ; ----------------------------------------------------------------
     371/   435F6 :                     ; Cartridge-ONLY Section, direct label access
     372/   435F6 :                     ;
     373/   435F6 :                     ; For Genesis, 32X Cartridge and Pico ONLY.
     374/   435F6 :                     ; ----------------------------------------------------------------
     375/   435F6 :                     
     377/   435F6 :                     
     378/   435F6 :                     ; --------------------------------------------------------
     379/   435F6 :                     ; ROM-only DATA
     380/   435F6 :                     ; --------------------------------------------------------
     381/   435F6 :                     
     382/   435F6 :                     		include "game/data/md/ROM_bank0.asm"
(1)    1/   435F6 :                     ; ===========================================================================
(1)    2/   435F6 :                     ; ----------------------------------------------------------------
(1)    3/   435F6 :                     ; 1MB Cartridge-ONLY data
(1)    4/   435F6 :                     ; ----------------------------------------------------------------
(1)    5/   435F6 :                     
     383/   435F6 :                     
     384/   435F6 :                     ; --------------------------------------------------------
     385/   435F6 :                     ; ROM-only DMA-graphics
     386/   435F6 :                     ; --------------------------------------------------------
     387/   435F6 :                     
     388/   435F6 :                     		include "game/data/md/ROM_dmavdp.asm"
(1)    1/   435F6 :                     ; ===========================================================================
(1)    2/   435F6 :                     ; ----------------------------------------------------------------
(1)    3/   435F6 :                     ; DMA Genesis graphics for Cartridge ONLY
(1)    4/   435F6 :                     ; ----------------------------------------------------------------
(1)    5/   435F6 :                     		align 2
(1)    6/   435F6 :                     ; --------------------------------------------------------
(1)    7/   435F6 :                     
     389/   435F6 :                     
     390/   435F6 :                     ; --------------------------------------------------------
     391/   435F6 :                     ; ROM-only 32X data
     392/   435F6 :                     ;
     393/   435F6 :                     ; In the case of RV bit during DMA:
     394/   435F6 :                     ; Only the PWM samples are protected, everything else
     395/   435F6 :                     ; will be trashed.
     396/   435F6 :                     ; --------------------------------------------------------
     397/   435F6 :                     
     398/ 20435F6 :                     		phase CS1+*
     399/ 20435F6 :                     		align 4
     400/ 20435F8 :                     		include "game/data/mars/ROM_mars.asm"		; 32X-only data
(1)    1/ 20435F8 :                     ; ===========================================================================
(1)    2/ 20435F8 :                     ; ----------------------------------------------------------------
(1)    3/ 20435F8 :                     ; 1MB Cartridge-ONLY data
(1)    4/ 20435F8 :                     ; ----------------------------------------------------------------
(1)    5/ 20435F8 :                     
     401/ 20435F8 :                     		include "game/data/mars/objects/ROM_list.asm"	; 3D objects
(1)    1/ 20435F8 :                     ; ===========================================================================
(1)    2/ 20435F8 :                     ; ----------------------------------------------------------------
(1)    3/ 20435F8 :                     ; Special include for the 3D models, ROM-ONLY VERSION
(1)    4/ 20435F8 :                     ;
(1)    5/ 20435F8 :                     ; THIS CAN'T BE USED ON SCD/CD32X
(1)    6/ 20435F8 :                     ; ----------------------------------------------------------------
(1)    7/ 20435F8 :                     
(1)    8/ 20435F8 :                     ; 		include "game/data/mars/objects/test/head.asm"
(1)    9/ 20435F8 :                     ; 		include "game/data/mars/objects/test_2/head.asm"
(1)   10/ 20435F8 :                     ; 		include "game/data/mars/objects/test_3/head.asm"
(1)   11/ 20435F8 :                     	;	include "game/data/mars/objects/rubia/head.asm"
(1)   12/ 20435F8 :                     
     402/ 20435F8 :                     		include "sound/ROM_smpl_pwm.asm"		; PWM samples
(1)    1/ 20435F8 :                     ; ===========================================================================
(1)    2/ 20435F8 :                     ; -------------------------------------------------------------------
(1)    3/ 20435F8 :                     ; GEMA/Nikona PWM instruments on Cartridge ONLY
(1)    4/ 20435F8 :                     ;
(1)    5/ 20435F8 :                     ; - Samples located here CANNOT be used on CD32X
(1)    6/ 20435F8 :                     ; - If the Genesis does DMA that requires the RV bit this
(1)    7/ 20435F8 :                     ;   section will get protected ASAP before the DMA starts
(1)    8/ 20435F8 :                     ;
(1)    9/ 20435F8 :                     ; MACRO:
(1)   10/ 20435F8 :                     ; gSmplData Label,"file_path",loop_start
(1)   11/ 20435F8 :                     ; Set loop_start to 0 if not using it.
(1)   12/ 20435F8 :                     ;
(1)   13/ 20435F8 :                     ; BASE C-5 samplerate is 16000hz
(1)   14/ 20435F8 :                     ; -------------------------------------------------------------------
(1)   15/ 20435F8 :                     
(1)   16/ 20435F8 :                     	align 4
(1)   17/ 20435F8 :                     	;gSmplData Label,"file_path",loop_start
(1)   18/ 20435F8 :                     ; 	gSmplData PwmIns_Nadie,"sound/ins/smpl/inga_st.wav",0
(1)   19/ 20435F8 :                     
     403/   435F8 :                     		dephase
     404/   435F8 :                     
     405/   435F8 :                     ; ----------------------------------------------------------------
     406/   435F8 :                     
     408/   435F8 :                     
     409/   435F8 :                     ; ====================================================================
     410/   435F8 :                     ; ------------------------------------------------
     411/   435F8 :                     ; End
     412/   435F8 :                     ; ------------------------------------------------
     413/   435F8 :                     
     414/   435F8 :                     ROM_END:
     415/   435F8 : 00                  		dc.b 0
     416/   435F9 :                     		align $8000
     417/   48000 :                     
 AS V1.42 Beta [Bld 212] - Source File main.asm - Page 2 - 6/9/2025 23:7:33


  Symbol Table (* = unused):
  --------------------------

*ADAPTER :                        0 - | *ADEN :                           1 - |
 ALV :                           24 - | *ARCHITECTURE :     "AMD64-Windows" - |
 ARP :                           2C - |  ART_FAIRYDODO :              3940A C |
 ART_FAIRYFIFI :              3A00A C |  ART_FAIRYMIMI :              39A0A C |
 ASCII_FONT :                 3700A C |  ASCII_FONT_W :               37C0A C |
 ATK :                            8 - | *ATTRH :                        800 - |
*ATTRPRIO :                    8000 - | *ATTRV :                       1000 - |
*BANKSET :                        4 - | *BIGENDIAN :                      0 - |
*BITATTRH :                       3 - | *BITATTRPRIO :                    7 - |
*BITATTRV :                       4 - | *BITCLICKL :                      0 - |
*BITCLICKM :                      2 - | *BITCLICKR :                      1 - |
*BITCLICKS :                      3 - |  BITDISPENBL :                    6 - |
 BITDMA :                         1 - |  BITDMAENBL :                     4 - |
*BITFIFOE :                       9 - | *BITFIFOF :                       8 - |
*BITHBLK :                        2 - | *BITHINTENBL :                    4 - |
*BITHVSTOP :                      1 - | *BITJOYA :                        6 - |
*BITJOYB :                        4 - | *BITJOYC :                        5 - |
*BITJOYDOWN :                     1 - | *BITJOYLEFT :                     2 - |
*BITJOYMODE :                     B - | *BITJOYPEN :                      7 - |
*BITJOYRED :                      4 - | *BITJOYRIGHT :                    3 - |
 BITJOYSTART :                    7 - | *BITJOYUP :                       0 - |
*BITJOYX :                        A - | *BITJOYY :                        9 - |
*BITJOYZ :                        8 - | *BITMAPMD :                       1 - |
*BITODD :                         4 - | *BITPAL :                         0 - |
*BITSPRCOL :                      5 - | *BITSPROVR :                      6 - |
*BITV30 :                         3 - |  BITVBLK :                        3 - |
*BITVINT :                        7 - | *BITVINTENBL :                    5 - |
*BITWRAMMODE :                    2 - | *BRANCHEXT :                      0 - |
*CASESENSITIVE :                  0 - |  CDRAMDST :                    1F82 C |
 CDRAMLEN :                    1F87 C |  CDRAMSRC :                    1F84 C |
 CDRAMSRCB :                   1F86 C |  CHIP_ENV :                    107B C |
 CHIP_ENV.ATKEND :             10FE C | *CHIP_ENV.ATKZERO :            1101 C |
 CHIP_ENV.CHK2 :               1107 C |  CHIP_ENV.CHK4 :               113C C |
 CHIP_ENV.CKOF :               109F C |  CHIP_ENV.CKON :               10B2 C |
*CHIP_ENV.DECTMR :             110B C |  CHIP_ENV.DKADD :              1125 C |
 CHIP_ENV.DKSAV :              112D C |  CHIP_ENV.DKYEND :             1132 C |
 CHIP_ENV.DO_NFREQ :           1191 C |  CHIP_ENV.ENVPROC :            10D0 C |
 CHIP_ENV.KILLENV :            1152 C | *CHIP_ENV.NBLOCK :             10D0 C |
 CHIP_ENV.NORMAL :             118C C |  CHIP_ENV.NOUPD :              11D2 C |
 CHIP_ENV.NSKIP :              10C7 C |  CHIP_ENV.SILNC_3 :            1188 C |
 CHIP_ENV.VEDLP :              115A C |  CHIP_ENV.VLMUCH :             11BE C |
 CHIP_ENV.VLOOP :              1087 C |  CHIP_ENV.VONLY :              11B4 C |
 CHNL_CHIP :                      1 - |  CHNL_EFFARG :                    6 - |
 CHNL_EFFID :                     5 - |  CHNL_FLAGS :                     0 - |
 CHNL_INS :                       3 - |  CHNL_NOTE :                      2 - |
 CHNL_TYPE :                      7 - |  CHNL_VOL :                       4 - |
 CHT_FM :                        A0 - |  CHT_FM3SP :                     B0 - |
 CHT_FM6DAC :                    C0 - |  CHT_PCM :                       D0 - |
 CHT_PCO :                       F0 - |  CHT_PSG :                       80 - |
 CHT_PSGN :                      90 - |  CHT_PWM :                       E0 - |
*CLICKL :                         2 - | *CLICKM :                         4 - |
*CLICKR :                         1 - | *CLICKS :                         8 - |
*CMDINTCLR :                     1A - | *CMDIRQ_ON :                      2 - |
 COM :                            0 - | *COMM0 :                         20 - |
*COMM1 :                         21 - | *COMM10 :                        2A - |
*COMM11 :                        2B - | *COMM12 :                        2C - |
*COMM13 :                        2D - | *COMM14 :                        2E - |
*COMM15 :                        2F - | *COMM2 :                         22 - |
*COMM3 :                         23 - | *COMM4 :                         24 - |
*COMM5 :                         25 - | *COMM6 :                         26 - |
*COMM7 :                         27 - | *COMM8 :                         28 - |
*COMM9 :                         29 - |  COMMZFIFO :                   1F60 C |
 COMMZREAD :                     2E C |  COMMZROMBLK :                 1F81 C |
 COMMZWRITE :                  1F80 C | *COMPMODE :                       0 - |
*CONSTPI :        3.141592653589793 - |  CONTROLLER_1 :    FFFFFFFFFFFFF0F8 - |
 CONTROLLER_2 :    FFFFFFFFFFFFF10E - |  CONTROLLER_3 :    FFFFFFFFFFFFF124 - |
 CONTROLLER_4 :    FFFFFFFFFFFFF13A - |  CONTROLLER_5 :    FFFFFFFFFFFFF150 - |
 COPERA :                         1 - | *COPR_YM712B_A0 :            BFF840 - |
*COPR_YMF262_A0 :            BFF824 - | *COPR_YMF262_A1 :            BFF834 - |
*COPR_YMF262_D0 :            BFF828 - | *COPR_YMZ263B_A0 :           BFF801 - |
*COPR_YMZ263B_A1 :           BFF805 - | *COPR_YMZ263B_D0 :           BFF803 - |
*COPR_YMZ263B_D1 :           BFF807 - | *CS0 :                            0 - |
 CS1 :                      2000000 - |  CS2 :                      4000000 - |
*CS3 :                      6000000 - |  CURRTICKBITS :                1C0F C |
*CUSTOM :                         0 - | *CYCLE :                         32 - |
 DACINS_CLAP :                 A000 C |  DACINS_CONGA :                A97A C |
 DACINS_CONGA_LOW :            B454 C |  DACINS_KICK_STRONG :          C32E C |
 DACINS_SNARE :                DDF8 C | *DACINS_SNARE_RAP :            ECF2 C |
 DACINS_TEST :                 F79C C |  DAC_FILL :                      20 C |
 DAC_ME :                         8 C |  DAC_OFF :                     120D C |
 DAC_ON :                      11F8 C |  DAC_PLAY :                    1222 C |
 DAC_REFILL :                  1256 C |  DAC_REFILL.DACFILL_END :      1315 C |
 DAC_REFILL.DACFILL_LOOP :     12CE C |  DAC_REFILL.DACFILL_RET :      1318 C |
 DAC_REFILL.DAC_OVER :         12A4 C |  DATA_BANK0 :                  4D90 C |
*DATE :                  "6/9/2025" - |  DDACCNTR :                    17C9 C |
 DDACFIFOMID :                   37 C |  DDACPNTR :                    17C6 C |
*DEF_HSIZE_128 :                100 - | *DEF_HSIZE_32 :                  40 - |
 DEF_HSIZE_64 :                  80 - | *DEF_MAXSTAMPCOUT :              60 - |
 DEF_PRINTPAL :                6000 - |  DEF_PRINTVRAM :                5A0 - |
 DEF_PRINTVRAMW :               4E0 - | *DEF_SAVEINFO :                1BF2 C |
 DEF_VRAM_BG :                 E000 - |  DEF_VRAM_FG :                 C000 - |
 DEF_VRAM_HSCRL :              FC00 - |  DEF_VRAM_SPR :                F800 - |
 DEF_VRAM_WD :                 D000 - | *DISC_BANKLIST :               1F48 C |
*DISPENBL :                      40 - |  DKY :                            C - |
*DMAENBL :                       10 - | *DREQCTL :                        6 - |
*DREQDEST :                       C - | *DREQFIFO :                      12 - |
*DREQLEN :                       10 - | *DREQSOURCE :                     8 - |
 DRV_LOOP :                      41 C |  DRV_LOOP.CMND_0 :               DD C |
 DRV_LOOP.CMND_1 :               E0 C |  DRV_LOOP.CMND_2 :               F9 C |
 DRV_LOOP.CMND_3 :              133 C |  DRV_LOOP.CMND_5 :              171 C |
 DRV_LOOP.CMND_6 :              1AA C |  DRV_LOOP.CMND_7 :              1E3 C |
 DRV_LOOP.CMND_RDSLOT :         201 C |  DRV_LOOP.DEL_ALL :             16A C |
 DRV_LOOP.GETCBYTEL :            B0 C |  DRV_LOOP.GRAB_ARG :             AE C |
 DRV_LOOP.LIST :                 CD C |  DRV_LOOP.NEITHER :              82 C |
 DRV_LOOP.NEXT_CMD :             8B C |  DRV_LOOP.NOBEATS :              68 C |
 DRV_LOOP.NOTICKS :              5B C |  DRV_LOOP.NOT_PAL :             1F6 C |
 DRV_LOOP.SRCH_DEL :            151 C |  DRV_LOOP.SRCH_FVOL :           18F C |
 DRV_LOOP.SRCH_MODE :           119 C |  DRV_LOOP.SRCH_SLOT :           213 C |
 DRV_LOOP.SRCH_VOL :            1C8 C |  DRV_LOOP.WRTTO_DEL :           15E C |
 DRV_LOOP.WRTTO_FVOL :          19C C |  DRV_LOOP.WRTTO_SLOT :          128 C |
 DRV_LOOP.WRTTO_VOL :           1D5 C |  DTBL_MULTI :                   7F5 C |
 DTBL_SINGL :                   809 C |  DTBL_SINGL.CHNL_ULNK :         F1A C |
 DTBL_SINGL.COMN_PANLIST :      CFD C |  DTBL_SINGL.DAC_CUT :           BDC C |
 DTBL_SINGL.DAC_OFF :           BE2 C |  DTBL_SINGL.DAC_PROC :          BE8 C |
 DTBL_SINGL.D_DOWN :            C81 C |  DTBL_SINGL.D_DOWNHF :          C7C C |
 DTBL_SINGL.D_UP :              C73 C | *DTBL_SINGL.D_UPHF :            C70 C |
 DTBL_SINGL.EFFC :              C3A C |  DTBL_SINGL.EFFC_D :            C55 C |
 DTBL_SINGL.EFFC_E :            C8E C |  DTBL_SINGL.EFFC_F :            C9D C |
 DTBL_SINGL.EFFC_X :            CAE C |  DTBL_SINGL.FM_CINDX :          BAA C |
 DTBL_SINGL.FM_CLRRSAVE :       A92 C |  DTBL_SINGL.FM_CUT :            A67 C |
 DTBL_SINGL.FM_HASVOL :         ED8 C |  DTBL_SINGL.FM_KEYOFF :         A73 C |
 DTBL_SINGL.FM_OFF :            A5E C |  DTBL_SINGL.FM_TLOFF :          A7B C |
 DTBL_SINGL.FND_OCT :           F09 C |  DTBL_SINGL.FNOT_PAL :          989 C |
 DTBL_SINGL.GET_FMCACH :        BB2 C |  DTBL_SINGL.GET_OCT :           EFF C |
 DTBL_SINGL.INST :              D2E C |  DTBL_SINGL.INS_DAC :           DF1 C |
 DTBL_SINGL.INS_FM :            D94 C |  DTBL_SINGL.INS_PCM :           E45 C |
 DTBL_SINGL.INS_PCO :           ECD C |  DTBL_SINGL.INS_PSG :           D5E C |
 DTBL_SINGL.INS_PSGN :          D58 C |  DTBL_SINGL.INS_PWM :           E84 C |
*DTBL_SINGL.INVL_INS :          D57 C |  DTBL_SINGL.KEEP_TLMX :         B94 C |
 DTBL_SINGL.KYCUT_PSG :         927 C | *DTBL_SINGL.KYCUT_PSGN :        924 C |
 DTBL_SINGL.KYOFF_PSG :         91B C | *DTBL_SINGL.KYOFF_PSGN :        918 C |
 DTBL_SINGL.KYPSGN_HATOFF :     930 C |  DTBL_SINGL.LINKED :            878 C |
 DTBL_SINGL.MKFM_PROC :         9C4 C |  DTBL_SINGL.MKFM_SET :          AA9 C |
 DTBL_SINGL.MKFM_TLVOL :        B3B C |  DTBL_SINGL.MKFM_WREGS :        B12 C |
 DTBL_SINGL.MK_DAC :            BC2 C |  DTBL_SINGL.MK_FM :             98A C |
 DTBL_SINGL.MK_FM_SP :          A0E C |  DTBL_SINGL.MK_LIST :           8C7 C |
 DTBL_SINGL.MK_PCM :            C18 C |  DTBL_SINGL.MK_PCO :            C38 C |
 DTBL_SINGL.MK_PSG :            8D7 C |  DTBL_SINGL.MK_PWM :            C19 C |
 DTBL_SINGL.NEW_ROMDAT :        DDA C |  DTBL_SINGL.NOTE :              ECE C |
 DTBL_SINGL.NOT_DAC :           9AF C |  DTBL_SINGL.NOT_NS :            913 C |
 DTBL_SINGL.NOT_PAL :           9E2 C |  DTBL_SINGL.NO_LFO :            B07 C |
 DTBL_SINGL.NO_REQ :            954 C |  DTBL_SINGL.N_FM :              EF5 C |
*DTBL_SINGL.N_INDX :            EEA C | *DTBL_SINGL.N_STFREQ :          EEB C |
 DTBL_SINGL.PAN_MCD :           CDA C |  DTBL_SINGL.PCM_PANLIST :       D05 C |
 DTBL_SINGL.PSGC_KEYON :        93E C |  DTBL_SINGL.PSGC_PROC :         937 C |
 DTBL_SINGL.PSG_GETFREQ :       975 C |  DTBL_SINGL.PSG_KEYON :         95A C |
 DTBL_SINGL.RCYL_COM :          86A C | *DTBL_SINGL.READFREQ_PCM :      C1A C |
*DTBL_SINGL.READFREQ_PWM :      C1F C |  DTBL_SINGL.RESET_EFFC :        8BA C |
 DTBL_SINGL.RES_PAN :           CD0 C |  DTBL_SINGL.SAME_PATCH :        DEC C |
 DTBL_SINGL.SETEFU_D :          C75 C |  DTBL_SINGL.SETEF_D :           C85 C |
 DTBL_SINGL.SETEF_MCD :         C8A C |  DTBL_SINGL.SET_WAVFREQ :       C22 C |
 DTBL_SINGL.SILN_DAC :          86F C |  DTBL_SINGL.SILN_FM :           872 C |
 DTBL_SINGL.SILN_PCM :          850 C |  DTBL_SINGL.SILN_PCO :          86E C |
 DTBL_SINGL.SILN_PSG :          84A C |  DTBL_SINGL.SILN_PSG_N :        846 C |
 DTBL_SINGL.SILN_PWM :          861 C |  DTBL_SINGL.THIS_REGS :         A56 C |
 DTBL_SINGL.TL_DOWN :           A87 C |  DTBL_SINGL.VMUCH :             96F C |
 DTBL_SINGL.VOLU :              D25 C |  DTBL_SINGL.WRITE_NTL :         B9F C |
 DTBL_SINGL.WRITE_TL :          B8D C |  DTBL_SINGL.WRT_EF :            CA8 C |
 DTBL_SINGL.WR_SPC :            A38 C |  DTH :                           20 - |
 DTL :                           1C - |  DWAVEBUFF :                   1D00 C |
*EFFV :                          34 - | *EMU :                            0 - |
 EXTINT_DEFAULT :              1928 C | *FALSE :                          0 - |
*FEN :                            2 - | *FILLDATA :                       8 - |
*FILLLENGTH :                     4 - | *FILLSTART :                      6 - |
 FLG :                           28 - | *FM :                            80 - |
 FMCACH_1 :                    1574 C |  FMCACH_2 :                    159C C |
 FMCACH_3 :                    15C4 C |  FMCACH_4 :                    15EC C |
 FMCACH_5 :                    1614 C |  FMCACH_6 :                    163C C |
 FMCACH_LIST :                 17B8 C |  FMFREQ_LIST :                 1326 C |
*FMINS_BASS_BIG_110 :          8F8E C | *FMINS_BASS_BIG_114 :          8FAE C |
*FMINS_BASS_BIG_122 :          8FCE C | *FMINS_BASS_BIG_81 :           8F6E C |
*FMINS_BASS_CAVE_47 :          8FEE C | *FMINS_BASS_CLUB :             98AE C |
*FMINS_BASS_CLUB_108 :         900E C | *FMINS_BASS_DUCK :             984E C |
*FMINS_BASS_FOOT_75 :          902E C | *FMINS_BASS_GEM_26 :           904E C |
 FMINS_BASS_GROOVE_1 :         910E C | *FMINS_BASS_GROOVE_119 :       906E C |
*FMINS_BASS_GROOVE_2 :         98CE C | *FMINS_BASS_HEAVY_107 :        908E C |
*FMINS_BASS_HEAVY_118 :        90AE C |  FMINS_BASS_ITALO :            996E C |
*FMINS_BASS_LOUD_117 :         90CE C | *FMINS_BASS_LOW81 :            93EE C |
*FMINS_BASS_LOW_103 :          914E C | *FMINS_BASS_LOW_106 :          916E C |
*FMINS_BASS_LOW_126 :          918E C | *FMINS_BASS_LOW_46 :           90EE C |
*FMINS_BASS_LOW_81 :           912E C | *FMINS_BASS_MID_111 :          91EE C |
*FMINS_BASS_MID_19 :           91AE C | *FMINS_BASS_MID_80 :           91CE C |
*FMINS_BASS_POWER_123 :        920E C | *FMINS_BASS_SILENT_53 :        922E C |
*FMINS_BASS_SLAP_10 :          924E C | *FMINS_BASS_SLAP_105 :         926E C |
*FMINS_BASS_SYNTH_60 :         928E C | *FMINS_BASS_SYNTH_61 :         92AE C |
*FMINS_BASS_SYNTH_72 :         92CE C | *FMINS_BASS_SYNTH_73 :         92EE C |
*FMINS_BASS_VLOW_74 :          930E C | *FMINS_BELL_62 :               94AE C |
*FMINS_BELL_93 :               94CE C | *FMINS_BELL_LOW13 :            94EE C |
*FMINS_BELL_MID36 :            948E C | *FMINS_BRASS_7 :               990E C |
*FMINS_CLOSEDHAT :             986E C | *FMINS_DRUMS_KICK1 :           97CE C |
*FMINS_DRUM_KICK :             950E C |  FMINS_FLAUTE_1 :              934E C |
*FMINS_FLAUTE_2 :              936E C | *FMINS_GUITAR_BBALL :          998E C |
 FMINS_HATS_1 :                946E C | *FMINS_HBEAT_TOM :             980E C |
 FMINS_ORGAN_DRAWBAR :         932E C | *FMINS_PIANO_AQUA :            97EE C |
*FMINS_PSYNTH_PLUS :           98EE C | *FMINS_SFX_ALIEN1 :            9716 C |
*FMINS_SFX_ALIEN2 :            9736 C | *FMINS_SFX_EXPLODE :           96D6 C |
*FMINS_SFX_PUNCH :             96B6 C | *FMINS_SFX_PUNCH_2 :           992E C |
*FMINS_SFX_SLASH :             96F6 C | *FMINS_SFX_SMASH :             994E C |
*FMINS_SP_CLOSEDHAT :          977E C | *FMINS_SP_COWBELL :            97A6 C |
*FMINS_SP_OPENHAT :            9756 C | *FMINS_TICK :                  952E C |
*FMINS_TRUMPET_1 :             982E C | *FMINS_TRUMPET_BUS :           944E C |
*FMINS_TRUMPET_CARNIVAL :      988E C | *FMINS_TRUMPET_GENIE :         942E C |
*FMINS_TRUMPET_LOW :           940E C |  FMINS_VIBRAPHONE_1 :          938E C |
*FMINS_VIBRAPHONE_2 :          93AE C | *FMINS_XYLOPHONE :             93CE C |
 FMLIST_RSAVE :                1664 C |  FMSPECIAL :                     30 C |
*FMSPINS_CLACK_1 :             954E C | *FMSPINS_COWBELL_H :           9576 C |
*FMSPINS_COWBELL_L :           959E C | *FMSPINS_HATS_HQ :             95C6 C |
*FMSPINS_SFX_ALIEN :           95EE C | *FMSPINS_SFX_KNCKBUZZ :        9616 C |
*FMSPINS_SFX_KNOCK_H :         963E C | *FMSPINS_SFX_KNOCK_L :         9666 C |
*FMSPINS_SFX_LASER :           968E C |  FM_AUTOREG :                  11DE C |
 FM_SEND_1 :                   11E2 C |  FM_SEND_2 :                   11ED C |
*FRAMECTL :                       B - | *FS :                             1 - |
*FULLPMMU :                       1 - |  GEMADMAPAUSE :                 346 C |
 GEMADMARESUME :                348 C | *GEMAFADESEQ :                  3C2 C |
 GEMAINIT :                     27A C |  GEMAMSTRLISTPOS :               1C C |
 GEMAPLAYSEQ :                  362 C | *GEMAPLAYSEQAUTO :              378 C |
 GEMARESET :                    27A C |  GEMASENDRAM :                  292 C |
 GEMASENDRAM.COPY_BYTES :       2D0 C |  GEMASENDRAM.NO_SIZE :          2DE C |
 GEMASENDRAM.NO_TASK :          2E4 C |  GEMASETBEATS :                 3FA C |
 GEMASETMASTERLIST :            354 C | *GEMASETSEQVOL :                3DE C |
 GEMASTOPALL :                  3A8 C |  GEMASTOPSEQ :                  392 C |
*GEMATEST :                     34A C |  GEMA_INIT :                    F31 C |
 GEMA_INIT.END_SETUP :          F72 C |  GEMA_INIT.SETUP_LIST :         F47 C |
 GEMA_INIT.ST_COPY :            F66 C |  GEMA_LASTBANK :               131C C |
 GEMA_LASTBANK.WRITE :         1321 C |  GET_TICK :                     FA3 C |
 GET_TICK.CTNOTICK :            FC0 C |  GLBL_LASTORG :    FFFFFFFFFFFFB000 - |
*GLBL_LASTORG.END :                                        FFFFFFFFFFFF0000 C |
 GLBL_LASTPC :                 408C - | *GLBL_MDATA_RP :              3E866 - |
 GLBL_MDATA_ST :               4D90 - |  GTRK_TEST0 :                  4D98 C |
 GTRK_TEST0.BLK :              4DA6 C |  GTRK_TEST0.INS :              4DB4 C |
 GTRK_TEST0.PAT :              4DA8 C |  GTRK_TEST1 :                  4DBC C |
 GTRK_TEST1.BLK :              4DCA C |  GTRK_TEST1.INS :              8ED6 C |
 GTRK_TEST1.PAT :              4DD8 C | *HAS64 :                          1 - |
*HASDSP :                         0 - | *HASFPU :                         0 - |
*HASPMMU :                        0 - | *HBLK :                          40 - |
 HEADEROUT :                   17CC C |  HEADEROUT_E :                 17DA C |
*HINTCLR :                       18 - | *HINTENBL :                      10 - |
 HINT_DEFAULT :                1928 C | *HIRQ_ON :                        4 - |
 HTAG_CDSAVE :        "NIKONACD___" - | *HTAG_CDVER :                   102 - |
 HTAG_DATEINFO : "(C)GF64 2025.???" - | *HTAG_DISCID :        "NIKONACD   " - |
*HTAG_DISCID_M :      "NIKONACD32X" - | *HTAG_MARSCDSAV :     "NIKONACD32X" - |
*HTAG_NDM_MARS :         "Nikona SUPER32X                                 " - |
*HTAG_NDM_MARSCD :       "Nikona CD32X                                    " - |
*HTAG_NDM_MCD :          "Nikona MCD                                      " - |
*HTAG_NDM_MD :           "Nikona MD                                       " - |
 HTAG_NDM_PICO :         "Nikona PICO                                     " - |
*HTAG_NOV_MARS :         "Nikona 32X                                      " - |
*HTAG_NOV_MARSCD :       "Nikona CD32X                                    " - |
*HTAG_NOV_MCD :          "Nikona SCD                                      " - |
*HTAG_NOV_MD :           "Nikona GENESIS                                  " - |
 HTAG_NOV_PICO :         "Nikona PICO                                     " - |
 HTAG_REGIONS :  "F               " - |  HTAG_SERIAL :     "GM HOMEBREW-02" - |
*HTAG_SYSNAME :       "NIKONA-SDK " - |
 HTAG_SYS_COPERA :                                       "SEGA COPERA     " - |
*HTAG_SYS_MARS : "SEGA 32X        " - |
*HTAG_SYS_MARSCD :                                       "SEGA GENESIS    " - |
*HTAG_SYS_MCD :  "SEGA GENESIS    " - | *HTAG_SYS_MD :   "SEGA GENESIS    " - |
*HTAG_SYS_MEGAPICO :                                     "SEGA PICO       " - |
*HTAG_SYS_PICO : "SEGA PICO       " - | *HVSTOP :                         2 - |
*INEXTMODE :                      0 - | *INLWORDMODE :                    0 - |
*INMAXMODE :                      0 - | *INSRCMODE :                      0 - |
 INSTLISTOUT :                 17E2 C | *INSUPMODE :                      1 - |
*INTMASK :                        1 - |  JOYA :                          40 - |
 JOYB :                          10 - |  JOYC :                          20 - |
 JOYCOUNT :                       5 - |  JOYDOWN :                        2 - |
*JOYID_MD :                       D - | *JOYID_MOUSE :                    3 - |
*JOYID_MS :                       F - |  JOYLEFT :                        4 - |
*JOYMODE :                      800 - | *JOYPEN :                        80 - |
*JOYRED :                        10 - |  JOYRIGHT :                       8 - |
 JOYSTART :                      80 - |  JOYUP :                          1 - |
 JOYX :                         400 - |  JOYY :                         200 - |
 JOYZ :                         100 - | *LCHWIDTH :                      34 - |
 LEV :                            4 - | *LISTON :                         3 - |
*MACEXP :                         7 - |  MAINGEMASEQLIST :             4D90 C |
 MARS :                           0 - | *MARSBLOCK :                   1F8A C |
 MARSCD :                         0 - |  MARSUPD :                     17BE C |
*MARS_RAMCODE :                3EE8 C | *MARS_RAMCODE_E :              3EE8 C |
 MAX_BUFFNTRY :                   8 - |  MAX_GLOBALS :                 1000 - |
*MAX_LIBCODE :                 3000 - |  MAX_MDDMATSK :                  18 - |
 MAX_MDMAPSPR :                  18 - |  MAX_PALFDREQ :                   8 - |
 MAX_RCACH :                     20 - | *MAX_SC0_OPTIONS :                4 - |
 MAX_SCRNBUFF :                2000 - |  MAX_SLOTS :                      3 - |
*MAX_SNDPICK :                    7 - |  MAX_TBLSIZE :                   12 - |
 MAX_TRFRPZ :                     9 - |  MAX_TRKCHN :                    20 - |
 MAX_TRKINDX :                   1B - | *MAX_USERCODE :                7800 - |
*MAX_WRAMBANK :               3F800 - |  MAX_ZCMND :                     20 - |
 MCD :                            0 - | *MCDBLOCK :                    1F89 C |
 MCDUPD :                      17BF C | *MCD_COMM_M :                     E - |
*MCD_COMM_S :                     F - | *MCD_DCOMM_M :                   10 - |
*MCD_DCOMM_S :                   20 - | *MCD_HINT :                       6 - |
*MCD_INTMASK :                   32 - |  MCD_MEMORY :                     3 - |
*MDSTMP_BUFFINCR :               1A - | *MDSTMP_CELLSTORAGE :            12 - |
*MDSTMP_CURROUTFLIP :             E - | *MDSTMP_DOTINCR :                16 - |
*MDSTMP_FDROP :                  10 - | *MDSTMP_FLAGS :                   0 - |
*MDSTMP_LEN :                    1E - | *MDSTMP_STMPOUTB :                C - |
*MDSTMP_VRAMINCR :                A - | *MDSTMP_VRAMLEN :                 8 - |
*MDSTMP_VRAMMAIN :                2 - | *MDSTMP_VRAMSEC :                 4 - |
*MDSTMP_VRAMSIZE :                6 - | *MD_BANK_SRAM :              A130F1 - |
 MD_READMODES :                1EAC C |  MD_READMODES.SCREEN_LIST :    1EC8 C |
 MD_SCREEN00 :                 3EE8 C | *MD_SCREEN00_E :               408C C |
 MD_SCREEN07 :                 408C C | *MD_SCREEN07_E :               4D90 C |
*MD_SYSCODE_E :                1F5C C |  MODE :                          18 - |
*MOMCPU :                     68000 - | *MOMCPUNAME :               "68000" - |
*MONOWIDTH :                     38 - | *MPAL_TEST :                  3A62E C |
 MVOL :                          30 - | *MVRAM_TEST :                 3A82E C |
*MVRAM_TEST_E :               435F6 C | *NESTMAX :                      100 - |
 NIKONA_BUFFLIST :             17EA C | *NIKONA_BUFFLIST_E :           1802 C |
 OBJECTS_ENABLE :              1C14 C |  OBJECTS_ENABLE.CLR_FIRST :    1C22 C |
 OBJECTS_INIT :                1C04 C |  OBJECTS_MAKE :                1C70 C |
 OBJECTS_MAKE.SEARCH :         1C80 C |  OBJECTS_RUN :                 1C36 C |
 OBJECTS_RUN.INVLD_NUM :       1C5A C |  OBJECTS_RUN.NEXT_ONE :        1C46 C |
 OBJECTS_RUN.NO_CODE :         1C52 C | *OBJECTS_SET :                 1C5C C |
 OBJECT_ANIMATE :              1D14 C |  OBJECT_ANIMATE.EXIT_ANIM :    1DA2 C |
 OBJECT_ANIMATE.GOTOFRAME :    1D94 C |  OBJECT_ANIMATE.KEEPSPD :      1D5A C |
 OBJECT_ANIMATE.LASTFRAME :    1D9E C |  OBJECT_ANIMATE.NOANIM :       1D86 C |
 OBJECT_ANIMATE.RETURN :       1D84 C |  OBJECT_ANIMATE.SAMETHING :    1D32 C |
*OBJECT_MDMARS_GETSPRINFO :    1EAA C | *OBJECT_RESET :                1CC2 C |
 OBJECT_RESET.CLR_RAM :        1CD0 C |  OBJECT_RESETANIM :            1CDC C |
*OBJECT_SPEED :                1CE4 C | *OBJECT_TOUCH :                1DA8 C |
 OBJECT_TOUCH.CHECK_THIS :     1DEC C |  OBJECT_TOUCH.EXIT_THIS :      1DE6 C |
 OBJECT_TOUCH.NEXT :           1DC8 C |  OBJECT_TOUCH.NOT_YTOP :       1EA8 C |
 OBJECT_TOUCH.RAN_OUT :        1DE4 C |  OBJECT_TOUCH.SET_OK :         1EA6 C |
 OBJECT_TOUCH.SKIP :           1DDC C |  OBJMAP_DODO :                3A5AA C |
 OBJMAP_FIFI :                3A5F2 C |  OBJMAP_MIMI :                3A5CE C |
 OBJPAL_DODO :                3A58A C |  OBJSET_ERROR :                1C94 C |
 OBJSET_GO :                   1C9E C |  OBJSET_GO.CLR :               1CB2 C |
 OBJSET_GO.EXIT_THIS :         1CB8 C |  OBJSET_GO.FROM_DEL :          1CAC C |
 OBJ_ANIM_ICUR :                 26 - |  OBJ_ANIM_INDX :                 24 - |
 OBJ_ANIM_NUM :                  22 - |  OBJ_ANIM_SPD :                  27 - |
*OBJ_ATTR :                      1F - |  OBJ_CODE :                       0 - |
 OBJ_FRAME :                     20 - |  OBJ_INDEX :                     1C - |
 OBJ_LEN :                       68 - |  OBJ_RAM :                       28 - |
 OBJ_SIZE_X :                    10 - |  OBJ_SIZE_Y :                    12 - |
 OBJ_SIZE_Z :                    14 - | *OBJ_STATUS :                    1E - |
 OBJ_SUBID :                     1D - |  OBJ_X :                          4 - |
 OBJ_X_SPD :                     16 - |  OBJ_Y :                          8 - |
 OBJ_Y_SPD :                     18 - |  OBJ_Z :                          C - |
 OBJ_Z_SPD :                     1A - | *PACKING :                        0 - |
*PADDING :                        0 - | *PAD_EXT :                       10 - |
 PAD_HOLD :                       2 - |  PAD_ID :                         0 - |
 PAD_LEN :                       16 - |  PAD_PAGE :                       C - |
 PAD_PAGERAW :                    E - |  PAD_PORT :                      12 - |
 PAD_PRESS :                      4 - |  PAD_RELEASE :                    6 - |
 PAD_VER :                        1 - |  PAD_X :                          8 - |
 PAD_Y :                          A - |  PALFD_DELAY :                    1 - |
 PALFD_INCR :                     3 - |  PALFD_LEN :                      8 - |
 PALFD_NUM :                      6 - |  PALFD_REQ :                      0 - |
 PALFD_START :                    2 - | *PALFD_TARGET :                   4 - |
 PALFD_TIMER :                    5 - |  PALMODE :                     1F88 C |
 PCMCOM :                      14C0 C | *PCOCOM :                      1574 C |
*PEN :                           20 - |  PICO :                           1 - |
*PICO_BOOKPAGE :             80000D - |  PICO_BTN :                  800003 - |
 PICO_COPTYPE :              80000F - |  PICO_ENTRY :                   208 C |
 PICO_ENTRY.LOOP_RAM :          234 C |  PICO_ENTRY.PALCLEAR :          256 C |
*PICO_ENTRY.WAIT :              264 C |  PICO_ENTRY.WAIT_DMA :          240 C |
 PICO_ERRADDR :                 200 C |  PICO_ERRBUS :                  200 C |
 PICO_ERRCHK :                  200 C |  PICO_ERRILL :                  200 C |
 PICO_ERROR :                   200 C |  PICO_ERROREX :                 200 C |
 PICO_ERRPRIVL :                200 C |  PICO_ERRTRAPV :                200 C |
 PICO_ERRZDIV :                 200 C |  PICO_LINE1010 :                200 C |
 PICO_LINE1111 :                200 C |  PICO_MODS :                      1 - |
 PICO_PCMINT :                  206 C | *PICO_PCM_CTRL :             800012 - |
*PICO_PCM_DATA :             800010 - | *PICO_PENX_HI :              800005 - |
*PICO_PENX_LO :              800007 - | *PICO_PENY_HI :              800009 - |
*PICO_PENY_LO :              80000B - |  PICO_PORT_1_CTRL :          800017 - |
 PICO_PORT_1_DATA :          800015 - |  PICO_REV :                       0 - |
 PICO_SECURITY_ADDR :        800019 - | *PICO_START :                800000 - |
 PICO_TRACE :                   200 C |  PICO_UNKINT :                  206 C |
*PICO_USERINT :                 206 C |  PICO_VER :                  800001 - |
 PSGCOM :                      1538 C |  PSGFREQ_LIST :                133E C |
 PSGHATMODE :                    2F C | *PSG_CTRL :                  C00011 - |
 PTMR :                          38 - |  PWMCOM :                      1500 C |
*PWMCTL :                        31 - | *PWMINTCLR :                     1C - |
*PWMIRQ_ON :                      1 - |  RAM_CURROBJLIST : FFFFFFFFFFFFF172 C |
 RAM_CURROBJNUM :  FFFFFFFFFFFFF18E C |  RAM_EXRESERVED :          FFFFFD00 - |
 RAM_EXTERNALJUMP :                                        FFFFFFFFFFFFF182 C |
 RAM_FRAMECOUNT :  FFFFFFFFFFFFF0DC C |
*RAM_GLBL_EXAMPLE_B :                                      FFFFFFFFFFFFD006 C |
*RAM_GLBL_EXAMPLE_L :                                      FFFFFFFFFFFFD000 C |
*RAM_GLBL_EXAMPLE_W :                                      FFFFFFFFFFFFD004 C |
 RAM_GLBL_JOY2_HOLD :                                      FFFFFFFFFFFFD00E C |
 RAM_GLBL_JOY2_PRESS :                                     FFFFFFFFFFFFD010 C |
 RAM_GLBL_JOY2_RELEASE :                                   FFFFFFFFFFFFD012 C |
 RAM_GLBL_JOY_HOLD :                                       FFFFFFFFFFFFD008 C |
 RAM_GLBL_JOY_PRESS :                                      FFFFFFFFFFFFD00A C |
 RAM_GLBL_JOY_RELEASE :                                    FFFFFFFFFFFFD00C C |
 RAM_GLOBALS :     FFFFFFFFFFFFD000 C |  RAM_HBLANKJUMP :  FFFFFFFFFFFFF17C C |
 RAM_HORSCROLL :   FFFFFFFFFFFFE100 C |  RAM_INDXPALFADE : FFFFFFFFFFFFF0E0 C |
 RAM_INPUTDATA :   FFFFFFFFFFFFF0F8 C |  RAM_MDSYSTEM :    FFFFFFFFFFFFF0F8 C |
 RAM_MDVIDCLR_E :  FFFFFFFFFFFFEF58 C |  RAM_MDVIDEO :     FFFFFFFFFFFFEA90 C |
 RAM_PALETTE :     FFFFFFFFFFFFEA10 C |  RAM_PALETTEFADE : FFFFFFFFFFFFEED0 C |
 RAM_PALFADELIST : FFFFFFFFFFFFEA90 C |  RAM_SAVEDATA :    FFFFFFFFFFFFE000 C |
*RAM_SAVEENABLE :  FFFFFFFFFFFFF188 C |
*RAM_SAVE_COUNTER :                                        FFFFFFFFFFFFE004 C |
*RAM_SAVE_TAG :    FFFFFFFFFFFFE000 C |  RAM_SCREENMODE :  FFFFFFFFFFFFF18A C |
*RAM_SCREENOPTION :                                        FFFFFFFFFFFFF18C C |
 RAM_SCRNBUFF :    FFFFFFFFFFFFB000 C |  RAM_SPRITES :     FFFFFFFFFFFFE510 C |
 RAM_SPRLINKNUM :  FFFFFFFFFFFFF0E2 C |  RAM_SPRMAPLIST :  FFFFFFFFFFFFEAD0 C |
 RAM_SPROFFSETX :  FFFFFFFFFFFFEF54 C |  RAM_SPROFFSETY :  FFFFFFFFFFFFEF56 C |
 RAM_SPRPZLIST :   FFFFFFFFFFFFEC50 C |  RAM_STACK :                      0 - |
 RAM_SYSLASTBANK : FFFFFFFFFFFFF16E C |  RAM_SYSRANDOM :   FFFFFFFFFFFFF16A C |
*RAM_SYSRANDVAL :  FFFFFFFFFFFFF166 C |  RAM_VBLANKJUMP :  FFFFFFFFFFFFF176 C |
 RAM_VDPDMAINDX :  FFFFFFFFFFFFEF50 C |  RAM_VDPDMALIST :  FFFFFFFFFFFFEF5C C |
 RAM_VDPDMAMOD :   FFFFFFFFFFFFEF52 C |  RAM_VDPMAPSIZE :  FFFFFFFFFFFFF0EE C |
 RAM_VDPREGSET0 :  FFFFFFFFFFFFF0F0 C |  RAM_VDPREGSET1 :  FFFFFFFFFFFFF0F2 C |
 RAM_VDPREGSETB :  FFFFFFFFFFFFF0F4 C |  RAM_VDPREGSETC :  FFFFFFFFFFFFF0F6 C |
 RAM_VDPVRAMBG :   FFFFFFFFFFFFF0E6 C |  RAM_VDPVRAMFG :   FFFFFFFFFFFFF0E4 C |
 RAM_VDPVRAMHSCRL :                                        FFFFFFFFFFFFF0EC C |
 RAM_VDPVRAMSPR :  FFFFFFFFFFFFF0EA C |  RAM_VDPVRAMWD :   FFFFFFFFFFFFF0E8 C |
 RAM_VERSCROLL :   FFFFFFFFFFFFE4C0 C |  RAM_ZCDFLAGD :            FFFFFDFF - |
*RCHWIDTH :                      36 - |  READROM :                      FC4 C |
 READROM.DOUBLE :               FE7 C |  READROM.FROM_RAM :            100B C |
 READROM.TRANSFER :            102B C |  READROM.WAIT :                1022 C |
 READROM.X68KLAST :            1064 C |  READROM.X68KLOOP :            1050 C |
 READROM.X68KLPWT :            1072 C |  READROM.X68KNOCARRY :         1005 C |
*RELAXED :                        0 - | *RES :                            2 - |
 ROM_END :                    435F8 C |  RRT :                           14 - |
 SAMPLEHEAD :                  17DC C |  SBEATACC :                      31 C |
 SBEATPTCK :                     33 C |  SEQ_BANKBLK :                   16 - |
 SEQ_BANKHEADS :                 15 - |  SEQ_BLOCKS :                     4 - |
 SEQ_CACH :                       8 - |  SEQ_CACHHALF :                  10 - |
 SEQ_CHNINDX :                   25 - |  SEQ_CURRBLK :                   13 - |
 SEQ_MAXCHNL :                   17 - |  SEQ_NUM :                        1 - |
 SEQ_PATT :                       6 - |  SEQ_PRIORITY :                  14 - |
 SEQ_READ :                       A - |  SEQ_ROMBLKS :                   22 - |
 SEQ_ROMINST :                   1F - |  SEQ_ROMPATT :                   1C - |
 SEQ_ROMPATTREAD :               19 - |  SEQ_ROWPAUSE :                  11 - |
 SEQ_ROWS :                       C - |  SEQ_SETBLK :                     2 - |
 SEQ_STATUS :                     0 - |  SEQ_TICKSET :                    3 - |
 SEQ_TICKTMR :                   12 - |  SEQ_VOLFDTARGET :               18 - |
 SEQ_VOLMASTER :                  E - |  SET_CHIPS :                    5FE C |
*SET_DEFAUTODMA :               480 - |  SET_ENBLSAVE :                   1 - |
 SET_FIRSTSCRN :                  0 - |  SET_NULLVRAM :                 7FE - |
 SET_RAMLIMIT :              FFFD00 - |  SET_SNDVIEWY :                  10 - |
 SET_SRAMSIZE :                 100 - | *SHIFT :                          2 - |
 SIZEOF_MDGLBL :   FFFFFFFFFFFFD016 C |  SIZEOF_MDRAM :    FFFFFFFFFFFFF190 C |
 SIZEOF_MDSYS :    FFFFFFFFFFFFF190 C |  SIZEOF_MDVID :    FFFFFFFFFFFFF0F8 C |
 SIZEOF_SAVEINFO : FFFFFFFFFFFFE00A C |  SLV :                           10 - |
 SNDLOCKZ80 :                   28E C |  SNDREQ_ENTER :                 2E6 C |
*SNDREQ_ENTER.WAIT :            304 C |  SNDREQ_EXIT :                  30A C |
*SNDREQ_SADDR :                 330 C |  SNDREQ_SBYTE :                 338 C |
 SNDREQ_SCMD :                  31E C |  SNDREQ_SLONG :                 32C C |
 SNDREQ_SWORD :                 334 C |  SNDUNLOCKZ80 :                 290 C |
 SOUND_INIT :                  165A C |  SOUND_UPDATE :                165E C |
*STANDBY :                        3 - |  SYSBCD_SPOUT :                1B2C C |
*SYSMARS_FRAMEBUFFER :       840000 - | *SYSMARS_ID :                A130EC - |
*SYSMARS_OVERWRITE :         860000 - | *SYSMARS_REG :               A15100 - |
*SYSMARS_SVDP :              A15180 - |  SYSMCD_REG :                A12000 - |
*SYSMCD_WRAM :               200000 - |  SYSMDMCD_SETCDDA :            1BE8 C |
 SYSRND_MKVALUE :              1944 C |  SYSRND_MKVALUE.HAS_SEED :     1956 C |
*SYSTEM_BCD_ADDB :             1B04 C |  SYSTEM_BCD_ADDL :             1B12 C |
*SYSTEM_BCD_ADDW :             1B0C C | *SYSTEM_BCD_SUBB :             1ADC C |
 SYSTEM_BCD_SUBL :             1AEA C | *SYSTEM_BCD_SUBW :             1AE4 C |
 SYSTEM_DEFAULT :              1908 C |  SYSTEM_DEFAULT.CLR_LOOP :     1916 C |
 SYSTEM_DICEROLL :             198E C | *SYSTEM_DICEROLL_SEED :        196E C |
 SYSTEM_DMAENTER_RAM :         1652 C |  SYSTEM_DMAENTER_ROM :         164C C |
 SYSTEM_DMAEXIT_RAM :          1656 C |  SYSTEM_DMAEXIT_ROM :          1650 C |
 SYSTEM_INIT :                 15A6 C |  SYSTEM_INIT.CLRINPUT :        15FA C |
 SYSTEM_INPUT :                16B4 C |  SYSTEM_INPUT.BAD_Y :          170E C |
 SYSTEM_INPUT.EXIT :           176E C |  SYSTEM_INPUT.ID_03 :          17C4 C |
 SYSTEM_INPUT.ID_0D :          186E C |  SYSTEM_INPUT.INVALID :        1868 C |
 SYSTEM_INPUT.LIST :           17A4 C |  SYSTEM_INPUT.NO_BIT :         1724 C |
 SYSTEM_INPUT.OLDPAD :         18F4 C |  SYSTEM_INPUT.PAGE_IT :        171E C |
 SYSTEM_INPUT.PICK_ID :        1774 C |  SYSTEM_INPUT.READ :           178A C |
 SYSTEM_INPUT.STEP_1 :         1796 C |  SYSTEM_INPUT.STEP_2 :         17A2 C |
 SYSTEM_INPUT.THIS_ONE :       1756 C |  SYSTEM_INPUT.X_NEG :          1836 C |
 SYSTEM_INPUT.X_VALID :        16F6 C |  SYSTEM_INPUT.Y_NEG :          1862 C |
 SYSTEM_INPUT_INIT :           1662 C | *SYSTEM_MDMARS_SENDDATA :      1C02 C |
*SYSTEM_MDMARS_UPDATE :        1C02 C | *SYSTEM_MDMCD_CDDAFADE :       1BF0 C |
*SYSTEM_MDMCD_CDDAPLAY :       1BD6 C | *SYSTEM_MDMCD_CDDAPLAYL :      1BE0 C |
*SYSTEM_MDMCD_CDDASTOP :       1BEE C | *SYSTEM_MDMCD_CHECKHOME :      1BA4 C |
 SYSTEM_MDMCD_CHECKHOME.NOT_PRESS :                                    1BCA C |
*SYSTEM_MDMCD_CHECKWRAM :      1B7E C |
 SYSTEM_MDMCD_CHECKWRAM.NO_RET :                                       1B8E C |
 SYSTEM_MDMCD_EXITSHELL :      1BD4 C |  SYSTEM_MDMCD_GIVEWRAM :       1B94 C |
*SYSTEM_MDMCD_INTERRUPT :      1B5E C | *SYSTEM_MDMCD_RDFILE_RAM :     1BA0 C |
*SYSTEM_MDMCD_RDFILE_WRAM :    1BA2 C | *SYSTEM_MDMCD_SUBENTER :       1B6E C |
*SYSTEM_MDMCD_SUBTASK :        1B70 C | *SYSTEM_MDMCD_SUBWAIT :        1B6C C |
 SYSTEM_MDMCD_WAITWRAM :       1B72 C |  SYSTEM_RANDOM :               1934 C |
 SYSTEM_RANDOM_SEED :          192A C |  SYSTEM_RENDER :               1610 C |
 SYSTEM_RENDER.FORGOT_DISP :   1636 C | *SYSTEM_RENDER.FROM_LATE :     162E C |
 SYSTEM_RENDER.WAIT_EARLY :    161E C |  SYSTEM_RENDER.WAIT_VBLANK :   1638 C |
 SYSTEM_SETDATABANK :          1C02 C |  SYSTEM_SETINTJUMPS :          1B44 C |
 SYSTEM_SETINTJUMPS.NO_EXINT : 1B5C C |  SYSTEM_SETINTJUMPS.NO_HINT :  1B54 C |
 SYSTEM_SETINTJUMPS.NO_VINT :  1B4C C |  SYSTEM_SINEWAVE :             19B2 C |
 SYSTEM_SINEWAVE_COS :         19A8 C |  SYSTEM_SRAMINIT :             18FA C |
*SYSTEM_SRAMINIT.ALREADY_SET : 18FE C | *SYSTEM_SRAMINIT.CANT_USE :    18FC C |
 SYSTEM_SRAMLOAD :             1900 C | *SYSTEM_SRAMSAVE :             1904 C |
 SYS_CTRL_1 :                A10009 - |  SYS_CTRL_2 :                A1000B - |
 SYS_CTRL_3 :                A1000D - |  SYS_DATA_1 :                A10003 - |
 SYS_DATA_2 :                A10005 - |  SYS_DATA_3 :                A10007 - |
*SYS_IO :                    A10001 - |  SYS_SINEWAVE :                19B6 C |
 SYS_SINEWAVE.LOC_7EFA :       19C4 C |  SYS_SINEWAVE.LOC_7F0C :       19D6 C |
 SYS_SINEWAVE.SINE_DATA :      19DC C | *SYS_SRAM :                  200000 - |
*SYS_TMSS :                  A14000 - | *TAG_SRAMDATA :              "SAVE" - |
 TBLBUFF_READ :                 645 C |  TBLBUFF_READ.DONT_RES :        703 C |
 TBLBUFF_READ.DO_CHIP :         69D C |  TBLBUFF_READ.FOUND_TNEW :      785 C |
 TBLBUFF_READ.GOT_LINK :        73E C |  TBLBUFF_READ.GRAB_LINK :       6E7 C |
 TBLBUFF_READ.HAS_INDX :        679 C |  TBLBUFF_READ.INVLDL :          72B C |
*TBLBUFF_READ.L_HIPRIO :        7C2 C |  TBLBUFF_READ.NEW_CHIP :        764 C |
 TBLBUFF_READ.NEW_LINK :        7BF C |  TBLBUFF_READ.NEXTSRCH_TBL :    7D0 C |
 TBLBUFF_READ.NEXT_INDX :       673 C |  TBLBUFF_READ.NEXT_PRIO :       78A C |
 TBLBUFF_READ.NOT_SAMEL :       760 C |  TBLBUFF_READ.NO_INDX :         695 C |
 TBLBUFF_READ.OVRW_LINK :       7B7 C |  TBLBUFF_READ.PASS_2 :          789 C |
 TBLBUFF_READ.PICK_TBL :        7D9 C |  TBLBUFF_READ.RNOT_PSG :        762 C |
 TBLBUFF_READ.SAME_LINK :       706 C |  TBLBUFF_READ.SET_ASFULL :      7B4 C |
 TBLBUFF_READ.SINGL_FREE :      79F C |  TBLBUFF_READ.SINGL_LINK :      730 C |
 TBLBUFF_READ.SRCH_FREE :       775 C |  TBLBUFF_READ.SRCH_LINK :       712 C |
 TBLBUFF_READ.SRCH_LLOOP :      71C C |  TBLBUFF_READ.TRACK_CONT :      65D C |
 TBLBUFF_READ.VALID :           671 C |  TBLFM :                       1A10 C |
 TBLFM3 :                      1A58 C |  TBLFM6 :                      1A6A C |
 TBLLIST :                     1A00 C |  TBLPCM :                      1AC8 C |
 TBLPCO :                      1BEC C |  TBLPSG :                      1A7E C |
 TBLPSGN :                     1AB4 C |  TBLPWM :                      1B5A C |
 TBLZ_CLEAR :                   F21 C |  TBLZ_CLEAR.CLR_ALL :           F2B C |
*TEXTR_TEST :                     0 C |  TH :                      20000000 - |
 TICKCNT :                     1C0E C |  TICKFLAG :                    1C0D C |
 TICKSPSET :                   1C0C C | *TIME :                   "23:7:31" - |
*TIMERCTL :                      30 - |  TRACK_OUT :                    5B0 C |
 TRACK_OUT.INDX_DEL :           5C5 C |  TRACK_OUT.NOTHIN :             5F2 C |
 TRACK_OUT.VALID :              5C4 C |  TRKBLKS_0 :                   16E0 C |
 TRKBLKS_1 :                   16E8 C |  TRKBLKS_2 :                   16F0 C |
 TRKBUFF_0 :                   16F8 C |  TRKBUFF_1 :                   1738 C |
 TRKBUFF_2 :                   1778 C |  TRKCACH_0 :                   1F00 C |
 TRKCACH_1 :                   1F20 C |  TRKCACH_2 :                   1F40 C |
 TRKCHNLS :                    1E00 C |  TRKHDRS_0 :                   1680 C |
 TRKHDRS_1 :                   16A0 C |  TRKHDRS_2 :                   16C0 C |
 TRKINFOCACH :                 1670 C |  TRUE :                           1 - |
*TVMODE :                         0 - |  UPD_SEQ :                      226 C |
 UPD_SEQ.CHNL_FREE :            33C C |  UPD_SEQ.CONT_CHNL :            346 C |
 UPD_SEQ.DEC_ROW :              2DD C |  UPD_SEQ.DEC_ROW_E :            2E0 C |
 UPD_SEQ.EFFECT_FILL :          508 C |  UPD_SEQ.EFF_A :                3C1 C |
 UPD_SEQ.EFF_B :                3D2 C |  UPD_SEQ.EFF_C :                3F0 C |
 UPD_SEQ.EXIT :                 2D1 C |  UPD_SEQ.FADE_OUT :             25E C |
 UPD_SEQ.FIRST_BLK :            447 C |  UPD_SEQ.FIRST_FILL :           50F C |
 UPD_SEQ.FIRST_HEAD :           48D C |  UPD_SEQ.GRAB_RHEAD :           59D C |
 UPD_SEQ.HAS_NOTE :             2E8 C |  UPD_SEQ.INC_CPATT :            3F3 C |
 UPD_SEQ.KEEP_BLK :             463 C |  UPD_SEQ.KEEP_IT :              4B3 C |
 UPD_SEQ.KEEP_VOL :             274 C |  UPD_SEQ.NEXT_CHNL :            31E C |
 UPD_SEQ.NEXT_NOTE :            2C1 C |  UPD_SEQ.NO_EFF :               38D C |
 UPD_SEQ.NO_GLBL :              54F C |  UPD_SEQ.NO_INS :               36E C |
 UPD_SEQ.NO_NOTE :              363 C |  UPD_SEQ.NO_VOL :               37A C |
 UPD_SEQ.OLD_TYPE :             357 C |  UPD_SEQ.RAN_OUT :              401 C |
 UPD_SEQ.READ_SEQ :             23B C |  UPD_SEQ.ROW_ACTIVE :           2BA C |
 UPD_SEQ.SET_TRACK :            42B C |  UPD_SEQ.SFXMD :                27E C |
 UPD_SEQ.SRCH_NEW :             319 C |  UPD_SEQ.SRCH_REROLL :          315 C |
 UPD_SEQ.TOO_MUCH :             26A C |  UPD_SEQ.TRACK_END :            502 C |
*VATTR_FLIPH :                  800 - | *VATTR_FLIPV :                 1000 - |
*VATTR_HI :                    8000 - | *VATTR_PAL1 :                  2000 - |
*VATTR_PAL2 :                  4000 - | *VATTR_PAL3 :                  6000 - |
*VBLK :                          80 - | *VDPSTS :                         A - |
 VDP_CTRL :                  C00004 - |  VDP_DATA :                  C00000 - |
*VERSION :                     142F - |  VIDEO_BUILDSPRITES :           5DA C |
 VIDEO_BUILDSPRITES.CHK_SPR_MR :                                        79A C |
 VIDEO_BUILDSPRITES.CHK_SPR_R : 778 C |  VIDEO_BUILDSPRITES.DONT_ADD :  74C C |
 VIDEO_BUILDSPRITES.EX_VRAM :   690 C |  VIDEO_BUILDSPRITES.EX_VRAMS :  6B4 C |
 VIDEO_BUILDSPRITES.EX_YEXT :   720 C |  VIDEO_BUILDSPRITES.FIRST_SPR : 5FA C |
 VIDEO_BUILDSPRITES.MK_PZ :     666 C |  VIDEO_BUILDSPRITES.NEXT :      642 C |
 VIDEO_BUILDSPRITES.NEXT_PZ :   602 C |  VIDEO_BUILDSPRITES.NO_MAP :    760 C |
 VIDEO_BUILDSPRITES.NO_PZ :     75C C | *VIDEO_BUILDSPRITES.NO_SLOT :   766 C |
 VIDEO_BUILDSPRITES.NO_SLOT_MR :                                        7AE C |
 VIDEO_BUILDSPRITES.NO_SLOT_R : 78C C |  VIDEO_BUILDSPRITES.NO_SLOT_S : 632 C |
 VIDEO_BUILDSPRITES.STOP_ALL :  76A C |  VIDEO_BUILDSPRITES.VRAM_H :    6E4 C |
 VIDEO_BUILDSPRITES.VRAM_V :    6CC C |  VIDEO_CLEAR :                  7E8 C |
 VIDEO_CLEAR.CLR_ME :           7F2 C | *VIDEO_CLEARSCREEN :            808 C |
 VIDEO_CLEARSCREEN.NOT_SMALL :  82E C | *VIDEO_COPY :                   B7E C |
 VIDEO_COPY.DMAW :              B88 C |  VIDEO_COPY.DMA_W :             BE4 C |
 VIDEO_DEFAULT :                49C C |  VIDEO_DISPLAYOFF :             842 C |
 VIDEO_DISPLAYON :              836 C |  VIDEO_DMAOFF :                 85A C |
 VIDEO_DMAON :                  84E C |  VIDEO_FADEIN_FULL :            FB4 C |
 VIDEO_FADEOUT_FULL :           FC6 C |  VIDEO_FADEPAL :               1018 C |
*VIDEO_FADEPAL_LIST :          106E C |  VIDEO_FADEPAL_LIST.INVALID :  1088 C |
 VIDEO_FADEPAL_LIST.NEXT_ONE : 107C C |  VIDEO_FILL :                   B06 C |
 VIDEO_INIT :                   410 C |  VIDEO_INIT.CLR_D :             446 C |
 VIDEO_INIT.CLR_PREQ :          45E C |  VIDEO_INIT.CLR_RAM :           41A C |
 VIDEO_INIT.COPY_DMA :          42C C |  VIDEO_INIT.DEF_REGSET :        494 C |
 VIDEO_INIT.DMA_ENTRY :         484 C | *VIDEO_INTENABLE :              872 C |
 VIDEO_LOADART :                9F4 C |  VIDEO_LOADART.BAD_SIZE :       A8E C |
 VIDEO_LOADART.LAST_SET :       A44 C |  VIDEO_LOADART.MK_SET :         A4C C |
 VIDEO_LOADART.NORMAL :         A3E C |  VIDEO_LOADART.RAM_WRITE :      A90 C |
 VIDEO_LOADART.SHARED_SETUP :   AA4 C |  VIDEO_LOADART_LIST :           AE6 C |
 VIDEO_LOADART_LIST.INVALID :   B00 C |  VIDEO_LOADART_LIST.NEXT_ONE :  AF2 C |
*VIDEO_LOADMAP :                CC0 C |  VIDEO_LOADMAP.BAD_SIZE :       D30 C |
 VIDEO_LOADMAP.MK_CELL :        D20 C |  VIDEO_LOADMAP.NON_BLANK :      D1E C |
 VIDEO_LOADMAP.X_LOOP :         D0E C |  VIDEO_LOADMAP.Y_LOOP :         CFA C |
*VIDEO_LOADMAPV :               D36 C |  VIDEO_LOADMAPV.BAD_SIZE :      DB8 C |
 VIDEO_LOADMAPV.BAD_SIZE_D :    E20 C |  VIDEO_LOADMAPV.DBLE_MODE :     DBE C |
 VIDEO_LOADMAPV.MK_CELL :       DA2 C |  VIDEO_LOADMAPV.MK_CELL_D :     E0A C |
 VIDEO_LOADMAPV.NON_BLANK :     DA0 C |  VIDEO_LOADMAPV.NON_BLANK_D :   E02 C |
 VIDEO_LOADMAPV.X_LOOP :        D7A C |  VIDEO_LOADMAPV.X_LOOP_D :      DD8 C |
 VIDEO_LOADMAPV.Y_LOOP :        D80 C |  VIDEO_LOADMAPV.Y_LOOP_D :      DDE C |
 VIDEO_LOADPAL :               1022 C | *VIDEO_LOADPAL_LIST :          104E C |
 VIDEO_LOADPAL_LIST.INVALID :  1068 C |  VIDEO_LOADPAL_LIST.NEXT_ONE : 105C C |
 VIDEO_MAKEDMAENTRY :           BFA C |  VIDEO_MAKEDMAENTRY.LAST_SET :  C4A C |
 VIDEO_MAKEDMAENTRY.MK_SET :    C52 C |  VIDEO_MAKEDMAENTRY.NORMAL :    C44 C |
 VIDEO_MAKEDMAENTRY.RAN_OUT :   CBE C |  VIDEO_MAKEFADE :               FDA C |
*VIDEO_MAKESPR :               144C C |  VIDEO_MAKESPR.CHK_FREE :      1458 C |
 VIDEO_MAKESPR.MK_SPR :        146A C |  VIDEO_MAKESPRMAP :            14FC C |
 VIDEO_MAKESPRMAP.CHK_FREE :   1508 C |  VIDEO_MAKESPRMAP.MK_SPR :     1518 C |
*VIDEO_MAKESPRMAP_DMA :        14E4 C | *VIDEO_MDMARS_MAKEFADE :        FD8 C |
 VIDEO_PRINT :                 10BC C |  VIDEO_PRINT.EXIT :            1128 C |
 VIDEO_PRINT.LOOP :            10F0 C |  VIDEO_PRINT.NEXT :            1122 C |
 VIDEO_PRINT.Q_LOOP :          1106 C |  VIDEO_PRINT.SPECIAL :         112E C |
*VIDEO_PRINTDEFPAL :           10A6 C |  VIDEO_PRINTDEFPAL_FADE :      109E C |
 VIDEO_PRINTINIT :             1094 C |  VIDEO_PRINTINITW :            108E C |
 VIDEO_PRINTVAL :              123A C | *VIDEO_PRINTVAL.LOOP :         126E C |
*VIDEO_PRINTVAL.Q_LOOP :       1284 C |  VIDEO_PRINTVALW :             1290 C |
*VIDEO_PRINTVALW.LOOP :        12E4 C |  VIDEO_PRINTVALW.NO_DBLE_Y :   12B8 C |
 VIDEO_PRINTW :                1146 C |  VIDEO_PRINTW.EXIT :           121A C |
 VIDEO_PRINTW.LOOP :           119A C |  VIDEO_PRINTW.NEXT :           1212 C |
 VIDEO_PRINTW.NO_DBLE_Y :      116E C |  VIDEO_PRINTW.SPECIAL :        1220 C |
 VIDEO_PRINTW.VER_CONT :       120C C |  VIDEO_PRINTW.VER_NORMAL :     11DA C |
 VIDEO_RENDER :                 4EA C |  VIDEO_RENDER.END :             5CE C |
 VIDEO_RENDER.EXIT :            5D8 C |  VIDEO_RENDER.NEXT :            5B4 C |
 VIDEO_RESOLUTION :             8C4 C |  VIDEO_RESOLUTION.EX_BIT :      8F8 C |
 VIDEO_RUNFADE :                E24 C |  VIDEO_RUNFADE.ALL_BLACK :      EF0 C |
 VIDEO_RUNFADE.BUSY_TIMER :     E6A C |  VIDEO_RUNFADE.FADE_IN :        EFE C |
 VIDEO_RUNFADE.FADE_LIST :      E76 C |  VIDEO_RUNFADE.FADE_OUT :       E8E C |
*VIDEO_RUNFADE.FDIN_NEND :      F94 C | *VIDEO_RUNFADE.FDOUT_NEND :     EFC C |
 VIDEO_RUNFADE.NEXT_COLOR :     E9C C |  VIDEO_RUNFADE.NEXT_IN :        F0A C |
 VIDEO_RUNFADE.NEXT_REQ :       E28 C |  VIDEO_RUNFADE.NOTHING :        E86 C |
 VIDEO_RUNFADE.NO_REQ :         E70 C |  VIDEO_RUNFADE.PFADE_DEL :      E86 C |
 VIDEO_RUNFADE.SAME_IN :        F7E C |  VIDEO_SETMAPSIZE :             9A0 C |
 VIDEO_SETMAPSIZE.SIZE_TBL :    9D4 C | *VIDEO_SETSPR :                1442 C |
 VIDEO_SETSPRMAP :             14DA C | *VIDEO_SETSPRMAP_DMA :         14D0 C |
 VIDEO_UPDMAPVRAM :             914 C |  VIDEO_UPDSPRHVRAM :            966 C |
 VIDEO_WAITFADE :               F96 C |  VIDEO_WAITFADE.LOOP :          F96 C |
 VIDEO_WAITFADE.NEXT_ONE :      FA4 C |  VIDMDSPR_MKSPR :              146C C |
 VIDMDSPR_MKSPR.DONT_ADD :     1496 C |  VIDMDSPR_MKSPRMAP :           151A C |
 VIDMD_CERROR :                14C6 C | *VIDMD_CFREEZE :               14CE C |
 VIDMD_PAL :                   102A C |  VIDMD_PAL.BAD :               1048 C |
 VIDMD_PAL.LOOP :              1042 C |  VIDMKFADE_GO :                 FF2 C |
 VIDPRINT_INIT :               1098 C |  VID_CHECKLASTSPR :             7B6 C |
 VID_CHECKLASTSPR.BLNK_FIRST :  7D0 C |  VID_CHECKLASTSPR.LAST_ONE :    7D6 C |
 VID_CHECKLASTSPR.SPR_EXIT :    7E6 C | *VID_FILLGO :                   B0E C |
 VID_FILLGO.DMAW :              B14 C |  VID_FILLGO.DMA_W :             B68 C |
 VID_FONTDEFPAL :              10AC C |  VID_MKDMACARRY :              14F6 C |
 VID_MKDMANEXT :               14EC C |  VID_MKMAPDMA :                1556 C |
 VID_MKMAPDMA.NEXT_PZ :        1576 C |  VID_MKMAPDMA.NO_DMA :         15A0 C |
 VID_PRINTTVAL :               12F8 C |  VID_PRINTTVAL.HEX_INCR :      1352 C |
 VID_PRINTTVAL.MK_VALUE :      1330 C |  VID_PRINTTVAL.SHOW_24 :       1324 C |
*VID_PRINTTVAL.SHOW_BYTE :     1314 C |  VID_PRINTTVAL.SHOW_LONG :     132C C |
 VID_PRINTTVAL.SHOW_NIBBL :    1342 C |  VID_PRINTTVAL.SHOW_WORD :     131C C |
 VID_PRINTTVALW :              1364 C |  VID_PRINTTVALW.GET_PREVAL :   142E C |
 VID_PRINTTVALW.HEX_INCR :     143C C |  VID_PRINTTVALW.MK_VALUE :     13A0 C |
 VID_PRINTTVALW.MK_VALUE_IN :  139C C |  VID_PRINTTVALW.NIBBL_CONT :   1426 C |
 VID_PRINTTVALW.NIBBL_NORM :   13F0 C |  VID_PRINTTVALW.SHOW_24 :      1390 C |
*VID_PRINTTVALW.SHOW_BYTE :    1380 C |  VID_PRINTTVALW.SHOW_LONG :    1398 C |
 VID_PRINTTVALW.SHOW_NIBBL :   13B2 C |  VID_PRINTTVALW.SHOW_WORD :    1388 C |
 VID_WRTREG01 :                 864 C |  VIEW_FAIRY :                     1 - |
 VIEW_GEMAINFO :                  1 - | *VINTCLR :                       16 - |
*VINTENBL :                      20 - |  VINT_DEFAULT :                1928 C |
*VIRQ_ON :                        8 - | *VRESINTCLR :                    14 - |
 WAVE_FLAGS :                  1C0B C |  WAVE_LEN :                    1C03 C |
 WAVE_LOOP :                   1C06 C |  WAVE_PITCH :                  1C09 C |
 WAVE_START :                  1C00 C |  WAVFREQ_CDPCM :               1448 C |
 WAVFREQ_LIST :                13E6 C |  X68KSRCLSB :                    35 C |
 X68KSRCMID :                    36 C | *YM_CTRL_1 :                 A04000 - |
*YM_CTRL_2 :                 A04002 - | *YM_DATA_1 :                 A04001 - |
*YM_DATA_2 :                 A04003 - | *Z80SYNTAX :                      0 - |
 Z80_BUS :                   A11100 - | *Z80_CODE :                    1F5C C |
*Z80_CODE_END :                3EE8 C | *Z80_CODE_EOF :                3EE8 C |
 Z80_CPU :                   A00000 - |  Z80_INIT :                      3E C |
*Z80_RESET :                 A11200 - | *ZBANK :                       6000 - |
 ZDRVFIFO :                    1F60 - |  ZDRVFWRT :                    1F80 - |
*ZDRVMARSBLK :                 1F89 - |  ZDRVMAXCMND :                   20 - |
*ZDRVMCDBLK :                  1F8A - | *ZDRVPALMODE :                 1F88 - |
 ZDRVRAMLEN :                  1F87 - |  ZDRVRAMSRC :                  1F86 - |
*ZDRVROMBLK :                  1F81 - | *ZMARS_SEND :                   F30 C |
*ZOPCEX :                         8 - |  ZOPCEXX :                       D9 - |
*ZOPCNOP :                        0 - |  ZOPCPUSHAF :                    F5 - |
 ZOPCRET :                       C9 - |  ZPSG_CTRL :                   7F11 - |
 ZTBL_CHIP :                      3 - |  ZTBL_FREQINDX :                  5 - |
 ZTBL_INSTCACH :                  A - |  ZTBL_LINK :                      0 - |
 ZTBL_MASTERVOL :                 4 - |  ZTBL_PITCHBEND :                 6 - |
 ZTBL_PRIORITY :                  2 - |  ZTBL_VOLSLIDE :                  8 - |
 ZTBL_VOLUME :                    7 - |  ZYM_CTRL_1 :                  4000 - |
 ZYM_CTRL_2 :                  4002 - |  ZYM_DATA_1 :                  4001 - |
 ZYM_DATA_2 :                  4003 - | *_CCR :                    FFFFFE92 - |
*_DMACHANNEL0 :            FFFFFF8C - | *_DMACHANNEL1 :            FFFFFF9C - |
*_DMACOUNT0 :              FFFFFF88 - | *_DMACOUNT1 :              FFFFFF98 - |
*_DMADEST0 :               FFFFFF84 - | *_DMADEST1 :               FFFFFF94 - |
*_DMAOPERATION :           FFFFFFB0 - | *_DMAREQACK0 :             FFFFFFB4 - |
*_DMAREQACK1 :             FFFFFFB8 - | *_DMASOURCE0 :             FFFFFF80 - |
*_DMASOURCE1 :             FFFFFF90 - | *_DMAVECTORE0 :            FFFFFFA4 - |
*_DMAVECTORE1 :            FFFFFFAC - | *_DMAVECTORN0 :            FFFFFFA0 - |
*_DMAVECTORN1 :            FFFFFFA8 - | *_FRAMEBUFFER :            24000000 - |
*_FRC_H :                         2 - | *_FRC_L :                         3 - |
*_FRT :                    FFFFFE10 - | *_HRH :                    FFFFFF10 - |
*_HRL :                    FFFFFF14 - | *_HRL32 :                  FFFFFF04 - |
*_JR :                     FFFFFF00 - | *_OCR_H :                         4 - |
*_OCR_L :                         5 - | *_OVERWRITE :              24020000 - |
*_PALETTE :                20004200 - | *_SERIAL :                 FFFFFE00 - |
*_SYSREG :                 20004000 - | *_TCR :                           6 - |
*_TCSR :                          1 - | *_TIER :                          0 - |
*_TOCR :                          7 - | *_VDPREG :                 20004100 - |

   1356 symbols
    447 unused symbols

 AS V1.42 Beta [Bld 212] - Source File main.asm - Page 3 - 6/9/2025 23:7:33


  Defined Macros:
  ---------------

BINCLUDE_DMA                          | BINCLUDE_DMA_E                       
CODE_BANK                             | DATA_BANK                            
DEND_BANK                             | ENDMEMORY                            
ERREPORT                              | FILLSECTORS                          
FS_FILE                               | FS_MKLIST                            
GEMAHEAD                              | GEMATRK                              
GINSDAC                               | GINSFM                               
GINSFM3                               | GINSNULL                             
GINSPCM                               | GINSPCO                              
GINSPSG                               | GINSPSGN                             
GINSPWM                               | GSMPLDATA                            
GSMPLRAW                              | MARSVRAMDATA                         
MARSVRAMDEND                          | MCDSTAMPDATA                         
MCDSTAMPDEND                          | MEMORY                               
REPORT                                | ROMPAD                               
VDP_SHOWME                            |

     31 macros

 AS V1.42 Beta [Bld 212] - Source File main.asm - Page 4 - 6/9/2025 23:7:33


  Defined Structures/Unions:
  --------------------------

MDSTMP
  0      (I16) FLAGS
  2      (I16) VRAMMAIN
  4      (I16) VRAMSEC
  6      (I16) VRAMSIZE
  8      (I16) VRAMLEN
  A      (I16) VRAMINCR
  C      (I16) STMPOUTB
  E      (I16) CURROUTFLIP
 10      (I16) FDROP
 12      (I32) CELLSTORAGE
 16      (I32) DOTINCR
 1A      (I32) BUFFINCR

OBJ
  0      (I32) CODE
  4      (I32) X
  8      (I32) Y
  C      (I32) Z
 10      (I16) SIZE_X
 12      (I16) SIZE_Y
 14      (I16) SIZE_Z
 16      (I16) X_SPD
 18      (I16) Y_SPD
 1A      (I16) Z_SPD
 1C      (I8) INDEX
 1D      (I8) SUBID
 1E      (I8) STATUS
 1F      (I8) ATTR
 20      (I16) FRAME
 22      (I16) ANIM_NUM
 24      (I16) ANIM_INDX
 26      (I8) ANIM_ICUR
 27      (I8) ANIM_SPD
 28      (I8) RAM

PAD
  0      (I8) ID
  1      (I8) VER
  2      (I16) HOLD
  4      (I16) PRESS
  6      (I16) RELEASE
  8      (I16) X
  A      (I16) Y
  C      (I16) PAGE
  E      (I16) PAGERAW
 10      (I16) EXT
 12      (I32) PORT

PALFD
  0      (I8) REQ
  1      (I8) DELAY
  2      (I8) START
  3      (I8) INCR
  4      (I8) TARGET
  5      (I8) TIMER
  6      (I16) NUM
4 structures
 AS V1.42 Beta [Bld 212] - Source File main.asm - Page 5 - 6/9/2025 23:7:33


  Defined Functions:
  ------------------

VDP_WRTL                              | FULL_LOC                             
CELL_NUM                              | SPLITW                               

 AS V1.42 Beta [Bld 212] - Source File main.asm - Page 6 - 6/9/2025 23:7:33


  Code Pages:
  ----------

STANDARD (0 changed characters)

1 code page

1.99 second assembly time

  15537 lines source file
  16033 lines incl. macro expansions
      5 passes
      0 errors
      0 warnings
