 AS V1.42 Beta [Bld 212] - Source File main.asm - Page 1 - 6/9/2025 23:7:28


       1/       0 :                     ; ===========================================================================
       2/       0 :                     ; NikonaMD by GenesisFan64 2023-2025
       3/       0 :                     ;
       4/       0 :                     ; A devkit in assembly for developing software on the SEGA 16-bit
       5/       0 :                     ; family of systems:
       6/       0 :                     ; Genesis, Sega CD, Sega 32X, Sega CD32X and Sega Pico.
       7/       0 :                     ;
       8/       0 :                     ; DO NOT MODIFY THE nikona FOLDER AS IT WILL GET UPDATED WITH THE
       9/       0 :                     ; LATEST CHANGES AND BUGFIXES WITHOUT INTERFERING YOUR GAME CODE
      10/       0 :                     ; ===========================================================================
      11/       0 :                     
      12/       0 :                     ; ====================================================================
      13/       0 :                     ; ----------------------------------------------------------------
      14/       0 :                     ; SETTINGS
      15/       0 :                     ; ----------------------------------------------------------------
      16/       0 :                     
      17/       0 : =$0                  SET_FIRSTSCRN	equ 0		; Starting screen mode number on boot
      18/       0 :                     
      19/       0 :                     ; ====================================================================
      20/       0 :                     ; ----------------------------------------------------------------
      21/       0 :                     ; AS Assembler starting settings
      22/       0 :                     ; ----------------------------------------------------------------
      23/       0 :                     
      24/       0 :                     		cpu 		68000		; Starting CPU is 68000
      25/       0 :                     		padding		off		; Don't pad dc.b
      26/       0 :                     		listing 	purecode
      27/       0 :                     		supmode 	on 		; Supervisor mode (68000)
      28/       0 :                     		page 		0
      29/       0 :                     
      30/       0 :                     ; ====================================================================
      31/       0 :                     ; ----------------------------------------------------------------
      32/       0 :                     ; Includes
      33/       0 :                     ; ----------------------------------------------------------------
      34/       0 :                     
      35/       0 :                     		include	"rominfo.asm"		; ROM info
(1)    1/       0 :                     ; ====================================================================
(1)    2/       0 :                     ; ----------------------------------------------------------------
(1)    3/       0 :                     ; ROM/DISC Info
(1)    4/       0 :                     ;
(1)    5/       0 :                     ; ** DO NOT CHANGE THE SIZE OF THE STRINGS **
(1)    6/       0 :                     ; ----------------------------------------------------------------
(1)    7/       0 :                     
(1)    8/       0 :                     ; --------------------------------------------------------
(1)    9/       0 :                     ; System tags
(1)   10/       0 :                     ;
(1)   11/       0 :                     ; First 4 letters MUST contain "SEGA" or " SEGA"
(1)   12/       0 :                     ; or this will NOT boot on hardware
(1)   13/       0 :                     ; --------------------------------------------------------
(1)   14/       0 :                     
(1)   15/       0 : ="SEGA GENESIS    "  HTAG_SYS_MD	equ "SEGA GENESIS    "
(1)   16/       0 : ="SEGA GENESIS    "  HTAG_SYS_MCD	equ "SEGA GENESIS    "	; Same as cartridge
(1)   17/       0 : ="SEGA 32X        "  HTAG_SYS_MARS	equ "SEGA 32X        "
(1)   18/       0 : ="SEGA GENESIS    "  HTAG_SYS_MARSCD	equ "SEGA GENESIS    "	; Same as cartridge
(1)   19/       0 :                     ;!@ Pico variants
(1)   20/       0 : ="SEGA PICO       "  HTAG_SYS_PICO	equ "SEGA PICO       "
(1)   21/       0 : ="SEGA PICO       "  HTAG_SYS_MEGAPICO	equ "SEGA PICO       "
(1)   22/       0 : ="SEGA COPERA     "  HTAG_SYS_COPERA	equ "SEGA COPERA     "
(1)   23/       0 :                     
(1)   24/       0 :                     ; --------------------------------------------------------
(1)   25/       0 :                     ; SCD/CD32X ONLY: Volume and System(SDK/Engine) name
(1)   26/       0 :                     ;
(1)   27/       0 :                     ; Note:
(1)   28/       0 :                     ; Leave the names as is if you haven't modified
(1)   29/       0 :                     ; any of the Nikona SDK files (/nikona folder)
(1)   30/       0 :                     ; --------------------------------------------------------
(1)   31/       0 :                     
(1)   32/       0 : ="NIKONACD   "       HTAG_DISCID	equ "NIKONACD   "	; SCD Disc Volume name
(1)   33/       0 : ="NIKONACD32X"       HTAG_DISCID_M	equ "NIKONACD32X"	; CD32X Disc Volume name
(1)   34/       0 : ="NIKONA-SDK "       HTAG_SYSNAME	equ "NIKONA-SDK "
(1)   35/       0 : =$102                HTAG_CDVER	equ $0100|$02		; $0100|Version: $00-$FF
(1)   36/       0 :                     
(1)   37/       0 :                     ; --------------------------------------------------------
(1)   38/       0 :                     ; Release date
(1)   39/       0 :                     ;
(1)   40/       0 :                     ; "(C)NAME year.month"
(1)   41/       0 :                     ; --------------------------------------------------------
(1)   42/       0 :                     
(1)   43/       0 : ="(C)GF64 2025.???"  HTAG_DATEINFO	equ "(C)GF64 2025.???"
(1)   44/       0 :                     
(1)   45/       0 :                     ; --------------------------------------------------------
(1)   46/       0 :                     ; "Domestic" Name: Your game's name in Japan
(1)   47/       0 :                     ; (or in your language)
(1)   48/       0 :                     ; --------------------------------------------------------
(1)   49/       0 :                     
(1)   50/       0 : ="Nikona MD     ..   HTAG_NDM_MD	equ "Nikona MD                                       "
(1)   51/       0 : ="Nikona MCD    ..   HTAG_NDM_MCD	equ "Nikona MCD                                      "
(1)   52/       0 : ="Nikona SUPER32..   HTAG_NDM_MARS	equ "Nikona SUPER32X                                 "
(1)   53/       0 : ="Nikona CD32X  ..   HTAG_NDM_MARSCD	equ "Nikona CD32X                                    "
(1)   54/       0 : ="Nikona PICO   ..   HTAG_NDM_PICO	equ "Nikona PICO                                     "
(1)   55/       0 :                     
(1)   56/       0 :                     ; --------------------------------------------------------
(1)   57/       0 :                     ; "Overseas" Name: Your game's name in english
(1)   58/       0 :                     ; --------------------------------------------------------
(1)   59/       0 :                     
(1)   60/       0 : ="Nikona GENESIS..   HTAG_NOV_MD	equ "Nikona GENESIS                                  "
(1)   61/       0 : ="Nikona SCD    ..   HTAG_NOV_MCD	equ "Nikona SCD                                      "
(1)   62/       0 : ="Nikona 32X    ..   HTAG_NOV_MARS	equ "Nikona 32X                                      "
(1)   63/       0 : ="Nikona CD32X  ..   HTAG_NOV_MARSCD	equ "Nikona CD32X                                    "
(1)   64/       0 : ="Nikona PICO   ..   HTAG_NOV_PICO	equ "Nikona PICO                                     "
(1)   65/       0 :                     
(1)   66/       0 :                     ; --------------------------------------------------------
(1)   67/       0 :                     ; Serial number
(1)   68/       0 :                     ;
(1)   69/       0 :                     ; "id anything-vv"
(1)   70/       0 :                     ;
(1)   71/       0 :                     ; id:
(1)   72/       0 :                     ; GM - Game
(1)   73/       0 :                     ; AI - Educative
(1)   74/       0 :                     ;
(1)   75/       0 :                     ; anything:
(1)   76/       0 :                     ; Your own serial format, there's no standard for this.
(1)   77/       0 :                     ;
(1)   78/       0 :                     ; vv:
(1)   79/       0 :                     ; Version number: 00 to 99
(1)   80/       0 :                     ; --------------------------------------------------------
(1)   81/       0 :                     
(1)   82/       0 : ="GM HOMEBREW-02"    HTAG_SERIAL	equ "GM HOMEBREW-02"
(1)   83/       0 :                     
(1)   84/       0 :                     ; --------------------------------------------------------
(1)   85/       0 :                     ; Regions supported
(1)   86/       0 :                     ; --------------------------------------------------------
(1)   87/       0 :                     
(1)   88/       0 : ="F               "  HTAG_REGIONS	equ "F               "
(1)   89/       0 :                     
(1)   90/       0 :                     ; --------------------------------------------------------
(1)   91/       0 :                     ; Save data settings, applies to both
(1)   92/       0 :                     ; Cartridge and CD
(1)   93/       0 :                     ;
(1)   94/       0 :                     ; For compatibility the size must be in sizes of $40
(1)   95/       0 :                     ; (or $20 w/BRAM's protection)
(1)   96/       0 :                     ; Size also affects the save copy stored on RAM
(1)   97/       0 :                     ;
(1)   98/       0 :                     ; BRAM name note: Only UPPERCASE and _ are allowed.
(1)   99/       0 :                     ; --------------------------------------------------------
(1)  100/       0 :                     
(1)  101/       0 : =$1                  SET_ENBLSAVE	equ True		; Disable/Enable saving support
(1)  102/       0 : =$100                SET_SRAMSIZE	equ $100		; SRAM/BRAM filesize
(1)  103/       0 : ="NIKONACD___"       HTAG_CDSAVE	equ "NIKONACD___"	; SCD internal save name
(1)  104/       0 : ="NIKONACD32X"       HTAG_MARSCDSAV	equ "NIKONACD32X"	; CD32X internal save name
(1)  105/       0 :                     
      36/       0 :                     		include	"nikona/macros.asm"	; Assembler macros
(1)    1/       0 :                     ; ===========================================================================
(1)    2/       0 :                     ; -------------------------------------------------------------------
(1)    3/       0 :                     ; MACROS Section
(1)    4/       0 :                     ;
(1)    5/       0 :                     ; *** THIS MUST BE INCLUDED AT START OF THE CODE ***
(1)    6/       0 :                     ; -------------------------------------------------------------------
(1)    7/       0 :                     
(1)    8/       0 : =$3F800              MAX_WramBank	equ $3F800	; Maxium WRAM available to use + filler $120
(1)    9/       0 :                     
(1)   10/       0 :                     ; ====================================================================
(1)   11/       0 :                     ; ------------------------------------------------------------
(1)   12/       0 :                     ; AS Functions
(1)   13/       0 :                     ; ------------------------------------------------------------
(1)   14/       0 :                     
(1)   15/       0 :                     splitw		function l,r,(((l))<<16&$FFFF0000|((r))&$FFFF)		; Two WORDS stored in a single LONG: $11112222
(1)   16/       0 :                     cell_num	function a,(a<<5)					; Value in VDP cells
(1)   17/       0 :                     ; pstr_mem	function a,b,((a|$80)<<24)|b&$FFFFFF			; PRINT memory: pstr_mem(type,mem_pos)
(1)   18/       0 :                     full_loc	function a,-(-a)&$FFFFFFFF
(1)   19/       0 :                     vdp_wrtl	function a,((a>>14)&3)|(((a&$3FFF)|$4000)<<16)
(1)   20/       0 :                     
(1)   21/       0 :                     ; ====================================================================
(1)   22/       0 :                     ; ------------------------------------------------------------
(1)   23/       0 :                     ; Macros
(1)   24/       0 :                     ; ------------------------------------------------------------
(1)   25/       0 :                     
(1)   26/       0 :                     ; --------------------------------------------
(1)   27/       0 :                     ; Memory reserve
(1)   28/       0 :                     ;
(1)   29/       0 :                     ; Example:
(1)   30/       0 :                     ; 		memory RAM_Somewhere
(1)   31/       0 :                     ; RAM_ThisLong	ds.l 1
(1)   32/       0 :                     ; RAM_ThisWord	ds.w 1
(1)   33/       0 :                     ; RAM_ThisByte	ds.b 1				; <-- careful with alignment
(1)   34/       0 :                     ; 		endmemory 			; finish
(1)   35/       0 :                     ; --------------------------------------------
(1)   36/       0 :                     
(1)   37/       0 :                     memory		macro thisinput			; Reserve memory address
(1)   38/       0 :                     GLBL_LASTPC	:= *
(1)   39/       0 :                     		dephase
(1)   40/       0 :                     		phase thisinput
(1)   41/       0 :                     GLBL_LASTORG	:= *
(1)   42/       0 :                     		endm
(1)   43/       0 :                     
(1)   44/       0 :                     ; --------------------------------------------
(1)   45/       0 :                     
(1)   46/       0 :                     endmemory	macro				; Then finish.
(1)   47/       0 :                     .here:		dephase
(1)   48/       0 :                     		ds.b -(.here-GLBL_LASTORG)
(1)   49/       0 :                     		phase GLBL_LASTPC
(1)   50/       0 :                     		endm
(1)   51/       0 :                     
(1)   52/       0 :                     ; --------------------------------------------
(1)   53/       0 :                     ; Report memory usage
(1)   54/       0 :                     ; --------------------------------------------
(1)   55/       0 :                     
(1)   56/       0 :                     report		macro text,this,that
(1)   57/       0 :                     	if MOMPASS == 2
(1)   58/       0 :                     		if that == -1
(1)   59/       0 :                     			message text+": \{(this)&$FFFFFF}"
(1)   60/       0 :                     		else
(1)   61/       0 :                     			if this > that
(1)   62/       0 :                     				warning "RAN OUT OF "+text+" SPACE (\{(this)&$FFFFFF} of \{(that)&$FFFFFF})"
(1)   63/       0 :                     			else
(1)   64/       0 :                     				message text+" uses \{(this)&$FFFFFF} of \{(that)&$FFFFFF}"
(1)   65/       0 :                     			endif
(1)   66/       0 :                     		endif
(1)   67/       0 :                     	endif
(1)   68/       0 :                     		endm
(1)   69/       0 :                     
(1)   70/       0 :                     ; --------------------------------------------
(1)   71/       0 :                     ; Same as report but only show on error
(1)   72/       0 :                     ; --------------------------------------------
(1)   73/       0 :                     
(1)   74/       0 :                     erreport	macro text,this,that
(1)   75/       0 :                     	if MOMPASS == 2
(1)   76/       0 :                     		if this > that
(1)   77/       0 :                     			error "RAN OUT OF "+text+" (\{(this)&$FFFFFF} of \{(that)&$FFFFFF})"
(1)   78/       0 :                     		endif
(1)   79/       0 :                     	endif
(1)   80/       0 :                     		endm
(1)   81/       0 :                     
(1)   82/       0 :                     ; --------------------------------------------
(1)   83/       0 :                     ; ZERO Fill padding
(1)   84/       0 :                     ; --------------------------------------------
(1)   85/       0 :                     
(1)   86/       0 :                     rompad		macro target
(1)   87/       0 :                     .this_sz := target - *
(1)   88/       0 :                     		if .this_sz < 0
(1)   89/       0 :                     			error "Too much data at $\{target} ($\{(-.this_sz)} bytes)"
(1)   90/       0 :                     		else
(1)   91/       0 :                     			dc.b [.this_sz]0
(1)   92/       0 :                     		endif
(1)   93/       0 :                     	endm
(1)   94/       0 :                     
(1)   95/       0 :                     ; ====================================================================
(1)   96/       0 :                     ; ------------------------------------------------------------
(1)   97/       0 :                     ; Filesystem macros
(1)   98/       0 :                     ;
(1)   99/       0 :                     ; NOTE: A pre-generated ISO head is required
(1)  100/       0 :                     ;       at $8000 until $B7FF
(1)  101/       0 :                     ; ------------------------------------------------------------
(1)  102/       0 :                     
(1)  103/       0 :                     ; ------------------------------------------------------------
(1)  104/       0 :                     ; FS setup
(1)  105/       0 :                     ; ------------------------------------------------------------
(1)  106/       0 :                     
(1)  107/       0 :                     fs_mkList	macro type,start,end
(1)  108/       0 :                     .fstrt:
(1)  109/       0 :                     		dc.b .fend-.fstrt				; Block size
(1)  110/       0 :                     		dc.b 0						; Zero
(1)  111/       0 :                     		dc.b (start>>11&$FF),(start>>19&$FF)		; Start sector, little endian
(1)  112/       0 :                     		dc.b (start>>27&$FF),(start>>35&$FF)
(1)  113/       0 :                     		dc.l start>>11					; Start sector, big endian
(1)  114/       0 :                     		dc.b ((end-start)&$FF),((end-start)>>8&$FF)	; Filesize, little endian
(1)  115/       0 :                     		dc.b ((end-start)>>16&$FF),((end-start)>>24&$FF)
(1)  116/       0 :                     		dc.l end-start					; Filesize, big endian
(1)  117/       0 :                     		dc.b (2025-1900)+1				; Year
(1)  118/       0 :                     		dc.b 0,0,0,0,0,0				; (filler)
(1)  119/       0 :                     		dc.b 2						; File flags
(1)  120/       0 :                     		dc.b 0,0
(1)  121/       0 :                     		dc.b 1,0					; Volume sequence number, little
(1)  122/       0 :                     		dc.b 0,1					; Volume sequence number, big
(1)  123/       0 :                     		dc.b 1,type
(1)  124/       0 :                     .fend:
(1)  125/       0 :                     		endm
(1)  126/       0 :                     
(1)  127/       0 :                     ; ------------------------------------------------------------
(1)  128/       0 :                     ; FS File
(1)  129/       0 :                     ; ------------------------------------------------------------
(1)  130/       0 :                     
(1)  131/       0 :                     fs_file		macro filename,start,end
(1)  132/       0 :                     .fstrt:		dc.b .fend-.fstrt				; Block size
(1)  133/       0 :                     		dc.b 0						; zero
(1)  134/       0 :                     		dc.b (start>>11&$FF),(start>>19&$FF)		; Start sector, little
(1)  135/       0 :                     		dc.b (start>>27&$FF),(start>>35&$FF)
(1)  136/       0 :                     		dc.l start>>11					; Start sector, big
(1)  137/       0 :                     		dc.b ((end-start)&$FF),((end-start)>>8&$FF)	; Filesize, little
(1)  138/       0 :                     		dc.b ((end-start)>>16&$FF),((end-start)>>24&$FF)
(1)  139/       0 :                     		dc.l end-start					; Filesize, big
(1)  140/       0 :                     		dc.b (2025-1900)+1				; Year
(1)  141/       0 :                     		dc.b 0,0,0,0,0,0				; (filler)
(1)  142/       0 :                     		dc.b 0						; File flags
(1)  143/       0 :                     		dc.b 0,0
(1)  144/       0 :                     		dc.b 1,0					; Volume sequence number, little
(1)  145/       0 :                     		dc.b 0,1					; Volume sequence number, big
(1)  146/       0 :                     		dc.b .flend-.flen
(1)  147/       0 :                     .flen:		dc.b filename,";1"
(1)  148/       0 :                     .flend:		dc.b 0
(1)  149/       0 :                     .fend:
(1)  150/       0 :                     		endm
(1)  151/       0 :                     
(1)  152/       0 :                     ; ====================================================================
(1)  153/       0 :                     ; ------------------------------------------------------------
(1)  154/       0 :                     ; Nikona macros
(1)  155/       0 :                     ; ------------------------------------------------------------
(1)  156/       0 :                     
(1)  157/       0 :                     ; --------------------------------------------
(1)  158/       0 :                     ; Screen mode code
(1)  159/       0 :                     ;
(1)  160/       0 :                     ; code_bank START_LABEL,END_LABEL,CODE_PATH
(1)  161/       0 :                     ; --------------------------------------------
(1)  162/       0 :                     
(1)  163/       0 :                     code_bank macro lblstart,lblend,path
(1)  164/       0 :                     	if MCD|MARSCD
(1)  165/       0 :                     		align $800		; SCD/CD32X sector align
(1)  166/       0 :                     	elseif MARS
(1)  167/       0 :                     		phase $880000+*		; 32X ROM-area
(1)  168/       0 :                     		align 4
(1)  169/       0 :                     	endif
(1)  170/       0 :                     lblstart label *			; Register start label
(1)  171/       0 :                     	if MARS
(1)  172/       0 :                     		dephase			; 32X dephase
(1)  173/       0 :                     	endif
(1)  174/       0 :                     mctopscrn:
(1)  175/       0 :                     	if MARS|MCD|MARSCD
(1)  176/       0 :                     		phase RAM_UserCode	; Phase code to RAM area
(1)  177/       0 :                     	endif
(1)  178/       0 :                     mcscrn_s:
(1)  179/       0 :                     	include path;"game/screenX/code.asm"
(1)  180/       0 :                     mcscrn_e:
(1)  181/       0 :                     	if MARS
(1)  182/       0 :                     		dephase			; dephase RAM section
(1)  183/       0 :                     	elseif MCD|MARSCD
(1)  184/       0 :                     		dephase
(1)  185/       0 :                     		phase mctopscrn+(mcscrn_e-RAM_UserCode)	; Add the used bytes
(1)  186/       0 :                     		align $800
(1)  187/       0 :                     	endif
(1)  188/       0 :                     lblend label *
(1)  189/       0 :                     	erreport "SCREEN CODE: lblstart",mcscrn_e-mcscrn_s,MAX_UserCode
(1)  190/       0 :                     	endm
(1)  191/       0 :                     
(1)  192/       0 :                     ; --------------------------------------------
(1)  193/       0 :                     ; Data bank START
(1)  194/       0 :                     ; --------------------------------------------
(1)  195/       0 :                     
(1)  196/       0 :                     data_bank macro startlbl
(1)  197/       0 :                     	if MCD|MARSCD
(1)  198/       0 :                     		align $800		; Sector alignment
(1)  199/       0 :                     	elseif MARS
(1)  200/       0 :                     		align 4			; 32X alignment
(1)  201/       0 :                     	endif
(1)  202/       0 :                     startlbl label *			; Register label
(1)  203/       0 :                     	if MCD|MARSCD			; Set PHASE
(1)  204/       0 :                     		phase sysmcd_wram
(1)  205/       0 :                     	elseif MARS
(1)  206/       0 :                     		phase $900000+(startlbl&$0FFFFF)
(1)  207/       0 :                     	endif
(1)  208/       0 :                     GLBL_MDATA_ST := *			; Save current pos globally
(1)  209/       0 :                     	endm
(1)  210/       0 :                     
(1)  211/       0 :                     ; --------------------------------------------
(1)  212/       0 :                     ; Data bank END
(1)  213/       0 :                     ; --------------------------------------------
(1)  214/       0 :                     
(1)  215/       0 :                     dend_bank macro endlbl
(1)  216/       0 :                     GLBL_MDATA_RP := *-GLBL_MDATA_ST	; Get used size to report
(1)  217/       0 :                     
(1)  218/       0 :                     	; Set 32X bank end
(1)  219/       0 :                     	if MARS
(1)  220/       0 :                     		if GLBL_MDATA_RP >= $900000+$100000
(1)  221/       0 :                     			error "32X: RAN OUT OF MEMORY FOR A SINGLE 1MB BANK"
(1)  222/       0 :                     		endif
(1)  223/       0 :                     		dephase			; Dephase $900000
(1)  224/       0 :                     
(1)  225/       0 :                     	; Set MCD/CD32X data end
(1)  226/       0 :                     	elseif MCD|MARSCD
(1)  227/       0 :                     		dephase			; Dephase WRAM
(1)  228/       0 :                     mlastpos := *	; <-- CD/CD32X ONLY
(1)  229/       0 :                     mpadlbl	:= (mlastpos&$FFF800)+$800	; Fill sectors
(1)  230/       0 :                     		rompad mpadlbl
(1)  231/       0 :                     endlbl label *	; <-- CD/CD32X ONLY
(1)  232/       0 :                     
(1)  233/       0 :                     		if GLBL_MDATA_RP > MAX_WramBank
(1)  234/       0 :                     			error "SCD/CD32X: DATA BANK IS TOO LARGE: $\{GLBL_MDATA_RP} of $\{MAX_WramBank}"
(1)  235/       0 :                     		endif
(1)  236/       0 :                     	endif
(1)  237/       0 :                     	endm
(1)  238/       0 :                     
(1)  239/       0 :                     ; --------------------------------------------
(1)  240/       0 :                     ; SCD Stamp Start/End
(1)  241/       0 :                     ; --------------------------------------------
(1)  242/       0 :                     
(1)  243/       0 :                     mcdStampData	macro
(1)  244/       0 :                     		phase 0
(1)  245/       0 :                     		ds.b $80
(1)  246/       0 :                     		endm
(1)  247/       0 :                     
(1)  248/       0 :                     mcdStampDEnd	macro
(1)  249/       0 :                     		align 2
(1)  250/       0 :                     .end:
(1)  251/       0 :                     		erreport "This SCD Stamp data",.end,$3F800
(1)  252/       0 :                     		dephase
(1)  253/       0 :                     		endm
(1)  254/       0 :                     
(1)  255/       0 :                     ; --------------------------------------------
(1)  256/       0 :                     ; 32X graphics data Start/End
(1)  257/       0 :                     ; --------------------------------------------
(1)  258/       0 :                     
(1)  259/       0 :                     marsVramData	macro
(1)  260/       0 :                     		phase 0
(1)  261/       0 :                     		endm
(1)  262/       0 :                     
(1)  263/       0 :                     marsVramDEnd	macro
(1)  264/       0 :                     		align 8
(1)  265/       0 :                     .end:
(1)  266/       0 :                     		erreport "This 32X graphics data",.end,$18000
(1)  267/       0 :                     		dephase
(1)  268/       0 :                     		endm
(1)  269/       0 :                     
(1)  270/       0 :                     ; --------------------------------------------
(1)  271/       0 :                     ; Fill CD sectors
(1)  272/       0 :                     ; --------------------------------------------
(1)  273/       0 :                     
(1)  274/       0 :                     fillSectors macro num
(1)  275/       0 :                     	rept num
(1)  276/       0 :                     		align $800-1
(1)  277/       0 :                     		dc.b 0
(1)  278/       0 :                     	endm
(1)  279/       0 :                     	endm
(1)  280/       0 :                     
(1)  281/       0 :                     ; --------------------------------------------
(1)  282/       0 :                     ; binclude VDP graphics
(1)  283/       0 :                     ; --------------------------------------------
(1)  284/       0 :                     
(1)  285/       0 :                     binclude_dma	macro lblstart,file
(1)  286/       0 :                     	; 32X: Temporally show ROM position
(1)  287/       0 :                     	if MARS
(1)  288/       0 :                     GLBL_LASTPHDMA	set *
(1)  289/       0 :                     	dephase
(1)  290/       0 :                     GLBL_PHASEDMA	set *
(1)  291/       0 :                     		endif
(1)  292/       0 :                     
(1)  293/       0 :                     		align 2
(1)  294/       0 :                     lblstart	label *
(1)  295/       0 :                     		binclude file
(1)  296/       0 :                     		align 2
(1)  297/       0 :                     	; 32X: Return to last phase
(1)  298/       0 :                     	if MARS
(1)  299/       0 :                     GLBL_ENDPHDMA	set *-GLBL_PHASEDMA
(1)  300/       0 :                     		phase GLBL_LASTPHDMA+GLBL_ENDPHDMA
(1)  301/       0 :                     	endif
(1)  302/       0 :                     		endm
(1)  303/       0 :                     
(1)  304/       0 :                     ; --------------------------------------------
(1)  305/       0 :                     ; binclude VDP graphics w/End label
(1)  306/       0 :                     ; --------------------------------------------
(1)  307/       0 :                     
(1)  308/       0 :                     binclude_dma_e	macro lblstart,lblend,file
(1)  309/       0 :                     	; 32X: Temporally show ROM position
(1)  310/       0 :                     	if MARS
(1)  311/       0 :                     GLBL_LASTPHDMA	set *
(1)  312/       0 :                     	dephase
(1)  313/       0 :                     GLBL_PHASEDMA	set *
(1)  314/       0 :                     		endif
(1)  315/       0 :                     		align 2
(1)  316/       0 :                     lblstart	label *
(1)  317/       0 :                     		binclude file
(1)  318/       0 :                     lblend		label *
(1)  319/       0 :                     		align 2
(1)  320/       0 :                     	; 32X: Return to last phase
(1)  321/       0 :                     	if MARS
(1)  322/       0 :                     GLBL_ENDPHDMA	set *-GLBL_PHASEDMA
(1)  323/       0 :                     		phase GLBL_LASTPHDMA+GLBL_ENDPHDMA
(1)  324/       0 :                     	endif
(1)  325/       0 :                     		endm
(1)  326/       0 :                     
(1)  327/       0 :                     ; ====================================================================
(1)  328/       0 :                     ; ------------------------------------------------------------
(1)  329/       0 :                     ; Nikona CODE macros
(1)  330/       0 :                     ; ------------------------------------------------------------
(1)  331/       0 :                     
(1)  332/       0 :                     ; --------------------------------------------
(1)  333/       0 :                     ; VDP color debug
(1)  334/       0 :                     ; --------------------------------------------
(1)  335/       0 :                     
(1)  336/       0 :                     vdp_showme	macro color
(1)  337/       0 :                     		move.l	#$C0000000,(vdp_ctrl).l
(1)  338/       0 :                     		move.w	#color,(vdp_data).l
(1)  339/       0 :                     		endm
(1)  340/       0 :                     
      37/       0 :                     		include	"nikona/mcd/map.asm"	; Sega CD hardware map (shared with Sub-CPU)
(1)    1/       0 :                     ; ===========================================================================
(1)    2/       0 :                     ; -------------------------------------------------------------------
(1)    3/       0 :                     ; SEGA CD SUB-CPU MAP
(1)    4/       0 :                     ; -------------------------------------------------------------------
(1)    5/       0 :                     
(1)    6/       0 :                     ; ----------------------------------------------------------------
(1)    7/       0 :                     ; SEGA CD map
(1)    8/       0 :                     ; ----------------------------------------------------------------
(1)    9/       0 :                     
(1)   10/       0 : =$200000             sysmcd_wram	equ	$200000
(1)   11/       0 : =$A12000             sysmcd_reg	equ	$A12000
(1)   12/       0 :                     
(1)   13/       0 :                     ; ------------------------------------------------
(1)   14/       0 :                     ; Register area
(1)   15/       0 :                     ;
(1)   16/       0 :                     ; MAIN-CPU: $A12000 (sysmcd_reg)
(1)   17/       0 :                     ; SUB-CPU:  $FF8000 (scpu_reg)
(1)   18/       0 :                     ; ------------------------------------------------
(1)   19/       0 :                     
(1)   20/       0 :                     ; -------------
(1)   21/       0 :                     ; bits
(1)   22/       0 : =$2                  bitWRamMode	equ 2		;2M | 1M
(1)   23/       0 :                     
(1)   24/       0 :                     ; -------------
(1)   25/       0 :                     ; Registers
(1)   26/       0 : =$3                  mcd_memory	equ $03
(1)   27/       0 : =$6                  mcd_hint	equ $06		; [W] HBlank RAM redirection-jump (MAIN CPU ONLY)
(1)   28/       0 : =$E                  mcd_comm_m	equ $0E		; [B] Comm port MAIN R/W | SUB READ ONLY
(1)   29/       0 : =$F                  mcd_comm_s	equ $0F		; [B] Comm port SUB R/W  | MAIN READ ONLY
(1)   30/       0 : =$10                 mcd_dcomm_m	equ $10		; [S: $0E] Communication MAIN
(1)   31/       0 : =$20                 mcd_dcomm_s	equ $20		; [S: $0E] Communication SUB
(1)   32/       0 : =$32                 mcd_intmask	equ $32		;
(1)   33/       0 :                     
(1)   34/       0 :                     ; ====================================================================
(1)   35/       0 :                     
      38/       0 :                     		include	"nikona/mars/map.asm"	; 32X hardware map (shared with SH2)
(1)    1/       0 :                     ; ===========================================================================
(1)    2/       0 :                     ; -------------------------------------------------------------------
(1)    3/       0 :                     ; SH2 MAP
(1)    4/       0 :                     ;
(1)    5/       0 :                     ; Variables are shared with 68K
(1)    6/       0 :                     ; -------------------------------------------------------------------
(1)    7/       0 :                     
(1)    8/       0 :                     ; ----------------------------------------------------------------
(1)    9/       0 :                     ; 32X map
(1)   10/       0 :                     ; ----------------------------------------------------------------
(1)   11/       0 :                     
(1)   12/       0 : =$A130EC             sysmars_id		equ	$A130EC		; 32X's ID: "MARS"
(1)   13/       0 : =$A15100             sysmars_reg		equ	$A15100		; MARS 32X registers area
(1)   14/       0 : =$A15180             sysmars_svdp		equ	$A15180		; SVDP registers
(1)   15/       0 : =$840000             sysmars_framebuffer	equ	$840000
(1)   16/       0 : =$860000             sysmars_overwrite	equ	$860000
(1)   17/       0 :                     
(1)   18/       0 :                     ; ------------------------------------------------------------
(1)   19/       0 :                     ; SH2 MAP
(1)   20/       0 :                     ; ------------------------------------------------------------
(1)   21/       0 :                     
(1)   22/       0 : =$0                  CS0		equ	$00000000	; Boot ROM & System registers
(1)   23/       0 : =$2000000            CS1		equ	$02000000	; ROM view (CARTRIDGE ONLY, BLOCKED if RV=1)
(1)   24/       0 : =$4000000            CS2		equ	$04000000	; Framebuffer/Overwrite area
(1)   25/       0 : =$6000000            CS3		equ	$06000000	; SDRAM
(1)   26/       0 : =$20000000           TH		equ	$20000000	; Cache-Thru OR Value
(1)   27/       0 : =$20004000           _sysreg		equ	$00004000|TH	; 32X system registers
(1)   28/       0 : =$20004100           _vdpreg		equ	$00004100|TH	; SuperVDP registers
(1)   29/       0 : =$20004200           _palette	equ	$00004200|TH	; Palette RAM for Pixel-Packed or RLE mode
(1)   30/       0 : =$24000000           _framebuffer:	equ	CS2|TH		; Framebuffer: First 240 words are the linetable
(1)   31/       0 : =$24020000           _overwrite:	equ	CS2|TH+$20000	; Overwrite:   Same but any 0 value writes are ignored
(1)   32/       0 :                     
(1)   33/       0 :                     ; ------------------------------------------------------------
(1)   34/       0 :                     ; Variables
(1)   35/       0 :                     ; ------------------------------------------------------------
(1)   36/       0 :                     
(1)   37/       0 :                     ; ------------------------------------------------
(1)   38/       0 :                     ; System
(1)   39/       0 :                     ;
(1)   40/       0 :                     ; _sysreg / sysmars_reg
(1)   41/       0 :                     ; ------------------------------------------------
(1)   42/       0 :                     
(1)   43/       0 : =$0                  adapter		equ	$00		; adapter control register
(1)   44/       0 : =$1                  intmask		equ	$01		; SH2 CPU ONLY: interrupts mask
(1)   45/       0 : =$3                  standby		equ	$03		; CMD interrupt request bit by MD side (slave|master) (BYTE)
(1)   46/       0 : =$4                  bankset		equ	$04		; 68K ONLY: $900000 bank
(1)   47/       0 : =$6                  dreqctl		equ	$06		; DREQ control (WORD)
(1)   48/       0 : =$8                  dreqsource	equ	$08		; DREQ source address
(1)   49/       0 : =$C                  dreqdest	equ	$0C		; DREQ destination address
(1)   50/       0 : =$10                 dreqlen		equ	$10		; DREQ length
(1)   51/       0 : =$12                 dreqfifo	equ	$12		; DREQ FIFO
(1)   52/       0 : =$14                 vresintclr	equ	$14		; VRES interrupt clear
(1)   53/       0 : =$16                 vintclr		equ	$16		; V interrupt clear
(1)   54/       0 : =$18                 hintclr		equ	$18		; H interrupt clear
(1)   55/       0 : =$1A                 cmdintclr	equ	$1a		; CMD interrupt clear
(1)   56/       0 : =$1C                 pwmintclr	equ	$1C		; PWM interrupt clear
(1)   57/       0 : =$20                 comm0		equ	$20		; Communication ports
(1)   58/       0 : =$21                 comm1		equ	$21		; ** ALL CPUs can see this ports: including Z80
(1)   59/       0 : =$22                 comm2		equ	$22		; only be careful with the read/write directions. **
(1)   60/       0 : =$23                 comm3		equ	$23		;
(1)   61/       0 : =$24                 comm4		equ	$24		;
(1)   62/       0 : =$25                 comm5		equ	$25		;
(1)   63/       0 : =$26                 comm6		equ	$26		;
(1)   64/       0 : =$27                 comm7		equ	$27		;
(1)   65/       0 : =$28                 comm8		equ	$28		;
(1)   66/       0 : =$29                 comm9		equ	$29		;
(1)   67/       0 : =$2A                 comm10		equ	$2A		;
(1)   68/       0 : =$2B                 comm11		equ	$2B		;
(1)   69/       0 : =$2C                 comm12		equ	$2C		;
(1)   70/       0 : =$2D                 comm13		equ	$2D		;
(1)   71/       0 : =$2E                 comm14		equ	$2E		;
(1)   72/       0 : =$2F                 comm15		equ	$2F		;
(1)   73/       0 : =$30                 timerctl	equ	$30		; PWM Timer Control
(1)   74/       0 : =$31                 pwmctl		equ	$31		; PWM Control
(1)   75/       0 : =$32                 cycle		equ	$32		; PWM Cycle
(1)   76/       0 : =$34                 lchwidth	equ	$34		; PWM L ch Width
(1)   77/       0 : =$36                 rchwidth	equ	$36		; PWM R ch Width
(1)   78/       0 : =$38                 monowidth	equ	$38		; PWM Monaural Width
(1)   79/       0 :                     
(1)   80/       0 :                     ; adapter
(1)   81/       0 : =$1                  ADEN		equ	%00000001	; MARS Enabled: No/Yes
(1)   82/       0 : =$2                  RES		equ	%00000010	; SH2 Reset: Yes/Cancelled
(1)   83/       0 : =$80                 FM		equ	%10000000	; SuperVDP permission: MD or SH
(1)   84/       0 :                     
(1)   85/       0 :                     ; framectl
(1)   86/       0 : =$1                  FS		equ	%00000001	; Current framebuffer DRAM pixel data
(1)   87/       0 : =$2                  FEN		equ	%00000010	; Can write to Framebuffer: Yes/No
(1)   88/       0 :                     
(1)   89/       0 :                     ; vdpsts
(1)   90/       0 : =$80                 VBLK		equ	%10000000	; VBlank bit
(1)   91/       0 : =$40                 HBLK		equ	%01000000	; HBlank bit
(1)   92/       0 : =$20                 PEN		equ	%00100000	; Can write to Palette: Yes/No
(1)   93/       0 :                     
(1)   94/       0 :                     ; intmask
(1)   95/       0 : =$8                  VIRQ_ON		equ	$08		; IRQ masks for IRQ mask register
(1)   96/       0 : =$4                  HIRQ_ON		equ	$04
(1)   97/       0 : =$2                  CMDIRQ_ON	equ	$02
(1)   98/       0 : =$1                  PWMIRQ_ON	equ	$01
(1)   99/       0 :                     
(1)  100/       0 :                     ; ------------------------------------------------
(1)  101/       0 :                     ; Super VDP
(1)  102/       0 :                     ;
(1)  103/       0 :                     ; _vdpreg
(1)  104/       0 :                     ; ------------------------------------------------
(1)  105/       0 :                     
(1)  106/       0 : =$0                  tvmode		equ	$00		; TV mode
(1)  107/       0 : =$1                  bitmapmd	equ	$01		; Bitmap mode
(1)  108/       0 : =$2                  shift		equ	$02		; Lineshift bit
(1)  109/       0 : =$4                  filllength	equ	$04		; Auto Fill Length register
(1)  110/       0 : =$6                  fillstart	equ	$06		; Auto Fill Start Address register
(1)  111/       0 : =$8                  filldata	equ	$08		; Auto Fill Data register
(1)  112/       0 : =$A                  vdpsts		equ	$0A		; VDP Status register
(1)  113/       0 : =$B                  framectl	equ	$0B		; Frame Buffer Control register
(1)  114/       0 :                     
(1)  115/       0 :                     ; ------------------------------------------------------------
(1)  116/       0 :                     ; SH2 internal registers
(1)  117/       0 :                     ;
(1)  118/       0 :                     ; DREQ and PWM are directly connected to
(1)  119/       0 :                     ; their specific channel:
(1)  120/       0 :                     ; Channel 0: DREQ
(1)  121/       0 :                     ; Channel 1: PWM
(1)  122/       0 :                     ; ------------------------------------------------------------
(1)  123/       0 :                     
(1)  124/       0 : =$FFFFFE00           _SERIAL		equ	$FFFFFE00	; Serial Control
(1)  125/       0 : =$FFFFFE10           _FRT		equ	$FFFFFE10	; Free run timer
(1)  126/       0 : =$0                  _TIER		equ	$00		; Timer interrupt enable register
(1)  127/       0 : =$1                  _TCSR		equ	$01		; Timer control & status register
(1)  128/       0 : =$2                  _FRC_H		equ	$02		; Free running counter High
(1)  129/       0 : =$3                  _FRC_L		equ	$03		; Free running counter Low
(1)  130/       0 : =$4                  _OCR_H		equ	$04		; Output compare register High
(1)  131/       0 : =$5                  _OCR_L		equ	$05		; Output compare register Low
(1)  132/       0 : =$6                  _TCR		equ	$06		; Timer control register
(1)  133/       0 : =$7                  _TOCR		equ	$07		; Timer output compare control register
(1)  134/       0 : =$FFFFFE92           _CCR		equ	$FFFFFE92	; Cache register (WORD)
(1)  135/       0 : =$FFFFFF00           _JR		equ	$FFFFFF00	; DIVU (--- / val)
(1)  136/       0 : =$FFFFFF04           _HRL32		equ	$FFFFFF04	; DIVU (val / ---) or RIGHT-long result on Read.
(1)  137/       0 : =$FFFFFF10           _HRH		equ	$FFFFFF10	; DIVU Result: LEFT long
(1)  138/       0 : =$FFFFFF14           _HRL		equ	$FFFFFF14	; DIVU Result: RIGHT long
(1)  139/       0 : =$FFFFFF80           _DMASOURCE0	equ	$FFFFFF80	; DMA source address 0
(1)  140/       0 : =$FFFFFF84           _DMADEST0	equ	$FFFFFF84	; DMA destination address 0
(1)  141/       0 : =$FFFFFF88           _DMACOUNT0	equ	$FFFFFF88	; DMA transfer count 0
(1)  142/       0 : =$FFFFFF8C           _DMACHANNEL0	equ	$FFFFFF8C	; DMA channel control 0
(1)  143/       0 : =$FFFFFF90           _DMASOURCE1	equ	$FFFFFF90	; DMA source address 1
(1)  144/       0 : =$FFFFFF94           _DMADEST1	equ	$FFFFFF94	; DMA destination address 1
(1)  145/       0 : =$FFFFFF98           _DMACOUNT1	equ	$FFFFFF98	; DMA transfer count 1
(1)  146/       0 : =$FFFFFF9C           _DMACHANNEL1	equ	$FFFFFF9C	; DMA channel control 1
(1)  147/       0 : =$FFFFFFA0           _DMAVECTORN0	equ	$FFFFFFA0	; DMA vector number N0
(1)  148/       0 : =$FFFFFFA4           _DMAVECTORE0	equ	$FFFFFFA4	; DMA vector number E0
(1)  149/       0 : =$FFFFFFA8           _DMAVECTORN1	equ	$FFFFFFA8	; DMA vector number N1
(1)  150/       0 : =$FFFFFFAC           _DMAVECTORE1	equ	$FFFFFFAC	; DMA vector number E1
(1)  151/       0 : =$FFFFFFB0           _DMAOPERATION	equ	$FFFFFFB0	; DMA operation
(1)  152/       0 : =$FFFFFFB4           _DMAREQACK0	equ	$FFFFFFB4	; DMA request/ack select control 0
(1)  153/       0 : =$FFFFFFB8           _DMAREQACK1	equ	$FFFFFFB8	; DMA request/ack select control 1
(1)  154/       0 :                     
      39/       0 :                     		include	"nikona/md/map.asm"	; Genesis hardware map and other areas
(1)    1/       0 :                     ; ===========================================================================
(1)    2/       0 :                     ; ----------------------------------------------------------------
(1)    3/       0 :                     ; Genesis / Pico 68000 map
(1)    4/       0 :                     ; ----------------------------------------------------------------
(1)    5/       0 :                     
(1)    6/       0 : =$200000             sys_sram	equ	$200000		; Second half of 4MB rom or external RAM, Normal or Save data
(1)    7/       0 : =$A00000             z80_cpu		equ	$A00000		; Z80 CPU area, size: $2000
(1)    8/       0 : =$A04000             ym_ctrl_1	equ	$A04000		; YM2612 reg 1
(1)    9/       0 : =$A04001             ym_data_1	equ	$A04001		; YM2612 reg 2
(1)   10/       0 : =$A04002             ym_ctrl_2	equ	$A04002		; YM2612 reg 1
(1)   11/       0 : =$A04003             ym_data_2	equ	$A04003		; YM2612 reg 2
(1)   12/       0 : =$A10001             sys_io		equ	$A10001		; bits: OVRSEAS(7)|PAL(6)|DISK(5)|VER(3-0)
(1)   13/       0 : =$A10003             sys_data_1	equ	$A10003		; Port 1 DATA
(1)   14/       0 : =$A10005             sys_data_2	equ	$A10005		; Port 2 DATA
(1)   15/       0 : =$A10007             sys_data_3	equ	$A10007		; Modem DATA
(1)   16/       0 : =$A10009             sys_ctrl_1	equ	$A10009		; Port 1 CTRL
(1)   17/       0 : =$A1000B             sys_ctrl_2	equ	$A1000B		; Port 2 CTRL
(1)   18/       0 : =$A1000D             sys_ctrl_3	equ	$A1000D		; Modem CTRL
(1)   19/       0 : =$A11100             z80_bus 	equ	$A11100		; only use bit 0 (bit 8 as WORD)
(1)   20/       0 : =$A11200             z80_reset	equ	$A11200		; WRITE only ($0000 reset/$0100 cancel)
(1)   21/       0 : =$A130F1             md_bank_sram	equ	$A130F1		; Make SRAM visible at $200000
(1)   22/       0 : =$A14000             sys_tmss	equ	$A14000		; write "SEGA" here for ver > 0
(1)   23/       0 :                     
(1)   24/       0 :                     
(1)   25/       0 :                     ; !@ PICO addresses
(1)   26/       0 :                     ; !@ Also see and add support for the following secret quirks: https://qufb.gitlab.io/writeups/pico
(1)   27/       0 : =$800000             pico_START:			equ $800000
(1)   28/       0 : =$800001             pico_ver:			equ	$800001	;1 byte
(1)   29/       0 : =$800003             pico_btn:			equ	$800003	;~
(1)   30/       0 : =$800005             pico_penX_hi:		equ	$800005	;~
(1)   31/       0 : =$800007             pico_penX_lo:		equ	$800007	;~
(1)   32/       0 : =$800009             pico_penY_hi:		equ	$800009	;~
(1)   33/       0 : =$80000B             pico_penY_lo:		equ	$80000B	;~
(1)   34/       0 : =$80000D             pico_BookPage:		equ	$80000D	;~
(1)   35/       0 : =$80000F             pico_copType:		equ	$80000F	;~
(1)   36/       0 : =$800010             pico_pcm_data:		equ	$800010	;1 word
(1)   37/       0 : =$800012             pico_pcm_ctrl:		equ	$800012	;~
(1)   38/       0 : =$800015             pico_port_1_data:	equ	$800015	;~
(1)   39/       0 : =$800017             pico_port_1_ctrl:	equ	$800017	;~
(1)   40/       0 : =$800019             pico_security_addr:	equ	$800019	;2 odd words
(1)   41/       0 :                     
(1)   42/       0 :                     ; !@ Copera addresses
(1)   43/       0 : =$BFF801             copr_ymz263b_a0:	equ	$BFF801	;1 word
(1)   44/       0 : =$BFF803             copr_ymz263b_d0:	equ	$BFF803	;~
(1)   45/       0 : =$BFF805             copr_ymz263b_a1:	equ	$BFF805	;~
(1)   46/       0 : =$BFF807             copr_ymz263b_d1:	equ	$BFF807	;~
(1)   47/       0 :                     
(1)   48/       0 : =$BFF824             copr_ymf262_a0:		equ	$BFF824
(1)   49/       0 : =$BFF828             copr_ymf262_d0:		equ	$BFF828
(1)   50/       0 : =$BFF834             copr_ymf262_a1:		equ	$BFF834
(1)   51/       0 :                     
(1)   52/       0 : =$BFF840             copr_ym712b_a0:		equ	$BFF840
(1)   53/       0 :                     
(1)   54/       0 :                     
(1)   55/       0 :                     ;VDP/PSG
(1)   56/       0 : =$C00000             vdp_data	equ	$C00000		; video data port
(1)   57/       0 : =$C00004             vdp_ctrl	equ	$C00004		; video control port
(1)   58/       0 : =$C00011             psg_ctrl	equ	$C00011		; PSG control
(1)   59/       0 :                     
(1)   60/       0 :                     ; ----------------------------------------------------------------
(1)   61/       0 :                     ; Genesis / Mega drive Z80 map
(1)   62/       0 :                     ; ----------------------------------------------------------------
(1)   63/       0 :                     
(1)   64/       0 : =$4000               zym_ctrl_1	equ	$4000		; YM2612 reg 1
(1)   65/       0 : =$4001               zym_data_1	equ	$4001		; YM2612 reg 2
(1)   66/       0 : =$4002               zym_ctrl_2	equ	$4002		; YM2612 reg 1
(1)   67/       0 : =$4003               zym_data_2	equ	$4003		; YM2612 reg 2
(1)   68/       0 : =$6000               zbank		equ	$6000		; Z80 ROM BANK: %XXXXXXXX X0000000 00000000 (write 9 times)
(1)   69/       0 :                     ; zvdp_data	equ	$7F00		; VDP data port
(1)   70/       0 :                     ; zvdp_ctrl	equ	$7F04		; VDP control port
(1)   71/       0 : =$7F11               zpsg_ctrl	equ	$7F11		; PSG control
(1)   72/       0 :                     
      40/       0 :                     		include	"nikona/ram.asm"	; Genesis RAM sections
(1)    1/       0 :                     ; ===========================================================================
(1)    2/       0 :                     ; ----------------------------------------------------------------
(1)    3/       0 :                     ; Genesis/Pico 68000 RAM section (SCD: "MAIN-CPU")
(1)    4/       0 :                     ;
(1)    5/       0 :                     ; Reserved RAM areas:
(1)    6/       0 :                     ; $FFFD00-$FFFDEF |  SCD: Boot-ROM's Vector jumps ($FFFD00-$FFFDB3)
(1)    7/       0 :                     ;                 |  32X: HOT-START jump code
(1)    8/       0 :                     ;                 | PICO: 68K Sound driver buffer (TODO)
(1)    9/       0 :                     ;                 | Else: Unused, could be used for bankswitching
(1)   10/       0 :                     ;                 |       or any modern-day cartridge chip
(1)   11/       0 :                     ; $FFFDF0-$FFFDFF | Byte writes from Z80
(1)   12/       0 :                     ; $FFFE00-$FFFFFF | Stack
(1)   13/       0 :                     ; ----------------------------------------------------------------
(1)   14/       0 :                     
(1)   15/       0 :                     ; ====================================================================
(1)   16/       0 :                     ; ----------------------------------------------------------------
(1)   17/       0 :                     ; 68000 RAM SIZES (MAIN-CPU in SegaCD/CD32X)
(1)   18/       0 :                     ; ----------------------------------------------------------------
(1)   19/       0 :                     
(1)   20/       0 : =$1000               MAX_Globals	equ $1000	; USER Global variables
(1)   21/       0 : =$2000               MAX_ScrnBuff	equ $2000	; Current Screen's temporal memory
(1)   22/       0 : =$3000               MAX_LibCode	equ $3000	; SCD/32X/CD32X: Nikona lib
(1)   23/       0 : =$7800               MAX_UserCode	equ $7800	; SCD/32X/CD32X: Current SCREEN's CODE+small DATA
(1)   24/       0 :                     
(1)   25/       0 :                     ; ====================================================================
(1)   26/       0 :                     
(1)   27/       0 : =$FFFD00             SET_RAMLIMIT	equ $FFFD00
(1)   28/       0 :                     
(1)   29/       0 :                     ; ===========================================================================
(1)   30/       0 :                     ; ----------------------------------------------------------------
(1)   31/       0 :                     ; MAIN USER RAM
(1)   32/       0 :                     ; ----------------------------------------------------------------
(1)   33/       0 :                     
(1)   34/       0 : (MACRO)              			memory $FFFF0000
(1)   34/       0 : =$0                  GLBL_LASTPC     := *
(1)   34/       0 :                                     dephase
(1)   34/FFFFFFFFFFFF0000 :                                     phase $FFFF0000
(1)   34/FFFFFFFFFFFF0000 : =$FFFFFFFFFFFF0000   GLBL_LASTORG    := *
(1)   40/FFFFFFFFFFFF0000 :                     .end:
(1)   41/FFFFFFFFFFFF0000 : (MACRO)              			endmemory
(1)   41/       0 :                     .here:          dephase
(1)   41/       0 :                                     ds.b -(.here-GLBL_LASTORG)
(1)   41/       0 :                                     phase GLBL_LASTPC
(1)   42/       0 :                     
(1)   46/       0 : (MACRO)              			memory $FFFFB000	; Genesis/Pico ONLY
(1)   46/       0 : =$0                  GLBL_LASTPC     := *
(1)   46/       0 :                                     dephase
(1)   46/FFFFFFFFFFFFB000 :                                     phase $FFFFB000
(1)   46/FFFFFFFFFFFFB000 : =$FFFFFFFFFFFFB000   GLBL_LASTORG    := *
(1)   48/FFFFFFFFFFFFB000 :                     RAM_ScrnBuff		ds.b MAX_ScrnBuff
(1)   49/FFFFFFFFFFFFD000 :                     RAM_Globals		ds.b MAX_Globals
(1)   50/FFFFFFFFFFFFE000 :                     RAM_SaveData		ds.b SET_SRAMSIZE	; Read/Write of the SAVE data
(1)   51/FFFFFFFFFFFFE100 :                     RAM_HorScroll		ds.l 240		; DMA Horizontal scroll data
(1)   52/FFFFFFFFFFFFE4C0 :                     RAM_VerScroll		ds.l 320/16		; DMA Vertical scroll data
(1)   53/FFFFFFFFFFFFE510 :                     RAM_Sprites		ds.w 8*80		; DMA Sprites
(1)   54/FFFFFFFFFFFFEA10 :                     RAM_Palette		ds.w 64			; DMA Palette
(1)   55/FFFFFFFFFFFFEA90 :                     
(1)   56/FFFFFFFFFFFFEA90 :                     ; ----------------------------------------
(1)   57/FFFFFFFFFFFFEA90 :                     ; * FIRST PASS LABELS *
(1)   66/FFFFFFFFFFFFEA90 :                     ; ----------------------------------------
(1)   67/FFFFFFFFFFFFEA90 :                     ; * AUTOMATIC SIZES *
(1)   71/FFFFFFFFFFFFEA90 :                     RAM_MdVideo		ds.b sizeof_mdvid-RAM_MdVideo	; $FF8000
(1)   72/FFFFFFFFFFFFF0F8 :                     RAM_MdSystem		ds.b sizeof_mdsys-RAM_MdSystem	;
(1)   73/FFFFFFFFFFFFF190 :                     sizeof_MdRam		ds.l 0
(1)   75/FFFFFFFFFFFFF194 :                     ; ------------------------------------------------
(1)   76/FFFFFFFFFFFFF194 : (MACRO)              			endmemory
(1)   76/    4194 :                     .here:          dephase
(1)   76/    4194 :                                     ds.b -(.here-GLBL_LASTORG)
(1)   76/       0 :                                     phase GLBL_LASTPC
(1)   77/       0 :                     
(1)   81/       0 :                     
(1)   82/       0 :                     ; --------------------------------------------------------
(1)   83/       0 :                     ; SCD and 32X special section
(1)   84/       0 :                     ; --------------------------------------------------------
(1)   85/       0 :                     
(1)  115/       0 :                     
(1)  116/       0 :                     ; --------------------------------------------------------
(1)  117/       0 :                     ; Fixed areas
(1)  118/       0 :                     ; --------------------------------------------------------
(1)  119/       0 :                     
(1)  120/       0 : =$FFFFFD00           RAM_ExReserved		equ $FFFFFD00	; $100 bytes
(1)  121/       0 : =$0                  RAM_Stack		equ 0		; <-- Goes backwards
(1)  122/       0 :                     
      41/       0 :                     		include	"nikona/shared.asm"	; Shared variables and specials
(1)    1/       0 :                     ; ===========================================================================
(1)    2/       0 :                     ; -------------------------------------------------------------------
(1)    3/       0 :                     ; Shared variables
(1)    4/       0 :                     ; -------------------------------------------------------------------
(1)    5/       0 :                     
(1)    6/       0 :                     ; ====================================================================
(1)    7/       0 :                     ; ----------------------------------------------------------------
(1)    8/       0 :                     ; MCD SECTION
(1)    9/       0 :                     ; ----------------------------------------------------------------
(1)   10/       0 :                     
(1)   50/       0 :                     
(1)   51/       0 :                     ; ====================================================================
(1)   52/       0 :                     ; ----------------------------------------------------------------
(1)   53/       0 :                     ; 32X SECTION
(1)   54/       0 :                     ; ----------------------------------------------------------------
(1)   55/       0 :                     
(1)  242/       0 :                     
      42/       0 :                     
      43/       0 :                     ; ====================================================================
      44/       0 :                     ; ----------------------------------------------------------------
      45/       0 :                     ; GLOBAL variables
      46/       0 :                     ; ----------------------------------------------------------------
      47/       0 :                     
      48/       0 : (MACRO)              		memory RAM_Globals
      48/       0 : =$0                  GLBL_LASTPC     := *
      48/       0 :                                     dephase
      48/FFFFFFFFFFFFD000 :                                     phase RAM_GLOBALS
      48/FFFFFFFFFFFFD000 : =$FFFFFFFFFFFFD000   GLBL_LASTORG    := *
      49/FFFFFFFFFFFFD000 :                     	; ------------------------------------------------
      50/FFFFFFFFFFFFD000 :                     		include "game/globals.asm"
(1)    1/FFFFFFFFFFFFD000 :                     ; ====================================================================
(1)    2/FFFFFFFFFFFFD000 :                     ; ----------------------------------------------------------------
(1)    3/FFFFFFFFFFFFD000 :                     ; USER GLOBAL settings and variables at RAM_Global
(1)    4/FFFFFFFFFFFFD000 :                     ;
(1)    5/FFFFFFFFFFFFD000 :                     ; Maximum size: $1000
(1)    6/FFFFFFFFFFFFD000 :                     ; ----------------------------------------------------------------
(1)    7/FFFFFFFFFFFFD000 :                     
(1)    8/FFFFFFFFFFFFD000 :                     ; ------------------------------------------------------------
(1)    9/FFFFFFFFFFFFD000 :                     ; Your Score, Lives, Level number, etc. go here.
(1)   10/FFFFFFFFFFFFD000 :                     ; These will remain after changing screens, for temporal
(1)   11/FFFFFFFFFFFFD000 :                     ; buffers use RAM_ScrnBuff (Max. $1000, MAX_ScrnBuff)
(1)   12/FFFFFFFFFFFFD000 :                     ;
(1)   13/FFFFFFFFFFFFD000 :                     ; You can use any name you want but be careful with any
(1)   14/FFFFFFFFFFFFD000 :                     ; conflicting names used by the Nikona code
(1)   15/FFFFFFFFFFFFD000 :                     ; "equ" es permanent, "set" is rewritable during build
(1)   16/FFFFFFFFFFFFD000 :                     ;
(1)   17/FFFFFFFFFFFFD000 :                     ; Example variables:
(1)   18/FFFFFFFFFFFFD000 :                     ;
(1)   19/FFFFFFFFFFFFD000 :                     ; example_value		equ $1234
(1)   20/FFFFFFFFFFFFD000 :                     ; example_bool		equ True
(1)   21/FFFFFFFFFFFFD000 :                     ; example_string	equ "NIKONA"
(1)   22/FFFFFFFFFFFFD000 :                     ;
(1)   23/FFFFFFFFFFFFD000 :                     ; Example RAM labels:
(1)   24/FFFFFFFFFFFFD000 :                     ;
(1)   25/FFFFFFFFFFFFD000 :                     ; RAM_YourName		ds.X N ; X: size b, w, l
(1)   26/FFFFFFFFFFFFD000 :                     ;                              ; N: number of items
(1)   27/FFFFFFFFFFFFD000 :                     ;                              ;
(1)   28/FFFFFFFFFFFFD000 :                     ; RAM_Glbl_ExL		ds.l 8 ; Reserve 8 LONGS ($20 bytes)
(1)   29/FFFFFFFFFFFFD000 :                     ; RAM_Glbl_ExW		ds.w 5 ; Reserve 5 WORDS ($0A bytes)
(1)   30/FFFFFFFFFFFFD000 :                     ; RAM_Glbl_ExB		ds.b 6 ; Reserve 6 BYTES
(1)   31/FFFFFFFFFFFFD000 :                     ;
(1)   32/FFFFFFFFFFFFD000 :                     ; Be careful with the aligment or you will get an
(1)   33/FFFFFFFFFFFFD000 :                     ; ADDRESS ERROR on real hardware
(1)   34/FFFFFFFFFFFFD000 :                     ; ------------------------------------------------------------
(1)   35/FFFFFFFFFFFFD000 :                     
(1)   36/FFFFFFFFFFFFD000 :                     RAM_Glbl_Example_L	ds.l 1		; 1 long (4 bytes)
(1)   37/FFFFFFFFFFFFD004 :                     RAM_Glbl_Example_W	ds.w 1		; 1 word (2 bytes)
(1)   38/FFFFFFFFFFFFD006 :                     RAM_Glbl_Example_B	ds.b 1		; 1 byte
(1)   39/FFFFFFFFFFFFD007 :                     					ds.b 1
(1)   40/FFFFFFFFFFFFD008 :                     
(1)   41/FFFFFFFFFFFFD008 :                     ;!@ Stores hold,press,release state for ANY controller (c1-c5). This = Pico_pen OR (pico_ext AND Genesis p1-p2 AND modem)
(1)   42/FFFFFFFFFFFFD008 :                     RAM_Glbl_joy_hold		ds.w 1
(1)   43/FFFFFFFFFFFFD00A :                     RAM_Glbl_joy_press		ds.w 1
(1)   44/FFFFFFFFFFFFD00C :                     RAM_Glbl_joy_release	ds.w 1
(1)   45/FFFFFFFFFFFFD00E :                     
(1)   46/FFFFFFFFFFFFD00E :                     ;!@ Stores hold,press,release state for standard Genesis/expansions controllers (pico_ext, Genesis p1/p2 AND modem)
(1)   47/FFFFFFFFFFFFD00E :                     RAM_Glbl_joy2_hold		ds.w 1
(1)   48/FFFFFFFFFFFFD010 :                     RAM_Glbl_joy2_press		ds.w 1
(1)   49/FFFFFFFFFFFFD012 :                     RAM_Glbl_joy2_release	ds.w 1
      51/FFFFFFFFFFFFD014 :                     		align 2
      52/FFFFFFFFFFFFD016 :                     	; ------------------------------------------------
      53/FFFFFFFFFFFFD016 :                     sizeof_MdGlbl	ds.l 0
      57/FFFFFFFFFFFFD01C : (MACRO)              		erreport "USER Globals",(sizeof_MdGlbl-RAM_Globals),MAX_Globals	; Report error if ran out
      58/FFFFFFFFFFFFD01C : (MACRO)              		endmemory
      58/      1C :                     .here:          dephase
      58/      1C :                                     ds.b -(.here-GLBL_LASTORG)
      58/       0 :                                     phase GLBL_LASTPC
      59/       0 :                     
      60/       0 :                     ; ====================================================================
      61/       0 :                     ; ----------------------------------------------------------------
      62/       0 :                     ; SAVE data structure
      63/       0 :                     ; ----------------------------------------------------------------
      64/       0 :                     
      65/       0 : (MACRO)              		memory RAM_SaveData
      65/       0 : =$0                  GLBL_LASTPC     := *
      65/       0 :                                     dephase
      65/FFFFFFFFFFFFE000 :                                     phase RAM_SAVEDATA
      65/FFFFFFFFFFFFE000 : =$FFFFFFFFFFFFE000   GLBL_LASTORG    := *
      66/FFFFFFFFFFFFE000 :                     	; ------------------------------------------------
      67/FFFFFFFFFFFFE000 :                     		include "game/savestruct.asm"
(1)    1/FFFFFFFFFFFFE000 :                     ; ====================================================================
(1)    2/FFFFFFFFFFFFE000 :                     ; ----------------------------------------------------------------
(1)    3/FFFFFFFFFFFFE000 :                     ; Save file struct
(1)    4/FFFFFFFFFFFFE000 :                     ;
(1)    5/FFFFFFFFFFFFE000 :                     ; Make sure SET_ENBLSAVE is enabled on rominfo.asm
(1)    6/FFFFFFFFFFFFE000 :                     ; ----------------------------------------------------------------
(1)    7/FFFFFFFFFFFFE000 :                     
(1)    8/FFFFFFFFFFFFE000 :                     RAM_Save_TAG		ds.b 4		; ** DO NOT REMOVE **
(1)    9/FFFFFFFFFFFFE004 :                     RAM_Save_Counter	ds.l 1		; Temporal counter
(1)   10/FFFFFFFFFFFFE008 :                     
      68/FFFFFFFFFFFFE008 :                     		align 2
      69/FFFFFFFFFFFFE00A :                     	; ------------------------------------------------
      70/FFFFFFFFFFFFE00A :                     sizeof_SaveInfo	ds.l 0
      74/FFFFFFFFFFFFE010 :                     ; 		erreport "SAVE struct",(sizeof_SaveInfo-RAM_SaveData),SET_SRAMSIZE	; Report error if ran out
      75/FFFFFFFFFFFFE010 : (MACRO)              		endmemory
      75/      10 :                     .here:          dephase
      75/      10 :                                     ds.b -(.here-GLBL_LASTORG)
      75/       0 :                                     phase GLBL_LASTPC
      76/       0 :                     
      77/       0 :                     ; ====================================================================
      78/       0 :                     ; ----------------------------------------------------------------
      79/       0 :                     ; Init procedures for all systems
      80/       0 :                     ; ----------------------------------------------------------------
      81/       0 :                     
      82/       0 :                     		!org 0						; Start at 0
      83/       0 :                     
      84/       0 :                     ; ---------------------------------------------
      85/       0 :                     ; SEGA 32X
      86/       0 :                     ; ---------------------------------------------
      87/       0 :                     
     143/       0 :                     		include	"nikona/head_pico.asm"			; Pico header
(1)    1/       0 :                     ; ===========================================================================
(1)    2/       0 :                     ; -------------------------------------------------------------------
(1)    3/       0 :                     ; PICO header
(1)    4/       0 :                     ; -------------------------------------------------------------------
(1)    5/       0 :                     
(1)    6/       0 : 0000 0000           		dc.l RAM_Stack		; Stack point
(1)    7/       4 : 0000 0208           		dc.l Pico_Entry		; Entry
(1)    8/       8 : 0000 0200           		dc.l Pico_ErrBus	; Bus error
(1)    9/       C : 0000 0200           		dc.l Pico_ErrAddr	; Address error
(1)   10/      10 : 0000 0200           		dc.l Pico_ErrIll	; ILLEGAL Instruction
(1)   11/      14 : 0000 0200           		dc.l Pico_ErrZDiv	; Divide by 0
(1)   12/      18 : 0000 0200           		dc.l Pico_ErrChk	; CHK Instruction
(1)   13/      1C : 0000 0200           		dc.l Pico_ErrTrapV	; TRAPV Instruction
(1)   14/      20 : 0000 0200           		dc.l Pico_ErrPrivl	; Privilege violation
(1)   15/      24 : 0000 0200           		dc.l Pico_Trace		; Trace
(1)   16/      28 : 0000 0200           		dc.l Pico_Line1010	; Line 1010 Emulator
(1)   17/      2C : 0000 0200           		dc.l Pico_Line1111	; Line 1111 Emulator
(1)   18/      30 : 0000 0200           		dc.l Pico_ErrorEx	; Error exception
(1)   19/      34 : 0000 0200           		dc.l Pico_ErrorEx
(1)   20/      38 : 0000 0200           		dc.l Pico_ErrorEx
(1)   21/      3C : 0000 0200           		dc.l Pico_ErrorEx
(1)   22/      40 : 0000 0200           		dc.l Pico_ErrorEx
(1)   23/      44 : 0000 0200           		dc.l Pico_ErrorEx
(1)   24/      48 : 0000 0200           		dc.l Pico_ErrorEx
(1)   25/      4C : 0000 0200           		dc.l Pico_ErrorEx
(1)   26/      50 : 0000 0200           		dc.l Pico_ErrorEx
(1)   27/      54 : 0000 0200           		dc.l Pico_ErrorEx
(1)   28/      58 : 0000 0200           		dc.l Pico_ErrorEx
(1)   29/      5C : 0000 0200           		dc.l Pico_ErrorEx
(1)   30/      60 : 0000 0200           		dc.l Pico_ErrorEx
(1)   31/      64 : 0000 0200           		dc.l Pico_Error
(1)   32/      68 : FFFF F182           		dc.l RAM_ExternalJump	; PICO: User interrupt
(1)   33/      6C : 0000 0206           		dc.l Pico_PcmInt	; PICO: PCM-full interrupt
(1)   34/      70 : FFFF F17C           		dc.l RAM_HBlankJump	; RAM jump for HBlank (JMP xxxx xxxx)
(1)   35/      74 : 0000 0206           		dc.l Pico_UnkInt	; PICO: Unknown
(1)   36/      78 : FFFF F176           		dc.l RAM_VBlankJump	; RAM jump for VBlank (JMP xxxx xxxx)
(1)   37/      7C : 0000 0200           		dc.l Pico_Error
(1)   38/      80 : 0000 0200           		dc.l Pico_Error
(1)   39/      84 : 0000 0200           		dc.l Pico_Error
(1)   40/      88 : 0000 0200           		dc.l Pico_Error
(1)   41/      8C : 0000 0200           		dc.l Pico_Error
(1)   42/      90 : 0000 0200           		dc.l Pico_Error
(1)   43/      94 : 0000 0200           		dc.l Pico_Error
(1)   44/      98 : 0000 0200           		dc.l Pico_Error
(1)   45/      9C : 0000 0200           		dc.l Pico_Error
(1)   46/      A0 : 0000 0200           		dc.l Pico_Error
(1)   47/      A4 : 0000 0200           		dc.l Pico_Error
(1)   48/      A8 : 0000 0200           		dc.l Pico_Error
(1)   49/      AC : 0000 0200           		dc.l Pico_Error
(1)   50/      B0 : 0000 0200           		dc.l Pico_Error
(1)   51/      B4 : 0000 0200           		dc.l Pico_Error
(1)   52/      B8 : 0000 0200           		dc.l Pico_Error
(1)   53/      BC : 0000 0200           		dc.l Pico_Error
(1)   54/      C0 : 0000 0200           		dc.l Pico_Error
(1)   55/      C4 : 0000 0200           		dc.l Pico_Error
(1)   56/      C8 : 0000 0200           		dc.l Pico_Error
(1)   57/      CC : 0000 0200           		dc.l Pico_Error
(1)   58/      D0 : 0000 0200           		dc.l Pico_Error
(1)   59/      D4 : 0000 0200           		dc.l Pico_Error
(1)   60/      D8 : 0000 0200           		dc.l Pico_Error
(1)   61/      DC : 0000 0200           		dc.l Pico_Error
(1)   62/      E0 : 0000 0200           		dc.l Pico_Error
(1)   63/      E4 : 0000 0200           		dc.l Pico_Error
(1)   64/      E8 : 0000 0200           		dc.l Pico_Error
(1)   65/      EC : 0000 0200           		dc.l Pico_Error
(1)   66/      F0 : 0000 0200           		dc.l Pico_Error
(1)   67/      F4 : 0000 0200           		dc.l Pico_Error
(1)   68/      F8 : 0000 0200           		dc.l Pico_Error
(1)   69/      FC : 0000 0200           		dc.l Pico_Error
(1)   70/     100 :                     		
(1)   71/     100 :                     	;!@ Pico systype (Copera, Pico, or Mega Pico)
(1)   76/     100 : 5345 4741 2050      			dc.b HTAG_SYS_MEGAPICO;"SEGA MEGA PICO  "
              106 : 4943 4F20 2020 
              10C : 2020 2020          
(1)   81/     110 : 2843 2947 4636      		dc.b HTAG_DATEINFO;"(C)GF64 2024.???"
              116 : 3420 3230 3235 
              11C : 2E3F 3F3F          
(1)   82/     120 : 4E69 6B6F 6E61      		dc.b HTAG_NDM_PICO;"Nikona PICO                                     "
              126 : 2050 4943 4F20 
              12C : 2020 2020 2020 
              132 : 2020 2020 2020 
              138 : 2020 2020 2020 
              13E : 2020 2020 2020 
              144 : 2020 2020 2020 
              14A : 2020 2020 2020    
(1)   83/     150 : 4E69 6B6F 6E61      		dc.b HTAG_NOV_PICO;"Nikona PICO                                     "
              156 : 2050 4943 4F20 
              15C : 2020 2020 2020 
              162 : 2020 2020 2020 
              168 : 2020 2020 2020 
              16E : 2020 2020 2020 
              174 : 2020 2020 2020 
              17A : 2020 2020 2020    
(1)   84/     180 : 474D 2048 4F4D      		dc.b HTAG_SERIAL;"GM HOMEBREW-02"
              186 : 4542 5245 572D 
              18C : 3032             
(1)   85/     18E : 0000                		dc.w 0
(1)   86/     190 : 2020 2020 2020      		dc.b "                "
              196 : 2020 2020 2020 
              19C : 2020 2020          
(1)   87/     1A0 : 0000 0000           		dc.l 0
(1)   88/     1A4 : 0004 35F8           		dc.l ROM_END
(1)   89/     1A8 : 00FF 0000           		dc.l $FF0000
(1)   90/     1AC : 00FF FFFF           		dc.l $FFFFFF
(1)   91/     1B0 : 2020 2020           		dc.l $20202020		; PICO can't use SRAM
(1)   92/     1B4 : 2020 2020           		dc.l $20202020
(1)   93/     1B8 : 2020 2020           		dc.l $20202020
(1)   94/     1BC :                     		align $1F0
(1)   95/     1F0 : 4620 2020 2020      		dc.b HTAG_REGIONS;"F               "
              1F6 : 2020 2020 2020 
              1FC : 2020 2020          
(1)   96/     200 :                     
(1)   97/     200 :                     ; ====================================================================
(1)   98/     200 :                     ; ----------------------------------------------------------------
(1)   99/     200 :                     ; Error handlers
(1)  100/     200 :                     ; ----------------------------------------------------------------
(1)  101/     200 :                     
(1)  102/     200 :                     Pico_ErrBus:				; Bus error
(1)  103/     200 :                     Pico_ErrAddr:				; Address error
(1)  104/     200 :                     Pico_ErrIll:				; ILLEGAL Instruction
(1)  105/     200 :                     Pico_ErrZDiv:				; Divide by 0
(1)  106/     200 :                     Pico_ErrChk:				; CHK Instruction
(1)  107/     200 :                     Pico_ErrTrapV:				; TRAPV Instruction
(1)  108/     200 :                     Pico_ErrPrivl:				; Privilege violation
(1)  109/     200 :                     Pico_Trace:				; Trace
(1)  110/     200 :                     Pico_Line1010:				; Line 1010 Emulator
(1)  111/     200 :                     Pico_Line1111:				; Line 1111 Emulator
(1)  112/     200 :                     Pico_ErrorEx:				; Error exception
(1)  113/     200 :                     Pico_Error:
(1)  114/     200 : 4E71                		nop
(1)  115/     202 : 4E71                		nop
(1)  116/     204 : 60FA                		bra	Pico_Error	; Infinite loop
(1)  117/     206 :                     
(1)  118/     206 :                     ; ====================================================================
(1)  119/     206 :                     ; ----------------------------------------------------------------
(1)  120/     206 :                     ; PICO-specific interrupts
(1)  121/     206 :                     ; ----------------------------------------------------------------
(1)  122/     206 :                     
(1)  123/     206 :                     Pico_UserInt:
(1)  124/     206 :                     Pico_PcmInt:				; Interrupt when the PCM chip gets full
(1)  125/     206 :                     Pico_UnkInt:
(1)  126/     206 : 4E73                		rte
(1)  127/     208 :                     
(1)  128/     208 :                     ; ====================================================================
(1)  129/     208 :                     ; ----------------------------------------------------------------
(1)  130/     208 :                     ; Entry point
(1)  131/     208 :                     ; ----------------------------------------------------------------
(1)  132/     208 :                     
(1)  133/     208 :                     Pico_Entry:
(1)  134/     208 : 46FC 2700           		move	#$2700,sr		; Disable interrputs
(1)  135/     20C :                     		;!@ lea	($800019).l,a0
(1)  136/     20C : 41F9 0080 0019      		lea	(pico_security_addr).l,a0
(1)  137/     212 : 2038 0100           		move.l	($100),d0		; Activate PICO system by
(1)  138/     216 : 01C8 0000           		movep.l	d0,(a0)			; writing this string to $800019 in odd writes
(1)  139/     21A : 4A79 00C0 0004      		tst.w	(vdp_ctrl).l		; Test VDP to unlock Video
(1)  140/     220 :                     	; --------------------------------
(1)  141/     220 : 7000                		moveq	#0,d0
(1)  142/     222 : 2C40                		movea.l	d0,a6
(1)  143/     224 : 4E66                		move.l	a6,usp
(1)  144/     226 : 41F9 FFFF 0000      		lea	($FFFF0000),a0		; Clean our "work" RAM
(1)  145/     22C : 223C FFFF F190      		move.l	#sizeof_mdram,d1
(1)  146/     232 : 7000                		moveq	#0,d0
(1)  147/     234 : 30C0                .loop_ram:	move.w	d0,(a0)+
(1)  148/     236 : B1C1                		cmp.l	d1,a0
(1)  149/     238 : 65FA                		bcs.s	.loop_ram
(1)  150/     23A : 4DF9 00C0 0000      		lea	(vdp_data),a6
(1)  151/     240 : 3E2E 0004           .wait_dma:	move.w	4(a6),d7		; Check if DMA is active.
(1)  152/     244 : 0807 0001           		btst	#1,d7
(1)  153/     248 : 66F6                		bne.s	.wait_dma
(1)  154/     24A : 2D7C C000 0000      		move.l	#$C0000000,4(a6)	; Clear palette
              250 : 0004             
(1)  155/     252 : 7E3F                		moveq	#64-1,d7
(1)  156/     254 : 7C00                		moveq	#0,d6
(1)  157/     256 :                     .palclear:
(1)  158/     256 : 3C86                		move.w	d6,(a6)
(1)  159/     258 : 51CF FFFC           		dbf	d7,.palclear
(1)  160/     25C : 4CF9 7FFF 00FF      		movem.l	($FF0000),d0-a6		; Clean registers using zeros from RAM		
              262 : 0000             
(1)  161/     264 :                     		
(1)  162/     264 :                     		;!@ Mega Pico mode
(1)  164/     264 : 33FC 0100 00A1      		move.w	#$0100,(z80_bus).l		; Get Z80 bus
              26A : 1100             
(1)  165/     26C : 33FC 0100 00A1      		move.w	#$0100,(z80_reset).l		; Z80 reset
              272 : 1200             
(1)  167/     274 :                     
(1)  168/     274 :                     .wait:
(1)  170/     274 : 0839 0000 00A1      		btst	#0,(z80_bus).l
              27A : 1100             
(1)  171/     27C : 66F6                		bne.s	.wait
     144/     27E : 6100 150C           		bsr	Sound_init				; Init Sound driver FIRST
     145/     282 : 6100 02A4           		bsr	Video_init				;  ''  Video
     146/     286 : 6100 1436           		bsr	System_Init				;  ''  Values
     147/     28A : 31FC 0000 F18A      		move.w	#SET_FIRSTSCRN,(RAM_ScreenMode).w	; Reset screen mode
     148/     290 : 6000 1D4C           		bra.w	Md_ReadModes				; Go to SCREEN LOOP section
     149/     294 :                     
     150/     294 :                     ; ---------------------------------------------
     151/     294 :                     ; MD
     152/     294 :                     ; ---------------------------------------------
     163/     294 :                     
     164/     294 :                     ; ====================================================================
     165/     294 :                     ; --------------------------------------------------------
     166/     294 :                     ; SYSTEM routines
     167/     294 :                     ;
     168/     294 :                     ; MD/PICO:  Normal ROM locations
     169/     294 :                     ; 32X:      Loaded into RAM to prevent problems with SH2
     170/     294 :                     ; CD/CD32X: Loaded into RAM normally
     171/     294 :                     ; --------------------------------------------------------
     172/     294 :                     
     177/     294 :                     ; ---------------------------------------------
     178/     294 :                     
     179/     294 :                     		include	"sound/drv/gema_macros.asm"
(1)    1/     294 :                     ; ===========================================================================
(1)    2/     294 :                     ; ------------------------------------------------------------
(1)    3/     294 :                     ; GEMA MACROS
(1)    4/     294 :                     ;
(1)    5/     294 :                     ; Variables used:
(1)    6/     294 :                     ; PICO, MCD, MARS, MARSCD !@
(1)    7/     294 :                     ; ------------------------------------------------------------
(1)    8/     294 :                     
(1)    9/     294 :                     ; ----------------------------------------------------
(1)   10/     294 :                     ; gSmplData - Special include for .wav files,
(1)   11/     294 :                     ;
(1)   12/     294 :                     ; labl | Label for this sample
(1)   13/     294 :                     ; file | WAV file location
(1)   14/     294 :                     ; loop | Loop start point
(1)   15/     294 :                     ; ----------------------------------------------------
(1)   16/     294 :                     
(1)   17/     294 :                     gSmplData macro labl,file,loop
(1)   18/     294 :                     	if MARS|MARSCD		; <-- label align for 32X
(1)   19/     294 :                     		align 4
(1)   20/     294 :                     	endif
(1)   21/     294 :                     labl	label *
(1)   22/     294 :                     	dc.b ((labl_e-labl_s)&$FF),(((labl_e-labl_s)>>8)&$FF),(((labl_e-labl_s)>>16)&$FF)	; dc.b 1,2,3 Length
(1)   23/     294 :                     	dc.b ((loop)&$FF),(((loop)>>8)&$FF),(((loop)>>16)&$FF)					; dc.b 4,5,6 Start loop
(1)   24/     294 :                     labl_s:
(1)   25/     294 :                     	binclude file,$2C	; dc.b (data)
(1)   26/     294 :                     labl_e:
(1)   27/     294 :                     	if MARS|MARSCD		; <-- label align for 32X
(1)   28/     294 :                     		align 4
(1)   29/     294 :                     	endif
(1)   30/     294 :                     	endm
(1)   31/     294 :                     
(1)   32/     294 :                     ; ----------------------------------------------------
(1)   33/     294 :                     ; gSmplRaw - Special include for raw files
(1)   34/     294 :                     ;
(1)   35/     294 :                     ; labl | Label for this sample
(1)   36/     294 :                     ; file | RAW file location
(1)   37/     294 :                     ; loop | Loop start point
(1)   38/     294 :                     ; ----------------------------------------------------
(1)   39/     294 :                     
(1)   40/     294 :                     gSmplRaw macro labl,file,loop
(1)   41/     294 :                     	if MARS|MARSCD		; <-- label align for 32X
(1)   42/     294 :                     		align 4
(1)   43/     294 :                     	endif
(1)   44/     294 :                     labl	label *
(1)   45/     294 :                     	dc.b ((labl_e-labl_s)&$FF),(((labl_e-labl_s)>>8)&$FF),(((labl_e-labl_s)>>16)&$FF)	; dc.b 1,2,3 Length
(1)   46/     294 :                     	dc.b ((loop)&$FF),(((loop)>>8)&$FF),(((loop)>>16)&$FF)					; dc.b 4,5,6 Start loop
(1)   47/     294 :                     labl_s:
(1)   48/     294 :                     	binclude file		; dc.b (data)
(1)   49/     294 :                     labl_e:
(1)   50/     294 :                     	if MARS|MARSCD		; <-- label align for 32X
(1)   51/     294 :                     		align 4
(1)   52/     294 :                     	endif
(1)   53/     294 :                     	endm
(1)   54/     294 :                     
(1)   55/     294 :                     ; ----------------------------------------------------
(1)   56/     294 :                     ; gemaTrk - Sequence entry in the current master
(1)   57/     294 :                     ;           list
(1)   58/     294 :                     ;
(1)   59/     294 :                     ; enblt | Disable/Enable global beats on this Sequence:
(1)   60/     294 :                     ;         0 - Don't use beats
(1)   61/     294 :                     ;         1 - Use beats
(1)   62/     294 :                     ; ticks | Ticks (Default tempo: 150-NTSC 120-PAL)
(1)   63/     294 :                     ;   loc | Direct 24-bit location of the sequence data
(1)   64/     294 :                     ; ----------------------------------------------------
(1)   65/     294 :                     
(1)   66/     294 :                     gemaTrk macro enblt,ticks,loc
(1)   67/     294 :                     	dc.l ((enblt&$01)<<31)|((ticks&$7F)<<24)|(loc&$FFFFFF)
(1)   68/     294 :                     	endm
(1)   69/     294 :                     
(1)   70/     294 :                     ; ----------------------------------------------------
(1)   71/     294 :                     ; gemaHead - Sequence data header
(1)   72/     294 :                     ;
(1)   73/     294 :                     ; blk_data  | Block data pointer
(1)   74/     294 :                     ; patt_data | Pattern data pointer
(1)   75/     294 :                     ; ins_list  | instrument list pointer
(1)   76/     294 :                     ; num_chnls | Number of channels used in the seq
(1)   77/     294 :                     ;             If 0: Read ALL channels
(1)   78/     294 :                     ;                   (NOT recommended, UNSTABLE)
(1)   79/     294 :                     ;
(1)   80/     294 :                     ; Note:
(1)   81/     294 :                     ; Pointers are in 68k map area
(1)   82/     294 :                     ; ----------------------------------------------------
(1)   83/     294 :                     
(1)   84/     294 :                     gemaHead macro blk,pat,ins,num
(1)   85/     294 :                     	dc.w num
(1)   86/     294 :                     	dc.l blk
(1)   87/     294 :                     	dc.l pat
(1)   88/     294 :                     	dc.l ins
(1)   89/     294 :                     	endm
(1)   90/     294 :                     
(1)   91/     294 :                     ; ------------------------------------------------------------
(1)   92/     294 :                     ; Instrument macros, instrument_num-1
(1)   93/     294 :                     ; (ex. Instrument 1 is 0 here)
(1)   94/     294 :                     ;
(1)   95/     294 :                     ; Note:
(1)   96/     294 :                     ; UNUSED instruments MUST use gInsNull or
(1)   97/     294 :                     ; the Z80 gets unexpected results and probably crash.
(1)   98/     294 :                     ; ------------------------------------------------------------
(1)   99/     294 :                     
(1)  100/     294 :                     ; ----------------------------------------------------
(1)  101/     294 :                     ; gInsNull - Null instrument
(1)  102/     294 :                     ;
(1)  103/     294 :                     ; You MUST use this on unused instruments.
(1)  104/     294 :                     ; ----------------------------------------------------
(1)  105/     294 :                     
(1)  106/     294 :                     gInsNull macro
(1)  107/     294 :                     	dc.b $00,$00,$00,$00
(1)  108/     294 :                     	dc.b $00,$00,$00,$00
(1)  109/     294 :                     	endm
(1)  110/     294 :                     
(1)  111/     294 :                     ; ----------------------------------------------------
(1)  112/     294 :                     ; gInsPsg - PSG tone
(1)  113/     294 :                     ;
(1)  114/     294 :                     ; pitch | Pitch/Octave
(1)  115/     294 :                     ; alv   | Attack level
(1)  116/     294 :                     ; atk   | Attack rate
(1)  117/     294 :                     ; slv   | Sustain
(1)  118/     294 :                     ; dky   | Decay rate (up)
(1)  119/     294 :                     ; rrt   | Release rate (down)
(1)  120/     294 :                     ; vib   | Set to 0, reserved for vibrato
(1)  121/     294 :                     ; ----------------------------------------------------
(1)  122/     294 :                     
(1)  123/     294 :                     gInsPsg	macro pitch,alv,atk,slv,dky,rrt,vib
(1)  124/     294 :                     	dc.b $80,pitch,alv,atk
(1)  125/     294 :                     	dc.b slv,dky,rrt,vib
(1)  126/     294 :                     	endm
(1)  127/     294 :                     
(1)  128/     294 :                     ; ----------------------------------------------------
(1)  129/     294 :                     ; gInsPsg - PSG noise
(1)  130/     294 :                     ;
(1)  131/     294 :                     ; pitch | Pitch/Octave
(1)  132/     294 :                     ; alv   | Attack level
(1)  133/     294 :                     ; atk   | Attack rate
(1)  134/     294 :                     ; slv   | Sustain
(1)  135/     294 :                     ; dky   | Decay rate (up)
(1)  136/     294 :                     ; rrt   | Release rate (down)
(1)  137/     294 :                     ; vib   | Set to 0, reserved for vibrato
(1)  138/     294 :                     ; mode  | Noise mode: %tmm
(1)  139/     294 :                     ;         t - Bass(0)|Noise(1)
(1)  140/     294 :                     ;         m - Clock(00)|Clock/2(01)|Clock/4(10)|Tone3(11)
(1)  141/     294 :                     ;
(1)  142/     294 :                     ; Note:
(1)  143/     294 :                     ; Using Tone3 will turn OFF channel 3.
(1)  144/     294 :                     ; ----------------------------------------------------
(1)  145/     294 :                     
(1)  146/     294 :                     gInsPsgN macro pitch,alv,atk,slv,dky,rrt,vib,mode
(1)  147/     294 :                     	dc.b $90|mode,pitch,alv,atk
(1)  148/     294 :                     	dc.b slv,dky,rrt,vib
(1)  149/     294 :                     	endm
(1)  150/     294 :                     
(1)  151/     294 :                     ; ----------------------------------------------------
(1)  152/     294 :                     ; gInsFm - YM2612 FM normal instrument/patch
(1)  153/     294 :                     ;
(1)  154/     294 :                     ; pitch | Pitch/Octave
(1)  155/     294 :                     ; fmins | 24-bit pointer to FM patch data
(1)  156/     294 :                     ; ----------------------------------------------------
(1)  157/     294 :                     
(1)  158/     294 :                     gInsFm macro pitch,fmins
(1)  159/     294 :                     	dc.b $A0,pitch,((fmins>>16)&$FF),((fmins>>8)&$FF)
(1)  160/     294 :                     	dc.b fmins&$FF,$00,$00,$00
(1)  161/     294 :                     	endm
(1)  162/     294 :                     
(1)  163/     294 :                     ; ----------------------------------------------------
(1)  164/     294 :                     ; gInsFm - YM2612 FM special instrument/patch
(1)  165/     294 :                     ;
(1)  166/     294 :                     ; pitch | UNUSED, value ignored (set to 0)
(1)  167/     294 :                     ; fmins | 24-bit pointer to FM patch data
(1)  168/     294 :                     ; ----------------------------------------------------
(1)  169/     294 :                     
(1)  170/     294 :                     gInsFm3	macro pitch,fmins
(1)  171/     294 :                     	dc.b $B0,pitch,((fmins>>16)&$FF),((fmins>>8)&$FF)
(1)  172/     294 :                     	dc.b fmins&$FF,$00,$00,$00
(1)  173/     294 :                     	endm
(1)  174/     294 :                     
(1)  175/     294 :                     ; ----------------------------------------------------
(1)  176/     294 :                     ; gInsDac - DAC instrument
(1)  177/     294 :                     ;
(1)  178/     294 :                     ; pitch | Pitch/Octave
(1)  179/     294 :                     ; start | 24-bit pointer
(1)  180/     294 :                     ; flags | Flags: %0000000l
(1)  181/     294 :                     ;         | l - Enable loop: No(0)/Yes(1)
(1)  182/     294 :                     ; ----------------------------------------------------
(1)  183/     294 :                     
(1)  184/     294 :                     gInsDac	macro pitch,start,flags
(1)  185/     294 :                     	dc.b $C0|flags,pitch,((start>>16)&$FF),((start>>8)&$FF)
(1)  186/     294 :                     	dc.b start&$FF,0,0,0
(1)  187/     294 :                     	endm
(1)  188/     294 :                     
(1)  189/     294 :                     ; ----------------------------------------------------
(1)  190/     294 :                     ; gInsPcm - RF5C164 PCM Sample (SEGA CD)
(1)  191/     294 :                     ;
(1)  192/     294 :                     ; pitch | Pitch/Octave
(1)  193/     294 :                     ; start | 24-bit direct pointer to
(1)  194/     294 :                     ;         Sub-CPU's memory area.
(1)  195/     294 :                     ; flags | Flags: %0000000l
(1)  196/     294 :                     ;         | l - Enable loop: No(0)/Yes(1)
(1)  197/     294 :                     ; ----------------------------------------------------
(1)  198/     294 :                     
(1)  199/     294 :                     gInsPcm	macro pitch,start,flags
(1)  200/     294 :                      if MCD|MARSCD
(1)  201/     294 :                     	dc.b $D0|flags,pitch,((start>>16)&$FF),((start>>8)&$FF)
(1)  202/     294 :                     	dc.b start&$FF,0,0,0
(1)  203/     294 :                      else
(1)  204/     294 :                     	dc.b $00,$00,$00,$00
(1)  205/     294 :                     	dc.b $00,$00,$00,$00
(1)  206/     294 :                      endif
(1)  207/     294 :                     	endm
(1)  208/     294 :                     
(1)  209/     294 :                     ; ----------------------------------------------------
(1)  210/     294 :                     ; gInsPwm - PWM Sample (SEGA 32X)
(1)  211/     294 :                     ;
(1)  212/     294 :                     ; pitch | Pitch/Octave
(1)  213/     294 :                     ; start | 32-bit pointer to
(1)  214/     294 :                     ;         SH2's map view: CS1(ROM) or CS3(SDRAM)
(1)  215/     294 :                     ; flags | Flags: %000000sl
(1)  216/     294 :                     ;         | l - Enable loop: No(0)/Yes(1)
(1)  217/     294 :                     ;         | s - Sample data is in Stereo: No(0)/Yes(1)
(1)  218/     294 :                     ; ----------------------------------------------------
(1)  219/     294 :                     
(1)  220/     294 :                     gInsPwm	macro pitch,start,flags
(1)  221/     294 :                      if MARS|MARSCD
(1)  222/     294 :                     	dc.b $E0|flags,pitch,((start>>24)&$FF),((start>>16)&$FF)
(1)  223/     294 :                     	dc.b ((start>>8)&$FF),start&$FF,0,0
(1)  224/     294 :                      else
(1)  225/     294 :                     	dc.b $00,$00,$00,$00
(1)  226/     294 :                     	dc.b $00,$00,$00,$00
(1)  227/     294 :                      endif
(1)  228/     294 :                     	endm
(1)  229/     294 :                     	
(1)  230/     294 :                     ; ----------------------------------------------------
(1)  231/     294 :                     ; !@ gInsPco - Pico ADPCM instrument
(1)  232/     294 :                     ;
(1)  233/     294 :                     ; pitch | Pitch/Octave
(1)  234/     294 :                     ; start | 24-bit pointer
(1)  235/     294 :                     ; flags | Flags: %0000fffl
(1)  236/     294 :                     ;         | l - Enable loop: No(0)/Yes(1)
(1)  237/     294 :                     ;         | f - ADPCM filter bit select: 
(1)  238/     294 :                     ;				00 = ??
(1)  239/     294 :                     ;				01 = 6 kHz, 
(1)  240/     294 :                     ;				10 = 12 kHz,
(1)  241/     294 :                     ;				11 = 16 kHz, 
(1)  242/     294 :                     ; volume | volume: %00000vvv
(1)  243/     294 :                     ;         | v - Volume strength
(1)  244/     294 :                     ; ----------------------------------------------------
(1)  245/     294 :                     gInsPco	macro pitch,start,flags,volume
(1)  246/     294 :                      if PICO == 1
(1)  247/     294 :                     	dc.b $F0|flags,pitch,((start>>16)&$FF),((start>>8)&$FF)
(1)  248/     294 :                     	dc.b start&$FF,volume,0,0
(1)  249/     294 :                      else
(1)  250/     294 :                      	dc.b $00,$00,$00,$00
(1)  251/     294 :                     	dc.b $00,$00,$00,$00
(1)  252/     294 :                      endif
(1)  253/     294 :                     	endm
     180/     294 :                     		include	"sound/drv/gema.asm"
(1)    1/     294 :                     ; ===========================================================================
(1)    2/     294 :                     ; -------------------------------------------------------------------
(1)    3/     294 :                     ; GEMA/Nikona Sound Driver v1.0
(1)    4/     294 :                     ; by GenesisFan64 2023-2024
(1)    5/     294 :                     ; -------------------------------------------------------------------
(1)    6/     294 :                     
(1)    7/     294 :                     ; ====================================================================
(1)    8/     294 :                     ; --------------------------------------------------------
(1)    9/     294 :                     ; Variables
(1)   10/     294 :                     ; --------------------------------------------------------
(1)   11/     294 :                     
(1)   12/     294 :                     ; z80_cpu	equ $A00000			; Z80 CPU area
(1)   13/     294 :                     ; z80_bus 	equ $A11100			; only read bit 0 (bit 8 as WORD)
(1)   14/     294 :                     ; z80_reset	equ $A11200			; WRITE only: $0000 reset/$0100 cancel
(1)   15/     294 : =$1F60               zDrvFifo	equ $1F60;commZfifo		; FIFO command storage
(1)   16/     294 : =$1F80               zDrvFWrt	equ $1F80;commZWrite		; FIFO command index
(1)   17/     294 : =$1F81               zDrvRomBlk	equ $1F81;commZRomBlk		; ROM block flag
(1)   18/     294 : =$1F86               zDrvRamSrc	equ $1F82+4;cdRamSrcB		; !! RAM-read source+dest pointers
(1)   19/     294 : =$1F87               zDrvRamLen	equ $1F87;cdRamLen		; RAM-read length + flag
(1)   20/     294 : =$1F88               zDrvPalMode	equ $1F88;palMode		; PAL speed flag
(1)   21/     294 : =$1F89               zDrvMarsBlk	equ $1F89;marsBlock		; Flag to disable 32X's PWM
(1)   22/     294 : =$1F8A               zDrvMcdBlk	equ $1F8A;mcdBlock		; Flag to disable SegaCD's PCM
(1)   23/     294 : =$20                 zDrvMaxCmnd	equ $20;MAX_ZCMND		; Command fifo size
(1)   24/     294 :                     
(1)   25/     294 :                     ; ====================================================================
(1)   26/     294 :                     ; --------------------------------------------------------
(1)   27/     294 :                     ; Labels
(1)   28/     294 :                     ; --------------------------------------------------------
(1)   29/     294 :                     
(1)   30/     294 : =$FFFFFDFF           RAM_ZCdFlagD	equ RAM_ExReserved+$FF			; transferRom flag shared with Z80
(1)   31/     294 :                     
(1)   32/     294 :                     ; ====================================================================
(1)   33/     294 :                     ; --------------------------------------------------------
(1)   34/     294 :                     ; Initialize Sound
(1)   35/     294 :                     ; --------------------------------------------------------
(1)   36/     294 :                     
(1)   37/     294 :                     gemaInit:
(1)   38/     294 :                     	;!@
(1)   40/     294 : 41F9 0000 208E      		lea	(Z80_CODE).l,a0			; a0 - Z80 code (on $880000)
(1)   41/     29A : 303C 1F8B           		move.w	#(Z80_CODE_END-Z80_CODE)-1,d0	; d0 - Size
(1)   42/     29E : 33FC 0100 00A1      		move.w	#$0100,(z80_bus).l		; Request Z80 stop
              2A4 : 1100             
(1)   43/     2A6 : 33FC 0100 00A1      		move.w	#$0100,(z80_reset).l		; Z80 reset
              2AC : 1200             
(1)   44/     2AE :                     .wait:
(1)   45/     2AE : 0839 0000 00A1      		btst	#0,(z80_bus).l			; Did it stop?
              2B4 : 1100             
(1)   46/     2B6 : 66F6                		bne.s	.wait
(1)   47/     2B8 : 43F9 00A0 0000      		lea	(z80_cpu).l,a1			; a1 - output Z80 memory
(1)   48/     2BE : 383C 1FFF           		move.w	#$2000-1,d4
(1)   49/     2C2 :                     .copy_drvr:
(1)   50/     2C2 : 12D8                		move.b	(a0)+,(a1)+
(1)   51/     2C4 : 5344                		subq.w	#1,d4
(1)   52/     2C6 : 51C8 FFFA           		dbf	d0,.copy_drvr			; Pass 1: copy data
(1)   53/     2CA : 5240                		addq.w	#1,d0
(1)   54/     2CC : 12C0                .clear_rest:	move.b	d0,(a1)+
(1)   55/     2CE : 51CC FFFC           		dbf	d4,.clear_rest			; Pass 2: clear remains
(1)   56/     2D2 : 33FC 0000 00A1      		move.w	#0,(z80_reset).l		; Reset Z80 again
              2D8 : 1200             
(1)   57/     2DA :                     
(1)   58/     2DA : 4238 FDFF           		clr.b	(RAM_ZCdFlagD).w		; Clear ramRead flag here
(1)   59/     2DE : 1039 00A1 0001      		move.b	(sys_io).l,d0			; Check for PAL speed
(1)   60/     2E4 : 0800 0006           		btst	#6,d0
(1)   61/     2E8 : 6708                		beq.s	.not_pal
(1)   62/     2EA : 13FC 0001 00A0      		move.b	#1,(z80_cpu+zDrvPalMode).l	; Tell Z80 we are running slower
              2F0 : 1F88             
(1)   63/     2F2 :                     .not_pal:
(1)   64/     2F2 : 4E71                		nop
(1)   65/     2F4 : 4E71                		nop
(1)   66/     2F6 : 33FC 0100 00A1      		move.w	#$100,(z80_reset).l
              2FC : 1200             
(1)   67/     2FE : 33FC 0000 00A1      		move.w	#0,(z80_bus).l			; Start Z80
              304 : 1100             
(1)   69/     306 :                     
(1)   70/     306 :                     ; ====================================================================
(1)   71/     306 :                     ; ----------------------------------------------------------------
(1)   72/     306 :                     ; gemaReset
(1)   73/     306 :                     ;
(1)   74/     306 :                     ; Reset ALL sound to defaults
(1)   75/     306 :                     ; ----------------------------------------------------------------
(1)   76/     306 :                     
(1)   77/     306 :                     gemaReset:
(1)   78/     306 : 6100 01B6           		bsr	gemaStopAll
(1)   79/     30A : 41F8 4EDA           		lea	(MainGemaSeqList),a0
(1)   80/     30E : 6100 0140           		bsr	gemaSetMasterList
(1)   81/     312 : 7E08                		moveq	#8,d7				; Make sure it finishes.
(1)   82/     314 : 51CF FFFE           		dbf	d7,*
(1)   83/     318 : 4E75                		rts
(1)   84/     31A :                     
(1)   85/     31A :                     ; ====================================================================
(1)   86/     31A :                     ; ------------------------------------------------
(1)   87/     31A :                     ; sndLockZ80
(1)   88/     31A :                     ;
(1)   89/     31A :                     ; Stop Z80, unlocks bus
(1)   90/     31A :                     ; ------------------------------------------------
(1)   91/     31A :                     
(1)   92/     31A :                     sndLockZ80:
(1)   93/     31A :                     	;!@
(1)   95/     31A : 33FC 0100 00A1      		move.w	#$0100,(z80_bus).l
              320 : 1100             
(1)   96/     322 :                     .wait:
(1)   97/     322 : 0839 0000 00A1      		btst	#0,(z80_bus).l
              328 : 1100             
(1)   98/     32A : 66F6                		bne.s	.wait
(1)  100/     32C : 4E75                		rts
(1)  101/     32E :                     
(1)  102/     32E :                     ; ------------------------------------------------
(1)  103/     32E :                     ; sndUnlockZ80
(1)  104/     32E :                     ;
(1)  105/     32E :                     ; Resume Z80, locks bus
(1)  106/     32E :                     ; ------------------------------------------------
(1)  107/     32E :                     
(1)  108/     32E :                     sndUnlockZ80:
(1)  109/     32E :                     	;!@
(1)  111/     32E : 33FC 0000 00A1      		move.w	#0,(z80_bus).l
              334 : 1100             
(1)  113/     336 : 4E75                		rts
(1)  114/     338 :                     
(1)  115/     338 :                     ; ====================================================================
(1)  116/     338 :                     ; ----------------------------------------------------------------
(1)  117/     338 :                     ; gemaSendRam
(1)  118/     338 :                     ;
(1)  119/     338 :                     ; If you are reading data from 68000's RAM you MUST call
(1)  120/     338 :                     ; this a lot during display, commonly during the VBlank waiting
(1)  121/     338 :                     ; loop.
(1)  122/     338 :                     ;
(1)  123/     338 :                     ; This checks if the Z80 wants to read from RAM, then here
(1)  124/     338 :                     ; we manually write the bytes to the Z80
(1)  125/     338 :                     ;
(1)  126/     338 :                     ; SCD/CD32X:
(1)  127/     338 :                     ; - DAC samples are safe to read from WORD-RAM, but NOT
(1)  128/     338 :                     ;   when Stamps are being used, use PCM samples instead.
(1)  129/     338 :                     ; - Be careful when loading new data with gemaSetMasterList to
(1)  130/     338 :                     ;   WORD-RAM, make sure MAIN-CPU has the permission set.
(1)  131/     338 :                     ; ----------------------------------------------------------------
(1)  132/     338 :                     
(1)  133/     338 :                     gemaSendRam:
(1)  134/     338 : 4A38 FDFF           		tst.b	(RAM_ZCdFlagD).w		; Z80 WROTE the flag?
(1)  135/     33C : 674C                		beq.s	.no_task
(1)  136/     33E : 4238 FDFF           		clr.b	(RAM_ZCdFlagD).w		; Clear flag here
(1)  137/     342 : 48E7 070E           		movem.l	a4-a6/d5-d7,-(sp)
(1)  138/     346 : 61D2                		bsr	sndLockZ80
(1)  139/     348 : 7E00                		moveq	#0,d7
(1)  140/     34A : 1E39 00A0 1F87      		move.b	(z80_cpu+zDrvRamLen).l,d7	; Len == 0?
(1)  141/     350 : 6732                		beq.s	.no_size			; Invalid size, do nothing
(1)  142/     352 : 5347                		subq.w	#1,d7				; dbf -1
(1)  143/     354 : 4DF9 00A0 1F87      		lea	(z80_cpu+(zDrvRamSrc+1)),a6	; a6 - SRC location and DST, backwards
(1)  144/     35A : 4BF9 00A0 0000      		lea	(z80_cpu),a5			; a5 - Z80 area
(1)  145/     360 : 1C26                		move.b	-(a6),d6			; d6 - Source in 68K area
(1)  146/     362 : 4846                		swap	d6
(1)  147/     364 : 1C26                		move.b	-(a6),d6
(1)  148/     366 : E14E                		lsl.w	#8,d6
(1)  149/     368 : 1C26                		move.b	-(a6),d6
(1)  150/     36A : 7A00                		moveq	#0,d5
(1)  151/     36C : 1A26                		move.b	-(a6),d5			; d5 - Destination in Z80 area
(1)  152/     36E : E14D                		lsl.w	#8,d5
(1)  153/     370 : 1A26                		move.b	-(a6),d5
(1)  154/     372 : DBC5                		add.l	d5,a5				; Add base to destination
(1)  155/     374 : 2846                		move.l	d6,a4
(1)  156/     376 :                     .copy_bytes:
(1)  157/     376 : 1ADC                		move.b	(a4)+,(a5)+
(1)  158/     378 : 51CF FFFC           		dbf	d7,.copy_bytes
(1)  159/     37C : 13FC 0000 00A0      		move.b	#0,(z80_cpu+zDrvRamLen).l	; clear LEN and Z80 resumes
              382 : 1F87             
(1)  160/     384 :                     .no_size:
(1)  161/     384 : 61A8                		bsr	sndUnlockZ80
(1)  162/     386 : 4CDF 70E0           		movem.l	(sp)+,a4-a6/d5-d7
(1)  163/     38A :                     .no_task:
(1)  164/     38A : 4E75                		rts
(1)  165/     38C :                     
(1)  166/     38C :                     ; ====================================================================
(1)  167/     38C :                     ; ------------------------------------------------
(1)  168/     38C :                     ; 68K-to-Z80 sound request enter/exit routines
(1)  169/     38C :                     ; ------------------------------------------------
(1)  170/     38C :                     
(1)  171/     38C :                     sndReq_Enter:
(1)  172/     38C :                     	;!@
(1)  174/     38C : 33FC 0100 00A1      		move.w	#$0100,(z80_bus).l		; Request Z80 Stop
              392 : 1100             
(1)  176/     394 : 9EFC 0004           		suba	#4,sp				; Extra jump return
(1)  177/     398 : 48E7 0306           		movem.l	d6-d7/a5-a6,-(sp)		; Save these regs to the stack
(1)  178/     39C : 40E7                		move.w	sr,-(sp)			; and sr too
(1)  179/     39E : 007C 0700           		ori.w	#$0700,sr			; Disable interrupts
(1)  180/     3A2 : DEFC 0016           		adda	#(4*4)+2+4,sp			; Go back to the RTS jump
(1)  181/     3A6 : 4BF9 00A0 1F80      		lea	(z80_cpu+zDrvFWrt).l,a5		; a5 - commZWrite
(1)  182/     3AC : 4DF9 00A0 1F60      		lea	(z80_cpu+zDrvFifo).l,a6		; a6 - fifo command list
(1)  183/     3B2 :                     .wait:
(1)  184/     3B2 :                     	;!@
(1)  186/     3B2 : 0839 0000 00A1      		btst	#0,(z80_bus).l			; Wait for Z80
              3B8 : 1100             
(1)  187/     3BA : 66F6                		bne.s	.wait
(1)  189/     3BC : 1C15                		move.b	(a5),d6				; d6 - index fifo position
(1)  190/     3BE : 4886                		ext.w	d6				; extend to 16 bits
(1)  191/     3C0 : 4E75                		rts
(1)  192/     3C2 :                     ; JUMP ONLY
(1)  193/     3C2 :                     sndReq_Exit:
(1)  194/     3C2 :                     	;!@
(1)  196/     3C2 : 33FC 0000 00A1      		move.w	#0,(z80_bus).l
              3C8 : 1100             
(1)  198/     3CA : 9EFC 001A           		suba	#8+2+(4*4),sp
(1)  199/     3CE : 46DF                		move.w	(sp)+,sr
(1)  200/     3D0 : 4CDF 60C0           		movem.l	(sp)+,d6-d7/a5-a6		; And pop those back
(1)  201/     3D4 : DEFC 0008           		adda	#8,sp
(1)  202/     3D8 : 027C F8FF           		andi.w	#$F8FF,sr			; Enable interrupts
(1)  203/     3DC : 4E75                		rts
(1)  204/     3DE :                     
(1)  205/     3DE :                     ; ------------------------------------------------
(1)  206/     3DE :                     ; Send request id and arguments
(1)  207/     3DE :                     ;
(1)  208/     3DE :                     ; Input:
(1)  209/     3DE :                     ; d7 - byte to write
(1)  210/     3DE :                     ; d6 - index pointer
(1)  211/     3DE :                     ; a5 - commZWrite, update index
(1)  212/     3DE :                     ; a6 - commZfifo command list
(1)  213/     3DE :                     ;
(1)  214/     3DE :                     ; *** CALL sndReq_Enter FIRST ***
(1)  215/     3DE :                     ; ------------------------------------------------
(1)  216/     3DE :                     
(1)  217/     3DE :                     sndReq_scmd:
(1)  218/     3DE : 1DBC 00FF 6000      		move.b	#-1,(a6,d6.w)			; Command-start flag
(1)  219/     3E4 : 5206                		addq.b	#1,d6				; Next fifo position
(1)  220/     3E6 : 0206 001F           		andi.b	#zDrvMaxCmnd-1,d6
(1)  221/     3EA : 600C                		bra.s	sndReq_sbyte
(1)  222/     3EC :                     sndReq_slong:
(1)  223/     3EC : 610A                		bsr	sndReq_sbyte
(1)  224/     3EE : E09F                		ror.l	#8,d7
(1)  225/     3F0 :                     ; 24-bit address
(1)  226/     3F0 :                     sndReq_saddr:
(1)  227/     3F0 : 6106                		bsr	sndReq_sbyte
(1)  228/     3F2 : E09F                		ror.l	#8,d7
(1)  229/     3F4 :                     sndReq_sword:
(1)  230/     3F4 : 6102                		bsr	sndReq_sbyte
(1)  231/     3F6 : E09F                		ror.l	#8,d7
(1)  232/     3F8 :                     sndReq_sbyte:
(1)  233/     3F8 : 1D87 6000           		move.b	d7,(a6,d6.w)			; Write byte
(1)  234/     3FC : 5206                		addq.b	#1,d6				; Next fifo pos
(1)  235/     3FE : 0206 001F           		andi.b	#zDrvMaxCmnd-1,d6
(1)  236/     402 : 1A86                		move.b	d6,(a5)				; Update commZWrite
(1)  237/     404 : 4E75                		rts
(1)  238/     406 :                     
(1)  239/     406 :                     ; ====================================================================
(1)  240/     406 :                     ; ------------------------------------------------
(1)  241/     406 :                     ; USER calls area
(1)  242/     406 :                     ; ------------------------------------------------
(1)  243/     406 :                     
(1)  244/     406 :                     ; --------------------------------------------------------
(1)  245/     406 :                     ; gemaDmaPause
(1)  246/     406 :                     ;
(1)  247/     406 :                     ; Call this BEFORE doing any DMA transfer
(1)  248/     406 :                     ;
(1)  249/     406 :                     ; 32X: Set RV bit manually AFTER calling this.
(1)  250/     406 :                     ; --------------------------------------------------------
(1)  251/     406 :                     
(1)  252/     406 :                     gemaDmaPause:
(1)  253/     406 :                     	;!@
(1)  255/     406 : 2F07                		move.l	d7,-(sp)
(1)  256/     408 : 6100 FF10           		bsr	sndLockZ80
(1)  257/     40C : 13FC 0001 00A0      		move.b	#1,(z80_cpu+zDrvRomBlk).l	; Set ROM-busy flag
              412 : 1F81             
(1)  258/     414 : 6100 FF18           		bsr	sndUnlockZ80
(1)  259/     418 : 3E3C 0060           		move.w	#96,d7				; Small delay
(1)  260/     41C : 51CF FFFE           		dbf	d7,*
(1)  261/     420 : 2E1F                		move.l	(sp)+,d7
(1)  263/     422 : 4E75                		rts
(1)  264/     424 :                     
(1)  265/     424 :                     ; --------------------------------------------------------
(1)  266/     424 :                     ; gemaDmaResume
(1)  267/     424 :                     ;
(1)  268/     424 :                     ; Call this AFTER finishing DMA transfer
(1)  269/     424 :                     ;
(1)  270/     424 :                     ; 32X: Reset the RV bit manually BEFORE calling this.
(1)  271/     424 :                     ; --------------------------------------------------------
(1)  272/     424 :                     
(1)  273/     424 :                     gemaDmaResume:
(1)  274/     424 :                     	;!@
(1)  276/     424 : 2F07                		move.l	d7,-(sp)
(1)  277/     426 : 6100 FEF2           		bsr	sndLockZ80
(1)  278/     42A : 13FC 0000 00A0      		move.b	#0,(z80_cpu+zDrvRomBlk).l	; Clear ROM-busy flag
              430 : 1F81             
(1)  279/     432 : 6100 FEFA           		bsr	sndUnlockZ80
(1)  280/     436 : 3E3C 0060           		move.w	#96,d7				; Small delay
(1)  281/     43A : 51CF FFFE           		dbf	d7,*
(1)  282/     43E : 2E1F                		move.l	(sp)+,d7
(1)  284/     440 : 4E75                		rts
(1)  285/     442 :                     
(1)  286/     442 :                     ; --------------------------------------------------------
(1)  287/     442 :                     ; gemaTest
(1)  288/     442 :                     ;
(1)  289/     442 :                     ; For TESTING only
(1)  290/     442 :                     ; --------------------------------------------------------
(1)  291/     442 :                     
(1)  292/     442 :                     gemaTest:
(1)  293/     442 : 6100 FF48           		bsr	sndReq_Enter
(1)  294/     446 : 3E3C 0000           		move.w	#$00,d7		; Command $00
(1)  295/     44A : 6192                		bsr	sndReq_scmd
(1)  296/     44C : 6000 FF74           		bra 	sndReq_Exit
(1)  297/     450 :                     
(1)  298/     450 :                     ; --------------------------------------------------------
(1)  299/     450 :                     ; gemaSetMasterList
(1)  300/     450 :                     ;
(1)  301/     450 :                     ; Sets the master sequence list
(1)  302/     450 :                     ;
(1)  303/     450 :                     ; Input:
(1)  304/     450 :                     ; a0 | 68k pointer
(1)  305/     450 :                     ;
(1)  306/     450 :                     ; Notes:
(1)  307/     450 :                     ; - ALL TRACKS MUST BE STOPPED, CALL gemaStopAll FIRST
(1)  308/     450 :                     ; with a separate delay
(1)  309/     450 :                     ; --------------------------------------------------------
(1)  310/     450 :                     
(1)  311/     450 :                     gemaSetMasterList:
(1)  312/     450 : 6100 FF3A           		bsr	sndReq_Enter
(1)  313/     454 : 3E3C 0001           		move.w	#$01,d7		; Command $01
(1)  314/     458 : 6184                		bsr	sndReq_scmd
(1)  315/     45A : 2E08                		move.l	a0,d7
(1)  316/     45C : 618E                		bsr	sndReq_slong
(1)  317/     45E : 6000 FF62           		bra 	sndReq_Exit
(1)  318/     462 :                     
(1)  319/     462 :                     ; --------------------------------------------------------
(1)  320/     462 :                     ; gemaPlaySeq
(1)  321/     462 :                     ;
(1)  322/     462 :                     ; Play a sequence
(1)  323/     462 :                     ;
(1)  324/     462 :                     ; Input:
(1)  325/     462 :                     ; d0.b | Sequence number
(1)  326/     462 :                     ; d1.b | Starting block
(1)  327/     462 :                     ; d2.b | Playback slot number: 0-2
(1)  328/     462 :                     ;        If set to -1:
(1)  329/     462 :                     ;        Auto-search free slot (same as gemaPlaySeqAuto)
(1)  330/     462 :                     ; --------------------------------------------------------
(1)  331/     462 :                     
(1)  332/     462 :                     gemaPlaySeq:
(1)  333/     462 : 6100 FF28           		bsr	sndReq_Enter
(1)  334/     466 : 3E3C 0002           		move.w	#$02,d7		; Command $02
(1)  335/     46A : 6100 FF72           		bsr	sndReq_scmd
(1)  336/     46E : 1E00                		move.b	d0,d7		; d0.b Seq number
(1)  337/     470 : 6186                		bsr	sndReq_sbyte
(1)  338/     472 : 1E01                		move.b	d1,d7		; d1.b Block <--
(1)  339/     474 : 6182                		bsr	sndReq_sbyte
(1)  340/     476 : 1E02                		move.b	d2,d7		; d2.b Slot
(1)  341/     478 : 6100 FF7E           		bsr	sndReq_sbyte
(1)  342/     47C : 6000 FF44           		bra 	sndReq_Exit
(1)  343/     480 :                     
(1)  344/     480 :                     ; --------------------------------------------------------
(1)  345/     480 :                     ; gemaPlaySeqAuto
(1)  346/     480 :                     ;
(1)  347/     480 :                     ; Play a sequence into a free slot, if all get full
(1)  348/     480 :                     ; it will overwrite the last one.
(1)  349/     480 :                     ;
(1)  350/     480 :                     ; Input:
(1)  351/     480 :                     ; d0.b | Sequence number
(1)  352/     480 :                     ; d1.b | Starting block
(1)  353/     480 :                     ; --------------------------------------------------------
(1)  354/     480 :                     
(1)  355/     480 :                     gemaPlaySeqAuto:
(1)  356/     480 : 6100 FF0A           		bsr	sndReq_Enter
(1)  357/     484 : 3E3C 0002           		move.w	#$02,d7		; Command $02
(1)  358/     488 : 6100 FF54           		bsr	sndReq_scmd
(1)  359/     48C : 1E00                		move.b	d0,d7		; d0.b Seq number
(1)  360/     48E : 6100 FF68           		bsr	sndReq_sbyte
(1)  361/     492 : 1E01                		move.b	d1,d7		; d1.b Block <--
(1)  362/     494 : 6100 FF62           		bsr	sndReq_sbyte
(1)  363/     498 : 7EFF                		moveq	#-1,d7		; d2.b Slot
(1)  364/     49A : 6100 FF5C           		bsr	sndReq_sbyte
(1)  365/     49E : 6000 FF22           		bra 	sndReq_Exit
(1)  366/     4A2 :                     
(1)  367/     4A2 :                     ; --------------------------------------------------------
(1)  368/     4A2 :                     ; gemaStopSeq
(1)  369/     4A2 :                     ;
(1)  370/     4A2 :                     ; Stops tracks with the same sequence number
(1)  371/     4A2 :                     ;
(1)  372/     4A2 :                     ; Input:
(1)  373/     4A2 :                     ; d0.b | Sequence number to search
(1)  374/     4A2 :                     ;        If -1: Stop all tracks with any sequence
(1)  375/     4A2 :                     ; d1.b | Playback slot number
(1)  376/     4A2 :                     ;        If -1: Stop all slots
(1)  377/     4A2 :                     ;
(1)  378/     4A2 :                     ; If both d0 and d1 are -1 it acts like gemaStopAll
(1)  379/     4A2 :                     ; --------------------------------------------------------
(1)  380/     4A2 :                     
(1)  381/     4A2 :                     gemaStopSeq:
(1)  382/     4A2 : 6100 FEE8           		bsr	sndReq_Enter
(1)  383/     4A6 : 3E3C 0003           		move.w	#$03,d7		; Command $03
(1)  384/     4AA : 6100 FF32           		bsr	sndReq_scmd
(1)  385/     4AE : 1E00                		move.b	d0,d7		; d0.b Seq number
(1)  386/     4B0 : 6100 FF46           		bsr	sndReq_sbyte
(1)  387/     4B4 : 1E01                		move.b	d1,d7		; d1.b Slot
(1)  388/     4B6 : 6100 FF40           		bsr	sndReq_sbyte
(1)  389/     4BA : 6000 FF06           		bra 	sndReq_Exit
(1)  390/     4BE :                     
(1)  391/     4BE :                     ; --------------------------------------------------------
(1)  392/     4BE :                     ; gemaStopAll
(1)  393/     4BE :                     ;
(1)  394/     4BE :                     ; Stops ALL tracks, quick version of gemaStopTrack.
(1)  395/     4BE :                     ; --------------------------------------------------------
(1)  396/     4BE :                     
(1)  397/     4BE :                     gemaStopAll:
(1)  398/     4BE : 6100 FECC           		bsr	sndReq_Enter
(1)  399/     4C2 : 3E3C 0003           		move.w	#$03,d7		; Command $03
(1)  400/     4C6 : 6100 FF16           		bsr	sndReq_scmd
(1)  401/     4CA : 7EFF                		moveq	#-1,d7		; d0.b Seq number
(1)  402/     4CC : 6100 FF2A           		bsr	sndReq_sbyte
(1)  403/     4D0 : 7EFF                		moveq	#-1,d7		; d1.b Slot
(1)  404/     4D2 : 6100 FF24           		bsr	sndReq_sbyte
(1)  405/     4D6 : 6000 FEEA           		bra 	sndReq_Exit
(1)  406/     4DA :                     
(1)  407/     4DA :                     ; --------------------------------------------------------
(1)  408/     4DA :                     ; gemaFadeSeq
(1)  409/     4DA :                     ;
(1)  410/     4DA :                     ; Set Master volume to a track slot.
(1)  411/     4DA :                     ;
(1)  412/     4DA :                     ; Input:
(1)  413/     4DA :                     ; d0.b | Target volume
(1)  414/     4DA :                     ; d1.b | Playback slot number
(1)  415/     4DA :                     ;        If -1: Apply to all slots
(1)  416/     4DA :                     ;
(1)  417/     4DA :                     ; Notes:
(1)  418/     4DA :                     ; - DO NOT MIX THIS WITH gemaSetTrackVol
(1)  419/     4DA :                     ; - v1.0: This only works on (re)start
(1)  420/     4DA :                     ;   or during new notes on playback.
(1)  421/     4DA :                     ; --------------------------------------------------------
(1)  422/     4DA :                     
(1)  423/     4DA :                     gemaFadeSeq:
(1)  424/     4DA : 6100 FEB0           		bsr	sndReq_Enter
(1)  425/     4DE : 3E3C 0005           		move.w	#$05,d7		; Command $05
(1)  426/     4E2 : 6100 FEFA           		bsr	sndReq_scmd
(1)  427/     4E6 : 1E00                		move.b	d0,d7		; d0.b Target volume
(1)  428/     4E8 : 6100 FF0E           		bsr	sndReq_sbyte
(1)  429/     4EC : 1E01                		move.b	d1,d7		; d1.b Slot
(1)  430/     4EE : 6100 FF08           		bsr	sndReq_sbyte
(1)  431/     4F2 : 6000 FECE           		bra 	sndReq_Exit
(1)  432/     4F6 :                     
(1)  433/     4F6 :                     ; --------------------------------------------------------
(1)  434/     4F6 :                     ; gemaSetSeqVol
(1)  435/     4F6 :                     ;
(1)  436/     4F6 :                     ; Set Master volume to a Seq slot.
(1)  437/     4F6 :                     ;
(1)  438/     4F6 :                     ; Input:
(1)  439/     4F6 :                     ; d0.b | Master volume: $00-max $40-min
(1)  440/     4F6 :                     ; d1.b | Playback slot number
(1)  441/     4F6 :                     ;        If -1: Set to all slots
(1)  442/     4F6 :                     ;
(1)  443/     4F6 :                     ; Notes:
(1)  444/     4F6 :                     ; - DO NOT MIX THIS WITH gemaFadeSeq
(1)  445/     4F6 :                     ; - v1.0: This only works on (re)start
(1)  446/     4F6 :                     ;   or during new notes on playback.
(1)  447/     4F6 :                     ; --------------------------------------------------------
(1)  448/     4F6 :                     
(1)  449/     4F6 :                     gemaSetSeqVol:
(1)  450/     4F6 : 6100 FE94           		bsr	sndReq_Enter
(1)  451/     4FA : 3E3C 0006           		move.w	#$06,d7		; Command $06
(1)  452/     4FE : 6100 FEDE           		bsr	sndReq_scmd
(1)  453/     502 : 1E00                		move.b	d0,d7		; d1.b Volume data <--
(1)  454/     504 : 6100 FEF2           		bsr	sndReq_sbyte
(1)  455/     508 : 1E01                		move.b	d1,d7		; d0.b Slot
(1)  456/     50A : 6100 FEEC           		bsr	sndReq_sbyte
(1)  457/     50E : 6000 FEB2           		bra 	sndReq_Exit
(1)  458/     512 :                     
(1)  459/     512 :                     ; --------------------------------------------------------
(1)  460/     512 :                     ; gemaSetBeats
(1)  461/     512 :                     ;
(1)  462/     512 :                     ; Set global sub-beats
(1)  463/     512 :                     ;
(1)  464/     512 :                     ; Input:
(1)  465/     512 :                     ; d0.w | Sub-beats value
(1)  466/     512 :                     ;
(1)  467/     512 :                     ; Note:
(1)  468/     512 :                     ; If the Z80 is running in PAL mode the number will
(1)  469/     512 :                     ; change inside the Z80 to match the PAL's speed.
(1)  470/     512 :                     ; --------------------------------------------------------
(1)  471/     512 :                     
(1)  472/     512 :                     gemaSetBeats:
(1)  473/     512 : 6100 FE78           		bsr	sndReq_Enter
(1)  474/     516 : 3E3C 0007           		move.w	#$07,d7		; Command $07
(1)  475/     51A : 6100 FEC2           		bsr	sndReq_scmd
(1)  476/     51E : 3E00                		move.w	d0,d7		; d0.w Sub-beat value
(1)  477/     520 : 6100 FED2           		bsr	sndReq_sword
(1)  478/     524 : 6000 FE9C           		bra 	sndReq_Exit
(1)  479/     528 :                     
     181/     528 :                     		include	"nikona/md/video.asm"
(1)    1/     528 :                     ; ===========================================================================
(1)    2/     528 :                     ; ----------------------------------------------------------------
(1)    3/     528 :                     ; Genesis VDP section
(1)    4/     528 :                     ; ----------------------------------------------------------------
(1)    5/     528 :                     
(1)    6/     528 :                     ; ====================================================================
(1)    7/     528 :                     ; --------------------------------------------------------
(1)    8/     528 :                     ; Settings
(1)    9/     528 :                     ; --------------------------------------------------------
(1)   10/     528 :                     
(1)   11/     528 : =$18                 MAX_MDDMATSK		equ 24		; DMA BLAST entries
(1)   12/     528 : =$18                 MAX_MDMAPSPR		equ 24		; VDP sprites with map data
(1)   13/     528 : =$8                  MAX_PALFDREQ		equ 8		; Maximum Pal-fading requests both VDP/SVDP, includes full fade
(1)   14/     528 :                     
(1)   15/     528 : =$7FE                SET_NullVram		equ $07FE	; Default Blank cell
(1)   16/     528 : =$480                SET_DefAutoDma		equ $0480	; Default VRAM location for automatic-DMA output
(1)   17/     528 : =$5A0                DEF_PrintVram		equ $05A0	; Default VRAM location of the PRINT text graphics
(1)   18/     528 : =$4E0                DEF_PrintVramW		equ $04E0
(1)   19/     528 : =$6000               DEF_PrintPal		equ $6000
(1)   20/     528 :                     
(1)   21/     528 : =$60                 DEF_MaxStampCOut	equ $60		; Maximum backup cells for the SCD Stamps
(1)   22/     528 :                     
(1)   23/     528 :                     ; ===================================================================
(1)   24/     528 :                     ; --------------------------------------------------------
(1)   25/     528 :                     ; Variables
(1)   26/     528 :                     ; --------------------------------------------------------
(1)   27/     528 :                     
(1)   28/     528 :                     ; VATTR_PAL0		equ $0000
(1)   29/     528 : =$800                VATTR_FLIPH		equ $0800
(1)   30/     528 : =$1000               VATTR_FLIPV		equ $1000
(1)   31/     528 : =$2000               VATTR_PAL1		equ $2000
(1)   32/     528 : =$4000               VATTR_PAL2		equ $4000
(1)   33/     528 : =$6000               VATTR_PAL3		equ $6000
(1)   34/     528 : =$8000               VATTR_HI		equ $8000
(1)   35/     528 :                     
(1)   36/     528 :                     ; ------------------------------------------------
(1)   37/     528 :                     ; Use these if you are not planning changing
(1)   38/     528 :                     ; the VRAM locations of the scrolling area(s)
(1)   39/     528 :                     ; ------------------------------------------------
(1)   40/     528 : =$C000               DEF_VRAM_FG		equ $C000
(1)   41/     528 : =$E000               DEF_VRAM_BG		equ $E000
(1)   42/     528 : =$D000               DEF_VRAM_WD		equ $D000
(1)   43/     528 : =$F800               DEF_VRAM_SPR		equ $F800
(1)   44/     528 : =$FC00               DEF_VRAM_HSCRL		equ $FC00
(1)   45/     528 :                     
(1)   46/     528 :                     ; ------------------------------------------------
(1)   47/     528 :                     ; H sizes for the current layer
(1)   48/     528 :                     ;
(1)   49/     528 :                     ; Note:
(1)   50/     528 :                     ; WINDOW's width changes between H32 and H40
(1)   51/     528 :                     ; resolution modes.
(1)   52/     528 :                     ; ------------------------------------------------
(1)   53/     528 : =$40                 DEF_HSIZE_32		equ $040
(1)   54/     528 : =$80                 DEF_HSIZE_64		equ $080	; Default
(1)   55/     528 : =$100                DEF_HSIZE_128		equ $100
(1)   56/     528 :                     
(1)   57/     528 :                     ; ------------------------------------------------
(1)   58/     528 :                     ; VDP registers
(1)   59/     528 :                     ; ------------------------------------------------
(1)   60/     528 :                     ; $80
(1)   61/     528 : =$2                  HVStop			equ $02
(1)   62/     528 : =$10                 HintEnbl		equ $10
(1)   63/     528 : =$1                  bitHVStop		equ 1
(1)   64/     528 : =$4                  bitHintEnbl		equ 4
(1)   65/     528 :                     ; $81
(1)   66/     528 : =$40                 DispEnbl 		equ $40
(1)   67/     528 : =$20                 VintEnbl 		equ $20
(1)   68/     528 : =$10                 DmaEnbl			equ $10
(1)   69/     528 : =$6                  bitDispEnbl		equ 6
(1)   70/     528 : =$5                  bitVintEnbl		equ 5
(1)   71/     528 : =$4                  bitDmaEnbl		equ 4
(1)   72/     528 : =$3                  bitV30			equ 3
(1)   73/     528 :                     
(1)   74/     528 :                     ; ------------------------------------------------
(1)   75/     528 :                     ; VDP VRAM bits
(1)   76/     528 :                     ; ------------------------------------------------
(1)   77/     528 :                     ; BYTE read:
(1)   78/     528 : =$7                  bitAttrPrio		equ 7
(1)   79/     528 : =$4                  bitAttrV		equ 4
(1)   80/     528 : =$3                  bitAttrH		equ 3
(1)   81/     528 :                     ; WORD read:
(1)   82/     528 : =$8000               AttrPrio		equ $8000
(1)   83/     528 : =$1000               AttrV			equ $1000
(1)   84/     528 : =$800                AttrH			equ $0800
(1)   85/     528 :                     
(1)   86/     528 :                     ; ------------------------------------------------
(1)   87/     528 :                     ; vdp_ctrl READ bits
(1)   88/     528 :                     ; Read as WORD
(1)   89/     528 :                     ; ------------------------------------------------
(1)   90/     528 : =$9                  bitFifoE		equ 9		; VDP DMA FIFO empty
(1)   91/     528 : =$8                  bitFifoF		equ 8		; VDP DMA FIFO full
(1)   92/     528 : =$7                  bitVInt			equ 7		; Vertical interrupt (NOT confused with bitVBlk)
(1)   93/     528 : =$6                  bitSprOvr		equ 6		; Sprite overflow
(1)   94/     528 : =$5                  bitSprCol		equ 5		; Sprite collision (leftover feature)
(1)   95/     528 : =$4                  bitOdd			equ 4		; EVEN or ODD frame displayed on interlace mode
(1)   96/     528 : =$3                  bitVBlk			equ 3		; Inside VBlank
(1)   97/     528 : =$2                  bitHBlk			equ 2		; Inside HBlank
(1)   98/     528 : =$1                  bitDma			equ 1		; DMA active bit, only works on FILL and COPY
(1)   99/     528 : =$0                  bitPal			equ 0		; VDP PAL-speed mode flag
(1)  100/     528 :                     
(1)  101/     528 :                     ; ====================================================================
(1)  102/     528 :                     ; ----------------------------------------------------------------
(1)  103/     528 :                     ; Structs
(1)  104/     528 :                     ; ----------------------------------------------------------------
(1)  105/     528 :                     
(1)  106/     528 :                     ; ------------------------------------------------
(1)  107/     528 :                     ; RAM_PalFadeList
(1)  108/       0 :                     palfd			struct
(1)  109/       0 :                     req			ds.b 1
(1)  110/       1 :                     delay			ds.b 1
(1)  111/       2 :                     start			ds.b 1
(1)  112/       3 :                     incr			ds.b 1
(1)  113/       4 :                     target			ds.b 1
(1)  114/       5 :                     timer			ds.b 1
(1)  115/       6 :                     num			ds.w 1
(1)  116/       8 :                     ; len			ds.l 0
(1)  117/     528 : =$8                  			endstruct
(1)  118/     528 :                     
(1)  119/     528 :                     ; ------------------------------------------------
(1)  120/     528 :                     ; RAM_MdMcd_Stamps
(1)  121/     528 :                     
(1)  122/       0 :                     mdstmp			struct
(1)  123/       0 :                     flags			ds.w 1		; Flags settings/status
(1)  124/       2 :                     vramMain		ds.w 1		; Main VRAM output *full*
(1)  125/       4 :                     vramSec			ds.w 1		; Secondary VRAM output *full*
(1)  126/       6 :                     vramSize		ds.w 1
(1)  127/       8 :                     vramLen			ds.w 1		; temporals
(1)  128/       A :                     vramIncr		ds.w 1		; ''
(1)  129/       C :                     stmpoutb		ds.w 1
(1)  130/       E :                     currOutFlip		ds.w 1
(1)  131/      10 :                     fdrop			ds.w 1
(1)  132/      12 :                     cellstorage		ds.l 1
(1)  133/      16 :                     dotIncr			ds.l 1
(1)  134/      1A :                     buffIncr		ds.l 1
(1)  135/      1E :                     ; len			ds.l 0
(1)  136/     528 : =$1E                 			endstruct
(1)  137/     528 :                     
(1)  138/     528 :                     ; ====================================================================
(1)  139/     528 :                     ; ----------------------------------------------------------------
(1)  140/     528 :                     ; RAM section
(1)  141/     528 :                     ; ----------------------------------------------------------------
(1)  142/     528 :                     ; Some 32X labels are in system/shared.asm
(1)  143/     528 :                     
(1)  144/     528 : (MACRO)              			memory RAM_MdVideo
(1)  144/     528 : =$528                GLBL_LASTPC     := *
(1)  144/     528 :                                     dephase
(1)  144/FFFFFFFFFFFFEA90 :                                     phase RAM_MDVIDEO
(1)  144/FFFFFFFFFFFFEA90 : =$FFFFFFFFFFFFEA90   GLBL_LASTORG    := *
(1)  145/FFFFFFFFFFFFEA90 :                     	; *** Variables cleared when changing screen modes ***
(1)  146/FFFFFFFFFFFFEA90 :                     RAM_PalFadeList		ds.b palfd_len*MAX_PALFDREQ	; Pal-fade request and buffers
(1)  147/FFFFFFFFFFFFEAD0 :                     RAM_SprMapList		ds.b $10*MAX_MDMAPSPR		; List of mapped-sprite data
(1)  148/FFFFFFFFFFFFEC50 :                     RAM_SprPzList		ds.b $08*80			; List of sprite pieces to build
(1)  149/FFFFFFFFFFFFEED0 :                     RAM_PaletteFade		ds.w 64				; Target MD palette for FadeIn/Out
(1)  150/FFFFFFFFFFFFEF50 :                     RAM_VdpDmaIndx		ds.w 1				; Current index in DMA BLAST list
(1)  151/FFFFFFFFFFFFEF52 :                     RAM_VdpDmaMod		ds.w 1				; Mid-write flag
(1)  152/FFFFFFFFFFFFEF54 :                     RAM_SprOffsetX		ds.w 1				; X spriteset position
(1)  153/FFFFFFFFFFFFEF56 :                     RAM_SprOffsetY		ds.w 1				; Y spriteset position
(1)  154/FFFFFFFFFFFFEF58 :                     RAM_MdVidClr_e		ds.l 0				; <-- END POINT for Video_Clear
(1)  155/FFFFFFFFFFFFEF5C :                     	; *** Variables kept when changing screen modes ***
(1)  156/FFFFFFFFFFFFEF5C :                     RAM_VdpDmaList		ds.b $10*MAX_MDDMATSK		; DMA BLAST list for VBlank
(1)  157/FFFFFFFFFFFFF0DC :                     RAM_FrameCount		ds.l 1				; Frame-counter
(1)  158/FFFFFFFFFFFFF0E0 :                     RAM_IndxPalFade		ds.w 1				; Current index in the pal-fade request list
(1)  159/FFFFFFFFFFFFF0E2 :                     RAM_SprLinkNum		ds.w 1				; Current link number for the sprite-building routines
(1)  160/FFFFFFFFFFFFF0E4 :                     RAM_VdpVramFG		ds.w 1				; Full VRAM location for FG
(1)  161/FFFFFFFFFFFFF0E6 :                     RAM_VdpVramBG		ds.w 1				; '' BG
(1)  162/FFFFFFFFFFFFF0E8 :                     RAM_VdpVramWD		ds.w 1				; '' Window
(1)  163/FFFFFFFFFFFFF0EA :                     RAM_VdpVramSpr		ds.w 1				; '' Sprites
(1)  164/FFFFFFFFFFFFF0EC :                     RAM_VdpVramHScrl	ds.w 1				; '' Horizontal scroll
(1)  165/FFFFFFFFFFFFF0EE :                     RAM_VdpMapSize		ds.w 1				; BG/FG Size
(1)  166/FFFFFFFFFFFFF0F0 :                     RAM_VdpRegSet0		ds.w 1				; * VDP Register $80
(1)  167/FFFFFFFFFFFFF0F2 :                     RAM_VdpRegSet1		ds.w 1				; * VDP Register $81
(1)  168/FFFFFFFFFFFFF0F4 :                     RAM_VdpRegSetB		ds.w 1				; * VDP Register $8B
(1)  169/FFFFFFFFFFFFF0F6 :                     RAM_VdpRegSetC		ds.w 1				; * VDP Register $8C
(1)  170/FFFFFFFFFFFFF0F8 :                     sizeof_mdvid		ds.l 0
(1)  171/FFFFFFFFFFFFF0FC : (MACRO)              			endmemory
(1)  171/     B94 :                     .here:          dephase
(1)  171/     B94 :                                     ds.b -(.here-GLBL_LASTORG)
(1)  171/     528 :                                     phase GLBL_LASTPC
(1)  172/     528 :                     
(1)  173/     528 :                     ; ====================================================================
(1)  174/     528 :                     ; ----------------------------------------------------------------
(1)  175/     528 :                     ; Video_Init
(1)  176/     528 :                     ;
(1)  177/     528 :                     ; Initialize Genesis video
(1)  178/     528 :                     ;
(1)  179/     528 :                     ; Uses:
(1)  180/     528 :                     ; d5-d7/a5-a6
(1)  181/     528 :                     ; ----------------------------------------------------------------
(1)  182/     528 :                     
(1)  183/     528 :                     Video_Init:
(1)  184/     528 : 4DF8 EA90           		lea	(RAM_MdVideo).w,a6			; Clear ALL Video RAM section
(1)  185/     52C : 7C00                		moveq	#0,d6
(1)  186/     52E : 3E3C 0667           		move.w	#(sizeof_mdvid-RAM_MdVideo)-1,d7
(1)  187/     532 :                     .clr_ram:
(1)  188/     532 : 1CC6                		move.b	d6,(a6)+
(1)  189/     534 : 51CF FFFC           		dbf	d7,.clr_ram
(1)  190/     538 : 4DF8 EF5C           		lea	(RAM_VdpDmaList).w,a6			; Write base DMA registers
(1)  191/     53C : 4BFA 005E           		lea	.dma_entry(pc),a5
(1)  192/     540 : 3E3C 0017           		move.w	#MAX_MDDMATSK-1,d7
(1)  193/     544 :                     .copy_dma:
(1)  194/     544 : 2CD5                		move.l	(a5),(a6)+
(1)  195/     546 : 2CED 0004           		move.l	4(a5),(a6)+
(1)  196/     54A : 2CED 0008           		move.l	8(a5),(a6)+
(1)  197/     54E : 2CED 000C           		move.l	$C(a5),(a6)+
(1)  198/     552 : 51CF FFF0           		dbf	d7,.copy_dma
(1)  199/     556 : 4DF8 EAD0           		lea	(RAM_SprMapList).w,a6			; Clear Sprite w/Map entries
(1)  200/     55A : 3E3C 0017           		move.w	#MAX_MDMAPSPR-1,d7
(1)  201/     55E :                     .clr_d:
(1)  202/     55E : 429E                		clr.l	(a6)+
(1)  203/     560 : 429E                		clr.l	(a6)+
(1)  204/     562 : 429E                		clr.l	(a6)+
(1)  205/     564 : 429E                		clr.l	(a6)+
(1)  206/     566 : 51CF FFF6           		dbf	d7,.clr_d
(1)  207/     56A : 4278 F0E0           		clr.w	(RAM_IndxPalFade).w			; Reset all VDP pal-fade requests
(1)  208/     56E : 4DF8 EA90           		lea	(RAM_PalFadeList).w,a6
(1)  209/     572 : 3E3C 0007           		move.w	#MAX_PALFDREQ-1,d7
(1)  210/     576 :                     .clr_preq:
(1)  211/     576 : 429E                		clr.l	(a6)+
(1)  212/     578 : 429E                		clr.l	(a6)+
(1)  213/     57A : 51CF FFFA           		dbf	d7,.clr_preq
(1)  223/     57E : 4CBA 000F 002A      		movem.w	.def_regset(pc),d0-d3			; Set default VDP regs $80,$81,$8B,$8C
(1)  224/     584 : 48B8 000F F0F0      		movem.w	d0-d3,(RAM_VdpRegSet0).w
(1)  225/     58A : 23F8 F0F0 00C0      		move.l	(RAM_VdpRegSet0).w,(vdp_ctrl).l		; Write VDP regs 80xx-81xx and 8Bxx-8Cxx
              590 : 0004             
(1)  226/     592 : 23F8 F0F4 00C0      		move.l	(RAM_VdpRegSetB).w,(vdp_ctrl).l
              598 : 0004             
(1)  227/     59A : 6018                		bra	Video_Default
(1)  228/     59C :                     
(1)  229/     59C :                     ; --------------------------------------------------------
(1)  230/     59C :                     ; DMA blast base entry
(1)  231/     59C :                     .dma_entry:
(1)  232/     59C : 9400 9300           		dc.w $9400,$9300			; Size
(1)  233/     5A0 : 9600 9500 9700      		dc.w $9600,$9500,$9700			; Source
(1)  234/     5A6 : 4000 0080           		dc.l $40000080 				; VDP write with DMA
(1)  235/     5AA : 0000                		dc.w $0000				; Patch for the first 4 pixels (SCD/CD32X only)
(1)  236/     5AC :                     		align 2
(1)  237/     5AC :                     .def_regset:
(1)  238/     5AC : 8004 8104 8B00      		dc.w $8004,$8104,$8B00,$8C00
              5B2 : 8C00             
(1)  239/     5B4 :                     		align 2
(1)  240/     5B4 :                     
(1)  241/     5B4 :                     ; --------------------------------------------------------
(1)  242/     5B4 :                     ; Video_Default
(1)  243/     5B4 :                     ;
(1)  244/     5B4 :                     ; Reset VDP settings to defaults
(1)  245/     5B4 :                     ; --------------------------------------------------------
(1)  246/     5B4 :                     
(1)  247/     5B4 :                     Video_Default:
(1)  248/     5B4 : 23FC 9100 9200      		move.l	#$91009200,(vdp_ctrl).l			; Clear WINDOW
              5BA : 00C0 0004          
(1)  249/     5BE : 33FC 8F02 00C0      		move.w	#$8F00|$02,(vdp_ctrl).l			; Default VDP increment $02
              5C4 : 0004             
(1)  250/     5C6 : 31FC C000 F0E4      		move.w	#DEF_VRAM_FG,(RAM_VdpVramFG).w
(1)  251/     5CC : 31FC E000 F0E6      		move.w	#DEF_VRAM_BG,(RAM_VdpVramBG).w
(1)  252/     5D2 : 31FC D000 F0E8      		move.w	#DEF_VRAM_WD,(RAM_VdpVramWD).w
(1)  253/     5D8 : 31FC F800 F0EA      		move.w	#DEF_VRAM_SPR,(RAM_VdpVramSpr).w
(1)  254/     5DE : 31FC FC00 F0EC      		move.w	#DEF_VRAM_HSCRL,(RAM_VdpVramHScrl).w
(1)  255/     5E4 : 6100 0446           		bsr	Video_UpdMapVram
(1)  256/     5E8 : 6100 0494           		bsr	Video_UpdSprHVram
(1)  257/     5EC : 3F00                		move.w	d0,-(sp)
(1)  258/     5EE : 303C 0001           		move.w	#%0001,d0				; Size H64 V32
(1)  259/     5F2 : 6100 04C4           		bsr	Video_SetMapSize
(1)  260/     5F6 : 303C 0001           		move.w	#%0001,d0				; Resolution 320x224
(1)  261/     5FA : 6100 03E0           		bsr	Video_Resolution
(1)  262/     5FE : 301F                		move.w	(sp)+,d0
(1)  263/     600 : 4E75                		rts
(1)  264/     602 :                     
(1)  265/     602 :                     ; ====================================================================
(1)  266/     602 :                     ; --------------------------------------------------------
(1)  267/     602 :                     ; Video_Render
(1)  268/     602 :                     ;
(1)  269/     602 :                     ; Processes VDP Sprites, H/V Scrolling, Palette
(1)  270/     602 :                     ; and process the DMA BLAST list
(1)  271/     602 :                     ;
(1)  272/     602 :                     ; Uses:
(1)  273/     602 :                     ; ALL
(1)  274/     602 :                     ;
(1)  275/     602 :                     ; Notes:
(1)  276/     602 :                     ; VBlank ONLY, already called by System_Render
(1)  277/     602 :                     ; --------------------------------------------------------
(1)  278/     602 :                     
(1)  279/     602 :                     Video_Render:
(1)  280/     602 : 6100 0362           		bsr	Video_DmaOn
(1)  281/     606 : 6100 117C           		bsr	System_DmaEnter_RAM
(1)  282/     60A : 4DF9 00C0 0004      		lea	(vdp_ctrl).l,a6
(1)  283/     610 : 3E38 F0EA           		move.w	(RAM_VdpVramSpr).w,d7
(1)  284/     614 : 3A38 F0EC           		move.w	(RAM_VdpVramHScrl).w,d5
(1)  285/     618 : 3C07                		move.w	d7,d6
(1)  286/     61A : 0247 3FFF           		andi.w	#$3FFF,d7
(1)  287/     61E : 0047 4000           		ori.w	#$4000,d7
(1)  288/     622 : E55E                		rol.w	#2,d6
(1)  289/     624 : 0246 0003           		andi.w	#%11,d6
(1)  290/     628 : 8C7C 0080           		or.w	#$80,d6
(1)  291/     62C : 3805                		move.w	d5,d4
(1)  292/     62E : 0245 3FFF           		andi.w	#$3FFF,d5
(1)  293/     632 : 0045 4000           		ori.w	#$4000,d5
(1)  294/     636 : E55C                		rol.w	#2,d4
(1)  295/     638 : 0244 0003           		andi.w	#%11,d4
(1)  296/     63C : 887C 0080           		or.w	#$80,d4
(1)  297/     640 : 2CBC 9401 9340      		move.l	#$94019340,(a6)			; Size $280/2
(1)  298/     646 : 2CBC 96F2 9588      		move.l	#$96009500|(RAM_Sprites<<7&$FF0000)|(RAM_Sprites>>1&$FF),(a6)
(1)  299/     64C : 3CBC 977F           		move.w	#$9700|(RAM_Sprites>>17&$7F),(a6)
(1)  300/     650 : 3C87                		move.w	d7,(a6)
(1)  301/     652 : 3F06                		move.w	d6,-(sp)
(1)  302/     654 : 3C9F                		move.w	(sp)+,(a6)
(1)  303/     656 : 2CBC 9401 93E0      		move.l	#$940193E0,(a6)			; Size $3C0/2
(1)  304/     65C : 2CBC 96F0 9580      		move.l	#$96009500|(RAM_HorScroll<<7&$FF0000)|(RAM_HorScroll>>1&$FF),(a6)
(1)  305/     662 : 3CBC 977F           		move.w	#$9700|(RAM_HorScroll>>17&$7F),(a6)
(1)  306/     666 : 3C85                		move.w	d5,(a6)
(1)  307/     668 : 3F04                		move.w	d4,-(sp)
(1)  308/     66A : 3C9F                		move.w	(sp)+,(a6)
(1)  309/     66C : 2CBC 9400 9328      		move.l	#$94009328,(a6)
(1)  310/     672 : 2CBC 96F2 9560      		move.l	#$96009500|(RAM_VerScroll<<7&$FF0000)|(RAM_VerScroll>>1&$FF),(a6)
(1)  311/     678 : 3CBC 977F           		move.w	#$9700|(RAM_VerScroll>>17&$7F),(a6)
(1)  312/     67C : 3CBC 4000           		move.w	#$4000,(a6)
(1)  313/     680 : 3F3C 0090           		move.w	#$0010|$80,-(sp)
(1)  314/     684 : 3C9F                		move.w	(sp)+,(a6)
(1)  315/     686 : 2CBC 9400 9340      		move.l	#$94009340,(a6)
(1)  316/     68C : 2CBC 96F5 9508      		move.l	#$96009500|(RAM_Palette<<7&$FF0000)|(RAM_Palette>>1&$FF),(a6)
(1)  317/     692 : 3CBC 977F           		move.w	#$9700|(RAM_Palette>>17&$7F),(a6)
(1)  318/     696 : 3CBC C000           		move.w	#$C000,(a6)
(1)  319/     69A : 3F3C 0080           		move.w	#$0000|$80,-(sp)
(1)  320/     69E : 3C9F                		move.w	(sp)+,(a6)
(1)  321/     6A0 : 6100 10E6           		bsr	System_DmaExit_RAM
(1)  322/     6A4 : 6100 02CC           		bsr	Video_DmaOff
(1)  323/     6A8 :                     
(1)  324/     6A8 :                     ; --------------------------------------------------------
(1)  325/     6A8 :                     ; Struct:
(1)  326/     6A8 :                     ; dc.w $94xx,$93xx		; Size
(1)  327/     6A8 :                     ; dc.w $96xx,$95xx,$97xx	; Source
(1)  328/     6A8 :                     ; dc.l $4xxx008x 		; VDP destination with DMA bit
(1)  329/     6A8 :                     ; dc.w $xxxx			; SegaCD/CD32X only: Patch for the first 4 pixels
(1)  330/     6A8 : 4A78 EF52           		tst.w	(RAM_VdpDmaMod).w		; Got mid-write?
(1)  331/     6AC : 6642                		bne.s	.exit
(1)  332/     6AE : 4A78 EF50           		tst.w	(RAM_VdpDmaIndx).w		; Any requests?
(1)  333/     6B2 : 673C                		beq.s	.exit
(1)  334/     6B4 : 49F9 00C0 0004      		lea	(vdp_ctrl).l,a4			; a4 - vdp_ctrl
(1)  335/     6BA : 47F8 EF5C           		lea	(RAM_VdpDmaList).w,a3		; a3 - Blast list
(1)  336/     6BE : 3E38 F0F2           		move.w	(RAM_VdpRegSet1).w,d7		; DMA Enable + VDP Display OFF
(1)  337/     6C2 : 08C7 0004           		bset	#bitDmaEnbl,d7
(1)  338/     6C6 : 3887                		move.w	d7,(a4)
(1)  339/     6C8 : 6100 10B4           		bsr	System_DmaEnter_ROM
(1)  340/     6CC : 4A78 EF50           .next:		tst.w	(RAM_VdpDmaIndx).w
(1)  341/     6D0 : 6714                		beq.s	.end
(1)  342/     6D2 : 289B                		move.l	(a3)+,(a4)			; Size
(1)  343/     6D4 : 289B                		move.l	(a3)+,(a4)			; Source
(1)  344/     6D6 : 389B                		move.w	(a3)+,(a4)
(1)  345/     6D8 :                     	; CD/CD32X
(1)  358/     6D8 : 389B                		move.w	(a3)+,(a4)			; Normal VDP control write
(1)  359/     6DA : 389B                		move.w	(a3)+,(a4)			; *** CPU freezes ***
(1)  360/     6DC : D6FC 0002           		adda	#2,a3
(1)  362/     6E0 : 5378 EF50           		subq.w	#1,(RAM_VdpDmaIndx).w
(1)  363/     6E4 : 60E6                		bra.s	.next
(1)  364/     6E6 :                     .end:
(1)  365/     6E6 : 6100 109A           		bsr	System_DmaExit_ROM
(1)  366/     6EA : 3E38 F0F2           		move.w	(RAM_VdpRegSet1).w,d7		; Restore VDP reg $81
(1)  367/     6EE : 3887                		move.w	d7,(a4)
(1)  368/     6F0 :                     .exit:
(1)  369/     6F0 : 4E75                		rts
(1)  370/     6F2 :                     
(1)  371/     6F2 :                     ; ====================================================================
(1)  372/     6F2 :                     ; --------------------------------------------------------
(1)  373/     6F2 :                     ; Video_BuildSprites
(1)  374/     6F2 :                     ;
(1)  375/     6F2 :                     ; Build VDP Sprite pieces and maps, call before VBlank
(1)  376/     6F2 :                     ; overwrites RAM_Sprites
(1)  377/     6F2 :                     ;
(1)  378/     6F2 :                     ; Uses:
(1)  379/     6F2 :                     ; ALL
(1)  380/     6F2 :                     ; --------------------------------------------------------
(1)  381/     6F2 :                     
(1)  382/     6F2 :                     Video_BuildSprites:
(1)  383/     6F2 : 31FC 0001 F0E2      		move.w	#1,(RAM_SprLinkNum).w		; Reset SPRITE LINK number
(1)  384/     6F8 : 4DF8 E510           		lea	(RAM_Sprites).w,a6		; a6 - Genesis sprites
(1)  385/     6FC : 3C38 F0E2           		move.w	(RAM_SprLinkNum).w,d6		; d6 - Starting sprite link
(1)  386/     700 : BC7C 0050           		cmp.w	#80,d6
(1)  387/     704 : 6C00 017C           		bge	.stop_all
(1)  388/     708 : 3A06                		move.w	d6,d5
(1)  389/     70A : 5345                		subq.w	#1,d5
(1)  390/     70C : 6B04                		bmi	.first_spr
(1)  391/     70E : E74D                		lsl.w	#3,d5
(1)  392/     710 : DCC5                		adda	d5,a6
(1)  393/     712 :                     .first_spr:
(1)  394/     712 : 4BF8 EC50           		lea	(RAM_SprPzList).w,a5
(1)  395/     716 : 3E3C 004F           		move.w	#80-1,d7			; Loop all pieces
(1)  396/     71A :                     .next_pz:
(1)  397/     71A : 0C46 0050           		cmpi.w	#80,d6
(1)  398/     71E : 6E00 0162           		bgt	.stop_all
(1)  399/     722 : 0815 0007           		btst	#7,(a5)
(1)  400/     726 : 6722                		beq	.no_slot_s
(1)  401/     728 : 3015                		move.w	(a5),d0				; This slot is used?
(1)  402/     72A : 3200                		move.w	d0,d1
(1)  403/     72C : 0241 3C00           		andi.w	#$3C00,d1
(1)  404/     730 : E449                		lsr.w	#2,d1
(1)  405/     732 : D246                		add.w	d6,d1
(1)  406/     734 : 342D 0004           		move.w	4(a5),d2
(1)  407/     738 : 362D 0002           		move.w	2(a5),d3
(1)  408/     73C : 0240 03FF           		andi.w	#$03FF,d0
(1)  409/     740 : 3CC0                		move.w	d0,(a6)+
(1)  410/     742 : 3CC1                		move.w	d1,(a6)+
(1)  411/     744 : 3CC2                		move.w	d2,(a6)+
(1)  412/     746 : 3CC3                		move.w	d3,(a6)+
(1)  413/     748 : 5246                		addq.w	#1,d6
(1)  414/     74A :                     .no_slot_s:
(1)  415/     74A : DAFC 0008           		adda	#$08,a5
(1)  416/     74E : 51CF FFCA           		dbf	d7,.next_pz
(1)  417/     752 : 4BF8 EAD0           		lea	(RAM_SprMapList).w,a5	; Sprite with map data
(1)  418/     756 : 3E3C 0017           		move.w	#MAX_MDMAPSPR-1,d7
(1)  419/     75A :                     .next:
(1)  420/     75A : 0815 0007           		btst	#7,(a5)
(1)  421/     75E : 6700 0118           		beq	.no_map
(1)  422/     762 : 2055                		move.l	(a5),a0
(1)  423/     764 : 4847                		swap	d7
(1)  424/     766 : 7000                		moveq	#0,d0
(1)  425/     768 : 302D 0004           		move.w	$04(a5),d0		; Read frame number
(1)  426/     76C : D040                		add.w	d0,d0
(1)  427/     76E : 3030 0000           		move.w	(a0,d0.w),d0
(1)  428/     772 : 41F0 0000           		lea	(a0,d0.w),a0
(1)  429/     776 : 3A18                		move.w	(a0)+,d5
(1)  430/     778 : 6700 00FE           		beq	.no_map
(1)  431/     77C : 5345                		subq.w	#1,d5
(1)  432/     77E :                     .mk_pz:
(1)  433/     77E : 0C46 0050           		cmpi.w	#80,d6
(1)  434/     782 : 6E00 00FE           		bgt	.stop_all
(1)  435/     786 : 4845                		swap	d5
(1)  436/     788 : 4846                		swap	d6
(1)  437/     78A : 1018                		move.b	(a0)+,d0		; d0 - Y pos
(1)  438/     78C : 1218                		move.b	(a0)+,d1		; d1 - Size
(1)  439/     78E : 3410                		move.w	(a0),d2			; d2 - VRAM main
(1)  440/     790 : 0838 0002 F0F7      		btst	#2,(RAM_VdpRegSetC+1).w
(1)  441/     796 : 6710                		beq.s	.ex_vram
(1)  442/     798 : 3801                		move.w	d1,d4
(1)  443/     79A : 0241 000C           		andi.w	#%1100,d1
(1)  444/     79E : 0244 0003           		andi.w	#%0011,d4
(1)  445/     7A2 : E24C                		lsr.w	#1,d4
(1)  446/     7A4 : 8244                		or.w	d4,d1
(1)  447/     7A6 : E24A                		lsr.w	#1,d2
(1)  448/     7A8 :                     .ex_vram:
(1)  449/     7A8 : D0FC 0004           		adda	#4,a0			; <-- Reserved for VRAM double-interlace
(1)  450/     7AC : 3618                		move.w	(a0)+,d3		; d3 - X pos
(1)  451/     7AE : 4880                		ext.w	d0
(1)  452/     7B0 : 3A2D 0006           		move.w	$06(a5),d5		; Read VRAM
(1)  453/     7B4 : 3805                		move.w	d5,d4
(1)  454/     7B6 : 0838 0002 F0F7      		btst	#2,(RAM_VdpRegSetC+1).w
(1)  455/     7BC : 670E                		beq.s	.ex_vrams
(1)  456/     7BE : 3805                		move.w	d5,d4
(1)  457/     7C0 : 0244 F800           		andi.w	#$F800,d4
(1)  458/     7C4 : 0245 07FF           		andi.w	#$07FF,d5
(1)  459/     7C8 : E24D                		lsr.w	#1,d5
(1)  460/     7CA : 8A44                		or.w	d4,d5
(1)  461/     7CC :                     .ex_vrams:
(1)  462/     7CC : 3805                		move.w	d5,d4
(1)  463/     7CE : 0244 1000           		andi.w	#$1000,d4
(1)  464/     7D2 : 6710                		beq.s	.vram_v
(1)  465/     7D4 : 4440                		neg.w	d0
(1)  466/     7D6 : 0440 0008           		subi.w	#8,d0
(1)  467/     7DA : 3C01                		move.w	d1,d6
(1)  468/     7DC : 0246 0003           		andi.w	#%0011,d6
(1)  469/     7E0 : E74E                		lsl.w	#3,d6
(1)  470/     7E2 : 9046                		sub.w	d6,d0
(1)  471/     7E4 :                     .vram_v:
(1)  472/     7E4 : 3805                		move.w	d5,d4
(1)  473/     7E6 : 0244 0800           		andi.w	#$0800,d4
(1)  474/     7EA : 6710                		beq.s	.vram_h
(1)  475/     7EC : 4443                		neg.w	d3
(1)  476/     7EE : 0443 0008           		subi.w	#8,d3
(1)  477/     7F2 : 3C01                		move.w	d1,d6
(1)  478/     7F4 : 0246 000C           		andi.w	#%1100,d6
(1)  479/     7F8 : DC46                		add.w	d6,d6
(1)  480/     7FA : 9646                		sub.w	d6,d3
(1)  481/     7FC :                     .vram_h:
(1)  482/     7FC : D445                		add.w	d5,d2
(1)  483/     7FE : 4845                		swap	d5
(1)  484/     800 : 4846                		swap	d6
(1)  485/     802 : D06D 000A           		add.w	$0A(a5),d0		; Add Y pos
(1)  486/     806 : D66D 0008           		add.w	$08(a5),d3		; Add X pos
(1)  487/     80A : D078 EF56           		add.w	(RAM_SprOffsetY).w,d0
(1)  488/     80E : 9678 EF54           		sub.w	(RAM_SprOffsetX).w,d3
(1)  489/     812 : B67C 0140           		cmp.w	#320,d3			; X/Y wrap
(1)  490/     816 : 6C5C                		bge.s	.no_pz
(1)  491/     818 : 3801                		move.w	d1,d4
(1)  492/     81A : 0244 000C           		andi.w	#%1100,d4
(1)  493/     81E : D844                		add.w	d4,d4
(1)  494/     820 : D87C 0008           		add.w	#8,d4
(1)  495/     824 : 3E03                		move.w	d3,d7
(1)  496/     826 : DE44                		add.w	d4,d7
(1)  497/     828 : 6B4A                		bmi.s	.no_pz
(1)  498/     82A : 383C 00F0           		move.w	#240,d4
(1)  499/     82E : 0838 0002 F0F7      		btst	#2,(RAM_VdpRegSetC+1).w
(1)  500/     834 : 6702                		beq.s	.ex_yext
(1)  501/     836 : D844                		add.w	d4,d4
(1)  502/     838 :                     .ex_yext:
(1)  503/     838 : B044                		cmp.w	d4,d0
(1)  504/     83A : 6C38                		bge.s	.no_pz
(1)  505/     83C : 3801                		move.w	d1,d4
(1)  506/     83E : 0244 0003           		andi.w	#%0011,d4
(1)  507/     842 : E74C                		lsl.w	#3,d4
(1)  508/     844 : D87C 0008           		add.w	#8,d4
(1)  509/     848 : 3E00                		move.w	d0,d7
(1)  510/     84A : DE44                		add.w	d4,d7
(1)  511/     84C : 6B26                		bmi.s	.no_pz
(1)  512/     84E : E149                		lsl.w	#8,d1			; Size + Link
(1)  513/     850 : 8246                		or.w	d6,d1
(1)  514/     852 : 0640 0080           		addi.w	#$80,d0
(1)  515/     856 : 3838 F0F6           		move.w	(RAM_VdpRegSetC).w,d4
(1)  516/     85A : 0804 0002           		btst	#2,d4
(1)  517/     85E : 6704                		beq.s	.dont_add
(1)  518/     860 : 0640 0080           		addi.w	#$80,d0
(1)  519/     864 :                     .dont_add:
(1)  520/     864 : 0643 0080           		addi.w	#$80,d3
(1)  521/     868 : 3CC0                		move.w	d0,(a6)+
(1)  522/     86A : 3CC1                		move.w	d1,(a6)+
(1)  523/     86C : 3CC2                		move.w	d2,(a6)+
(1)  524/     86E : 3CC3                		move.w	d3,(a6)+
(1)  525/     870 : DC7C 0001           		add.w	#1,d6
(1)  526/     874 :                     .no_pz:
(1)  527/     874 : 51CD FF08           		dbf	d5,.mk_pz
(1)  528/     878 :                     .no_map:
(1)  529/     878 : DAFC 0010           		adda	#$10,a5
(1)  530/     87C : 4847                		swap	d7
(1)  531/     87E :                     .no_slot:
(1)  532/     87E : 51CF FEDA           		dbf	d7,.next
(1)  533/     882 :                     .stop_all:
(1)  534/     882 : 614A                		bsr	vid_CheckLastSpr
(1)  535/     884 : 31C6 F0E2           		move.w	d6,(RAM_SprLinkNum).w
(1)  536/     888 :                     	; Reset slots
(1)  537/     888 : 4DF8 EC50           		lea	(RAM_SprPzList).w,a6
(1)  538/     88C : 7E4F                		moveq	#80-1,d7
(1)  539/     88E : 7C08                		moveq	#$08,d6
(1)  540/     890 :                     .chk_spr_r:
(1)  541/     890 : 1A16                		move.b	(a6),d5
(1)  542/     892 : 0805 0007           		btst	#7,d5
(1)  543/     896 : 670C                		beq.s	.no_slot_r
(1)  544/     898 : 0805 0006           		btst	#6,d5
(1)  545/     89C : 6706                		beq.s	.no_slot_r
(1)  546/     89E : 4296                		clr.l	(a6)
(1)  547/     8A0 : 42AE 0004           		clr.l	4(a6)
(1)  548/     8A4 :                     .no_slot_r:
(1)  549/     8A4 : DCC6                		adda	d6,a6
(1)  550/     8A6 : 51CF FFE8           		dbf	d7,.chk_spr_r
(1)  551/     8AA : 4DF8 EAD0           		lea	(RAM_SprMapList).w,a6
(1)  552/     8AE : 7E17                		moveq	#MAX_MDMAPSPR-1,d7
(1)  553/     8B0 : 7C10                		moveq	#$10,d6
(1)  554/     8B2 :                     .chk_spr_mr:
(1)  555/     8B2 : 1A16                		move.b	(a6),d5
(1)  556/     8B4 : 0805 0007           		btst	#7,d5
(1)  557/     8B8 : 670C                		beq.s	.no_slot_mr
(1)  558/     8BA : 0805 0006           		btst	#6,d5
(1)  559/     8BE : 6706                		beq.s	.no_slot_mr
(1)  560/     8C0 : 4296                		clr.l	(a6)
(1)  561/     8C2 : 42AE 0004           		clr.l	4(a6)
(1)  562/     8C6 :                     .no_slot_mr:
(1)  563/     8C6 : DCC6                		adda	d6,a6
(1)  564/     8C8 : 51CF FFE8           		dbf	d7,.chk_spr_mr
(1)  565/     8CC : 4E75                		rts
(1)  566/     8CE :                     
(1)  567/     8CE :                     ; --------------------------------------------------------
(1)  568/     8CE :                     ; d6 - Current link
(1)  569/     8CE :                     vid_CheckLastSpr:
(1)  570/     8CE : 4DF8 E510           		lea	(RAM_Sprites).w,a6	; Check last sprite piece
(1)  571/     8D2 : 0C46 0001           		cmpi.w	#1,d6
(1)  572/     8D6 : 6710                		beq.s	.blnk_first
(1)  573/     8D8 : 0C46 0050           		cmpi.w	#80,d6
(1)  574/     8DC : 6E10                		bgt.s	.last_one
(1)  575/     8DE : 3E06                		move.w	d6,d7
(1)  576/     8E0 : 0447 0001           		subi.w	#1,d7
(1)  577/     8E4 : E74F                		lsl.w	#3,d7
(1)  578/     8E6 : DCC7                		adda	d7,a6
(1)  579/     8E8 :                     .blnk_first:
(1)  580/     8E8 : 429E                		clr.l	(a6)+
(1)  581/     8EA : 429E                		clr.l	(a6)+
(1)  582/     8EC : 6010                		bra.s	.spr_exit
(1)  583/     8EE :                     .last_one:
(1)  584/     8EE : DCFC 0278           		adda	#79*8,a6		; Go to last sprite
(1)  585/     8F2 : 3E2E 0002           		move.w	2(a6),d7		; Set last link to 0
(1)  586/     8F6 : 0247 0F00           		andi.w	#$0F00,d7
(1)  587/     8FA : 3D47 0002           		move.w	d7,2(a6)
(1)  588/     8FE :                     .spr_exit:
(1)  589/     8FE : 4E75                		rts
(1)  590/     900 :                     
(1)  591/     900 :                     ; ====================================================================
(1)  592/     900 :                     ; --------------------------------------------------------
(1)  593/     900 :                     ; Subroutines
(1)  594/     900 :                     ; --------------------------------------------------------
(1)  595/     900 :                     
(1)  596/     900 :                     ; --------------------------------------------------------
(1)  597/     900 :                     ; Video_Clear
(1)  598/     900 :                     ;
(1)  599/     900 :                     ; Clears ALL VDP VRAM and other RAM sections
(1)  600/     900 :                     ;
(1)  601/     900 :                     ; Breaks:
(1)  602/     900 :                     ; ALL
(1)  603/     900 :                     ; --------------------------------------------------------
(1)  604/     900 :                     
(1)  605/     900 :                     Video_Clear:
(1)  614/     900 : 7C00                		moveq	#0,d6
(1)  615/     902 : 4DF8 EA90           		lea	(RAM_MdVideo).w,a6			; Clear half of Video RAM section
(1)  616/     906 : 3E3C 04C7           		move.w	#(RAM_MdVidClr_e-RAM_MdVideo)-1,d7
(1)  617/     90A :                     .clr_me:
(1)  618/     90A : 1CC6                		move.b	d6,(a6)+
(1)  619/     90C : 51CF FFFC           		dbf	d7,.clr_me
(1)  620/     910 : 303C 0000           		move.w	#0,d0
(1)  621/     914 : 323C 0000           		move.w	#0,d1
(1)  622/     918 : 343C FFC0           		move.w	#cell_num($7FE),d2
(1)  623/     91C : 6100 0300           		bsr	Video_Fill
(1)  624/     920 :                     
(1)  625/     920 :                     ; --------------------------------------------------------
(1)  626/     920 :                     ; Video_ClearScreen
(1)  627/     920 :                     ;
(1)  628/     920 :                     ; Clears ALL 3 map layers entirely
(1)  629/     920 :                     ;
(1)  630/     920 :                     ; Uses:
(1)  631/     920 :                     ; ALL
(1)  632/     920 :                     ; --------------------------------------------------------
(1)  633/     920 :                     
(1)  634/     920 :                     Video_ClearScreen:
(1)  635/     920 : 7000                		moveq	#0,d0
(1)  636/     922 : 3238 F0E4           		move.w	(RAM_VdpVramFG).w,d1
(1)  637/     926 : 3438 F0EE           		move.w	(RAM_VdpMapSize).w,d2	; FG/BG size
(1)  638/     92A : 6100 02F2           		bsr	Video_Fill
(1)  639/     92E : 3238 F0E6           		move.w	(RAM_VdpVramBG).w,d1
(1)  640/     932 : 6100 02EA           		bsr	Video_Fill
(1)  641/     936 : 343C 0800           		move.w	#$800,d2		; WD Size
(1)  642/     93A : 3E38 F0F6           		move.w	(RAM_VdpRegSetC).w,d7	; Current $8Cxx
(1)  643/     93E : 0247 0081           		andi.w	#%10000001,d7		; Check if we are in H40
(1)  644/     942 : 6702                		beq.s	.not_small
(1)  645/     944 : D442                		add.w	d2,d2			; Size $1000
(1)  646/     946 :                     .not_small:
(1)  647/     946 : 3238 F0E8           		move.w	(RAM_VdpVramWD).w,d1
(1)  648/     94A : 6000 02D2           		bra	Video_Fill
(1)  649/     94E :                     
(1)  650/     94E :                     ; --------------------------------------------------------
(1)  651/     94E :                     ; Video_DisplayOn, Video_DisplayOff
(1)  652/     94E :                     ;
(1)  653/     94E :                     ; Enable or Disable VDP Display
(1)  654/     94E :                     ; --------------------------------------------------------
(1)  655/     94E :                     
(1)  656/     94E :                     Video_DisplayOn:
(1)  657/     94E : 3F07                		move.w	d7,-(sp)
(1)  658/     950 : 3E38 F0F2           		move.w	(RAM_VdpRegSet1).w,d7
(1)  659/     954 : 08C7 0006           		bset	#bitDispEnbl,d7
(1)  660/     958 : 6022                		bra.s	vid_WrtReg01
(1)  661/     95A :                     Video_DisplayOff:
(1)  662/     95A : 3F07                		move.w	d7,-(sp)
(1)  663/     95C : 3E38 F0F2           		move.w	(RAM_VdpRegSet1).w,d7
(1)  664/     960 : 0887 0006           		bclr	#bitDispEnbl,d7
(1)  665/     964 : 6016                		bra.s	vid_WrtReg01
(1)  666/     966 :                     
(1)  667/     966 :                     ; --------------------------------------------------------
(1)  668/     966 :                     ; Video_DmaOn, Video_DmaOff
(1)  669/     966 :                     ;
(1)  670/     966 :                     ; Enable or Disable DMA
(1)  671/     966 :                     ;
(1)  672/     966 :                     ; Note:
(1)  673/     966 :                     ; Various routines that use DMA already call these
(1)  674/     966 :                     ; --------------------------------------------------------
(1)  675/     966 :                     
(1)  676/     966 :                     Video_DmaOn:
(1)  677/     966 : 3F07                		move.w	d7,-(sp)
(1)  678/     968 : 3E38 F0F2           		move.w	(RAM_VdpRegSet1).w,d7
(1)  679/     96C : 08C7 0004           		bset	#bitDmaEnbl,d7
(1)  680/     970 : 600A                		bra.s	vid_WrtReg01
(1)  681/     972 :                     Video_DmaOff:
(1)  682/     972 : 3F07                		move.w	d7,-(sp)
(1)  683/     974 : 3E38 F0F2           		move.w	(RAM_VdpRegSet1).w,d7
(1)  684/     978 : 0887 0004           		bclr	#bitDmaEnbl,d7
(1)  685/     97C :                     
(1)  686/     97C :                     ; ------------------------------------------------
(1)  687/     97C :                     
(1)  688/     97C :                     vid_WrtReg01:
(1)  689/     97C : 33C7 00C0 0004      		move.w	d7,(vdp_ctrl).l
(1)  690/     982 : 31C7 F0F2           		move.w	d7,(RAM_VdpRegSet1).w
(1)  691/     986 : 3E1F                		move.w	(sp)+,d7
(1)  692/     988 : 4E75                		rts
(1)  693/     98A :                     
(1)  694/     98A :                     ; --------------------------------------------------------
(1)  695/     98A :                     ; Video_IntEnable
(1)  696/     98A :                     ;
(1)  697/     98A :                     ; Enable or Disable VBlank, HBlank and
(1)  698/     98A :                     ; External interrupts.
(1)  699/     98A :                     ;
(1)  700/     98A :                     ; This is for Enabling and Disabling interrupts generated
(1)  701/     98A :                     ; by the VDP, to set your interrupt locations
(1)  702/     98A :                     ; use System_SetIntJumps
(1)  703/     98A :                     ;
(1)  704/     98A :                     ; Input:
(1)  705/     98A :                     ; d0.b | Enable these interrupts:
(1)  706/     98A :                     ;      | %00000ehv
(1)  707/     98A :                     ;      |     e: External
(1)  708/     98A :                     ;      |     h: HBlank
(1)  709/     98A :                     ;      |     v: VBlank
(1)  710/     98A :                     ; --------------------------------------------------------
(1)  711/     98A :                     
(1)  712/     98A :                     Video_IntEnable:
(1)  713/     98A : 48A7 0300           		movem.w	d6-d7,-(sp)
(1)  714/     98E : 3E38 F0F2           		move.w	(RAM_VdpRegSet1).w,d7
(1)  715/     992 : 3C00                		move.w	d0,d6
(1)  716/     994 : 0246 0001           		andi.w	#1,d6			; %--V
(1)  717/     998 : EB4E                		lsl.w	#5,d6
(1)  718/     99A : 8E46                		or.w	d6,d7
(1)  719/     99C : 31C7 F0F2           		move.w	d7,(RAM_VdpRegSet1).w
(1)  720/     9A0 : 33C7 00C0 0004      		move.w	d7,(vdp_ctrl).l
(1)  721/     9A6 : 3E38 F0F0           		move.w	(RAM_VdpRegSet0).w,d7
(1)  722/     9AA : 3C00                		move.w	d0,d6
(1)  723/     9AC : 0246 0002           		andi.w	#%10,d6			; %-H-
(1)  724/     9B0 : E74E                		lsl.w	#3,d6
(1)  725/     9B2 : 8E46                		or.w	d6,d7
(1)  726/     9B4 : 31C7 F0F0           		move.w	d7,(RAM_VdpRegSet0).w
(1)  727/     9B8 : 33C7 00C0 0004      		move.w	d7,(vdp_ctrl).l
(1)  728/     9BE : 3E38 F0F4           		move.w	(RAM_VdpRegSetB).w,d7
(1)  729/     9C2 : 3C00                		move.w	d0,d6			; %E--
(1)  730/     9C4 : 0246 0004           		andi.w	#%100,d6
(1)  731/     9C8 : DC46                		add.w	d6,d6
(1)  732/     9CA : 8E46                		or.w	d6,d7
(1)  733/     9CC : 31C7 F0F4           		move.w	d7,(RAM_VdpRegSetB).w
(1)  734/     9D0 : 33C7 00C0 0004      		move.w	d7,(vdp_ctrl).l
(1)  735/     9D6 : 4C9F 00C0           		movem.w	(sp)+,d6-d7
(1)  736/     9DA : 4E75                		rts
(1)  737/     9DC :                     
(1)  738/     9DC :                     ; --------------------------------------------------------
(1)  739/     9DC :                     ; Video_Resolution
(1)  740/     9DC :                     ;
(1)  741/     9DC :                     ; Set VDP Video resolution
(1)  742/     9DC :                     ;
(1)  743/     9DC :                     ; Input:
(1)  744/     9DC :                     ; d0.b | Vertical and Horizontal modes:
(1)  745/     9DC :                     ;      | %0000iivh
(1)  746/     9DC :                     ;      |     h: Horizontal 256/320
(1)  747/     9DC :                     ;      |     v: Vertical 224/240 (PAL ONLY)
(1)  748/     9DC :                     ;      |    ii: Interlace mode
(1)  749/     9DC :                     ;      | 	%00 - None
(1)  750/     9DC :                     ;      | 	%01 - Enable
(1)  751/     9DC :                     ;      | 	%10 - INVALID
(1)  752/     9DC :                     ;      | 	%11 - Double (Vertical 448/480)
(1)  753/     9DC :                     ; --------------------------------------------------------
(1)  754/     9DC :                     
(1)  755/     9DC :                     Video_Resolution:
(1)  756/     9DC : 48A7 0300           		movem.w	d6-d7,-(sp)
(1)  757/     9E0 : 3E38 F0F2           		move.w	(RAM_VdpRegSet1).w,d7
(1)  758/     9E4 : 0207 00F7           		andi.b	#%11110111,d7
(1)  759/     9E8 : 3C00                		move.w	d0,d6
(1)  760/     9EA : CC7C 0002           		and.w	#%0010,d6
(1)  761/     9EE : E54E                		lsl.w	#2,d6
(1)  762/     9F0 : 8E46                		or.w	d6,d7
(1)  763/     9F2 : 33C7 00C0 0004      		move.w	d7,(vdp_ctrl).l
(1)  764/     9F8 : 31C7 F0F2           		move.w	d7,(RAM_VdpRegSet1).w
(1)  765/     9FC : 3E38 F0F6           		move.w	(RAM_VdpRegSetC).w,d7
(1)  766/     A00 : 0207 0078           		andi.b	#%01111000,d7
(1)  767/     A04 : 3C00                		move.w	d0,d6
(1)  768/     A06 : CC7C 0001           		and.w	#%0001,d6
(1)  769/     A0A : 6704                		beq.s	.ex_bit
(1)  770/     A0C : 8C7C 0081           		or.w	#%10000001,d6
(1)  771/     A10 :                     .ex_bit:
(1)  772/     A10 : 8E46                		or.w	d6,d7
(1)  773/     A12 : 3C00                		move.w	d0,d6
(1)  774/     A14 : 0246 000C           		andi.w	#%1100,d6
(1)  775/     A18 : E24E                		lsr.w	#1,d6
(1)  776/     A1A : 8E46                		or.w	d6,d7
(1)  777/     A1C : 33C7 00C0 0004      		move.w	d7,(vdp_ctrl).l
(1)  778/     A22 : 31C7 F0F6           		move.w	d7,(RAM_VdpRegSetC).w
(1)  779/     A26 : 4C9F 00C0           		movem.w	(sp)+,d6-d7
(1)  780/     A2A : 4E75                		rts
(1)  781/     A2C :                     
(1)  782/     A2C :                     ; --------------------------------------------------------
(1)  783/     A2C :                     ; Video_UpdMapVram, Video_UpdSprHVram
(1)  784/     A2C :                     ;
(1)  785/     A2C :                     ; Update VRAM locations for FG, BG, Window and
(1)  786/     A2C :                     ; the Horizontal scroll to VDP
(1)  787/     A2C :                     ; --------------------------------------------------------
(1)  788/     A2C :                     
(1)  789/     A2C :                     Video_UpdMapVram:
(1)  790/     A2C : 48A7 0300           		movem.w	d6-d7,-(sp)
(1)  791/     A30 : 3E3C 8200           		move.w	#$8200,d7
(1)  792/     A34 : 3C38 F0E4           		move.w	(RAM_VdpVramFG).w,d6
(1)  793/     A38 : E04E                		lsr.w	#8,d6
(1)  794/     A3A : E44E                		lsr.w	#2,d6
(1)  795/     A3C : 0246 0038           		andi.w	#%00111000,d6
(1)  796/     A40 : 8E46                		or.w	d6,d7
(1)  797/     A42 : 33C7 00C0 0004      		move.w	d7,(vdp_ctrl).l
(1)  798/     A48 : 3E3C 8300           		move.w	#$8300,d7
(1)  799/     A4C : 3C38 F0E8           		move.w	(RAM_VdpVramWD).w,d6
(1)  800/     A50 : E04E                		lsr.w	#8,d6
(1)  801/     A52 : E44E                		lsr.w	#2,d6
(1)  802/     A54 : 0246 003E           		andi.w	#%00111110,d6
(1)  803/     A58 : 8E46                		or.w	d6,d7
(1)  804/     A5A : 33C7 00C0 0004      		move.w	d7,(vdp_ctrl).l
(1)  805/     A60 : 3E3C 8400           		move.w	#$8400,d7
(1)  806/     A64 : 3C38 F0E6           		move.w	(RAM_VdpVramBG).w,d6
(1)  807/     A68 : E04E                		lsr.w	#8,d6
(1)  808/     A6A : EA4E                		lsr.w	#5,d6
(1)  809/     A6C : 0246 0007           		andi.w	#%00000111,d6
(1)  810/     A70 : 8E46                		or.w	d6,d7
(1)  811/     A72 : 33C7 00C0 0004      		move.w	d7,(vdp_ctrl).l
(1)  812/     A78 : 4C9F 00C0           		movem.w	(sp)+,d6-d7
(1)  813/     A7C : 4E75                		rts
(1)  814/     A7E :                     Video_UpdSprHVram:
(1)  815/     A7E : 48E7 0300           		movem.l	d6-d7,-(sp)
(1)  816/     A82 : 3E3C 8500           		move.w	#$8500,d7
(1)  817/     A86 : 3C38 F0EA           		move.w	(RAM_VdpVramSpr).w,d6
(1)  818/     A8A : E04E                		lsr.w	#8,d6
(1)  819/     A8C : E24E                		lsr.w	#1,d6
(1)  820/     A8E : 0246 007F           		andi.w	#%01111111,d6
(1)  821/     A92 : 8E46                		or.w	d6,d7
(1)  822/     A94 : 33C7 00C0 0004      		move.w	d7,(vdp_ctrl).l
(1)  823/     A9A : 3E3C 8D00           		move.w	#$8D00,d7
(1)  824/     A9E : 3C38 F0EC           		move.w	(RAM_VdpVramHScrl).w,d6
(1)  825/     AA2 : E04E                		lsr.w	#8,d6
(1)  826/     AA4 : E44E                		lsr.w	#2,d6
(1)  827/     AA6 : 0246 003F           		andi.w	#%00111111,d6
(1)  828/     AAA : 8E46                		or.w	d6,d7
(1)  829/     AAC : 33C7 00C0 0004      		move.w	d7,(vdp_ctrl).l
(1)  830/     AB2 : 4CDF 00C0           		movem.l	(sp)+,d6-d7
(1)  831/     AB6 : 4E75                		rts
(1)  832/     AB8 :                     
(1)  833/     AB8 :                     ; --------------------------------------------------------
(1)  834/     AB8 :                     ; Video_SetMapSize
(1)  835/     AB8 :                     ;
(1)  836/     AB8 :                     ; Set MAP size to FG and BG
(1)  837/     AB8 :                     ;
(1)  838/     AB8 :                     ; Input:
(1)  839/     AB8 :                     ; d0.b | Map size:
(1)  840/     AB8 :                     ;      | %0000vvhh
(1)  841/     AB8 :                     ;      |     vv and hh:
(1)  842/     AB8 :                     ;      | 	%00 - 32
(1)  843/     AB8 :                     ;      | 	%01 - 64
(1)  844/     AB8 :                     ;      | 	%10 - INVALID
(1)  845/     AB8 :                     ;      | 	%11 - 128
(1)  846/     AB8 :                     ; --------------------------------------------------------
(1)  847/     AB8 :                     
(1)  848/     AB8 :                     Video_SetMapSize:
(1)  849/     AB8 : 48A7 0300           		movem.w	d6-d7,-(sp)
(1)  850/     ABC : 3E00                		move.w	d0,d7
(1)  851/     ABE : 0247 000F           		andi.w	#%1111,d7
(1)  852/     AC2 : DE47                		add.w	d7,d7
(1)  853/     AC4 : 3E3B 7026           		move.w	.size_tbl(pc,d7.w),d7
(1)  854/     AC8 : 31C7 F0EE           		move.w	d7,(RAM_VdpMapSize).w
(1)  855/     ACC : 3E00                		move.w	d0,d7
(1)  856/     ACE : 3C07                		move.w	d7,d6
(1)  857/     AD0 : 0247 0003           		andi.w	#%0011,d7
(1)  858/     AD4 : 0246 000C           		andi.w	#%1100,d6
(1)  859/     AD8 : E54E                		lsl.w	#2,d6
(1)  860/     ADA : 8E7C 9000           		or.w	#$9000,d7
(1)  861/     ADE : 8E46                		or.w	d6,d7
(1)  862/     AE0 : 33C7 00C0 0004      		move.w	d7,(vdp_ctrl).l
(1)  863/     AE6 : 4C9F 00C0           		movem.w	(sp)+,d6-d7
(1)  864/     AEA : 4E75                		rts
(1)  865/     AEC :                     .size_tbl:
(1)  866/     AEC : 0800 1000 1800      		dc.w $0800,$1000,$1800,$2000
              AF2 : 2000             
(1)  867/     AF4 : 1000 2000 3000      		dc.w $1000,$2000,$3000,$4000
              AFA : 4000             
(1)  868/     AFC : 1800 3000 4800      		dc.w $1800,$3000,$4800,$6000
              B02 : 6000             
(1)  869/     B04 : 2000 4000 6000      		dc.w $2000,$4000,$6000,$8000
              B0A : 8000             
(1)  870/     B0C :                     
(1)  871/     B0C :                     ; --------------------------------------------------------
(1)  872/     B0C :                     ; Video_LoadArt
(1)  873/     B0C :                     ;
(1)  874/     B0C :                     ; Loads VDP graphics using DMA
(1)  875/     B0C :                     ;
(1)  876/     B0C :                     ; Input:
(1)  877/     B0C :                     ; d0.l | Graphics data (NOT a0)
(1)  878/     B0C :                     ; d1.w | VRAM location: cell_num(vram_pos)
(1)  879/     B0C :                     ; d2.w | Size:          cell_num(size)
(1)  880/     B0C :                     ;
(1)  881/     B0C :                     ; Notes:
(1)  882/     B0C :                     ; - For a faster load, call this during VBlank or
(1)  883/     B0C :                     ;   disable VDP Display temporally.
(1)  884/     B0C :                     ;
(1)  885/     B0C :                     ; * 32X Cartridge ONLY:
(1)  886/     B0C :                     ; - This sets RV bit, make sure your code is
(1)  887/     B0C :                     ;   running on RAM (already doing here) and the
(1)  888/     B0C :                     ;   SH2 is not reading from it's ROM area CS1
(1)  889/     B0C :                     ; --------------------------------------------------------
(1)  890/     B0C :                     
(1)  891/     B0C :                     Video_LoadArt:
(1)  892/     B0C : 48E7 0F02           		movem.l	d4-d7/a6,-(sp)
(1)  893/     B10 : 2E00                		move.l	d0,d7
(1)  894/     B12 : 0287 00FF 0000      		andi.l	#$FF0000,d7
(1)  895/     B18 : BEBC 00FF 0000      		cmp.l	#$FF0000,d7
(1)  896/     B1E : 6736                		beq.s	.normal
(1)  897/     B20 : 2A00                		move.l	d0,d5
(1)  898/     B22 : DA42                		add.w	d2,d5
(1)  899/     B24 : 6430                		bcc.s	.normal
(1)  900/     B26 : 2A00                		move.l	d0,d5		; <-- DOUBLE TRANSFER
(1)  901/     B28 : 3C01                		move.w	d1,d6
(1)  902/     B2A : 2E05                		move.l	d5,d7		; Top
(1)  903/     B2C : 0687 0001 0000      		addi.l	#$010000,d7
(1)  904/     B32 : 0287 00FF 0000      		andi.l	#$FF0000,d7
(1)  905/     B38 : 9E80                		sub.l	d0,d7
(1)  906/     B3A : 6128                		bsr.s	.mk_set
(1)  907/     B3C : 2A00                		move.l	d0,d5		; Bottom
(1)  908/     B3E : 0685 0001 0000      		addi.l	#$010000,d5
(1)  909/     B44 : 0285 00FF 0000      		andi.l	#$FF0000,d5
(1)  910/     B4A : 2C05                		move.l	d5,d6
(1)  911/     B4C : 9C80                		sub.l	d0,d6
(1)  912/     B4E : 3E02                		move.w	d2,d7
(1)  913/     B50 : 9E46                		sub.w	d6,d7
(1)  914/     B52 : DC41                		add.w	d1,d6
(1)  915/     B54 : 6006                		bra.s	.last_set
(1)  916/     B56 :                     .normal:
(1)  917/     B56 : 2A00                		move.l	d0,d5
(1)  918/     B58 : 3C01                		move.w	d1,d6
(1)  919/     B5A : 3E02                		move.w	d2,d7
(1)  920/     B5C :                     .last_set:
(1)  921/     B5C : 6106                		bsr.s	.mk_set
(1)  922/     B5E : 4CDF 40F0           		movem.l	(sp)+,d4-d7/a6
(1)  923/     B62 : 4E75                		rts
(1)  924/     B64 :                     
(1)  925/     B64 :                     ; d7 - size
(1)  926/     B64 :                     ; d6 - vram
(1)  927/     B64 :                     ; d5 - data
(1)  928/     B64 :                     .mk_set:
(1)  929/     B64 : 0285 00FF FFFF        		andi.l	#$FFFFFF,d5
(1)  930/     B6A : 0287 0000 FFFE      		andi.l	#$0000FFFE,d7
(1)  931/     B70 : 6734                		beq.s	.bad_size
(1)  932/     B72 : 4846                		swap	d6
(1)  933/     B74 : 4845                		swap	d5
(1)  934/     B76 : 3C05                		move.w	d5,d6
(1)  935/     B78 : 4845                		swap	d5
(1)  944/     B7A : 4DF9 00C0 0004      		lea	(vdp_ctrl).l,a6
(1)  945/     B80 : 2F07                		move.l	d7,-(sp)		; <--
(1)  946/     B82 : 6100 FDE2           		bsr	Video_DmaOn
(1)  947/     B86 : 2E1F                		move.l	(sp)+,d7
(1)  948/     B88 : 0246 00FF           		andi.w	#$FF,d6
(1)  949/     B8C : BC3C 00FF           		cmp.b	#$FF,d6
(1)  950/     B90 : 6716                		beq.s	.ram_write
(1)  951/     B92 : 4846                		swap	d6
(1)  952/     B94 : 6126                		bsr.s	.shared_setup
(1)  953/     B96 : 6100 0BE6           		bsr	System_DmaEnter_ROM
(1)  954/     B9A : 3C86                		move.w	d6,(a6)			; First write
(1)  955/     B9C : 3C87                		move.w	d7,(a6)			; Second write
(1)  956/     B9E : 6100 0BE2           		bsr	System_DmaExit_ROM
(1)  957/     BA2 : 6100 FDCE           		bsr	Video_DmaOff
(1)  958/     BA6 :                     	; Word-RAM patch
(1)  979/     BA6 :                     .bad_size:
(1)  980/     BA6 : 4E75                		rts
(1)  981/     BA8 :                     
(1)  982/     BA8 :                     ; --------------------------------------------------------
(1)  983/     BA8 :                     
(1)  984/     BA8 :                     .ram_write:
(1)  985/     BA8 : 4846                		swap	d6
(1)  986/     BAA : 6110                		bsr.s	.shared_setup
(1)  987/     BAC : 6100 0BD6           		bsr	System_DmaEnter_RAM
(1)  988/     BB0 : 3C86                		move.w	d6,(a6)			; First write
(1)  989/     BB2 : 3C87                		move.w	d7,(a6)			; Second write
(1)  990/     BB4 : 6100 0BD2           		bsr	System_DmaExit_RAM
(1)  991/     BB8 : 6000 FDB8           		bra	Video_DmaOff
(1)  992/     BBC :                     
(1)  993/     BBC :                     ; --------------------------------------------------------
(1)  994/     BBC :                     
(1)  995/     BBC :                     .shared_setup:
(1)  996/     BBC : EF8F                		lsl.l	#7,d7
(1)  997/     BBE : E04F                		lsr.w	#8,d7
(1)  998/     BC0 : 0087 9400 9300      		ori.l	#$94009300,d7
(1)  999/     BC6 : 2C87                		move.l	d7,(a6)
(1) 1000/     BC8 : E28D                  		lsr.l	#1,d5			; d5 - Source
(1) 1001/     BCA : 2E3C 9600 9500       		move.l	#$96009500,d7
(1) 1002/     BD0 : 1E05                 		move.b	d5,d7
(1) 1003/     BD2 : E08D                 		lsr.l	#8,d5
(1) 1004/     BD4 : 4847                 		swap	d7
(1) 1005/     BD6 : 1E05                 		move.b	d5,d7
(1) 1006/     BD8 : 2C87                 		move.l	d7,(a6)
(1) 1007/     BDA : 3E3C 9700            		move.w	#$9700,d7
(1) 1008/     BDE : E08D                 		lsr.l	#8,d5
(1) 1009/     BE0 : 1E05                 		move.b	d5,d7
(1) 1010/     BE2 : 3C87                 		move.w	d7,(a6)
(1) 1011/     BE4 : 3E06                		move.w	d6,d7			; Destination
(1) 1012/     BE6 : 0286 0000 3FFF      		andi.l	#$3FFF,d6
(1) 1013/     BEC : 0046 4000           		ori.w	#$4000,d6
(1) 1014/     BF0 : E04F                		lsr.w	#8,d7
(1) 1015/     BF2 : EC4F                		lsr.w	#6,d7
(1) 1016/     BF4 : 0247 0003           		andi.w	#%11,d7
(1) 1017/     BF8 : 0047 0080           		ori.w	#$80,d7
(1) 1018/     BFC : 4E75                		rts
(1) 1019/     BFE :                     
(1) 1020/     BFE :                     ; --------------------------------------------------------
(1) 1021/     BFE :                     ; Video_LoadArt_List
(1) 1022/     BFE :                     ;
(1) 1023/     BFE :                     ; Loads VDP graphics on bulk
(1) 1024/     BFE :                     ;
(1) 1025/     BFE :                     ; Input:
(1) 1026/     BFE :                     ; a0 | List of graphics to load:
(1) 1027/     BFE :                     ;        dc.w numof_entries
(1) 1028/     BFE :                     ;        dc.l ART_DATA
(1) 1029/     BFE :                     ;        dc.w cell_num(vram_pos)
(1) 1030/     BFE :                     ;        dc.w ART_DATA_end-ART_DATA OR cell_num(size)
(1) 1031/     BFE :                     ;        ; ...more entries
(1) 1032/     BFE :                     ;
(1) 1033/     BFE :                     ; Note:
(1) 1034/     BFE :                     ; CPU heavy.
(1) 1035/     BFE :                     ; --------------------------------------------------------
(1) 1036/     BFE :                     
(1) 1037/     BFE :                     Video_LoadArt_List:
(1) 1038/     BFE : 48E7 E100           		movem.l	d0-d2/d7,-(sp)
(1) 1039/     C02 : 3E18                		move.w	(a0)+,d7
(1) 1040/     C04 : 6712                		beq.s	.invalid
(1) 1041/     C06 : 6B10                		bmi.s	.invalid
(1) 1042/     C08 : 5347                		subq.w	#1,d7
(1) 1043/     C0A :                     .next_one:
(1) 1044/     C0A : 2018                		move.l	(a0)+,d0
(1) 1045/     C0C : 3218                		move.w	(a0)+,d1
(1) 1046/     C0E : 3418                		move.w	(a0)+,d2
(1) 1047/     C10 : 6100 FEFA           		bsr	Video_LoadArt
(1) 1048/     C14 : 51CF FFF4           		dbf	d7,.next_one
(1) 1049/     C18 :                     .invalid:
(1) 1050/     C18 : 4CDF 0087           		movem.l	(sp)+,d0-d2/d7
(1) 1051/     C1C : 4E75                		rts
(1) 1052/     C1E :                     
(1) 1053/     C1E :                     ; --------------------------------------------------------
(1) 1054/     C1E :                     ; Video_Fill
(1) 1055/     C1E :                     ;
(1) 1056/     C1E :                     ; Fill data to VRAM
(1) 1057/     C1E :                     ;
(1) 1058/     C1E :                     ; Input:
(1) 1059/     C1E :                     ; d0.b | BYTE to fill
(1) 1060/     C1E :                     ; d1.w | VRAM destination: cell_num(dest)
(1) 1061/     C1E :                     ; d2.w | Size:             cell_num(size)
(1) 1062/     C1E :                     ;
(1) 1063/     C1E :                     ; Notes:
(1) 1064/     C1E :                     ; - FILL writes in this order: $56781234, Size $0001 is
(1) 1065/     C1E :                     ;   invalid.
(1) 1066/     C1E :                     ; --------------------------------------------------------
(1) 1067/     C1E :                     
(1) 1068/     C1E :                     ; Video_Fill_Incr:
(1) 1069/     C1E :                     ; 		movem.l	d6-d7/a6,-(sp)
(1) 1070/     C1E :                     ; 		move.w	d3,d6
(1) 1071/     C1E :                     ; 		bra.s	vid_FillGo
(1) 1072/     C1E :                     Video_Fill:
(1) 1073/     C1E : 48E7 0302           		movem.l	d6-d7/a6,-(sp)
(1) 1074/     C22 : 3C3C 0001           		move.w	#1,d6
(1) 1075/     C26 :                     vid_FillGo:
(1) 1076/     C26 : 4DF9 00C0 0004      		lea	(vdp_ctrl).l,a6
(1) 1077/     C2C : 3E16                .dmaw:		move.w	(a6),d7
(1) 1078/     C2E : 0807 0001           		btst	#bitDma,d7
(1) 1079/     C32 : 66F8                		bne.s	.dmaw
(1) 1080/     C34 : 6100 FD30           		bsr	Video_DmaOn
(1) 1081/     C38 : 0246 00FF           		andi.w	#$FF,d6
(1) 1082/     C3C : 8C7C 8F00           		or.w	#$8F00,d6
(1) 1083/     C40 : 3C86                		move.w	d6,(a6)		; Set increment to $01
(1) 1084/     C42 : 3E02                		move.w	d2,d7		; d2 - Size
(1) 1085/     C44 : 0447 0001           		subi.w	#1,d7
(1) 1086/     C48 : 2C3C 9400 9300      		move.l	#$94009300,d6
(1) 1087/     C4E : 1C07                		move.b	d7,d6
(1) 1088/     C50 : 4846                		swap	d6
(1) 1089/     C52 : E04F                		lsr.w	#8,d7
(1) 1090/     C54 : 1C07                		move.b	d7,d6
(1) 1091/     C56 : 4846                		swap	d6
(1) 1092/     C58 : 2C86                		move.l	d6,(a6)
(1) 1093/     C5A : 3CBC 9780           		move.w	#$9780,(a6)	; DMA Fill mode
(1) 1094/     C5E : 3E01                		move.w	d1,d7		; d1 - Destination
(1) 1095/     C60 : 3C01                		move.w	d1,d6
(1) 1096/     C62 : 0246 3FFF           		andi.w	#$3FFF,d6
(1) 1097/     C66 : 0046 4000           		ori.w	#$4000,d6
(1) 1098/     C6A : 4846                		swap	d6
(1) 1099/     C6C : 3C07                		move.w	d7,d6
(1) 1100/     C6E : E04E                		lsr.w	#8,d6
(1) 1101/     C70 : EC4E                		lsr.w	#6,d6
(1) 1102/     C72 : 0246 0003           		andi.w	#%11,d6
(1) 1103/     C76 : 0046 0080           		ori.w	#$80,d6
(1) 1104/     C7A : 2C86                		move.l	d6,(a6)
(1) 1105/     C7C : 3D40 FFFC           		move.w	d0,-4(a6)
(1) 1106/     C80 : 3E16                .dma_w:		move.w	(a6),d7
(1) 1107/     C82 : 0807 0001           		btst	#bitDma,d7
(1) 1108/     C86 : 66F8                		bne.s	.dma_w
(1) 1109/     C88 : 3CBC 8F02           		move.w	#$8F02,(a6)
(1) 1110/     C8C : 6100 FCE4           		bsr	Video_DmaOff
(1) 1111/     C90 : 4CDF 40C0           		movem.l	(sp)+,d6-d7/a6
(1) 1112/     C94 : 4E75                		rts
(1) 1113/     C96 :                     
(1) 1114/     C96 :                     ; --------------------------------------------------------
(1) 1115/     C96 :                     ; Video_Copy
(1) 1116/     C96 :                     ;
(1) 1117/     C96 :                     ; Copy VRAM data to another location inside VRAM
(1) 1118/     C96 :                     ;
(1) 1119/     C96 :                     ; Input:
(1) 1120/     C96 :                     ; d0.w | VRAM Source:      cell_num(src)
(1) 1121/     C96 :                     ; d1.w | VRAM Destination: cell_num(dest)
(1) 1122/     C96 :                     ; d2.w | Size
(1) 1123/     C96 :                     ; --------------------------------------------------------
(1) 1124/     C96 :                     
(1) 1125/     C96 :                     Video_Copy:
(1) 1126/     C96 : 48E7 0302           		movem.l	d6-d7/a6,-(sp)
(1) 1127/     C9A : 4DF9 00C0 0004      		lea	(vdp_ctrl).l,a6
(1) 1128/     CA0 : 3E16                .dmaw:		move.w	(a6),d7
(1) 1129/     CA2 : 0807 0001           		btst	#bitDma,d7
(1) 1130/     CA6 : 66F8                		bne.s	.dmaw
(1) 1131/     CA8 : 6100 FCBC           		bsr	Video_DmaOn
(1) 1132/     CAC : 3CBC 8F01           		move.w	#$8F01,(a6)		; Increment $01
(1) 1133/     CB0 : 3E02                		move.w	d2,d7			; SIZE
(1) 1134/     CB2 : 2C3C 9400 9300      		move.l	#$94009300,d6
(1) 1135/     CB8 : 1C07                		move.b	d7,d6
(1) 1136/     CBA : 4846                		swap	d6
(1) 1137/     CBC : E04F                		lsr.w	#8,d7
(1) 1138/     CBE : 1C07                		move.b	d7,d6
(1) 1139/     CC0 : 4846                		swap	d6
(1) 1140/     CC2 : 2C86                		move.l	d6,(a6)
(1) 1141/     CC4 : 2C3C 9600 9500      		move.l	#$96009500,d6		; SOURCE
(1) 1142/     CCA : 3E00                		move.w	d0,d7
(1) 1143/     CCC : 1C07                		move.b	d7,d6
(1) 1144/     CCE : 4846                		swap	d6
(1) 1145/     CD0 : E04F                		lsr.w	#8,d7
(1) 1146/     CD2 : 1C07                		move.b	d7,d6
(1) 1147/     CD4 : 2C86                		move.l	d6,(a6)
(1) 1148/     CD6 : 3CBC 97C0           		move.w	#$97C0,(a6)		; DMA Copy mode
(1) 1149/     CDA : 2E01                		move.l	d1,d7			; DESTINATION
(1) 1150/     CDC : 3C07                		move.w	d7,d6
(1) 1151/     CDE : 0246 3FFF           		andi.w	#$3FFF,d6
(1) 1152/     CE2 : 0046 4000           		ori.w	#$4000,d6
(1) 1153/     CE6 : 4846                		swap	d6
(1) 1154/     CE8 : 3C07                		move.w	d7,d6
(1) 1155/     CEA : E04E                		lsr.w	#8,d6
(1) 1156/     CEC : EC4E                		lsr.w	#6,d6
(1) 1157/     CEE : 0246 0003           		andi.w	#%11,d6
(1) 1158/     CF2 : 0046 00C0           		ori.w	#$C0,d6
(1) 1159/     CF6 : 2C86                		move.l	d6,(a6)
(1) 1160/     CF8 : 3D41 FFFC           		move.w	d1,-4(a6)
(1) 1161/     CFC : 3E16                .dma_w:		move.w	(a6),d7
(1) 1162/     CFE : 0807 0001           		btst	#bitDma,d7
(1) 1163/     D02 : 66F8                		bne.s	.dma_w
(1) 1164/     D04 : 3CBC 8F02           		move.w	#$8F02,(a6)		; Increment $02
(1) 1165/     D08 : 6100 FC68           		bsr	Video_DmaOff
(1) 1166/     D0C : 4CDF 40C0           		movem.l	(sp)+,d6-d7/a6
(1) 1167/     D10 : 4E75                		rts
(1) 1168/     D12 :                     
(1) 1169/     D12 :                     ; --------------------------------------------------------
(1) 1170/     D12 :                     ; Video_MakeDmaEntry
(1) 1171/     D12 :                     ;
(1) 1172/     D12 :                     ; Makes a new entry to the DMA BLAST list
(1) 1173/     D12 :                     ; to be processed on the next VBlank
(1) 1174/     D12 :                     ;
(1) 1175/     D12 :                     ; Input:
(1) 1176/     D12 :                     ; d0.l | Graphics data location
(1) 1177/     D12 :                     ; d1.w | VRAM location: cell_num(vram_pos)
(1) 1178/     D12 :                     ; d2.w | Size
(1) 1179/     D12 :                     ;
(1) 1180/     D12 :                     ; Notes:
(1) 1181/     D12 :                     ; - Call this during DISPLAY only
(1) 1182/     D12 :                     ; - For loading graphics quickly use Video_LoadArt
(1) 1183/     D12 :                     ;
(1) 1184/     D12 :                     ; * SCD/CD32X ONLY:
(1) 1185/     D12 :                     ; - The 4-pixel patch is ALWAYS applied even
(1) 1186/     D12 :                     ;   if not reading from WORD-RAM
(1) 1187/     D12 :                     ; --------------------------------------------------------
(1) 1188/     D12 :                     
(1) 1189/     D12 :                     Video_MakeDmaEntry:
(1) 1190/     D12 : 48E7 0702           		movem.l	d5-d7/a6,-(sp)
(1) 1191/     D16 : 2E00                		move.l	d0,d7
(1) 1192/     D18 : 0287 00FF 0000      		andi.l	#$FF0000,d7
(1) 1193/     D1E : BEBC 00FF 0000      		cmp.l	#$FF0000,d7
(1) 1194/     D24 : 6736                		beq.s	.normal
(1) 1195/     D26 : 2A00                		move.l	d0,d5
(1) 1196/     D28 : DA42                		add.w	d2,d5
(1) 1197/     D2A : 6430                		bcc.s	.normal
(1) 1198/     D2C : 2A00                		move.l	d0,d5		; d5 - TOP point
(1) 1199/     D2E : 3C01                		move.w	d1,d6		; d6 - VRAM position
(1) 1200/     D30 : 2E05                		move.l	d5,d7
(1) 1201/     D32 : 0287 00FF 0000      		andi.l	#$FF0000,d7
(1) 1202/     D38 : 0687 0001 0000      		addi.l	#$010000,d7
(1) 1203/     D3E : 9E80                		sub.l	d0,d7		; d7 - TOP Size
(1) 1204/     D40 : 6128                		bsr.s	.mk_set
(1) 1205/     D42 : 2A00                		move.l	d0,d5		; d5 - BOTTOM point
(1) 1206/     D44 : 0685 0001 0000      		addi.l	#$010000,d5
(1) 1207/     D4A : 0285 00FF 0000      		andi.l	#$FF0000,d5
(1) 1208/     D50 : 2C05                		move.l	d5,d6
(1) 1209/     D52 : 9C80                		sub.l	d0,d6
(1) 1210/     D54 : 3E02                		move.w	d2,d7
(1) 1211/     D56 : 9E46                		sub.w	d6,d7
(1) 1212/     D58 : DC41                		add.w	d1,d6
(1) 1213/     D5A : 6006                		bra.s	.last_set
(1) 1214/     D5C :                     .normal:
(1) 1215/     D5C : 2A00                		move.l	d0,d5
(1) 1216/     D5E : 3C01                		move.w	d1,d6
(1) 1217/     D60 : 3E02                		move.w	d2,d7
(1) 1218/     D62 :                     .last_set:
(1) 1219/     D62 : 6106                		bsr.s	.mk_set
(1) 1220/     D64 : 4CDF 40E0           		movem.l	(sp)+,d5-d7/a6
(1) 1221/     D68 : 4E75                		rts
(1) 1222/     D6A :                     
(1) 1223/     D6A :                     ; d7 - size
(1) 1224/     D6A :                     ; d6 - vram
(1) 1225/     D6A :                     ; d5 - data
(1) 1226/     D6A :                     .mk_set:
(1) 1227/     D6A : 0285 00FF FFFF        		andi.l	#$FFFFFF,d5
(1) 1228/     D70 : 4847                		swap	d7
(1) 1229/     D72 : 3E38 EF50           		move.w	(RAM_VdpDmaIndx).w,d7
(1) 1230/     D76 : 0C47 0018           		cmpi.w	#MAX_MDDMATSK,d7
(1) 1231/     D7A : 6C5A                		bge	.ran_out
(1) 1232/     D7C : E94F                		lsl.w	#4,d7			; Size $10
(1) 1233/     D7E : 4DF8 EF5C           		lea	(RAM_VdpDmaList).w,a6
(1) 1234/     D82 : DCC7                		adda	d7,a6
(1) 1235/     D84 : 4847                		swap	d7
(1) 1236/     D86 : 0287 0000 FFFE      		andi.l	#$0000FFFE,d7		; d7 - Size
(1) 1237/     D8C : 6748                		beq.s	.ran_out		; If == 0, bad
(1) 1238/     D8E : 4A47                		tst.w	d7
(1) 1239/     D90 : 6B44                		bmi.s	.ran_out		; If negative, bad
(1) 1240/     D92 : 31FC 0001 EF52      		move.w	#1,(RAM_VdpDmaMod).w
(1) 1241/     D98 : 5278 EF50           		addq.w	#1,(RAM_VdpDmaIndx).w
(1) 1242/     D9C : E24F                		lsr.w	#1,d7
(1) 1243/     D9E : 0F8E 0001           		movep.w	d7,1(a6)
(1) 1253/     DA2 : E28D                  		lsr.l	#1,d5			; d5 - Source
(1) 1254/     DA4 : 2E05                  		move.l	d5,d7
(1) 1255/     DA6 : 4847                  		swap	d7
(1) 1256/     DA8 : 0B8E 0005            		movep.w	d5,5(a6)
(1) 1257/     DAC : 1D47 0009            		move.b	d7,9(a6)
(1) 1258/     DB0 : 3E06                		move.w	d6,d7			; Destination
(1) 1259/     DB2 : 0286 0000 3FFF      		andi.l	#$3FFF,d6
(1) 1260/     DB8 : 0046 4000           		ori.w	#$4000,d6
(1) 1261/     DBC : E04F                		lsr.w	#8,d7
(1) 1262/     DBE : EC4F                		lsr.w	#6,d7
(1) 1263/     DC0 : 0247 0003           		andi.w	#%11,d7
(1) 1264/     DC4 : 0047 0080           		ori.w	#$80,d7
(1) 1265/     DC8 : 3D46 000A           		move.w	d6,$A(a6)
(1) 1266/     DCC : 3D47 000C           		move.w	d7,$C(a6)
(1) 1274/     DD0 : 31FC 0000 EF52      		move.w	#0,(RAM_VdpDmaMod).w
(1) 1275/     DD6 :                     .ran_out:
(1) 1276/     DD6 : 4E75                		rts
(1) 1277/     DD8 :                     
(1) 1278/     DD8 :                     ; ====================================================================
(1) 1279/     DD8 :                     ; --------------------------------------------------------
(1) 1280/     DD8 :                     ; Video_LoadMap, Video_LoadMapV
(1) 1281/     DD8 :                     ;
(1) 1282/     DD8 :                     ; Write map data to VDP
(1) 1283/     DD8 :                     ;
(1) 1284/     DD8 :                     ; _LoadMap:  Left to Right / Top to Bottom
(1) 1285/     DD8 :                     ; _LoadMapV: Top to Bottom / Left to Right, double-res safe
(1) 1286/     DD8 :                     ;
(1) 1287/     DD8 :                     ; Input:
(1) 1288/     DD8 :                     ; a0   | Map data
(1) 1289/     DD8 :                     ; d0.l | X/Y Position: splitw(x_pos,y_pos)
(1) 1290/     DD8 :                     ; d1.l | Width/Height: splitw(width/8,height/8)
(1) 1291/     DD8 :                     ; d2.l | Screen Width/VRAM location:
(1) 1292/     DD8 :                     ;        splitw(sw_size,vram_map_loc)
(1) 1293/     DD8 :                     ; d3.w | VRAM-cell increment
(1) 1294/     DD8 :                     ;
(1) 1295/     DD8 :                     ; Notes:
(1) 1296/     DD8 :                     ; - Data starts from 0, tile $FFFF(-1) is
(1) 1297/     DD8 :                     ;   used to place the BLANK tile (see SET_NullVram)
(1) 1298/     DD8 :                     ; - SCD/CD32X NOTE:
(1) 1299/     DD8 :                     ;   For making the dot-screen map for
(1) 1300/     DD8 :                     ;   the Stamps use Video_MdMcd_StampDotMap
(1) 1301/     DD8 :                     ; --------------------------------------------------------
(1) 1302/     DD8 :                     
(1) 1303/     DD8 :                     Video_LoadMap:
(1) 1304/     DD8 : 48E7 0F0E           		movem.l	d4-d7/a4-a6,-(sp)
(1) 1305/     DDC : 4DF9 00C0 0000      		lea	(vdp_data).l,a6
(1) 1306/     DE2 :                     
(1) 1307/     DE2 : 2C02                		move.l	d2,d6
(1) 1308/     DE4 : 4846                		swap	d6
(1) 1309/     DE6 : 3A00                		move.w	d0,d5
(1) 1310/     DE8 : CAC6                		mulu.w	d6,d5
(1) 1311/     DEA : 2800                		move.l	d0,d4
(1) 1312/     DEC : 4844                		swap	d4
(1) 1313/     DEE : D844                		add.w	d4,d4
(1) 1314/     DF0 : DA44                		add.w	d4,d5
(1) 1315/     DF2 : 3E02                		move.w	d2,d7
(1) 1316/     DF4 : DE45                		add.w	d5,d7
(1) 1317/     DF6 : 7A00                		moveq	#0,d5
(1) 1318/     DF8 : 3A07                		move.w	d7,d5
(1) 1319/     DFA : 0247 3FFF           		andi.w	#$3FFF,d7
(1) 1320/     DFE : 8E7C 4000           		or.w	#$4000,d7
(1) 1321/     E02 : E55D                		rol.w	#2,d5
(1) 1322/     E04 : 0245 0003           		andi.w	#%11,d5
(1) 1323/     E08 : 4845                		swap	d5
(1) 1324/     E0A : 2A48                		move.l	a0,a5
(1) 1325/     E0C : 3801                		move.w	d1,d4
(1) 1326/     E0E : 5344                		subq.w	#1,d4
(1) 1327/     E10 : 6B36                		bmi.s	.bad_size
(1) 1328/     E12 :                     .y_loop:
(1) 1329/     E12 : 2844                		move.l	d4,a4
(1) 1330/     E14 : 4845                		swap	d5
(1) 1331/     E16 : 3D47 0004           		move.w	d7,4(a6)
(1) 1332/     E1A : 3D45 0004           		move.w	d5,4(a6)
(1) 1333/     E1E : 4845                		swap	d5
(1) 1334/     E20 : 2801                		move.l	d1,d4
(1) 1335/     E22 : 4844                		swap	d4
(1) 1336/     E24 : 5344                		subq.w	#1,d4
(1) 1337/     E26 :                     .x_loop:
(1) 1338/     E26 : 4844                		swap	d4
(1) 1339/     E28 : 381D                		move.w	(a5)+,d4
(1) 1340/     E2A : B87C FFFF           		cmp.w	#-1,d4
(1) 1341/     E2E : 6606                		bne.s	.non_blank
(1) 1342/     E30 : 383C 07FE           		move.w	#SET_NullVram,d4
(1) 1343/     E34 : 6002                		bra.s	.mk_cell
(1) 1344/     E36 :                     .non_blank:
(1) 1345/     E36 : D843                		add.w	d3,d4
(1) 1346/     E38 :                     .mk_cell:
(1) 1347/     E38 : 3C84                		move.w	d4,(a6)
(1) 1348/     E3A : 4844                		swap	d4
(1) 1349/     E3C : 51CC FFE8           		dbf	d4,.x_loop
(1) 1350/     E40 : DE46                		add.w	d6,d7
(1) 1351/     E42 : 280C                		move.l	a4,d4
(1) 1352/     E44 : 51CC FFCC           		dbf	d4,.y_loop
(1) 1353/     E48 :                     .bad_size:
(1) 1354/     E48 : 4CDF 70F0           		movem.l	(sp)+,d4-d7/a4-a6
(1) 1355/     E4C : 4E75                		rts
(1) 1356/     E4E :                     
(1) 1357/     E4E :                     ; ------------------------------------------------
(1) 1358/     E4E :                     ; d1.l | Width/Height: splitw(width/8,height/8)
(1) 1359/     E4E :                     ; d2.l | Screen Width/VRAM location:
(1) 1360/     E4E :                     ; d3.w | VRAM-cell increment
(1) 1361/     E4E :                     
(1) 1362/     E4E :                     Video_LoadMapV:
(1) 1363/     E4E : 48E7 0F0E           		movem.l	d4-d7/a4-a6,-(sp)
(1) 1364/     E52 : 4DF9 00C0 0000      		lea	(vdp_data).l,a6
(1) 1365/     E58 : 2C02                		move.l	d2,d6
(1) 1366/     E5A : 4846                		swap	d6
(1) 1367/     E5C : 3A00                		move.w	d0,d5
(1) 1368/     E5E : CAC6                		mulu.w	d6,d5
(1) 1369/     E60 : 2800                		move.l	d0,d4
(1) 1370/     E62 : 4844                		swap	d4
(1) 1371/     E64 : D844                		add.w	d4,d4
(1) 1372/     E66 : DA44                		add.w	d4,d5
(1) 1373/     E68 : 3E02                		move.w	d2,d7
(1) 1374/     E6A : DE45                		add.w	d5,d7
(1) 1375/     E6C : 7A00                		moveq	#0,d5
(1) 1376/     E6E : 3A07                		move.w	d7,d5
(1) 1377/     E70 : 0247 3FFF           		andi.w	#$3FFF,d7
(1) 1378/     E74 : 8E7C 4000           		or.w	#$4000,d7
(1) 1379/     E78 : E55D                		rol.w	#2,d5
(1) 1380/     E7A : 0245 0003           		andi.w	#%11,d5
(1) 1381/     E7E : 4845                		swap	d5
(1) 1382/     E80 : 2A48                		move.l	a0,a5
(1) 1383/     E82 : 0838 0002 F0F7      		btst	#2,(RAM_VdpRegSetC+1).w
(1) 1384/     E88 : 664C                		bne.s	.dble_mode
(1) 1385/     E8A : 2801                		move.l	d1,d4
(1) 1386/     E8C : 4844                		swap	d4
(1) 1387/     E8E : 5344                		subq.w	#1,d4
(1) 1388/     E90 : 6B3E                		bmi.s	.bad_size
(1) 1389/     E92 :                     .x_loop:
(1) 1390/     E92 : 2844                		move.l	d4,a4
(1) 1391/     E94 : 3801                		move.w	d1,d4
(1) 1392/     E96 : 5344                		subq.w	#1,d4
(1) 1393/     E98 :                     .y_loop:
(1) 1394/     E98 : 4844                		swap	d4
(1) 1395/     E9A : 3807                		move.w	d7,d4
(1) 1396/     E9C : D845                		add.w	d5,d4
(1) 1397/     E9E : 4845                		swap	d5
(1) 1398/     EA0 : 3D44 0004           		move.w	d4,4(a6)
(1) 1399/     EA4 : 3D45 0004           		move.w	d5,4(a6)
(1) 1400/     EA8 : 4845                		swap	d5
(1) 1401/     EAA : 381D                		move.w	(a5)+,d4
(1) 1402/     EAC : B87C FFFF           		cmp.w	#-1,d4
(1) 1403/     EB0 : 6606                		bne.s	.non_blank
(1) 1404/     EB2 : 383C 07FE           		move.w	#SET_NullVram,d4
(1) 1405/     EB6 : 6002                		bra.s	.mk_cell
(1) 1406/     EB8 :                     .non_blank:
(1) 1407/     EB8 : D843                		add.w	d3,d4
(1) 1408/     EBA :                     .mk_cell:
(1) 1409/     EBA : 3C84                		move.w	d4,(a6)
(1) 1410/     EBC : DA46                		add.w	d6,d5
(1) 1411/     EBE : 4844                		swap	d4
(1) 1412/     EC0 : 51CC FFD6           		dbf	d4,.y_loop
(1) 1413/     EC4 : DE7C 0002           		add.w	#2,d7
(1) 1414/     EC8 : 4245                		clr.w	d5
(1) 1415/     ECA : 280C                		move.l	a4,d4
(1) 1416/     ECC : 51CC FFC4           		dbf	d4,.x_loop
(1) 1417/     ED0 :                     .bad_size:
(1) 1418/     ED0 : 4CDF 70F0           		movem.l	(sp)+,d4-d7/a4-a6
(1) 1419/     ED4 : 4E75                		rts
(1) 1420/     ED6 :                     
(1) 1421/     ED6 :                     ; ------------------------------------------------
(1) 1422/     ED6 :                     
(1) 1423/     ED6 :                     .dble_mode:
(1) 1424/     ED6 : 2F01                		move.l	d1,-(sp)
(1) 1425/     ED8 : E249                		lsr.w	#1,d1			; <-- lazy patch
(1) 1426/     EDA : 3803                		move.w	d3,d4
(1) 1427/     EDC : 0244 F800           		andi.w	#$F800,d4
(1) 1428/     EE0 : 0243 07FF           		andi.w	#$7FF,d3
(1) 1429/     EE4 : E24B                		lsr.w	#1,d3
(1) 1430/     EE6 : 8644                		or.w	d4,d3
(1) 1431/     EE8 : 2801                		move.l	d1,d4
(1) 1432/     EEA : 4844                		swap	d4
(1) 1433/     EEC : 5344                		subq.w	#1,d4
(1) 1434/     EEE : 6B48                		bmi.s	.bad_size_d
(1) 1435/     EF0 :                     .x_loop_d:
(1) 1436/     EF0 : 2844                		move.l	d4,a4
(1) 1437/     EF2 : 3801                		move.w	d1,d4
(1) 1438/     EF4 : 5344                		subq.w	#1,d4
(1) 1439/     EF6 :                     .y_loop_d:
(1) 1440/     EF6 : 4844                		swap	d4
(1) 1441/     EF8 : 3807                		move.w	d7,d4
(1) 1442/     EFA : D845                		add.w	d5,d4
(1) 1443/     EFC : 4845                		swap	d5
(1) 1444/     EFE : 3D44 0004           		move.w	d4,4(a6)
(1) 1445/     F02 : 3D45 0004           		move.w	d5,4(a6)
(1) 1446/     F06 : 4845                		swap	d5
(1) 1447/     F08 : 381D                		move.w	(a5)+,d4
(1) 1448/     F0A : DAFC 0002           		adda	#2,a5
(1) 1449/     F0E : B87C FFFF           		cmp.w	#-1,d4
(1) 1450/     F12 : 6606                		bne.s	.non_blank_d
(1) 1451/     F14 : 383C 03FF           		move.w	#SET_NullVram/2,d4
(1) 1452/     F18 : 6008                		bra.s	.mk_cell_d
(1) 1453/     F1A :                     .non_blank_d:
(1) 1454/     F1A : 0244 07FF           		andi.w	#$7FF,d4
(1) 1455/     F1E : E24C                		lsr.w	#1,d4
(1) 1456/     F20 : D843                		add.w	d3,d4
(1) 1457/     F22 :                     .mk_cell_d:
(1) 1458/     F22 : 3C84                		move.w	d4,(a6)
(1) 1459/     F24 : DA46                		add.w	d6,d5
(1) 1460/     F26 : 4844                		swap	d4
(1) 1461/     F28 : 51CC FFCC           		dbf	d4,.y_loop_d
(1) 1462/     F2C : DE7C 0002           		add.w	#2,d7
(1) 1463/     F30 : 4245                		clr.w	d5
(1) 1464/     F32 : 280C                		move.l	a4,d4
(1) 1465/     F34 : 51CC FFBA           		dbf	d4,.x_loop_d
(1) 1466/     F38 :                     .bad_size_d:
(1) 1467/     F38 : 221F                		move.l	(sp)+,d1
(1) 1468/     F3A : 6094                		bra	.bad_size
(1) 1469/     F3C :                     
(1) 1470/     F3C :                     ; ====================================================================
(1) 1471/     F3C :                     ; ----------------------------------------------------------------
(1) 1472/     F3C :                     ; Palette fading section
(1) 1473/     F3C :                     ; ----------------------------------------------------------------
(1) 1474/     F3C :                     
(1) 1475/     F3C :                     ; --------------------------------------------------------
(1) 1476/     F3C :                     ; Video_RunFade
(1) 1477/     F3C :                     ;
(1) 1478/     F3C :                     ; Process Palette changes (fade and effects)
(1) 1479/     F3C :                     ; --------------------------------------------------------
(1) 1480/     F3C :                     
(1) 1481/     F3C :                     Video_RunFade:
(1) 1482/     F3C : 4DF8 EA90           		lea	(RAM_PalFadeList).w,a6
(1) 1483/     F40 :                     .next_req:
(1) 1484/     F40 : 1016                		move.b	palfd_req(a6),d0
(1) 1485/     F42 : 6744                		beq.s	.no_req
(1) 1486/     F44 : 532E 0005           		subq.b	#1,palfd_timer(a6)
(1) 1487/     F48 : 6A38                		bpl.s	.busy_timer
(1) 1488/     F4A : 1D6E 0001 0005      		move.b	palfd_delay(a6),palfd_timer(a6)
(1) 1489/     F50 : 4BF8 EA10           		lea	(RAM_Palette).w,a5
(1) 1490/     F54 : 49F8 EED0           		lea	(RAM_PaletteFade).w,a4
(1) 1491/     F58 : 7E00                		moveq	#0,d7
(1) 1492/     F5A : 1E2E 0002           		move.b	palfd_start(a6),d7
(1) 1493/     F5E : DE47                		add.w	d7,d7
(1) 1494/     F60 : DAC7                		adda	d7,a5
(1) 1495/     F62 : D8C7                		adda	d7,a4
(1) 1496/     F64 : 7C00                		moveq	#0,d6
(1) 1497/     F66 : 3E2E 0006           		move.w	palfd_num(a6),d7
(1) 1498/     F6A : 6716                		beq.s	.busy_timer
(1) 1499/     F6C : 1C2E 0003           		move.b	palfd_incr(a6),d6
(1) 1500/     F70 : DC46                		add.w	d6,d6		; * 2
(1) 1501/     F72 : 5347                		subq.w	#1,d7
(1) 1502/     F74 : 0240 00FF           		andi.w	#$FF,d0
(1) 1503/     F78 : D040                		add.w	d0,d0
(1) 1504/     F7A : 303B 0012           		move.w	.fade_list(pc,d0.w),d0
(1) 1505/     F7E : 4EBB 000E           		jsr	.fade_list(pc,d0.w)
(1) 1506/     F82 :                     .busy_timer:
(1) 1507/     F82 : DCFC 0008           		adda	#palfd_len,a6
(1) 1508/     F86 : 60B8                		bra.s	.next_req
(1) 1509/     F88 :                     .no_req:
(1) 1510/     F88 : 4278 F0E0           		clr.w	(RAM_IndxPalFade).w
(1) 1511/     F8C : 4E75                		rts
(1) 1512/     F8E :                     
(1) 1513/     F8E :                     ; ------------------------------------------------
(1) 1514/     F8E :                     
(1) 1515/     F8E :                     .fade_list:
(1) 1516/     F8E : 0010                		dc.w .nothing-.fade_list	; $00
(1) 1517/     F90 : 0018                		dc.w .fade_out-.fade_list
(1) 1518/     F92 : 0088                		dc.w .fade_in-.fade_list
(1) 1519/     F94 : 0010                		dc.w .nothing-.fade_list
(1) 1520/     F96 : 0010                		dc.w .nothing-.fade_list	; $04
(1) 1521/     F98 : 0010                		dc.w .nothing-.fade_list
(1) 1522/     F9A : 0010                		dc.w .nothing-.fade_list
(1) 1523/     F9C : 0010                		dc.w .nothing-.fade_list
(1) 1524/     F9E :                     
(1) 1525/     F9E :                     ; ----------------------------------------------------
(1) 1526/     F9E :                     ; Fade request $00: Null/exit.
(1) 1527/     F9E :                     ; ----------------------------------------------------
(1) 1528/     F9E :                     
(1) 1529/     F9E :                     .nothing:
(1) 1530/     F9E :                     .pfade_del:
(1) 1531/     F9E : 4216                		clr.b	palfd_req(a6)
(1) 1532/     FA0 : 422E 0005           		clr.b	palfd_timer(a6)
(1) 1533/     FA4 : 4E75                		rts
(1) 1534/     FA6 :                     
(1) 1535/     FA6 :                     ; ----------------------------------------------------
(1) 1536/     FA6 :                     ; Fade request $01: fade-out to black
(1) 1537/     FA6 :                     ; Quick.
(1) 1538/     FA6 :                     ;
(1) 1539/     FA6 :                     ; d7 - Num colors
(1) 1540/     FA6 :                     ; d6 - Increment*2
(1) 1541/     FA6 :                     ; ----------------------------------------------------
(1) 1542/     FA6 :                     
(1) 1543/     FA6 :                     .fade_out:
(1) 1544/     FA6 : 0246 000E           		andi.w	#%0000000000001110,d6	; d6 - Max increment
(1) 1545/     FAA : 3A3C 000E           		move.w	#%0000000000001110,d5	; d5 - Target filter
(1) 1546/     FAE : 383C EEE0           		move.w	#%1110111011100000,d4	; d4 - Others filter + extra
(1) 1547/     FB2 : 7600                		moveq	#0,d3			; d3 - Exit counter
(1) 1548/     FB4 :                     .next_color:
(1) 1549/     FB4 : 3015                		move.w	(a5),d0
(1) 1550/     FB6 : 6750                		beq.s	.all_black		; Skip if all black
(1) 1551/     FB8 :                     	rept 3
(1) 1552/     FB8 :                     		move.w	d0,d1
(1) 1553/     FB8 :                     		and.w	d5,d1			; Filter TARGET
(1) 1554/     FB8 :                     		beq.s	.no_chng
(1) 1555/     FB8 :                     		and.w	d4,d0			; Filter OTHERS
(1) 1556/     FB8 :                     		sub.w	d6,d1
(1) 1557/     FB8 :                     		bpl.s	.blck_alrdy
(1) 1558/     FB8 :                     		clr.w	d1
(1) 1559/     FB8 :                     .blck_alrdy:
(1) 1560/     FB8 :                     		addq.w	#1,d3			; Color changed
(1) 1561/     FB8 :                     .no_chng:
(1) 1562/     FB8 :                     		or.w	d1,d0
(1) 1563/     FB8 :                     		rol.w	#4,d6			; next << color
(1) 1564/     FB8 :                     		rol.w	#4,d5
(1) 1565/     FB8 :                     		rol.w	#4,d4
(1) 1566/     FB8 :                     	endm
(1) 1552/     FB8 : 3200                		move.w	d0,d1
(1) 1553/     FBA : C245                		and.w	d5,d1			; Filter TARGET
(1) 1554/     FBC : 670A                		beq.s	.no_chng
(1) 1555/     FBE : C044                		and.w	d4,d0			; Filter OTHERS
(1) 1556/     FC0 : 9246                		sub.w	d6,d1
(1) 1557/     FC2 : 6A02                		bpl.s	.blck_alrdy
(1) 1558/     FC4 : 4241                		clr.w	d1
(1) 1559/     FC6 :                     .blck_alrdy:
(1) 1560/     FC6 : 5243                		addq.w	#1,d3			; Color changed
(1) 1561/     FC8 :                     .no_chng:
(1) 1562/     FC8 : 8041                		or.w	d1,d0
(1) 1563/     FCA : E95E                		rol.w	#4,d6			; next << color
(1) 1564/     FCC : E95D                		rol.w	#4,d5
(1) 1565/     FCE : E95C                		rol.w	#4,d4
(1) 1552/     FD0 : 3200                		move.w	d0,d1
(1) 1553/     FD2 : C245                		and.w	d5,d1			; Filter TARGET
(1) 1554/     FD4 : 670A                		beq.s	.no_chng
(1) 1555/     FD6 : C044                		and.w	d4,d0			; Filter OTHERS
(1) 1556/     FD8 : 9246                		sub.w	d6,d1
(1) 1557/     FDA : 6A02                		bpl.s	.blck_alrdy
(1) 1558/     FDC : 4241                		clr.w	d1
(1) 1559/     FDE :                     .blck_alrdy:
(1) 1560/     FDE : 5243                		addq.w	#1,d3			; Color changed
(1) 1561/     FE0 :                     .no_chng:
(1) 1562/     FE0 : 8041                		or.w	d1,d0
(1) 1563/     FE2 : E95E                		rol.w	#4,d6			; next << color
(1) 1564/     FE4 : E95D                		rol.w	#4,d5
(1) 1565/     FE6 : E95C                		rol.w	#4,d4
(1) 1552/     FE8 : 3200                		move.w	d0,d1
(1) 1553/     FEA : C245                		and.w	d5,d1			; Filter TARGET
(1) 1554/     FEC : 670A                		beq.s	.no_chng
(1) 1555/     FEE : C044                		and.w	d4,d0			; Filter OTHERS
(1) 1556/     FF0 : 9246                		sub.w	d6,d1
(1) 1557/     FF2 : 6A02                		bpl.s	.blck_alrdy
(1) 1558/     FF4 : 4241                		clr.w	d1
(1) 1559/     FF6 :                     .blck_alrdy:
(1) 1560/     FF6 : 5243                		addq.w	#1,d3			; Color changed
(1) 1561/     FF8 :                     .no_chng:
(1) 1562/     FF8 : 8041                		or.w	d1,d0
(1) 1563/     FFA : E95E                		rol.w	#4,d6			; next << color
(1) 1564/     FFC : E95D                		rol.w	#4,d5
(1) 1565/     FFE : E95C                		rol.w	#4,d4
(1) 1567/    1000 :                     	; we got $Exxx, rotate back to $xxxE:
(1) 1568/    1000 : E95E                		rol.w	#4,d6
(1) 1569/    1002 : E95D                		rol.w	#4,d5
(1) 1570/    1004 : E95C                		rol.w	#4,d4
(1) 1571/    1006 : 3A80                		move.w	d0,(a5)
(1) 1572/    1008 :                     .all_black:
(1) 1573/    1008 : DAFC 0002           		adda	#2,a5
(1) 1574/    100C : 51CF FFA6           		dbf	d7,.next_color
(1) 1575/    1010 : 4A43                		tst.w	d3
(1) 1576/    1012 : 678A                		beq	.pfade_del
(1) 1577/    1014 :                     .fdout_nend:
(1) 1578/    1014 : 4E75                		rts
(1) 1579/    1016 :                     
(1) 1580/    1016 :                     ; ----------------------------------------------------
(1) 1581/    1016 :                     ; Fade request $02
(1) 1582/    1016 :                     ; Fade-in
(1) 1583/    1016 :                     ; ----------------------------------------------------
(1) 1584/    1016 :                     
(1) 1585/    1016 :                     .fade_in:
(1) 1586/    1016 : 0246 000E           		andi.w	#%0000000000001110,d6	; d6 - Max increment
(1) 1587/    101A : 3A3C 000E           		move.w	#%0000000000001110,d5	; d5 - Target filter
(1) 1588/    101E : 383C 0EEE           		move.w	#$0EEE,d4		; d4 - Filter bits
(1) 1589/    1022 :                     .next_in:
(1) 1590/    1022 : 4847                		swap	d7
(1) 1591/    1024 : 3015                		move.w	(a5),d0			; d0 - Current
(1) 1592/    1026 : 3414                		move.w	(a4),d2			; d2 - Target
(1) 1593/    1028 : C044                		and.w	d4,d0
(1) 1594/    102A : C444                		and.w	d4,d2
(1) 1595/    102C : B042                		cmp.w	d2,d0
(1) 1596/    102E : 6766                		beq.s	.same_in
(1) 1597/    1030 :                     	rept 3
(1) 1598/    1030 :                     		move.w	d0,d1
(1) 1599/    1030 :                     		move.w	d4,d3
(1) 1600/    1030 :                     		eor.w	d5,d3
(1) 1601/    1030 :                     		and.w	d3,d0
(1) 1602/    1030 :                     		move.w	d2,d3
(1) 1603/    1030 :                     		and.w	d5,d1		; filter CURRENT color
(1) 1604/    1030 :                     		and.w	d5,d3		; filter TARGET color
(1) 1605/    1030 :                     
(1) 1606/    1030 :                     		add.w	d6,d1		; ADD to current
(1) 1607/    1030 :                     		cmp.w	d3,d1
(1) 1608/    1030 :                     		bcs.s	.max_out
(1) 1609/    1030 :                     		move.w	d2,d1
(1) 1610/    1030 :                     		and.w	d5,d1
(1) 1611/    1030 :                     .max_out:
(1) 1612/    1030 :                     		addq.w	#1,d7
(1) 1613/    1030 :                     		or.w	d1,d0
(1) 1614/    1030 :                     		rol.w	#4,d6		; next << color
(1) 1615/    1030 :                     		rol.w	#4,d5
(1) 1616/    1030 :                     	endm
(1) 1598/    1030 : 3200                		move.w	d0,d1
(1) 1599/    1032 : 3604                		move.w	d4,d3
(1) 1600/    1034 : BB43                		eor.w	d5,d3
(1) 1601/    1036 : C043                		and.w	d3,d0
(1) 1602/    1038 : 3602                		move.w	d2,d3
(1) 1603/    103A : C245                		and.w	d5,d1		; filter CURRENT color
(1) 1604/    103C : C645                		and.w	d5,d3		; filter TARGET color
(1) 1605/    103E :                     
(1) 1606/    103E : D246                		add.w	d6,d1		; ADD to current
(1) 1607/    1040 : B243                		cmp.w	d3,d1
(1) 1608/    1042 : 6504                		bcs.s	.max_out
(1) 1609/    1044 : 3202                		move.w	d2,d1
(1) 1610/    1046 : C245                		and.w	d5,d1
(1) 1611/    1048 :                     .max_out:
(1) 1612/    1048 : 5247                		addq.w	#1,d7
(1) 1613/    104A : 8041                		or.w	d1,d0
(1) 1614/    104C : E95E                		rol.w	#4,d6		; next << color
(1) 1615/    104E : E95D                		rol.w	#4,d5
(1) 1598/    1050 : 3200                		move.w	d0,d1
(1) 1599/    1052 : 3604                		move.w	d4,d3
(1) 1600/    1054 : BB43                		eor.w	d5,d3
(1) 1601/    1056 : C043                		and.w	d3,d0
(1) 1602/    1058 : 3602                		move.w	d2,d3
(1) 1603/    105A : C245                		and.w	d5,d1		; filter CURRENT color
(1) 1604/    105C : C645                		and.w	d5,d3		; filter TARGET color
(1) 1605/    105E :                     
(1) 1606/    105E : D246                		add.w	d6,d1		; ADD to current
(1) 1607/    1060 : B243                		cmp.w	d3,d1
(1) 1608/    1062 : 6504                		bcs.s	.max_out
(1) 1609/    1064 : 3202                		move.w	d2,d1
(1) 1610/    1066 : C245                		and.w	d5,d1
(1) 1611/    1068 :                     .max_out:
(1) 1612/    1068 : 5247                		addq.w	#1,d7
(1) 1613/    106A : 8041                		or.w	d1,d0
(1) 1614/    106C : E95E                		rol.w	#4,d6		; next << color
(1) 1615/    106E : E95D                		rol.w	#4,d5
(1) 1598/    1070 : 3200                		move.w	d0,d1
(1) 1599/    1072 : 3604                		move.w	d4,d3
(1) 1600/    1074 : BB43                		eor.w	d5,d3
(1) 1601/    1076 : C043                		and.w	d3,d0
(1) 1602/    1078 : 3602                		move.w	d2,d3
(1) 1603/    107A : C245                		and.w	d5,d1		; filter CURRENT color
(1) 1604/    107C : C645                		and.w	d5,d3		; filter TARGET color
(1) 1605/    107E :                     
(1) 1606/    107E : D246                		add.w	d6,d1		; ADD to current
(1) 1607/    1080 : B243                		cmp.w	d3,d1
(1) 1608/    1082 : 6504                		bcs.s	.max_out
(1) 1609/    1084 : 3202                		move.w	d2,d1
(1) 1610/    1086 : C245                		and.w	d5,d1
(1) 1611/    1088 :                     .max_out:
(1) 1612/    1088 : 5247                		addq.w	#1,d7
(1) 1613/    108A : 8041                		or.w	d1,d0
(1) 1614/    108C : E95E                		rol.w	#4,d6		; next << color
(1) 1615/    108E : E95D                		rol.w	#4,d5
(1) 1617/    1090 : E95E                		rol.w	#4,d6
(1) 1618/    1092 : E95D                		rol.w	#4,d5
(1) 1619/    1094 : 3A80                		move.w	d0,(a5)
(1) 1620/    1096 :                     .same_in:
(1) 1621/    1096 : DAFC 0002           		adda	#2,a5		; Next index
(1) 1622/    109A : D8FC 0002           		adda	#2,a4
(1) 1623/    109E : 4847                		swap	d7
(1) 1624/    10A0 : 51CF FF80           		dbf	d7,.next_in
(1) 1625/    10A4 : 4847                		swap	d7
(1) 1626/    10A6 : 4A47                		tst.w	d7
(1) 1627/    10A8 : 6700 FEF4           		beq	.pfade_del
(1) 1628/    10AC :                     .fdin_nend:
(1) 1629/    10AC : 4E75                		rts
(1) 1630/    10AE :                     
(1) 1631/    10AE :                     ; --------------------------------------------------------
(1) 1632/    10AE :                     ; Video_WaitFade
(1) 1633/    10AE :                     ;
(1) 1634/    10AE :                     ; CPU-saving version of System_Render when
(1) 1635/    10AE :                     ; waiting for a fade-in/fade-out
(1) 1636/    10AE :                     ;
(1) 1637/    10AE :                     ; THIS IS REQUIRED FOR 32X as
(1) 1638/    10AE :                     ; fading all 32X's 256 colors is too heavy for the 68000.
(1) 1639/    10AE :                     ; --------------------------------------------------------
(1) 1640/    10AE :                     
(1) 1641/    10AE :                     Video_WaitFade:
(1) 1642/    10AE :                     .loop:
(1) 1643/    10AE : 6100 0692           		bsr	System_Render
(1) 1644/    10B2 : 4DF8 EA90           		lea	(RAM_PalFadeList).w,a6
(1) 1648/    10B6 : 3E3C 0007           		move.w	#MAX_PALFDREQ-1,d7
(1) 1649/    10BA : 7C00                		moveq	#0,d6
(1) 1650/    10BC :                     .next_one:
(1) 1651/    10BC : 8C16                		or.b	palfd_req(a6),d6
(1) 1652/    10BE : DCFC 0008           		adda	#palfd_len,a6
(1) 1657/    10C2 : 51CF FFF8           		dbf	d7,.next_one
(1) 1658/    10C6 : 4A06                		tst.b	d6
(1) 1659/    10C8 : 66E4                		bne.s	.loop
(1) 1660/    10CA : 4E75                		rts
(1) 1661/    10CC :                     
(1) 1662/    10CC :                     ; --------------------------------------------------------
(1) 1663/    10CC :                     ; Video_FadeIn_Full
(1) 1664/    10CC :                     ;
(1) 1665/    10CC :                     ; Overwrites first entry on each's PalFadeList
(1) 1666/    10CC :                     ; --------------------------------------------------------
(1) 1667/    10CC :                     
(1) 1668/    10CC :                     Video_FadeIn_Full:
(1) 1675/    10CC : 7002                		moveq	#2,d0
(1) 1676/    10CE : 223C 0000 0040      		move.l	#splitw(0,64),d1
(1) 1677/    10D4 : 243C 0000 0001      		move.l	#splitw(0,1),d2
(1) 1678/    10DA : 6116                		bsr	Video_MakeFade
(1) 1679/    10DC : 60D0                		bra	Video_WaitFade
(1) 1680/    10DE :                     
(1) 1681/    10DE :                     ; --------------------------------------------------------
(1) 1682/    10DE :                     ; Video_FadeIn_Full
(1) 1683/    10DE :                     ;
(1) 1684/    10DE :                     ; Overwrites first entry on each's PalFadeList
(1) 1685/    10DE :                     ; --------------------------------------------------------
(1) 1686/    10DE :                     
(1) 1687/    10DE :                     Video_FadeOut_Full:
(1) 1694/    10DE : 7001                		moveq	#1,d0
(1) 1695/    10E0 : 223C 0000 0040      		move.l	#splitw(0,64),d1
(1) 1696/    10E6 : 243C 0000 0001      		move.l	#splitw(0,1),d2
(1) 1697/    10EC : 6104                		bsr	Video_MakeFade
(1) 1698/    10EE : 60BE                		bra	Video_WaitFade
(1) 1699/    10F0 :                     
(1) 1700/    10F0 :                     ; ============================================================
(1) 1701/    10F0 :                     ; --------------------------------------------------------
(1) 1702/    10F0 :                     ; Subroutines
(1) 1703/    10F0 :                     ; --------------------------------------------------------
(1) 1704/    10F0 :                     
(1) 1705/    10F0 :                     ; --------------------------------------------------------
(1) 1706/    10F0 :                     ; Video_MakeFade, Video_MdMars_MakeFade
(1) 1707/    10F0 :                     ;
(1) 1708/    10F0 :                     ; Make palette Fading (or other) request, for
(1) 1709/    10F0 :                     ; both VDP and SVDP
(1) 1710/    10F0 :                     ;
(1) 1711/    10F0 :                     ; Input:
(1) 1712/    10F0 :                     ; d0.w | Task number:
(1) 1713/    10F0 :                     ;        	$0000 - Fade-out
(1) 1714/    10F0 :                     ;        	$0001 - Fade-in
(1) 1715/    10F0 :                     ; d1.l | Start at/Number of colors: splitw(start,num)
(1) 1716/    10F0 :                     ; d2.l | Delay/Increment: splitw(delay,incr)
(1) 1717/    10F0 :                     ; --------------------------------------------------------
(1) 1718/    10F0 :                     
(1) 1719/    10F0 :                     Video_MdMars_MakeFade:
(1) 1728/    10F0 : 4E75                		rts
(1) 1729/    10F2 :                     Video_MakeFade:
(1) 1730/    10F2 : 48E7 0302           		movem.l	d6-d7/a6,-(sp)
(1) 1731/    10F6 : 4DF8 EA90           		lea	(RAM_PalFadeList).w,a6
(1) 1732/    10FA : 3E38 F0E0           		move.w	(RAM_IndxPalFade).w,d7
(1) 1733/    10FE : 5278 F0E0           		addq.w	#1,(RAM_IndxPalFade).w
(1) 1734/    1102 : 6106                		bsr	vidMkFade_Go
(1) 1735/    1104 : 4CDF 40C0           		movem.l	(sp)+,d6-d7/a6
(1) 1736/    1108 : 4E75                		rts
(1) 1737/    110A :                     vidMkFade_Go:
(1) 1738/    110A : 0287 0000 00FF      		andi.l	#$FF,d7
(1) 1739/    1110 : E74F                		lsl.w	#3,d7			; index * 8
(1) 1740/    1112 : DCC7                		adda	d7,a6
(1) 1741/    1114 : 2E01                		move.l	d1,d7
(1) 1742/    1116 : 2C02                		move.l	d2,d6
(1) 1743/    1118 : 1C80                		move.b	d0,palfd_req(a6)
(1) 1744/    111A : 3D47 0006           		move.w	d7,palfd_num(a6)
(1) 1745/    111E : 1D46 0003           		move.b	d6,palfd_incr(a6)
(1) 1746/    1122 : 4846                		swap	d6
(1) 1747/    1124 : 4847                		swap	d7
(1) 1748/    1126 : 1D47 0002           		move.b	d7,palfd_start(a6)
(1) 1749/    112A : 1D46 0001           		move.b	d6,palfd_delay(a6)
(1) 1750/    112E : 4E75                		rts
(1) 1751/    1130 :                     
(1) 1752/    1130 :                     ; --------------------------------------------------------
(1) 1753/    1130 :                     ; Video_LoadPal, Video_FadePal
(1) 1754/    1130 :                     ;
(1) 1755/    1130 :                     ; Load VDP palette data, either current or for fading.
(1) 1756/    1130 :                     ;
(1) 1757/    1130 :                     ; Input:
(1) 1758/    1130 :                     ; a0   | Palette data
(1) 1759/    1130 :                     ; d0.w | Starting color index
(1) 1760/    1130 :                     ; d1.w | Number of colors
(1) 1761/    1130 :                     ; --------------------------------------------------------
(1) 1762/    1130 :                     
(1) 1763/    1130 :                     Video_FadePal:
(1) 1764/    1130 : 48E7 0306           		movem.l	d6-d7/a5-a6,-(sp)
(1) 1765/    1134 : 4DF8 EED0           		lea	(RAM_PaletteFade).w,a6
(1) 1766/    1138 : 6008                		bra.s	vidMd_Pal
(1) 1767/    113A :                     ; 		movem.l	(sp)+,d6-d7/a5-a6
(1) 1768/    113A :                     ; 		rts
(1) 1769/    113A :                     Video_LoadPal:
(1) 1770/    113A : 48E7 0306           		movem.l	d6-d7/a5-a6,-(sp)
(1) 1771/    113E : 4DF8 EA10           		lea	(RAM_Palette).w,a6
(1) 1772/    1142 :                     ; 		bsr.s	vidMd_Pal
(1) 1773/    1142 :                     ; 		movem.l	(sp)+,d6-d7/a5-a6
(1) 1774/    1142 :                     ; 		rts
(1) 1775/    1142 :                     
(1) 1776/    1142 :                     ; --------------------------------------------------------
(1) 1777/    1142 :                     vidMd_Pal:
(1) 1778/    1142 : 2A48                		move.l	a0,a5
(1) 1779/    1144 : 7E00                		moveq	#0,d7
(1) 1780/    1146 : 3E00                		move.w	d0,d7
(1) 1781/    1148 : DE47                		add.w	d7,d7
(1) 1782/    114A : DCC7                		adda	d7,a6
(1) 1783/    114C : 3E01                		move.w	d1,d7
(1) 1784/    114E : 5347                		subq.w	#1,d7
(1) 1785/    1150 : 6B0E                		bmi.s	.bad
(1) 1786/    1152 : 3C02                		move.w	d2,d6
(1) 1787/    1154 : 0246 0001           		andi.w	#1,d6
(1) 1788/    1158 : E25E                		ror.w	#1,d6
(1) 1789/    115A :                     .loop:
(1) 1790/    115A : 3CDD                		move.w	(a5)+,(a6)+
(1) 1791/    115C : 51CF FFFC           		dbf	d7,.loop
(1) 1792/    1160 :                     .bad:
(1) 1793/    1160 : 4CDF 60C0           		movem.l	(sp)+,d6-d7/a5-a6
(1) 1794/    1164 : 4E75                		rts
(1) 1795/    1166 :                     
(1) 1796/    1166 :                     ; --------------------------------------------------------
(1) 1797/    1166 :                     ; Video_LoadPal_List, Video_FadePal_List
(1) 1798/    1166 :                     ;
(1) 1799/    1166 :                     ; Loads palettes on bulk with a list
(1) 1800/    1166 :                     ;
(1) 1801/    1166 :                     ; Input:
(1) 1802/    1166 :                     ; a0 | List of graphics to load:
(1) 1803/    1166 :                     ;        dc.w numof_entries
(1) 1804/    1166 :                     ;        dc.l palette_data
(1) 1805/    1166 :                     ;        dc.w start_at
(1) 1806/    1166 :                     ;        dc.w numof_colors
(1) 1807/    1166 :                     ;        ; ...more entries
(1) 1808/    1166 :                     ; --------------------------------------------------------
(1) 1809/    1166 :                     
(1) 1810/    1166 :                     Video_LoadPal_List:
(1) 1811/    1166 : 48E7 0104           		movem.l	d7/a5,-(sp)
(1) 1812/    116A : 2A48                		move.l	a0,a5
(1) 1813/    116C : 3E1D                		move.w	(a5)+,d7
(1) 1814/    116E : 6710                		beq.s	.invalid
(1) 1815/    1170 : 6B0E                		bmi.s	.invalid
(1) 1816/    1172 : 5347                		subq.w	#1,d7
(1) 1817/    1174 :                     .next_one:
(1) 1818/    1174 : 205D                		move.l	(a5)+,a0
(1) 1819/    1176 : 301D                		move.w	(a5)+,d0
(1) 1820/    1178 : 321D                		move.w	(a5)+,d1
(1) 1821/    117A : 61BE                		bsr	Video_LoadPal
(1) 1822/    117C : 51CF FFF6           		dbf	d7,.next_one
(1) 1823/    1180 :                     .invalid:
(1) 1824/    1180 : 4CDF 2080           		movem.l	(sp)+,d7/a5
(1) 1825/    1184 : 4E75                		rts
(1) 1826/    1186 :                     
(1) 1827/    1186 :                     Video_FadePal_List:
(1) 1828/    1186 : 48E7 0104           		movem.l	d7/a5,-(sp)
(1) 1829/    118A : 2A48                		move.l	a0,a5
(1) 1830/    118C : 3E1D                		move.w	(a5)+,d7
(1) 1831/    118E : 6710                		beq.s	.invalid
(1) 1832/    1190 : 6B0E                		bmi.s	.invalid
(1) 1833/    1192 : 5347                		subq.w	#1,d7
(1) 1834/    1194 :                     .next_one:
(1) 1835/    1194 : 205D                		move.l	(a5)+,a0
(1) 1836/    1196 : 301D                		move.w	(a5)+,d0
(1) 1837/    1198 : 321D                		move.w	(a5)+,d1
(1) 1838/    119A : 6194                		bsr	Video_FadePal
(1) 1839/    119C : 51CF FFF6           		dbf	d7,.next_one
(1) 1840/    11A0 :                     .invalid:
(1) 1841/    11A0 : 4CDF 2080           		movem.l	(sp)+,d7/a5
(1) 1842/    11A4 : 4E75                		rts
(1) 1843/    11A6 :                     
(1) 1844/    11A6 :                     ; ====================================================================
(1) 1845/    11A6 :                     ; ----------------------------------------------------------------
(1) 1846/    11A6 :                     ; Text PRINT system.
(1) 1847/    11A6 :                     ; ----------------------------------------------------------------
(1) 1848/    11A6 :                     
(1) 1849/    11A6 :                     ; --------------------------------------------------------
(1) 1850/    11A6 :                     ; Video_PrintInit, Video_PrintInitW
(1) 1851/    11A6 :                     ;
(1) 1852/    11A6 :                     ; Initializes the default Graphics and Palette
(1) 1853/    11A6 :                     ; for the font.
(1) 1854/    11A6 :                     ;
(1) 1855/    11A6 :                     ; Input:
(1) 1856/    11A6 :                     ; d0.l | Graphics data
(1) 1857/    11A6 :                     ;        $20 (" ") to $7F ("[DEL]")
(1) 1858/    11A6 :                     ;        * Default labels:
(1) 1859/    11A6 :                     ;        ASCII_FONT   for 8x8
(1) 1860/    11A6 :                     ;        ASCII_FONT_W for 8x16
(1) 1861/    11A6 :                     ;
(1) 1862/    11A6 :                     ; d1.w | VRAM output location to load and use
(1) 1863/    11A6 :                     ;        the ASCII text including attribute
(1) 1864/    11A6 :                     ;        settings (Palette and Priority)
(1) 1865/    11A6 :                     ;        * Defualt values:
(1) 1866/    11A6 :                     ;        DEF_PrintVram  for 8x8
(1) 1867/    11A6 :                     ;        DEF_PrintVramW for 8x16
(1) 1868/    11A6 :                     ;
(1) 1869/    11A6 :                     ; Breaks:
(1) 1870/    11A6 :                     ; d0-d3
(1) 1871/    11A6 :                     ;
(1) 1872/    11A6 :                     ; Notes:
(1) 1873/    11A6 :                     ; - Only call this when the VDP DISPLAY is OFF
(1) 1874/    11A6 :                     ; - Write your palette manually after this
(1) 1875/    11A6 :                     ; --------------------------------------------------------
(1) 1876/    11A6 :                     
(1) 1877/    11A6 :                     Video_PrintInitW:
(1) 1878/    11A6 : 343C 1800           		move.w	#($60*$20)*2,d2			; Graphics data from " " to "[DEL]"
(1) 1879/    11AA : 6004                		bra.s	vidPrint_Init
(1) 1880/    11AC :                     Video_PrintInit:
(1) 1881/    11AC : 343C 0C00           		move.w	#($60*$20),d2			; Graphics data from " " to "[DEL]"
(1) 1882/    11B0 :                     vidPrint_Init:
(1) 1883/    11B0 : EB49                		lsl.w	#5,d1				; VRAM location to real position
(1) 1884/    11B2 : 6000 F958           		bra	Video_LoadArt
(1) 1885/    11B6 :                     
(1) 1886/    11B6 :                     ; --------------------------------------------------------
(1) 1887/    11B6 :                     ; Video_PrintDefPal, Video_PrintDefPal_Fade
(1) 1888/    11B6 :                     ;
(1) 1889/    11B6 :                     ; Loads default palette for the font
(1) 1890/    11B6 :                     ; --------------------------------------------------------
(1) 1891/    11B6 :                     
(1) 1892/    11B6 :                     Video_PrintDefPal_Fade:
(1) 1893/    11B6 : 2F0E                		move.l	a6,-(sp)
(1) 1894/    11B8 : 4DF8 EF30           		lea	(RAM_PaletteFade+$60).w,a6		; Palette line 4:
(1) 1895/    11BC : 6006                		bra.s	vid_FontDefPal
(1) 1896/    11BE :                     Video_PrintDefPal:
(1) 1897/    11BE : 2F0E                		move.l	a6,-(sp)
(1) 1898/    11C0 : 4DF8 EA70           		lea	(RAM_Palette+$60).w,a6			; Palette line 4
(1) 1899/    11C4 :                     vid_FontDefPal:
(1) 1900/    11C4 : 3CFC 0000           		move.w	#$0000,(a6)+				; black (background)
(1) 1901/    11C8 : 3CFC 0EEE           		move.w	#$0EEE,(a6)+				; white
(1) 1902/    11CC : 3CFC 0888           		move.w	#$0888,(a6)+				; gray
(1) 1903/    11D0 : 2C5F                		move.l	(sp)+,a6
(1) 1904/    11D2 : 4E75                		rts
(1) 1905/    11D4 :                     
(1) 1906/    11D4 :                     ; --------------------------------------------------------
(1) 1907/    11D4 :                     ; Video_Print, Video_PrintW
(1) 1908/    11D4 :                     ;
(1) 1909/    11D4 :                     ; Prints a text string, VDP side.
(1) 1910/    11D4 :                     ;
(1) 1911/    11D4 :                     ; Input:
(1) 1912/    11D4 :                     ; a0   | String data
(1) 1913/    11D4 :                     ; d0.w | X position
(1) 1914/    11D4 :                     ; d1.w | Y position
(1) 1915/    11D4 :                     ; d2.w | Font VRAM location
(1) 1916/    11D4 :                     ; d3.l | Screen width / Screen VRAM location:
(1) 1917/    11D4 :                     ;        splitw(width,vram_out)
(1) 1918/    11D4 :                     ;
(1) 1919/    11D4 :                     ; * Font VRAM location
(1) 1920/    11D4 :                     ; Default 8x8:  DEF_PrintVram
(1) 1921/    11D4 :                     ; Default 8x16: DEF_PrintVramW
(1) 1922/    11D4 :                     ;
(1) 1923/    11D4 :                     ; * Screen VRAM
(1) 1924/    11D4 :                     ; Foreground: DEF_VRAM_FG
(1) 1925/    11D4 :                     ; Background: DEF_VRAM_BG
(1) 1926/    11D4 :                     ; Window:     DEF_VRAM_WD
(1) 1927/    11D4 :                     ;
(1) 1928/    11D4 :                     ; * Screen Width
(1) 1929/    11D4 :                     ; $040 (DEF_HSIZE_32)
(1) 1930/    11D4 :                     ; $080 (DEF_HSIZE_64)
(1) 1931/    11D4 :                     ; $100 (DEF_HSIZE_128)
(1) 1932/    11D4 :                     ;
(1) 1933/    11D4 :                     ; Notes:
(1) 1934/    11D4 :                     ; - Initialize your graphics and VRAM location
(1) 1935/    11D4 :                     ;   with Video_PrintInit
(1) 1936/    11D4 :                     ; - Only Video_PrintW can be used in double-interlace
(1) 1937/    11D4 :                     ;   mode.
(1) 1938/    11D4 :                     ; --------------------------------------------------------
(1) 1939/    11D4 :                     
(1) 1940/    11D4 :                     ; dc.l pstr(type,ram_location)
(1) 1941/    11D4 :                     ;
(1) 1942/    11D4 :                     ; type:
(1) 1943/    11D4 :                     ; 0 - Byte
(1) 1944/    11D4 :                     ; 1 - Word
(1) 1945/    11D4 :                     ; 2 - 24-bit
(1) 1946/    11D4 :                     ; 3 - Long
(1) 1947/    11D4 :                     
(1) 1948/    11D4 :                     Video_Print:
(1) 1949/    11D4 : 48E7 0F0E           		movem.l	d4-d7/a4-a6,-(sp)
(1) 1950/    11D8 : 4DF9 00C0 0000      		lea	(vdp_data).l,a6
(1) 1951/    11DE : 3E03                		move.w	d3,d7
(1) 1952/    11E0 : 3A00                		move.w	d0,d5
(1) 1953/    11E2 : DA45                		add.w	d5,d5
(1) 1954/    11E4 : 3801                		move.w	d1,d4
(1) 1955/    11E6 : 4843                		swap	d3
(1) 1956/    11E8 : C8C3                		mulu.w	d3,d4
(1) 1957/    11EA : DA44                		add.w	d4,d5
(1) 1958/    11EC : DE45                		add.w	d5,d7
(1) 1959/    11EE : 3C03                		move.w	d3,d6
(1) 1960/    11F0 : 4843                		swap	d3
(1) 1961/    11F2 : 7A00                		moveq	#0,d5
(1) 1962/    11F4 : 3A07                		move.w	d7,d5
(1) 1963/    11F6 : 0247 3FFF           		andi.w	#$3FFF,d7
(1) 1964/    11FA : 8E7C 4000           		or.w	#$4000,d7
(1) 1965/    11FE : E55D                		rol.w	#2,d5
(1) 1966/    1200 : 0245 0003           		andi.w	#%11,d5
(1) 1967/    1204 : 4845                		swap	d5
(1) 1968/    1206 : 2A48                		move.l	a0,a5
(1) 1969/    1208 :                     .loop:
(1) 1970/    1208 : 3806                		move.w	d6,d4
(1) 1971/    120A : 5344                		subq.w	#1,d4
(1) 1972/    120C : CA44                		and.w	d4,d5
(1) 1973/    120E :                     
(1) 1974/    120E : 3807                		move.w	d7,d4
(1) 1975/    1210 : D845                		add.w	d5,d4
(1) 1976/    1212 : 4845                		swap	d5
(1) 1977/    1214 : 3D44 0004           		move.w	d4,4(a6)
(1) 1978/    1218 : 3D45 0004           		move.w	d5,4(a6)
(1) 1979/    121C : 4845                		swap	d5
(1) 1980/    121E :                     .q_loop:
(1) 1981/    121E : 181D                		move.b	(a5)+,d4
(1) 1982/    1220 : 671E                		beq.s	.exit
(1) 1983/    1222 : 6B22                		bmi.s	.special
(1) 1984/    1224 : 0C04 000A           		cmpi.b	#$0A,d4
(1) 1985/    1228 : 6710                		beq.s	.next
(1) 1986/    122A :                     ; ------------------------------------------------
(1) 1987/    122A :                     ; Normal text
(1) 1988/    122A : 0244 00FF           		andi.w	#$FF,d4
(1) 1989/    122E :                     ; 		add.w	(RAM_SetPrntVram).w,d4
(1) 1990/    122E : D842                		add.w	d2,d4
(1) 1991/    1230 : 0444 0020           		subi.w	#$20,d4
(1) 1992/    1234 : 3C84                		move.w	d4,(a6)
(1) 1993/    1236 : 5445                		addq.w	#2,d5
(1) 1994/    1238 : 60E4                		bra.s	.q_loop
(1) 1995/    123A :                     .next:
(1) 1996/    123A : 4245                		clr.w	d5
(1) 1997/    123C : DE46                		add.w	d6,d7			; Next line
(1) 1998/    123E : 60C8                		bra.s	.loop
(1) 1999/    1240 :                     .exit:
(1) 2000/    1240 : 4CDF 70F0           		movem.l	(sp)+,d4-d7/a4-a6
(1) 2001/    1244 : 4E75                		rts
(1) 2002/    1246 :                     ; ------------------------------------------------
(1) 2003/    1246 :                     ; Show value
(1) 2004/    1246 :                     ; d4 - $80|flags
(1) 2005/    1246 :                     .special:
(1) 2006/    1246 : 4846                		swap	d6
(1) 2007/    1248 : 1C04                		move.b	d4,d6
(1) 2008/    124A : E19C                		rol.l	#8,d4
(1) 2009/    124C : 181D                		move.b	(a5)+,d4	; $00xx0000
(1) 2010/    124E : E19C                		rol.l	#8,d4
(1) 2011/    1250 : 181D                		move.b	(a5)+,d4	; $0000xx00
(1) 2012/    1252 : E19C                		rol.l	#8,d4
(1) 2013/    1254 : 181D                		move.b	(a5)+,d4	; $000000xx
(1) 2014/    1256 : 2844                		move.l	d4,a4
(1) 2015/    1258 : 6100 01B6           		bsr	vid_PrintTVal
(1) 2016/    125C : 60AA                		bra	.loop
(1) 2017/    125E :                     
(1) 2018/    125E :                     ; --------------------------------------------------------
(1) 2019/    125E :                     ; 8x16 version
(1) 2020/    125E :                     ; --------------------------------------------------------
(1) 2021/    125E :                     
(1) 2022/    125E :                     Video_PrintW:
(1) 2023/    125E : 48E7 0F1E           		movem.l	d4-d7/a3-a6,-(sp)
(1) 2024/    1262 : 4DF9 00C0 0000      		lea	(vdp_data).l,a6
(1) 2025/    1268 :                     ; 		move.w	(RAM_SetPrntVramW).w,d6
(1) 2026/    1268 : 3C02                		move.w	d2,d6
(1) 2027/    126A : 0446 0040           		subi.w	#$20*2,d6
(1) 2028/    126E : 3A38 F0F6           		move.w	(RAM_VdpRegSetC).w,d5
(1) 2029/    1272 : 0805 0002           		btst	#2,d5
(1) 2030/    1276 : 670E                		beq.s	.no_dble_y
(1) 2031/    1278 : 3E06                		move.w	d6,d7
(1) 2032/    127A : 0247 F800           		andi.w	#$F800,d7
(1) 2033/    127E : 0246 07FF           		andi.w	#$7FF,d6
(1) 2034/    1282 : E24E                		lsr.w	#1,d6
(1) 2035/    1284 : 8C47                		or.w	d7,d6
(1) 2036/    1286 :                     .no_dble_y:
(1) 2037/    1286 : 4846                		swap	d6
(1) 2038/    1288 : 3E03                		move.w	d3,d7
(1) 2039/    128A : 3A00                		move.w	d0,d5
(1) 2040/    128C : DA45                		add.w	d5,d5
(1) 2041/    128E : 3801                		move.w	d1,d4
(1) 2042/    1290 : 4843                		swap	d3
(1) 2043/    1292 : C8C3                		mulu.w	d3,d4
(1) 2044/    1294 : DA44                		add.w	d4,d5
(1) 2045/    1296 : DE45                		add.w	d5,d7
(1) 2046/    1298 : 3C03                		move.w	d3,d6
(1) 2047/    129A : 4843                		swap	d3
(1) 2048/    129C :                     
(1) 2049/    129C : 7A00                		moveq	#0,d5
(1) 2050/    129E : 3A07                		move.w	d7,d5
(1) 2051/    12A0 : 0247 3FFF           		andi.w	#$3FFF,d7
(1) 2052/    12A4 : 8E7C 4000           		or.w	#$4000,d7
(1) 2053/    12A8 : E55D                		rol.w	#2,d5
(1) 2054/    12AA : 0245 0003           		andi.w	#%11,d5
(1) 2055/    12AE : 4845                		swap	d5
(1) 2056/    12B0 : 2A48                		move.l	a0,a5
(1) 2057/    12B2 :                     	; d7 -      TEMP       | VDP write left
(1) 2058/    12B2 :                     	; d6 -      TEMP       | Y next-line size
(1) 2059/    12B2 :                     	; d5 - VDP write right | X current pos
(1) 2060/    12B2 :                     	; d4 -                 | TEMP
(1) 2061/    12B2 :                     .loop:
(1) 2062/    12B2 : 3806                		move.w	d6,d4
(1) 2063/    12B4 : 5344                		subq.w	#1,d4
(1) 2064/    12B6 : CA44                		and.w	d4,d5
(1) 2065/    12B8 : 181D                		move.b	(a5)+,d4
(1) 2066/    12BA : 6776                		beq.s	.exit
(1) 2067/    12BC : 6B7A                		bmi.s	.special
(1) 2068/    12BE : 0C04 000A           		cmpi.b	#$0A,d4
(1) 2069/    12C2 : 6766                		beq.s	.next
(1) 2070/    12C4 :                     ; ------------------------------------------------
(1) 2071/    12C4 :                     ; Normal text
(1) 2072/    12C4 : 0244 00FF           		andi.w	#$FF,d4
(1) 2073/    12C8 : 4847                		swap	d7
(1) 2074/    12CA : 3E38 F0F6           		move.w	(RAM_VdpRegSetC).w,d7
(1) 2075/    12CE : 0807 0002           		btst	#2,d7
(1) 2076/    12D2 : 671E                		beq.s	.ver_normal
(1) 2077/    12D4 : 4846                		swap	d6
(1) 2078/    12D6 : D846                		add.w	d6,d4
(1) 2079/    12D8 : 4846                		swap	d6
(1) 2080/    12DA : 4844                		swap	d4
(1) 2081/    12DC : 4847                		swap	d7
(1) 2082/    12DE : 3807                		move.w	d7,d4
(1) 2083/    12E0 : D845                		add.w	d5,d4
(1) 2084/    12E2 : 4845                		swap	d5
(1) 2085/    12E4 : 3D44 0004           		move.w	d4,4(a6)
(1) 2086/    12E8 : 3D45 0004           		move.w	d5,4(a6)
(1) 2087/    12EC : 4844                		swap	d4
(1) 2088/    12EE : 3C84                		move.w	d4,(a6)
(1) 2089/    12F0 : 6032                		bra.s	.ver_cont
(1) 2090/    12F2 :                     .ver_normal:
(1) 2091/    12F2 : D844                		add.w	d4,d4
(1) 2092/    12F4 : 4846                		swap	d6
(1) 2093/    12F6 : D846                		add.w	d6,d4
(1) 2094/    12F8 : 4846                		swap	d6
(1) 2095/    12FA : 4844                		swap	d4
(1) 2096/    12FC : 4847                		swap	d7
(1) 2097/    12FE : 3807                		move.w	d7,d4
(1) 2098/    1300 : D845                		add.w	d5,d4
(1) 2099/    1302 : 4845                		swap	d5
(1) 2100/    1304 : 3D44 0004           		move.w	d4,4(a6)
(1) 2101/    1308 : 3D45 0004           		move.w	d5,4(a6)
(1) 2102/    130C : 4844                		swap	d4
(1) 2103/    130E : 3C84                		move.w	d4,(a6)
(1) 2104/    1310 : 5244                		addq.w	#1,d4
(1) 2105/    1312 : 4844                		swap	d4
(1) 2106/    1314 : D846                		add.w	d6,d4
(1) 2107/    1316 : 3D44 0004           		move.w	d4,4(a6)
(1) 2108/    131A : 3D45 0004           		move.w	d5,4(a6)
(1) 2109/    131E : 4844                		swap	d4
(1) 2110/    1320 : 3C84                		move.w	d4,(a6)
(1) 2111/    1322 : 4844                		swap	d4
(1) 2112/    1324 :                     
(1) 2113/    1324 :                     .ver_cont:
(1) 2114/    1324 : 4845                		swap	d5
(1) 2115/    1326 : 5445                		addq.w	#2,d5		; Next VDP X pos
(1) 2116/    1328 : 6088                		bra.s	.loop
(1) 2117/    132A :                     .next:
(1) 2118/    132A : 4245                		clr.w	d5		; Clear X pos
(1) 2119/    132C : DE46                		add.w	d6,d7		; Next Y line
(1) 2120/    132E : DE46                		add.w	d6,d7		; twice
(1) 2121/    1330 : 6080                		bra	.loop
(1) 2122/    1332 :                     .exit:
(1) 2123/    1332 : 4CDF 78F0           		movem.l	(sp)+,d4-d7/a3-a6
(1) 2124/    1336 : 4E75                		rts
(1) 2125/    1338 :                     ; ------------------------------------------------
(1) 2126/    1338 :                     ; Show value
(1) 2127/    1338 :                     ; d4 - $80|flags
(1) 2128/    1338 :                     .special:
(1) 2129/    1338 : 2646                		move.l	d6,a3
(1) 2130/    133A : 1C04                		move.b	d4,d6
(1) 2131/    133C : E19C                		rol.l	#8,d4
(1) 2132/    133E : 181D                		move.b	(a5)+,d4	; $00xx0000
(1) 2133/    1340 : E19C                		rol.l	#8,d4
(1) 2134/    1342 : 181D                		move.b	(a5)+,d4	; $0000xx00
(1) 2135/    1344 : E19C                		rol.l	#8,d4
(1) 2136/    1346 : 181D                		move.b	(a5)+,d4	; $000000xx
(1) 2137/    1348 : 2844                		move.l	d4,a4
(1) 2138/    134A : 6100 0130           		bsr	vid_PrintTValW
(1) 2139/    134E : 6000 FF62           		bra	.loop
(1) 2140/    1352 :                     
(1) 2141/    1352 :                     ; --------------------------------------------------------
(1) 2142/    1352 :                     ; Video_PrintVal, Video_PrintValW
(1) 2143/    1352 :                     ;
(1) 2144/    1352 :                     ; Prints a memory value
(1) 2145/    1352 :                     ;
(1) 2146/    1352 :                     ; Input:
(1) 2147/    1352 :                     ; a0   | Memory location to read
(1) 2148/    1352 :                     ; a1   | Type:
(1) 2149/    1352 :                     ;        	0 - Byte
(1) 2150/    1352 :                     ;        	1 - Word
(1) 2151/    1352 :                     ;        	2 - Longword but as a 24-bit address
(1) 2152/    1352 :                     ;        	3 - Full Longword
(1) 2153/    1352 :                     ;
(1) 2154/    1352 :                     ; d0.w | X position
(1) 2155/    1352 :                     ; d1.w | Y position
(1) 2156/    1352 :                     ; d2.w | Font VRAM location
(1) 2157/    1352 :                     ; d3.l | Screen width / Screen VRAM location:
(1) 2158/    1352 :                     ;        splitw(width,vram_out)
(1) 2159/    1352 :                     ;
(1) 2160/    1352 :                     ; * Font VRAM location
(1) 2161/    1352 :                     ; Default 8x8:  DEF_PrintVram
(1) 2162/    1352 :                     ; Default 8x16: DEF_PrintVramW
(1) 2163/    1352 :                     ;
(1) 2164/    1352 :                     ; * Screen VRAM
(1) 2165/    1352 :                     ; Foreground: DEF_VRAM_FG
(1) 2166/    1352 :                     ; Background: DEF_VRAM_BG
(1) 2167/    1352 :                     ; Window:     DEF_VRAM_WD
(1) 2168/    1352 :                     ;
(1) 2169/    1352 :                     ; * Screen Width
(1) 2170/    1352 :                     ; $040 (DEF_HSIZE_32)
(1) 2171/    1352 :                     ; $080 (DEF_HSIZE_64)
(1) 2172/    1352 :                     ; $100 (DEF_HSIZE_128)
(1) 2173/    1352 :                     ;
(1) 2174/    1352 :                     ; Notes:
(1) 2175/    1352 :                     ; - Initialize your graphics and VRAM location
(1) 2176/    1352 :                     ;   with Video_PrintInit
(1) 2177/    1352 :                     ; - Only Video_PrintW can be used in double-interlace
(1) 2178/    1352 :                     ;   mode.
(1) 2179/    1352 :                     ; --------------------------------------------------------
(1) 2180/    1352 :                     
(1) 2181/    1352 :                     Video_PrintVal:
(1) 2182/    1352 : 48E7 0F0E           		movem.l	d4-d7/a4-a6,-(sp)
(1) 2183/    1356 : 4DF9 00C0 0000      		lea	(vdp_data).l,a6
(1) 2184/    135C : 3E03                		move.w	d3,d7
(1) 2185/    135E : 3A00                		move.w	d0,d5
(1) 2186/    1360 : DA45                		add.w	d5,d5
(1) 2187/    1362 : 3801                		move.w	d1,d4
(1) 2188/    1364 : 4843                		swap	d3
(1) 2189/    1366 : C8C3                		mulu.w	d3,d4
(1) 2190/    1368 : DA44                		add.w	d4,d5
(1) 2191/    136A : DE45                		add.w	d5,d7
(1) 2192/    136C : 3C03                		move.w	d3,d6
(1) 2193/    136E : 4843                		swap	d3
(1) 2194/    1370 : 7A00                		moveq	#0,d5
(1) 2195/    1372 : 3A07                		move.w	d7,d5
(1) 2196/    1374 : 0247 3FFF           		andi.w	#$3FFF,d7
(1) 2197/    1378 : 8E7C 4000           		or.w	#$4000,d7
(1) 2198/    137C : E55D                		rol.w	#2,d5
(1) 2199/    137E : 0245 0003           		andi.w	#%11,d5
(1) 2200/    1382 : 4845                		swap	d5
(1) 2201/    1384 : 2A48                		move.l	a0,a5
(1) 2202/    1386 :                     .loop:
(1) 2203/    1386 : 3806                		move.w	d6,d4
(1) 2204/    1388 : 5344                		subq.w	#1,d4
(1) 2205/    138A : CA44                		and.w	d4,d5
(1) 2206/    138C :                     
(1) 2207/    138C : 3807                		move.w	d7,d4
(1) 2208/    138E : D845                		add.w	d5,d4
(1) 2209/    1390 : 4845                		swap	d5
(1) 2210/    1392 : 3D44 0004           		move.w	d4,4(a6)
(1) 2211/    1396 : 3D45 0004           		move.w	d5,4(a6)
(1) 2212/    139A : 4845                		swap	d5
(1) 2213/    139C :                     .q_loop:
(1) 2214/    139C : 2848                		move.l	a0,a4
(1) 2215/    139E : 3C09                		move.w	a1,d6
(1) 2216/    13A0 : 616E                		bsr	vid_PrintTVal
(1) 2217/    13A2 : 4CDF 70F0           		movem.l	(sp)+,d4-d7/a4-a6
(1) 2218/    13A6 : 4E75                		rts
(1) 2219/    13A8 :                     
(1) 2220/    13A8 :                     ; --------------------------------------------------------
(1) 2221/    13A8 :                     ; 8x16 version
(1) 2222/    13A8 :                     ; --------------------------------------------------------
(1) 2223/    13A8 :                     
(1) 2224/    13A8 :                     Video_PrintValW:
(1) 2225/    13A8 : 48E7 0F1E           		movem.l	d4-d7/a3-a6,-(sp)
(1) 2226/    13AC : 4DF9 00C0 0000      		lea	(vdp_data).l,a6
(1) 2227/    13B2 :                     ; 		move.w	(RAM_SetPrntVramW).w,d6
(1) 2228/    13B2 : 3C02                		move.w	d2,d6
(1) 2229/    13B4 : 0446 0040           		subi.w	#$20*2,d6
(1) 2230/    13B8 : 3A38 F0F6           		move.w	(RAM_VdpRegSetC).w,d5
(1) 2231/    13BC : 0805 0002           		btst	#2,d5
(1) 2232/    13C0 : 670E                		beq.s	.no_dble_y
(1) 2233/    13C2 : 3E06                		move.w	d6,d7
(1) 2234/    13C4 : 0247 F800           		andi.w	#$F800,d7
(1) 2235/    13C8 : 0246 07FF           		andi.w	#$7FF,d6
(1) 2236/    13CC : E24E                		lsr.w	#1,d6
(1) 2237/    13CE : 8C47                		or.w	d7,d6
(1) 2238/    13D0 :                     .no_dble_y:
(1) 2239/    13D0 : 4846                		swap	d6
(1) 2240/    13D2 : 3E03                		move.w	d3,d7
(1) 2241/    13D4 : 3A00                		move.w	d0,d5
(1) 2242/    13D6 : DA45                		add.w	d5,d5
(1) 2243/    13D8 : 3801                		move.w	d1,d4
(1) 2244/    13DA : 4843                		swap	d3
(1) 2245/    13DC : C8C3                		mulu.w	d3,d4
(1) 2246/    13DE : DA44                		add.w	d4,d5
(1) 2247/    13E0 : DE45                		add.w	d5,d7
(1) 2248/    13E2 : 3C03                		move.w	d3,d6
(1) 2249/    13E4 : 4843                		swap	d3
(1) 2250/    13E6 :                     
(1) 2251/    13E6 : 7A00                		moveq	#0,d5
(1) 2252/    13E8 : 3A07                		move.w	d7,d5
(1) 2253/    13EA : 0247 3FFF           		andi.w	#$3FFF,d7
(1) 2254/    13EE : 8E7C 4000           		or.w	#$4000,d7
(1) 2255/    13F2 : E55D                		rol.w	#2,d5
(1) 2256/    13F4 : 0245 0003           		andi.w	#%11,d5
(1) 2257/    13F8 : 4845                		swap	d5
(1) 2258/    13FA : 2A48                		move.l	a0,a5
(1) 2259/    13FC :                     	; d7 -      TEMP       | VDP write left
(1) 2260/    13FC :                     	; d6 -      TEMP       | Y next-line size
(1) 2261/    13FC :                     	; d5 - VDP write right | X current pos
(1) 2262/    13FC :                     	; d4 -                 | TEMP
(1) 2263/    13FC :                     .loop:
(1) 2264/    13FC : 3806                		move.w	d6,d4
(1) 2265/    13FE : 5344                		subq.w	#1,d4
(1) 2266/    1400 : CA44                		and.w	d4,d5
(1) 2267/    1402 : 2646                		move.l	d6,a3
(1) 2268/    1404 : 2848                		move.l	a0,a4
(1) 2269/    1406 : 3C09                		move.w	a1,d6
(1) 2270/    1408 : 6172                		bsr	vid_PrintTValW
(1) 2271/    140A : 4CDF 78F0           		movem.l	(sp)+,d4-d7/a3-a6
(1) 2272/    140E : 4E75                		rts
(1) 2273/    1410 :                     
(1) 2274/    1410 :                     ; ------------------------------------------------
(1) 2275/    1410 :                     ; a4 - Memory value
(1) 2276/    1410 :                     ; d6 - Type
(1) 2277/    1410 :                     
(1) 2278/    1410 :                     vid_PrintTVal:
(1) 2279/    1410 : 0246 0003           		andi.w	#%11,d6
(1) 2280/    1414 : 4847                		swap	d7
(1) 2281/    1416 : 3E3C 0000           		move.w	#1-1,d7
(1) 2282/    141A : BC3C 0003           		cmp.b	#$03,d6
(1) 2283/    141E : 6724                		beq.s	.show_long
(1) 2284/    1420 : BC3C 0002           		cmp.b	#$02,d6
(1) 2285/    1424 : 6716                		beq.s	.show_24
(1) 2286/    1426 : BC3C 0001           		cmp.b	#$01,d6
(1) 2287/    142A : 6708                		beq.s	.show_word
(1) 2288/    142C :                     .show_byte:
(1) 2289/    142C : 1814                		move.b	(a4),d4
(1) 2290/    142E : 4844                		swap	d4
(1) 2291/    1430 : E19C                		rol.l	#8,d4
(1) 2292/    1432 : 6014                		bra.s	.mk_value
(1) 2293/    1434 :                     .show_word:
(1) 2294/    1434 : 3814                		move.w	(a4),d4
(1) 2295/    1436 : 4844                		swap	d4
(1) 2296/    1438 : 5247                		addq.w	#1,d7
(1) 2297/    143A : 600C                		bra.s	.mk_value
(1) 2298/    143C :                     .show_24:
(1) 2299/    143C : 2814                		move.l	(a4),d4
(1) 2300/    143E : E19C                		rol.l	#8,d4
(1) 2301/    1440 : 5447                		addq.w	#2,d7
(1) 2302/    1442 : 6004                		bra.s	.mk_value
(1) 2303/    1444 :                     .show_long:
(1) 2304/    1444 : 2814                		move.l	(a4),d4
(1) 2305/    1446 : 5647                		addq.w	#3,d7
(1) 2306/    1448 :                     .mk_value:
(1) 2307/    1448 : E99C                		rol.l	#4,d4
(1) 2308/    144A : 610E                		bsr.s	.show_nibbl
(1) 2309/    144C : E99C                		rol.l	#4,d4
(1) 2310/    144E : 610A                		bsr.s	.show_nibbl
(1) 2311/    1450 : 51CF FFF6           		dbf	d7,.mk_value
(1) 2312/    1454 : 4846                		swap	d6
(1) 2313/    1456 : 4847                		swap	d7
(1) 2314/    1458 : 4E75                		rts
(1) 2315/    145A :                     .show_nibbl:
(1) 2316/    145A : 2846                		move.l	d6,a4
(1) 2317/    145C : 1C04                		move.b	d4,d6
(1) 2318/    145E : 0246 000F           		andi.w	#$0F,d6
(1) 2319/    1462 : 0C46 000A           		cmpi.w	#$0A,d6
(1) 2320/    1466 : 6502                		bcs.s	.hex_incr
(1) 2321/    1468 : 5E46                		addq.w	#7,d6
(1) 2322/    146A : DC7C 0030           .hex_incr:	add.w	#"0",d6
(1) 2323/    146E :                     ; 		add.w	(RAM_SetPrntVram).w,d6
(1) 2324/    146E : DC42                		add.w	d2,d6
(1) 2325/    1470 : 0446 0020           		subi.w	#$20,d6
(1) 2326/    1474 : 3C86                		move.w	d6,(a6)
(1) 2327/    1476 : 5445                		addq.w	#2,d5
(1) 2328/    1478 : 2C0C                		move.l	a4,d6
(1) 2329/    147A : 4E75                		rts
(1) 2330/    147C :                     
(1) 2331/    147C :                     ; ------------------------------------------------
(1) 2332/    147C :                     
(1) 2333/    147C :                     vid_PrintTValW:
(1) 2334/    147C : 0246 0003           		andi.w	#%11,d6
(1) 2335/    1480 : 4847                		swap	d7
(1) 2336/    1482 : 3E3C 0000           		move.w	#1-1,d7
(1) 2337/    1486 : BC3C 0003           		cmp.b	#$03,d6
(1) 2338/    148A : 6724                		beq.s	.show_long
(1) 2339/    148C : BC3C 0002           		cmp.b	#$02,d6
(1) 2340/    1490 : 6716                		beq.s	.show_24
(1) 2341/    1492 : BC3C 0001           		cmp.b	#$01,d6
(1) 2342/    1496 : 6708                		beq.s	.show_word
(1) 2343/    1498 :                     .show_byte:
(1) 2344/    1498 : 1814                		move.b	(a4),d4
(1) 2345/    149A : 4844                		swap	d4
(1) 2346/    149C : E19C                		rol.l	#8,d4
(1) 2347/    149E : 6014                		bra.s	.mk_value_in
(1) 2348/    14A0 :                     .show_word:
(1) 2349/    14A0 : 3814                		move.w	(a4),d4
(1) 2350/    14A2 : 4844                		swap	d4
(1) 2351/    14A4 : 5247                		addq.w	#1,d7
(1) 2352/    14A6 : 600C                		bra.s	.mk_value_in
(1) 2353/    14A8 :                     .show_24:
(1) 2354/    14A8 : 2814                		move.l	(a4),d4
(1) 2355/    14AA : E19C                		rol.l	#8,d4
(1) 2356/    14AC : 5447                		addq.w	#2,d7
(1) 2357/    14AE : 6004                		bra.s	.mk_value_in
(1) 2358/    14B0 :                     .show_long:
(1) 2359/    14B0 : 2814                		move.l	(a4),d4
(1) 2360/    14B2 : 5647                		addq.w	#3,d7
(1) 2361/    14B4 :                     .mk_value_in:
(1) 2362/    14B4 : 2C0B                		move.l	a3,d6
(1) 2363/    14B6 :                     
(1) 2364/    14B6 :                     
(1) 2365/    14B6 :                     	; d4 - value
(1) 2366/    14B6 : 4846                		swap	d6
(1) 2367/    14B8 :                     .mk_value:
(1) 2368/    14B8 : E99C                		rol.l	#4,d4
(1) 2369/    14BA : 610E                		bsr.s	.show_nibbl
(1) 2370/    14BC : E99C                		rol.l	#4,d4
(1) 2371/    14BE : 610A                		bsr.s	.show_nibbl
(1) 2372/    14C0 : 51CF FFF6           		dbf	d7,.mk_value
(1) 2373/    14C4 : 4846                		swap	d6
(1) 2374/    14C6 : 4847                		swap	d7
(1) 2375/    14C8 : 4E75                		rts
(1) 2376/    14CA :                     
(1) 2377/    14CA :                     	; d6 - Y next-line size | TEMP
(1) 2378/    14CA :                     .show_nibbl:
(1) 2379/    14CA : 2846                		move.l	d6,a4
(1) 2380/    14CC : 2644                		move.l	d4,a3
(1) 2381/    14CE : 3C38 F0F6           		move.w	(RAM_VdpRegSetC).w,d6
(1) 2382/    14D2 : 0806 0002           		btst	#2,d6
(1) 2383/    14D6 : 6730                		beq.s	.nibbl_norm
(1) 2384/    14D8 :                     
(1) 2385/    14D8 :                     	; TODO CHECAR ESTO
(1) 2386/    14D8 : 616C                		bsr.s	.get_preval
(1) 2387/    14DA : 0446 0020           		subi.w	#$20,d6
(1) 2388/    14DE : 4847                		swap	d7
(1) 2389/    14E0 :                     ; 		move.w	(RAM_SetPrntVramW).w,d4
(1) 2390/    14E0 : 3802                		move.w	d2,d4
(1) 2391/    14E2 : 0244 07FF           		andi.w	#$7FF,d4
(1) 2392/    14E6 : E24C                		lsr.w	#1,d4
(1) 2393/    14E8 : DC44                		add.w	d4,d6
(1) 2394/    14EA :                     ; 		move.w	(RAM_SetPrntVramW).w,d4
(1) 2395/    14EA : 3802                		move.w	d2,d4
(1) 2396/    14EC : 0244 F800           		andi.w	#$F800,d4
(1) 2397/    14F0 : 8C44                		or.w	d4,d6
(1) 2398/    14F2 : 3807                		move.w	d7,d4
(1) 2399/    14F4 : 4847                		swap	d7
(1) 2400/    14F6 : D845                		add.w	d5,d4
(1) 2401/    14F8 : 4845                		swap	d5
(1) 2402/    14FA : 3D44 0004           		move.w	d4,4(a6)
(1) 2403/    14FE : 3D45 0004           		move.w	d5,4(a6)
(1) 2404/    1502 : 4845                		swap	d5
(1) 2405/    1504 : 3C86                		move.w	d6,(a6)
(1) 2406/    1506 : 6036                		bra.s	.nibbl_cont
(1) 2407/    1508 :                     
(1) 2408/    1508 :                     .nibbl_norm:
(1) 2409/    1508 : 613C                		bsr.s	.get_preval
(1) 2410/    150A : 0446 0020           		subi.w	#$20,d6
(1) 2411/    150E : DC46                		add.w	d6,d6
(1) 2412/    1510 : DC42                		add.w	d2,d6
(1) 2413/    1512 : 4847                		swap	d7
(1) 2414/    1514 : 3807                		move.w	d7,d4
(1) 2415/    1516 : 4847                		swap	d7
(1) 2416/    1518 : D845                		add.w	d5,d4
(1) 2417/    151A : 4845                		swap	d5
(1) 2418/    151C : 3D44 0004           		move.w	d4,4(a6)
(1) 2419/    1520 : 3D45 0004           		move.w	d5,4(a6)
(1) 2420/    1524 : 4845                		swap	d5
(1) 2421/    1526 : 3C86                		move.w	d6,(a6)
(1) 2422/    1528 : 5246                		addq.w	#1,d6
(1) 2423/    152A : 4846                		swap	d6
(1) 2424/    152C : D846                		add.w	d6,d4
(1) 2425/    152E : 4846                		swap	d6
(1) 2426/    1530 : 4845                		swap	d5
(1) 2427/    1532 : 3D44 0004           		move.w	d4,4(a6)
(1) 2428/    1536 : 3D45 0004           		move.w	d5,4(a6)
(1) 2429/    153A : 4845                		swap	d5
(1) 2430/    153C : 3C86                		move.w	d6,(a6)
(1) 2431/    153E :                     .nibbl_cont:
(1) 2432/    153E : 5445                		addq.w	#2,d5
(1) 2433/    1540 : 2C0C                		move.l	a4,d6
(1) 2434/    1542 : 280B                		move.l	a3,d4
(1) 2435/    1544 : 4E75                		rts
(1) 2436/    1546 :                     
(1) 2437/    1546 :                     .get_preval:
(1) 2438/    1546 : 1C04                		move.b	d4,d6
(1) 2439/    1548 : 0246 000F           		andi.w	#$0F,d6
(1) 2440/    154C : 0C46 000A           		cmpi.w	#$0A,d6
(1) 2441/    1550 : 6502                		bcs.s	.hex_incr
(1) 2442/    1552 : 5E46                		addq.w	#7,d6
(1) 2443/    1554 :                     .hex_incr:
(1) 2444/    1554 : DC7C 0030           		add.w	#"0",d6
(1) 2445/    1558 : 4E75                		rts
(1) 2446/    155A :                     
(1) 2447/    155A :                     ; ====================================================================
(1) 2448/    155A :                     ; ----------------------------------------------------------------
(1) 2449/    155A :                     ; VDP Sprites
(1) 2450/    155A :                     ; ----------------------------------------------------------------
(1) 2451/    155A :                     
(1) 2452/    155A :                     ; --------------------------------------------------------
(1) 2453/    155A :                     ; Video_SetSpr, Video_MakeSpr
(1) 2454/    155A :                     ;
(1) 2455/    155A :                     ; Sets or Makes a VDP Sprite piece
(1) 2456/    155A :                     ;
(1) 2457/    155A :                     ; Input:
(1) 2458/    155A :                     ; a0   | Slot (0-80) for _SetSpr
(1) 2459/    155A :                     ; d0.w | X pos
(1) 2460/    155A :                     ; d1.w | Y pos
(1) 2461/    155A :                     ; d2.w | VRAM
(1) 2462/    155A :                     ; d3.w | Size
(1) 2463/    155A :                     ;
(1) 2464/    155A :                     ; Returns:
(1) 2465/    155A :                     ; bcc | OK
(1) 2466/    155A :                     ; bcs | Ran out of slots (not sprites)
(1) 2467/    155A :                     ; --------------------------------------------------------
(1) 2468/    155A :                     
(1) 2469/    155A :                     Video_SetSpr:
(1) 2470/    155A : 48E7 0302           		movem.l	d6-d7/a6,-(sp)
(1) 2471/    155E : 2E08                		move.l	a0,d7
(1) 2472/    1560 : 7C00                		moveq	#0,d6
(1) 2473/    1562 : 6020                		bra	vidMdSpr_MkSpr
(1) 2474/    1564 :                     Video_MakeSpr:
(1) 2475/    1564 : 48E7 0302           		movem.l	d6-d7/a6,-(sp)
(1) 2476/    1568 : 7E00                		moveq	#0,d7
(1) 2477/    156A : 4DF8 EC50           		lea	(RAM_SprPzList).w,a6
(1) 2478/    156E : 7C4F                		moveq	#80-1,d6
(1) 2479/    1570 :                     .chk_free:
(1) 2480/    1570 : 0816 0007           		btst	#7,(a6)
(1) 2481/    1574 : 670C                		beq.s	.mk_spr
(1) 2482/    1576 : 5247                		addq.w	#1,d7
(1) 2483/    1578 : DCFC 0008           		adda	#8,a6
(1) 2484/    157C : 51CE FFF2           		dbf	d6,.chk_free
(1) 2485/    1580 : 605C                		bra.s	vidMd_CError
(1) 2486/    1582 :                     .mk_spr:
(1) 2487/    1582 : 7C40                		moveq	#$40,d6
(1) 2488/    1584 :                     vidMdSpr_MkSpr:
(1) 2489/    1584 : 0287 0000 00FF      		andi.l	#$FF,d7
(1) 2490/    158A : BE7C 0050           		cmp.w	#80,d7
(1) 2491/    158E : 6C4E                		bge.s	vidMd_CError
(1) 2492/    1590 : E74F                		lsl.w	#3,d7
(1) 2493/    1592 : 0687 FFFF EC50      		addi.l	#RAM_SprPzList,d7
(1) 2494/    1598 : 2C47                		move.l	d7,a6
(1) 2495/    159A : 4846                		swap	d6
(1) 2496/    159C : 3E01                		move.w	d1,d7			; Y pos
(1) 2497/    159E : 0647 0080           		addi.w	#$80,d7			; +$80
(1) 2498/    15A2 : 0838 0002 F0F7      		btst	#2,(RAM_VdpRegSetC+1).w
(1) 2499/    15A8 : 6704                		beq.s	.dont_add
(1) 2500/    15AA : 0647 0080           		addi.w	#$80,d7
(1) 2501/    15AE :                     .dont_add:
(1) 2502/    15AE : 0247 03FF           		andi.w	#$3FF,d7
(1) 2503/    15B2 : 3C03                		move.w	d3,d6
(1) 2504/    15B4 : 0246 000F           		andi.w	#%1111,d6
(1) 2505/    15B8 : E14E                		lsl.w	#8,d6
(1) 2506/    15BA : E54E                		lsl.w	#2,d6
(1) 2507/    15BC : 8E46                		or.w	d6,d7			; %00ssssyyyyyyyyyy
(1) 2508/    15BE : 4846                		swap	d6
(1) 2509/    15C0 : E14E                		lsl.w	#8,d6
(1) 2510/    15C2 : 8E7C 8000           		or.w	#$8000,d7
(1) 2511/    15C6 : 8E46                		or.w	d6,d7
(1) 2512/    15C8 : 3CC7                		move.w	d7,(a6)+
(1) 2513/    15CA : 3E00                		move.w	d0,d7
(1) 2514/    15CC : 0647 0080           		addi.w	#$80,d7
(1) 2515/    15D0 : 3CC7                		move.w	d7,(a6)+
(1) 2516/    15D2 : 3CC2                		move.w	d2,(a6)+
(1) 2517/    15D4 : 4CDF 40C0           		movem.l	(sp)+,d6-d7/a6
(1) 2518/    15D8 : 023C 001E           		and	#%11110,ccr		; Return OK
(1) 2519/    15DC : 4E75                		rts
(1) 2520/    15DE :                     ; Carry error
(1) 2521/    15DE :                     vidMd_CError:
(1) 2522/    15DE : 4CDF 40C0           		movem.l	(sp)+,d6-d7/a6
(1) 2523/    15E2 : 003C 0001           		or	#1,ccr			; Return Error
(1) 2524/    15E6 :                     vidMd_CFreeze:
(1) 2525/    15E6 : 4E75                		rts
(1) 2526/    15E8 :                     
(1) 2527/    15E8 :                     ; --------------------------------------------------------
(1) 2528/    15E8 :                     ; Video_SetSprMap, Video_MakeSprMap
(1) 2529/    15E8 :                     ; Video_SetSprMap_DMA, Video_MakeSprMap_DMA
(1) 2530/    15E8 :                     ;
(1) 2531/    15E8 :                     ; Sets or Makes a VDP Sprite with map data
(1) 2532/    15E8 :                     ;
(1) 2533/    15E8 :                     ; Input:
(1) 2534/    15E8 :                     ; a0   | Slot (0-80) for _SetSprMap/_SetSprMap_DMA
(1) 2535/    15E8 :                     ; a1   | Map data
(1) 2536/    15E8 :                     ; a2   | PLC data (_DMA/_DMA_Auto ONLY)
(1) 2537/    15E8 :                     ; a3   | Graphics data (_DMA/_DMA_Auto ONLY)
(1) 2538/    15E8 :                     ; d0.w | X position
(1) 2539/    15E8 :                     ; d1.w | Y position
(1) 2540/    15E8 :                     ; d2.w | VRAM output location
(1) 2541/    15E8 :                     ;        For _DMA_Auto: VRAM's attribute bits,
(1) 2542/    15E8 :                     ;        cell vram is ignored.
(1) 2543/    15E8 :                     ; d3.w | Frame number
(1) 2544/    15E8 :                     ;
(1) 2545/    15E8 :                     ; Returns:
(1) 2546/    15E8 :                     ; bcc | OK
(1) 2547/    15E8 :                     ; bcs | Ran out of slots (not sprites)
(1) 2548/    15E8 :                     ; --------------------------------------------------------
(1) 2549/    15E8 :                     
(1) 2550/    15E8 :                     Video_SetSprMap_DMA:
(1) 2551/    15E8 : 48E7 F0E0           		movem.l	d0-d3/a0-a2,-(sp)
(1) 2552/    15EC : 6104                		bsr	Video_SetSprMap
(1) 2553/    15EE : 651E                		bcs.s	vid_MkDmaCarry
(1) 2554/    15F0 : 6012                		bra	vid_MkDmaNext
(1) 2555/    15F2 :                     Video_SetSprMap:
(1) 2556/    15F2 : 48E7 0302           		movem.l	d6-d7/a6,-(sp)
(1) 2557/    15F6 : 2E08                		move.l	a0,d7
(1) 2558/    15F8 : 7C00                		moveq	#0,d6
(1) 2559/    15FA : 6036                		bra	vidMdSpr_MkSprMap
(1) 2560/    15FC :                     Video_MakeSprMap_DMA:
(1) 2561/    15FC : 48E7 F0E0           		movem.l	d0-d3/a0-a2,-(sp)
(1) 2562/    1600 : 6112                		bsr	Video_MakeSprMap
(1) 2563/    1602 : 650A                		bcs.s	vid_MkDmaCarry
(1) 2564/    1604 :                     vid_MkDmaNext:
(1) 2565/    1604 : 204A                		move.l	a2,a0			; Redirect these regs
(1) 2566/    1606 : 224B                		move.l	a3,a1
(1) 2567/    1608 : 3003                		move.w	d3,d0
(1) 2568/    160A : 3202                		move.w	d2,d1
(1) 2569/    160C : 6160                		bsr	vid_MkMapDma
(1) 2570/    160E :                     vid_MkDmaCarry:
(1) 2571/    160E : 4CDF 070F           		movem.l	(sp)+,d0-d3/a0-a2
(1) 2572/    1612 : 4E75                		rts
(1) 2573/    1614 :                     
(1) 2574/    1614 :                     Video_MakeSprMap:
(1) 2575/    1614 : 48E7 0302           		movem.l	d6-d7/a6,-(sp)
(1) 2576/    1618 : 7E00                		moveq	#0,d7
(1) 2577/    161A : 4DF8 EAD0           		lea	(RAM_SprMapList).w,a6
(1) 2578/    161E : 7C17                		moveq	#MAX_MDMAPSPR-1,d6
(1) 2579/    1620 :                     .chk_free:
(1) 2580/    1620 : 4A16                		tst.b	(a6)
(1) 2581/    1622 : 670C                		beq.s	.mk_spr
(1) 2582/    1624 : 5247                		addq.w	#1,d7
(1) 2583/    1626 : DCFC 0010           		adda	#$10,a6
(1) 2584/    162A : 51CE FFF4           		dbf	d6,.chk_free
(1) 2585/    162E : 60AE                		bra	vidMd_CError
(1) 2586/    1630 :                     .mk_spr:
(1) 2587/    1630 : 7C40                		moveq	#$40,d6
(1) 2588/    1632 :                     vidMdSpr_MkSprMap:
(1) 2589/    1632 : 0287 0000 00FF      		andi.l	#$FF,d7
(1) 2590/    1638 : BE7C 0018           		cmp.w	#MAX_MDMAPSPR,d7
(1) 2591/    163C : 6CA0                		bge	vidMd_CError
(1) 2592/    163E : E98F                		lsl.l	#4,d7
(1) 2593/    1640 : 0687 FFFF EAD0      		addi.l	#RAM_SprMapList,d7
(1) 2594/    1646 : 2C47                		move.l	d7,a6
(1) 2595/    1648 : 2E09                		move.l	a1,d7
(1) 2596/    164A : 8C7C 0080           		or.w	#$80,d6
(1) 2597/    164E : 4846                		swap	d6
(1) 2598/    1650 : E18E                		lsl.l	#8,d6
(1) 2599/    1652 : CEBC 00FF FFFF      		and.l	#$FFFFFF,d7
(1) 2600/    1658 : 8E86                		or.l	d6,d7
(1) 2601/    165A : 2CC7                		move.l	d7,(a6)+		; $00 - Map data
(1) 2602/    165C : 3CC3                		move.w	d3,(a6)+		; $04 - Frame
(1) 2603/    165E : 3CC2                		move.w	d2,(a6)+		; $06 - VRAM
(1) 2604/    1660 : 3CC0                		move.w	d0,(a6)+		; $08 - X pos
(1) 2605/    1662 : 3CC1                		move.w	d1,(a6)+		; $0A - Y pos
(1) 2606/    1664 : 4CDF 40C0           		movem.l	(sp)+,d6-d7/a6
(1) 2607/    1668 : 023C 001E           		and	#%11110,ccr		; Return OK
(1) 2608/    166C : 4E75                		rts
(1) 2609/    166E :                     
(1) 2610/    166E :                     ; --------------------------------------------------------
(1) 2611/    166E :                     ; Input:
(1) 2612/    166E :                     ; a0   | DMA map data
(1) 2613/    166E :                     ; a1   | Graphics data
(1) 2614/    166E :                     ; d0.w | Current frame in DMA list
(1) 2615/    166E :                     ; d1.w | VRAM position
(1) 2616/    166E :                     ;
(1) 2617/    166E :                     ; USES:
(1) 2618/    166E :                     ; a6
(1) 2619/    166E :                     vid_MkMapDma:
(1) 2620/    166E : 48E7 0F02           		movem.l	d4-d7/a6,-(sp)		; SAVE a6
(1) 2621/    1672 : 7800                		moveq	#0,d4
(1) 2622/    1674 : 0240 00FF           		andi.w	#$FF,d0
(1) 2623/    1678 : D040                 		add.w	d0,d0
(1) 2624/    167A : 3830 0000           		move.w	(a0,d0.w),d4
(1) 2625/    167E : D0C4                 		adda	d4,a0
(1) 2626/    1680 : 3818                 		move.w	(a0)+,d4
(1) 2627/    1682 : 6734                 		beq.s	.no_dma			; If no valid entries, exit.
(1) 2628/    1684 : 6B32                 		bmi.s	.no_dma
(1) 2629/    1686 : 5344                 		subq.w	#1,d4
(1) 2630/    1688 : 0241 07FF           		andi.w	#$07FF,d1
(1) 2631/    168C : EB49                		lsl.w	#5,d1
(1) 2632/    168E :                     .next_pz:
(1) 2633/    168E : 4844                		swap	d4
(1) 2634/    1690 : 3818                		move.w	(a0)+,d4
(1) 2635/    1692 : 3404                		move.w	d4,d2
(1) 2636/    1694 : EE4A                		lsr.w	#7,d2
(1) 2637/    1696 : 0242 01E0           		andi.w	#$1E0,d2
(1) 2638/    169A : D47C 0020           		add.w	#$20,d2
(1) 2639/    169E : 7000                		moveq	#0,d0
(1) 2640/    16A0 : 3004                		move.w	d4,d0
(1) 2641/    16A2 : 0240 0FFF           		andi.w	#$FFF,d0
(1) 2642/    16A6 : EB48                		lsl.w	#5,d0
(1) 2643/    16A8 : D089                		add.l	a1,d0
(1) 2644/    16AA : 6100 F666           		bsr	Video_MakeDmaEntry
(1) 2645/    16AE : D242                		add.w	d2,d1
(1) 2646/    16B0 : 4844                		swap	d4
(1) 2647/    16B2 : 51CC FFDA           		dbf	d4,.next_pz
(1) 2648/    16B6 : EA49                		lsr.w	#5,d1			; Get d1 back
(1) 2649/    16B8 :                     .no_dma:
(1) 2650/    16B8 : 4CDF 40F0           		movem.l	(sp)+,d4-d7/a6		; Restore a6
(1) 2651/    16BC : 4E75                		rts
(1) 2652/    16BE :                     
(1) 2653/    16BE :                     ; ====================================================================
(1) 2654/    16BE :                     ; ----------------------------------------------------------------
(1) 2655/    16BE :                     ; Video routines for SEGA CD
(1) 2656/    16BE :                     ; ----------------------------------------------------------------
(1) 2657/    16BE :                     
(1) 3193/    16BE :                     
(1) 3194/    16BE :                     ; ====================================================================
(1) 3195/    16BE :                     ; ----------------------------------------------------------------
(1) 3196/    16BE :                     ; Video routines for 32X
(1) 3197/    16BE :                     ; ----------------------------------------------------------------
(1) 3198/    16BE :                     
(1) 3933/    16BE :                     
     182/    16BE :                     		include	"nikona/md/system.asm"
(1)    1/    16BE :                     ; ===========================================================================
(1)    2/    16BE :                     ; ----------------------------------------------------------------
(1)    3/    16BE :                     ; Genesis system routines
(1)    4/    16BE :                     ;
(1)    5/    16BE :                     ; including SCD, 32X and PICO.
(1)    6/    16BE :                     ; ----------------------------------------------------------------
(1)    7/    16BE :                     
(1)    8/    16BE :                     ; ====================================================================
(1)    9/    16BE :                     ; --------------------------------------------------------
(1)   10/    16BE :                     ; Settings
(1)   11/    16BE :                     ; --------------------------------------------------------
(1)   12/    16BE :                     
(1)   13/    16BE : ="SAVE"              TAG_SRAMDATA		equ "SAVE"	; 4-letter savefile id
(1)   14/    16BE :                     
(1)   15/    16BE :                     ; ===================================================================
(1)   16/    16BE :                     ; --------------------------------------------------------
(1)   17/    16BE :                     ; Variables
(1)   18/    16BE :                     ; --------------------------------------------------------
(1)   19/    16BE :                     
(1)   20/    16BE :                     ; ------------------------------------------------
(1)   21/    16BE :                     ; Controller buffer data
(1)   22/    16BE :                     ;
(1)   23/    16BE :                     ; MUST call System_Input during VBlank
(1)   24/    16BE :                     ; ------------------------------------------------
(1)   25/    16BE :                     
(1)   26/    16BE :                     ; ------------------------------------------------
(1)   27/    16BE :                     ; pad_id
(1)   28/    16BE :                     ;
(1)   29/    16BE :                     ; JoyID_MD:
(1)   30/    16BE :                     ; Read pad_ver separately to check if controller
(1)   31/    16BE :                     ; is 3button(0) or 6button(1)
(1)   32/    16BE :                     ; ------------------------------------------------
(1)   33/    16BE :                     
(1)   34/    16BE :                     ;!@
(1)   35/    16BE : =$5                  JoyCount		equ	$05		;!@ Number of controller ports
(1)   36/    16BE : =$3                  JoyID_Mouse		equ $03
(1)   37/    16BE : =$D                  JoyID_MD		equ $0D
(1)   38/    16BE : =$F                  JoyID_MS		equ $0F		; <-- Same ID for no controller
(1)   39/    16BE :                     
(1)   40/    16BE :                     ; ------------------------------------------------
(1)   41/    16BE :                     ; Genesis controller
(1)   42/    16BE :                     ; ------------------------------------------------
(1)   43/    16BE :                     
(1)   44/    16BE : =$1                  JoyUp			equ $0001
(1)   45/    16BE : =$2                  JoyDown			equ $0002
(1)   46/    16BE : =$4                  JoyLeft			equ $0004
(1)   47/    16BE : =$8                  JoyRight		equ $0008
(1)   48/    16BE : =$10                 JoyB			equ $0010
(1)   49/    16BE : =$20                 JoyC			equ $0020
(1)   50/    16BE : =$40                 JoyA			equ $0040
(1)   51/    16BE : =$80                 JoyStart		equ $0080
(1)   52/    16BE : =$100                JoyZ			equ $0100
(1)   53/    16BE : =$200                JoyY			equ $0200
(1)   54/    16BE : =$400                JoyX			equ $0400
(1)   55/    16BE : =$800                JoyMode			equ $0800
(1)   56/    16BE : =$0                  bitJoyUp		equ 0
(1)   57/    16BE : =$1                  bitJoyDown		equ 1
(1)   58/    16BE : =$2                  bitJoyLeft		equ 2
(1)   59/    16BE : =$3                  bitJoyRight		equ 3
(1)   60/    16BE : =$4                  bitJoyB			equ 4
(1)   61/    16BE : =$5                  bitJoyC			equ 5
(1)   62/    16BE : =$6                  bitJoyA			equ 6
(1)   63/    16BE : =$7                  bitJoyStart		equ 7
(1)   64/    16BE : =$8                  bitJoyZ			equ 8
(1)   65/    16BE : =$9                  bitJoyY			equ 9
(1)   66/    16BE : =$A                  bitJoyX			equ 10
(1)   67/    16BE : =$B                  bitJoyMode		equ 11
(1)   68/    16BE :                     
(1)   69/    16BE :                     ; ------------------------------------------------
(1)   70/    16BE :                     ; Mega Mouse
(1)   71/    16BE :                     ;
(1)   72/    16BE :                     ; pad_x and pad_y are speed increment values,
(1)   73/    16BE :                     ; NOT screen position.
(1)   74/    16BE :                     ; ------------------------------------------------
(1)   75/    16BE :                     
(1)   76/    16BE : =$1                  ClickR			equ $0001
(1)   77/    16BE : =$2                  ClickL			equ $0002
(1)   78/    16BE : =$4                  ClickM			equ $0004	; US MOUSE ONLY
(1)   79/    16BE : =$8                  ClickS			equ $0008	; (Untested)
(1)   80/    16BE : =$0                  bitClickL		equ 0
(1)   81/    16BE : =$1                  bitClickR		equ 1
(1)   82/    16BE : =$2                  bitClickM		equ 2
(1)   83/    16BE : =$3                  bitClickS		equ 3
(1)   84/    16BE :                     
(1)   85/    16BE :                     ; ------------------------------------------------
(1)   86/    16BE :                     ; Sega PICO
(1)   87/    16BE :                     ; Directons U/D/L/R use the same bits as Genesis.
(1)   88/    16BE :                     ;
(1)   89/    16BE :                     ; For reading the pen use pad_x and pad_y
(1)   90/    16BE :                     ; pad_y:
(1)   91/    16BE :                     ; $0000-$00EF - Tablet area
(1)   92/    16BE :                     ; $0100-$01EF - Storyware area
(1)   93/    16BE :                     ; ------------------------------------------------
(1)   94/    16BE :                     
(1)   95/    16BE : =$10                 JoyRED			equ $0010
(1)   96/    16BE : =$80                 JoyPEN			equ $0080
(1)   97/    16BE : =$4                  bitJoyRED		equ 4
(1)   98/    16BE : =$7                  bitJoyPEN		equ 7
(1)   99/    16BE :                     
(1)  100/    16BE :                     ; ====================================================================
(1)  101/    16BE :                     ; ----------------------------------------------------------------
(1)  102/    16BE :                     ; Structs
(1)  103/    16BE :                     ; ----------------------------------------------------------------
(1)  104/    16BE :                     
(1)  105/    16BE :                     ; ------------------------------------------------
(1)  106/    16BE :                     ; RAM_InputData
(1)  107/    16BE :                     ; ------------------------------------------------
(1)  108/    16BE :                     
(1)  109/       0 :                     pad			struct
(1)  110/       0 :                     id			ds.b 1		; Controller ID
(1)  111/       1 :                     ver			ds.b 1		; Controller type/revision
(1)  112/       2 :                     hold		ds.w 1		; HOLD bits
(1)  113/       4 :                     press		ds.w 1		; PRESSED bits
(1)  114/       6 :                     release		ds.w 1		; RELEASED bits
(1)  115/       8 :                     x			ds.w 1		; Mouse/Pen X speed
(1)  116/       A :                     y			ds.w 1		; Mouse/Pen Y speed
(1)  117/       C :                     page		ds.w 1		; PICO page
(1)  118/       E :                     pageRaw		ds.w 1		; PICO page (raw, all bits)
(1)  119/      10 :                     ext			ds.w 1
(1)  120/      12 :                     port		ds.l 1		;!@ MMIO addr for the controller port
(1)  121/      16 :                     ; pad_len		ds.l 0
(1)  122/    16BE : =$16                 			endstruct
(1)  123/    16BE :                     
(1)  124/    16BE :                     ; ------------------------------------------------
(1)  125/    16BE :                     ; The object's memory
(1)  126/    16BE :                     ; ------------------------------------------------
(1)  127/    16BE :                     
(1)  128/       0 :                     obj			struct
(1)  129/       0 :                     code			ds.l 1		; Object code, If 0 == blank slot
(1)  130/       4 :                     x			ds.l 1		; Object X Position $xxxx.0000
(1)  131/       8 :                     y			ds.l 1		; Object Y Position $yyyy.0000
(1)  132/       C :                     z			ds.l 1		; Object Z Position $zzzz.0000 (3D ONLY)
(1)  133/      10 :                     size_x			ds.w 1		; Object size Left/Right $llrr
(1)  134/      12 :                     size_y			ds.w 1		; Object size Up/Down $uudd
(1)  135/      14 :                     size_z			ds.w 1		; Object size Zback/Zfront $bbff starting from object's X/Y pointer in 10mm's (3D ONLY)
(1)  136/      16 :                     x_spd			ds.w 1		; Object X Speed $xx.00 (object_Speed)
(1)  137/      18 :                     y_spd			ds.w 1		; Object Y Speed $yy.00 ''
(1)  138/      1A :                     z_spd			ds.w 1		; Object Z Speed $zz.00 '' (3D ONLY)
(1)  139/      1C :                     index			ds.b 1		; Object current code index, mostly for init(0) and main(1)
(1)  140/      1D :                     subid			ds.b 1		; Object Sub-ID for custom placement settings
(1)  141/      1E :                     status			ds.b 1		; General purpose USER status: Falling, Floating, etc.
(1)  142/      1F :                     attr			ds.b 1		; Quick attribute bits for VRAM (depending of the type)
(1)  143/      20 :                     					; ** object_Animate ONLY:
(1)  144/      20 :                     frame			ds.w 1		; ** Current frame, object_Animate outputs here
(1)  145/      22 :                     anim_num		ds.w 1		; ** Animation number to use
(1)  146/      24 :                     anim_indx		ds.w 1		; ** Animation script index
(1)  147/      26 :                     anim_icur		ds.b 1		; ** Current animation id
(1)  148/      27 :                     anim_spd		ds.b 1		; ** Animation delay set on animation script
(1)  149/      28 :                     ram			ds.b $40	; Object's own RAM
(1)  150/      68 :                     ; obj_len		ds.l 0
(1)  151/    16BE : =$68                 			endstruct
(1)  152/    16BE :                     
(1)  153/    16BE :                     ; ====================================================================
(1)  154/    16BE :                     ; ----------------------------------------------------------------
(1)  155/    16BE :                     ; RAM section
(1)  156/    16BE :                     ; ----------------------------------------------------------------
(1)  157/    16BE :                     
(1)  158/    16BE : (MACRO)              			memory RAM_MdSystem
(1)  158/    16BE : =$16BE               GLBL_LASTPC     := *
(1)  158/    16BE :                                     dephase
(1)  158/FFFFFFFFFFFFF0F8 :                                     phase RAM_MDSYSTEM
(1)  158/FFFFFFFFFFFFF0F8 : =$FFFFFFFFFFFFF0F8   GLBL_LASTORG    := *
(1)  159/FFFFFFFFFFFFF0F8 :                     ;!@ RAM_InputData		ds.b pad_len*4		; Input data section
(1)  160/FFFFFFFFFFFFF0F8 :                     RAM_InputData		ds.b pad_len*JoyCount	; Input data section
(1)  161/FFFFFFFFFFFFF166 :                     RAM_SysRandVal		ds.l 1			; Random value
(1)  162/FFFFFFFFFFFFF16A :                     RAM_SysRandom		ds.l 1			; Randomness seed
(1)  163/FFFFFFFFFFFFF16E :                     RAM_SysLastBank		ds.l 1			; Last bank loaded
(1)  164/FFFFFFFFFFFFF172 :                     RAM_CurrObjList		ds.l 1			; Current pointer to objects
(1)  165/FFFFFFFFFFFFF176 :                     RAM_VBlankJump		ds.w 3			; VBlank jump (JMP xxxx xxxx)
(1)  166/FFFFFFFFFFFFF17C :                     RAM_HBlankJump		ds.w 3			; HBlank jump (JMP xxxx xxxx)
(1)  167/FFFFFFFFFFFFF182 :                     RAM_ExternalJump	ds.w 3			; External jump (JMP xxxx xxxx)
(1)  168/FFFFFFFFFFFFF188 :                     RAM_SaveEnable		ds.w 1			; Flag to enable SAVE data
(1)  169/FFFFFFFFFFFFF18A :                     RAM_ScreenMode		ds.w 1			; Current screen number
(1)  170/FFFFFFFFFFFFF18C :                     RAM_ScreenOption	ds.w 1			; Current screen setting (OPTIONAL)
(1)  171/FFFFFFFFFFFFF18E :                     RAM_CurrObjNum		ds.w 1
(1)  172/FFFFFFFFFFFFF190 :                     sizeof_mdsys		ds.l 0
(1)  173/FFFFFFFFFFFFF194 : (MACRO)              			endmemory
(1)  173/    175A :                     .here:          dephase
(1)  173/    175A :                                     ds.b -(.here-GLBL_LASTORG)
(1)  173/    16BE :                                     phase GLBL_LASTPC
(1)  174/    16BE :                     
(1)  175/    16BE :                     ; ====================================================================
(1)  176/    16BE :                     ; ----------------------------------------------------------------
(1)  177/    16BE :                     ; Label aliases
(1)  178/    16BE :                     ; ----------------------------------------------------------------
(1)  179/    16BE :                     
(1)  180/    16BE : =$FFFFFFFFFFFFF0F8   Controller_1		equ RAM_InputData
(1)  181/    16BE : =$FFFFFFFFFFFFF10E   Controller_2		equ RAM_InputData+pad_len
(1)  182/    16BE : =$FFFFFFFFFFFFF124   Controller_3		equ RAM_InputData+pad_len*2
(1)  183/    16BE : =$FFFFFFFFFFFFF13A   Controller_4		equ RAM_InputData+pad_len*3
(1)  184/    16BE : =$FFFFFFFFFFFFF150   Controller_5		equ RAM_InputData+pad_len*4	;!@
(1)  185/    16BE :                     
(1)  186/    16BE :                     ; ====================================================================
(1)  187/    16BE :                     ; --------------------------------------------------------
(1)  188/    16BE :                     ; Init System
(1)  189/    16BE :                     ; 
(1)  190/    16BE :                     ; Uses:
(1)  191/    16BE :                     ; a0-a2,d0-d1
(1)  192/    16BE :                     ; --------------------------------------------------------
(1)  193/    16BE :                     
(1)  194/    16BE :                     System_Init:
(1)  195/    16BE : 007C 0700           		or.w	#$0700,sr
(1)  196/    16C2 :                     	;!@
(1)  198/    16C2 : 33FC 0100 00A1      		move.w	#$0100,(z80_bus).l	; Stop Z80
             16C8 : 1100             
(1)  199/    16CA :                     .wait:
(1)  200/    16CA : 0839 0000 00A1      		btst	#0,(z80_bus).l		; Wait Z80
             16D0 : 1100             
(1)  201/    16D2 : 66F6                		bne.s	.wait
(1)  202/    16D4 :                     	;!@
(1)  204/    16D4 :                     		
(1)  205/    16D4 : 7040                		moveq	#%01000000,d0		; Init ports, TH=1
(1)  206/    16D6 :                     	;!@ 
(1)  208/    16D6 : 13C0 0080 0017      		move.b	d0,(pico_port_1_ctrl).l
(1)  210/    16DC :                     		
(1)  211/    16DC :                     	;!@ ???
(1)  213/    16DC : 13C0 00A1 0009      		move.b	d0,(sys_ctrl_1).l	; Controller 1
(1)  214/    16E2 : 13C0 00A1 000B      		move.b	d0,(sys_ctrl_2).l	; Controller 2
(1)  215/    16E8 : 13C0 00A1 000D      		move.b	d0,(sys_ctrl_3).l	; Modem
(1)  217/    16EE :                     		
(1)  218/    16EE :                     	;!@
(1)  220/    16EE : 33FC 0000 00A1      		move.w	#0,(z80_bus).l		; Enable Z80
             16F4 : 1100             
(1)  222/    16F6 :                     	
(1)  223/    16F6 : 303C 4EF9           		move.w	#$4EF9,d0		; JMP opcode
(1)  224/    16FA : 31C0 F176            		move.w	d0,(RAM_VBlankJump).w
(1)  225/    16FE : 31C0 F17C           		move.w	d0,(RAM_HBlankJump).w
(1)  226/    1702 : 31C0 F182           		move.w	d0,(RAM_ExternalJump).w
(1)  227/    1706 : 203C 0000 1A5A      		move.l	#VInt_Default,d0	; Set default interrupt jumps
(1)  228/    170C : 223C 0000 1A5A      		move.l	#HInt_Default,d1
(1)  229/    1712 : 243C 0000 1A5A      		move.l	#ExtInt_Default,d2
(1)  230/    1718 : 6100 055C           		bsr	System_SetIntJumps
(1)  231/    171C : 41F8 F0F8           		lea	(RAM_InputData).w,a0	; Clear input data buffer
(1)  232/    1720 : 323C 000A           		move.w	#(pad_len/2)-1,d1
(1)  233/    1724 : 7000                		moveq	#0,d0
(1)  234/    1726 : 23C0 FFFF F16E      		move.l	d0,(RAM_SysLastBank).l
(1)  235/    172C :                     .clrinput:
(1)  236/    172C : 30C0                		move.w	d0,(a0)+
(1)  237/    172E : 51C9 FFFC           		dbf	d1,.clrinput
(1)  239/    1732 : 6100 02F8           		bsr	System_SramInit		; Init/Load SRAM
(1)  241/    1736 : 027C F8FF           		andi.w	#$F8FF,sr
(1)  242/    173A :                     		
(1)  243/    173A :                     		;!@ Initialize controller port data addresses
(1)  244/    173A : 4EB9 0000 1794      		jsr	(System_Input_Init).l
(1)  245/    1740 : 4E75                		rts
(1)  246/    1742 :                     
(1)  247/    1742 :                     ; ====================================================================
(1)  248/    1742 :                     ; --------------------------------------------------------
(1)  249/    1742 :                     ; System_Render
(1)  250/    1742 :                     ;
(1)  251/    1742 :                     ; This will:
(1)  252/    1742 :                     ; - Drop a frame if we got late on VBlank
(1)  253/    1742 :                     ; - Process Palette fading buffers
(1)  254/    1742 :                     ;   (Video_MdMars_RunFade: CPU-INTENSIVE IF PROCESSING
(1)  255/    1742 :                     ;   BOTH VDP AND 32X SVDP Palettes)
(1)  256/    1742 :                     ; - Check the sound driver for any changes/requests
(1)  257/    1742 :                     ;   from Z80 (Sound_Update, several times)
(1)  258/    1742 :                     ; - 32X/CD32X only: Update the "DREQ RAM" section
(1)  259/    1742 :                     ;   to the SH2 using DREQ FIFO (System_MdMars_Update)
(1)  260/    1742 :                     ;
(1)  261/    1742 :                     ; Then during VBlank:
(1)  262/    1742 :                     ; - Read the Input data (System_Input)
(1)  263/    1742 :                     ; - Transfer the VDP Palette, Sprites and Scroll
(1)  264/    1742 :                     ;   from from RAM to VDP and process the DMA BLAST list.
(1)  265/    1742 :                     ;   (Video_Render)
(1)  266/    1742 :                     ;
(1)  267/    1742 :                     ; Notes:
(1)  268/    1742 :                     ; - This exits INSIDE VBlank
(1)  269/    1742 :                     ; - If VDP Display is disabled all of this
(1)  270/    1742 :                     ;   will be skipped.
(1)  271/    1742 :                     ; --------------------------------------------------------
(1)  272/    1742 :                     
(1)  273/    1742 :                     System_Render:
(1)  274/    1742 : 3E38 F0F2           		move.w	(RAM_VdpRegSet1).w,d7
(1)  275/    1746 : 0807 0006           		btst	#bitDispEnbl,d7
(1)  276/    174A : 671C                		beq	.forgot_disp
(1)  277/    174C : 6100 F7EE           		bsr	Video_RunFade			; Process VDP palette fade
(1)  278/    1750 :                     .wait_early:
(1)  279/    1750 : 613E                		bsr	Sound_Update			; Update sound on wait
(1)  280/    1752 : 3E39 00C0 0004      		move.w	(vdp_ctrl).l,d7
(1)  281/    1758 : 0807 0003           		btst	#bitVBlk,d7
(1)  282/    175C : 66F2                		bne.s	.wait_early
(1)  283/    175E :                     	; ----------------------------------------
(1)  284/    175E :                     	; 32X/CD32X
(1)  314/    175E :                     ; ----------------------------------------
(1)  315/    175E : 610A                		bsr	.wait_vblank			; Genesis normal VBlank wait
(1)  316/    1760 :                     ; ----------------------------------------
(1)  322/    1760 :                     .from_late:
(1)  323/    1760 : 612E                		bsr	Sound_Update
(1)  327/    1762 : 52B8 F0DC           		addq.l	#1,(RAM_Framecount).w		; Count the frame.
(1)  328/    1766 : 6128                		bsr	Sound_Update
(1)  329/    1768 :                     .forgot_disp:
(1)  330/    1768 : 4E75                		rts
(1)  331/    176A :                     
(1)  332/    176A :                     ; ----------------------------------------
(1)  333/    176A :                     ; Wait until beam reaches VBlank
(1)  334/    176A :                     ; ----------------------------------------
(1)  335/    176A :                     
(1)  336/    176A : 6124                .wait_vblank:	bsr	Sound_Update			; Update sound on wait
(1)  337/    176C : 3E39 00C0 0004      		move.w	(vdp_ctrl).l,d7
(1)  338/    1772 : 0807 0003           		btst	#bitVBlk,d7
(1)  339/    1776 : 67F2                		beq.s	.wait_vblank
(1)  340/    1778 : 616C                		bsr	System_Input			; Read input data **FIRST**
(1)  341/    177A : 6000 EE86           		bra	Video_Render			; Render VDP Visuals
(1)  342/    177E :                     
(1)  343/    177E :                     ; ====================================================================
(1)  344/    177E :                     ; --------------------------------------------------------
(1)  345/    177E :                     ; System_DmaEnter_(from) and System_DmaEnter_(from)
(1)  346/    177E :                     ; from ROM or RAM
(1)  347/    177E :                     ;
(1)  348/    177E :                     ; Call these labels BEFORE and AFTER your
(1)  349/    177E :                     ; DMA-to-VDP transers, these are NOT needed for
(1)  350/    177E :                     ; FILL or COPY.
(1)  351/    177E :                     ;
(1)  352/    177E :                     ; This is where you put your Sound driver's Z80 stop
(1)  353/    177E :                     ; or pause calls here
(1)  354/    177E :                     ; SAVE THE REGISTERS THAT YOU GONNA USE TO STACK.
(1)  355/    177E :                     ; --------------------------------------------------------
(1)  356/    177E :                     
(1)  357/    177E :                     ; --------------------------------------------------------
(1)  358/    177E :                     ; *** THESE ENABLE AND DISABLE THE RV BIT ***
(1)  359/    177E :                     System_DmaEnter_ROM:
(1)  360/    177E : 6104                		bsr	System_DmaEnter_RAM
(1)  368/    1780 : 4E75                		rts
(1)  369/    1782 :                     
(1)  370/    1782 :                     System_DmaExit_ROM:
(1)  378/    1782 : 6004                		bra	System_DmaExit_RAM
(1)  379/    1784 :                     
(1)  380/    1784 :                     ; --------------------------------------------------------
(1)  381/    1784 :                     ; *** EXTERNAL JUMPS ***
(1)  382/    1784 :                     ; --------------------------------------------------------
(1)  383/    1784 :                     
(1)  384/    1784 :                     System_DmaEnter_RAM:
(1)  385/    1784 : 6000 EC80           		bra	gemaDmaPause
(1)  386/    1788 :                     System_DmaExit_RAM:
(1)  387/    1788 : 6000 EC9A           		bra	gemaDmaResume
(1)  388/    178C :                     
(1)  389/    178C :                     ; ------------------------------------------------
(1)  390/    178C :                     
(1)  409/    178C :                     
(1)  410/    178C :                     ; ====================================================================
(1)  411/    178C :                     ; --------------------------------------------------------
(1)  412/    178C :                     ; Init sound driver
(1)  413/    178C :                     ; --------------------------------------------------------
(1)  414/    178C :                     
(1)  415/    178C :                     Sound_Init:
(1)  416/    178C : 6000 EB06           		bra	gemaInit
(1)  417/    1790 :                     
(1)  418/    1790 :                     ; ====================================================================
(1)  419/    1790 :                     ; --------------------------------------------------------
(1)  420/    1790 :                     ; Update sound/syncronize with the Z80
(1)  421/    1790 :                     ; --------------------------------------------------------
(1)  422/    1790 :                     
(1)  423/    1790 :                     Sound_Update:
(1)  424/    1790 : 6000 EBA6           		bra	gemaSendRam
(1)  425/    1794 :                     	
(1)  426/    1794 :                     ;!@ 	
(1)  427/    1794 :                     ; ====================================================================
(1)  428/    1794 :                     ; --------------------------------------------------------
(1)  429/    1794 :                     ; System_Input_Init
(1)  430/    1794 :                     ; Initializes the MMIO ports to poll for controller data (Controller_1 to Controller_5) based on platform (Pico or not-Pico)
(1)  431/    1794 :                     ;
(1)  432/    1794 :                     ; Uses: a0-a1
(1)  433/    1794 :                     ; --------------------------------------------------------
(1)  434/    1794 :                     
(1)  435/    1794 :                     System_Input_Init:	
(1)  437/    1794 :                     	;If Pico-based platforms, then:
(1)  438/    1794 :                     	;Controller_1 = Pico HARDWARE
(1)  439/    1794 :                     	;Controller_2 = Pico_ext port
(1)  440/    1794 :                     	
(1)  441/    1794 : 41F9 FFFF F0F8      	lea	(Controller_1).l,a0
(1)  442/    179A : 43F9 0080 0003      	lea	(pico_btn).l,a1
(1)  443/    17A0 : 2149 0012           	move.l	a1,pad_port(a0)
(1)  444/    17A4 :                     	
(1)  445/    17A4 : 41F9 FFFF F10E      	lea	(Controller_2).l,a0
(1)  446/    17AA : 43F9 0080 0015      	lea	(pico_port_1_data).l,a1
(1)  447/    17B0 : 2149 0012           	move.l	a1,pad_port(a0)
(1)  448/    17B4 :                     	
(1)  450/    17B4 :                     	;Pico mods installed, so:
(1)  451/    17B4 :                     	;Controller_3 = Genesis_P1
(1)  452/    17B4 :                     	;Controller_4 = Genesis_P2
(1)  453/    17B4 :                     	;Controller_5 = Genesis_Ext
(1)  454/    17B4 : 41F9 FFFF F124      	lea	(Controller_3).l,a0
(1)  455/    17BA : 43F9 00A1 0003      	lea	(sys_data_1).l,a1
(1)  456/    17C0 : 2149 0012           	move.l	a1,pad_port(a0)
(1)  457/    17C4 :                     	
(1)  458/    17C4 : 41F9 FFFF F13A      	lea	(Controller_4).l,a0
(1)  459/    17CA : 43F9 00A1 0005      	lea	(sys_data_2).l,a1
(1)  460/    17D0 : 2149 0012           	move.l	a1,pad_port(a0)
(1)  461/    17D4 :                     	
(1)  462/    17D4 : 41F9 FFFF F150      	lea	(Controller_5).l,a0
(1)  463/    17DA : 43F9 00A1 0007      	lea	(sys_data_3).l,a1
(1)  464/    17E0 : 2149 0012           	move.l	a1,pad_port(a0)
(1)  476/    17E4 :                     	
(1)  477/    17E4 :                     	
(1)  499/    17E4 :                     	
(1)  500/    17E4 : 4E75                	rts
(1)  501/    17E6 :                     ; ====================================================================
(1)  502/    17E6 :                     
(1)  503/    17E6 :                     
(1)  504/    17E6 :                     ; ====================================================================
(1)  505/    17E6 :                     ; --------------------------------------------------------
(1)  506/    17E6 :                     ; System_Input
(1)  507/    17E6 :                     ;
(1)  508/    17E6 :                     ; Reads data from the Controller ports
(1)  509/    17E6 :                     ;
(1)  510/    17E6 :                     ; Call this during VBlank only once per frame,
(1)  511/    17E6 :                     ; System_Render already calls this.
(1)  512/    17E6 :                     ;
(1)  513/    17E6 :                     ; Uses:
(1)  514/    17E6 :                     ; d5-d7,a5-a6
(1)  515/    17E6 :                     ; --------------------------------------------------------
(1)  516/    17E6 :                     
(1)  517/    17E6 :                     ; ----------------------------------------
(1)  518/    17E6 :                     ; PICO input is hard-coded to
(1)  519/    17E6 :                     ; Controller_1
(1)  520/    17E6 :                     ;
(1)  521/    17E6 :                     ; pad_hold/pad_press:
(1)  522/    17E6 :                     ; %P00BRLDU
(1)  523/    17E6 :                     ; UDLR - Arrows
(1)  524/    17E6 :                     ;    B - BIG button red (JoyB)
(1)  525/    17E6 :                     ;    P - Pen press/click (JoyStart)
(1)  526/    17E6 :                     ;
(1)  527/    17E6 :                     ; pad_x/pad_y:
(1)  528/    17E6 :                     ; Pen X/Y position
(1)  529/    17E6 :                     ; ----------------------------------------
(1)  530/    17E6 :                     
(1)  531/    17E6 :                     System_Input:
(1)  533/    17E6 : 4DF8 F0F8           		lea	(RAM_InputData).w,a6
(1)  534/    17EA :                     		;!@
(1)  535/    17EA : 2A6E 0012           		move.l 	pad_port(a6),a5
(1)  536/    17EE :                     		;lea	($800003).l,a5
(1)  537/    17EE :                     		;lea	(pico_btn).l,a5
(1)  538/    17EE : 7E00                		moveq	#0,d7
(1)  539/    17F0 : 1E15                		move.b	(a5),d7			; $800003: %P00BRLDU
(1)  540/    17F2 : 0A47 00FF           		eori.w	#$FF,d7
(1)  541/    17F6 : 3C07                		move.w	d7,d6
(1)  542/    17F8 : 3A2E 0002           		move.w	pad_hold(a6),d5
(1)  543/    17FC : BB47                		eor.w	d5,d7
(1)  544/    17FE : CE45                		and.w	d5,d7
(1)  545/    1800 : 3D47 0006           		move.w	d7,pad_release(a6)
(1)  546/    1804 : 3A2E 0002           		move.w	pad_hold(a6),d5
(1)  547/    1808 : 0A45 00FF           		eori.w	#$FF,d5
(1)  548/    180C : CA46                		and.w	d6,d5
(1)  549/    180E : 3D45 0004           		move.w	d5,pad_press(a6)
(1)  550/    1812 : 3D46 0002           		move.w	d6,pad_hold(a6)
(1)  551/    1816 : 1E2D 0002           		move.b	2(a5),d7		;Pen X MSB
(1)  552/    181A : E14F                		lsl.w	#8,d7
(1)  553/    181C : 1E2D 0004           		move.b	4(a5),d7		;Pen X LSB
(1)  554/    1820 : 9E7C 003C           		sub.w	#$3C,d7
(1)  555/    1824 : 6A02                		bpl.s	.x_valid	 	; Failsafe negative X
(1)  556/    1826 : 4247                		clr.w	d7
(1)  557/    1828 :                     .x_valid:
(1)  558/    1828 : 3D47 0008           		move.w	d7,pad_x(a6)
(1)  559/    182C :                     	; $0000-$00EF - Tablet
(1)  560/    182C :                     	; $0100-$01EF - Storyware
(1)  561/    182C : 7E00                		moveq	#0,d7
(1)  562/    182E : 1C2D 0006           		move.b	6(a5),d6		;Pen Y MSB
(1)  563/    1832 : E14E                		lsl.w	#8,d6
(1)  564/    1834 : 1C2D 0008           		move.b	8(a5),d6		;Pen Y LSB
(1)  565/    1838 : 0446 01FC           		subi.w	#$1FC,d6
(1)  566/    183C : 6B02                		bmi.s	.bad_y
(1)  567/    183E : 3E06                		move.w	d6,d7
(1)  568/    1840 :                     .bad_y:
(1)  569/    1840 : 3D47 000A           		move.w	d7,pad_y(a6)
(1)  570/    1844 : 1C2D 000A           		move.b	10(a5),d6			;Pico page
(1)  571/    1848 : 1D46 000E           		move.b	d6,pad_pageRaw(a6)	;;!@ Pico pageRaw		
(1)  572/    184C : 7E00                		moveq	#0,d7
(1)  573/    184E : 7A05                		moveq	#6-1,d5		; 6 pages
(1)  574/    1850 :                     .page_it:
(1)  575/    1850 : E24E                		lsr.w	#1,d6
(1)  576/    1852 : 6402                		bcc.s	.no_bit
(1)  577/    1854 : 5247                		addq.w	#1,d7
(1)  578/    1856 :                     .no_bit:
(1)  579/    1856 : 51CD FFF8           		dbf	d5,.page_it
(1)  580/    185A : 1D47 000C           		move.b	d7,pad_page(a6)
(1)  581/    185E :                     	;!@ else
(1)  590/    185E :                     	
(1)  591/    185E : DCFC 0016           	adda	#pad_len,a6
(1)  592/    1862 : 2A6E 0012           	move.l	pad_port(a6),a5
(1)  593/    1866 : 6120                	bsr.s	.this_one
(1)  594/    1868 :                     	
(1)  595/    1868 :                     	;if PICO_MODS == 1
(1)  596/    1868 : DCFC 0016           	adda	#pad_len,a6
(1)  597/    186C : 2A6E 0012           	move.l	pad_port(a6),a5
(1)  598/    1870 : 6116                	bsr.s	.this_one
(1)  599/    1872 :                     	
(1)  600/    1872 : DCFC 0016           	adda	#pad_len,a6
(1)  601/    1876 : 2A6E 0012           	move.l	pad_port(a6),a5
(1)  602/    187A : 610C                	bsr.s	.this_one
(1)  603/    187C :                     	
(1)  604/    187C : DCFC 0016           	adda	#pad_len,a6
(1)  605/    1880 : 2A6E 0012           	move.l	pad_port(a6),a5
(1)  606/    1884 : 6102                	bsr.s	.this_one
(1)  607/    1886 :                     	;endif
(1)  608/    1886 : 4E75                	rts
(1)  609/    1888 :                     	
(1)  610/    1888 :                     	; moveq	#JoyCount-1,d4		;!@
(1)  611/    1888 :                     	; lea		(RAM_InputData).w,a6	; a6 - Output
(1)  612/    1888 :                     		
(1)  613/    1888 :                     ; .poll:
(1)  614/    1888 :                     	; ;!@ lea	(sys_data_1),a5		; a5 - BASE Genesis Input regs area
(1)  615/    1888 :                     	; movea.l	pad_port(a6),a5
(1)  616/    1888 :                     	; bsr.s	.this_one
(1)  617/    1888 :                     	; ;!@ adda	#2,a5
(1)  618/    1888 :                     	; adda	#pad_len,a6
(1)  619/    1888 :                     	; dbf		d4,.poll			;!@
(1)  620/    1888 :                     	; rts
(1)  621/    1888 :                     ; ====================================================================
(1)  622/    1888 :                     
(1)  623/    1888 :                     ; ----------------------------------------
(1)  624/    1888 :                     ; Read port
(1)  625/    1888 :                     ;
(1)  626/    1888 :                     ; a5 - Current port
(1)  627/    1888 :                     ; a6 - Output data
(1)  628/    1888 :                     ; ----------------------------------------
(1)  629/    1888 :                     
(1)  630/    1888 :                     .this_one:
(1)  631/    1888 : 611C                		bsr	.pick_id
(1)  632/    188A : 1C87                		move.b	d7,pad_id(a6)
(1)  633/    188C : 0C47 000F           		cmpi.w	#$0F,d7
(1)  634/    1890 : 670E                		beq.s	.exit
(1)  635/    1892 : 0247 000F           		andi.w	#$0F,d7
(1)  636/    1896 : DE47                		add.w	d7,d7
(1)  637/    1898 : 3C3B 703C           		move.w	.list(pc,d7.w),d6
(1)  638/    189C : 4EFB 6038           		jmp	.list(pc,d6.w)
(1)  639/    18A0 :                     .exit:
(1)  640/    18A0 : 422E 0001           		clr.b	pad_ver(a6)
(1)  641/    18A4 : 4E75                		rts
(1)  642/    18A6 :                     
(1)  643/    18A6 :                     ; ----------------------------------------
(1)  644/    18A6 :                     ; Grab ID
(1)  645/    18A6 :                     ; ----------------------------------------
(1)  646/    18A6 :                     
(1)  647/    18A6 :                     .pick_id:
(1)  648/    18A6 : 7E00                		moveq	#0,d7
(1)  649/    18A8 : 1ABC 0070           		move.b	#%01110000,(a5)		; TH=1,TR=1,TL=1
(1)  650/    18AC : 4E71                		nop
(1)  651/    18AE : 4E71                		nop
(1)  652/    18B0 : 610A                		bsr	.read
(1)  653/    18B2 : 1ABC 0030           		move.b	#%00110000,(a5)		; TH=0,TR=1,TL=1
(1)  654/    18B6 : 4E71                		nop
(1)  655/    18B8 : 4E71                		nop
(1)  656/    18BA : DE47                		add.w	d7,d7
(1)  657/    18BC :                     .read:
(1)  658/    18BC : 1A15                		move.b	(a5),d5
(1)  659/    18BE : 1C05                		move.b	d5,d6
(1)  660/    18C0 : 0206 000C           		andi.b	#%1100,d6
(1)  661/    18C4 : 6702                		beq.s	.step_1
(1)  662/    18C6 : 5247                		addq.w	#1,d7
(1)  663/    18C8 :                     .step_1:
(1)  664/    18C8 : DE47                		add.w	d7,d7
(1)  665/    18CA : 1C05                		move.b	d5,d6
(1)  666/    18CC : 0246 0003           		andi.w	#%0011,d6
(1)  667/    18D0 : 6702                		beq.s	.step_2
(1)  668/    18D2 : 5247                		addq.w	#1,d7
(1)  669/    18D4 :                     .step_2:
(1)  670/    18D4 : 4E75                		rts
(1)  671/    18D6 :                     
(1)  672/    18D6 :                     ; ----------------------------------------
(1)  673/    18D6 :                     ; Grab ID
(1)  674/    18D6 :                     ; ----------------------------------------
(1)  675/    18D6 :                     
(1)  676/    18D6 :                     .list:
(1)  677/    18D6 : FFCA                		dc.w .exit-.list	; $00
(1)  678/    18D8 : FFCA                		dc.w .exit-.list
(1)  679/    18DA : FFCA                		dc.w .exit-.list
(1)  680/    18DC : 0020                		dc.w .id_03-.list	; $03 - Mega Mouse
(1)  681/    18DE : FFCA                		dc.w .exit-.list	; $04
(1)  682/    18E0 : FFCA                		dc.w .exit-.list
(1)  683/    18E2 : FFCA                		dc.w .exit-.list
(1)  684/    18E4 : FFCA                		dc.w .exit-.list
(1)  685/    18E6 : FFCA                		dc.w .exit-.list	; $08
(1)  686/    18E8 : FFCA                		dc.w .exit-.list
(1)  687/    18EA : FFCA                		dc.w .exit-.list
(1)  688/    18EC : FFCA                		dc.w .exit-.list
(1)  689/    18EE : FFCA                		dc.w .exit-.list	; $0C
(1)  690/    18F0 : 00CA                		dc.w .id_0D-.list	; $0D - Genesis controller 3 or 6 button
(1)  691/    18F2 : FFCA                		dc.w .exit-.list
(1)  692/    18F4 : FFCA                		dc.w .exit-.list	; $0F - No controller / Master System controller (Buttons 1 and 2)
(1)  693/    18F6 :                     
(1)  694/    18F6 :                     ; ----------------------------------------
(1)  695/    18F6 :                     ; ID $03
(1)  696/    18F6 :                     ;
(1)  697/    18F6 :                     ; Mega Mouse
(1)  698/    18F6 :                     ; ----------------------------------------
(1)  699/    18F6 :                     
(1)  700/    18F6 :                     ; *** NOT TESTED ON HARDWARE ***
(1)  701/    18F6 :                     
(1)  702/    18F6 :                     .id_03:
(1)  703/    18F6 : 1ABC 0020           		move.b	#$20,(a5)
(1)  704/    18FA : 1B7C 0060 0006      		move.b	#$60,6(a5)
(1)  705/    1900 : 0815 0004           		btst	#4,(a5)
(1)  706/    1904 : 6700 0094           		beq.w	.invalid
(1)  707/    1908 : 1ABC 0000           		move.b	#$00,(a5)	; $0F
(1)  708/    190C : 4E71                		nop
(1)  709/    190E : 4E71                		nop
(1)  710/    1910 : 1ABC 0020           		move.b	#$20,(a5)	; $0F
(1)  711/    1914 : 4E71                		nop
(1)  712/    1916 : 4E71                		nop
(1)  713/    1918 : 1ABC 0000           		move.b	#$00,(a5)	; Yo | Xo | Ys | Xs
(1)  714/    191C : 4E71                		nop
(1)  715/    191E : 4E71                		nop
(1)  716/    1920 : 1A15                		move.b	(a5),d5		; d5 - X/Y direction bits (Ys Xs)
(1)  717/    1922 : 1ABC 0020           		move.b	#$20,(a5)	; C | M | R | L
(1)  718/    1926 : 4E71                		nop
(1)  719/    1928 : 4E71                		nop
(1)  720/    192A : 1E15                		move.b	(a5),d7
(1)  721/    192C : 0247 000F            		andi.w	#%1111,d7
(1)  722/    1930 : 3C2E 0002           		move.w	pad_hold(a6),d6
(1)  723/    1934 : BF46                		eor.w	d7,d6
(1)  724/    1936 : 3D47 0002           		move.w	d7,pad_hold(a6)
(1)  725/    193A : CC47                		and.w	d7,d6
(1)  726/    193C : 3D46 0004           		move.w	d6,pad_press(a6)
(1)  727/    1940 : 1ABC 0000           		move.b	#$00,(a5)	; X7 | X6 | X5 | X4
(1)  728/    1944 : 4E71                		nop
(1)  729/    1946 : 4E71                		nop
(1)  730/    1948 : 1E15                		move.b	(a5),d7
(1)  731/    194A : 1ABC 0020           		move.b	#$20,(a5)	; X3 | X2 | X1 | X0
(1)  732/    194E : 0247 000F           		andi.w	#%1111,d7
(1)  733/    1952 : E94F                		lsl.w	#4,d7
(1)  734/    1954 : 4E71                		nop
(1)  735/    1956 : 1C15                		move.b	(a5),d6
(1)  736/    1958 : 0246 000F           		andi.w	#%1111,d6
(1)  737/    195C : 8E46                		or.w	d6,d7
(1)  738/    195E : 0805 0000           		btst    #0,d5
(1)  739/    1962 : 6704                		beq.s	.x_neg
(1)  740/    1964 : 4407                		neg.b	d7
(1)  741/    1966 : 4447                		neg.w	d7
(1)  742/    1968 :                     .x_neg:
(1)  743/    1968 : 3D47 0008           		move.w	d7,pad_x(a6)
(1)  744/    196C : 1ABC 0000           		move.b	#$00,(a5)	; Y7 | Y6 | Y5 | Y4
(1)  745/    1970 : 4E71                		nop
(1)  746/    1972 : 4E71                		nop
(1)  747/    1974 : 1E15                		move.b	(a5),d7
(1)  748/    1976 : 1ABC 0020           		move.b	#$20,(a5)	; Y3 | Y2 | Y1 | Y0
(1)  749/    197A : 0247 000F           		andi.w	#%1111,d7
(1)  750/    197E : E94F                		lsl.w	#4,d7
(1)  751/    1980 : 4E71                		nop
(1)  752/    1982 : 1C15                		move.b	(a5),d6
(1)  753/    1984 : 0246 000F           		andi.w	#%1111,d6
(1)  754/    1988 : 8E46                		or.w	d6,d7
(1)  755/    198A : 0805 0001           		btst    #1,d5
(1)  756/    198E : 6704                		beq.s	.y_neg
(1)  757/    1990 : 4407                		neg.b	d7
(1)  758/    1992 : 4447                		neg.w	d7
(1)  759/    1994 :                     .y_neg:
(1)  760/    1994 : 4447                		neg.w	d7		; Reverse Y
(1)  761/    1996 : 3D47 000A           		move.w	d7,pad_y(a6)
(1)  762/    199A :                     
(1)  763/    199A :                     .invalid:
(1)  764/    199A : 1ABC 0060           		move.b	#$60,(a5)
(1)  765/    199E : 4E75                		rts
(1)  766/    19A0 :                     
(1)  767/    19A0 :                     ; ----------------------------------------
(1)  768/    19A0 :                     ; ID $0D
(1)  769/    19A0 :                     ;
(1)  770/    19A0 :                     ; Normal controller: 3 button or 6 button.
(1)  771/    19A0 :                     ; ----------------------------------------
(1)  772/    19A0 :                     
(1)  773/    19A0 :                     .id_0D:
(1)  774/    19A0 : 1ABC 0040           		move.b	#$40,(a5)	; Show CB|RLDU
(1)  775/    19A4 : 4E71                		nop
(1)  776/    19A6 : 4E71                		nop
(1)  777/    19A8 : 1A15                		move.b	(a5),d5
(1)  778/    19AA : 0245 003F           		andi.w	#%00111111,d5
(1)  779/    19AE : 1ABC 0000           		move.b	#$00,(a5)	; Show SA|RLDU
(1)  780/    19B2 : 4E71                		nop
(1)  781/    19B4 : 4E71                		nop
(1)  782/    19B6 : 1E15                		move.b	(a5),d7
(1)  783/    19B8 : E54F                		lsl.w	#2,d7
(1)  784/    19BA : 0247 00C0           		andi.w	#%11000000,d7
(1)  785/    19BE : 8E45                		or.w	d5,d7
(1)  786/    19C0 : 1ABC 0040           		move.b	#$40,(a5)	; Show CB|RLDU (2)
(1)  787/    19C4 : 4647                		not.w	d7
(1)  788/    19C6 : 1A2E 0003           		move.b	pad_hold+1(a6),d5
(1)  789/    19CA : 1805                		move.b	d5,d4
(1)  790/    19CC : 1ABC 0000           		move.b	#$00,(a5)	; Show SA|RLDU (3)
(1)  791/    19D0 : BF05                		eor.b	d7,d5
(1)  792/    19D2 : 1D47 0003           		move.b	d7,pad_hold+1(a6)
(1)  793/    19D6 : CA07                		and.b	d7,d5
(1)  794/    19D8 : 1ABC 0040           		move.b	#$40,(a5)	; 6 button responds (4)
(1)  795/    19DC : 1D45 0005           		move.b	d5,pad_press+1(a6)
(1)  796/    19E0 : 1A07                		move.b	d7,d5
(1)  797/    19E2 : 1E15                		move.b	(a5),d7		; Grab ??|MXYZ
(1)  798/    19E4 : 1ABC 0000            		move.b	#$00,(a5)	; (5)
(1)  799/    19E8 : B905                		eor.b	d4,d5
(1)  800/    19EA : CA04                		and.b	d4,d5
(1)  801/    19EC : 1C15                 		move.b	(a5),d6		; Type: $03 old, $0F new
(1)  802/    19EE : 1ABC 0040            		move.b	#$40,(a5)	; (6)
(1)  803/    19F2 : 1D45 0007           		move.b	d5,pad_release+1(a6)
(1)  804/    19F6 : 0246 000F           		andi.w	#$F,d6
(1)  805/    19FA : E44E                		lsr.w	#2,d6
(1)  806/    19FC : 0246 0001           		andi.w	#1,d6
(1)  807/    1A00 : 6724                		beq.s	.oldpad
(1)  808/    1A02 : 4607                		not.b	d7
(1)  809/    1A04 : 0247 000F            		andi.w	#%1111,d7
(1)  810/    1A08 : 1C07                 		move.b	d7,d6
(1)  811/    1A0A : 1A2E 0002           		move.b	pad_hold(a6),d5
(1)  812/    1A0E : BB06                		eor.b	d5,d6
(1)  813/    1A10 : CC05                		and.b	d5,d6
(1)  814/    1A12 : 1D46 0006           		move.b	d6,pad_release(a6)
(1)  815/    1A16 : 1A2E 0002           		move.b	pad_hold(a6),d5
(1)  816/    1A1A : BF05                		eor.b	d7,d5
(1)  817/    1A1C : 1D47 0002           		move.b	d7,pad_hold(a6)
(1)  818/    1A20 : CA07                		and.b	d7,d5
(1)  819/    1A22 : 1D45 0004           		move.b	d5,pad_press(a6)
(1)  820/    1A26 :                     .oldpad:
(1)  821/    1A26 : 1D46 0001           		move.b	d6,pad_ver(a6)
(1)  822/    1A2A : 4E75                		rts
(1)  823/    1A2C :                     	;!@ endif
(1)  824/    1A2C :                     
(1)  825/    1A2C :                     ; ====================================================================
(1)  826/    1A2C :                     ; ----------------------------------------------------------------
(1)  827/    1A2C :                     ; SRAM/BRAM Support
(1)  828/    1A2C :                     ; ----------------------------------------------------------------
(1)  829/    1A2C :                     
(1)  830/    1A2C :                     ; --------------------------------------------------------
(1)  831/    1A2C :                     ; System_SramInit
(1)  832/    1A2C :                     ;
(1)  833/    1A2C :                     ; Enable SRAM/BRAM support
(1)  834/    1A2C :                     ; SET_ENBLSAVE must be set to True (rominfo.asm)
(1)  835/    1A2C :                     ;
(1)  836/    1A2C :                     ; Input:
(1)  837/    1A2C :                     ; a0 | CD/CD32X ONLY: Save data settings for BRAM
(1)  838/    1A2C :                     ;      dc.b "SAVE_NAME__",0
(1)  839/    1A2C :                     ;      dc.w SET_SRAMSIZE/$40 ; (save_size/$20 if using
(1)  840/    1A2C :                     ;                            ; protection)
(1)  841/    1A2C :                     ;      dc.w flags:
(1)  842/    1A2C :                     ;            0 | Normal
(1)  843/    1A2C :                     ;           -1 | Protected
(1)  844/    1A2C :                     ;
(1)  845/    1A2C :                     ; Notes:
(1)  846/    1A2C :                     ; - Already called by System_Init
(1)  847/    1A2C :                     ; - ONLY modify the RAM_SaveData section and
(1)  848/    1A2C :                     ;   then call System_SramSave to save it into SRAM/BRAM.
(1)  849/    1A2C :                     ;
(1)  850/    1A2C :                     ; CD/CD32X ONLY:
(1)  851/    1A2C :                     ; - NO lowercase CHARACTERS, NO " "($20) SPACES.
(1)  852/    1A2C :                     ; - BE CAREFUL CHOOSING YOUR FILENAME as it can
(1)  853/    1A2C :                     ;   OVERWRITE without warning any other save.
(1)  854/    1A2C :                     ; - Call gemaStopAll FIRST if any track uses
(1)  855/    1A2C :                     ;   PCM samples
(1)  856/    1A2C :                     ; --------------------------------------------------------
(1)  857/    1A2C :                     
(1)  858/    1A2C :                     System_SramInit:
(1)  860/    1A2C :                     
(1)  862/    1A2C : 4E71                		nop						; Pico can't use save data
(1)  923/    1A2E :                     .cant_use:
(1)  924/    1A2E : 6002                		bra	System_SramLoad
(1)  925/    1A30 :                     .already_set:
(1)  926/    1A30 : 4E75                		rts
(1)  928/    1A32 :                     
(1)  929/    1A32 :                     ; --------------------------------------------------------
(1)  930/    1A32 :                     ; System_SramLoad
(1)  931/    1A32 :                     ;
(1)  932/    1A32 :                     ; Load the SRAM/BRAM to the SAVE data buffer
(1)  933/    1A32 :                     ; SET_ENBLSAVE must be set to True (rominfo.asm)
(1)  934/    1A32 :                     ;
(1)  935/    1A32 :                     ; Notes:
(1)  936/    1A32 :                     ; CD/CD32X ONLY:
(1)  937/    1A32 :                     ; - Call gemaStopAll FIRST if any track uses
(1)  938/    1A32 :                     ;   PCM samples
(1)  939/    1A32 :                     ; --------------------------------------------------------
(1)  940/    1A32 :                     
(1)  941/    1A32 :                     System_SramLoad:
(1)  943/    1A32 :                     
(1)  945/    1A32 : 4E71                		nop			; Pico can't use save data
(1) 1025/    1A34 : 4E75                		rts
(1) 1027/    1A36 :                     
(1) 1028/    1A36 :                     ; --------------------------------------------------------
(1) 1029/    1A36 :                     ; System_SramSave
(1) 1030/    1A36 :                     ;
(1) 1031/    1A36 :                     ; Write the SAVE data buffer to SRAM/BRAM
(1) 1032/    1A36 :                     ; SET_ENBLSAVE must be set to True (rominfo.asm)
(1) 1033/    1A36 :                     ;
(1) 1034/    1A36 :                     ; Notes:
(1) 1035/    1A36 :                     ; CD/CD32X ONLY:
(1) 1036/    1A36 :                     ; - Call gemaStopAll FIRST if any track uses
(1) 1037/    1A36 :                     ;   PCM samples
(1) 1038/    1A36 :                     ; --------------------------------------------------------
(1) 1039/    1A36 :                     
(1) 1040/    1A36 :                     System_SramSave:
(1) 1042/    1A36 :                     
(1) 1044/    1A36 : 4E71                		nop			; Pico can't use save data
(1) 1119/    1A38 : 4E75                		rts
(1) 1120/    1A3A :                     
(1) 1121/    1A3A :                     ; ============================================================
(1) 1122/    1A3A :                     ; --------------------------------------------------------
(1) 1123/    1A3A :                     ; System_Default
(1) 1124/    1A3A :                     ;
(1) 1125/    1A3A :                     ; Initializes current screen mode
(1) 1126/    1A3A :                     ;
(1) 1127/    1A3A :                     ; Uses:
(1) 1128/    1A3A :                     ; ALL
(1) 1129/    1A3A :                     ; --------------------------------------------------------
(1) 1130/    1A3A :                     
(1) 1131/    1A3A :                     System_Default:
(1) 1132/    1A3A : 007C 0700           		ori.w	#$0700,sr			; Disable interrupts
(1) 1133/    1A3E : 4DF8 B000           		lea	(RAM_ScrnBuff).w,a6
(1) 1134/    1A42 : 3E3C 1FFF           		move.w	#MAX_ScrnBuff-1,d7
(1) 1135/    1A46 : 7C00                		moveq	#0,d6
(1) 1136/    1A48 :                     .clr_loop:
(1) 1137/    1A48 : 1CC6                		move.b	d6,(a6)+
(1) 1138/    1A4A : 51CF FFFC           		dbf	d7,.clr_loop
(1) 1139/    1A4E : 6100 EEB0           		bsr	Video_Clear
(1) 1140/    1A52 : 6100 EB60           		bsr	Video_Default
(1) 1141/    1A56 : 6000 02DE           		bra	Objects_Init			; Reset all objects
(1) 1142/    1A5A :                     
(1) 1143/    1A5A :                     ; ====================================================================
(1) 1144/    1A5A :                     ; ----------------------------------------------------------------
(1) 1145/    1A5A :                     ; Default interrupts
(1) 1146/    1A5A :                     ; ----------------------------------------------------------------
(1) 1147/    1A5A :                     
(1) 1148/    1A5A :                     ; --------------------------------------------------------
(1) 1149/    1A5A :                     ; VBlank
(1) 1150/    1A5A :                     ; --------------------------------------------------------
(1) 1151/    1A5A :                     
(1) 1152/    1A5A :                     VInt_Default:
(1) 1153/    1A5A :                     ; 		rte
(1) 1154/    1A5A :                     
(1) 1155/    1A5A :                     ; --------------------------------------------------------
(1) 1156/    1A5A :                     ; HBlank
(1) 1157/    1A5A :                     ; --------------------------------------------------------
(1) 1158/    1A5A :                     
(1) 1159/    1A5A :                     HInt_Default:
(1) 1160/    1A5A :                     ; 		rte
(1) 1161/    1A5A :                     
(1) 1162/    1A5A :                     ; --------------------------------------------------------
(1) 1163/    1A5A :                     ; External interrupt
(1) 1164/    1A5A :                     ; --------------------------------------------------------
(1) 1165/    1A5A :                     
(1) 1166/    1A5A :                     ExtInt_Default:
(1) 1167/    1A5A : 4E73                		rte
(1) 1168/    1A5C :                     
(1) 1169/    1A5C :                     ; ====================================================================
(1) 1170/    1A5C :                     ; ------------------------------------------------------------
(1) 1171/    1A5C :                     ; Subroutines
(1) 1172/    1A5C :                     ; ------------------------------------------------------------
(1) 1173/    1A5C :                     
(1) 1174/    1A5C :                     ; --------------------------------------------------------
(1) 1175/    1A5C :                     ; System_Random, System_Random_Seed
(1) 1176/    1A5C :                     ;
(1) 1177/    1A5C :                     ; Generate random value
(1) 1178/    1A5C :                     ;
(1) 1179/    1A5C :                     ; Input:
(1) 1180/    1A5C :                     ; d0.l | Seed value (_Random_Seed ONLY)
(1) 1181/    1A5C :                     ;
(1) 1182/    1A5C :                     ; Returns:
(1) 1183/    1A5C :                     ; d0.l | Result value
(1) 1184/    1A5C :                     ; --------------------------------------------------------
(1) 1185/    1A5C :                     
(1) 1186/    1A5C :                     System_Random_Seed:
(1) 1187/    1A5C : 2F04                		move.l	d4,-(sp)
(1) 1188/    1A5E : 2800                		move.l	d0,d4
(1) 1189/    1A60 : 6114                		bsr	sysRnd_MkValue
(1) 1190/    1A62 : 281F                		move.l	(sp)+,d4
(1) 1191/    1A64 : 4E75                		rts
(1) 1192/    1A66 :                     System_Random:
(1) 1193/    1A66 : 2F04                		move.l	d4,-(sp)
(1) 1194/    1A68 : 2838 F16A           		move.l	(RAM_SysRandom).w,d4
(1) 1195/    1A6C : 6108                		bsr	sysRnd_MkValue
(1) 1196/    1A6E : 21C4 F16A           		move.l	d4,(RAM_SysRandom).w
(1) 1197/    1A72 : 281F                		move.l	(sp)+,d4
(1) 1198/    1A74 : 4E75                		rts
(1) 1199/    1A76 :                     sysRnd_MkValue:
(1) 1200/    1A76 : 4A84                		tst.l	d4
(1) 1201/    1A78 : 660E                		bne.s	.has_seed
(1) 1202/    1A7A : 2838 F0DC           		move.l	(RAM_FrameCount).w,d4
(1) 1203/    1A7E : E1BC                		rol.l	d0,d4
(1) 1204/    1A80 : E2BC                		ror.l	d1,d4
(1) 1205/    1A82 : D8BC 23B5 1947      		add.l	#$23B51947,d4		; Restart SEED if zero.
(1) 1206/    1A88 :                     .has_seed:
(1) 1207/    1A88 : 2004                		move.l	d4,d0
(1) 1208/    1A8A : E484                		asr.l	#2,d4
(1) 1209/    1A8C : D880                		add.l	d0,d4
(1) 1210/    1A8E : E79C                		rol.l	#3,d4
(1) 1211/    1A90 : D880                		add.l	d0,d4
(1) 1212/    1A92 : 3004                		move.w	d4,d0
(1) 1213/    1A94 : 4844                		swap	d4
(1) 1214/    1A96 : D044                		add.w	d4,d0
(1) 1215/    1A98 : 3800                		move.w	d0,d4
(1) 1216/    1A9A : E0BC                		ror.l	d0,d4
(1) 1217/    1A9C : 4844                		swap	d4
(1) 1218/    1A9E : 4E75                		rts
(1) 1219/    1AA0 :                     
(1) 1220/    1AA0 :                     ; --------------------------------------------------------
(1) 1221/    1AA0 :                     ; System_DiceRoll, System_DiceRoll_Seed
(1) 1222/    1AA0 :                     ;
(1) 1223/    1AA0 :                     ; Pick a random number using a maximum value,
(1) 1224/    1AA0 :                     ; uses System_Random
(1) 1225/    1AA0 :                     ;
(1) 1226/    1AA0 :                     ; Input:
(1) 1227/    1AA0 :                     ; d0.l | Maximum number + 1
(1) 1228/    1AA0 :                     ; d1.l | Starting seed (_DiceRoll_Seed ONLY)
(1) 1229/    1AA0 :                     ;
(1) 1230/    1AA0 :                     ; Returns:
(1) 1231/    1AA0 :                     ; d0.w | Output value
(1) 1232/    1AA0 :                     ; --------------------------------------------------------
(1) 1233/    1AA0 :                     
(1) 1234/    1AA0 :                     System_DiceRoll_Seed:
(1) 1235/    1AA0 : 48E7 0C00           		movem.l	d4-d5,-(sp)
(1) 1236/    1AA4 : 2A00                		move.l	d0,d5
(1) 1237/    1AA6 : 2801                		move.l	d1,d4
(1) 1238/    1AA8 : 61B2                		bsr	System_Random_Seed
(1) 1239/    1AAA : C0BC 0000 FFFF      		and.l	#$FFFF,d0
(1) 1240/    1AB0 : C0C5                		mulu.w	d5,d0
(1) 1241/    1AB2 : 4840                		swap	d0
(1) 1242/    1AB4 : C0BC 0000 FFFF      		and.l	#$FFFF,d0
(1) 1243/    1ABA : 4CDF 0030           		movem.l	(sp)+,d4-d5
(1) 1244/    1ABE : 4E75                		rts
(1) 1245/    1AC0 :                     
(1) 1246/    1AC0 :                     System_DiceRoll:
(1) 1247/    1AC0 : 2F04                		move.l	d4,-(sp)
(1) 1248/    1AC2 : 2800                		move.l	d0,d4
(1) 1249/    1AC4 : 61A0                		bsr	System_Random
(1) 1250/    1AC6 : C0BC 0000 FFFF      		and.l	#$FFFF,d0
(1) 1251/    1ACC : C0C4                		mulu.w	d4,d0
(1) 1252/    1ACE : 4840                		swap	d0
(1) 1253/    1AD0 : C0BC 0000 FFFF      		and.l	#$FFFF,d0
(1) 1254/    1AD6 : 281F                		move.l	(sp)+,d4
(1) 1255/    1AD8 : 4E75                		rts
(1) 1256/    1ADA :                     
(1) 1257/    1ADA :                     ; --------------------------------------------------------
(1) 1258/    1ADA :                     ; System_SineWave, System_SineWave_Cos
(1) 1259/    1ADA :                     ;
(1) 1260/    1ADA :                     ; Get Sine or Cosine value
(1) 1261/    1ADA :                     ;
(1) 1262/    1ADA :                     ; Input:
(1) 1263/    1ADA :                     ; d0.w | Tan value: 0-511
(1) 1264/    1ADA :                     ;
(1) 1265/    1ADA :                     ; Returns:
(1) 1266/    1ADA :                     ; d1.w | Result
(1) 1267/    1ADA :                     ; --------------------------------------------------------
(1) 1268/    1ADA :                     
(1) 1269/    1ADA :                     System_SineWave_Cos:
(1) 1270/    1ADA : 2F07                		move.l	d7,-(sp)
(1) 1271/    1ADC : 3E00                		move.w	d0,d7
(1) 1272/    1ADE : 0647 0080           		addi.w  #$80,d7
(1) 1273/    1AE2 : 6004                		bra	sys_SineWave
(1) 1274/    1AE4 :                     System_SineWave:
(1) 1275/    1AE4 : 2F07                		move.l	d7,-(sp)
(1) 1276/    1AE6 : 3E00                		move.w	d0,d7
(1) 1277/    1AE8 :                     sys_SineWave:
(1) 1278/    1AE8 : 0247 01FF           		andi.w	#$1FF,d7
(1) 1279/    1AEC : 3207                		move.w	d7,d1
(1) 1280/    1AEE : 0807 0007           		btst	#7,d7
(1) 1281/    1AF2 : 6702                		beq.s	.loc_7EFA
(1) 1282/    1AF4 : 4641                		not.w	d1
(1) 1283/    1AF6 :                     .loc_7EFA:
(1) 1284/    1AF6 : 0241 007F           		andi.w  #$7F,d1
(1) 1285/    1AFA : D241                		add.w	d1,d1
(1) 1286/    1AFC : 323B 1010           		move.w  .sine_data(pc,d1.w),d1
(1) 1287/    1B00 : 0807 0008           		btst    #8,d7
(1) 1288/    1B04 : 6702                		beq.s   .loc_7F0C
(1) 1289/    1B06 : 4441                		neg.w   d1
(1) 1290/    1B08 :                     .loc_7F0C:
(1) 1291/    1B08 : 48C1                		ext.l	d1
(1) 1292/    1B0A : 2E1F                		move.l (sp)+,d7
(1) 1293/    1B0C : 4E75                		rts
(1) 1294/    1B0E :                     
(1) 1295/    1B0E :                     .sine_data:
(1) 1296/    1B0E :                     		binclude "nikona/md/data/sine_data.bin"
(1) 1297/    1C0E :                     		align 2
(1) 1298/    1C0E :                     
(1) 1299/    1C0E :                     ; --------------------------------------------------------
(1) 1300/    1C0E :                     ; System_BCD_AddB, System_BCD_AddW, System_BCD_AddL
(1) 1301/    1C0E :                     ; System_BCD_SubB, System_BCD_SubW, System_BCD_SubL
(1) 1302/    1C0E :                     ;
(1) 1303/    1C0E :                     ; Increment/Decrement BCD value
(1) 1304/    1C0E :                     ; for Scores, Lives, and such.
(1) 1305/    1C0E :                     ;
(1) 1306/    1C0E :                     ; Input:
(1) 1307/    1C0E :                     ; d0.? | BCD value input
(1) 1308/    1C0E :                     ; d1.l | Increment/Decrement by
(1) 1309/    1C0E :                     ;
(1) 1310/    1C0E :                     ; Returns:
(1) 1311/    1C0E :                     ; d0.? | BCD value output
(1) 1312/    1C0E :                     ; --------------------------------------------------------
(1) 1313/    1C0E :                     
(1) 1314/    1C0E :                     ; TODO: An overflow check
(1) 1315/    1C0E :                     
(1) 1316/    1C0E :                     System_BCD_SubB:
(1) 1317/    1C0E : 0280 0000 00FF      		andi.l	#$00FF,d0
(1) 1318/    1C14 : 6006                		bra.s	System_BCD_SubL
(1) 1319/    1C16 :                     System_BCD_SubW:
(1) 1320/    1C16 : 0280 0000 FFFF      		andi.l	#$FFFF,d0
(1) 1321/    1C1C :                     ; 		bra.s	System_BCD_SubL
(1) 1322/    1C1C :                     System_BCD_SubL:
(1) 1323/    1C1C : 48E7 0006           		movem.l	a5-a6,-(sp)
(1) 1324/    1C20 : 613C                		bsr	sysBCD_SpOut
(1) 1325/    1C22 : 023C 0000           		and	#0,ccr
(1) 1326/    1C26 : 8D0D                		sbcd	-(a5),-(a6)
(1) 1327/    1C28 : 8D0D                		sbcd	-(a5),-(a6)
(1) 1328/    1C2A : 8D0D                		sbcd	-(a5),-(a6)
(1) 1329/    1C2C : 8D0D                		sbcd	-(a5),-(a6)
(1) 1330/    1C2E : 2016                		move.l	(a6),d0
(1) 1331/    1C30 : 4CDF 6000           		movem.l	(sp)+,a5-a6
(1) 1332/    1C34 : 4E75                		rts
(1) 1333/    1C36 :                     System_BCD_AddB:
(1) 1334/    1C36 : 0280 0000 00FF      		andi.l	#$00FF,d0
(1) 1335/    1C3C : 6006                		bra.s	System_BCD_AddL
(1) 1336/    1C3E :                     System_BCD_AddW:
(1) 1337/    1C3E : 0280 0000 FFFF      		andi.l	#$FFFF,d0
(1) 1338/    1C44 :                     ; 		bsr.s	System_BCD_AddL
(1) 1339/    1C44 :                     System_BCD_AddL:
(1) 1340/    1C44 : 48E7 0006           		movem.l	a5-a6,-(sp)
(1) 1341/    1C48 : 6114                		bsr	sysBCD_SpOut
(1) 1342/    1C4A : 023C 0000           		and	#0,ccr
(1) 1343/    1C4E : CD0D                		abcd	-(a5),-(a6)
(1) 1344/    1C50 : CD0D                		abcd	-(a5),-(a6)
(1) 1345/    1C52 : CD0D                		abcd	-(a5),-(a6)
(1) 1346/    1C54 : CD0D                		abcd	-(a5),-(a6)
(1) 1347/    1C56 : 2016                		move.l	(a6),d0
(1) 1348/    1C58 : 4CDF 6000           		movem.l	(sp)+,a5-a6
(1) 1349/    1C5C : 4E75                		rts
(1) 1350/    1C5E :                     sysBCD_SpOut:
(1) 1351/    1C5E : 598F                		subq.l	#4,sp
(1) 1352/    1C60 : 2C4F                		move.l	sp,a6
(1) 1353/    1C62 : 598F                		subq.l	#4,sp
(1) 1354/    1C64 : 2A4F                		move.l	sp,a5
(1) 1355/    1C66 : 2C80                		move.l	d0,(a6)
(1) 1356/    1C68 : 2A81                		move.l	d1,(a5)
(1) 1357/    1C6A : DCFC 0004           		adda	#4,a6
(1) 1358/    1C6E : DAFC 0004           		adda	#4,a5
(1) 1359/    1C72 : 508F                		addq.l	#8,sp
(1) 1360/    1C74 : 4E75                		rts
(1) 1361/    1C76 :                     
(1) 1362/    1C76 :                     ; --------------------------------------------------------
(1) 1363/    1C76 :                     ; System_SetIntJumps
(1) 1364/    1C76 :                     ;
(1) 1365/    1C76 :                     ; Set new VBlank/HBlank/External Interrupt jumps
(1) 1366/    1C76 :                     ; generated by VDP
(1) 1367/    1C76 :                     ;
(1) 1368/    1C76 :                     ; Input:
(1) 1369/    1C76 :                     ; d0.l | New VBlank location
(1) 1370/    1C76 :                     ; d1.l | New HBlank location
(1) 1371/    1C76 :                     ; d2.l | New External location
(1) 1372/    1C76 :                     ;
(1) 1373/    1C76 :                     ; Notes:
(1) 1374/    1C76 :                     ; - Writing 0 to any of the INPUTs skips it
(1) 1375/    1C76 :                     ; - Use Video_IntEnable to enable/disable the interrupts
(1) 1376/    1C76 :                     ; --------------------------------------------------------
(1) 1377/    1C76 :                     
(1) 1378/    1C76 :                     System_SetIntJumps:
(1) 1379/    1C76 : 4A80                		tst.l	d0
(1) 1380/    1C78 : 6704                		beq.s	.no_vint
(1) 1384/    1C7A : 21C0 F178            		move.l	d0,(RAM_VBlankJump+2).w
(1) 1386/    1C7E :                     .no_vint:
(1) 1387/    1C7E : 4A81                		tst.l	d1
(1) 1388/    1C80 : 6704                		beq.s	.no_hint
(1) 1392/    1C82 : 21C1 F17E            		move.l	d1,(RAM_HBlankJump+2).w
(1) 1394/    1C86 :                     .no_hint:
(1) 1395/    1C86 : 4A82                		tst.l	d2
(1) 1396/    1C88 : 6704                		beq.s	.no_exint
(1) 1400/    1C8A : 21C2 F184            		move.l	d2,(RAM_ExternalJump+2).w
(1) 1402/    1C8E :                     .no_exint:
(1) 1403/    1C8E : 4E75                		rts
(1) 1404/    1C90 :                     
(1) 1405/    1C90 :                     ; ====================================================================
(1) 1406/    1C90 :                     ; ----------------------------------------------------------------
(1) 1407/    1C90 :                     ; SCD / CD32X ONLY
(1) 1408/    1C90 :                     ; ----------------------------------------------------------------
(1) 1409/    1C90 :                     
(1) 1410/    1C90 :                     ; --------------------------------------------------------
(1) 1411/    1C90 :                     ; System_MdMcd_Interrupt
(1) 1412/    1C90 :                     ;
(1) 1413/    1C90 :                     ; Request an interrupt to Sub-CPU, call this during
(1) 1414/    1C90 :                     ; VBlank.
(1) 1415/    1C90 :                     ; --------------------------------------------------------
(1) 1416/    1C90 :                     
(1) 1417/    1C90 :                     System_MdMcd_Interrupt:
(1) 1418/    1C90 : 2F07                		move.l	d7,-(sp)
(1) 1419/    1C92 :                     ; .wait_first:
(1) 1420/    1C92 :                     ; 		bsr	System_MdMcd_SubWait
(1) 1421/    1C92 :                     ; 		move.b	(sysmcd_reg+mcd_comm_m).l,d7
(1) 1422/    1C92 :                     ; 		andi.w	#$C0,d7
(1) 1423/    1C92 :                     ; 		cmpi.w	#$C0,d7
(1) 1424/    1C92 :                     ; 		beq.s	.wait_first
(1) 1425/    1C92 :                     ; 		bset	#0,(sysmcd_reg).l
(1) 1426/    1C92 : 13FC 0081 00A1      		move.b	#%10000001,(sysmcd_reg).l		; Request Level 1
             1C98 : 2000             
(1) 1427/    1C9A : 2E1F                		move.l	(sp)+,d7
(1) 1428/    1C9C : 4E75                		rts
(1) 1429/    1C9E :                     
(1) 1430/    1C9E :                     ; --------------------------------------------------------
(1) 1431/    1C9E :                     ; System_MdMcd_SubWait
(1) 1432/    1C9E :                     ;
(1) 1433/    1C9E :                     ; Waits until Sub-CPU finishes.
(1) 1434/    1C9E :                     ; --------------------------------------------------------
(1) 1435/    1C9E :                     
(1) 1436/    1C9E :                     System_MdMcd_SubWait:
(1) 1443/    1C9E : 4E75                		rts
(1) 1444/    1CA0 :                     
(1) 1445/    1CA0 :                     ; --------------------------------------------------------
(1) 1446/    1CA0 :                     ; System_MdMcd_SubEnter
(1) 1447/    1CA0 :                     ;
(1) 1448/    1CA0 :                     ; Waits until Sub-CPU starts.
(1) 1449/    1CA0 :                     ; --------------------------------------------------------
(1) 1450/    1CA0 :                     
(1) 1451/    1CA0 :                     System_MdMcd_SubEnter:
(1) 1458/    1CA0 : 4E75                		rts
(1) 1459/    1CA2 :                     
(1) 1460/    1CA2 :                     ; --------------------------------------------------------
(1) 1461/    1CA2 :                     ; System_MdMcd_SubTask
(1) 1462/    1CA2 :                     ;
(1) 1463/    1CA2 :                     ; Request task to Sub-CPU
(1) 1464/    1CA2 :                     ;
(1) 1465/    1CA2 :                     ; Input:
(1) 1466/    1CA2 :                     ; d0.b | Task number
(1) 1467/    1CA2 :                     ;
(1) 1468/    1CA2 :                     ; Uses:
(1) 1469/    1CA2 :                     ; d7/a6
(1) 1470/    1CA2 :                     ;
(1) 1471/    1CA2 :                     ; Notes:
(1) 1472/    1CA2 :                     ; This exits without waiting SUB to finish,
(1) 1473/    1CA2 :                     ; call System_MdMcd_SubWait afterwards if required.
(1) 1474/    1CA2 :                     ; --------------------------------------------------------
(1) 1475/    1CA2 :                     
(1) 1476/    1CA2 :                     System_MdMcd_SubTask:
(1) 1501/    1CA2 : 4E75                		rts
(1) 1502/    1CA4 :                     
(1) 1503/    1CA4 :                     ; --------------------------------------------------------
(1) 1504/    1CA4 :                     ; System_MdMcd_WaitWRAM
(1) 1505/    1CA4 :                     ;
(1) 1506/    1CA4 :                     ; Wait for Word-RAM permission.
(1) 1507/    1CA4 :                     ; --------------------------------------------------------
(1) 1508/    1CA4 :                     
(1) 1509/    1CA4 :                     System_MdMcd_WaitWRAM:
(1) 1510/    1CA4 : 0839 0000 00A1      		btst	#0,(sysmcd_reg+mcd_memory).l
             1CAA : 2003             
(1) 1511/    1CAC : 67F6                		beq.s	System_MdMcd_WaitWRAM
(1) 1512/    1CAE : 4E75                		rts
(1) 1513/    1CB0 :                     
(1) 1514/    1CB0 :                     ; --------------------------------------------------------
(1) 1515/    1CB0 :                     ; System_MdMcd_CheckWRAM
(1) 1516/    1CB0 :                     ;
(1) 1517/    1CB0 :                     ; Checks if Word-RAM is set to MAIN in return, 2M
(1) 1518/    1CB0 :                     ;
(1) 1519/    1CB0 :                     ; Returns:
(1) 1520/    1CB0 :                     ; beq | Word-RAM is available
(1) 1521/    1CB0 :                     ; bne | Word-RAM is locked
(1) 1522/    1CB0 :                     ; --------------------------------------------------------
(1) 1523/    1CB0 :                     
(1) 1524/    1CB0 :                     System_MdMcd_CheckWRAM:
(1) 1525/    1CB0 : 0839 0000 00A1      		btst	#0,(sysmcd_reg+mcd_memory).l
             1CB6 : 2003             
(1) 1526/    1CB8 : 6706                		beq.s	.no_ret
(1) 1527/    1CBA : 003C 0004           		or	#%00100,ccr	; beq
(1) 1528/    1CBE : 4E75                		rts
(1) 1529/    1CC0 :                     .no_ret:
(1) 1530/    1CC0 : 023C 001B           		and	#%11011,ccr	; bne
(1) 1531/    1CC4 : 4E75                		rts
(1) 1532/    1CC6 :                     
(1) 1533/    1CC6 :                     ; --------------------------------------------------------
(1) 1534/    1CC6 :                     ; System_MdMcd_GiveWRAM
(1) 1535/    1CC6 :                     ;
(1) 1536/    1CC6 :                     ; Give Word-RAM to SubCPU (DMNA), 2M
(1) 1537/    1CC6 :                     ; --------------------------------------------------------
(1) 1538/    1CC6 :                     
(1) 1539/    1CC6 :                     System_MdMcd_GiveWRAM:
(1) 1540/    1CC6 : 08F9 0001 00A1      		bset	#1,(sysmcd_reg+mcd_memory).l
             1CCC : 2003             
(1) 1541/    1CCE : 67F6                		beq.s	System_MdMcd_GiveWRAM
(1) 1542/    1CD0 : 4E75                		rts
(1) 1543/    1CD2 :                     
(1) 1544/    1CD2 :                     ; --------------------------------------------------------
(1) 1545/    1CD2 :                     ; System_MdMcd_RdFile_RAM
(1) 1546/    1CD2 :                     ;
(1) 1547/    1CD2 :                     ; Read file from disc and transfers output the
(1) 1548/    1CD2 :                     ; data to a1, uses communication ports.
(1) 1549/    1CD2 :                     ;
(1) 1550/    1CD2 :                     ; Input:
(1) 1551/    1CD2 :                     ; a0   | Filename string: "FILENAME.BIN",0
(1) 1552/    1CD2 :                     ; a1   | Output location in RAM
(1) 1553/    1CD2 :                     ; d0.w | Size, $10-aligned sizes only
(1) 1554/    1CD2 :                     ;
(1) 1555/    1CD2 :                     ; Uses:
(1) 1556/    1CD2 :                     ; d7,a0-a1,a5-a6
(1) 1557/    1CD2 :                     ;
(1) 1558/    1CD2 :                     ; Notes:
(1) 1559/    1CD2 :                     ; - Uses ALL dcomm_m ports, breaks GEMA's PCM playback
(1) 1560/    1CD2 :                     ; --------------------------------------------------------
(1) 1561/    1CD2 :                     
(1) 1562/    1CD2 :                     System_MdMcd_RdFile_RAM:
(1) 1612/    1CD2 : 4E75                		rts
(1) 1613/    1CD4 :                     
(1) 1614/    1CD4 :                     ; --------------------------------------------------------
(1) 1615/    1CD4 :                     ; System_MdMcd_Trnsfr_WRAM
(1) 1616/    1CD4 :                     ;
(1) 1617/    1CD4 :                     ; Read file from disc and sends it to WORD-RAM,
(1) 1618/    1CD4 :                     ; waits on finish.
(1) 1619/    1CD4 :                     ;
(1) 1620/    1CD4 :                     ; Input:
(1) 1621/    1CD4 :                     ; a0   | Filename string "FILENAME.BIN"
(1) 1622/    1CD4 :                     ; a1   | Output location
(1) 1623/    1CD4 :                     ;
(1) 1624/    1CD4 :                     ; Notes:
(1) 1625/    1CD4 :                     ; - Uses ALL dcomm_m ports, breaks GEMA's PCM playback
(1) 1626/    1CD4 :                     ; --------------------------------------------------------
(1) 1627/    1CD4 :                     
(1) 1628/    1CD4 :                     System_MdMcd_RdFile_WRAM:
(1) 1652/    1CD4 : 4E75                		rts
(1) 1653/    1CD6 :                     
(1) 1654/    1CD6 :                     ; --------------------------------------------------------
(1) 1655/    1CD6 :                     ; System_MdMcd_CheckHome
(1) 1656/    1CD6 :                     ;
(1) 1657/    1CD6 :                     ; Checks if the player is holding A, B, C and
(1) 1658/    1CD6 :                     ; then presses the START button.
(1) 1659/    1CD6 :                     ;
(1) 1660/    1CD6 :                     ; Returns:
(1) 1661/    1CD6 :                     ; bcc | Combo input not pressed
(1) 1662/    1CD6 :                     ; bcs | User did the combo presses
(1) 1663/    1CD6 :                     ;
(1) 1664/    1CD6 :                     ; Notes:
(1) 1665/    1CD6 :                     ; If you call this from your Title Screen:
(1) 1666/    1CD6 :                     ; carry MUST JUMP to System_MdMcd_ExitShell,
(1) 1667/    1CD6 :                     ; for other screen modes carry jumps to your
(1) 1668/    1CD6 :                     ; Title Screen.
(1) 1669/    1CD6 :                     ; --------------------------------------------------------
(1) 1670/    1CD6 :                     
(1) 1671/    1CD6 :                     System_MdMcd_CheckHome:
(1) 1672/    1CD6 : 48A7 0300           		movem.w	d6-d7,-(sp)
(1) 1673/    1CDA : 3E38 F0FC           		move.w	(Controller_1+pad_press).w,d7
(1) 1674/    1CDE : 3C38 F0FA           		move.w	(Controller_1+pad_hold).w,d6
(1) 1675/    1CE2 : 0246 0070           		andi.w	#JoyA+JoyB+JoyC,d6
(1) 1676/    1CE6 : 0C46 0070           		cmpi.w	#JoyA+JoyB+JoyC,d6
(1) 1677/    1CEA : 6610                		bne.s	.not_press
(1) 1678/    1CEC : 0247 0080           		andi.w	#JoyStart,d7
(1) 1679/    1CF0 : 670A                		beq.s	.not_press
(1) 1680/    1CF2 : 4C9F 00C0           		movem.w	(sp)+,d6-d7
(1) 1681/    1CF6 : 003C 0001           		or	#1,ccr
(1) 1682/    1CFA : 4E75                		rts
(1) 1683/    1CFC :                     .not_press:
(1) 1684/    1CFC : 4C9F 00C0           		movem.w	(sp)+,d6-d7
(1) 1685/    1D00 : 023C 001E           		and	#%11110,ccr
(1) 1686/    1D04 : 4E75                		rts
(1) 1687/    1D06 :                     
(1) 1688/    1D06 :                     ; --------------------------------------------------------
(1) 1689/    1D06 :                     ; System_MdMcd_ExitShell
(1) 1690/    1D06 :                     ;
(1) 1691/    1D06 :                     ; Exits the entire program and goes to
(1) 1692/    1D06 :                     ; the BIOS/Shell.
(1) 1693/    1D06 :                     ;
(1) 1694/    1D06 :                     ; *** JUMP ONLY
(1) 1695/    1D06 :                     ; --------------------------------------------------------
(1) 1696/    1D06 :                     
(1) 1697/    1D06 :                     ; jmp $0280: Hot restart, stops PSG and clears VDP
(1) 1698/    1D06 :                     ; jmp $0284: Entry point
(1) 1699/    1D06 :                     ; jmp $0288: CD player, keeps SP (unsafe)
(1) 1700/    1D06 :                     ; jmp $028C: CD player, resets SP (official method)
(1) 1701/    1D06 :                     
(1) 1702/    1D06 :                     System_MdMcd_ExitShell:
(1) 1712/    1D06 : 4E75                		rts
(1) 1714/    1D08 :                     
(1) 1715/    1D08 :                     ; ------------------------------------------------------------
(1) 1716/    1D08 :                     ; CDDA PLAYBACK
(1) 1717/    1D08 :                     ; ------------------------------------------------------------
(1) 1718/    1D08 :                     
(1) 1719/    1D08 :                     ; --------------------------------------------------------
(1) 1720/    1D08 :                     ; System_MdMcd_CddaPlay, System_MdMcd_CddaPlayL
(1) 1721/    1D08 :                     ;
(1) 1722/    1D08 :                     ; Play CDDA track, normal or looped.
(1) 1723/    1D08 :                     ;
(1) 1724/    1D08 :                     ; Input:
(1) 1725/    1D08 :                     ; d0.w | CD track number
(1) 1726/    1D08 :                     ;
(1) 1727/    1D08 :                     ; This calls Sub-Task $10 for normal playback
(1) 1728/    1D08 :                     ; and $11 for looped
(1) 1729/    1D08 :                     ;
(1) 1730/    1D08 :                     ; Notes:
(1) 1731/    1D08 :                     ; Tracks $00, $01 and any negative values are ignored.
(1) 1732/    1D08 :                     ; --------------------------------------------------------
(1) 1733/    1D08 :                     
(1) 1734/    1D08 :                     System_MdMcd_CddaPlay:
(1) 1735/    1D08 : 48E7 8902           		movem.l	d0/d4/d7/a6,-(sp)
(1) 1736/    1D0C : 383C 0010           		move.w	#$0010,d4
(1) 1737/    1D10 : 6008                		bra	sysMdMcd_SetCdda
(1) 1738/    1D12 :                     System_MdMcd_CddaPlayL:
(1) 1739/    1D12 : 48E7 8902           		movem.l	d0/d4/d7/a6,-(sp)
(1) 1740/    1D16 : 383C 0011           		move.w	#$0011,d4
(1) 1741/    1D1A :                     sysMdMcd_SetCdda:
(1) 1753/    1D1A : 4CDF 4091           		movem.l	(sp)+,d0/d4/d7/a6
(1) 1754/    1D1E : 4E75                		rts
(1) 1755/    1D20 :                     
(1) 1756/    1D20 :                     ; --------------------------------------------------------
(1) 1757/    1D20 :                     ; System_MdMcd_CdStop
(1) 1758/    1D20 :                     ;
(1) 1759/    1D20 :                     ; Stop CDDA track
(1) 1760/    1D20 :                     ; --------------------------------------------------------
(1) 1761/    1D20 :                     
(1) 1762/    1D20 :                     System_MdMcd_CddaStop:
(1) 1769/    1D20 : 4E75                		rts
(1) 1770/    1D22 :                     
(1) 1771/    1D22 :                     ; --------------------------------------------------------
(1) 1772/    1D22 :                     ; System_MdMcd_CdFade
(1) 1773/    1D22 :                     ;
(1) 1774/    1D22 :                     ; Fade the CDDA Volume
(1) 1775/    1D22 :                     ;
(1) 1776/    1D22 :                     ; Input:
(1) 1777/    1D22 :                     ; d0.w | Target volume:
(1) 1778/    1D22 :                     ;        $000-$400 - Min to Max
(1) 1779/    1D22 :                     ; d1.w | Fading speed:
(1) 1780/    1D22 :                     ;        $001-$200 - Slow to Fast
(1) 1781/    1D22 :                     ;             $400 - Set quick
(1) 1782/    1D22 :                     ;
(1) 1783/    1D22 :                     ; This calls Sub-Task $16
(1) 1784/    1D22 :                     ; --------------------------------------------------------
(1) 1785/    1D22 :                     
(1) 1786/    1D22 :                     System_MdMcd_CddaFade:
(1) 1795/    1D22 : 4E75                		rts
(1) 1796/    1D24 :                     
(1) 1797/    1D24 :                     ; --------------------------------------------------------
(1) 1798/    1D24 :                     ; DEFAULT Save filename for SEGA CD / CD32X
(1) 1799/    1D24 :                     ; --------------------------------------------------------
(1) 1800/    1D24 :                     
(1) 1801/    1D24 :                     def_SaveInfo:
(1) 1805/    1D24 : 4E49 4B4F 4E41      		dc.b HTAG_CDSAVE,0
             1D2A : 4344 5F5F 5F00    
(1) 1807/    1D30 : 0004                		dc.w (SET_SRAMSIZE/$40)
(1) 1808/    1D32 : 0000                		dc.w 0
(1) 1809/    1D34 :                     		align 2
(1) 1810/    1D34 :                     
(1) 1811/    1D34 :                     ; ====================================================================
(1) 1812/    1D34 :                     ; ----------------------------------------------------------------
(1) 1813/    1D34 :                     ; 32X and CD32X ONLY
(1) 1814/    1D34 :                     ; ----------------------------------------------------------------
(1) 1815/    1D34 :                     
(1) 1816/    1D34 :                     ; --------------------------------------------------------
(1) 1817/    1D34 :                     ; System_MdMars_SendData
(1) 1818/    1D34 :                     ;
(1) 1819/    1D34 :                     ; Transfers Genesis data to the 32X's SDRAM
(1) 1820/    1D34 :                     ; using DREQ
(1) 1821/    1D34 :                     ;
(1) 1822/    1D34 :                     ; Input:
(1) 1823/    1D34 :                     ; a0   | Source data
(1) 1824/    1D34 :                     ; a1.l | Destination in SH2's SDRAM area ($00xxxxxx)
(1) 1825/    1D34 :                     ; d0.l | Size, only 8-byte-aligned sizes allowed.
(1) 1826/    1D34 :                     ;
(1) 1827/    1D34 :                     ; Returns:
(1) 1828/    1D34 :                     ; a1   | New output SDRAM location
(1) 1829/    1D34 :                     ;
(1) 1830/    1D34 :                     ; Uses:
(1) 1831/    1D34 :                     ; d0/a4-a5,d5-d7
(1) 1832/    1D34 :                     ;
(1) 1833/    1D34 :                     ; Notes:
(1) 1834/    1D34 :                     ; - Call this during DISPLAY ONLY, NOT during VBlank.
(1) 1835/    1D34 :                     ; - MOST 32X EMULATORS WILL GET STUCK HERE
(1) 1836/    1D34 :                     ; --------------------------------------------------------
(1) 1837/    1D34 :                     
(1) 1838/    1D34 :                     System_MdMars_SendData:
(1) 1875/    1D34 :                     
(1) 1876/    1D34 :                     ; --------------------------------------------------------
(1) 1877/    1D34 :                     ; System_MdMars_Update
(1) 1878/    1D34 :                     ;
(1) 1879/    1D34 :                     ; Send a section of MD RAM to 32X's SDRAM
(1) 1880/    1D34 :                     ;
(1) 1881/    1D34 :                     ; Notes:
(1) 1882/    1D34 :                     ; Call this during DISPLAY ONLY
(1) 1883/    1D34 :                     ; --------------------------------------------------------
(1) 1884/    1D34 :                     
(1) 1885/    1D34 :                     System_MdMars_Update:
(1) 1939/    1D34 :                     
(1) 1940/    1D34 :                     ; ====================================================================
(1) 1941/    1D34 :                     ; ----------------------------------------------------------------
(1) 1942/    1D34 :                     ; SHARED for all
(1) 1943/    1D34 :                     ; ----------------------------------------------------------------
(1) 1944/    1D34 :                     
(1) 1945/    1D34 :                     ; --------------------------------------------------------
(1) 1946/    1D34 :                     ; System_SetDataBank
(1) 1947/    1D34 :                     ;
(1) 1948/    1D34 :                     ; Sets the current DATA bank depending of the system
(1) 1949/    1D34 :                     ;
(1) 1950/    1D34 :                     ; Input:
(1) 1951/    1D34 :                     ; d0 | Data location
(1) 1952/    1D34 :                     ;      SCD/CD32X: Data label for searching
(1) 1953/    1D34 :                     ;      the ISO filename in incl_list.asm
(1) 1954/    1D34 :                     ;
(1) 1955/    1D34 :                     ; Returns:
(1) 1956/    1D34 :                     ; bcc | Loaded bank without problem
(1) 1957/    1D34 :                     ; bcs | Bank not found on DISC (CD/CD32 ONLY)
(1) 1958/    1D34 :                     ;
(1) 1959/    1D34 :                     ; Uses:
(1) 1960/    1D34 :                     ; a4-a5,d5-d7
(1) 1961/    1D34 :                     ;
(1) 1962/    1D34 :                     ; Notes:
(1) 1963/    1D34 :                     ; - This code is shared to all systems, on CD/CD32X
(1) 1964/    1D34 :                     ;   this will load from DISC so transfer will be
(1) 1965/    1D34 :                     ;   slow.
(1) 1966/    1D34 :                     ; - CD/CD32X: Requires adding the ISO filename
(1) 1967/    1D34 :                     ;   in incl_list.asm
(1) 1968/    1D34 :                     ; - CD/CD32X: DO NOT CALL THIS WHEN STAMPS ARE BEING
(1) 1969/    1D34 :                     ;   ACTIVE, Load the stamp data with this
(1) 1970/    1D34 :                     ;   BEFORE enabling them.
(1) 1971/    1D34 :                     ; --------------------------------------------------------
(1) 1972/    1D34 :                     
(1) 1973/    1D34 :                     System_SetDataBank:
(1) 1974/    1D34 :                     	; CD/CD32X:
(1) 2022/    1D34 :                     
(1) 2023/    1D34 : 4E75                		rts			; *** KEEP THIS RTS ***
(1) 2024/    1D36 :                     
(1) 2025/    1D36 :                     ; ====================================================================
(1) 2026/    1D36 :                     ; ----------------------------------------------------------------
(1) 2027/    1D36 :                     ; Objects system
(1) 2028/    1D36 :                     ; ----------------------------------------------------------------
(1) 2029/    1D36 :                     
(1) 2030/    1D36 :                     ; --------------------------------------------------------
(1) 2031/    1D36 :                     ; Objects_Init
(1) 2032/    1D36 :                     ;
(1) 2033/    1D36 :                     ; Reset Objects system
(1) 2034/    1D36 :                     ; --------------------------------------------------------
(1) 2035/    1D36 :                     
(1) 2036/    1D36 :                     Objects_Init:
(1) 2037/    1D36 : 21FC 0000 0000      		move.l	#0,(RAM_CurrObjList).w
             1D3C : F172             
(1) 2038/    1D3E : 31FC 0000 F18E      		move.w	#0,(RAM_CurrObjNum).w
(1) 2039/    1D44 : 4E75                		rts
(1) 2040/    1D46 :                     
(1) 2041/    1D46 :                     ; --------------------------------------------------------
(1) 2042/    1D46 :                     ; Objects_Enable
(1) 2043/    1D46 :                     ;
(1) 2044/    1D46 :                     ; Enable Objects on the current screen
(1) 2045/    1D46 :                     ;
(1) 2046/    1D46 :                     ; Input:
(1) 2047/    1D46 :                     ; a0   | Objects buffer
(1) 2048/    1D46 :                     ; d0.w | Number of Objects to use
(1) 2049/    1D46 :                     ; --------------------------------------------------------
(1) 2050/    1D46 :                     
(1) 2051/    1D46 :                     Objects_Enable:
(1) 2052/    1D46 : 48E7 0102           		movem.l	d7/a6,-(sp)
(1) 2053/    1D4A : 2C48                		move.l	a0,a6
(1) 2054/    1D4C : 3E00                		move.w	d0,d7
(1) 2055/    1D4E : CEFC 0068           		mulu.w	#obj_len,d7
(1) 2056/    1D52 : 5347                		subq.w	#1,d7
(1) 2057/    1D54 :                     .clr_first:
(1) 2058/    1D54 : 421E                		clr.b	(a6)+
(1) 2059/    1D56 : 51CF FFFC           		dbf	d7,.clr_first
(1) 2060/    1D5A : 21C8 F172           		move.l	a0,(RAM_CurrObjList).w
(1) 2061/    1D5E : 31C0 F18E           		move.w	d0,(RAM_CurrObjNum).w
(1) 2062/    1D62 : 4CDF 4080           		movem.l	(sp)+,d7/a6
(1) 2063/    1D66 : 4E75                		rts
(1) 2064/    1D68 :                     
(1) 2065/    1D68 :                     ; --------------------------------------------------------
(1) 2066/    1D68 :                     ; Objects_Run
(1) 2067/    1D68 :                     ;
(1) 2068/    1D68 :                     ; Process ALL Objects
(1) 2069/    1D68 :                     ;
(1) 2070/    1D68 :                     ; Uses:
(1) 2071/    1D68 :                     ; ALL
(1) 2072/    1D68 :                     ;
(1) 2073/    1D68 :                     ; Notes:
(1) 2074/    1D68 :                     ; - ONLY CALL THIS ONCE PER FRAME
(1) 2075/    1D68 :                     ; --------------------------------------------------------
(1) 2076/    1D68 :                     
(1) 2077/    1D68 :                     Objects_Run:
(1) 2078/    1D68 : 2E38 F172           		move.l	(RAM_CurrObjList).w,d7
(1) 2079/    1D6C : 671E                		beq.s	.invld_num
(1) 2080/    1D6E : 2C47                		move.l	d7,a6
(1) 2081/    1D70 : 3E38 F18E           		move.w	(RAM_CurrObjNum).w,d7
(1) 2082/    1D74 : 6716                		beq.s	.invld_num
(1) 2083/    1D76 : 6B14                		bmi.s	.invld_num
(1) 2084/    1D78 :                     .next_one:
(1) 2085/    1D78 : 2C16                		move.l	obj_code(a6),d6
(1) 2086/    1D7A : 6708                		beq.s	.no_code
(1) 2087/    1D7C : 2F07                		move.l	d7,-(sp)
(1) 2088/    1D7E : 2A46                		move.l	d6,a5
(1) 2089/    1D80 : 4E95                		jsr	(a5)
(1) 2090/    1D82 : 2E1F                		move.l	(sp)+,d7
(1) 2091/    1D84 :                     .no_code:
(1) 2092/    1D84 : DCFC 0068           		adda	#obj_len,a6
(1) 2093/    1D88 : 51CF FFEE           		dbf	d7,.next_one
(1) 2094/    1D8C :                     .invld_num:
(1) 2095/    1D8C : 4E75                		rts
(1) 2096/    1D8E :                     
(1) 2097/    1D8E :                     ; --------------------------------------------------------
(1) 2098/    1D8E :                     ; Objects_Set, Objects_Make
(1) 2099/    1D8E :                     ;
(1) 2100/    1D8E :                     ; Set a new object into a specific slot.
(1) 2101/    1D8E :                     ;
(1) 2102/    1D8E :                     ; Input:
(1) 2103/    1D8E :                     ; d0.l | Object code pointer
(1) 2104/    1D8E :                     ;        If 0: DELETE the object including it's memory
(1) 2105/    1D8E :                     ; d1.b | Object sub-type (obj_subid)
(1) 2106/    1D8E :                     ; d2.w | Object slot
(1) 2107/    1D8E :                     ;        If -1: Auto-search starting from FIRST slot.
(1) 2108/    1D8E :                     ;
(1) 2109/    1D8E :                     ; Returns:
(1) 2110/    1D8E :                     ; bcc | Found free slot
(1) 2111/    1D8E :                     ; bcs | Ran-out of object slots
(1) 2112/    1D8E :                     ;
(1) 2113/    1D8E :                     ; Notes:
(1) 2114/    1D8E :                     ; If you are not using obj_subid you can ignore it,
(1) 2115/    1D8E :                     ; but it will contain the remains of d2 when you
(1) 2116/    1D8E :                     ; called this.
(1) 2117/    1D8E :                     ; --------------------------------------------------------
(1) 2118/    1D8E :                     
(1) 2119/    1D8E :                     Objects_Set:
(1) 2120/    1D8E : 48E7 0306           		movem.l	d6-d7/a5-a6,-(sp)
(1) 2121/    1D92 : 2C78 F172           		movea.l	(RAM_CurrObjList).w,a6
(1) 2122/    1D96 : 7E00                		moveq	#0,d7
(1) 2123/    1D98 : 3E02                		move.w	d2,d7
(1) 2124/    1D9A : CEFC 0068           		mulu.w	#obj_len,d7
(1) 2125/    1D9E : DCC7                		adda	d7,a6
(1) 2126/    1DA0 : 602E                		bra.s	objSet_Go
(1) 2127/    1DA2 :                     Objects_Make:
(1) 2128/    1DA2 : 48E7 0306           		movem.l	d6-d7/a5-a6,-(sp)
(1) 2129/    1DA6 : 2C78 F172           		movea.l	(RAM_CurrObjList).w,a6
(1) 2130/    1DAA : 3E38 F18E           		move.w	(RAM_CurrObjNum).w,d7
(1) 2131/    1DAE : 5347                		subq.w	#1,d7
(1) 2132/    1DB0 : 7C00                		moveq	#0,d6
(1) 2133/    1DB2 :                     .search:
(1) 2134/    1DB2 : BC78 F18E           		cmp.w	(RAM_CurrObjNum).w,d6
(1) 2135/    1DB6 : 6C0E                		bge.s	objSet_Error
(1) 2136/    1DB8 : 4A96                		tst.l	obj_code(a6)
(1) 2137/    1DBA : 6714                		beq.s	objSet_Go
(1) 2138/    1DBC : DCFC 0068           		adda	#obj_len,a6
(1) 2139/    1DC0 : 5246                		addq.w	#1,d6
(1) 2140/    1DC2 : 51CF FFEE           		dbf	d7,.search
(1) 2141/    1DC6 :                     objSet_Error:
(1) 2142/    1DC6 : 4CDF 60C0           		movem.l	(sp)+,d6-d7/a5-a6
(1) 2143/    1DCA : 44FC 0001           		move	#1,ccr			; Return carry (No slots)
(1) 2144/    1DCE : 4E75                		rts
(1) 2145/    1DD0 :                     objSet_Go:
(1) 2146/    1DD0 : 4A80                		tst.l	d0
(1) 2147/    1DD2 : 670A                		beq.s	.from_del
(1) 2148/    1DD4 : 2E00                		move.l	d0,d7
(1) 2149/    1DD6 : 2C87                		move.l	d7,obj_code(a6)
(1) 2150/    1DD8 : 1D41 001D           		move.b	d1,obj_subid(a6)
(1) 2151/    1DDC : 600C                		bra.s	.exit_this
(1) 2152/    1DDE :                     .from_del:
(1) 2153/    1DDE : 2A4E                		move.l	a6,a5			; Delete entire object
(1) 2154/    1DE0 : 3E3C 0067           		move.w	#obj_len-1,d7
(1) 2155/    1DE4 : 421D                .clr:		clr.b	(a5)+
(1) 2156/    1DE6 : 51CF FFFC           		dbf	d7,.clr
(1) 2157/    1DEA :                     .exit_this:
(1) 2158/    1DEA : 4CDF 60C0           		movem.l	(sp)+,d6-d7/a5-a6
(1) 2159/    1DEE : 003C 0001           		or	#1,ccr
(1) 2160/    1DF2 : 4E75                		rts
(1) 2161/    1DF4 :                     
(1) 2162/    1DF4 :                     ; ====================================================================
(1) 2163/    1DF4 :                     ; --------------------------------------------------------
(1) 2164/    1DF4 :                     ; Object functions
(1) 2165/    1DF4 :                     ; --------------------------------------------------------
(1) 2166/    1DF4 :                     
(1) 2167/    1DF4 :                     ; --------------------------------------------------------
(1) 2168/    1DF4 :                     ; object_Reset
(1) 2169/    1DF4 :                     ;
(1) 2170/    1DF4 :                     ; Resets the current object's memory, call this
(1) 2171/    1DF4 :                     ; at very beginning of your object's init code
(1) 2172/    1DF4 :                     ;
(1) 2173/    1DF4 :                     ; Input:
(1) 2174/    1DF4 :                     ; a6 | This object
(1) 2175/    1DF4 :                     ; --------------------------------------------------------
(1) 2176/    1DF4 :                     
(1) 2177/    1DF4 :                     object_Reset:
(1) 2178/    1DF4 : 48E7 0304           		movem.l	d6-d7/a5,-(sp)
(1) 2179/    1DF8 : 4BEE 0028           		lea	obj_ram(a6),a5
(1) 2180/    1DFC : 3C3C 003F           		move.w	#(obj_len-obj_ram)-1,d6
(1) 2181/    1E00 : 7E00                		moveq	#0,d7
(1) 2182/    1E02 : 1AC7                .clr_ram:	move.b	d7,(a5)+
(1) 2183/    1E04 : 51CE FFFC           		dbf	d6,.clr_ram
(1) 2184/    1E08 : 4CDF 20C0           		movem.l	(sp)+,d6-d7/a5
(1) 2185/    1E0C : 4E75                		rts
(1) 2186/    1E0E :                     
(1) 2187/    1E0E :                     ; --------------------------------------------------------
(1) 2188/    1E0E :                     ; object_ResetAnim
(1) 2189/    1E0E :                     ;
(1) 2190/    1E0E :                     ; Reset animation variables
(1) 2191/    1E0E :                     ; call this BEFORE using object_Animate
(1) 2192/    1E0E :                     ;
(1) 2193/    1E0E :                     ; Input:
(1) 2194/    1E0E :                     ; a6 | This object
(1) 2195/    1E0E :                     ; --------------------------------------------------------
(1) 2196/    1E0E :                     
(1) 2197/    1E0E :                     object_ResetAnim:
(1) 2198/    1E0E :                     ;  		clr.w	obj_anim_indx(a6)
(1) 2199/    1E0E :                     ;  		clr.b	obj_anim_spd(a6)
(1) 2200/    1E0E : 1D7C 00FF 0026      		move.b	#-1,obj_anim_icur(a6)
(1) 2201/    1E14 : 4E75                		rts
(1) 2202/    1E16 :                     
(1) 2203/    1E16 :                     ; --------------------------------------------------------
(1) 2204/    1E16 :                     ; object_Speed
(1) 2205/    1E16 :                     ;
(1) 2206/    1E16 :                     ; Moves the object using speed values set on
(1) 2207/    1E16 :                     ; obj_x_spd and obj_y_spd, updates obj_x and obj_y
(1) 2208/    1E16 :                     ;
(1) 2209/    1E16 :                     ; Input:
(1) 2210/    1E16 :                     ; a6 | This object
(1) 2211/    1E16 :                     ; --------------------------------------------------------
(1) 2212/    1E16 :                     
(1) 2213/    1E16 :                     object_Speed:
(1) 2214/    1E16 : 2F07                		move.l	d7,-(sp)
(1) 2215/    1E18 : 7E00                		moveq	#0,d7
(1) 2216/    1E1A : 3E2E 0016           		move.w	obj_x_spd(a6),d7
(1) 2217/    1E1E : 48C7                		ext.l	d7
(1) 2218/    1E20 : E187                		asl.l	#8,d7
(1) 2219/    1E22 : DFAE 0004           		add.l	d7,obj_x(a6)
(1) 2220/    1E26 : 7E00                		moveq	#0,d7
(1) 2221/    1E28 : 3E2E 0018           		move.w	obj_y_spd(a6),d7
(1) 2222/    1E2C : 48C7                		ext.l	d7
(1) 2223/    1E2E : E187                		asl.l	#8,d7
(1) 2224/    1E30 : DFAE 0008           		add.l	d7,obj_y(a6)
(1) 2225/    1E34 : 7E00                		moveq	#0,d7
(1) 2226/    1E36 : 3E2E 001A           		move.w	obj_z_spd(a6),d7
(1) 2227/    1E3A : 48C7                		ext.l	d7
(1) 2228/    1E3C : E187                		asl.l	#8,d7
(1) 2229/    1E3E : DFAE 000C           		add.l	d7,obj_z(a6)
(1) 2230/    1E42 : 2E1F                		move.l	(sp)+,d7
(1) 2231/    1E44 : 4E75                		rts
(1) 2232/    1E46 :                     
(1) 2233/    1E46 :                     ; --------------------------------------------------------
(1) 2234/    1E46 :                     ; object_Animate
(1) 2235/    1E46 :                     ;
(1) 2236/    1E46 :                     ; Animates the sprite with a animation script,
(1) 2237/    1E46 :                     ; modifies obj_frame with the frame to use
(1) 2238/    1E46 :                     ;
(1) 2239/    1E46 :                     ; Input:
(1) 2240/    1E46 :                     ; a6 | This object
(1) 2241/    1E46 :                     ; a0 | Animation data
(1) 2242/    1E46 :                     ; --------------------------------------------------------
(1) 2243/    1E46 :                     
(1) 2244/    1E46 :                     ; anim_data:
(1) 2245/    1E46 :                     ; 	dc.w .frame_1-anim_data
(1) 2246/    1E46 :                     ; 	dc.w .frame_2-anim_data
(1) 2247/    1E46 :                     ; 	;...
(1) 2248/    1E46 :                     ;
(1) 2249/    1E46 :                     ; .frame_num:
(1) 2250/    1E46 :                     ; 	dc.w speed			; Animation speed/delay
(1) 2251/    1E46 :                     ; 	dc.w frame_0,frame_1,...	; Frames list
(1) 2252/    1E46 :                     ; 	dc.w command			; End-of-data command
(1) 2253/    1E46 :                     ;
(1) 2254/    1E46 :                     ; commands:
(1) 2255/    1E46 :                     ; dc.w -1 		; Finish animation, stops at last frame.
(1) 2256/    1E46 :                     ; dc.w -2 		; Loop animation, goes back to index 0
(1) 2257/    1E46 :                     ; dc.w -3,to_indx	; Jump to index
(1) 2258/    1E46 :                     
(1) 2259/    1E46 :                     object_Animate:
(1) 2260/    1E46 : 48E7 0780           		movem.l	a0/d5-d7,-(sp)
(1) 2261/    1E4A : 7E00                		moveq	#0,d7
(1) 2262/    1E4C : 1E2E 0026            		move.b	obj_anim_icur(a6),d7
(1) 2263/    1E50 : BE6E 0022            		cmp.w	obj_anim_num(a6),d7
(1) 2264/    1E54 : 670E                 		beq.s	.sameThing
(1) 2265/    1E56 : 1D6E 0023 0026       		move.b	obj_anim_num+1(a6),obj_anim_icur(a6)
(1) 2266/    1E5C : 426E 0024            		clr.w	obj_anim_indx(a6)
(1) 2267/    1E60 : 422E 0027            		clr.b	obj_anim_spd(a6)
(1) 2268/    1E64 :                     .sameThing:
(1) 2269/    1E64 : 3E2E 0022            		move.w	obj_anim_num(a6),d7
(1) 2270/    1E68 : 0C07 00FF            		cmpi.b	#-1,d7
(1) 2271/    1E6C : 6748                 		beq.s	.return
(1) 2272/    1E6E : DE47                 		add.w	d7,d7
(1) 2273/    1E70 : 3E30 7000            		move.w	(a0,d7.w),d7
(1) 2274/    1E74 : 41F0 7000            		lea	(a0,d7.w),a0
(1) 2275/    1E78 : 3E18                 		move.w	(a0)+,d7
(1) 2276/    1E7A : 0C47 FFFF            		cmpi.w	#-1,d7
(1) 2277/    1E7E : 670C                 		beq.s	.keepspd
(1) 2278/    1E80 : 042E 0001 0027       		subi.b	#1,obj_anim_spd(a6)
(1) 2279/    1E86 : 6A2E                 		bpl.s	.return
(1) 2280/    1E88 : 1D47 0027           		move.b	d7,obj_anim_spd(a6)
(1) 2281/    1E8C :                     .keepspd:
(1) 2282/    1E8C : 7C00                 		moveq	#0,d6
(1) 2283/    1E8E : 3E2E 0024            		move.w	obj_anim_indx(a6),d7
(1) 2284/    1E92 : DE47                 		add.w	d7,d7
(1) 2285/    1E94 : 3C10                 		move.w	(a0),d6
(1) 2286/    1E96 : D0C7                 		adda	d7,a0
(1) 2287/    1E98 : 3A10                 		move.w	(a0),d5
(1) 2288/    1E9A : 0C45 FFFF            		cmpi.w	#-1,d5
(1) 2289/    1E9E : 6730                 		beq.s	.lastFrame	; finish
(1) 2290/    1EA0 : 0C45 FFFE            		cmpi.w	#-2,d5
(1) 2291/    1EA4 : 6712                 		beq.s	.noAnim		; loop animation
(1) 2292/    1EA6 : 0C45 FFFD            		cmpi.w	#-3,d5
(1) 2293/    1EAA : 671A                 		beq.s	.goToFrame
(1) 2294/    1EAC : 3D45 0020            		move.w	d5,obj_frame(a6)
(1) 2295/    1EB0 : 066E 0001 0024       		add.w	#1,obj_anim_indx(a6)
(1) 2296/    1EB6 :                     .return:
(1) 2297/    1EB6 : 601C                 		bra.s	.exit_anim
(1) 2298/    1EB8 :                     .noAnim:
(1) 2299/    1EB8 : 3D7C 0001 0024       		move.w	#1,obj_anim_indx(a6)
(1) 2300/    1EBE : 3A06                 		move.w	d6,d5
(1) 2301/    1EC0 : 3D45 0020            		move.w	d5,obj_frame(a6)
(1) 2302/    1EC4 : 600E                		bra.s	.exit_anim
(1) 2303/    1EC6 :                     .goToFrame:
(1) 2304/    1EC6 : 426E 0024           		clr.w	obj_anim_indx(a6)
(1) 2305/    1ECA : 3D68 0002 0024      		move.w	2(a0),obj_anim_indx(a6)
(1) 2306/    1ED0 :                     .lastFrame:
(1) 2307/    1ED0 : 422E 0027            		clr.b	obj_anim_spd(a6)
(1) 2308/    1ED4 :                     .exit_anim:
(1) 2309/    1ED4 : 4CDF 01E0           		movem.l	(sp)+,a0/d5-d7
(1) 2310/    1ED8 : 4E75                		rts
(1) 2311/    1EDA :                     
(1) 2312/    1EDA :                     ; --------------------------------------------------------
(1) 2313/    1EDA :                     ; object_Touch
(1) 2314/    1EDA :                     ;
(1) 2315/    1EDA :                     ; Detects collision with another Object
(1) 2316/    1EDA :                     ; from the Object's list, reads TOP to BOTTOM
(1) 2317/    1EDA :                     ;
(1) 2318/    1EDA :                     ; Input:
(1) 2319/    1EDA :                     ; a6   | This object
(1) 2320/    1EDA :                     ; d0.w | Start from slot
(1) 2321/    1EDA :                     ;
(1) 2322/    1EDA :                     ; Returns:
(1) 2323/    1EDA :                     ; d0.l | If Nothing: 0
(1) 2324/    1EDA :                     ;        If Found:   The target's RAM location
(1) 2325/    1EDA :                     ; --------------------------------------------------------
(1) 2326/    1EDA :                     
(1) 2327/    1EDA :                     object_Touch:
(1) 2328/    1EDA : 48E7 7F04           		movem.l	d1-d7/a5,-(sp)
(1) 2329/    1EDE : 7000                		moveq	#0,d0
(1) 2330/    1EE0 : 3C2E 0010           		move.w	obj_size_x(a6),d6	; Check if we have a valid size
(1) 2331/    1EE4 : 3A2E 0012           		move.w	obj_size_y(a6),d5
(1) 2332/    1EE8 : 8C45                		or.w	d5,d6
(1) 2333/    1EEA : 672C                		beq	.exit_this
(1) 2334/    1EEC : 2A78 F172           		movea.l	(RAM_CurrObjList).w,a5
(1) 2335/    1EF0 : 3C00                		move.w	d0,d6
(1) 2336/    1EF2 : CCFC 0068           		mulu.w	#obj_len,d6
(1) 2337/    1EF6 : DAC6                		adda	d6,a5
(1) 2338/    1EF8 : 3E00                		move.w	d0,d7
(1) 2339/    1EFA :                     .next:
(1) 2340/    1EFA : BE78 F18E           		cmp.w	(RAM_CurrObjNum).w,d7
(1) 2341/    1EFE : 6C16                		bge.s	.ran_out
(1) 2342/    1F00 : BBCE                		cmp.l	a6,a5			; If reading THIS object, skip
(1) 2343/    1F02 : 670A                		beq.s	.skip
(1) 2344/    1F04 : 4A95                		tst.l	obj_code(a5)		; This object has code?
(1) 2345/    1F06 : 6706                		beq.s	.skip
(1) 2346/    1F08 : 6114                		bsr.s	.check_this
(1) 2347/    1F0A : 4A40                		tst.w	d0			; Exit if Found.
(1) 2348/    1F0C : 660A                		bne.s	.exit_this
(1) 2349/    1F0E : DAFC 0068           .skip:		adda	#obj_len,a5
(1) 2350/    1F12 : 51CF FFE6           		dbf	d7,.next
(1) 2351/    1F16 :                     .ran_out:
(1) 2352/    1F16 : 7000                		moveq	#0,d0
(1) 2353/    1F18 :                     .exit_this:
(1) 2354/    1F18 : 4CDF 20FE           		movem.l	(sp)+,d1-d7/a5
(1) 2355/    1F1C : 4E75                		rts
(1) 2356/    1F1E :                     
(1) 2357/    1F1E :                     ; main check
(1) 2358/    1F1E :                     .check_this:
(1) 2359/    1F1E : 7000                		moveq	#0,d0			; Reset Return
(1) 2360/    1F20 :                     	; d6 - Y current top
(1) 2361/    1F20 :                     	; d5 - Y current bottom
(1) 2362/    1F20 :                     	; d4 - Y target top
(1) 2363/    1F20 :                     	; d3 - Y target bottom
(1) 2364/    1F20 :                     	; Check X
(1) 2365/    1F20 : 322E 0010           		move.w	obj_size_x(a6),d1	; $LLRR
(1) 2366/    1F24 : 6700 00B4           		beq	.not_ytop
(1) 2367/    1F28 : 3C2E 0004           		move.w	obj_x(a6),d6		; d6 - Left point
(1) 2368/    1F2C : 3A06                		move.w	d6,d5			; d5 - Right point
(1) 2369/    1F2E : 3401                		move.w	d1,d2
(1) 2370/    1F30 : E049                		lsr.w	#8,d1			; d1 - Left size
(1) 2371/    1F32 : 0242 00FF           		andi.w	#$FF,d2			; d2 - Right size
(1) 2372/    1F36 :                     ; 		lsl.w	#3,d1
(1) 2373/    1F36 :                     ; 		lsl.w	#3,d2
(1) 2374/    1F36 : 5342                		subq.w	#1,d2			; X right adjust
(1) 2375/    1F38 : 9C41                		sub.w	d1,d6
(1) 2376/    1F3A : DA42                		add.w	d2,d5
(1) 2377/    1F3C : 322D 0010           		move.w	obj_size_x(a5),d1	; $LLRR
(1) 2378/    1F40 : 6700 0098           		beq	.not_ytop
(1) 2379/    1F44 : 382D 0004           		move.w	obj_x(a5),d4		; d4 - Left point
(1) 2380/    1F48 : 3604                		move.w	d4,d3			; d3 - Right point
(1) 2381/    1F4A : 3401                		move.w	d1,d2
(1) 2382/    1F4C : E049                		lsr.w	#8,d1			; d1 - Left size
(1) 2383/    1F4E : 0242 00FF           		andi.w	#$FF,d2			; d2 - Right size
(1) 2384/    1F52 :                     ; 		lsl.w	#3,d1
(1) 2385/    1F52 :                     ; 		lsl.w	#3,d2
(1) 2386/    1F52 : 5342                		subq.w	#1,d2
(1) 2387/    1F54 : 9841                		sub.w	d1,d4
(1) 2388/    1F56 : D642                		add.w	d2,d3
(1) 2389/    1F58 : B646                		cmp.w	d6,d3
(1) 2390/    1F5A : 6D7E                		blt	.not_ytop
(1) 2391/    1F5C : B845                		cmp.w	d5,d4
(1) 2392/    1F5E : 6C7A                		bge	.not_ytop
(1) 2393/    1F60 :                     
(1) 2394/    1F60 :                     	; Check Y
(1) 2395/    1F60 : 322E 0012           		move.w	obj_size_y(a6),d1	; $LLRR
(1) 2396/    1F64 : 6774                		beq	.not_ytop
(1) 2397/    1F66 : 3C2E 0008           		move.w	obj_y(a6),d6		; d6 - Left point
(1) 2398/    1F6A : 3A06                		move.w	d6,d5			; d5 - Right point
(1) 2399/    1F6C : 3401                		move.w	d1,d2
(1) 2400/    1F6E : E049                		lsr.w	#8,d1			; d1 - Left size
(1) 2401/    1F70 : 0242 00FF           		andi.w	#$FF,d2			; d2 - Right size
(1) 2402/    1F74 :                     ; 		lsl.w	#3,d1
(1) 2403/    1F74 :                     ; 		lsl.w	#3,d2
(1) 2404/    1F74 : 5342                		subq.w	#1,d2
(1) 2405/    1F76 : 9C41                		sub.w	d1,d6
(1) 2406/    1F78 : DA42                		add.w	d2,d5
(1) 2407/    1F7A : 322D 0012           		move.w	obj_size_y(a5),d1	; $LLRR
(1) 2408/    1F7E : 675A                		beq	.not_ytop
(1) 2409/    1F80 : 382D 0008           		move.w	obj_y(a5),d4		; d4 - Left point
(1) 2410/    1F84 : 3604                		move.w	d4,d3			; d3 - Right point
(1) 2411/    1F86 : 3401                		move.w	d1,d2
(1) 2412/    1F88 : E049                		lsr.w	#8,d1			; d1 - Left size
(1) 2413/    1F8A : 0242 00FF           		andi.w	#$FF,d2			; d2 - Right size
(1) 2414/    1F8E :                     ; 		lsl.w	#3,d1
(1) 2415/    1F8E :                     ; 		lsl.w	#3,d2
(1) 2416/    1F8E : 5342                		subq.w	#1,d2
(1) 2417/    1F90 : 9841                		sub.w	d1,d4
(1) 2418/    1F92 : D642                		add.w	d2,d3
(1) 2419/    1F94 : B646                		cmp.w	d6,d3
(1) 2420/    1F96 : 6D42                		blt.s	.not_ytop
(1) 2421/    1F98 : B845                		cmp.w	d5,d4
(1) 2422/    1F9A : 6C3E                		bge.s	.not_ytop
(1) 2423/    1F9C :                     
(1) 2424/    1F9C :                     	; Special Z check
(1) 2425/    1F9C : 322E 0014           		move.w	obj_size_z(a6),d1	; $LLRR
(1) 2426/    1FA0 : 6736                		beq.s	.set_ok
(1) 2427/    1FA2 : 3C2E 000C           		move.w	obj_z(a6),d6		; d6 - Left point
(1) 2428/    1FA6 : 3A06                		move.w	d6,d5			; d5 - Right point
(1) 2429/    1FA8 : 3401                		move.w	d1,d2
(1) 2430/    1FAA : E049                		lsr.w	#8,d1			; d1 - Left size
(1) 2431/    1FAC : 0242 00FF           		andi.w	#$FF,d2			; d2 - Right size
(1) 2432/    1FB0 :                     ; 		lsl.w	#3,d1
(1) 2433/    1FB0 :                     ; 		lsl.w	#3,d2
(1) 2434/    1FB0 : 5342                		subq.w	#1,d2
(1) 2435/    1FB2 : 9C41                		sub.w	d1,d6
(1) 2436/    1FB4 : DA42                		add.w	d2,d5
(1) 2437/    1FB6 : 322D 0014           		move.w	obj_size_z(a5),d1	; $LLRR
(1) 2438/    1FBA : 671C                		beq.s	.set_ok
(1) 2439/    1FBC : 382D 000C           		move.w	obj_z(a5),d4		; d4 - Left point
(1) 2440/    1FC0 : 3604                		move.w	d4,d3			; d3 - Right point
(1) 2441/    1FC2 : 3401                		move.w	d1,d2
(1) 2442/    1FC4 : E049                		lsr.w	#8,d1			; d1 - Left size
(1) 2443/    1FC6 : 0242 00FF           		andi.w	#$FF,d2			; d2 - Right size
(1) 2444/    1FCA :                     ; 		lsl.w	#3,d1
(1) 2445/    1FCA :                     ; 		lsl.w	#3,d2
(1) 2446/    1FCA : 5342                		subq.w	#1,d2
(1) 2447/    1FCC : 9841                		sub.w	d1,d4
(1) 2448/    1FCE : D642                		add.w	d2,d3
(1) 2449/    1FD0 : B646                		cmp.w	d6,d3
(1) 2450/    1FD2 : 6D06                		blt	.not_ytop
(1) 2451/    1FD4 : B845                		cmp.w	d5,d4
(1) 2452/    1FD6 : 6C02                		bge	.not_ytop
(1) 2453/    1FD8 :                     .set_ok:
(1) 2454/    1FD8 : 200D                		move.l	a5,d0			; FOUND OBJECT
(1) 2455/    1FDA :                     .not_ytop:
(1) 2456/    1FDA : 4E75                		rts
(1) 2457/    1FDC :                     
(1) 2458/    1FDC :                     ; ============================================================
(1) 2459/    1FDC :                     ; --------------------------------------------------------
(1) 2460/    1FDC :                     ; object_MdMars_GetSprInfo
(1) 2461/    1FDC :                     ;
(1) 2462/    1FDC :                     ; Grabs info from the current object
(1) 2463/    1FDC :                     ; for Video_MdMars_MakeSpr2D and Video_MdMars_MakeSpr3D
(1) 2464/    1FDC :                     ;
(1) 2465/    1FDC :                     ; Input:
(1) 2466/    1FDC :                     ; a6   | This object
(1) 2467/    1FDC :                     ; d0.l | X/Y center: splitw(center_x,center_y)
(1) 2468/    1FDC :                     ;        Set to 0 for 3D Sprites
(1) 2469/    1FDC :                     ; d1.w | Flags
(1) 2470/    1FDC :                     ;
(1) 2471/    1FDC :                     ; Output:
(1) 2472/    1FDC :                     ; d0.l | X and Y position
(1) 2473/    1FDC :                     ; d1.l | Flags and Z Position
(1) 2474/    1FDC :                     ; d2.w | Current frame when using object_Animate
(1) 2475/    1FDC :                     ; --------------------------------------------------------
(1) 2476/    1FDC :                     
(1) 2477/    1FDC :                     object_MdMars_GetSprInfo:
(1) 2492/    1FDC : 4E75                		rts
(1) 2493/    1FDE :                     
     183/    1FDE :                     
     184/    1FDE :                     ; --------------------------------------------------------
     185/    1FDE :                     ; SCREEN MODE MAIN LOOP
     186/    1FDE :                     ;
     187/    1FDE :                     ;  MD/Pico: Direct ROM jump
     188/    1FDE :                     ; CD/CD32X: Reads file from DISC and
     189/    1FDE :                     ;           transfers code to RAM
     190/    1FDE :                     ;      32X: Code is stored on ROM but runs in
     191/    1FDE :                     ;           RAM to prevent conflicts with the
     192/    1FDE :                     ;           SH2
     193/    1FDE :                     ;
     194/    1FDE :                     ; - Returning(rts) in your current screen code return
     195/    1FDE :                     ;   here
     196/    1FDE :                     ; - CD/32X/CD32X:
     197/    1FDE :                     ;   This will turn OFF ALL special features
     198/    1FDE :                     ; --------------------------------------------------------
     199/    1FDE :                     
     200/    1FDE :                     Md_ReadModes:
     201/    1FDE : 007C 0700           		ori.w	#$0700,sr			; Disable interrupts
     209/    1FE2 : 7000                		moveq	#0,d0
     210/    1FE4 : 3038 F18A           		move.w	(RAM_ScreenMode).w,d0		; Read current screen number
     211/    1FE8 : C07C 007F           		and.w	#$7F,d0				; <-- CURRENT LIMIT
     212/    1FEC : E948                		lsl.w	#4,d0				; number * $10
     213/    1FEE : 41FB 000A           		lea	.screen_list(pc,d0.w),a0		; Read list
     214/    1FF2 :                     	; SCD/CD32X
     234/    1FF2 : 207B 0006           		movea.l	.screen_list(pc,d0.w),a0		; a0 - ROM location
     235/    1FF6 : 4E90                		jsr	(a0)
     237/    1FF8 : 60E4                		bra.s	Md_ReadModes			; Loop on rts
     238/    1FFA :                     
     239/    1FFA :                     ; ====================================================================
     240/    1FFA :                     
     241/    1FFA :                     		include "game/incl_list.asm"
(1)    1/    1FFA :                     ; ============================================================
(1)    2/    1FFA :                     ; --------------------------------------------------------
(1)    3/    1FFA :                     ; SCREEN CODE jump list sorted by ID (RAM_ScreenMode)
(1)    4/    1FFA :                     ;
(1)    5/    1FFA :                     ; - CODE banks are at: incl_code.asm
(1)    6/    1FFA :                     ; - For SCD/CD32X:
(1)    7/    1FFA :                     ;   Include the Start+End labels and ISO filename
(1)    8/    1FFA :                     ;   at iso_files.asm
(1)    9/    1FFA :                     ; --------------------------------------------------------
(1)   10/    1FFA :                     
(1)   11/    1FFA :                     .screen_list:
(1)   12/    1FFA : 0000 401C           		dc.l Md_Screen00	; ROM label
(1)   13/    1FFE : 5343 5245 454E      		dc.b "SCREEN00.BIN"	; ISO Filename
             2004 : 3030 2E42 494E    
(1)   14/    200A : 0000 401C           		dc.l Md_Screen00
(1)   15/    200E : 5343 5245 454E      		dc.b "SCREEN00.BIN"
             2014 : 3030 2E42 494E    
(1)   16/    201A : 0000 401C           		dc.l Md_Screen00
(1)   17/    201E : 5343 5245 454E      		dc.b "SCREEN00.BIN"
             2024 : 3030 2E42 494E    
(1)   18/    202A : 0000 401C           		dc.l Md_Screen00
(1)   19/    202E : 5343 5245 454E      		dc.b "SCREEN00.BIN"
             2034 : 3030 2E42 494E    
(1)   20/    203A : 0000 401C           		dc.l Md_Screen00
(1)   21/    203E : 5343 5245 454E      		dc.b "SCREEN00.BIN"
             2044 : 3030 2E42 494E    
(1)   22/    204A : 0000 401C           		dc.l Md_Screen00
(1)   23/    204E : 5343 5245 454E      		dc.b "SCREEN00.BIN"
             2054 : 3030 2E42 494E    
(1)   24/    205A : 0000 401C           		dc.l Md_Screen00
(1)   25/    205E : 5343 5245 454E      		dc.b "SCREEN00.BIN"
             2064 : 3030 2E42 494E    
(1)   26/    206A : 0000 41C0           		dc.l Md_Screen07
(1)   27/    206E : 5343 5245 454E      		dc.b "SCREEN07.BIN"
             2074 : 3037 2E42 494E    
(1)   28/    207A :                     
(1)   29/    207A :                     ; ============================================================
(1)   30/    207A :                     ; --------------------------------------------------------
(1)   31/    207A :                     ; CD/CD32X ONLY: Bank filenames at any order
(1)   32/    207A :                     ;
(1)   33/    207A :                     ; If you forget to reference the label it will crash
(1)   34/    207A :                     ; the entire SCD system.
(1)   35/    207A :                     ;
(1)   36/    207A :                     ; - Include the Start+End labels and ISO filename
(1)   37/    207A :                     ;   at iso_files.asm
(1)   38/    207A :                     ; --------------------------------------------------------
(1)   39/    207A :                     
(1)   40/    207A :                     disc_banklist:
(1)   41/    207A : 0000 4EDA           		dc.l DATA_BANK0		; Start Label
(1)   42/    207E : 424E 4B5F 4D41      		dc.b "BNK_MAIN.BIN"	; ISO filename
             2084 : 494E 2E42 494E    
(1)   43/    208A : FFFF FFFF           		dc.l -1			; END-OF-LIST
(1)   44/    208E :                     
     242/    208E :                     		align 2
     243/    208E :                     
     244/    208E :                     ; ====================================================================
     245/    208E :                     
     252/    208E :                     
     253/    208E :                     Md_SysCode_e:
     254/    208E :                     		align 2
     255/    208E :                     
     256/    208E :                     ; ===========================================================================
     257/    208E :                     ; ----------------------------------------------------------------
     258/    208E :                     ; DATA section shared on both Cartridge or Disc
     259/    208E :                     ; ----------------------------------------------------------------
     260/    208E :                     
     261/    208E :                     ; --------------------------------------------------------
     262/    208E :                     ; CD/CD32X ISO header and files
     263/    208E :                     ; --------------------------------------------------------
     264/    208E :                     
     279/    208E :                     
     280/    208E :                     ; ===========================================================================
     281/    208E :                     ; --------------------------------------------------------
     282/    208E :                     ; Z80 driver include
     283/    208E :                     ;
     284/    208E :                     ; SCD/CD32X: Stored on DISC
     285/    208E :                     ; --------------------------------------------------------
     286/    208E :                     
     294/    208E :                     Z80_CODE:
     298/    208E :                     		include "sound/drv/gema_zdrv.asm"
(1)    1/    208E :                     ; ===========================================================================
(1)    2/    208E :                     ; -------------------------------------------------------------------
(1)    3/    208E :                     ; GEMA Z80 code
(1)    4/    208E :                     ; -------------------------------------------------------------------
(1)    5/    208E :                     
(1)    6/       0 :                     		phase 0
(1)    7/       0 :                     		cpu Z80		; Enter Z80 CPU
(1)    8/       0 :                     
(1)    9/       0 :                     ; --------------------------------------------------------
(1)   10/       0 :                     ; SETTINGS
(1)   11/       0 :                     ; --------------------------------------------------------
(1)   12/       0 :                     
(1)   13/       0 :                     ; !! = HARDCODED
(1)   14/       0 : =9H                  MAX_TRFRPZ	equ 9		; !! Max readRom packets(bytes) **AFFECTS WAVE QUALITY**
(1)   15/       0 : =20H                 MAX_TRKCHN	equ 32		; !! Max internal shared tracker channel slots *** MSB alinged ***
(1)   16/       0 : =20H                 MAX_RCACH	equ 20h		; !! Max storage for ROM pattern data *** 1-BIT SIZES ONLY, MUST BE LSB ALIGNED ***
(1)   17/       0 : =8H                  MAX_BUFFNTRY	equ 4*2		; !! nikona_BuffList buffer entry size **HARDCODED
(1)   18/       0 : =3H                  MAX_SLOTS	equ 3		; !! Number of track buffers
(1)   19/       0 : =20H                 MAX_ZCMND	equ 20h		; !! Size of command array ** 1-bit SIZES ONLY ** (68k uses this label too)
(1)   20/       0 : =12H                 MAX_TBLSIZE	equ 12h		; Maximum size for chip table arrays
(1)   21/       0 :                     ;!@ MAX_TRKINDX	equ 26		; Max channel indexes per buffer: 4PSG+6FM+8PCM+8PWM
(1)   22/       0 : =1BH                 MAX_TRKINDX	equ 27		; Max channel indexes per buffer: 4PSG+6FM+8PCM+8PWM+1PCO
(1)   23/       0 :                     
(1)   24/       0 :                     ; --------------------------------------------------------
(1)   25/       0 :                     ; Structs
(1)   26/       0 :                     ; --------------------------------------------------------
(1)   27/       0 :                     
(1)   28/       0 :                     ; trkBuff struct
(1)   29/       0 :                     ;
(1)   30/       0 :                     ; seq_Status: %ERP- V--0
(1)   31/       0 :                     ; E - enabled
(1)   32/       0 :                     ; R - Init|Restart track
(1)   33/       0 :                     ; P - refill-on-playback
(1)   34/       0 :                     ; V - volume change flag
(1)   35/       0 :                     ; 0 - Use global sub-beats
(1)   36/       0 : =0H                  seq_Status	equ 00h	; ** Slot Status and flags (MUST BE at 00h)
(1)   37/       0 : =1H                  seq_Num		equ 01h ; ** Sequence number
(1)   38/       0 : =2H                  seq_SetBlk	equ 02h	; ** Start on this block
(1)   39/       0 : =3H                  seq_TickSet	equ 03h	; ** Ticks for this track
(1)   40/       0 : =4H                  seq_Blocks	equ 04h ; ** [W] Current track's blocks
(1)   41/       0 : =6H                  seq_Patt	equ 06h ; ** [W] Current track's heads and patterns
(1)   42/       0 : =8H                  seq_Cach	equ 08h	; ** [W] Current track's cache notedata
(1)   43/       0 : =0AH                 seq_Read	equ 0Ah	; [W] Track current pattern read
(1)   44/       0 : =0CH                 seq_Rows	equ 0Ch	; [W] Track row counter
(1)   45/       0 : =0EH                 seq_VolMaster	equ 0Eh ; [W] Master volume for this track slot (00-max), +80h update
(1)   46/       0 : =10H                 seq_cachHalf	equ 10h ; ROM-cache halfcheck
(1)   47/       0 : =11H                 seq_rowPause	equ 11h	; Row-pause timer
(1)   48/       0 : =12H                 seq_TickTmr	equ 12h	; Ticks timer
(1)   49/       0 : =13H                 seq_currBlk	equ 13h	; Current block
(1)   50/       0 : =14H                 seq_Priority	equ 14h ; Priority level for this buffer
(1)   51/       0 : =15H                 seq_BankHeads	equ 15h ; Header bank
(1)   52/       0 : =16H                 seq_BankBlk	equ 16h	; Block bank
(1)   53/       0 : =17H                 seq_MaxChnl	equ 17h ; MAX channels used in this track
(1)   54/       0 : =18H                 seq_VolFdTarget	equ 18h	; Target fade volume
(1)   55/       0 : =19H                 seq_RomPattRead	equ 19h ; [3b] ROM current pattern data to be cache'd
(1)   56/       0 : =1CH                 seq_RomPatt	equ 1Ch ; [3b] ROM BASE pattern data
(1)   57/       0 : =1FH                 seq_RomInst	equ 1Fh ; [3b] ROM instrument data
(1)   58/       0 : =22H                 seq_RomBlks	equ 22h ; [3b] ROM blocks data
(1)   59/       0 : =25H                 seq_ChnIndx	equ 25h	; CHANNEL INDEXING START HERE
(1)   60/       0 :                     
(1)   61/       0 :                     ; chnBuff struct, 8 BYTES ONLY.
(1)   62/       0 :                     ;
(1)   63/       0 :                     ; chnl_Flags: E0LRevin
(1)   64/       0 :                     ; 	 E - Channel is active
(1)   65/       0 :                     ; 	LR - 1-bit Left/Right panning bits: 0-ON 1-OFF
(1)   66/       0 :                     ; 	 e - Effect*
(1)   67/       0 :                     ; 	 v - Volume*
(1)   68/       0 :                     ; 	 i - Intrument*
(1)   69/       0 :                     ; 	 n - Note*
(1)   70/       0 :                     
(1)   71/       0 : =0H                  chnl_Flags	equ 0	; !! Playback flags: %E0LRevin ** MUST BE LOCATED AT 0 **
(1)   72/       0 : =1H                  chnl_Chip	equ 1	; %ccccpppp c - Current Chip ID / p - Priority level
(1)   73/       0 : =2H                  chnl_Note	equ 2	; IT Music note or command
(1)   74/       0 : =3H                  chnl_Ins	equ 3	; IT Instrument starting from 1 (0 is invalid)
(1)   75/       0 : =4H                  chnl_Vol	equ 4	; IT Volume: MAX(64) to MIN(0)
(1)   76/       0 : =5H                  chnl_EffId	equ 5	; IT Effect number
(1)   77/       0 : =6H                  chnl_EffArg	equ 6	; IT Effect argument
(1)   78/       0 : =7H                  chnl_Type	equ 7	; Impulse type bits
(1)   79/       0 :                     
(1)   80/       0 :                     
(1)   81/       0 :                     ; Table struct
(1)   82/       0 : =0H                  ztbl_Link	equ 00h			; !! current linked channel in trkChnls
(1)   83/       0 : =2H                  ztbl_Priority	equ 02h			; !! 00h-7Fh: Priority level 0-15 + 80h+chipID Silence request
(1)   84/       0 : =3H                  ztbl_Chip	equ 03h			; !! Chip index (YM2612: direct index) *MUST BE ON THE LIST*
(1)   85/       0 : =4H                  ztbl_MasterVol	equ 04h			; MASTER volume for this channel
(1)   86/       0 : =5H                  ztbl_FreqIndx	equ 05h			; Frequency list index (YM2612: %oooiiiii oct|index)
(1)   87/       0 : =6H                  ztbl_PitchBend	equ 06h			; Pitchbend incr/decr
(1)   88/       0 : =7H                  ztbl_Volume	equ 07h			; Current Volume: 00-max
(1)   89/       0 : =8H                  ztbl_VolSlide	equ 08h			; Volume slide incr/decr
(1)   90/       0 : =0AH                 ztbl_InstCach	equ 0Ah			; <-- 8 bytes
(1)   91/       0 :                     
(1)   92/       0 :                     ; --------------------------------------------------------
(1)   93/       0 :                     ; Variables
(1)   94/       0 :                     ; --------------------------------------------------------
(1)   95/       0 :                     
(1)   96/       0 :                     ; Z80 opcode labels for the wave playback routines
(1)   97/       0 : =0H                  zopcNop		equ 00h
(1)   98/       0 : =8H                  zopcEx		equ 08h
(1)   99/       0 : =0C9H                zopcRet		equ 0C9h
(1)  100/       0 : =0D9H                zopcExx		equ 0D9h		; (dac_me ONLY)
(1)  101/       0 : =0F5H                zopcPushAf	equ 0F5h		; (dac_fill ONLY)
(1)  102/       0 :                     
(1)  103/       0 :                     ; PSG
(1)  104/       0 : =0H                  COM		equ 0
(1)  105/       0 : =4H                  LEV		equ 4
(1)  106/       0 : =8H                  ATK		equ 8
(1)  107/       0 : =0CH                 DKY		equ 12
(1)  108/       0 : =10H                 SLV		equ 16
(1)  109/       0 : =14H                 RRT		equ 20
(1)  110/       0 : =18H                 MODE		equ 24
(1)  111/       0 : =1CH                 DTL		equ 28
(1)  112/       0 : =20H                 DTH		equ 32
(1)  113/       0 : =24H                 ALV		equ 36
(1)  114/       0 : =28H                 FLG		equ 40
(1)  115/       0 : =2CH                 ARP		equ 44
(1)  116/       0 : =30H                 MVOL		equ 48
(1)  117/       0 : =34H                 EFFV		equ 52
(1)  118/       0 : =38H                 PTMR		equ 56
(1)  119/       0 :                     
(1)  120/       0 :                     ; --------------------------------------------------------
(1)  121/       0 :                     ; Constants
(1)  122/       0 :                     ; --------------------------------------------------------
(1)  123/       0 :                     
(1)  124/       0 :                     ;Chip types channelIDs
(1)  125/       0 : =80H                 cht_PSG			equ	080h	;PSG
(1)  126/       0 : =90H                 cht_PSGN		equ	090h	;PSG Noise
(1)  127/       0 : =0A0H                cht_FM			equ	0A0h	;FM 1-2,4-5
(1)  128/       0 : =0B0H                cht_FM3sp		equ	0B0h	;FM3
(1)  129/       0 : =0C0H                cht_FM6DAC		equ	0C0h	;FM6/DAC
(1)  130/       0 : =0D0H                cht_PCM			equ	0D0h	;Sega CD  PCM
(1)  131/       0 : =0E0H                cht_PWM			equ	0E0h	;Sega 32x PWM
(1)  132/       0 : =0F0H                cht_PCO			equ	0F0h	;SegaPico PCO
(1)  133/       0 :                     
(1)  134/       0 :                     ; ====================================================================
(1)  135/       0 :                     ; --------------------------------------------------------
(1)  136/       0 :                     ; Code starts here
(1)  137/       0 :                     ; --------------------------------------------------------
(1)  138/       0 :                     
(1)  139/       0 : F3                  		di			; Disable interrupts
(1)  140/       1 : ED 56               		im	1		; Interrupt mode 1
(1)  141/       3 : 31 00 20            		ld	sp,2000h	; Set STACK at the end of Z80
(1)  142/       6 : 18 36               		jr	z80_init	; Jump to z80_init
(1)  143/       8 :                     
(1)  144/       8 :                     ; --------------------------------------------------------
(1)  145/       8 :                     ; RST 8 (dac_me)
(1)  146/       8 :                     ;
(1)  147/       8 :                     ; Writes wave data to DAC using data stored
(1)  148/       8 :                     ; on the wave buffer, call this routine every 6 or 8
(1)  149/       8 :                     ; instructions to keep the samplerate stable.
(1)  150/       8 :                     ;
(1)  151/       8 :                     ; Input (EXX):
(1)  152/       8 :                     ;  c - WAVE buffer MSB
(1)  153/       8 :                     ; de - Pitch (xx.00)
(1)  154/       8 :                     ; h  - WAVE buffer LSB (as xx.00)
(1)  155/       8 :                     ;
(1)  156/       8 :                     ; Uses (EXX):
(1)  157/       8 :                     ; b
(1)  158/       8 :                     ;
(1)  159/       8 :                     ; Notes:
(1)  160/       8 :                     ; ONLY USE dac_on and dac_off to turn OFF/ON
(1)  161/       8 :                     ; DAC playback
(1)  162/       8 :                     ;
(1)  163/       8 :                     ; Samplerate is 16000hz with minimal quality loss.
(1)  164/       8 :                     ; --------------------------------------------------------
(1)  165/       8 :                     
(1)  166/       8 :                     ; EXX set:
(1)  167/       8 :                     ; af - temporal
(1)  168/       8 :                     ; bc - l temporal | dWaveBuff MSB
(1)  169/       8 :                     ; de - pitch increment
(1)  170/       8 :                     ; hl - wave buffer position 00.00h
(1)  171/       8 :                     		org 8
(1)  172/       8 : D9                  dac_me:		exx			; * flip registers | Changes between EXX(play) and RET(stop)
(1)  173/       9 : 08                  		ex	af,af'		; Swap af
(1)  174/       A : 45                  		ld	b,l		; Save old hl buff
(1)  175/       B : 6C                  		ld	l,h		;
(1)  176/       C : 61                  		ld	h,c		; h - Set buffer MSB
(1)  177/       D : 3E 2A               		ld	a,2Ah		;
(1)  178/       F : 32 00 40            		ld	(Zym_ctrl_1),a	; Set YM Register 2Ah
(1)  179/      12 : 7E                  		ld	a,(hl)		; Read wave byte and
(1)  180/      13 : 32 01 40            		ld	(Zym_data_1),a	; write it to DAC
(1)  181/      16 : 65                  		ld	h,l		; Get hl buff back
(1)  182/      17 : 68                  		ld	l,b		;
(1)  183/      18 : 19                  		add	hl,de		; Pitch increment hl
(1)  184/      19 : 08                  		ex	af,af'		; Return af
(1)  185/      1A : D9                  		exx			; * return regs
(1)  186/      1B : C9                  		ret
(1)  187/      1C :                     
(1)  188/      1C :                     ; --------------------------------------------------------
(1)  189/      1C :                     ; 1Ch - Master tracklist pointer
(1)  190/      1C :                     gemaMstrListPos:
(1)  191/      1C : 00                  		db 0			; ** 32-bit 68k address **
(1)  192/      1D : 00                  		db 0
(1)  193/      1E : 00                  		db 0
(1)  194/      1F : 00                  		db 0
(1)  195/      20 :                     
(1)  196/      20 :                     ; --------------------------------------------------------
(1)  197/      20 :                     ; RST 20h (dac_me)
(1)  198/      20 :                     ; *** self-modifiable code ***
(1)  199/      20 :                     ;
(1)  200/      20 :                     ; Checks if the WAVE cache needs refilling to keep
(1)  201/      20 :                     ; it playing.
(1)  202/      20 :                     ; --------------------------------------------------------
(1)  203/      20 :                     
(1)  204/      20 :                     		org 20h
(1)  205/      20 : F5                  dac_fill:	push	af		; Save af | Changes between PUSH AF(play) and RET(stop)
(1)  206/      21 : 3A 37 00            		ld	a,(dDacFifoMid)	; a - Get half-way value
(1)  207/      24 : D9                  		exx			; * flip registers
(1)  208/      25 : AC                  		xor	h		; Grab LSB.00
(1)  209/      26 : D9                  		exx			; * restore regs
(1)  210/      27 : E6 80               		and	80h		; Check if LSB 7th bit changed
(1)  211/      29 : C4 56 12            		call	nz,dac_refill	; If yes, call refill and update LSB
(1)  212/      2C : F1                  		pop	af		; Restore af
(1)  213/      2D : C9                  		ret
(1)  214/      2E :                     
(1)  215/      2E :                     ; --------------------------------------------------------
(1)  216/      2E :                     ; 02Eh - User read/write values
(1)  217/      2E :                     
(1)  218/      2E : 00                  commZRead	db 0			; cmd fifo READ pointer (here)
(1)  219/      2F : 00                  psgHatMode	db 0			; Current PSGN mode
(1)  220/      30 : 00                  fmSpecial	db 0			; copy of FM3 enable bit
(1)  221/      31 : 00 00               sbeatAcc	dw 0			; Accumulates on each tick to trigger the sub beats
(1)  222/      33 : D6 00               sbeatPtck	dw 214			; Default global subbeats (this-32 for PAL) 214=125
(1)  223/      35 : 00                  x68ksrclsb	db 0			; readRom temporal LSB
(1)  224/      36 : 00                  x68ksrcmid	db 0			; readRom temporal MID
(1)  225/      37 : 00                  dDacFifoMid	db 0			; WAVE play halfway refill flag (00h/80h)
(1)  226/      38 :                     
(1)  227/      38 :                     ; --------------------------------------------------------
(1)  228/      38 :                     ; Z80 Interrupt at 0038h
(1)  229/      38 :                     ; --------------------------------------------------------
(1)  230/      38 :                     
(1)  231/      38 :                     		org 38h				; Align 38h
(1)  232/      38 : ED 73 0C 1C         		ld	(tickSpSet),sp		; Write TICK flag using current sp (read tickFlag only)
(1)  233/      3C : F3                  		di				; Disable interrupt
(1)  234/      3D : C9                  		ret
(1)  235/      3E :                     
(1)  236/      3E :                     ; --------------------------------------------------------
(1)  237/      3E :                     ; Initialize
(1)  238/      3E :                     ; --------------------------------------------------------
(1)  239/      3E :                     
(1)  240/      3E :                     z80_init:
(1)  241/      3E : CD 31 0F            		call	gema_init		; Init values
(1)  242/      41 :                     
(1)  243/      41 :                     ; --------------------------------------------------------
(1)  244/      41 :                     ; MAIN LOOP
(1)  245/      41 :                     ; --------------------------------------------------------
(1)  246/      41 :                     
(1)  247/      41 :                     drv_loop:
(1)  248/      41 : CF                  		rst	8
(1)  249/      42 : CD A3 0F            		call	get_tick		; Check tick on VBlank
(1)  250/      45 : E7                  		rst	20h			; Refill wave here
(1)  251/      46 : CF                  		rst	8
(1)  252/      47 : 06 00               		ld	b,0			; b - Reset current flags (beat|tick)
(1)  253/      49 : 3A 0E 1C            		ld	a,(tickCnt)		; Decrement tick counter
(1)  254/      4C : D6 01               		sub	1
(1)  255/      4E : 38 0B               		jr	c,.noticks		; If non-zero, no tick passed.
(1)  256/      50 : 32 0E 1C            		ld	(tickCnt),a
(1)  257/      53 : CD 7B 10            		call	chip_env		; Process PSG and YM
(1)  258/      56 : CD A3 0F            		call	get_tick		; Check for another tick
(1)  259/      59 : 06 01               		ld 	b,01b			; Set TICK and clear BEAT flags (01b)
(1)  260/      5B :                     .noticks:
(1)  261/      5B : 3A 32 00            		ld	a,(sbeatAcc+1)		; check beat counter (scaled by tempo)
(1)  262/      5E : D6 01               		sub	1
(1)  263/      60 : 38 06               		jr	c,.nobeats
(1)  264/      62 : CF                  		rst	8
(1)  265/      63 : 32 32 00            		ld	(sbeatAcc+1),a		; 1/24 beat passed.
(1)  266/      66 : CB C8               		set	1,b			; Set BEAT (10b) flag
(1)  267/      68 :                     .nobeats:
(1)  268/      68 : CF                  		rst	8
(1)  269/      69 : 78                  		ld	a,b			; Any beat/tick bits set?
(1)  270/      6A : B7                  		or	a
(1)  271/      6B : 28 15               		jr	z,.neither
(1)  272/      6D : 32 0F 1C            		ld	(currTickBits),a	; Save BEAT/TICK bits
(1)  273/      70 : E7                  		rst	20h
(1)  274/      71 : CF                  		rst	8
(1)  275/      72 : CD A3 0F            		call	get_tick
(1)  276/      75 : CD FE 05            		call	set_chips		; Process sound chips
(1)  277/      78 : CD A3 0F            		call	get_tick
(1)  278/      7B : CF                  		rst	8
(1)  279/      7C : CD 26 02            		call	upd_seq			; Read sequences
(1)  280/      7F : CD A3 0F            		call	get_tick
(1)  281/      82 :                     .neither:
(1)  282/      82 : E7                  		rst	20h
(1)  289/      83 : CF                  		rst	8
(1)  290/      84 : 00                  		nop
(1)  291/      85 : 00                  		nop
(1)  292/      86 : 00                  		nop
(1)  293/      87 : CD A3 0F            		call	get_tick
(1)  294/      8A : CF                  		rst	8
(1)  296/      8B :                     .next_cmd:
(1)  297/      8B : 3A 80 1F            		ld	a,(commZWrite)		; Check if commZ R/W indexes
(1)  298/      8E : 47                  		ld	b,a			; are in the same spot a == b
(1)  299/      8F : 3A 2E 00            		ld	a,(commZRead)
(1)  300/      92 : B8                  		cp	b			; If equal, no changes.
(1)  301/      93 : 28 AC               		jr	z,drv_loop
(1)  302/      95 : CF                  		rst	8
(1)  303/      96 : CD AE 00            		call	.grab_arg		; Get command start flag -1
(1)  304/      99 : FE FF               		cp	-1
(1)  305/      9B : 20 A4               		jr	nz,drv_loop		; If not, end of command
(1)  306/      9D : CD AE 00            		call	.grab_arg		; Read command number
(1)  307/      A0 : 87                  		add	a,a			; num*2
(1)  308/      A1 : 21 CD 00            		ld	hl,.list		; Index-jump
(1)  309/      A4 : 16 00               		ld	d,0
(1)  310/      A6 : 5F                  		ld	e,a
(1)  311/      A7 : 19                  		add	hl,de
(1)  312/      A8 : 7E                  		ld	a,(hl)
(1)  313/      A9 : 23                  		inc	hl
(1)  314/      AA : 66                  		ld	h,(hl)
(1)  315/      AB : CF                  		rst	8
(1)  316/      AC : 6F                  		ld	l,a
(1)  317/      AD : E9                  		jp	(hl)			; Jump to label
(1)  318/      AE :                     
(1)  319/      AE :                     ; --------------------------------------------------------
(1)  320/      AE :                     ; Read cmd byte
(1)  321/      AE :                     ; --------------------------------------------------------
(1)  322/      AE :                     
(1)  323/      AE :                     .grab_arg:
(1)  324/      AE : D5                  		push	de
(1)  325/      AF : E5                  		push	hl
(1)  326/      B0 :                     .getcbytel:
(1)  327/      B0 : 3A 80 1F            		ld	a,(commZWrite)
(1)  328/      B3 : 57                  		ld	d,a
(1)  329/      B4 : CF                  		rst	8
(1)  330/      B5 : 3A 2E 00            		ld	a,(commZRead)
(1)  331/      B8 : BA                  		cp	d			; commZ R/W indexes are the same?
(1)  332/      B9 : 28 F5               		jr	z,.getcbytel		; wait until these counters change.
(1)  333/      BB : 16 00               		ld	d,0
(1)  334/      BD : 5F                  		ld	e,a
(1)  335/      BE : 21 60 1F            		ld	hl,commZfifo		; Read commZ list + index
(1)  336/      C1 : 19                  		add	hl,de
(1)  337/      C2 : CF                  		rst	8
(1)  338/      C3 : 3C                  		inc	a
(1)  339/      C4 : E6 1F               		and	MAX_ZCMND-1		; ** commZ list buffer limit
(1)  340/      C6 : 32 2E 00            		ld	(commZRead),a
(1)  341/      C9 : 7E                  		ld	a,(hl)			; a - got this byte from the buffer
(1)  342/      CA : E1                  		pop	hl
(1)  343/      CB : D1                  		pop	de
(1)  344/      CC : C9                  		ret
(1)  345/      CD :                     
(1)  346/      CD :                     ; --------------------------------------------------------
(1)  347/      CD :                     
(1)  348/      CD :                     .list:
(1)  349/      CD : DD 00               		dw .cmnd_0		; 00h - TESTING
(1)  350/      CF : E0 00               		dw .cmnd_1		; 01h - Set Master tracklist
(1)  351/      D1 : F9 00               		dw .cmnd_2		; 02h - Play by track number
(1)  352/      D3 : 33 01               		dw .cmnd_3		; 03h - Stop by track number
(1)  353/      D5 : DD 00               		dw .cmnd_0		; 04h - (free)
(1)  354/      D7 : 71 01               		dw .cmnd_5		; 05h - Fade volume (FadeIn/FadeOut)
(1)  355/      D9 : AA 01               		dw .cmnd_6		; 06h - Set maximum volume to slot
(1)  356/      DB : E3 01               		dw .cmnd_7		; 07h - Set GLOBAL sub-beats
(1)  357/      DD :                     
(1)  358/      DD :                     ; --------------------------------------------------------
(1)  359/      DD :                     ; Command 00h
(1)  360/      DD :                     ;
(1)  361/      DD :                     ; Reserved for TESTING purposes.
(1)  362/      DD :                     ; --------------------------------------------------------
(1)  363/      DD :                     
(1)  364/      DD :                     .cmnd_0:
(1)  365/      DD : C3 8B 00            		jp	.next_cmd
(1)  366/      E0 :                     
(1)  367/      E0 :                     ; --------------------------------------------------------
(1)  368/      E0 :                     ; Command 01h:
(1)  369/      E0 :                     ;
(1)  370/      E0 :                     ; Set the Track MASTER-list.
(1)  371/      E0 :                     ; --------------------------------------------------------
(1)  372/      E0 :                     
(1)  373/      E0 :                     .cmnd_1:
(1)  374/      E0 : 21 1F 00            		ld	hl,gemaMstrListPos+3	; 32-bit big endian
(1)  375/      E3 : CD AE 00            		call	.grab_arg		; $000000xx
(1)  376/      E6 : 77                  		ld	(hl),a
(1)  377/      E7 : 2B                  		dec	hl
(1)  378/      E8 : CD AE 00            		call	.grab_arg		; $0000xx00
(1)  379/      EB : 77                  		ld	(hl),a
(1)  380/      EC : 2B                  		dec	hl
(1)  381/      ED : CD AE 00            		call	.grab_arg		; $00xx0000
(1)  382/      F0 : 77                  		ld	(hl),a
(1)  383/      F1 : 2B                  		dec	hl
(1)  384/      F2 : CD AE 00            		call	.grab_arg		; $xx000000 (filler)
(1)  385/      F5 : 77                  		ld	(hl),a
(1)  386/      F6 : C3 8B 00            		jp	.next_cmd
(1)  387/      F9 :                     
(1)  388/      F9 :                     ; --------------------------------------------------------
(1)  389/      F9 :                     ; Command 02h:
(1)  390/      F9 :                     ;
(1)  391/      F9 :                     ; Make new track by sequence number
(1)  392/      F9 :                     ;
(1)  393/      F9 :                     ; SeqID, BlockPos, SlotIndex(If -1 autofill)
(1)  394/      F9 :                     ; --------------------------------------------------------
(1)  395/      F9 :                     
(1)  396/      F9 :                     .cmnd_2:
(1)  397/      F9 : CD AE 00            		call	.grab_arg		; d1: Sequence ID
(1)  398/      FC : 4F                  		ld	c,a			; copy to c
(1)  399/      FD : CD AE 00            		call	.grab_arg		; d2: Block from
(1)  400/     100 : 47                  		ld	b,a			; copy to b
(1)  401/     101 : CF                  		rst	8
(1)  402/     102 : CD AE 00            		call	.grab_arg		; d0: Slot index
(1)  403/     105 : FD 21 EA 17         		ld	iy,nikona_BuffList	; iy - Slot buffer list
(1)  404/     109 : B7                  		or	a
(1)  405/     10A : FA 19 01            		jp	m,.srch_mode		; If negative, search for all with same ID
(1)  406/     10D : FE 03               		cp	MAX_SLOTS
(1)  407/     10F : D2 8B 00            		jp	nc,.next_cmd		; Exit if maxed out slots
(1)  408/     112 : CF                  		rst	8
(1)  409/     113 : CD 01 02            		call	.cmnd_rdslot
(1)  410/     116 : C3 28 01            		jp	.wrtto_slot
(1)  411/     119 :                     ; -1
(1)  412/     119 :                     .srch_mode:
(1)  413/     119 : CD 13 02            		call	.srch_slot		; Read this slot
(1)  414/     11C : FE FF               		cp	-1
(1)  415/     11E : CA 8B 00            		jp	z,.next_cmd		; if -1, exit.
(1)  416/     121 : CB 7E               		bit	7,(hl)			; Is this track active?
(1)  417/     123 : CA 28 01            		jp	z,.wrtto_slot
(1)  418/     126 : 18 F1               		jr	.srch_mode		; Check next one
(1)  419/     128 :                     .wrtto_slot:
(1)  420/     128 : 36 C0               		ld	(hl),11000000b		; ** Write seq_Status (Enable+FirstFill)
(1)  421/     12A : 23                  		inc	hl
(1)  422/     12B : CF                  		rst	8
(1)  423/     12C : 71                  		ld	(hl),c			; ** seq_Num
(1)  424/     12D : 23                  		inc	hl
(1)  425/     12E : 70                  		ld	(hl),b			; ** seq_SetBlk
(1)  426/     12F : 79                  		ld	a,c
(1)  427/     130 : C3 8B 00            		jp	.next_cmd
(1)  428/     133 :                     
(1)  429/     133 :                     ; --------------------------------------------------------
(1)  430/     133 :                     ; Command 03h:
(1)  431/     133 :                     ;
(1)  432/     133 :                     ; Stop track with the same sequence number
(1)  433/     133 :                     ;
(1)  434/     133 :                     ; SeqID,SlotIndex(If -1, stop all)
(1)  435/     133 :                     ; --------------------------------------------------------
(1)  436/     133 :                     
(1)  437/     133 :                     .cmnd_3:
(1)  438/     133 : CD AE 00            		call	.grab_arg		; d1: Sequence ID
(1)  439/     136 : 4F                  		ld	c,a			; copy to c
(1)  440/     137 : CD AE 00            		call	.grab_arg		; d0: Slot index
(1)  441/     13A : FD 21 EA 17         		ld	iy,nikona_BuffList	; iy - Slot buffer list
(1)  442/     13E : B7                  		or	a
(1)  443/     13F : FA 51 01            		jp	m,.srch_del		; If negative, search for all with same ID
(1)  444/     142 : FE 03               		cp	MAX_SLOTS
(1)  445/     144 : D2 8B 00            		jp	nc,.next_cmd		; Exit if maxed out slots
(1)  446/     147 : CF                  		rst	8
(1)  447/     148 : CD 01 02            		call	.cmnd_rdslot
(1)  448/     14B : CD 5E 01            		call	.wrtto_del
(1)  449/     14E : C3 8B 00            		jp	.next_cmd
(1)  450/     151 :                     ; -1
(1)  451/     151 :                     .srch_del:
(1)  452/     151 : CD 13 02            		call	.srch_slot		; Read this slot
(1)  453/     154 : FE FF               		cp	-1
(1)  454/     156 : CA 8B 00            		jp	z,.next_cmd		; if -1, exit.
(1)  455/     159 : CD 5E 01            		call	.wrtto_del
(1)  456/     15C : 18 F3               		jr	.srch_del
(1)  457/     15E :                     .wrtto_del:
(1)  458/     15E : CB 7E               		bit	7,(hl)			; Slot is active?
(1)  459/     160 : C8                  		ret	z
(1)  460/     161 : CB 79               		bit	7,c			; seq is -1? (lazy bit check)
(1)  461/     163 : 20 05               		jr	nz,.del_all
(1)  462/     165 : DD 7E 01            		ld	a,(ix+seq_Num)
(1)  463/     168 : B9                  		cp	c			; Is this the same seq?
(1)  464/     169 : C0                  		ret	nz			; Return if not.
(1)  465/     16A :                     .del_all:
(1)  466/     16A : 36 FF               		ld	(hl),-1			; stop channel and clear slot
(1)  467/     16C : 23                  		inc	hl
(1)  468/     16D : 36 FF               		ld	(hl),-1			; Reset seqId
(1)  469/     16F : CF                  		rst	8
(1)  470/     170 : C9                  		ret
(1)  471/     171 :                     
(1)  472/     171 :                     ; --------------------------------------------------------
(1)  473/     171 :                     ; Command 05h:
(1)  474/     171 :                     ;
(1)  475/     171 :                     ; Fade volume (FadeIn/FadeOut)
(1)  476/     171 :                     ;
(1)  477/     171 :                     ; Arguments:
(1)  478/     171 :                     ; TargetVol,SlotIndex(If -1 autofill)
(1)  479/     171 :                     ; --------------------------------------------------------
(1)  480/     171 :                     
(1)  481/     171 :                     .cmnd_5:
(1)  482/     171 : CD AE 00            		call	.grab_arg		; d1: Master volume
(1)  483/     174 : 4F                  		ld	c,a			; copy to c
(1)  484/     175 : CD AE 00            		call	.grab_arg		; d0: Slot index
(1)  485/     178 : FD 21 EA 17         		ld	iy,nikona_BuffList	; iy - Slot buffer list
(1)  486/     17C : B7                  		or	a
(1)  487/     17D : FA 8F 01            		jp	m,.srch_fvol		; if -1, search for all with same ID
(1)  488/     180 : FE 03               		cp	MAX_SLOTS
(1)  489/     182 : D2 8B 00            		jp	nc,.next_cmd		; Exit If maxed out slots
(1)  490/     185 : CF                  		rst	8
(1)  491/     186 : CD 01 02            		call	.cmnd_rdslot
(1)  492/     189 : CD 9C 01            		call	.wrtto_fvol
(1)  493/     18C : C3 8B 00            		jp	.next_cmd
(1)  494/     18F :                     ; -1
(1)  495/     18F :                     .srch_fvol:
(1)  496/     18F : CD 13 02            		call	.srch_slot
(1)  497/     192 : FE FF               		cp	-1
(1)  498/     194 : CA 8B 00            		jp	z,.next_cmd		; Then skip, no free slot.
(1)  499/     197 : CD 9C 01            		call	.wrtto_fvol
(1)  500/     19A : 18 F3               		jr	.srch_fvol
(1)  501/     19C :                     .wrtto_fvol:
(1)  502/     19C : CB 7E               		bit	7,(hl)			; Active?
(1)  503/     19E : C8                  		ret	z
(1)  504/     19F : CB DE               		set	3,(hl)			; Volume update flag
(1)  505/     1A1 : DD 71 18            		ld	(ix+seq_VolFdTarget),c
(1)  506/     1A4 : DD 36 0F 00         		ld	(ix+seq_VolMaster+1),0
(1)  507/     1A8 : CF                  		rst	8
(1)  508/     1A9 : C9                  		ret
(1)  509/     1AA :                     
(1)  510/     1AA :                     ; --------------------------------------------------------
(1)  511/     1AA :                     ; Command 06h:
(1)  512/     1AA :                     ;
(1)  513/     1AA :                     ; Set track's master volume
(1)  514/     1AA :                     ;
(1)  515/     1AA :                     ; Arguments:
(1)  516/     1AA :                     ; MasterVol,SlotIndex(If -1 autofill)
(1)  517/     1AA :                     ; --------------------------------------------------------
(1)  518/     1AA :                     
(1)  519/     1AA :                     .cmnd_6:
(1)  520/     1AA : CD AE 00            		call	.grab_arg		; d1: Master volume
(1)  521/     1AD : 4F                  		ld	c,a			; copy to c
(1)  522/     1AE : CD AE 00            		call	.grab_arg		; d0: Slot index
(1)  523/     1B1 : FD 21 EA 17         		ld	iy,nikona_BuffList	; iy - Slot buffer list
(1)  524/     1B5 : B7                  		or	a
(1)  525/     1B6 : FA C8 01            		jp	m,.srch_vol		; if -1, search for all with same ID
(1)  526/     1B9 : FE 03               		cp	MAX_SLOTS		; If maxed out slots
(1)  527/     1BB : D2 8B 00            		jp	nc,.next_cmd
(1)  528/     1BE : CF                  		rst	8
(1)  529/     1BF : CD 01 02            		call	.cmnd_rdslot
(1)  530/     1C2 : CD D5 01            		call	.wrtto_vol
(1)  531/     1C5 : C3 8B 00            		jp	.next_cmd
(1)  532/     1C8 :                     ; -1
(1)  533/     1C8 :                     .srch_vol:
(1)  534/     1C8 : CD 13 02            		call	.srch_slot
(1)  535/     1CB : FE FF               		cp	-1
(1)  536/     1CD : CA 8B 00            		jp	z,.next_cmd		; Then skip, no free slot.
(1)  537/     1D0 : CD D5 01            		call	.wrtto_vol
(1)  538/     1D3 : 18 F3               		jr	.srch_vol
(1)  539/     1D5 :                     .wrtto_vol:
(1)  540/     1D5 : CB DE               		set	3,(hl)			; Volume update flag
(1)  541/     1D7 : DD 71 0E            		ld	(ix+seq_VolMaster),c
(1)  542/     1DA : DD 71 18            		ld	(ix+seq_VolFdTarget),c
(1)  543/     1DD : DD 36 0F 00         		ld	(ix+seq_VolMaster+1),0
(1)  544/     1E1 : CF                  		rst	8
(1)  545/     1E2 : C9                  		ret
(1)  546/     1E3 :                     
(1)  547/     1E3 :                     ; --------------------------------------------------------
(1)  548/     1E3 :                     ; Command 07h:
(1)  549/     1E3 :                     ;
(1)  550/     1E3 :                     ; Set global sub-beats
(1)  551/     1E3 :                     ; --------------------------------------------------------
(1)  552/     1E3 :                     
(1)  553/     1E3 :                     .cmnd_7:
(1)  554/     1E3 : CD AE 00            		call	.grab_arg		; d0.w: $00xx
(1)  555/     1E6 : 4F                  		ld	c,a
(1)  556/     1E7 : CD AE 00            		call	.grab_arg		; d0.w: $xx00
(1)  557/     1EA : 67                  		ld	h,a
(1)  558/     1EB : 69                  		ld	l,c
(1)  559/     1EC : 3A 88 1F            		ld	a,(palMode)		; PAL speed mode?
(1)  560/     1EF : B7                  		or	a
(1)  561/     1F0 : 28 04               		jr	z,.not_pal
(1)  562/     1F2 : 11 28 00            		ld	de,40			; Add 40
(1)  563/     1F5 : 19                  		add	hl,de
(1)  564/     1F6 :                     .not_pal:
(1)  565/     1F6 : 7C                  		ld	a,h
(1)  566/     1F7 : 32 34 00            		ld	(sbeatPtck+1),a
(1)  567/     1FA : 7D                  		ld	a,l
(1)  568/     1FB : 32 33 00            		ld	(sbeatPtck),a
(1)  569/     1FE : C3 8B 00            		jp	.next_cmd
(1)  570/     201 :                     
(1)  571/     201 :                     ; --------------------------------------------------------
(1)  572/     201 :                     ; Shared subs
(1)  573/     201 :                     ; --------------------------------------------------------
(1)  574/     201 :                     
(1)  575/     201 :                     .cmnd_rdslot:
(1)  576/     201 : 87                  		add	a,a			; ** MANUAL MAX_BUFFNTRY
(1)  577/     202 : 87                  		add	a,a			; id*8
(1)  578/     203 : 87                  		add	a,a
(1)  579/     204 : 16 00               		ld	d,0
(1)  580/     206 : 5F                  		ld	e,a
(1)  581/     207 : FD 19               		add	iy,de
(1)  582/     209 : FD 6E 00            		ld	l,(iy)
(1)  583/     20C : FD 66 01            		ld	h,(iy+1)
(1)  584/     20F : E5                  		push	hl
(1)  585/     210 : DD E1               		pop	ix
(1)  586/     212 : C9                  		ret
(1)  587/     213 :                     
(1)  588/     213 :                     ; ------------------------------------------------
(1)  589/     213 :                     ; iy - nikona_BuffList
(1)  590/     213 :                     
(1)  591/     213 :                     .srch_slot:
(1)  592/     213 : FD 7E 00            		ld	a,(iy)
(1)  593/     216 : FE FF               		cp	-1			; End of list?
(1)  594/     218 : C8                  		ret	z
(1)  595/     219 : FD 66 01            		ld	h,(iy+1)		; hl - Current track slot
(1)  596/     21C : 6F                  		ld	l,a
(1)  597/     21D : E5                  		push	hl
(1)  598/     21E : DD E1               		pop	ix
(1)  599/     220 : 11 08 00            		ld	de,MAX_BUFFNTRY
(1)  600/     223 : FD 19               		add	iy,de			; Next entry for later
(1)  601/     225 : C9                  		ret
(1)  602/     226 :                     
(1)  603/     226 :                     ; ====================================================================
(1)  604/     226 :                     ; ----------------------------------------------------------------
(1)  605/     226 :                     ; MAIN Playback section
(1)  606/     226 :                     ; ----------------------------------------------------------------
(1)  607/     226 :                     
(1)  608/     226 :                     ; --------------------------------------------------------
(1)  609/     226 :                     ; Read mini-impulse-tracker data
(1)  610/     226 :                     ; --------------------------------------------------------
(1)  611/     226 :                     
(1)  612/     226 :                     upd_seq:
(1)  613/     226 : CD A3 0F            		call	get_tick		; Check for tick flag
(1)  614/     229 : FD 21 F8 16         		ld	iy,trkBuff_0		; ** MANUAL BUFFERS
(1)  615/     22D : CD 3B 02            		call	.read_seq
(1)  616/     230 : FD 21 38 17         		ld	iy,trkBuff_1
(1)  617/     234 : CD 3B 02            		call	.read_seq
(1)  618/     237 : FD 21 78 17         		ld	iy,trkBuff_2
(1)  619/     23B :                     
(1)  620/     23B :                     ; ----------------------------------------
(1)  621/     23B :                     ; Read sequence
(1)  622/     23B :                     ;
(1)  623/     23B :                     ; iy - Current sequence buffer
(1)  624/     23B :                     ; ----------------------------------------
(1)  625/     23B :                     
(1)  626/     23B :                     .read_seq:
(1)  627/     23B : FD 46 00            		ld	b,(iy+seq_Status)	; b - Track status and settings
(1)  628/     23E : CB 78               		bit	7,b			; bit7: Track active?
(1)  629/     240 : C8                  		ret	z			; Return if not.
(1)  630/     241 : 78                  		ld	a,b
(1)  631/     242 : FE FF               		cp	-1			; Status is -1?
(1)  632/     244 : C8                  		ret	z			; then skip this
(1)  633/     245 : CF                  		rst	8
(1)  634/     246 :                     	; ----------------------------------------
(1)  635/     246 :                     	; Track volume changes
(1)  636/     246 : FD 6E 0F            		ld	l,(iy+seq_VolMaster+1)
(1)  637/     249 : FD 66 0E            		ld	h,(iy+seq_VolMaster)
(1)  638/     24C : FD 4E 18            		ld	c,(iy+seq_VolFdTarget)
(1)  639/     24F : 11 00 01            		ld	de,0100h		; <-- Manual volfade speed MAX 0100h
(1)  640/     252 : 79                  		ld	a,c
(1)  641/     253 : BC                  		cp	h
(1)  642/     254 : 28 1E               		jr	z,.keep_vol
(1)  643/     256 : 30 06               		jr	nc,.fade_out
(1)  644/     258 : 11 80 FF            		ld	de,-80h
(1)  645/     25B : 19                  		add	hl,de
(1)  646/     25C : 18 0C               		jr	.too_much
(1)  647/     25E :                     .fade_out:
(1)  648/     25E : 19                  		add	hl,de
(1)  649/     25F : CF                  		rst	8
(1)  650/     260 : 7C                  		ld	a,h
(1)  651/     261 : B9                  		cp	c
(1)  652/     262 : 38 06               		jr	c,.too_much
(1)  653/     264 : 61                  		ld	h,c
(1)  654/     265 : 2E 00               		ld	l,0
(1)  655/     267 : FD 71 18            		ld	(iy+seq_VolFdTarget),c
(1)  656/     26A :                     .too_much:
(1)  657/     26A : FD CB 00 DE         		set	3,(iy+seq_Status)	; Volume update flag
(1)  658/     26E : FD 75 0F            		ld	(iy+seq_VolMaster+1),l
(1)  659/     271 : FD 74 0E            		ld	(iy+seq_VolMaster),h
(1)  660/     274 :                     .keep_vol:
(1)  661/     274 :                     	; ----------------------------------------
(1)  662/     274 : 3A 0F 1C            		ld	a,(currTickBits)	; a - Tick/Beat bits
(1)  663/     277 : CB 40               		bit	0,b			; bit0: This seq uses Beats?
(1)  664/     279 : 28 03               		jr	z,.sfxmd
(1)  665/     27B : CB 4F               		bit	1,a			; BEAT passed?
(1)  666/     27D : C8                  		ret	z			; No BEAT.
(1)  667/     27E :                     .sfxmd:
(1)  668/     27E : CB 47               		bit	0,a			; TICK passed?
(1)  669/     280 : C8                  		ret	z			; No TICK.
(1)  670/     281 : CF                  		rst	8
(1)  671/     282 :                     	; ----------------------------------------
(1)  672/     282 :                     	; Start reading notes
(1)  673/     282 : CB 70               		bit	6,b			; bit6: Restart/First time?
(1)  674/     284 : C4 0F 05            		call	nz,.first_fill
(1)  675/     287 : CB 68               		bit	5,b			; bit5: FILL request by effect?
(1)  676/     289 : C4 08 05            		call	nz,.effect_fill
(1)  677/     28C : FD 7E 12            		ld	a,(iy+seq_TickTmr)	; TICK ex-timer for this seq
(1)  678/     28F : 3D                  		dec	a
(1)  679/     290 : FD 77 12            		ld	(iy+seq_TickTmr),a
(1)  680/     293 : B7                  		or	a			; Check a
(1)  681/     294 : C0                  		ret	nz			; If Tick timer != 0, exit.
(1)  682/     295 : CF                  		rst	8
(1)  683/     296 : FD 7E 03            		ld	a,(iy+seq_TickSet)	; Set new tick timer
(1)  684/     299 : FD 77 12            		ld	(iy+seq_TickTmr),a
(1)  685/     29C :                     	; ----------------------------------------
(1)  686/     29C : FD 4E 0C            		ld	c,(iy+seq_Rows)		; bc - Set row counter
(1)  687/     29F : FD 46 0D            		ld	b,(iy+(seq_Rows+1))
(1)  688/     2A2 : 79                  		ld	a,c			; Check rowcount
(1)  689/     2A3 : B0                  		or	b
(1)  690/     2A4 : 20 14               		jr	nz,.row_active		; If bc != 0: row is currenly playing.
(1)  691/     2A6 :                     	; ----------------------------------------
(1)  692/     2A6 :                     	; Read next block
(1)  693/     2A6 : CF                  		rst	8
(1)  694/     2A7 : FD 7E 13            		ld	a,(iy+seq_currBlk)	; Next block
(1)  695/     2AA : 3C                  		inc	a
(1)  696/     2AB : FD 77 13            		ld 	(iy+seq_currBlk),a
(1)  697/     2AE : CD 2B 04            		call	.set_track		; Read track data ** ROM ACCESS **
(1)  698/     2B1 : FE FF               		cp	-1			; Track finished?
(1)  699/     2B3 : C8                  		ret	z
(1)  700/     2B4 : FD 4E 0C            		ld	c,(iy+seq_Rows)		; Set new rowcount to bc
(1)  701/     2B7 : FD 46 0D            		ld	b,(iy+(seq_Rows+1))
(1)  702/     2BA :                     	; ----------------------------------------
(1)  703/     2BA :                     	; bc - Row count
(1)  704/     2BA :                     .row_active:
(1)  705/     2BA : CF                  		rst	8
(1)  706/     2BB : FD 6E 0A            		ld	l,(iy+seq_Read)		; hl - CURRENT pattern to read
(1)  707/     2BE : FD 66 0B            		ld	h,(iy+((seq_Read+1)))
(1)  708/     2C1 :                     
(1)  709/     2C1 :                     ; --------------------------------
(1)  710/     2C1 :                     ; Main read-loop
(1)  711/     2C1 :                     ; --------------------------------
(1)  712/     2C1 :                     
(1)  713/     2C1 :                     .next_note:
(1)  714/     2C1 : FD 7E 11            		ld	a,(iy+seq_rowPause)	; Check row timer
(1)  715/     2C4 : B7                  		or	a
(1)  716/     2C5 : 20 16               		jr	nz,.dec_row
(1)  717/     2C7 : 7E                  		ld	a,(hl)			; Check if byte is a timer or a note
(1)  718/     2C8 : B7                  		or	a
(1)  719/     2C9 : 28 06               		jr	z,.exit			; If == 00h: exit
(1)  720/     2CB : FA E8 02            		jp	m,.has_note		; If 80h-0FFh: Note data
(1)  721/     2CE : FD 77 11            		ld	(iy+seq_rowPause),a	; If 01h-07Fh: Row-pause timer
(1)  722/     2D1 :                     
(1)  723/     2D1 :                     ; --------------------------------
(1)  724/     2D1 :                     ; Exit
(1)  725/     2D1 :                     ; --------------------------------
(1)  726/     2D1 :                     
(1)  727/     2D1 :                     .exit:
(1)  728/     2D1 : CF                  		rst	8
(1)  729/     2D2 : CD F3 03            		call	.inc_cpatt		; * Increment patt pos
(1)  730/     2D5 : FD 75 0A            		ld	(iy+seq_Read),l		; Update READ location
(1)  731/     2D8 : FD 74 0B            		ld	(iy+((seq_Read+1))),h
(1)  732/     2DB : 18 03               		jr	.dec_row_e
(1)  733/     2DD :                     .dec_row:
(1)  734/     2DD : FD 35 11            		dec	(iy+seq_rowPause)	; Decrement row-pause timer
(1)  735/     2E0 :                     .dec_row_e:
(1)  736/     2E0 : 0B                  		dec	bc			; Decrement rowcount
(1)  737/     2E1 : FD 71 0C            		ld	(iy+seq_Rows),c		; Write last row to memory
(1)  738/     2E4 : FD 70 0D            		ld	(iy+(seq_Rows+1)),b
(1)  739/     2E7 : C9                  		ret	; Exit sequence
(1)  740/     2E8 :                     
(1)  741/     2E8 :                     ; --------------------------------
(1)  742/     2E8 :                     ; New note request
(1)  743/     2E8 :                     ;
(1)  744/     2E8 :                     ; a - %1tcccccc
(1)  745/     2E8 :                     ;   | t - next byte has new type
(1)  746/     2E8 :                     ;   | c - channel
(1)  747/     2E8 :                     ; --------------------------------
(1)  748/     2E8 :                     
(1)  749/     2E8 :                     .has_note:
(1)  750/     2E8 : CF                  		rst	8
(1)  751/     2E9 : C5                  		push	bc			; Save rowcount
(1)  752/     2EA : 4F                  		ld	c,a			; Copy patt byte control to c
(1)  753/     2EB : CD F3 03            		call	.inc_cpatt		; * Increment patt pos
(1)  754/     2EE : E5                  		push	hl			; Save hl patt pos
(1)  755/     2EF : FD E5               		push	iy			; copy iy to hl
(1)  756/     2F1 : E1                  		pop	hl
(1)  757/     2F2 : DD 21 00 1E         		ld	ix,trkChnls		; ix - Channels playback list
(1)  758/     2F6 : 11 25 00            		ld	de,seq_ChnIndx		; <-- this clears d
(1)  759/     2F9 : CF                  		rst	8
(1)  760/     2FA : 19                  		add	hl,de			; hl - Track's index points buffer
(1)  761/     2FB : 79                  		ld	a,c			; Get patt note index
(1)  762/     2FC : E6 1F               		and	00011111b		; Filter bits
(1)  763/     2FE : 5F                  		ld	e,a			; Save as e
(1)  764/     2FF : 19                  		add	hl,de			; Increment more by this pos
(1)  765/     300 :                     	; hl - trkChnls+index
(1)  766/     300 : 7E                  		ld	a,(hl)			; Check if this index is occupied.
(1)  767/     301 : B7                  		or	a
(1)  768/     302 : 28 15               		jr	z,.srch_new		; If == 0, search new one
(1)  769/     304 : E6 1F               		and	00011111b		; If already taken, read that channel
(1)  770/     306 : 87                  		add	a,a
(1)  771/     307 : 87                  		add	a,a
(1)  772/     308 : 87                  		add	a,a
(1)  773/     309 : 5F                  		ld	e,a
(1)  774/     30A : DD 19               		add	ix,de
(1)  775/     30C : DD 7E 00            		ld	a,(ix)			; Check status (chnl_Flags)
(1)  776/     30F : B7                  		or	a
(1)  777/     310 : F2 15 03            		jp	p,.srch_reroll
(1)  778/     313 : 18 31               		jr	.cont_chnl
(1)  779/     315 :                     ; Make NEW channel
(1)  780/     315 :                     ; ix - channel list start
(1)  781/     315 :                     .srch_reroll:
(1)  782/     315 : DD 36 00 00         		ld	(ix),0
(1)  783/     319 :                     .srch_new:
(1)  784/     319 : CF                  		rst	8
(1)  785/     31A : 06 1F               		ld	b,MAX_TRKCHN-1		; Max channels to check - 1
(1)  786/     31C : 16 00               		ld	d,0			; Reset out index
(1)  787/     31E :                     .next_chnl:
(1)  788/     31E : DD 7E 00            		ld	a,(ix)			; Read chnl_Flags
(1)  789/     321 : B7                  		or	a			; If plus, track channel is free
(1)  790/     322 : F2 3C 03            		jp	p,.chnl_free
(1)  791/     325 : DD 23               		inc	ix			; Search next channel, increment by 8
(1)  792/     327 : DD 23               		inc	ix
(1)  793/     329 : DD 23               		inc	ix
(1)  794/     32B : CF                  		rst	8
(1)  795/     32C : DD 23               		inc	ix
(1)  796/     32E : DD 23               		inc	ix
(1)  797/     330 : DD 23               		inc	ix
(1)  798/     332 : DD 23               		inc	ix
(1)  799/     334 : DD 23               		inc	ix
(1)  800/     336 : CF                  		rst	8
(1)  801/     337 : 14                  		inc	d			; Increment out index
(1)  802/     338 : 00                  		nop
(1)  803/     339 : 00                  		nop
(1)  804/     33A : 10 E2               		djnz	.next_chnl
(1)  805/     33C :                     .chnl_free:
(1)  806/     33C : 7A                  		ld	a,d			; Read index we got
(1)  807/     33D : E6 1F               		and	00011111b		; Filter bits
(1)  808/     33F : F6 80               		or	10000000b		; and set as used
(1)  809/     341 : 77                  		ld	(hl),a			; Write index slot
(1)  810/     342 : DD CB 00 FE         		set	7,(ix+chnl_Flags)	; Enable channel on the list
(1)  811/     346 :                     .cont_chnl:
(1)  812/     346 : E1                  		pop	hl			; Recover patt pos
(1)  813/     347 : CF                  		rst	8
(1)  814/     348 : DD 46 07            		ld	b,(ix+chnl_Type)	; b - current TYPE byte
(1)  815/     34B :                     
(1)  816/     34B :                     	; ix - Current channel
(1)  817/     34B :                     	; c  - Channel and type bits (7-6)
(1)  818/     34B :                     	; b  - Flags: evinEVIN
(1)  819/     34B :                     	;      E-effect/V-volume/I-instrument/N-note
(1)  820/     34B :                     	;      evin: byte is already stored on track-channel buffer
(1)  821/     34B :                     	;      EVIN: next byte(s) contain a new value. for eff:2 bytes
(1)  822/     34B : CB 71               		bit	6,c			; This byte has new TYPE setting?
(1)  823/     34D : 28 08               		jr	z,.old_type
(1)  824/     34F : 7E                  		ld	a,(hl)
(1)  825/     350 : DD 77 07            		ld	(ix+chnl_Type),a	; Update TYPE byte
(1)  826/     353 : 47                  		ld	b,a			; Set to b
(1)  827/     354 : CD F3 03            		call	.inc_cpatt		; Next patt pos
(1)  828/     357 :                     .old_type:
(1)  829/     357 : CF                  		rst	8
(1)  830/     358 : CB 40               		bit	0,b			; New NOTE?
(1)  831/     35A : 28 07               		jr	z,.no_note
(1)  832/     35C : 7E                  		ld	a,(hl)			; Set NOTE and increment patt
(1)  833/     35D : DD 77 02            		ld	(ix+chnl_Note),a
(1)  834/     360 : CD F3 03            		call	.inc_cpatt
(1)  835/     363 :                     .no_note:
(1)  836/     363 : CB 48               		bit	1,b			; New INS?
(1)  837/     365 : 28 07               		jr	z,.no_ins
(1)  838/     367 : 7E                  		ld	a,(hl)			; Set INS and increment patt
(1)  839/     368 : DD 77 03            		ld	(ix+chnl_Ins),a
(1)  840/     36B : CD F3 03            		call	.inc_cpatt
(1)  841/     36E :                     .no_ins:
(1)  842/     36E : CF                  		rst	8
(1)  843/     36F : CB 50               		bit	2,b			; New VOL?
(1)  844/     371 : 28 07               		jr	z,.no_vol
(1)  845/     373 : 7E                  		ld	a,(hl)			; Set VOL and increment patt
(1)  846/     374 : DD 77 04            		ld	(ix+chnl_Vol),a
(1)  847/     377 : CD F3 03            		call	.inc_cpatt
(1)  848/     37A :                     .no_vol:
(1)  849/     37A : CB 58               		bit	3,b			; New EFFECT?
(1)  850/     37C : 28 0F               		jr	z,.no_eff
(1)  851/     37E : 7E                  		ld	a,(hl)			; Set EFFECT ID, incr patt
(1)  852/     37F : DD 77 05            		ld	(ix+chnl_EffId),a
(1)  853/     382 : CD F3 03            		call	.inc_cpatt
(1)  854/     385 : CF                  		rst	8
(1)  855/     386 : 7E                  		ld	a,(hl)			; Set EFFECT ARG, incr patt
(1)  856/     387 : DD 77 06            		ld	(ix+chnl_EffArg),a
(1)  857/     38A : CD F3 03            		call	.inc_cpatt
(1)  858/     38D :                     .no_eff:
(1)  859/     38D : 78                  		ld	a,b			; Merge the Impulse evin bits into main EVIN bits
(1)  860/     38E : 0F                  		rrca
(1)  861/     38F : 0F                  		rrca
(1)  862/     390 : 0F                  		rrca
(1)  863/     391 : 0F                  		rrca
(1)  864/     392 : E6 0F               		and	00001111b		; Filter bits
(1)  865/     394 : 4F                  		ld	c,a			; Save as c
(1)  866/     395 : 78                  		ld	a,b
(1)  867/     396 : E6 0F               		and	00001111b		; Filter again
(1)  868/     398 : B1                  		or	c			; Merge c with a
(1)  869/     399 : CF                  		rst	8
(1)  870/     39A : 4F                  		ld	c,a			; Save bit flags
(1)  871/     39B : DD 7E 00            		ld	a,(ix+chnl_Flags)
(1)  872/     39E : B1                  		or	c
(1)  873/     39F : DD 77 00            		ld	(ix+chnl_Flags),a
(1)  874/     3A2 : C1                  		pop	bc			; Restore rowcount
(1)  875/     3A3 :                     	; ----------------------------------------
(1)  876/     3A3 :                     	; Effects that affect internal playback
(1)  877/     3A3 : DD 7E 00            		ld	a,(ix+chnl_Flags)
(1)  878/     3A6 : E6 08               		and	1000b			; ONLY check for the EFFECT bit
(1)  879/     3A8 : CA C1 02            		jp	z,.next_note
(1)  880/     3AB : DD 7E 05            		ld	a,(ix+chnl_EffId)
(1)  881/     3AE : B7                  		or	a			; 00h = invalid effect
(1)  882/     3AF : CA C1 02            		jp	z,.next_note
(1)  883/     3B2 : FE 01               		cp	1			; Effect A: Tick set
(1)  884/     3B4 : 28 0B               		jr	z,.eff_A
(1)  885/     3B6 : FE 02               		cp	2			; Effect B: Position Jump
(1)  886/     3B8 : 28 18               		jr	z,.eff_B
(1)  887/     3BA : FE 03               		cp	3			; Effect C: Pattern break
(1)  888/     3BC : 28 32               		jr	z,.eff_C
(1)  889/     3BE : C3 C1 02            		jp	.next_note
(1)  890/     3C1 :                     
(1)  891/     3C1 :                     ; ----------------------------------------
(1)  892/     3C1 :                     ; Effect A: Set ticks
(1)  893/     3C1 :                     ; ----------------------------------------
(1)  894/     3C1 :                     
(1)  895/     3C1 :                     .eff_A:
(1)  896/     3C1 : CF                  		rst	8
(1)  897/     3C2 : DD 5E 06            		ld	e,(ix+chnl_EffArg)	; e - ticks number
(1)  898/     3C5 : FD 73 03            		ld	(iy+seq_TickSet),e	; set for both Set and Timer.
(1)  899/     3C8 : FD 73 12            		ld	(iy+seq_TickTmr),e
(1)  900/     3CB : DD CB 00 9E         		res	3,(ix+chnl_Flags)	; <-- Clear EFFECT bit
(1)  901/     3CF : C3 C1 02            		jp	.next_note
(1)  902/     3D2 :                     
(1)  903/     3D2 :                     ; ----------------------------------------
(1)  904/     3D2 :                     ; Effect B: jump to a new block
(1)  905/     3D2 :                     ; ----------------------------------------
(1)  906/     3D2 :                     
(1)  907/     3D2 :                     .eff_B:
(1)  908/     3D2 : DD 5E 06            		ld	e,(ix+chnl_EffArg)	; e - Block SLOT to jump
(1)  909/     3D5 : FD 73 13            		ld 	(iy+seq_currBlk),e
(1)  910/     3D8 : CF                  		rst	8
(1)  911/     3D9 : FD 36 11 00         		ld	(iy+seq_rowPause),0	; Reset rowpause
(1)  912/     3DD : DD CB 00 9E         		res	3,(ix+chnl_Flags)	; <-- Clear EFFECT bit
(1)  913/     3E1 : FD CB 00 EE         		set	5,(iy+seq_Status)	; set fill-from-effect flag on exit
(1)  914/     3E5 : 3E 80               		ld	a,80h
(1)  915/     3E7 : FD 77 15            		ld	(iy+seq_BankHeads),a
(1)  916/     3EA : FD 77 16            		ld	(iy+seq_BankBlk),a
(1)  917/     3ED : C3 C1 02            		jp	.next_note
(1)  918/     3F0 :                     
(1)  919/     3F0 :                     ; ----------------------------------------
(1)  920/     3F0 :                     ; Effect C: Pattern break/exit
(1)  921/     3F0 :                     ;
(1)  922/     3F0 :                     ; Only used on SFX, arguments ignored.
(1)  923/     3F0 :                     ; ----------------------------------------
(1)  924/     3F0 :                     
(1)  925/     3F0 :                     .eff_C:
(1)  926/     3F0 : C3 02 05            		jp	.track_end
(1)  927/     3F3 :                     
(1)  928/     3F3 :                     ; ----------------------------------------
(1)  929/     3F3 :                     ; Increment the current patt position
(1)  930/     3F3 :                     ; and recieve more data
(1)  931/     3F3 :                     ;
(1)  932/     3F3 :                     ; Breaks:
(1)  933/     3F3 :                     ; a,e
(1)  934/     3F3 :                     ; ----------------------------------------
(1)  935/     3F3 :                     
(1)  936/     3F3 :                     .inc_cpatt:
(1)  937/     3F3 : FD 5E 08            		ld	e,(iy+seq_Cach)		; Read curret cache LSB
(1)  938/     3F6 : 7D                  		ld	a,l
(1)  939/     3F7 : 3C                  		inc	a
(1)  940/     3F8 : E6 1F               		and	MAX_RCACH-1
(1)  941/     3FA : FE 1E               		cp	MAX_RCACH-2		; ALMOST RAN OUT of bytes?
(1)  942/     3FC : 30 03               		jr	nc,.ran_out
(1)  943/     3FE : B3                  		or	e
(1)  944/     3FF : 6F                  		ld	l,a
(1)  945/     400 : C9                  		ret
(1)  946/     401 :                     .ran_out:
(1)  947/     401 : FD 6E 08            		ld	l,(iy+seq_Cach)
(1)  948/     404 : E5                  		push	hl
(1)  949/     405 : C5                  		push	bc
(1)  950/     406 : 06 00               		ld	b,0
(1)  951/     408 : 4F                  		ld	c,a
(1)  952/     409 : CF                  		rst	8
(1)  953/     40A : 5D                  		ld	e,l
(1)  954/     40B : 54                  		ld	d,h
(1)  955/     40C : FD 6E 19            		ld	l,(iy+seq_RomPattRead)
(1)  956/     40F : FD 66 1A            		ld	h,(iy+(seq_RomPattRead+1))
(1)  957/     412 : FD 7E 1B            		ld	a,(iy+(seq_RomPattRead+2))
(1)  958/     415 : 09                  		add	hl,bc
(1)  959/     416 : CE 00               		adc	a,0
(1)  960/     418 : FD 75 19            		ld	(iy+seq_RomPattRead),l
(1)  961/     41B : FD 74 1A            		ld	(iy+(seq_RomPattRead+1)),h
(1)  962/     41E : CF                  		rst	8
(1)  963/     41F : FD 77 1B            		ld	(iy+(seq_RomPattRead+2)),a
(1)  964/     422 : 01 20 00            		ld	bc,MAX_RCACH
(1)  965/     425 : CD C4 0F            		call	readRom		; *** ROM ACCESS ***
(1)  966/     428 : C1                  		pop	bc
(1)  967/     429 : E1                  		pop	hl
(1)  968/     42A : C9                  		ret
(1)  969/     42B :                     
(1)  970/     42B :                     ; ----------------------------------------
(1)  971/     42B :                     ; Set track pattern by seq_currBlk
(1)  972/     42B :                     ; ----------------------------------------
(1)  973/     42B :                     
(1)  974/     42B :                     .set_track:
(1)  975/     42B :                     	; ----------------------------------------
(1)  976/     42B :                     	; Make block id list
(1)  977/     42B : FD 5E 04            		ld	e,(iy+seq_Blocks)
(1)  978/     42E : FD 56 05            		ld	d,(iy+(seq_Blocks+1))
(1)  979/     431 : FD 7E 13            		ld	a,(iy+seq_currBlk)
(1)  980/     434 : 4F                  		ld	c,a
(1)  981/     435 : C5                  		push	bc
(1)  982/     436 : D5                  		push	de
(1)  983/     437 : CF                  		rst	8
(1)  984/     438 : 0F                  		rrca
(1)  985/     439 : 0F                  		rrca
(1)  986/     43A : 0F                  		rrca
(1)  987/     43B : E6 1F               		and	00011111b
(1)  988/     43D : FD 4E 16            		ld	c,(iy+seq_BankBlk)	; c - current block bank
(1)  989/     440 : CB 79               		bit	7,c			; First time?
(1)  990/     442 : 20 03               		jr	nz,.first_blk
(1)  991/     444 : B9                  		cp	c			; SAME instrument data?
(1)  992/     445 : 28 1C               		jr	z,.keep_blk
(1)  993/     447 :                     .first_blk:
(1)  994/     447 : CF                  		rst	8
(1)  995/     448 : FD 77 16            		ld	(iy+seq_BankBlk),a	; Save inst number
(1)  996/     44B : 07                  		rlca
(1)  997/     44C : 07                  		rlca
(1)  998/     44D : 07                  		rlca
(1)  999/     44E : 06 00               		ld	b,0
(1) 1000/     450 : 4F                  		ld	c,a
(1) 1001/     451 : FD 6E 22            		ld	l,(iy+seq_RomBlks)
(1) 1002/     454 : FD 66 23            		ld	h,(iy+(seq_RomBlks+1))
(1) 1003/     457 : FD 7E 24            		ld	a,(iy+(seq_RomBlks+2))
(1) 1004/     45A : 09                  		add	hl,bc
(1) 1005/     45B : CE 00               		adc	a,0
(1) 1006/     45D : 01 08 00            		ld	bc,8			; 8 blocks stored
(1) 1007/     460 : CD C4 0F            		call	readRom			; ** ROM ACCESS **
(1) 1008/     463 :                     .keep_blk:
(1) 1009/     463 : E1                  		pop	hl
(1) 1010/     464 : C1                  		pop	bc
(1) 1011/     465 : 79                  		ld	a,c
(1) 1012/     466 : E6 07               		and	00000111b
(1) 1013/     468 : CF                  		rst	8
(1) 1014/     469 : 16 00               		ld	d,0
(1) 1015/     46B : 5F                  		ld	e,a
(1) 1016/     46C : 19                  		add	hl,de
(1) 1017/     46D :                     	; ----------------------------------------
(1) 1018/     46D : 7E                  		ld	a,(hl)			; Read block byte
(1) 1019/     46E : FE FF               		cp	-1			; If block == -1, end track
(1) 1020/     470 : CA 02 05            		jp	z,.track_end
(1) 1021/     473 : CF                  		rst	8
(1) 1022/     474 :                     	; ----------------------------------------
(1) 1023/     474 : FD 5E 06            		ld	e,(iy+seq_Patt)		; Read CACHE patt heads
(1) 1024/     477 : FD 56 07            		ld	d,(iy+(seq_Patt+1))
(1) 1025/     47A : 4F                  		ld	c,a
(1) 1026/     47B : D5                  		push	de
(1) 1027/     47C : C5                  		push	bc
(1) 1028/     47D : CF                  		rst	8
(1) 1029/     47E : 0F                  		rrca
(1) 1030/     47F : 0F                  		rrca
(1) 1031/     480 : 0F                  		rrca
(1) 1032/     481 : E6 1F               		and	00011111b
(1) 1033/     483 : FD 4E 15            		ld	c,(iy+seq_BankHeads)	; c - current intrument loaded
(1) 1034/     486 : CB 79               		bit	7,c			; First time?
(1) 1035/     488 : 20 03               		jr	nz,.first_head
(1) 1036/     48A : B9                  		cp	c			; SAME instrument data?
(1) 1037/     48B : 28 26               		jr	z,.keep_it
(1) 1038/     48D :                     .first_head:
(1) 1039/     48D : CF                  		rst	8
(1) 1040/     48E : FD 77 15            		ld	(iy+seq_BankHeads),a	; Save inst number
(1) 1041/     491 : 47                  		ld	b,a
(1) 1042/     492 : 0F                  		rrca
(1) 1043/     493 : 0F                  		rrca
(1) 1044/     494 : 0F                  		rrca
(1) 1045/     495 : E6 E0               		and	11100000b
(1) 1046/     497 : 4F                  		ld	c,a
(1) 1047/     498 : 78                  		ld	a,b
(1) 1048/     499 : 0F                  		rrca
(1) 1049/     49A : 0F                  		rrca
(1) 1050/     49B : 0F                  		rrca
(1) 1051/     49C : E6 03               		and	00000011b
(1) 1052/     49E : 47                  		ld	b,a
(1) 1053/     49F :                     	; ----------------------------------------
(1) 1054/     49F : FD 6E 1C            		ld	l,(iy+seq_RomPatt)	; Transfer FIRST patt
(1) 1055/     4A2 : FD 66 1D            		ld	h,(iy+(seq_RomPatt+1))	; packet
(1) 1056/     4A5 : FD 7E 1E            		ld	a,(iy+(seq_RomPatt+2))
(1) 1057/     4A8 : E7                  		rst	20h
(1) 1058/     4A9 : CF                  		rst	8
(1) 1059/     4AA : 09                  		add	hl,bc
(1) 1060/     4AB : CE 00               		adc	a,0
(1) 1061/     4AD : 01 20 00            		ld	bc,4*8			; 8 heads stored
(1) 1062/     4B0 : CD C4 0F            		call	readRom			; ** ROM ACCESS **
(1) 1063/     4B3 :                     .keep_it:
(1) 1064/     4B3 : C1                  		pop	bc
(1) 1065/     4B4 : 79                  		ld	a,c
(1) 1066/     4B5 : E6 07               		and	00000111b
(1) 1067/     4B7 : 87                  		add	a,a
(1) 1068/     4B8 : 87                  		add	a,a
(1) 1069/     4B9 : 57                  		ld	d,a
(1) 1070/     4BA : CF                  		rst	8
(1) 1071/     4BB : E6 FC               		and	11111100b
(1) 1072/     4BD : 5F                  		ld	e,a
(1) 1073/     4BE : 7A                  		ld	a,d
(1) 1074/     4BF : E6 03               		and	00000011b
(1) 1075/     4C1 : 57                  		ld	d,a
(1) 1076/     4C2 : E1                  		pop	hl
(1) 1077/     4C3 : 19                  		add	hl,de
(1) 1078/     4C4 : 5E                  		ld	e,(hl)			; de - Pos
(1) 1079/     4C5 : 23                  		inc	hl
(1) 1080/     4C6 : CF                  		rst	8
(1) 1081/     4C7 : 56                  		ld	d,(hl)
(1) 1082/     4C8 : 23                  		inc	hl
(1) 1083/     4C9 : 7E                  		ld	a,(hl)
(1) 1084/     4CA : 23                  		inc	hl
(1) 1085/     4CB : FD 77 0C            		ld	(iy+seq_Rows),a
(1) 1086/     4CE : 7E                  		ld	a,(hl)
(1) 1087/     4CF : 23                  		inc	hl
(1) 1088/     4D0 : FD 77 0D            		ld	(iy+(seq_Rows+1)),a
(1) 1089/     4D3 : FD 6E 1C            		ld	l,(iy+seq_RomPatt)	; Transfer FIRST patt
(1) 1090/     4D6 : FD 66 1D            		ld	h,(iy+(seq_RomPatt+1))	; packet
(1) 1091/     4D9 : CF                  		rst	8
(1) 1092/     4DA : FD 7E 1E            		ld	a,(iy+(seq_RomPatt+2))
(1) 1093/     4DD : 19                  		add	hl,de
(1) 1094/     4DE : CE 00               		adc	a,0
(1) 1095/     4E0 : FD 75 19            		ld	(iy+seq_RomPattRead),l
(1) 1096/     4E3 : FD 74 1A            		ld	(iy+(seq_RomPattRead+1)),h
(1) 1097/     4E6 : FD 77 1B            		ld	(iy+(seq_RomPattRead+2)),a
(1) 1098/     4E9 : FD 5E 08            		ld	e,(iy+seq_Cach)
(1) 1099/     4EC : FD 56 09            		ld	d,(iy+(seq_Cach+1))
(1) 1100/     4EF : FD 73 0A            		ld	(iy+seq_Read),e
(1) 1101/     4F2 : FD 72 0B            		ld	(iy+(seq_Read+1)),d
(1) 1102/     4F5 : 0E 20               		ld	c,MAX_RCACH
(1) 1103/     4F7 : FD 36 10 00         		ld	(iy+seq_cachHalf),0
(1) 1104/     4FB : FD 36 11 00         		ld	(iy+seq_rowPause),0
(1) 1105/     4FF : C3 C4 0F            		jp	readRom			; ** ROM access **
(1) 1106/     502 :                     
(1) 1107/     502 :                     ; ----------------------------------------
(1) 1108/     502 :                     ; **JUMP ONLY**
(1) 1109/     502 :                     .track_end:
(1) 1110/     502 : CF                  		rst	8
(1) 1111/     503 : FD 36 00 FF         		ld	(iy+seq_Status),-1	; Disable track slot
(1) 1112/     507 : C9                  		ret
(1) 1113/     508 :                     
(1) 1114/     508 :                     ; ----------------------------------------
(1) 1115/     508 :                     ; Track refill
(1) 1116/     508 :                     ; ----------------------------------------
(1) 1117/     508 :                     
(1) 1118/     508 :                     .effect_fill:
(1) 1119/     508 : FD CB 00 AE         		res	5,(iy+seq_Status)	; Reset refill-from-effect flag
(1) 1120/     50C : C3 2B 04            		jp	.set_track
(1) 1121/     50F :                     
(1) 1122/     50F :                     ; ----------------------------------------
(1) 1123/     50F :                     ; Track Start/Reset
(1) 1124/     50F :                     ;
(1) 1125/     50F :                     ; iy - Track buffer
(1) 1126/     50F :                     ; ----------------------------------------
(1) 1127/     50F :                     
(1) 1128/     50F :                     .first_fill:
(1) 1129/     50F : FD CB 00 B6         		res	6,(iy+seq_Status)	; Clear FILL flag
(1) 1130/     513 : CD B0 05            		call	track_out
(1) 1131/     516 : FD 36 12 01         		ld	(iy+seq_TickTmr),1	; Reset tick timer
(1) 1132/     51A : FD 7E 02            		ld	a,(iy+seq_SetBlk)	; Make start block as current block
(1) 1133/     51D : CF                  		rst	8
(1) 1134/     51E : FD 77 13            		ld 	(iy+seq_currBlk),a	; block
(1) 1135/     521 : FD 7E 01            		ld	a,(iy+seq_Num)
(1) 1136/     524 : FE FF               		cp	-1			; Sequence -1?
(1) 1137/     526 : C8                  		ret	z
(1) 1138/     527 : 87                  		add	a,a
(1) 1139/     528 : 87                  		add	a,a
(1) 1140/     529 : 16 00               		ld	d,0
(1) 1141/     52B : 5F                  		ld	e,a
(1) 1142/     52C : 21 1C 00            		ld	hl,gemaMstrListPos
(1) 1143/     52F : 23                  		inc	hl
(1) 1144/     530 : 7E                  		ld	a,(hl)			; $00xx0000
(1) 1145/     531 : 23                  		inc	hl
(1) 1146/     532 : 4E                  		ld	c,(hl)			; $0000xx00
(1) 1147/     533 : 23                  		inc	hl
(1) 1148/     534 : 6E                  		ld	l,(hl)			; $000000xx
(1) 1149/     535 : CF                  		rst	8
(1) 1150/     536 : 61                  		ld	h,c
(1) 1151/     537 : 19                  		add	hl,de
(1) 1152/     538 : CE 00               		adc	a,0
(1) 1153/     53A : 11 70 16            		ld	de,trkInfoCach
(1) 1154/     53D : D5                  		push	de
(1) 1155/     53E : 01 04 00            		ld	bc,4
(1) 1156/     541 : CD C4 0F            		call	readRom			; *** ROM ACCESS ***
(1) 1157/     544 : E1                  		pop	hl
(1) 1158/     545 : 7E                  		ld	a,(hl)
(1) 1159/     546 : 23                  		inc	hl
(1) 1160/     547 : CB 7F               		bit	7,a
(1) 1161/     549 : 28 04               		jr	z,.no_glbl
(1) 1162/     54B : FD CB 00 C6         		set	0,(iy+seq_Status)	; Enable GLOBAL sub-beats
(1) 1163/     54F :                     .no_glbl:
(1) 1164/     54F : CF                  		rst	8
(1) 1165/     550 : E6 7F               		and	01111111b
(1) 1166/     552 : FD 77 03            		ld	(iy+seq_TickSet),a
(1) 1167/     555 : 7E                  		ld	a,(hl)			; Read and temporally
(1) 1168/     556 : 23                  		inc	hl			; grab it's pointers
(1) 1169/     557 : 4E                  		ld	c,(hl)
(1) 1170/     558 : 23                  		inc	hl
(1) 1171/     559 : 6E                  		ld	l,(hl)
(1) 1172/     55A : 61                  		ld	h,c
(1) 1173/     55B : 11 CC 17            		ld	de,headerOut
(1) 1174/     55E : 0E 0E               		ld	c,0Eh
(1) 1175/     560 : CD C4 0F            		call	readRom		; ** ROM access **
(1) 1176/     563 :                     
(1) 1177/     563 :                     	; headerOut:
(1) 1178/     563 :                     	; dc.w numof_chnls
(1) 1179/     563 :                     	; dc.l .blk,.pat,.ins
(1) 1180/     563 :                     	; *** READING BACKWARDS
(1) 1181/     563 : DD 21 D9 17         		ld	ix,headerOut_e-1	; Read temp header BACKWARDS
(1) 1182/     567 : CD 9D 05            		call	.grab_rhead		; Instrument data
(1) 1183/     56A : FD 75 1F            		ld	(iy+seq_RomInst),l
(1) 1184/     56D : FD 74 20            		ld	(iy+(seq_RomInst+1)),h
(1) 1185/     570 : FD 70 21            		ld	(iy+(seq_RomInst+2)),b
(1) 1186/     573 : CD 9D 05            		call	.grab_rhead		; Pattern heads
(1) 1187/     576 : FD 75 1C            		ld	(iy+seq_RomPatt),l	; Save ROM patt base
(1) 1188/     579 : FD 74 1D            		ld	(iy+(seq_RomPatt+1)),h
(1) 1189/     57C : FD 70 1E            		ld	(iy+(seq_RomPatt+2)),b
(1) 1190/     57F : FD 36 15 80         		ld	(iy+seq_BankHeads),80h	; Reset pattern banking
(1) 1191/     583 : CD 9D 05            		call	.grab_rhead		; Block data
(1) 1192/     586 : FD 75 22            		ld	(iy+seq_RomBlks),l	; Save ROM patt base
(1) 1193/     589 : FD 74 23            		ld	(iy+(seq_RomBlks+1)),h
(1) 1194/     58C : FD 70 24            		ld	(iy+(seq_RomBlks+2)),b
(1) 1195/     58F : FD 36 16 80         		ld	(iy+seq_BankBlk),80h	; Reset pattern banking
(1) 1196/     593 : DD 7E 00            		ld	a,(ix)			; dc.w numof_chnls
(1) 1197/     596 : FD 77 17            		ld	(iy+seq_MaxChnl),a
(1) 1198/     599 : CF                  		rst	8
(1) 1199/     59A : C3 2B 04            		jp	.set_track
(1) 1200/     59D :                     
(1) 1201/     59D :                     ; Read 68K pointer:
(1) 1202/     59D :                     ; hl - 00xxxx
(1) 1203/     59D :                     ;  b - xx0000
(1) 1204/     59D :                     .grab_rhead:
(1) 1205/     59D : DD 6E 00            		ld	l,(ix)
(1) 1206/     5A0 : DD 2B               		dec	ix
(1) 1207/     5A2 : DD 66 00            		ld	h,(ix)
(1) 1208/     5A5 : CF                  		rst	8
(1) 1209/     5A6 : DD 2B               		dec	ix
(1) 1210/     5A8 : DD 46 00            		ld	b,(ix)
(1) 1211/     5AB : DD 2B               		dec	ix
(1) 1212/     5AD :                     ; 		ld	c,(ix)
(1) 1213/     5AD : DD 2B               		dec	ix
(1) 1214/     5AF : C9                  		ret
(1) 1215/     5B0 :                     
(1) 1216/     5B0 :                     ; ----------------------------------------
(1) 1217/     5B0 :                     ; Reset tracker channels
(1) 1218/     5B0 :                     ;
(1) 1219/     5B0 :                     ; iy - Track buffer
(1) 1220/     5B0 :                     ;
(1) 1221/     5B0 :                     ; Breaks:
(1) 1222/     5B0 :                     ; b ,de,hl,ix
(1) 1223/     5B0 :                     ; ----------------------------------------
(1) 1224/     5B0 :                     
(1) 1225/     5B0 :                     track_out:
(1) 1226/     5B0 : FD E5               		push	iy
(1) 1227/     5B2 : E1                  		pop	hl
(1) 1228/     5B3 : DD 21 00 1E         		ld	ix,trkChnls
(1) 1229/     5B7 : CF                  		rst	8
(1) 1230/     5B8 : 11 25 00            		ld	de,seq_ChnIndx
(1) 1231/     5BB : 19                  		add	hl,de
(1) 1232/     5BC : FD 7E 17            		ld	a,(iy+seq_MaxChnl)
(1) 1233/     5BF : B7                  		or	a
(1) 1234/     5C0 : 20 02               		jr	nz,.valid
(1) 1235/     5C2 : 3E 1B               		ld	a,MAX_TRKINDX		; If zero, Read ALL channels
(1) 1236/     5C4 :                     .valid:
(1) 1237/     5C4 : 47                  		ld	b,a
(1) 1238/     5C5 :                     .indx_del:
(1) 1239/     5C5 : 7E                  		ld	a,(hl)
(1) 1240/     5C6 : B7                  		or	a
(1) 1241/     5C7 : 28 29               		jr	z,.nothin
(1) 1242/     5C9 : CF                  		rst	8
(1) 1243/     5CA : DD E5               		push	ix
(1) 1244/     5CC : E6 1F               		and	00011111b
(1) 1245/     5CE : 87                  		add	a,a
(1) 1246/     5CF : 87                  		add	a,a
(1) 1247/     5D0 : 87                  		add	a,a
(1) 1248/     5D1 : 5F                  		ld	e,a
(1) 1249/     5D2 : CF                  		rst	8
(1) 1250/     5D3 : DD 19               		add	ix,de
(1) 1251/     5D5 : AF                  		xor	a
(1) 1252/     5D6 : DD 36 02 FE         		ld	(ix+chnl_Note),-2
(1) 1253/     5DA : DD 36 00 01         		ld	(ix+chnl_Flags),1
(1) 1254/     5DE : DD 77 04            		ld	(ix+chnl_Vol),a
(1) 1255/     5E1 : DD 77 05            		ld	(ix+chnl_EffId),a
(1) 1256/     5E4 : DD 77 06            		ld	(ix+chnl_EffArg),a
(1) 1257/     5E7 : CF                  		rst	8
(1) 1258/     5E8 : DD 77 03            		ld	(ix+chnl_Ins),a
(1) 1259/     5EB : DD 77 07            		ld	(ix+chnl_Type),a
(1) 1260/     5EE : DD E1               		pop	ix
(1) 1261/     5F0 : 77                  		ld	(hl),a
(1) 1262/     5F1 : 00                  		nop
(1) 1263/     5F2 :                     .nothin:
(1) 1264/     5F2 : 23                  		inc	hl
(1) 1265/     5F3 : 10 D0               		djnz	.indx_del
(1) 1266/     5F5 : 3E 01               		ld	a,1
(1) 1267/     5F7 : 32 BE 17            		ld	(marsUpd),a
(1) 1268/     5FA : 32 BF 17            		ld	(mcdUpd),a
(1) 1269/     5FD : C9                  		ret
(1) 1270/     5FE :                     
(1) 1271/     5FE :                     ; ============================================================
(1) 1272/     5FE :                     ; --------------------------------------------------------
(1) 1273/     5FE :                     ; Process track channels to the sound chips
(1) 1274/     5FE :                     ; --------------------------------------------------------
(1) 1275/     5FE :                     
(1) 1276/     5FE :                     set_chips:
(1) 1277/     5FE : CD A3 0F            		call	get_tick
(1) 1278/     601 : FD 21 F8 16         		ld	iy,trkBuff_0		; ** MANUAL BUFFERS
(1) 1279/     605 : CD 45 06            		call	tblbuff_read
(1) 1280/     608 : FD 21 38 17         		ld	iy,trkBuff_1
(1) 1281/     60C : CD 45 06            		call	tblbuff_read
(1) 1282/     60F : FD 21 78 17         		ld	iy,trkBuff_2
(1) 1283/     613 : CD 45 06            		call	tblbuff_read
(1) 1284/     616 : E7                  		rst	20h
(1) 1285/     617 : CD A3 0F            		call	get_tick
(1) 1286/     61A : FD 21 B4 1A         		ld	iy,tblPSGN		; PSG Noise
(1) 1287/     61E : CD 09 08            		call	dtbl_singl
(1) 1288/     621 : FD 21 7E 1A         		ld	iy,tblPSG		; PSG Squares
(1) 1289/     625 : CD F5 07            		call	dtbl_multi
(1) 1290/     628 : FD 21 10 1A         		ld	iy,tblFM		; FM/FM3/DAC
(1) 1291/     62C : CD F5 07            		call	dtbl_multi
(1) 1292/     62F : E7                  		rst	20h
(1) 1293/     630 : FD 21 C8 1A         		ld	iy,tblPCM		; SEGA CD PCM
(1) 1294/     634 : CD F5 07            		call	dtbl_multi
(1) 1295/     637 :                     		
(1) 1296/     637 : FD 21 5A 1B         		ld	iy,tblPWM		; 32X PWM
(1) 1297/     63B :                     		;!@ jp	dtbl_multi
(1) 1298/     63B : CD F5 07            		call	dtbl_multi
(1) 1299/     63E :                     		
(1) 1300/     63E :                     		;!@
(1) 1301/     63E : FD 21 EC 1B         		ld	iy,tblPCO		; Pico PCO
(1) 1302/     642 : C3 09 08            		jp		dtbl_singl
(1) 1303/     645 :                     
(1) 1304/     645 :                     ; ----------------------------------------
(1) 1305/     645 :                     ; Read current track
(1) 1306/     645 :                     ;
(1) 1307/     645 :                     ; iy - Buffer
(1) 1308/     645 :                     tblbuff_read:
(1) 1309/     645 : CF                  		rst	8
(1) 1310/     646 : FD 46 00            		ld	b,(iy+seq_Status)	; bit7: Track active?
(1) 1311/     649 : CB 78               		bit	7,b
(1) 1312/     64B : C8                  		ret	z
(1) 1313/     64C : 78                  		ld	a,b			; seq_Status == -1?
(1) 1314/     64D : FE FF               		cp	-1
(1) 1315/     64F : C2 5D 06            		jp	nz,.track_cont
(1) 1316/     652 : CD B0 05            		call	track_out
(1) 1317/     655 : FD 36 00 00         		ld	(iy+seq_Status),0
(1) 1318/     659 : FD 36 01 FF         		ld	(iy+seq_Num),-1
(1) 1319/     65D :                     .track_cont:
(1) 1320/     65D : FD E5               		push	iy
(1) 1321/     65F : E1                  		pop	hl
(1) 1322/     660 : CF                  		rst	8
(1) 1323/     661 : DD 21 00 1E         		ld	ix,trkChnls
(1) 1324/     665 : 11 25 00            		ld	de,seq_ChnIndx
(1) 1325/     668 : 19                  		add	hl,de
(1) 1326/     669 : FD 7E 17            		ld	a,(iy+seq_MaxChnl)
(1) 1327/     66C : B7                  		or	a
(1) 1328/     66D : 20 02               		jr	nz,.valid
(1) 1329/     66F : 3E 1B               		ld	a,MAX_TRKINDX		; If zero, Read ALL channels
(1) 1330/     671 :                     .valid:
(1) 1331/     671 : CF                  		rst	8
(1) 1332/     672 : 47                  		ld	b,a
(1) 1333/     673 :                     .next_indx:
(1) 1334/     673 : 7E                  		ld	a,(hl)			; Read index
(1) 1335/     674 : B7                  		or	a
(1) 1336/     675 : 20 02               		jr	nz,.has_indx		; If non-zero: valid
(1) 1337/     677 : 18 1C               		jr	.no_indx
(1) 1338/     679 :                     .has_indx:
(1) 1339/     679 : E6 1F               		and	00011111b
(1) 1340/     67B : 87                  		add	a,a
(1) 1341/     67C : 87                  		add	a,a
(1) 1342/     67D : 87                  		add	a,a
(1) 1343/     67E : CF                  		rst	8
(1) 1344/     67F : 16 00               		ld	d,0
(1) 1345/     681 : 5F                  		ld	e,a
(1) 1346/     682 : C5                  		push	bc			; Save bc, hl and ix
(1) 1347/     683 : E5                  		push	hl
(1) 1348/     684 : DD E5               		push	ix
(1) 1349/     686 : DD 19               		add	ix,de
(1) 1350/     688 : DD 7E 00            		ld	a,(ix)			; Read 0000evin
(1) 1351/     68B : E6 0F               		and	00001111b
(1) 1352/     68D : C4 9D 06            		call	nz,.do_chip		; Call if non-zero
(1) 1353/     690 : CF                  		rst	8
(1) 1354/     691 : DD E1               		pop	ix
(1) 1355/     693 : E1                  		pop	hl
(1) 1356/     694 : C1                  		pop	bc
(1) 1357/     695 :                     .no_indx:
(1) 1358/     695 : 23                  		inc	hl
(1) 1359/     696 : 10 DB               		djnz	.next_indx
(1) 1360/     698 : FD CB 00 9E         		res	3,(iy+seq_Status)	; RESET Volume update bit
(1) 1361/     69C : C9                  		ret
(1) 1362/     69D :                     
(1) 1363/     69D :                     ; ----------------------------------------
(1) 1364/     69D :                     ; iy - Track buffer
(1) 1365/     69D :                     ; ix - Current channel
(1) 1366/     69D :                     
(1) 1367/     69D :                     .do_chip:
(1) 1368/     69D : DD 7E 03            		ld	a,(ix+chnl_Ins)		; Check intrument type FIRST
(1) 1369/     6A0 : B7                  		or	a
(1) 1370/     6A1 : C8                  		ret	z			; If 0 == stop
(1) 1371/     6A2 : 3D                  		dec	a			; inst-1
(1) 1372/     6A3 : E6 7F               		and	01111111b
(1) 1373/     6A5 : 21 E2 17            		ld	hl,instListOut		; hl - Temporal storage for instrument
(1) 1374/     6A8 : E5                  		push	hl
(1) 1375/     6A9 : CF                  		rst	8
(1) 1376/     6AA : 07                  		rlca
(1) 1377/     6AB : 07                  		rlca
(1) 1378/     6AC : 07                  		rlca
(1) 1379/     6AD : 47                  		ld	b,a
(1) 1380/     6AE : E6 F8               		and	11111000b
(1) 1381/     6B0 : 4F                  		ld	c,a
(1) 1382/     6B1 : 78                  		ld	a,b
(1) 1383/     6B2 : AF                  		xor	a
(1) 1384/     6B3 : E6 03               		and	00000011b
(1) 1385/     6B5 : CF                  		rst	8
(1) 1386/     6B6 : 47                  		ld	b,a
(1) 1387/     6B7 : EB                  		ex	hl,de
(1) 1388/     6B8 : FD 6E 1F            		ld	l,(iy+seq_RomInst)
(1) 1389/     6BB : FD 66 20            		ld	h,(iy+(seq_RomInst+1))
(1) 1390/     6BE : FD 7E 21            		ld	a,(iy+(seq_RomInst+2))
(1) 1391/     6C1 : 09                  		add	hl,bc
(1) 1392/     6C2 : CE 00               		adc	a,0
(1) 1393/     6C4 : 01 08 00            		ld	bc,8			; 8 bytes
(1) 1394/     6C7 : CD C4 0F            		call	readRom			; ** ROM access **
(1) 1395/     6CA : E1                  		pop	hl
(1) 1396/     6CB : E5                  		push	hl			; <-- save hl
(1) 1397/     6CC : CD E7 06            		call	.grab_link
(1) 1398/     6CF : D1                  		pop	de			; --> recover as de
(1) 1399/     6D0 :                     	; hl - current table
(1) 1400/     6D0 :                     	; de - instrument data
(1) 1401/     6D0 : FE FF               		cp	-1			; Found any link?
(1) 1402/     6D2 : C8                  		ret	z
(1) 1403/     6D3 : 23                  		inc	hl			; MANUAL SETTING ztbl_MasterVol
(1) 1404/     6D4 : 23                  		inc	hl
(1) 1405/     6D5 : 23                  		inc	hl
(1) 1406/     6D6 : 23                  		inc	hl
(1) 1407/     6D7 : CF                  		rst	8
(1) 1408/     6D8 : FD 7E 0E            		ld	a,(iy+seq_VolMaster)
(1) 1409/     6DB : 77                  		ld	(hl),a
(1) 1410/     6DC : 01 06 00            		ld	bc,ztbl_InstCach-4	; Move to instr data
(1) 1411/     6DF : 09                  		add	hl,bc
(1) 1412/     6E0 : EB                  		ex	hl,de			; <-- swap for ldir
(1) 1413/     6E1 : 01 08 00            		ld	bc,8
(1) 1414/     6E4 : ED B0               		ldir				; COPYPASTE instr data from temporal
(1) 1415/     6E6 : C9                  		ret
(1) 1416/     6E7 :                     
(1) 1417/     6E7 :                     ; ----------------------------------------
(1) 1418/     6E7 :                     ; Search for a linked channel on the
(1) 1419/     6E7 :                     ; chip table
(1) 1420/     6E7 :                     ;
(1) 1421/     6E7 :                     ; Input:
(1) 1422/     6E7 :                     ; iy - Track buffer
(1) 1423/     6E7 :                     ; ix - Current channel
(1) 1424/     6E7 :                     ; hl - Intrument data
(1) 1425/     6E7 :                     ;
(1) 1426/     6E7 :                     ; Returns:
(1) 1427/     6E7 :                     ; hl | Channel table to use
(1) 1428/     6E7 :                     ;  a | Return value:
(1) 1429/     6E7 :                     ;       0 | Found
(1) 1430/     6E7 :                     ;      -1 | Not found
(1) 1431/     6E7 :                     ; ----------------------------------------
(1) 1432/     6E7 :                     
(1) 1433/     6E7 :                     .grab_link:
(1) 1434/     6E7 : 7E                  		ld	a,(hl)
(1) 1435/     6E8 : E6 F0               		and	11110000b
(1) 1436/     6EA : 5F                  		ld	e,a			; e - NEW chip
(1) 1437/     6EB : DD 7E 01            		ld	a,(ix+chnl_Chip)	; a - CURRENT chip in this channel
(1) 1438/     6EE : E6 F0               		and	11110000b
(1) 1439/     6F0 : 28 72               		jr	z,.new_chip		; If current is blank, it's a NEW chip
(1) 1440/     6F2 : BB                  		cp 	e			; CURRENT chip is same as NEW?
(1) 1441/     6F3 : 28 11               		jr	z,.same_link		; If yes, check linked channel.
(1) 1442/     6F5 : CF                  		rst	8
(1) 1443/     6F6 : 57                  		ld	d,a			; d - Chip to silence
(1) 1444/     6F7 : D5                  		push	de
(1) 1445/     6F8 : CD 12 07            		call	.srch_link		; Search OLD link
(1) 1446/     6FB : D1                  		pop	de
(1) 1447/     6FC : FE FF               		cp	-1
(1) 1448/     6FE : 28 03               		jr	z,.dont_res
(1) 1449/     700 : CD 21 0F            		call	tblz_clear
(1) 1450/     703 :                     .dont_res:
(1) 1451/     703 : CF                  		rst	8
(1) 1452/     704 : 18 5E               		jr	.new_chip
(1) 1453/     706 :                     .same_link:
(1) 1454/     706 : CD 12 07            		call	.srch_link		; Search link
(1) 1455/     709 : FE FF               		cp	-1
(1) 1456/     70B : C0                  		ret	nz
(1) 1457/     70C : DD 5E 01            		ld	e,(ix+chnl_Chip)
(1) 1458/     70F : CF                  		rst	8
(1) 1459/     710 : 18 52               		jr	.new_chip
(1) 1460/     712 :                     
(1) 1461/     712 :                     ; ----------------------------------------
(1) 1462/     712 :                     ; Search same link
(1) 1463/     712 :                     ;
(1) 1464/     712 :                     ; a - Chip to search for
(1) 1465/     712 :                     ; e - NEW chip
(1) 1466/     712 :                     ; ----------------------------------------
(1) 1467/     712 :                     
(1) 1468/     712 :                     .srch_link:
(1) 1469/     712 : CD D9 07            		call	.pick_tbl		; Pick chip table in hl
(1) 1470/     715 : DD E5               		push	ix			; Copy ix to bc for checking
(1) 1471/     717 : C1                  		pop	bc
(1) 1472/     718 : B7                  		or	a			; Single table?
(1) 1473/     719 : FA 30 07            		jp	m,.singl_link
(1) 1474/     71C :                     .srch_lloop:
(1) 1475/     71C : 7E                  		ld	a,(hl)			; Read Table's LSB
(1) 1476/     71D : FE FF               		cp	-1			; If -1 (EOL) also return -1
(1) 1477/     71F : 28 3F               		jr	z,.not_samel
(1) 1478/     721 : B9                  		cp	c			; Same link LSB?
(1) 1479/     722 : 20 07               		jr	nz,.invldl
(1) 1480/     724 : 23                  		inc	hl
(1) 1481/     725 : CF                  		rst	8
(1) 1482/     726 : 7E                  		ld	a,(hl)
(1) 1483/     727 : 2B                  		dec	hl
(1) 1484/     728 : B8                  		cp	b			; Same link MSB?
(1) 1485/     729 : 28 13               		jr	z,.got_link
(1) 1486/     72B :                     .invldl:
(1) 1487/     72B : CD D0 07            		call	.nextsrch_tbl
(1) 1488/     72E : 18 EC               		jr	.srch_lloop
(1) 1489/     730 :                     
(1) 1490/     730 :                     ; --------------------------------
(1) 1491/     730 :                     ; PSGN/FM3/FM6/PCO
(1) 1492/     730 :                     ; --------------------------------
(1) 1493/     730 :                     
(1) 1494/     730 :                     .singl_link:
(1) 1495/     730 : 23                  		inc	hl			; Read MSB first
(1) 1496/     731 : 7E                  		ld	a,(hl)
(1) 1497/     732 : 2B                  		dec	hl
(1) 1498/     733 : CF                  		rst	8
(1) 1499/     734 : B8                  		cp	b			; MSB match?
(1) 1500/     735 : 20 29               		jr	nz,.not_samel
(1) 1501/     737 : 7E                  		ld	a,(hl)			; Read LSB
(1) 1502/     738 : B9                  		cp	c
(1) 1503/     739 : 20 25               		jr	nz,.not_samel
(1) 1504/     73B : C3 62 07            		jp	.rnot_psg
(1) 1505/     73E :                     
(1) 1506/     73E :                     ; ----------------------------------------
(1) 1507/     73E :                     ; Got the link, do special checks
(1) 1508/     73E :                     ; ----------------------------------------
(1) 1509/     73E :                     
(1) 1510/     73E :                     .got_link:
(1) 1511/     73E : E5                  		push	hl
(1) 1512/     73F : 23                  		inc	hl
(1) 1513/     740 : 23                  		inc	hl
(1) 1514/     741 : 23                  		inc	hl		; <-- ztbl_Chip
(1) 1515/     742 : CF                  		rst	8
(1) 1516/     743 : 4E                  		ld	c,(hl)		; c - ID
(1) 1517/     744 : E1                  		pop	hl
(1) 1518/     745 :                     	; PSG3/PSGN check
(1) 1519/     745 : 7B                  		ld	a,e
(1) 1520/     746 : FE 80               		cp	80h		; PSG?
(1) 1521/     748 : 20 18               		jr	nz,.rnot_psg
(1) 1522/     74A : 3A 2F 00            		ld	a,(psgHatMode)	; Tone3 enabled?
(1) 1523/     74D : E6 03               		and	011b
(1) 1524/     74F : FE 03               		cp	011b
(1) 1525/     751 : 20 0F               		jr	nz,.rnot_psg
(1) 1526/     753 : 79                  		ld	a,c		; Channel 2? (PSG3)
(1) 1527/     754 : FE 02               		cp	2
(1) 1528/     756 : 20 0A               		jr	nz,.rnot_psg
(1) 1529/     758 : CF                  		rst	8
(1) 1530/     759 : D5                  		push	de
(1) 1531/     75A : 16 80               		ld	d,80h		; Force silence
(1) 1532/     75C : CD 21 0F            		call	tblz_clear
(1) 1533/     75F : D1                  		pop	de
(1) 1534/     760 :                     .not_samel:
(1) 1535/     760 : 18 52               		jr	.set_asfull
(1) 1536/     762 :                     .rnot_psg:
(1) 1537/     762 : AF                  		xor	a
(1) 1538/     763 : C9                  		ret
(1) 1539/     764 :                     
(1) 1540/     764 :                     ; ----------------------------------------
(1) 1541/     764 :                     ; *** NEW CHIP ***
(1) 1542/     764 :                     ;
(1) 1543/     764 :                     ; Input:
(1) 1544/     764 :                     ; e - Chip to set
(1) 1545/     764 :                     ; ----------------------------------------
(1) 1546/     764 :                     
(1) 1547/     764 :                     .new_chip:
(1) 1548/     764 : 7B                  		ld	a,e			; Read NEW chip
(1) 1549/     765 : B7                  		or	a
(1) 1550/     766 : F2 B4 07            		jp	p,.set_asfull		; If Null, mark as full
(1) 1551/     769 : CD D9 07            		call	.pick_tbl		; Pick chip table
(1) 1552/     76C : CF                  		rst	8
(1) 1553/     76D : FD 4E 14            		ld	c,(iy+seq_Priority)	; c - Seq priority level
(1) 1554/     770 : B7                  		or	a			; Chip is single?
(1) 1555/     771 : FA 9F 07            		jp	m,.singl_free
(1) 1556/     774 : E5                  		push	hl			; Backup START table
(1) 1557/     775 :                     ; PASS 1
(1) 1558/     775 :                     .srch_free:
(1) 1559/     775 : 7E                  		ld	a,(hl)			; Read LSB
(1) 1560/     776 : FE FF               		cp	-1			; If -1, return -1
(1) 1561/     778 : 28 0F               		jr	z,.pass_2
(1) 1562/     77A : 23                  		inc	hl
(1) 1563/     77B : 46                  		ld	b,(hl)			; Read MSB
(1) 1564/     77C : 2B                  		dec	hl
(1) 1565/     77D : B0                  		or	b
(1) 1566/     77E : 28 05               		jr	z,.found_tnew
(1) 1567/     780 : CD D0 07            		call	.nextsrch_tbl
(1) 1568/     783 : 18 F0               		jr	.srch_free
(1) 1569/     785 :                     .found_tnew:
(1) 1570/     785 : 33                  		inc	sp			; skip backup
(1) 1571/     786 : 33                  		inc	sp
(1) 1572/     787 : 18 36               		jr	.new_link
(1) 1573/     789 :                     ; PASS 2
(1) 1574/     789 :                     .pass_2:
(1) 1575/     789 : E1                  		pop	hl			; Recover START
(1) 1576/     78A :                     .next_prio:
(1) 1577/     78A : 7E                  		ld	a,(hl)			; Read LSB
(1) 1578/     78B : FE FF               		cp	-1			; If -1, return -1
(1) 1579/     78D : C8                  		ret	z
(1) 1580/     78E : 23                  		inc	hl
(1) 1581/     78F : 23                  		inc	hl
(1) 1582/     790 : 7E                  		ld	a,(hl)			; Read priority
(1) 1583/     791 : 2B                  		dec	hl
(1) 1584/     792 : 2B                  		dec	hl
(1) 1585/     793 : B7                  		or	a			; Failsafe zero priority overwrite
(1) 1586/     794 : 28 21               		jr	z,.ovrw_link
(1) 1587/     796 : B9                  		cp	c
(1) 1588/     797 : 38 1E               		jr	c,.ovrw_link		; PRIORITY
(1) 1589/     799 : CF                  		rst	8
(1) 1590/     79A : CD D0 07            		call	.nextsrch_tbl
(1) 1591/     79D : 18 EB               		jr	.next_prio
(1) 1592/     79F :                     
(1) 1593/     79F :                     ; ----------------------------------------
(1) 1594/     79F :                     ; Single slot PSGN/FM3/FM6 and PCO
(1) 1595/     79F :                     ;
(1) 1596/     79F :                     ; c - priority
(1) 1597/     79F :                     ; e - chip
(1) 1598/     79F :                     ; ----------------------------------------
(1) 1599/     79F :                     
(1) 1600/     79F :                     .singl_free:
(1) 1601/     79F : E5                  		push	hl
(1) 1602/     7A0 : 46                  		ld	b,(hl)
(1) 1603/     7A1 : 23                  		inc	hl
(1) 1604/     7A2 : 7E                  		ld	a,(hl)
(1) 1605/     7A3 : 23                  		inc	hl
(1) 1606/     7A4 : 56                  		ld	d,(hl)		; this prio
(1) 1607/     7A5 : E1                  		pop	hl
(1) 1608/     7A6 : B0                  		or	b
(1) 1609/     7A7 : 28 0E               		jr	z,.ovrw_link
(1) 1610/     7A9 : CF                  		rst	8
(1) 1611/     7AA : 7A                  		ld	a,d
(1) 1612/     7AB : B7                  		or	a
(1) 1613/     7AC : 28 09               		jr	z,.ovrw_link
(1) 1614/     7AE : B9                  		cp	c
(1) 1615/     7AF : 38 06               		jr	c,.ovrw_link	; PRIORITY
(1) 1616/     7B1 : 28 04               		jr	z,.ovrw_link	; <-- ALWAYS overwrite
(1) 1617/     7B3 : CF                  		rst	8
(1) 1618/     7B4 :                     .set_asfull:
(1) 1619/     7B4 : 3E FF               		ld	a,-1		; Return -1
(1) 1620/     7B6 : C9                  		ret
(1) 1621/     7B7 :                     
(1) 1622/     7B7 :                     ; ----------------------------------------
(1) 1623/     7B7 :                     
(1) 1624/     7B7 :                     .ovrw_link:
(1) 1625/     7B7 : E5                  		push	hl
(1) 1626/     7B8 : DD 56 01            		ld	d,(ix+chnl_Chip)
(1) 1627/     7BB : CD 21 0F            		call	tblz_clear
(1) 1628/     7BE : E1                  		pop	hl
(1) 1629/     7BF :                     .new_link:
(1) 1630/     7BF : CF                  		rst	8
(1) 1631/     7C0 : 23                  		inc	hl
(1) 1632/     7C1 : 23                  		inc	hl
(1) 1633/     7C2 :                     ; hl+2
(1) 1634/     7C2 :                     .l_hiprio:
(1) 1635/     7C2 : DD 73 01            		ld	(ix+chnl_Chip),e
(1) 1636/     7C5 : DD E5               		push	ix
(1) 1637/     7C7 : D1                  		pop	de
(1) 1638/     7C8 : 71                  		ld	(hl),c		; Write priority
(1) 1639/     7C9 : 2B                  		dec	hl
(1) 1640/     7CA : CF                  		rst	8
(1) 1641/     7CB : 72                  		ld 	(hl),d		; MSB
(1) 1642/     7CC : 2B                  		dec	hl
(1) 1643/     7CD : 73                  		ld	(hl),e		; LSB
(1) 1644/     7CE : AF                  		xor	a		; Return OK
(1) 1645/     7CF : C9                  		ret
(1) 1646/     7D0 :                     
(1) 1647/     7D0 :                     ; ----------------------------------------
(1) 1648/     7D0 :                     
(1) 1649/     7D0 :                     .nextsrch_tbl:
(1) 1650/     7D0 : CF                  		rst	8
(1) 1651/     7D1 : 00                  		nop
(1) 1652/     7D2 : D5                  		push	de
(1) 1653/     7D3 : 11 12 00            		ld	de,MAX_TBLSIZE
(1) 1654/     7D6 : 19                  		add	hl,de
(1) 1655/     7D7 : D1                  		pop	de
(1) 1656/     7D8 : C9                  		ret
(1) 1657/     7D9 :                     
(1) 1658/     7D9 :                     ; ----------------------------------------
(1) 1659/     7D9 :                     ; Pick chip table
(1) 1660/     7D9 :                     ;
(1) 1661/     7D9 :                     ; Input:
(1) 1662/     7D9 :                     ; a  - Chip ID
(1) 1663/     7D9 :                     ;
(1) 1664/     7D9 :                     ; Output:
(1) 1665/     7D9 :                     ; hl - Current table
(1) 1666/     7D9 :                     ; a  - bit 7 only: multi or single table
(1) 1667/     7D9 :                     ; ----------------------------------------
(1) 1668/     7D9 :                     
(1) 1669/     7D9 :                     .pick_tbl:
(1) 1670/     7D9 : D5                  		push	de
(1) 1671/     7DA : 0F                  		rrca
(1) 1672/     7DB : 0F                  		rrca
(1) 1673/     7DC : 0F                  		rrca
(1) 1674/     7DD : 0F                  		rrca
(1) 1675/     7DE : E6 07               		and	00000111b
(1) 1676/     7E0 : 87                  		add	a,a
(1) 1677/     7E1 : 21 00 1A            		ld	hl,tblList
(1) 1678/     7E4 : E5                  		push	hl
(1) 1679/     7E5 : 16 00               		ld	d,0
(1) 1680/     7E7 : 5F                  		ld	e,a
(1) 1681/     7E8 : 19                  		add	hl,de
(1) 1682/     7E9 : 5E                  		ld	e,(hl)
(1) 1683/     7EA : 23                  		inc	hl
(1) 1684/     7EB : 7E                  		ld	a,(hl)
(1) 1685/     7EC : 57                  		ld	d,a
(1) 1686/     7ED : E6 80               		and	10000000b
(1) 1687/     7EF : CB BA               		res	7,d
(1) 1688/     7F1 : E1                  		pop	hl
(1) 1689/     7F2 : 19                  		add	hl,de
(1) 1690/     7F3 : D1                  		pop	de
(1) 1691/     7F4 : C9                  		ret
(1) 1692/     7F5 :                     
(1) 1693/     7F5 :                     ; ============================================
(1) 1694/     7F5 :                     ; ----------------------------------------
(1) 1695/     7F5 :                     ; Process chip using it's table
(1) 1696/     7F5 :                     ;
(1) 1697/     7F5 :                     ; iy - table to read
(1) 1698/     7F5 :                     ; ----------------------------------------
(1) 1699/     7F5 :                     
(1) 1700/     7F5 :                     dtbl_multi:
(1) 1701/     7F5 : FD 7E 00            		ld	a,(iy)
(1) 1702/     7F8 : FE FF               		cp	-1
(1) 1703/     7FA : C8                  		ret	z
(1) 1704/     7FB : CF                  		rst	8
(1) 1705/     7FC : CD 09 08            		call	dtbl_singl
(1) 1706/     7FF : 11 12 00            		ld	de,MAX_TBLSIZE
(1) 1707/     802 : FD 19               		add	iy,de
(1) 1708/     804 : CF                  		rst	8
(1) 1709/     805 : 00                  		nop
(1) 1710/     806 : 00                  		nop
(1) 1711/     807 : 18 EC               		jr	dtbl_multi
(1) 1712/     809 :                     dtbl_singl:
(1) 1713/     809 : FD 5E 00            		ld	e,(iy)			; Read link
(1) 1714/     80C : FD 56 01            		ld	d,(iy+1)
(1) 1715/     80F : 7A                  		ld	a,d			; If no-zero, active
(1) 1716/     810 : B3                  		or	e
(1) 1717/     811 : 20 65               		jr	nz,.linked
(1) 1718/     813 : FD 7E 02            		ld	a,(iy+ztbl_Priority)	; Silence request?
(1) 1719/     816 : B7                  		or	a
(1) 1720/     817 : F0                  		ret	p			; Return if not.
(1) 1721/     818 : CF                  		rst	8
(1) 1722/     819 : FD 36 02 00         		ld	(iy+ztbl_Priority),0	; Reset request on memory
(1) 1723/     81D :                     
(1) 1724/     81D :                     ; ----------------------------------------
(1) 1725/     81D :                     ; chip-silence request
(1) 1726/     81D :                     ; iy - Table
(1) 1727/     81D :                     
(1) 1728/     81D : 06 00               		ld	b,0
(1) 1729/     81F : FD 4E 03            		ld	c,(iy+ztbl_Chip)
(1) 1730/     822 : E6 F0               		and	11110000b
(1) 1731/     824 : FE 80               		cp	cht_PSG
(1) 1732/     826 : 28 22               		jr	z,.siln_psg
(1) 1733/     828 : FE 90               		cp	cht_PSGN
(1) 1734/     82A : 28 1A               		jr	z,.siln_psg_n
(1) 1735/     82C : FE A0               		cp	cht_FM
(1) 1736/     82E : 28 42               		jr	z,.siln_fm
(1) 1737/     830 : FE B0               		cp	cht_FM3sp
(1) 1738/     832 : 28 3E               		jr	z,.siln_fm
(1) 1739/     834 : CF                  		rst	8
(1) 1740/     835 : FE C0               		cp	cht_FM6DAC
(1) 1741/     837 : 28 36               		jr	z,.siln_dac
(1) 1742/     839 : FE D0               		cp	cht_PCM
(1) 1743/     83B : 28 13               		jr	z,.siln_pcm
(1) 1744/     83D : FE E0               		cp	cht_PWM
(1) 1745/     83F : 28 20               		jr	z,.siln_pwm
(1) 1746/     841 :                     		
(1) 1747/     841 :                     		;!@
(1) 1748/     841 : FE F0               		cp	cht_PCO
(1) 1749/     843 : 28 29               		jr	z,.siln_pco
(1) 1750/     845 : C9                  		ret
(1) 1751/     846 :                     .siln_psg_n:
(1) 1752/     846 : AF                  		xor	a
(1) 1753/     847 : 32 2F 00            		ld	(psgHatMode),a
(1) 1754/     84A :                     .siln_psg:
(1) 1755/     84A : CF                  		rst	8
(1) 1756/     84B : 21 38 15            		ld	hl,psgcom
(1) 1757/     84E : 18 1A               		jr	.rcyl_com
(1) 1758/     850 :                     
(1) 1759/     850 :                     ; --------------------------------
(1) 1760/     850 :                     
(1) 1761/     850 :                     .siln_pcm:
(1) 1762/     850 : 3E 01               		ld	a,1
(1) 1763/     852 : 32 BF 17            		ld	(mcdUpd),a
(1) 1764/     855 : CF                  		rst	8
(1) 1765/     856 : 21 E0 14            		ld	hl,pcmcom+32
(1) 1766/     859 : 09                  		add	hl,bc
(1) 1767/     85A : 36 FF               		ld	(hl),-1
(1) 1768/     85C : 21 C0 14            		ld	hl,pcmcom
(1) 1769/     85F : 18 09               		jr	.rcyl_com
(1) 1770/     861 :                     .siln_pwm:
(1) 1771/     861 : 3E 01               		ld	a,1
(1) 1772/     863 : 32 BE 17            		ld	(marsUpd),a
(1) 1773/     866 : CF                  		rst	8
(1) 1774/     867 : 21 00 15            		ld	hl,pwmcom
(1) 1775/     86A :                     .rcyl_com:
(1) 1776/     86A : 09                  		add	hl,bc
(1) 1777/     86B : 36 04               		ld	(hl),100b	; key-cut
(1) 1778/     86D : C9                  		ret
(1) 1779/     86E :                     		
(1) 1780/     86E :                     ;!@ 
(1) 1781/     86E :                     .siln_pco:
(1) 1782/     86E :                     		;call	pco_off	;!@
(1) 1783/     86E :                     		;!@ rst	8
(1) 1784/     86E : C9                  		ret
(1) 1785/     86F :                     
(1) 1786/     86F :                     ; --------------------------------
(1) 1787/     86F :                     
(1) 1788/     86F :                     .siln_dac:
(1) 1789/     86F : CD 0D 12            		call	dac_off
(1) 1790/     872 :                     .siln_fm:
(1) 1791/     872 : CD 7B 0A            		call	.fm_tloff
(1) 1792/     875 : C3 73 0A            		jp	.fm_keyoff
(1) 1793/     878 :                     
(1) 1794/     878 :                     ; ----------------------------------------
(1) 1795/     878 :                     ; Process channel now
(1) 1796/     878 :                     ; iy - Table
(1) 1797/     878 :                     ; ix - Tracker channel
(1) 1798/     878 :                     .linked:
(1) 1799/     878 : 1A                  		ld	a,(de)		; ** chnl_Flags
(1) 1800/     879 : 47                  		ld	b,a		; b - flags to check
(1) 1801/     87A : E6 0F               		and	00001111b	; evin flags?
(1) 1802/     87C : C8                  		ret	z
(1) 1803/     87D : 78                  		ld	a,b
(1) 1804/     87E : E6 F0               		and	11110000b	; Keep OTHER bits
(1) 1805/     880 : 12                  		ld	(de),a		; ** clear chnl_Flags
(1) 1806/     881 : CF                  		rst	8
(1) 1807/     882 : FD E5               		push	iy		; table+10h instrment data
(1) 1808/     884 : D5                  		push	de
(1) 1809/     885 : DD E1               		pop	ix
(1) 1810/     887 : E1                  		pop	hl
(1) 1811/     888 : 11 0A 00            		ld	de,ztbl_InstCach	; Go to stored inst data
(1) 1812/     88B : 19                  		add	hl,de
(1) 1813/     88C :                     	; --------------------------------
(1) 1814/     88C :                     	;  b - Flags LR00evin (Eff|Vol|Ins|Note)
(1) 1815/     88C :                     	; iy - Our chip table
(1) 1816/     88C :                     	; ix - Track channel
(1) 1817/     88C :                     	; hl - Intrument data
(1) 1818/     88C : 78                  		ld	a,b		; Note and/or Inst?
(1) 1819/     88D : E6 03               		and	0011b
(1) 1820/     88F : C4 BA 08            		call	nz,.reset_effc	; Reset effects
(1) 1821/     892 : CB 50               		bit	2,b		; Volume
(1) 1822/     894 : C4 25 0D            		call	nz,.volu
(1) 1823/     897 : CF                  		rst	8
(1) 1824/     898 : CB 40               		bit	0,b		; Note
(1) 1825/     89A : C4 CE 0E            		call	nz,.note
(1) 1826/     89D : CB 48               		bit	1,b		; Intrument
(1) 1827/     89F : C4 2E 0D            		call	nz,.inst
(1) 1828/     8A2 : CB 58               		bit	3,b		; Effect
(1) 1829/     8A4 : C4 3A 0C            		call	nz,.effc
(1) 1830/     8A7 : 7E                  		ld	a,(hl)		; Read INS type
(1) 1831/     8A8 : E6 70               		and	01110000b	; Filter bits
(1) 1832/     8AA : 0F                  		rrca
(1) 1833/     8AB : CF                  		rst	8
(1) 1834/     8AC : 0F                  		rrca
(1) 1835/     8AD : 0F                  		rrca
(1) 1836/     8AE : 16 00               		ld	d,0
(1) 1837/     8B0 : 5F                  		ld	e,a
(1) 1838/     8B1 : 21 C7 08            		ld	hl,.mk_list
(1) 1839/     8B4 : 19                  		add	hl,de
(1) 1840/     8B5 : 7E                  		ld	a,(hl)
(1) 1841/     8B6 : 23                  		inc	hl
(1) 1842/     8B7 : 66                  		ld	h,(hl)
(1) 1843/     8B8 : 6F                  		ld	l,a
(1) 1844/     8B9 : E9                  		jp	(hl)
(1) 1845/     8BA :                     .reset_effc:
(1) 1846/     8BA : FD 36 06 00         		ld	(iy+ztbl_PitchBend),0
(1) 1847/     8BE : FD 36 08 00         		ld	(iy+ztbl_VolSlide),0
(1) 1848/     8C2 : FD 36 07 00         		ld	(iy+ztbl_Volume),0
(1) 1849/     8C6 : C9                  		ret
(1) 1850/     8C7 :                     
(1) 1851/     8C7 :                     ; --------------------------------
(1) 1852/     8C7 :                     .mk_list:
(1) 1853/     8C7 : D7 08               		dw .mk_psg			;0
(1) 1854/     8C9 : D7 08               		dw .mk_psg			;1
(1) 1855/     8CB : 8A 09               		dw .mk_fm			;2
(1) 1856/     8CD : 0E 0A               		dw .mk_fm_sp		;3
(1) 1857/     8CF : C2 0B               		dw .mk_dac			;4
(1) 1858/     8D1 : 18 0C               		dw .mk_pcm			;5
(1) 1859/     8D3 : 19 0C               		dw .mk_pwm			;6
(1) 1860/     8D5 : 38 0C               		dw .mk_pco			;!@ 7
(1) 1861/     8D7 :                     
(1) 1862/     8D7 :                     ; --------------------------------
(1) 1863/     8D7 :                     ; PSG and PSGN
(1) 1864/     8D7 :                     ; --------------------------------
(1) 1865/     8D7 :                     
(1) 1866/     8D7 :                     .mk_psg:
(1) 1867/     8D7 : DD 4E 02            		ld	c,(ix+chnl_Note)	; c - Note
(1) 1868/     8DA : DD E5               		push	ix			; * Save ix
(1) 1869/     8DC : CF                  		rst	8
(1) 1870/     8DD : DD 21 38 15         		ld	ix,psgcom		; ix - psgcom
(1) 1871/     8E1 : 16 00               		ld	d,0
(1) 1872/     8E3 : FD 5E 03            		ld	e,(iy+ztbl_Chip)
(1) 1873/     8E6 : DD 19               		add	ix,de			; Get com index
(1) 1874/     8E8 : 78                  		ld	a,b			; New NOTE and/or INS?
(1) 1875/     8E9 : E6 03               		and	0011b
(1) 1876/     8EB : 28 4A               		jr	z,.psgc_proc		; Process only
(1) 1877/     8ED : 79                  		ld	a,c			; c - Note
(1) 1878/     8EE : B7                  		or	a
(1) 1879/     8EF : C8                  		ret	z
(1) 1880/     8F0 : CF                  		rst	8
(1) 1881/     8F1 : FE FE               		cp	-2			; Key cut?
(1) 1882/     8F3 : 28 32               		jr	z,.kycut_psg
(1) 1883/     8F5 : FE FF               		cp	-1			; Key off?
(1) 1884/     8F7 : 28 22               		jr	z,.kyoff_psg
(1) 1885/     8F9 : DD 36 00 01         		ld	(ix+COM),001b		; Set Key ON
(1) 1886/     8FD : 7B                  		ld	a,e			; a - Channel 0-3
(1) 1887/     8FE : 11 00 00            		ld	de,0			; Clear de
(1) 1888/     901 : FE 03               		cp	3			; NOISE channel?
(1) 1889/     903 : 20 0E               		jr	nz,.not_ns
(1) 1890/     905 : CF                  		rst	8
(1) 1891/     906 : 3A 2F 00            		ld	a,(psgHatMode)		; Tone 3?
(1) 1892/     909 : E6 03               		and	011b
(1) 1893/     90B : FE 03               		cp	011b
(1) 1894/     90D : C2 5A 09            		jp	nz,.psg_keyon		; Normal
(1) 1895/     910 : 11 18 00            		ld	de,12*2			; Add octave to freq
(1) 1896/     913 :                     .not_ns:
(1) 1897/     913 : CD 75 09            		call	.psg_getfreq
(1) 1898/     916 : 18 26               		jr	.psgc_keyon
(1) 1899/     918 :                     
(1) 1900/     918 :                     ; --------------------------------
(1) 1901/     918 :                     ; -1
(1) 1902/     918 :                     .kyoff_psgn:
(1) 1903/     918 : CD 30 09            		call	.kypsgn_hatoff
(1) 1904/     91B :                     .kyoff_psg:
(1) 1905/     91B : DD 36 00 02         		ld	(ix),010b		; Write key off
(1) 1906/     91F : DD E1               		pop	ix			; * Restore ix
(1) 1907/     921 : C3 1A 0F            		jp	.chnl_ulnk
(1) 1908/     924 :                     
(1) 1909/     924 :                     ; --------------------------------
(1) 1910/     924 :                     ; -2
(1) 1911/     924 :                     .kycut_psgn:
(1) 1912/     924 : CD 30 09            		call	.kypsgn_hatoff
(1) 1913/     927 :                     .kycut_psg:
(1) 1914/     927 : DD 36 00 04         		ld	(ix),100b		; Write key cut
(1) 1915/     92B : DD E1               		pop	ix			; * Restore ix
(1) 1916/     92D : C3 1A 0F            		jp	.chnl_ulnk
(1) 1917/     930 :                     
(1) 1918/     930 :                     
(1) 1919/     930 :                     .kypsgn_hatoff:
(1) 1920/     930 : 3E 00               		ld	a,000b
(1) 1921/     932 : 32 2F 00            		ld	(psgHatMode),a		; ** GLOBAL SETTING
(1) 1922/     935 : CF                  		rst	8
(1) 1923/     936 : C9                  		ret
(1) 1924/     937 :                     
(1) 1925/     937 :                     ; --------------------------------
(1) 1926/     937 :                     ; hl - current freq
(1) 1927/     937 :                     ; ix - psgcom
(1) 1928/     937 :                     ; b - flags
(1) 1929/     937 :                     
(1) 1930/     937 :                     .psgc_proc:
(1) 1931/     937 : CF                  		rst	8
(1) 1932/     938 : DD 6E 1C            		ld	l,(ix+DTL)		; Read saved freq
(1) 1933/     93B : DD 66 20            		ld	h,(ix+DTH)
(1) 1934/     93E :                     .psgc_keyon:
(1) 1935/     93E : FD 7E 06            		ld	a,(iy+ztbl_PitchBend)	; pitchbend
(1) 1936/     941 : B7                  		or	a
(1) 1937/     942 : CA 54 09            		jp	z,.no_req
(1) 1938/     945 : ED 44               		neg	a
(1) 1939/     947 : 5F                  		ld	e,a
(1) 1940/     948 : 4F                  		ld	c,a
(1) 1941/     949 : AF                  		xor	a
(1) 1942/     94A : FD 77 06            		ld	(iy+ztbl_PitchBend),a
(1) 1943/     94D : 3F                  		ccf
(1) 1944/     94E : CB 21               		sla	c
(1) 1945/     950 : 9F                  		sbc	a,a
(1) 1946/     951 : 57                  		ld	d,a
(1) 1947/     952 : CF                  		rst	8
(1) 1948/     953 : 19                  		add	hl,de
(1) 1949/     954 :                     .no_req:
(1) 1950/     954 : DD 75 1C            		ld	(ix+DTL),l
(1) 1951/     957 : DD 74 20            		ld	(ix+DTH),h
(1) 1952/     95A :                     .psg_keyon:
(1) 1953/     95A : FD 7E 08            		ld	a,(iy+ztbl_VolSlide)
(1) 1954/     95D : 87                  		add	a,a
(1) 1955/     95E : 5F                  		ld	e,a
(1) 1956/     95F : FD 7E 07            		ld	a,(iy+ztbl_Volume)	; Set current Volume
(1) 1957/     962 : 93                  		sub	a,e
(1) 1958/     963 : FD 96 04            		sub	a,(iy+ztbl_MasterVol)	; + MASTER vol
(1) 1959/     966 : ED 44               		neg	a
(1) 1960/     968 : CF                  		rst	8
(1) 1961/     969 : 87                  		add	a,a
(1) 1962/     96A : 87                  		add	a,a
(1) 1963/     96B : 30 02               		jr	nc,.vmuch
(1) 1964/     96D : 3E FF               		ld	a,-1
(1) 1965/     96F :                     .vmuch:
(1) 1966/     96F : DD 77 30            		ld	(ix+MVOL),a
(1) 1967/     972 : DD E1               		pop	ix			; * Restore ix
(1) 1968/     974 : C9                  		ret
(1) 1969/     975 :                     
(1) 1970/     975 :                     ; --------------------------------
(1) 1971/     975 :                     ; de - increment
(1) 1972/     975 :                     
(1) 1973/     975 :                     .psg_getfreq:
(1) 1974/     975 : 21 F6 12            		ld	hl,psgFreq_List-(36*2)
(1) 1975/     978 : 19                  		add	hl,de
(1) 1976/     979 : FD 5E 05            		ld	e,(iy+ztbl_FreqIndx)	; de - note*2
(1) 1977/     97C : 19                  		add	hl,de
(1) 1978/     97D : 7E                  		ld	a,(hl)
(1) 1979/     97E : 23                  		inc	hl
(1) 1980/     97F : CF                  		rst	8
(1) 1981/     980 : 66                  		ld	h,(hl)
(1) 1982/     981 : 6F                  		ld	l,a
(1) 1983/     982 : 3A 88 1F            		ld	a,(palMode)
(1) 1984/     985 : B7                  		or	a
(1) 1985/     986 : 28 01               		jr	z,.fnot_pal
(1) 1986/     988 : 2B                  		dec	hl
(1) 1987/     989 :                     .fnot_pal:
(1) 1988/     989 : C9                  		ret
(1) 1989/     98A :                     
(1) 1990/     98A :                     ; --------------------------------
(1) 1991/     98A :                     ; FM
(1) 1992/     98A :                     ; --------------------------------
(1) 1993/     98A :                     
(1) 1994/     98A :                     .mk_fm:
(1) 1995/     98A : FD 4E 03            		ld	c,(iy+ztbl_Chip)	; c - YM key
(1) 1996/     98D : 78                  		ld	a,b			; Get NOTE and/or INS?
(1) 1997/     98E : E6 03               		and	0011b
(1) 1998/     990 : 28 32               		jr	z,.mkfm_proc		; Process only
(1) 1999/     992 : DD 7E 02            		ld	a,(ix+chnl_Note)	; Get IT note
(1) 2000/     995 : B7                  		or	a
(1) 2001/     996 : C8                  		ret	z
(1) 2002/     997 : FE FE               		cp	-2			; Key-cut?
(1) 2003/     999 : CA 67 0A            		jp	z,.fm_cut
(1) 2004/     99C : CF                  		rst	8
(1) 2005/     99D : FE FF               		cp	-1			; Key-off?
(1) 2006/     99F : CA 5E 0A            		jp	z,.fm_off
(1) 2007/     9A2 : CD 73 0A            		call	.fm_keyoff		; Turn FM keys off
(1) 2008/     9A5 : 79                  		ld	a,c
(1) 2009/     9A6 : FE 06               		cp	6			; Check FM6
(1) 2010/     9A8 : 20 05               		jr	nz,.not_dac
(1) 2011/     9AA : CD 0D 12            		call	dac_off			; Turn DAC off
(1) 2012/     9AD : 18 15               		jr	.mkfm_proc
(1) 2013/     9AF :                     .not_dac:
(1) 2014/     9AF : FE 02               		cp	2			; Check FM3
(1) 2015/     9B1 : 20 11               		jr	nz,.mkfm_proc
(1) 2016/     9B3 : 3A 30 00            		ld	a,(fmSpecial)		; FM3 Special active?
(1) 2017/     9B6 : B7                  		or	a
(1) 2018/     9B7 : 28 0B               		jr	z,.mkfm_proc
(1) 2019/     9B9 : CF                  		rst	8
(1) 2020/     9BA : AF                  		xor	a
(1) 2021/     9BB : 32 30 00            		ld	(fmSpecial),a
(1) 2022/     9BE : 11 00 27            		ld	de,2700h		; Turn FM3 Special OFF
(1) 2023/     9C1 : CD E2 11            		call	fm_send_1
(1) 2024/     9C4 :                     .mkfm_proc:
(1) 2025/     9C4 : CF                  		rst	8
(1) 2026/     9C5 : C5                  		push	bc
(1) 2027/     9C6 : FD 7E 05            		ld	a,(iy+ztbl_FreqIndx)
(1) 2028/     9C9 : 47                  		ld	b,a
(1) 2029/     9CA : E6 1F               		and	00011111b
(1) 2030/     9CC : 5F                  		ld	e,a
(1) 2031/     9CD : 16 00               		ld	d,0
(1) 2032/     9CF : 21 26 13            		ld	hl,fmFreq_List
(1) 2033/     9D2 : 19                  		add	hl,de
(1) 2034/     9D3 : 7E                  		ld	a,(hl)
(1) 2035/     9D4 : CF                  		rst	8
(1) 2036/     9D5 : 23                  		inc	hl
(1) 2037/     9D6 : 66                  		ld	h,(hl)
(1) 2038/     9D7 : 6F                  		ld	l,a			; hl - Current FM freq
(1) 2039/     9D8 : 3A 88 1F            		ld	a,(palMode)		; PAL speed check
(1) 2040/     9DB : B7                  		or	a
(1) 2041/     9DC : 28 04               		jr	z,.not_pal
(1) 2042/     9DE : 11 04 00            		ld	de,4			; freq + 4
(1) 2043/     9E1 : 19                  		add	hl,de
(1) 2044/     9E2 :                     .not_pal:
(1) 2045/     9E2 : 78                  		ld	a,b
(1) 2046/     9E3 : E6 E0               		and	11100000b
(1) 2047/     9E5 : 0F                  		rrca
(1) 2048/     9E6 : 0F                  		rrca
(1) 2049/     9E7 : B4                  		or	h
(1) 2050/     9E8 : 67                  		ld	h,a
(1) 2051/     9E9 : FD 5E 06            		ld	e,(iy+ztbl_PitchBend)	; Get pitchbend effect
(1) 2052/     9EC : CF                  		rst	8
(1) 2053/     9ED : AF                  		xor	a			; clear high
(1) 2054/     9EE : 3F                  		ccf				; clear carry
(1) 2055/     9EF : CB 23               		sla	e			; pitchbend << 2
(1) 2056/     9F1 : 00                  		nop				; **
(1) 2057/     9F2 : 9F                  		sbc	a,a			; get carry MSB
(1) 2058/     9F3 : 57                  		ld	d,a
(1) 2059/     9F4 : 19                  		add	hl,de			; Pitchbend the freq
(1) 2060/     9F5 : 79                  		ld	a,c
(1) 2061/     9F6 : E6 03               		and	011b
(1) 2062/     9F8 : F6 A4               		or	0A4h
(1) 2063/     9FA : 57                  		ld	d,a
(1) 2064/     9FB : 5C                  		ld	e,h
(1) 2065/     9FC : CF                  		rst	8
(1) 2066/     9FD : CD DE 11            		call	fm_autoreg
(1) 2067/     A00 : 79                  		ld	a,c
(1) 2068/     A01 : E6 03               		and	011b
(1) 2069/     A03 : F6 A0               		or	0A0h
(1) 2070/     A05 : 57                  		ld	d,a
(1) 2071/     A06 : 5D                  		ld	e,l
(1) 2072/     A07 : CD DE 11            		call	fm_autoreg
(1) 2073/     A0A : C1                  		pop	bc
(1) 2074/     A0B : C3 A9 0A            		jp	.mkfm_set
(1) 2075/     A0E :                     
(1) 2076/     A0E :                     ; --------------------------------
(1) 2077/     A0E :                     ; FM3 special
(1) 2078/     A0E :                     ; --------------------------------
(1) 2079/     A0E :                     
(1) 2080/     A0E :                     ; TODO: Do to PAL freq increment
(1) 2081/     A0E :                     
(1) 2082/     A0E :                     .mk_fm_sp:
(1) 2083/     A0E : 0E 02               		ld	c,010b			; ** FM3 special ID
(1) 2084/     A10 : 78                  		ld	a,b			; New NOTE and/or INS?
(1) 2085/     A11 : E6 03               		and	0011b
(1) 2086/     A13 : CA A9 0A            		jp	z,.mkfm_set		; Process only
(1) 2087/     A16 : DD 7E 02            		ld	a,(ix+chnl_Note)
(1) 2088/     A19 : B7                  		or	a
(1) 2089/     A1A : C8                  		ret	z
(1) 2090/     A1B : FE FE               		cp	-2
(1) 2091/     A1D : CA 67 0A            		jp	z,.fm_cut
(1) 2092/     A20 : FE FF               		cp	-1
(1) 2093/     A22 : CA 5E 0A            		jp	z,.fm_off
(1) 2094/     A25 : CD 73 0A            		call	.fm_keyoff
(1) 2095/     A28 : CF                  		rst	8
(1) 2096/     A29 : 21 C4 15            		ld	hl,fmcach_3		; DIRECT point to FM3 data
(1) 2097/     A2C : 11 20 00            		ld	de,20h			; point to regs
(1) 2098/     A2F : 19                  		add	hl,de
(1) 2099/     A30 : DD E5               		push	ix
(1) 2100/     A32 : DD 21 56 0A         		ld	ix,.this_regs
(1) 2101/     A36 : 06 08               		ld	b,8
(1) 2102/     A38 :                     .wr_spc:
(1) 2103/     A38 : DD 56 00            		ld	d,(ix)			; Manually write the FM3 freqs
(1) 2104/     A3B : 5E                  		ld	e,(hl)
(1) 2105/     A3C : CD E2 11            		call	fm_send_1
(1) 2106/     A3F : CF                  		rst	8
(1) 2107/     A40 : 23                  		inc	hl
(1) 2108/     A41 : DD 23               		inc	ix
(1) 2109/     A43 : 10 F3               		djnz	.wr_spc
(1) 2110/     A45 : DD E1               		pop	ix
(1) 2111/     A47 : CD A9 0A            		call	.mkfm_set
(1) 2112/     A4A : 11 40 27            		ld	de,2740h		; Turn FM3 Special mode
(1) 2113/     A4D : CD E2 11            		call	fm_send_1
(1) 2114/     A50 : 3E 01               		ld	a,1
(1) 2115/     A52 : 32 30 00            		ld	(fmSpecial),a
(1) 2116/     A55 : C9                  		ret
(1) 2117/     A56 :                     .this_regs:
(1) 2118/     A56 : AD A9               		db 0ADh,0A9h
(1) 2119/     A58 : AC A8               		db 0ACh,0A8h
(1) 2120/     A5A : AE AA               		db 0AEh,0AAh
(1) 2121/     A5C : A6 A2               		db 0A6h,0A2h
(1) 2122/     A5E :                     
(1) 2123/     A5E :                     ; ----------------------------------------
(1) 2124/     A5E :                     
(1) 2125/     A5E :                     .fm_off:
(1) 2126/     A5E : CD 92 0A            		call	.fm_clrrsave
(1) 2127/     A61 : CD 73 0A            		call	.fm_keyoff
(1) 2128/     A64 : C3 1A 0F            		jp	.chnl_ulnk
(1) 2129/     A67 :                     .fm_cut:
(1) 2130/     A67 : CD 92 0A            		call	.fm_clrrsave
(1) 2131/     A6A : CD 73 0A            		call	.fm_keyoff
(1) 2132/     A6D : CD 7B 0A            		call	.fm_tloff
(1) 2133/     A70 : C3 1A 0F            		jp	.chnl_ulnk
(1) 2134/     A73 :                     
(1) 2135/     A73 :                     ; ----------------------------------------
(1) 2136/     A73 :                     ; iy - current FM table
(1) 2137/     A73 :                     
(1) 2138/     A73 :                     .fm_keyoff:
(1) 2139/     A73 : 16 28               		ld	d,28h
(1) 2140/     A75 : FD 5E 03            		ld	e,(iy+ztbl_Chip)
(1) 2141/     A78 : C3 E2 11            		jp	fm_send_1
(1) 2142/     A7B :                     
(1) 2143/     A7B :                     .fm_tloff:
(1) 2144/     A7B : 06 04               		ld	b,4
(1) 2145/     A7D : FD 4E 03            		ld	c,(iy+ztbl_Chip)
(1) 2146/     A80 : 79                  		ld	a,c
(1) 2147/     A81 : E6 03               		and	011b
(1) 2148/     A83 : F6 40               		or	40h		; TL regs
(1) 2149/     A85 : 1E 7F               		ld	e,7Fh
(1) 2150/     A87 :                     .tl_down:
(1) 2151/     A87 : 57                  		ld	d,a
(1) 2152/     A88 :                     		; e - 7Fh
(1) 2153/     A88 : CD DE 11            		call	fm_autoreg
(1) 2154/     A8B : CF                  		rst	8
(1) 2155/     A8C : 7A                  		ld	a,d
(1) 2156/     A8D : C6 04               		add	a,4
(1) 2157/     A8F : 10 F6               		djnz	.tl_down
(1) 2158/     A91 : C9                  		ret
(1) 2159/     A92 :                     
(1) 2160/     A92 :                     .fm_clrrsave:
(1) 2161/     A92 : FD 7E 03            		ld	a,(iy+ztbl_Chip)
(1) 2162/     A95 : E6 07               		and	0111b
(1) 2163/     A97 : 87                  		add	a,a
(1) 2164/     A98 : 87                  		add	a,a
(1) 2165/     A99 : 21 64 16            		ld	hl,fmlist_rsave
(1) 2166/     A9C : 16 00               		ld	d,0
(1) 2167/     A9E : 5F                  		ld	e,a
(1) 2168/     A9F : 19                  		add	hl,de
(1) 2169/     AA0 : 36 00               		ld	(hl),0
(1) 2170/     AA2 : 23                  		inc	hl
(1) 2171/     AA3 : 36 00               		ld	(hl),0
(1) 2172/     AA5 : 23                  		inc	hl
(1) 2173/     AA6 : 36 00               		ld	(hl),0
(1) 2174/     AA8 : C9                  		ret
(1) 2175/     AA9 :                     
(1) 2176/     AA9 :                     ; ----------------------------------------
(1) 2177/     AA9 :                     
(1) 2178/     AA9 :                     .mkfm_set:
(1) 2179/     AA9 : FD 7E 03            		ld	a,(iy+ztbl_Chip)
(1) 2180/     AAC : CD B2 0B            		call	.get_fmcach
(1) 2181/     AAF : E5                  		push	hl			; Save TOP
(1) 2182/     AB0 : 11 1C 00            		ld	de,1Ch			; Go to 1Ch (regs B0, B4...)
(1) 2183/     AB3 : 19                  		add	hl,de
(1) 2184/     AB4 : 46                  		ld	b,(hl)			; b - 0B0h algorithm
(1) 2185/     AB5 : E1                  		pop	hl			; Recover TOP
(1) 2186/     AB6 : CF                  		rst	8
(1) 2187/     AB7 : FD 4E 03            		ld	c,(iy+ztbl_Chip)
(1) 2188/     ABA : 79                  		ld	a,c
(1) 2189/     ABB : E6 03               		and	011b
(1) 2190/     ABD : F6 30               		or	30h			; Start at reg 30h
(1) 2191/     ABF : 57                  		ld	d,a
(1) 2192/     AC0 :                     	; hl - reg data
(1) 2193/     AC0 :                     	; b  - 0B0h algorithm
(1) 2194/     AC0 :                     	;  c - current FM channel 0-6
(1) 2195/     AC0 :                     	; d  - Starting FM reg
(1) 2196/     AC0 : CD 12 0B            		call	.mkfm_wregs		; 30h+
(1) 2197/     AC3 : CD 3B 0B            		call	.mkfm_tlvol		; 40h+
(1) 2198/     AC6 : CD 12 0B            		call	.mkfm_wregs		; 50h+
(1) 2199/     AC9 : CD 12 0B            		call	.mkfm_wregs		; 60h+
(1) 2200/     ACC : CD 12 0B            		call	.mkfm_wregs		; 70h+
(1) 2201/     ACF : CD 12 0B            		call	.mkfm_wregs		; 80h+
(1) 2202/     AD2 : CD 12 0B            		call	.mkfm_wregs		; 90h+
(1) 2203/     AD5 : 78                  		ld	a,b			; 0B0h algorithm
(1) 2204/     AD6 : 23                  		inc	hl
(1) 2205/     AD7 : 5F                  		ld	e,a
(1) 2206/     AD8 : 79                  		ld	a,c
(1) 2207/     AD9 : E6 03               		and	011b
(1) 2208/     ADB : F6 B0               		or	0B0h
(1) 2209/     ADD : 57                  		ld	d,a
(1) 2210/     ADE : CD DE 11            		call	fm_autoreg		; Write algorithm
(1) 2211/     AE1 : CF                  		rst	8
(1) 2212/     AE2 : DD 7E 00            		ld	a,(ix+chnl_Flags)	; Read panning bits
(1) 2213/     AE5 : 2F                  		cpl				; REVERSE bits
(1) 2214/     AE6 : E6 30               		and	00110000b
(1) 2215/     AE8 : 07                  		rlca				; << 2
(1) 2216/     AE9 : 07                  		rlca
(1) 2217/     AEA : 5F                  		ld	e,a			; save as e
(1) 2218/     AEB : 7E                  		ld	a,(hl)			; 0B4h %00aa0ppp
(1) 2219/     AEC : 23                  		inc	hl
(1) 2220/     AED : E6 3F               		and	00111111b
(1) 2221/     AEF : B3                  		or	e			; Merge panning
(1) 2222/     AF0 : 5F                  		ld	e,a
(1) 2223/     AF1 : 79                  		ld	a,c
(1) 2224/     AF2 : CF                  		rst	8
(1) 2225/     AF3 : E6 03               		and	011b
(1) 2226/     AF5 : F6 B4               		or	0B4h
(1) 2227/     AF7 : 57                  		ld	d,a
(1) 2228/     AF8 : CD DE 11            		call	fm_autoreg
(1) 2229/     AFB : 7E                  		ld	a,(hl)			; 022h
(1) 2230/     AFC : 23                  		inc	hl
(1) 2231/     AFD : CB 5F               		bit	3,a			; Intrument wants LFO?
(1) 2232/     AFF : 28 06               		jr	z,.no_lfo
(1) 2233/     B01 : 5F                  		ld	e,a
(1) 2234/     B02 : 16 22               		ld	d,22h
(1) 2235/     B04 : CD E2 11            		call	fm_send_1
(1) 2236/     B07 :                     .no_lfo:
(1) 2237/     B07 :                     
(1) 2238/     B07 :                     
(1) 2239/     B07 : CF                  		rst	8
(1) 2240/     B08 : 7E                  		ld	a,(hl)			; 028h
(1) 2241/     B09 : E6 F0               		and	11110000b
(1) 2242/     B0B : B1                  		or	c			; Merge FM channel
(1) 2243/     B0C : 5F                  		ld	e,a
(1) 2244/     B0D : 16 28               		ld	d,28h
(1) 2245/     B0F : C3 E2 11            		jp	fm_send_1		; Set keys
(1) 2246/     B12 :                     
(1) 2247/     B12 :                     ; ----------------------------------------
(1) 2248/     B12 :                     
(1) 2249/     B12 :                     .mkfm_wregs:
(1) 2250/     B12 : CF                  		rst	8
(1) 2251/     B13 : 5E                  		ld	e,(hl)
(1) 2252/     B14 : 23                  		inc	hl
(1) 2253/     B15 : CD DE 11            		call	fm_autoreg
(1) 2254/     B18 : 14                  		inc	d
(1) 2255/     B19 : 14                  		inc	d
(1) 2256/     B1A : 14                  		inc	d
(1) 2257/     B1B : 14                  		inc	d
(1) 2258/     B1C : 5E                  		ld	e,(hl)
(1) 2259/     B1D : 23                  		inc	hl
(1) 2260/     B1E : CF                  		rst	8
(1) 2261/     B1F : CD DE 11            		call	fm_autoreg
(1) 2262/     B22 : 14                  		inc	d
(1) 2263/     B23 : 14                  		inc	d
(1) 2264/     B24 : 14                  		inc	d
(1) 2265/     B25 : 14                  		inc	d
(1) 2266/     B26 : 5E                  		ld	e,(hl)
(1) 2267/     B27 : 23                  		inc	hl
(1) 2268/     B28 : CD DE 11            		call	fm_autoreg
(1) 2269/     B2B : 14                  		inc	d
(1) 2270/     B2C : CF                  		rst	8
(1) 2271/     B2D : 14                  		inc	d
(1) 2272/     B2E : 14                  		inc	d
(1) 2273/     B2F : 14                  		inc	d
(1) 2274/     B30 : 5E                  		ld	e,(hl)
(1) 2275/     B31 : 23                  		inc	hl
(1) 2276/     B32 : CD DE 11            		call	fm_autoreg
(1) 2277/     B35 : 14                  		inc	d
(1) 2278/     B36 : 14                  		inc	d
(1) 2279/     B37 : 14                  		inc	d
(1) 2280/     B38 : 14                  		inc	d
(1) 2281/     B39 : CF                  		rst	8
(1) 2282/     B3A : C9                  		ret
(1) 2283/     B3B :                     
(1) 2284/     B3B :                     ; ----------------------------------------
(1) 2285/     B3B :                     ; Write 40+ TL w/volume
(1) 2286/     B3B :                     
(1) 2287/     B3B :                     ; hl - TL reg data
(1) 2288/     B3B :                     ; b - current 0B0h
(1) 2289/     B3B :                     ; d - 40h+
(1) 2290/     B3B :                     
(1) 2291/     B3B :                     .mkfm_tlvol:
(1) 2292/     B3B : 78                  		ld	a,b			; Read 0B0h copy
(1) 2293/     B3C : C5                  		push	bc
(1) 2294/     B3D : E5                  		push	hl
(1) 2295/     B3E : 21 AA 0B            		ld	hl,.fm_cindx		; hl - jump carry list
(1) 2296/     B41 : E6 07               		and	0111b
(1) 2297/     B43 : 06 00               		ld	b,0
(1) 2298/     B45 : 4F                  		ld	c,a
(1) 2299/     B46 : 09                  		add	hl,bc
(1) 2300/     B47 : CF                  		rst	8
(1) 2301/     B48 : FD 7E 07            		ld	a,(iy+ztbl_Volume)	; Read current Volume
(1) 2302/     B4B : FD 96 08            		sub	a,(iy+ztbl_VolSlide)
(1) 2303/     B4E : FD 96 04            		sub	a,(iy+ztbl_MasterVol)	; + MASTER vol
(1) 2304/     B51 : 4F                  		ld	c,a			; c - Current Volume
(1) 2305/     B52 : 46                  		ld	b,(hl)			; b - Current jump-carry byte
(1) 2306/     B53 : E1                  		pop	hl
(1) 2307/     B54 : CB 08               		rrc	b			; OP1
(1) 2308/     B56 : DC 8D 0B            		call	c,.write_tl
(1) 2309/     B59 : D4 9F 0B            		call	nc,.write_ntl
(1) 2310/     B5C : 23                  		inc	hl
(1) 2311/     B5D : 14                  		inc	d
(1) 2312/     B5E : 14                  		inc	d
(1) 2313/     B5F : CF                  		rst	8
(1) 2314/     B60 : 14                  		inc	d
(1) 2315/     B61 : 14                  		inc	d
(1) 2316/     B62 : CB 08               		rrc	b			; OP2
(1) 2317/     B64 : DC 8D 0B            		call	c,.write_tl
(1) 2318/     B67 : D4 9F 0B            		call	nc,.write_ntl
(1) 2319/     B6A : 23                  		inc	hl
(1) 2320/     B6B : 14                  		inc	d
(1) 2321/     B6C : 14                  		inc	d
(1) 2322/     B6D : 14                  		inc	d
(1) 2323/     B6E : 14                  		inc	d
(1) 2324/     B6F : CB 08               		rrc	b			; OP3
(1) 2325/     B71 : DC 8D 0B            		call	c,.write_tl
(1) 2326/     B74 : D4 9F 0B            		call	nc,.write_ntl
(1) 2327/     B77 : 23                  		inc	hl
(1) 2328/     B78 : CF                  		rst	8
(1) 2329/     B79 : 14                  		inc	d
(1) 2330/     B7A : 14                  		inc	d
(1) 2331/     B7B : 14                  		inc	d
(1) 2332/     B7C : 14                  		inc	d
(1) 2333/     B7D : CB 08               		rrc	b			; OP4
(1) 2334/     B7F : DC 8D 0B            		call	c,.write_tl
(1) 2335/     B82 : D4 9F 0B            		call	nc,.write_ntl
(1) 2336/     B85 : 23                  		inc	hl
(1) 2337/     B86 : 14                  		inc	d
(1) 2338/     B87 : 14                  		inc	d
(1) 2339/     B88 : 14                  		inc	d
(1) 2340/     B89 : 14                  		inc	d
(1) 2341/     B8A : CF                  		rst	8
(1) 2342/     B8B : C1                  		pop	bc
(1) 2343/     B8C : C9                  		ret
(1) 2344/     B8D :                     
(1) 2345/     B8D :                     ; --------------------------------
(1) 2346/     B8D :                     
(1) 2347/     B8D :                     .write_tl:
(1) 2348/     B8D : 7E                  		ld	a,(hl)
(1) 2349/     B8E : 91                  		sub	a,c			; reg - volume
(1) 2350/     B8F : F2 94 0B            		jp	p,.keep_tlmx
(1) 2351/     B92 : 3E 7F               		ld	a,7Fh			; <-- maximum TL
(1) 2352/     B94 :                     .keep_tlmx:
(1) 2353/     B94 : C5                  		push	bc
(1) 2354/     B95 : 5F                  		ld	e,a
(1) 2355/     B96 : FD 4E 03            		ld	c,(iy+ztbl_Chip)
(1) 2356/     B99 : CD DE 11            		call	fm_autoreg
(1) 2357/     B9C : CF                  		rst	8
(1) 2358/     B9D : C1                  		pop	bc
(1) 2359/     B9E : C9                  		ret
(1) 2360/     B9F :                     
(1) 2361/     B9F :                     .write_ntl:
(1) 2362/     B9F : C5                  		push	bc
(1) 2363/     BA0 : 5E                  		ld	e,(hl)
(1) 2364/     BA1 : FD 4E 03            		ld	c,(iy+ztbl_Chip)
(1) 2365/     BA4 : CD DE 11            		call	fm_autoreg
(1) 2366/     BA7 : CF                  		rst	8
(1) 2367/     BA8 : C1                  		pop	bc
(1) 2368/     BA9 : C9                  		ret
(1) 2369/     BAA :                     
(1) 2370/     BAA :                     ; --------------------------------
(1) 2371/     BAA :                     ; Jump carry list
(1) 2372/     BAA :                     .fm_cindx:
(1) 2373/     BAA : 08                  		db 1000b
(1) 2374/     BAB : 08                  		db 1000b
(1) 2375/     BAC : 08                  		db 1000b
(1) 2376/     BAD : 08                  		db 1000b
(1) 2377/     BAE : 0C                  		db 1100b
(1) 2378/     BAF : 0E                  		db 1110b
(1) 2379/     BB0 : 0E                  		db 1110b
(1) 2380/     BB1 : 0F                  		db 1111b
(1) 2381/     BB2 :                     
(1) 2382/     BB2 :                     ; --------------------------------
(1) 2383/     BB2 :                     ; Input:
(1) 2384/     BB2 :                     ; a - FM id (0-2,4-6)
(1) 2385/     BB2 :                     ;
(1) 2386/     BB2 :                     ; Ouput:
(1) 2387/     BB2 :                     ; hl - instrument data
(1) 2388/     BB2 :                     ;
(1) 2389/     BB2 :                     ; Uses:
(1) 2390/     BB2 :                     ; de
(1) 2391/     BB2 :                     ; --------------------------------
(1) 2392/     BB2 :                     
(1) 2393/     BB2 :                     .get_fmcach:
(1) 2394/     BB2 : 21 B8 17            		ld	hl,fmcach_list
(1) 2395/     BB5 : E6 07               		and	0111b
(1) 2396/     BB7 : 16 00               		ld	d,0
(1) 2397/     BB9 : 87                  		add	a,a
(1) 2398/     BBA : 5F                  		ld	e,a
(1) 2399/     BBB : CF                  		rst	8
(1) 2400/     BBC : 19                  		add	hl,de
(1) 2401/     BBD : 7E                  		ld	a,(hl)
(1) 2402/     BBE : 23                  		inc	hl
(1) 2403/     BBF : 66                  		ld	h,(hl)
(1) 2404/     BC0 : 6F                  		ld	l,a
(1) 2405/     BC1 : C9                  		ret
(1) 2406/     BC2 :                     
(1) 2407/     BC2 :                     ; --------------------------------
(1) 2408/     BC2 :                     ; DAC
(1) 2409/     BC2 :                     ; --------------------------------
(1) 2410/     BC2 :                     
(1) 2411/     BC2 :                     .mk_dac:
(1) 2412/     BC2 : 78                  		ld	a,b
(1) 2413/     BC3 : E6 03               		and	0011b
(1) 2414/     BC5 : 28 21               		jr	z,.dac_proc
(1) 2415/     BC7 : DD 7E 02            		ld	a,(ix+chnl_Note)
(1) 2416/     BCA : B7                  		or	a
(1) 2417/     BCB : C8                  		ret	z
(1) 2418/     BCC : FE FE               		cp	-2
(1) 2419/     BCE : CA DC 0B            		jp	z,.dac_cut
(1) 2420/     BD1 : FE FF               		cp	-1
(1) 2421/     BD3 : CA E2 0B            		jp	z,.dac_off
(1) 2422/     BD6 : CD E8 0B            		call	.dac_proc
(1) 2423/     BD9 : C3 22 12            		jp	dac_play
(1) 2424/     BDC :                     .dac_cut:
(1) 2425/     BDC : CD 0D 12            		call	dac_off
(1) 2426/     BDF : C3 1A 0F            		jp	.chnl_ulnk
(1) 2427/     BE2 :                     .dac_off:
(1) 2428/     BE2 : CD 0D 12            		call	dac_off
(1) 2429/     BE5 : C3 1A 0F            		jp	.chnl_ulnk
(1) 2430/     BE8 :                     .dac_proc:
(1) 2431/     BE8 : 16 00               		ld	d,0			; Freq index
(1) 2432/     BEA : FD 5E 05            		ld	e,(iy+ztbl_FreqIndx)
(1) 2433/     BED : 21 9E 13            		ld	hl,wavFreq_List-(2*36)
(1) 2434/     BF0 : 19                  		add	hl,de
(1) 2435/     BF1 : 7E                  		ld	a,(hl)
(1) 2436/     BF2 : 23                  		inc	hl
(1) 2437/     BF3 : 66                  		ld	h,(hl)
(1) 2438/     BF4 : 6F                  		ld	l,a
(1) 2439/     BF5 : FD 5E 06            		ld	e,(iy+ztbl_PitchBend)	; pitchbend
(1) 2440/     BF8 : CF                  		rst	8
(1) 2441/     BF9 : AF                  		xor	a			; Clear high
(1) 2442/     BFA : 3F                  		ccf				; Clear carry
(1) 2443/     BFB : CB 23               		sla	e			; << 1
(1) 2444/     BFD : 9F                  		sbc	a,a			; Get carry MSB
(1) 2445/     BFE : 57                  		ld	d,a
(1) 2446/     BFF : 19                  		add	hl,de
(1) 2447/     C00 : 22 09 1C            		ld	(wave_Pitch),hl
(1) 2448/     C03 : D9                  		exx				; *
(1) 2449/     C04 : ED 5B 09 1C         		ld	de,(wave_Pitch)		; *
(1) 2450/     C08 : D9                  		exx				; *
(1) 2451/     C09 : DD 7E 00            		ld	a,(ix+chnl_Flags)	; Read panning
(1) 2452/     C0C : 2F                  		cpl				; REVERSE bits
(1) 2453/     C0D : E6 30               		and	00110000b
(1) 2454/     C0F : 07                  		rlca
(1) 2455/     C10 : 07                  		rlca
(1) 2456/     C11 : CF                  		rst	8
(1) 2457/     C12 : 5F                  		ld	e,a
(1) 2458/     C13 : 16 B6               		ld	d,0B6h			; Channel 6 panning
(1) 2459/     C15 : C3 ED 11            		jp	fm_send_2
(1) 2460/     C18 :                     
(1) 2461/     C18 :                     ; --------------------------------
(1) 2462/     C18 :                     ; PCM
(1) 2463/     C18 :                     ; --------------------------------
(1) 2464/     C18 :                     
(1) 2465/     C18 :                     .mk_pcm:
(1) 2543/     C18 : C9                  		ret
(1) 2545/     C19 :                     
(1) 2546/     C19 :                     ; --------------------------------
(1) 2547/     C19 :                     ; PWM
(1) 2548/     C19 :                     ; --------------------------------
(1) 2549/     C19 :                     
(1) 2550/     C19 :                     .mk_pwm:
(1) 2632/     C19 : C9                  		ret
(1) 2634/     C1A :                     
(1) 2635/     C1A :                     ; --------------------------------
(1) 2636/     C1A :                     ; SHARED routine
(1) 2637/     C1A :                     
(1) 2638/     C1A :                     .readfreq_pcm:
(1) 2639/     C1A : 21 00 14            		ld	hl,wavFreq_CdPcm-(2*36)	; <-- one octave lower
(1) 2640/     C1D : 18 03               		jr	.set_wavfreq
(1) 2641/     C1F :                     .readfreq_pwm:
(1) 2642/     C1F : 21 9E 13            		ld	hl,wavFreq_List-(2*36)
(1) 2643/     C22 :                     .set_wavfreq:
(1) 2644/     C22 : 16 00               		ld	d,0			; Freq index
(1) 2645/     C24 : FD 5E 05            		ld	e,(iy+ztbl_FreqIndx)
(1) 2646/     C27 : 19                  		add	hl,de
(1) 2647/     C28 : 7E                  		ld	a,(hl)
(1) 2648/     C29 : 23                  		inc	hl
(1) 2649/     C2A : 66                  		ld	h,(hl)
(1) 2650/     C2B : 6F                  		ld	l,a
(1) 2651/     C2C : FD 5E 06            		ld	e,(iy+ztbl_PitchBend)	; pitchbend
(1) 2652/     C2F : CF                  		rst	8
(1) 2653/     C30 : AF                  		xor	a			; Clear high
(1) 2654/     C31 : 3F                  		ccf				; Clear carry
(1) 2655/     C32 : CB 23               		sla	e			; Get carry MSB
(1) 2656/     C34 : 9F                  		sbc	a,a			; -1 if carry is set
(1) 2657/     C35 : 57                  		ld	d,a
(1) 2658/     C36 : 19                  		add	hl,de
(1) 2659/     C37 : C9                  		ret
(1) 2660/     C38 :                     		
(1) 2661/     C38 :                     ; --------------------------------
(1) 2662/     C38 :                     ; PiCO ADPCM
(1) 2663/     C38 :                     ; --------------------------------
(1) 2664/     C38 :                     .mk_pco:
(1) 2666/     C38 :                     		;!@ TODO
(1) 2667/     C38 : CF                  		rst	8
(1) 2668/     C39 : C9                  		ret
(1) 2673/     C3A :                     
(1) 2674/     C3A :                     ; ----------------------------------------
(1) 2675/     C3A :                     ; NEW effect
(1) 2676/     C3A :                     ; ----------------------------------------
(1) 2677/     C3A :                     
(1) 2678/     C3A :                     .effc:
(1) 2679/     C3A : DD 5E 06            		ld	e,(ix+chnl_EffArg)	; e - effect data
(1) 2680/     C3D : DD 7E 05            		ld	a,(ix+chnl_EffId)	; d - effect id
(1) 2681/     C40 : 57                  		ld	d,a
(1) 2682/     C41 : CF                  		rst	8
(1) 2683/     C42 : FE 04               		cp	4			; Effect D?
(1) 2684/     C44 : 28 0F               		jr	z,.effc_D
(1) 2685/     C46 : FE 05               		cp	5			; Effect E?
(1) 2686/     C48 : 28 44               		jr	z,.effc_E
(1) 2687/     C4A : FE 06               		cp	6			; Effect F?
(1) 2688/     C4C : 28 4F               		jr	z,.effc_F
(1) 2689/     C4E : CF                  		rst	8
(1) 2690/     C4F : FE 18               		cp	24			; Effect X?
(1) 2691/     C51 : CA AE 0C            		jp	z,.effc_X
(1) 2692/     C54 : C9                  		ret
(1) 2693/     C55 :                     
(1) 2694/     C55 :                     ; ----------------------------------------
(1) 2695/     C55 :                     ; Effect D: Volume slide up/down
(1) 2696/     C55 :                     ;
(1) 2697/     C55 :                     ; 00h - DON'T USE HERE
(1) 2698/     C55 :                     ;       (Original: Keep effect)
(1) 2699/     C55 :                     ; 0xh - Slide down normal
(1) 2700/     C55 :                     ; Fxh - Slide down fine
(1) 2701/     C55 :                     ; xFh - Slide up normal
(1) 2702/     C55 :                     ; x0h - Slide up fine
(1) 2703/     C55 :                     ; ----------------------------------------
(1) 2704/     C55 :                     
(1) 2705/     C55 :                     .effc_D:
(1) 2706/     C55 : 7B                  		ld	a,e
(1) 2707/     C56 : 0F                  		rrca
(1) 2708/     C57 : 0F                  		rrca
(1) 2709/     C58 : 0F                  		rrca
(1) 2710/     C59 : 0F                  		rrca
(1) 2711/     C5A : E6 0F               		and	0Fh
(1) 2712/     C5C : 4F                  		ld	c,a
(1) 2713/     C5D :                     	; e - DOWN value: ????dddd
(1) 2714/     C5D :                     	; c - UP value:   0000uuuu
(1) 2715/     C5D :                     
(1) 2716/     C5D : 7B                  		ld	a,e
(1) 2717/     C5E : B7                  		or	a
(1) 2718/     C5F : C8                  		ret	z
(1) 2719/     C60 : E6 F0               		and	0F0h		; 0Xh
(1) 2720/     C62 : 28 1D               		jr	z,.D_down
(1) 2721/     C64 : FE F0               		cp	0F0h		; FXh
(1) 2722/     C66 : 28 14               		jr	z,.D_downhf
(1) 2723/     C68 : 7B                  		ld	a,e
(1) 2724/     C69 : E6 0F               		and	00Fh		; X0h
(1) 2725/     C6B : 28 06               		jr	z,.D_up
(1) 2726/     C6D : FE 0F               		cp	00Fh		; XFh
(1) 2727/     C6F : C0                  		ret	nz
(1) 2728/     C70 :                     ; 		jr	z,.D_uphf
(1) 2729/     C70 :                     ; Go UP
(1) 2730/     C70 :                     .D_uphf:
(1) 2731/     C70 : 79                  		ld	a,c
(1) 2732/     C71 : 18 02               		jr	.setefU_D
(1) 2733/     C73 :                     .D_up:
(1) 2734/     C73 : 79                  		ld	a,c
(1) 2735/     C74 : 87                  		add	a,a
(1) 2736/     C75 :                     .setefU_D:
(1) 2737/     C75 : 5F                  		ld	e,a
(1) 2738/     C76 : FD 7E 08            		ld	a,(iy+ztbl_VolSlide)
(1) 2739/     C79 : 93                  		sub	a,e
(1) 2740/     C7A : 18 0E               		jr	.setef_mcD
(1) 2741/     C7C :                     ; Go DOWN
(1) 2742/     C7C :                     .D_downhf:
(1) 2743/     C7C : 7B                  		ld	a,e
(1) 2744/     C7D : E6 0F               		and	0Fh
(1) 2745/     C7F : 18 04               		jr	.setef_D
(1) 2746/     C81 :                     .D_down:
(1) 2747/     C81 : 7B                  		ld	a,e
(1) 2748/     C82 : E6 0F               		and	0Fh
(1) 2749/     C84 : 87                  		add	a,a
(1) 2750/     C85 :                     .setef_D:
(1) 2751/     C85 : 5F                  		ld	e,a
(1) 2752/     C86 : FD 7E 08            		ld	a,(iy+ztbl_VolSlide)
(1) 2753/     C89 : 83                  		add	a,e
(1) 2754/     C8A :                     ; 		jr	.setef_mcD
(1) 2755/     C8A :                     
(1) 2756/     C8A :                     ; Write slide
(1) 2757/     C8A :                     .setef_mcD:
(1) 2758/     C8A : FD 77 08            		ld	(iy+ztbl_VolSlide),a
(1) 2759/     C8D : C9                  		ret
(1) 2760/     C8E :                     
(1) 2761/     C8E :                     ; ----------------------------------------
(1) 2762/     C8E :                     ; Effect E
(1) 2763/     C8E :                     ; ----------------------------------------
(1) 2764/     C8E :                     
(1) 2765/     C8E :                     .effc_E:
(1) 2766/     C8E : 7B                  		ld	a,e
(1) 2767/     C8F : E6 F0               		and	0F0h
(1) 2768/     C91 : FE F0               		cp	0F0h
(1) 2769/     C93 : C8                  		ret	z
(1) 2770/     C94 : FE E0               		cp	0E0h
(1) 2771/     C96 : C8                  		ret	z
(1) 2772/     C97 : CF                  		rst	8
(1) 2773/     C98 : 7B                  		ld	a,e
(1) 2774/     C99 : ED 44               		neg	a
(1) 2775/     C9B : 18 0B               		jr	.wrt_EF
(1) 2776/     C9D :                     
(1) 2777/     C9D :                     ; ----------------------------------------
(1) 2778/     C9D :                     ; Effect F
(1) 2779/     C9D :                     ; ----------------------------------------
(1) 2780/     C9D :                     
(1) 2781/     C9D :                     .effc_F:
(1) 2782/     C9D : 7B                  		ld	a,e
(1) 2783/     C9E : E6 F0               		and	0F0h
(1) 2784/     CA0 : FE F0               		cp	0F0h
(1) 2785/     CA2 : C8                  		ret	z
(1) 2786/     CA3 : FE E0               		cp	0E0h
(1) 2787/     CA5 : C8                  		ret	z
(1) 2788/     CA6 : CF                  		rst	8
(1) 2789/     CA7 : 7B                  		ld	a,e
(1) 2790/     CA8 :                     .wrt_EF:
(1) 2791/     CA8 : 87                  		add	a,a
(1) 2792/     CA9 : 87                  		add	a,a
(1) 2793/     CAA : FD 77 06            		ld	(iy+ztbl_PitchBend),a
(1) 2794/     CAD : C9                  		ret
(1) 2795/     CAE :                     
(1) 2796/     CAE :                     ; ----------------------------------------
(1) 2797/     CAE :                     ; Effect X
(1) 2798/     CAE :                     ;
(1) 2799/     CAE :                     ; Common panning values:
(1) 2800/     CAE :                     ;  00h LEFT
(1) 2801/     CAE :                     ;  80h MIDDLE
(1) 2802/     CAE :                     ; 0FFh RIGHT
(1) 2803/     CAE :                     ; ----------------------------------------
(1) 2804/     CAE :                     
(1) 2805/     CAE :                     .effc_X:
(1) 2806/     CAE : 16 00               		ld	d,0
(1) 2807/     CB0 : 7E                  		ld	a,(hl)
(1) 2808/     CB1 : E6 F0               		and	11110000b
(1) 2809/     CB3 : FE 80               		cp	cht_PSG		; PSG?
(1) 2810/     CB5 : 28 19               		jr	z,.res_pan
(1) 2811/     CB7 : FE 90               		cp	cht_PSGN	; PSGN?
(1) 2812/     CB9 : 28 15               		jr	z,.res_pan
(1) 2813/     CBB : FE D0               		cp	cht_PCM		; MCD: write separate PAN values
(1) 2814/     CBD : CC DA 0C            		call	z,.pan_mcd	; <-- CALL, not JP
(1) 2815/     CC0 :                     
(1) 2816/     CC0 :                     	; ----------------------------------------
(1) 2817/     CC0 :                     	; Common panning bits: %00LR0000
(1) 2818/     CC0 :                     	; (REVERSE: 0-on 1-off)
(1) 2819/     CC0 : CF                  		rst	8
(1) 2820/     CC1 : E5                  		push	hl
(1) 2821/     CC2 : 21 FD 0C            		ld	hl,.comn_panlist
(1) 2822/     CC5 : 7B                  		ld	a,e
(1) 2823/     CC6 : 07                  		rlca
(1) 2824/     CC7 : 07                  		rlca
(1) 2825/     CC8 : 07                  		rlca
(1) 2826/     CC9 : E6 07               		and	0111b
(1) 2827/     CCB :                     ; 		ld	d,0
(1) 2828/     CCB : 5F                  		ld	e,a
(1) 2829/     CCC : CF                  		rst	8
(1) 2830/     CCD : 19                  		add	hl,de
(1) 2831/     CCE : 56                  		ld	d,(hl)
(1) 2832/     CCF : E1                  		pop	hl
(1) 2833/     CD0 :                     .res_pan:
(1) 2834/     CD0 : DD 7E 00            		ld	a,(ix+chnl_Flags)	; Save panning
(1) 2835/     CD3 : E6 CF               		and	11001111b
(1) 2836/     CD5 : B2                  		or	d
(1) 2837/     CD6 : DD 77 00            		ld	(ix+chnl_Flags),a
(1) 2838/     CD9 : C9                  		ret
(1) 2839/     CDA :                     
(1) 2840/     CDA :                     	; ----------------------------------------
(1) 2841/     CDA :                     	; MCD panning
(1) 2842/     CDA :                     .pan_mcd:
(1) 2843/     CDA : E5                  		push	hl
(1) 2844/     CDB : D5                  		push	de
(1) 2845/     CDC : 16 00               		ld	d,0
(1) 2846/     CDE : 21 05 0D            		ld	hl,.pcm_panlist
(1) 2847/     CE1 : 7B                  		ld	a,e
(1) 2848/     CE2 : E6 F8               		and	0F8h
(1) 2849/     CE4 : 0F                  		rrca
(1) 2850/     CE5 : 0F                  		rrca
(1) 2851/     CE6 : 0F                  		rrca
(1) 2852/     CE7 : 5F                  		ld	e,a
(1) 2853/     CE8 : 19                  		add	hl,de
(1) 2854/     CE9 : 7E                  		ld	a,(hl)
(1) 2855/     CEA : 21 E0 14            		ld	hl,pcmcom+32
(1) 2856/     CED : 16 00               		ld	d,0
(1) 2857/     CEF : FD 5E 03            		ld	e,(iy+ztbl_Chip)
(1) 2858/     CF2 : 19                  		add	hl,de
(1) 2859/     CF3 : 2F                  		cpl
(1) 2860/     CF4 : 77                  		ld	(hl),a
(1) 2861/     CF5 : D1                  		pop	de
(1) 2862/     CF6 : E1                  		pop	hl
(1) 2863/     CF7 : 3E 01               		ld	a,1
(1) 2864/     CF9 : 32 BF 17            		ld	(mcdUpd),a
(1) 2865/     CFC : C9                  		ret
(1) 2866/     CFD :                     
(1) 2867/     CFD :                     ; 0 - ENABLE, 1 - DISABLE
(1) 2868/     CFD :                     ; 00LR0000b
(1) 2869/     CFD :                     .comn_panlist:
(1) 2870/     CFD : 10                  		db 00010000b
(1) 2871/     CFE : 10                  		db 00010000b
(1) 2872/     CFF : 10                  		db 00010000b
(1) 2873/     D00 : 00                  		db 00000000b
(1) 2874/     D01 : 00                  		db 00000000b
(1) 2875/     D02 : 20                  		db 00100000b
(1) 2876/     D03 : 20                  		db 00100000b
(1) 2877/     D04 : 20                  		db 00100000b
(1) 2878/     D05 :                     
(1) 2879/     D05 :                     ; REVERSE OUTPUT BITS
(1) 2880/     D05 :                     ; RRRR | LLLL
(1) 2881/     D05 :                     .pcm_panlist:
(1) 2882/     D05 : F0                  		db 0F0h	; 00h
(1) 2883/     D06 : E0                  		db 0E0h
(1) 2884/     D07 : D0                  		db 0D0h	; 10h
(1) 2885/     D08 : C0                  		db 0C0h
(1) 2886/     D09 : B0                  		db 0B0h	; 20h
(1) 2887/     D0A : A0                  		db 0A0h
(1) 2888/     D0B : 90                  		db 090h	; 30h
(1) 2889/     D0C : 80                  		db 080h
(1) 2890/     D0D : 70                  		db 070h	; 40h
(1) 2891/     D0E : 60                  		db 060h
(1) 2892/     D0F : 50                  		db 050h	; 50h
(1) 2893/     D10 : 40                  		db 040h
(1) 2894/     D11 : 30                  		db 030h	; 60h
(1) 2895/     D12 : 20                  		db 020h
(1) 2896/     D13 : 10                  		db 010h	; 70h
(1) 2897/     D14 : 00                  		db 000h
(1) 2898/     D15 : 00                  		db 000h ; 80h
(1) 2899/     D16 : 01                  		db 001h
(1) 2900/     D17 : 02                  		db 002h ; 90h
(1) 2901/     D18 : 03                  		db 003h
(1) 2902/     D19 : 04                  		db 004h ; A0h
(1) 2903/     D1A : 05                  		db 005h
(1) 2904/     D1B : 06                  		db 006h ; B0h
(1) 2905/     D1C : 07                  		db 007h
(1) 2906/     D1D : 08                  		db 008h ; C0h
(1) 2907/     D1E : 09                  		db 009h
(1) 2908/     D1F : 0A                  		db 00Ah ; D0h
(1) 2909/     D20 : 0B                  		db 00Bh
(1) 2910/     D21 : 0C                  		db 00Ch ; E0h
(1) 2911/     D22 : 0D                  		db 00Dh
(1) 2912/     D23 : 0E                  		db 00Eh ; F0h
(1) 2913/     D24 : 0F                  		db 00Fh
(1) 2914/     D25 :                     
(1) 2915/     D25 :                     ; ----------------------------------------
(1) 2916/     D25 :                     ; NEW volume
(1) 2917/     D25 :                     ; ----------------------------------------
(1) 2918/     D25 :                     
(1) 2919/     D25 :                     .volu:
(1) 2920/     D25 : DD 7E 04            		ld	a,(ix+chnl_Vol)
(1) 2921/     D28 : D6 40               		sub	a,64
(1) 2922/     D2A : FD 77 07            		ld	(iy+ztbl_Volume),a	; BASE volume
(1) 2923/     D2D : C9                  		ret
(1) 2924/     D2E :                     
(1) 2925/     D2E :                     ; ----------------------------------------
(1) 2926/     D2E :                     ; NEW instrument
(1) 2927/     D2E :                     ; ----------------------------------------
(1) 2928/     D2E :                     
(1) 2929/     D2E :                     .inst:
(1) 2930/     D2E : 7E                  		ld	a,(hl)
(1) 2931/     D2F : E6 F0               		and	11110000b
(1) 2932/     D31 : FE 80               		cp	cht_PSG
(1) 2933/     D33 : 28 29               		jr	z,.ins_psg
(1) 2934/     D35 : FE 90               		cp	cht_PSGN
(1) 2935/     D37 : 28 1F               		jr	z,.ins_psgn
(1) 2936/     D39 : FE A0               		cp	cht_FM
(1) 2937/     D3B : 28 57               		jr	z,.ins_fm
(1) 2938/     D3D : CF                  		rst	8
(1) 2939/     D3E : FE B0               		cp	cht_FM3sp
(1) 2940/     D40 : 28 52               		jr	z,.ins_fm
(1) 2941/     D42 : FE C0               		cp	cht_FM6DAC
(1) 2942/     D44 : CA F1 0D            		jp	z,.ins_dac
(1) 2943/     D47 : FE D0               		cp	cht_PCM
(1) 2944/     D49 : CA 45 0E            		jp	z,.ins_pcm
(1) 2945/     D4C : FE E0               		cp	cht_PWM
(1) 2946/     D4E : CA 84 0E            		jp	z,.ins_pwm
(1) 2947/     D51 :                     		
(1) 2948/     D51 :                     		;!@
(1) 2949/     D51 : FE F0               		cp	cht_PCO
(1) 2950/     D53 : CA CD 0E            		jp	z,.ins_pco
(1) 2951/     D56 :                     		
(1) 2952/     D56 : CF                  		rst	8
(1) 2953/     D57 :                     .invl_ins:
(1) 2954/     D57 : C9                  		ret
(1) 2955/     D58 :                     
(1) 2956/     D58 :                     ; ----------------------------------------
(1) 2957/     D58 :                     ; PSG
(1) 2958/     D58 :                     
(1) 2959/     D58 :                     .ins_psgn:
(1) 2960/     D58 : 7E                  		ld	a,(hl)		; Grab noise setting
(1) 2961/     D59 : E6 07               		and	0111b
(1) 2962/     D5B : 32 2F 00            		ld	(psgHatMode),a	; ** GLOBAL SETTING
(1) 2963/     D5E :                     .ins_psg:
(1) 2964/     D5E : CF                  		rst	8
(1) 2965/     D5F : DD E5               		push	ix
(1) 2966/     D61 : E5                  		push	hl
(1) 2967/     D62 : 23                  		inc	hl		; Skip ID
(1) 2968/     D63 : DD 21 38 15         		ld	ix,psgcom	; Read psg control
(1) 2969/     D67 : FD 5E 03            		ld	e,(iy+ztbl_Chip)
(1) 2970/     D6A : 16 00               		ld	d,0
(1) 2971/     D6C : DD 19               		add	ix,de
(1) 2972/     D6E : 7E                  		ld	a,(hl)
(1) 2973/     D6F : CF                  		rst	8
(1) 2974/     D70 : 23                  		inc	hl
(1) 2975/     D71 : 7E                  		ld	a,(hl)
(1) 2976/     D72 : DD 77 24            		ld	(ix+ALV),a	; ALV
(1) 2977/     D75 : 23                  		inc	hl
(1) 2978/     D76 : 7E                  		ld	a,(hl)
(1) 2979/     D77 : DD 77 08            		ld	(ix+ATK),a	; ATK
(1) 2980/     D7A : 23                  		inc	hl
(1) 2981/     D7B : 7E                  		ld	a,(hl)
(1) 2982/     D7C : CF                  		rst	8
(1) 2983/     D7D : DD 77 10            		ld	(ix+SLV),a	; SLV
(1) 2984/     D80 : 23                  		inc	hl
(1) 2985/     D81 : 7E                  		ld	a,(hl)
(1) 2986/     D82 : DD 77 0C            		ld	(ix+DKY),a	; DKY
(1) 2987/     D85 : 23                  		inc	hl
(1) 2988/     D86 : 7E                  		ld	a,(hl)
(1) 2989/     D87 : DD 77 14            		ld	(ix+RRT),a	; RRT
(1) 2990/     D8A : 23                  		inc	hl
(1) 2991/     D8B : 7E                  		ld	a,(hl)
(1) 2992/     D8C : CF                  		rst	8
(1) 2993/     D8D : DD 77 2C            		ld	(ix+ARP),a	; ARP
(1) 2994/     D90 : E1                  		pop	hl
(1) 2995/     D91 : DD E1               		pop	ix
(1) 2996/     D93 : C9                  		ret
(1) 2997/     D94 :                     
(1) 2998/     D94 :                     ; ----------------------------------------
(1) 2999/     D94 :                     ; FM/FM3
(1) 3000/     D94 :                     
(1) 3001/     D94 :                     .ins_fm:
(1) 3002/     D94 : FD 7E 03            		ld	a,(iy+ztbl_Chip)
(1) 3003/     D97 : E6 07               		and	0111b
(1) 3004/     D99 : 16 00               		ld	d,0
(1) 3005/     D9B : 87                  		add	a,a
(1) 3006/     D9C : 5F                  		ld	e,a
(1) 3007/     D9D : DD E5               		push	ix
(1) 3008/     D9F : E5                  		push	hl
(1) 3009/     DA0 : C5                  		push	bc
(1) 3010/     DA1 : DD 21 B8 17         		ld	ix,fmcach_list
(1) 3011/     DA5 : DD 19               		add	ix,de
(1) 3012/     DA7 : CF                  		rst	8
(1) 3013/     DA8 : DD 5E 00            		ld	e,(ix)
(1) 3014/     DAB : DD 23               		inc	ix
(1) 3015/     DAD : DD 56 00            		ld	d,(ix)
(1) 3016/     DB0 :                     
(1) 3017/     DB0 : DD 21 64 16         		ld	ix,fmlist_rsave
(1) 3018/     DB4 : FD 7E 03            		ld	a,(iy+ztbl_Chip)
(1) 3019/     DB7 : 87                  		add	a,a
(1) 3020/     DB8 : 87                  		add	a,a
(1) 3021/     DB9 : 06 00               		ld	b,0
(1) 3022/     DBB : 4F                  		ld	c,a
(1) 3023/     DBC : DD 09               		add	ix,bc
(1) 3024/     DBE : 23                  		inc	hl			; Skip id and pitch
(1) 3025/     DBF : 23                  		inc	hl
(1) 3026/     DC0 : 46                  		ld	b,(hl)
(1) 3027/     DC1 : 23                  		inc	hl
(1) 3028/     DC2 : 7E                  		ld	a,(hl)
(1) 3029/     DC3 : 23                  		inc	hl
(1) 3030/     DC4 : 6E                  		ld	l,(hl)
(1) 3031/     DC5 : 67                  		ld	h,a
(1) 3032/     DC6 :                     	;   ix - last MID and LOW bytes
(1) 3033/     DC6 :                     	;   de - current FM cache
(1) 3034/     DC6 :                     	; b,hl - 24-bit ROM address
(1) 3035/     DC6 : DD 7E 02            		ld	a,(ix+2)
(1) 3036/     DC9 : B8                  		cp	b
(1) 3037/     DCA : 20 0E               		jr	nz,.new_romdat
(1) 3038/     DCC : CF                  		rst	8
(1) 3039/     DCD : DD 7E 01            		ld	a,(ix+1)
(1) 3040/     DD0 : BC                  		cp	h
(1) 3041/     DD1 : 20 07               		jr	nz,.new_romdat
(1) 3042/     DD3 : DD 7E 00            		ld	a,(ix)
(1) 3043/     DD6 : BD                  		cp	l
(1) 3044/     DD7 : 28 13               		jr	z,.same_patch
(1) 3045/     DD9 : CF                  		rst	8
(1) 3046/     DDA :                     .new_romdat:
(1) 3047/     DDA : DD 70 02            		ld	(ix+2),b
(1) 3048/     DDD : DD 74 01            		ld	(ix+1),h
(1) 3049/     DE0 : DD 75 00            		ld	(ix),l
(1) 3050/     DE3 : E7                  		rst	20h			; TODO
(1) 3051/     DE4 : CF                  		rst	8
(1) 3052/     DE5 : 78                  		ld	a,b
(1) 3053/     DE6 : 01 28 00            		ld	bc,28h			; <- size
(1) 3054/     DE9 : CD C4 0F            		call	readRom			; *** ROM ACCESS ***
(1) 3055/     DEC :                     .same_patch:
(1) 3056/     DEC : C1                  		pop	bc
(1) 3057/     DED : E1                  		pop	hl
(1) 3058/     DEE : DD E1               		pop	ix
(1) 3059/     DF0 : C9                  		ret
(1) 3060/     DF1 :                     
(1) 3061/     DF1 :                     ; ----------------------------------------
(1) 3062/     DF1 :                     
(1) 3063/     DF1 :                     .ins_dac:
(1) 3064/     DF1 : E5                  		push	hl
(1) 3065/     DF2 : C5                  		push	bc
(1) 3066/     DF3 : CD 0D 12            		call	dac_off
(1) 3067/     DF6 : 7E                  		ld	a,(hl)
(1) 3068/     DF7 : E6 0F               		and	00001111b
(1) 3069/     DF9 : 32 0B 1C            		ld	(wave_Flags),a
(1) 3070/     DFC : CF                  		rst	8
(1) 3071/     DFD : 23                  		inc	hl
(1) 3072/     DFE : 23                  		inc	hl
(1) 3073/     DFF : 5E                  		ld	e,(hl)
(1) 3074/     E00 : 23                  		inc	hl
(1) 3075/     E01 : 7E                  		ld	a,(hl)
(1) 3076/     E02 : 23                  		inc	hl
(1) 3077/     E03 : 6E                  		ld	l,(hl)
(1) 3078/     E04 : 67                  		ld	h,a
(1) 3079/     E05 : E5                  		push	hl
(1) 3080/     E06 : 7B                  		ld	a,e
(1) 3081/     E07 : 01 06 00            		ld	bc,6		; Skip head
(1) 3082/     E0A : 09                  		add	hl,bc
(1) 3083/     E0B : CE 00               		adc	a,0
(1) 3084/     E0D : 22 00 1C            		ld	(wave_Start),hl	; Set START point
(1) 3085/     E10 : 32 02 1C            		ld	(wave_Start+2),a
(1) 3086/     E13 : E1                  		pop	hl
(1) 3087/     E14 : 7B                  		ld	a,e
(1) 3088/     E15 : 11 DC 17            		ld	de,sampleHead
(1) 3089/     E18 : 01 06 00            		ld	bc,6
(1) 3090/     E1B : D5                  		push	de
(1) 3091/     E1C : CF                  		rst	8
(1) 3092/     E1D : CD C4 0F            		call	readRom	; *** ROM ACCESS ***
(1) 3093/     E20 : E1                  		pop	hl
(1) 3094/     E21 :                     	; hl - temporal header
(1) 3095/     E21 : 5E                  		ld	e,(hl)
(1) 3096/     E22 : 23                  		inc	hl
(1) 3097/     E23 : 56                  		ld	d,(hl)
(1) 3098/     E24 : 23                  		inc	hl
(1) 3099/     E25 : 7E                  		ld	a,(hl)
(1) 3100/     E26 : 23                  		inc	hl
(1) 3101/     E27 : ED 53 03 1C         		ld	(wave_Len),de	; LEN
(1) 3102/     E2B : 32 05 1C            		ld	(wave_Len+2),a
(1) 3103/     E2E : 5E                  		ld	e,(hl)
(1) 3104/     E2F : 23                  		inc	hl
(1) 3105/     E30 : CF                  		rst	8
(1) 3106/     E31 : 56                  		ld	d,(hl)
(1) 3107/     E32 : 23                  		inc	hl
(1) 3108/     E33 : 7E                  		ld	a,(hl)
(1) 3109/     E34 : 23                  		inc	hl
(1) 3110/     E35 : ED 53 06 1C         		ld	(wave_Loop),de	; LOOP
(1) 3111/     E39 : 32 08 1C            		ld	(wave_Loop+2),a
(1) 3112/     E3C : 11 06 28            		ld	de,2806h	; keys off
(1) 3113/     E3F : CD E2 11            		call	fm_send_1
(1) 3114/     E42 : C1                  		pop	bc
(1) 3115/     E43 : E1                  		pop	hl
(1) 3116/     E44 :                     ; .same_dac:
(1) 3117/     E44 : C9                  		ret
(1) 3118/     E45 :                     
(1) 3119/     E45 :                     ; ----------------------------------------
(1) 3120/     E45 :                     
(1) 3121/     E45 :                     .ins_pcm:
(1) 3122/     E45 : DD E5               		push	ix
(1) 3123/     E47 : E5                  		push	hl
(1) 3124/     E48 : C5                  		push	bc
(1) 3125/     E49 : 7E                  		ld	a,(hl)		; Stereo|Loop bits
(1) 3126/     E4A : E6 01               		and	00000001b	; Read loop bit
(1) 3127/     E4C : 0F                  		rrca			; Move to MSB
(1) 3128/     E4D : CF                  		rst	8
(1) 3129/     E4E : 23                  		inc	hl		; Skip ID and Pitch
(1) 3130/     E4F : 23                  		inc	hl
(1) 3131/     E50 : 5E                  		ld	e,(hl)		; Read 24-bit pointer
(1) 3132/     E51 : B3                  		or	e
(1) 3133/     E52 : 5F                  		ld	e,a
(1) 3134/     E53 : 23                  		inc	hl
(1) 3135/     E54 : 7E                  		ld	a,(hl)
(1) 3136/     E55 : 23                  		inc	hl
(1) 3137/     E56 : 6E                  		ld	l,(hl)
(1) 3138/     E57 : 67                  		ld	h,a
(1) 3139/     E58 :                     	; d    - Loop enable bit
(1) 3140/     E58 :                     	; e,hl - 24-bit pointer + loop bit
(1) 3141/     E58 : CF                  		rst	8
(1) 3142/     E59 : DD 21 C0 14         		ld	ix,pcmcom
(1) 3143/     E5D : 06 00               		ld	b,0
(1) 3144/     E5F : FD 4E 03            		ld	c,(iy+ztbl_Chip)
(1) 3145/     E62 : DD 09               		add	ix,bc
(1) 3146/     E64 : 01 28 00            		ld	bc,40		; Go to 40
(1) 3147/     E67 : DD 09               		add	ix,bc
(1) 3148/     E69 : 01 08 00            		ld	bc,8
(1) 3149/     E6C : DD 73 00            		ld	(ix),e		; Write 24-bit pointer
(1) 3150/     E6F : DD 09               		add	ix,bc
(1) 3151/     E71 : DD 74 00            		ld	(ix),h
(1) 3152/     E74 : DD 09               		add	ix,bc
(1) 3153/     E76 : CF                  		rst	8
(1) 3154/     E77 : DD 75 00            		ld	(ix),l
(1) 3155/     E7A : C1                  		pop	bc
(1) 3156/     E7B : E1                  		pop	hl
(1) 3157/     E7C : DD E1               		pop	ix
(1) 3158/     E7E : 3E 01               		ld	a,1
(1) 3159/     E80 : 32 BF 17            		ld	(mcdUpd),a
(1) 3160/     E83 : C9                  		ret
(1) 3161/     E84 :                     
(1) 3162/     E84 :                     ; ----------------------------------------
(1) 3163/     E84 :                     
(1) 3164/     E84 :                     .ins_pwm:
(1) 3165/     E84 : DD E5               		push	ix
(1) 3166/     E86 : E5                  		push	hl
(1) 3167/     E87 : C5                  		push	bc
(1) 3168/     E88 : 7E                  		ld	a,(hl)		; Stereo|Loop bits
(1) 3169/     E89 : E6 03               		and	00000011b
(1) 3170/     E8B : 0F                  		rrca
(1) 3171/     E8C : 0F                  		rrca
(1) 3172/     E8D : 4F                  		ld	c,a
(1) 3173/     E8E : CF                  		rst	8
(1) 3174/     E8F : 23                  		inc	hl		; Skip ID and Pitch
(1) 3175/     E90 : 23                  		inc	hl
(1) 3176/     E91 : 56                  		ld	d,(hl)
(1) 3177/     E92 : 23                  		inc	hl
(1) 3178/     E93 : 5E                  		ld	e,(hl)
(1) 3179/     E94 : 23                  		inc	hl
(1) 3180/     E95 : 7E                  		ld	a,(hl)
(1) 3181/     E96 : 23                  		inc	hl
(1) 3182/     E97 : 6E                  		ld	l,(hl)
(1) 3183/     E98 : 67                  		ld	h,a
(1) 3184/     E99 : 79                  		ld	a,c
(1) 3185/     E9A : B2                  		or	d
(1) 3186/     E9B : 57                  		ld	d,a
(1) 3187/     E9C : CF                  		rst	8
(1) 3188/     E9D :                     	; de,hl - 32-bit PWM pointer
(1) 3189/     E9D : DD 21 00 15         		ld	ix,pwmcom
(1) 3190/     EA1 : 06 00               		ld	b,0
(1) 3191/     EA3 : FD 4E 03            		ld	c,(iy+ztbl_Chip)
(1) 3192/     EA6 : DD 09               		add	ix,bc
(1) 3193/     EA8 : 01 18 00            		ld	bc,24
(1) 3194/     EAB : DD 09               		add	ix,bc		; Move to PWOUTF
(1) 3195/     EAD : 01 08 00            		ld	bc,8
(1) 3196/     EB0 : DD 72 00            		ld	(ix),d
(1) 3197/     EB3 : DD 09               		add	ix,bc
(1) 3198/     EB5 : DD 73 00            		ld	(ix),e
(1) 3199/     EB8 : DD 09               		add	ix,bc
(1) 3200/     EBA : DD 74 00            		ld	(ix),h
(1) 3201/     EBD : CF                  		rst	8
(1) 3202/     EBE : DD 09               		add	ix,bc
(1) 3203/     EC0 : DD 75 00            		ld	(ix),l
(1) 3204/     EC3 : C1                  		pop	bc
(1) 3205/     EC4 : E1                  		pop	hl
(1) 3206/     EC5 : DD E1               		pop	ix
(1) 3207/     EC7 : 3E 01               		ld	a,1
(1) 3208/     EC9 : 32 BE 17            		ld	(marsUpd),a
(1) 3209/     ECC : C9                  		ret
(1) 3210/     ECD :                     		
(1) 3211/     ECD :                     ; ----------------------------------------
(1) 3212/     ECD :                     .ins_pco:
(1) 3213/     ECD :                     		;!@ TODO
(1) 3214/     ECD : C9                  		ret
(1) 3215/     ECE :                     
(1) 3216/     ECE :                     ; ----------------------------------------
(1) 3217/     ECE :                     ; NEW note
(1) 3218/     ECE :                     ; ----------------------------------------
(1) 3219/     ECE :                     
(1) 3220/     ECE :                     .note:
(1) 3221/     ECE : 78                  		ld	a,b			; Volume bit?
(1) 3222/     ECF : E6 04               		and	0100b
(1) 3223/     ED1 : 20 05               		jr	nz,.fm_hasvol
(1) 3224/     ED3 : FD 36 07 00         		ld	(iy+ztbl_Volume),0	; Reset to default volume
(1) 3225/     ED7 : CF                  		rst	8
(1) 3226/     ED8 :                     .fm_hasvol:
(1) 3227/     ED8 : DD 7E 02            		ld	a,(ix+chnl_Note)
(1) 3228/     EDB : 4F                  		ld	c,a
(1) 3229/     EDC : FE FF               		cp	-1
(1) 3230/     EDE : C8                  		ret	z
(1) 3231/     EDF : FE FE               		cp	-2
(1) 3232/     EE1 : C8                  		ret	z
(1) 3233/     EE2 : CF                  		rst	8
(1) 3234/     EE3 : 7E                  		ld	a,(hl)
(1) 3235/     EE4 : E6 F0               		and	11110000b
(1) 3236/     EE6 : FE A0               		cp	0A0h
(1) 3237/     EE8 : 28 0B               		jr	z,.n_fm
(1) 3238/     EEA :                     
(1) 3239/     EEA :                     ; --------------------------------
(1) 3240/     EEA :                     
(1) 3241/     EEA :                     .n_indx:
(1) 3242/     EEA : 79                  		ld	a,c
(1) 3243/     EEB :                     .n_stfreq:
(1) 3244/     EEB : 23                  		inc	hl			; Skip ID
(1) 3245/     EEC : 5E                  		ld	e,(hl)			; Read pitch
(1) 3246/     EED : 2B                  		dec	hl
(1) 3247/     EEE : 83                  		add	a,e			; Note + pitch
(1) 3248/     EEF : CF                  		rst	8
(1) 3249/     EF0 : 87                  		add	a,a			; * 2
(1) 3250/     EF1 : FD 77 05            		ld	(iy+ztbl_FreqIndx),a
(1) 3251/     EF4 : C9                  		ret
(1) 3252/     EF5 :                     
(1) 3253/     EF5 :                     ; --------------------------------
(1) 3254/     EF5 :                     ; FM custom search
(1) 3255/     EF5 :                     
(1) 3256/     EF5 :                     .n_fm:
(1) 3257/     EF5 : 79                  		ld	a,c
(1) 3258/     EF6 : 23                  		inc	hl		; Skip ID
(1) 3259/     EF7 : 5E                  		ld	e,(hl)		; Read pitch
(1) 3260/     EF8 : 2B                  		dec	hl
(1) 3261/     EF9 : CF                  		rst	8
(1) 3262/     EFA : 83                  		add	a,e		; Note + pitch
(1) 3263/     EFB :                     	; Search for octave and note...
(1) 3264/     EFB : 0E 00               		ld	c,0		; c - octave
(1) 3265/     EFD : 16 07               		ld	d,7
(1) 3266/     EFF :                     .get_oct:
(1) 3267/     EFF : 5F                  		ld	e,a		; e - note
(1) 3268/     F00 : D6 0C               		sub	12
(1) 3269/     F02 : FA 09 0F            		jp	m,.fnd_oct
(1) 3270/     F05 : 0C                  		inc	c
(1) 3271/     F06 : 15                  		dec	d
(1) 3272/     F07 : 20 F6               		jr	nz,.get_oct
(1) 3273/     F09 :                     .fnd_oct:
(1) 3274/     F09 : CF                  		rst	8
(1) 3275/     F0A : 7B                  		ld	a,e
(1) 3276/     F0B : 87                  		add	a,a			; Note * 2
(1) 3277/     F0C : E6 1F               		and	00011111b
(1) 3278/     F0E : CB 09               		rrc	c
(1) 3279/     F10 : CB 09               		rrc	c
(1) 3280/     F12 : CB 09               		rrc	c
(1) 3281/     F14 : CF                  		rst	8
(1) 3282/     F15 : B1                  		or	c
(1) 3283/     F16 : FD 77 05            		ld	(iy+ztbl_FreqIndx),a	; Save octave + index: OOOiiiiib
(1) 3284/     F19 : C9                  		ret
(1) 3285/     F1A :                     
(1) 3286/     F1A :                     ; ----------------------------------------
(1) 3287/     F1A :                     ; Unlock channel
(1) 3288/     F1A :                     ; ----------------------------------------
(1) 3289/     F1A :                     
(1) 3290/     F1A :                     .chnl_ulnk:
(1) 3291/     F1A : DD 56 01            		ld	d,(ix+chnl_Chip)
(1) 3292/     F1D : CF                  		rst	8
(1) 3293/     F1E : FD E5               		push	iy
(1) 3294/     F20 : E1                  		pop	hl
(1) 3295/     F21 :                     
(1) 3296/     F21 :                     ; ----------------------------------------
(1) 3297/     F21 :                     ; Reset all table
(1) 3298/     F21 :                     ;
(1) 3299/     F21 :                     ; Input:
(1) 3300/     F21 :                     ; hl - Channel table
(1) 3301/     F21 :                     ; d  - Silence chip
(1) 3302/     F21 :                     ;
(1) 3303/     F21 :                     ; Uses:
(1) 3304/     F21 :                     ; b,de,hl
(1) 3305/     F21 :                     ; ----------------------------------------
(1) 3306/     F21 :                     
(1) 3307/     F21 :                     tblz_clear:
(1) 3308/     F21 : 06 0E               		ld	b,MAX_TBLSIZE-4
(1) 3309/     F23 : AF                  		xor	a
(1) 3310/     F24 : 77                  		ld	(hl),a			; 0 - Delete link
(1) 3311/     F25 : 23                  		inc	hl
(1) 3312/     F26 : 77                  		ld	(hl),a
(1) 3313/     F27 : 23                  		inc	hl
(1) 3314/     F28 : 72                  		ld	(hl),d			; 2 - Write silence request
(1) 3315/     F29 : 23                  		inc	hl
(1) 3316/     F2A : 23                  		inc	hl			; 3 - skip ID
(1) 3317/     F2B :                     .clr_all:
(1) 3318/     F2B : 77                  		ld	(hl),a
(1) 3319/     F2C : 23                  		inc	hl
(1) 3320/     F2D : 10 FC               		djnz	.clr_all
(1) 3321/     F2F : C9                  		ret
(1) 3322/     F30 :                     
(1) 3323/     F30 :                     ; ============================================================
(1) 3324/     F30 :                     ; --------------------------------------------------------
(1) 3325/     F30 :                     ; Communication with the SCD and 32X
(1) 3326/     F30 :                     ;
(1) 3327/     F30 :                     ; SCD: Sends a level2 interrupt to Sub-CPU
(1) 3328/     F30 :                     ;    | Uses: commM,comm18-1F
(1) 3329/     F30 :                     ;    |
(1) 3330/     F30 :                     ; 32X: Interrupts Slave SH2
(1) 3331/     F30 :                     ;    | Uses: comm8-comm11 (CMD request)
(1) 3332/     F30 :                     ;    | two bits of comm14
(1) 3333/     F30 :                     ; --------------------------------------------------------
(1) 3334/     F30 :                     
(1) 3335/     F30 :                     zmars_send:
(1) 3336/     F30 :                     	; ----------------------------------------
(1) 3337/     F30 :                     	; Send PCM table
(1) 3423/     F30 :                     	; ----------------------------------------
(1) 3424/     F30 :                     	; Send PWM table
(1) 3504/     F30 : C9                  		ret
(1) 3505/     F31 :                     
(1) 3506/     F31 :                     ; --------------------------------------------------------
(1) 3507/     F31 :                     ; Set bank to $A10000 area
(1) 3523/     F31 :                     
(1) 3524/     F31 :                     ; ====================================================================
(1) 3525/     F31 :                     ; ----------------------------------------------------------------
(1) 3526/     F31 :                     ; Subroutines
(1) 3527/     F31 :                     ; ----------------------------------------------------------------
(1) 3528/     F31 :                     
(1) 3529/     F31 :                     ; --------------------------------------------------------
(1) 3530/     F31 :                     ; Init sound engine
(1) 3531/     F31 :                     ; --------------------------------------------------------
(1) 3532/     F31 :                     
(1) 3533/     F31 :                     gema_init:
(1) 3534/     F31 : CD 1C 13            		call	gema_lastbank		; Set last bank slot, solves problem with 32X
(1) 3535/     F34 : CD 0D 12            		call	dac_off
(1) 3536/     F37 :                     		;!@ Pico TODO
(1) 3537/     F37 : AF                  		xor	a		
(1) 3538/     F38 : 32 BE 17            		ld	(marsUpd),a
(1) 3539/     F3B : 32 BF 17            		ld	(mcdUpd),a
(1) 3540/     F3E : 32 87 1F            		ld	(cdRamLen),a
(1) 3541/     F41 : FD 21 EA 17         		ld	iy,nikona_BuffList
(1) 3542/     F45 : 0E 01               		ld	c,1			; Start at this priority
(1) 3543/     F47 :                     .setup_list:
(1) 3544/     F47 : FD 7E 00            		ld	a,(iy)
(1) 3545/     F4A : FE FF               		cp	-1
(1) 3546/     F4C : 28 24               		jr	z,.end_setup
(1) 3547/     F4E : FD 23               		inc	iy
(1) 3548/     F50 : 6F                  		ld	l,a
(1) 3549/     F51 : FD 66 00            		ld	h,(iy)
(1) 3550/     F54 : E5                  		push	hl
(1) 3551/     F55 : DD E1               		pop	ix
(1) 3552/     F57 : DD 71 14            		ld	(ix+seq_Priority),c
(1) 3553/     F5A : DD 36 01 FF         		ld	(ix+seq_Num),-1	; Reset sequence ID
(1) 3554/     F5E : FD 23               		inc	iy
(1) 3555/     F60 :                     	; iy - src
(1) 3556/     F60 :                     	; hl - dst
(1) 3557/     F60 : 11 04 00            		ld	de,seq_Blocks
(1) 3558/     F63 : 19                  		add	hl,de
(1) 3559/     F64 : 06 06               		ld	b,MAX_BUFFNTRY-2
(1) 3560/     F66 :                     .st_copy:
(1) 3561/     F66 : FD 7E 00            		ld	a,(iy)
(1) 3562/     F69 : 77                  		ld	(hl),a
(1) 3563/     F6A : FD 23               		inc	iy
(1) 3564/     F6C : 23                  		inc	hl
(1) 3565/     F6D : 10 F7               		djnz	.st_copy
(1) 3566/     F6F : 0C                  		inc	c
(1) 3567/     F70 : 18 D5               		jr	.setup_list
(1) 3568/     F72 :                     .end_setup:
(1) 3569/     F72 :                     
(1) 3570/     F72 : 11 0B 22            		ld	de,2208h|03h	; Set Default LFO
(1) 3571/     F75 : CD E2 11            		call	fm_send_1
(1) 3572/     F78 : 11 00 27            		ld	de,2700h	; CH3 special/timers OFF
(1) 3573/     F7B : CD E2 11            		call	fm_send_1
(1) 3574/     F7E :                     ; 		ld	de,2800h
(1) 3575/     F7E : 14                  		inc	d		; FM KEYS off
(1) 3576/     F7F : CD E2 11            		call	fm_send_1
(1) 3577/     F82 : 1C                  		inc	e
(1) 3578/     F83 : CD E2 11            		call	fm_send_1
(1) 3579/     F86 : 1C                  		inc	e
(1) 3580/     F87 : CD E2 11            		call	fm_send_1
(1) 3581/     F8A : 1C                  		inc	e
(1) 3582/     F8B : 1C                  		inc	e
(1) 3583/     F8C : CD E2 11            		call	fm_send_1
(1) 3584/     F8F : 1C                  		inc	e
(1) 3585/     F90 : CD E2 11            		call	fm_send_1
(1) 3586/     F93 : 1C                  		inc	e
(1) 3587/     F94 : CD E2 11            		call	fm_send_1
(1) 3588/     F97 : 21 11 7F            		ld	hl,Zpsg_ctrl	; Silence PSG channels
(1) 3589/     F9A : 36 9F               		ld	(hl),09Fh
(1) 3590/     F9C : 36 BF               		ld	(hl),0BFh
(1) 3591/     F9E : 36 DF               		ld	(hl),0DFh
(1) 3592/     FA0 : 36 FF               		ld	(hl),0FFh		
(1) 3593/     FA2 : C9                  		ret
(1) 3594/     FA3 :                     
(1) 3595/     FA3 :                     ; --------------------------------------------------------
(1) 3596/     FA3 :                     ; get_tick
(1) 3597/     FA3 :                     ;
(1) 3598/     FA3 :                     ; Checks if VBlank triggred a TICK
(1) 3599/     FA3 :                     ; (1/150 NTSC, 1/120 PAL)
(1) 3600/     FA3 :                     ; --------------------------------------------------------
(1) 3601/     FA3 :                     
(1) 3602/     FA3 :                     get_tick:
(1) 3603/     FA3 : F3                  		di				; Disable ints
(1) 3604/     FA4 : F5                  		push	af
(1) 3605/     FA5 : E5                  		push	hl
(1) 3606/     FA6 : 21 0D 1C            		ld	hl,tickFlag		; read last TICK flag
(1) 3607/     FA9 : 7E                  		ld	a,(hl)			; non-zero value (1Fh)?
(1) 3608/     FAA : B7                  		or 	a
(1) 3609/     FAB : 28 13               		jr	z,.ctnotick
(1) 3610/     FAD : 36 00               		ld	(hl),0			; Reset TICK flag
(1) 3611/     FAF : 23                  		inc	hl			; Move to tickCnt
(1) 3612/     FB0 : 34                  		inc	(hl)			; and increment
(1) 3613/     FB1 : CF                  		rst	8
(1) 3614/     FB2 : D5                  		push	de
(1) 3615/     FB3 : 2A 31 00            		ld	hl,(sbeatAcc)		; Increment subbeats
(1) 3616/     FB6 : ED 5B 33 00         		ld	de,(sbeatPtck)
(1) 3617/     FBA : CF                  		rst	8
(1) 3618/     FBB : 19                  		add	hl,de
(1) 3619/     FBC : 22 31 00            		ld	(sbeatAcc),hl
(1) 3620/     FBF : D1                  		pop	de
(1) 3621/     FC0 :                     .ctnotick:
(1) 3622/     FC0 : E1                  		pop	hl
(1) 3623/     FC1 : F1                  		pop	af
(1) 3624/     FC2 : FB                  		ei				; Enable ints again
(1) 3625/     FC3 : C9                  		ret
(1) 3626/     FC4 :                     
(1) 3627/     FC4 :                     ; --------------------------------------------------------
(1) 3628/     FC4 :                     ; readRom
(1) 3629/     FC4 :                     ;
(1) 3630/     FC4 :                     ; Transfer bytes from ROM to Z80 RAM.
(1) 3631/     FC4 :                     ; This also tells to 68k that we want to access ROM
(1) 3632/     FC4 :                     ;
(1) 3633/     FC4 :                     ; Input:
(1) 3634/     FC4 :                     ; a  | 68K Address $xx0000
(1) 3635/     FC4 :                     ;  c | Byte count (size 0 NOT allowed, MAX: 0FFh)
(1) 3636/     FC4 :                     ; hl | 68K Address $00xxxx
(1) 3637/     FC4 :                     ; de | Destination pointer
(1) 3638/     FC4 :                     ;
(1) 3639/     FC4 :                     ; Uses:
(1) 3640/     FC4 :                     ; b
(1) 3641/     FC4 :                     ;
(1) 3642/     FC4 :                     ; Notes:
(1) 3643/     FC4 :                     ; call RST 20h first, so the currenty playing DAC
(1) 3644/     FC4 :                     ; sample has enough data before getting busy here.
(1) 3645/     FC4 :                     ; --------------------------------------------------------
(1) 3646/     FC4 :                     
(1) 3647/     FC4 :                     readRom:
(1) 3648/     FC4 : DD E5               		push	ix
(1) 3649/     FC6 : DD 21 81 1F         		ld	ix,commZRomBlk		; ix - rom read/block flags
(1) 3650/     FCA : FE FF               		cp	0FFh			; Reading from 68k's RAM?
(1) 3651/     FCC : 28 3D               		jr	z,.from_ram
(1) 3652/     FCE : CF                  		rst	8
(1) 3653/     FCF : 22 35 00            		ld	(x68ksrclsb),hl		; Backup midlow address
(1) 3654/     FD2 : CB BC               		res	7,h			; Reset MSB bit 7
(1) 3655/     FD4 : 06 00               		ld	b,0			; Clear b
(1) 3656/     FD6 : 0B                  		dec	bc			; len-1
(1) 3657/     FD7 : 09                  		add	hl,bc			; Add len to the mid and low to this temp address
(1) 3658/     FD8 : CB 7C               		bit	7,h			; Did it cross the bank?
(1) 3659/     FDA : 20 0B               		jr	nz,.double		; Then it's a double transfer
(1) 3660/     FDC : 2A 35 00            		ld	hl,(x68ksrclsb)		; Restore hl
(1) 3661/     FDF : 0C                  		inc	c			; len+1
(1) 3662/     FE0 : 47                  		ld	b,a			; b - $xx0000
(1) 3663/     FE1 : CD 2B 10            		call	.transfer
(1) 3664/     FE4 : DD E1               		pop	ix
(1) 3665/     FE6 : C9                  		ret
(1) 3666/     FE7 :                     .double:
(1) 3667/     FE7 : CF                  		rst	8
(1) 3668/     FE8 : 47                  		ld	b,a			; b - $xx0000
(1) 3669/     FE9 : C5                  		push	bc			; Backup len and midlow address
(1) 3670/     FEA : E5                  		push	hl
(1) 3671/     FEB : 79                  		ld	a,c			; len - LSB
(1) 3672/     FEC : 95                  		sub	a,l
(1) 3673/     FED : 4F                  		ld	c,a			; Save new size
(1) 3674/     FEE : 2A 35 00            		ld	hl,(x68ksrclsb)		; Restore TOP
(1) 3675/     FF1 : CD 2B 10            		call	.transfer
(1) 3676/     FF4 : E1                  		pop	hl			; Restore len and midlow address
(1) 3677/     FF5 : C1                  		pop	bc
(1) 3678/     FF6 : 4D                  		ld	c,l			; Get second len
(1) 3679/     FF7 : 0C                  		inc	c
(1) 3680/     FF8 : 3A 36 00            		ld	a,(x68ksrcmid)
(1) 3681/     FFB : E6 80               		and	80h
(1) 3682/     FFD : C6 80               		add	a,80h
(1) 3683/     FFF : 67                  		ld	h,a
(1) 3684/    1000 : 2E 00               		ld	l,0
(1) 3685/    1002 : 30 01               		jr	nc,.x68knocarry
(1) 3686/    1004 : 04                  		inc	b			; Next $xx0000
(1) 3687/    1005 :                     .x68knocarry:
(1) 3688/    1005 : CD 2B 10            		call	.transfer
(1) 3689/    1008 : DD E1               		pop	ix
(1) 3690/    100A : C9                  		ret
(1) 3691/    100B :                     
(1) 3692/    100B :                     ; ------------------------------------------------
(1) 3693/    100B :                     ; WORKAROUND FOR READING FROM $FF0000 RAM
(1) 3694/    100B :                     ;
(1) 3695/    100B :                     ; On the 68K side YOU MUST CALL
(1) 3696/    100B :                     ; gemaSendRam manually and every time, normally
(1) 3697/    100B :                     ; from a Vblank wait-loop.
(1) 3698/    100B :                     ; ------------------------------------------------
(1) 3699/    100B :                     
(1) 3700/    100B :                     .from_ram:
(1) 3701/    100B : ED 53 82 1F         		ld	(cdRamDst),de			; Show variables
(1) 3702/    100F : 22 84 1F            		ld	(cdRamSrc),hl
(1) 3703/    1012 : 32 86 1F            		ld	(cdRamSrcB),a
(1) 3704/    1015 : CD 1C 13            		call	gema_lastbank			; Set bank to $FF8000 area
(1) 3705/    1018 : CF                  		rst	8
(1) 3706/    1019 : 79                  		ld	a,c
(1) 3707/    101A : 32 87 1F            		ld	(cdRamLen),a			; Show length
(1) 3708/    101D : 21 FF FD            		ld	hl,RAM_ZCdFlagD&07FFFh+8000h	; ** 68K LABEL **
(1) 3709/    1020 : 36 01               		ld	(hl),1				; WRITE flag
(1) 3710/    1022 :                     .wait:
(1) 3711/    1022 : 3A 87 1F            		ld	a,(cdRamLen)			; Wait until 68K clears
(1) 3712/    1025 : B7                  		or	a
(1) 3713/    1026 : 20 FA               		jr	nz,.wait
(1) 3714/    1028 : DD E1               		pop	ix
(1) 3715/    102A : C9                  		ret
(1) 3716/    102B :                     
(1) 3717/    102B :                     ; ------------------------------------------------
(1) 3718/    102B :                     ; b  - Source ROM $xx0000
(1) 3719/    102B :                     ;  c - Bytes to transfer (00h is invalid)
(1) 3720/    102B :                     ; hl - Source ROM $00xxxx | 8000h
(1) 3721/    102B :                     ; de - Output location
(1) 3722/    102B :                     ; ix - ROM-block flag
(1) 3723/    102B :                     ; ------------------------------------------------
(1) 3724/    102B :                     
(1) 3725/    102B :                     .transfer:
(1) 3726/    102B : CF                  		rst	8
(1) 3727/    102C : E5                  		push	hl
(1) 3728/    102D : 7C                  		ld	a,h
(1) 3729/    102E : 21 00 60            		ld	hl,6000h
(1) 3730/    1031 : 07                  		rlca
(1) 3731/    1032 : 77                  		ld	(hl),a
(1) 3732/    1033 : 78                  		ld	a,b
(1) 3733/    1034 : CF                  		rst	8
(1) 3734/    1035 : 77                  		ld	(hl),a
(1) 3735/    1036 : 0F                  		rrca
(1) 3736/    1037 : 77                  		ld	(hl),a
(1) 3737/    1038 : 0F                  		rrca
(1) 3738/    1039 : 77                  		ld	(hl),a
(1) 3739/    103A : 0F                  		rrca
(1) 3740/    103B : 77                  		ld	(hl),a
(1) 3741/    103C : 0F                  		rrca
(1) 3742/    103D : CF                  		rst	8
(1) 3743/    103E : 77                  		ld	(hl),a
(1) 3744/    103F : 0F                  		rrca
(1) 3745/    1040 : 77                  		ld	(hl),a
(1) 3746/    1041 : 0F                  		rrca
(1) 3747/    1042 : 77                  		ld	(hl),a
(1) 3748/    1043 : 0F                  		rrca
(1) 3749/    1044 : 77                  		ld	(hl),a
(1) 3750/    1045 : E1                  		pop	hl
(1) 3751/    1046 : CB FC               		set	7,h
(1) 3752/    1048 : CF                  		rst	8
(1) 3753/    1049 :                     	; Transfer ROM data in packets
(1) 3754/    1049 :                     	; while playing the cache'd sample
(1) 3755/    1049 :                     	; *** CRITICAL PROCESS ***
(1) 3756/    1049 :                     	;
(1) 3757/    1049 :                     	; pseudo-ref for ldir:
(1) 3758/    1049 :                     	; ld (de),(hl)	; load memory (hl) to (de)
(1) 3759/    1049 :                     	; inc de	; incr de + 1
(1) 3760/    1049 :                     	; inc hl	; incr hl + 1
(1) 3761/    1049 :                     	; dec bc	; decr bc - 1
(1) 3762/    1049 : 06 00               		ld	b,0
(1) 3763/    104B : 79                  		ld	a,c		; a - Size counter
(1) 3764/    104C : D6 09               		sub	MAX_TRFRPZ	; Length lower than MAX_TRFRPZ?
(1) 3765/    104E : 38 14               		jr	c,.x68klast	; Process single piece only
(1) 3766/    1050 :                     .x68kloop:
(1) 3767/    1050 : CF                  		rst	8
(1) 3768/    1051 : 00                  		nop
(1) 3769/    1052 : 0E 08               		ld	c,MAX_TRFRPZ-1
(1) 3770/    1054 : DD CB 00 46         		bit	0,(ix)		; Genesis blocks ROM?
(1) 3771/    1058 : C4 72 10            		call	nz,.x68klpwt
(1) 3772/    105B : ED B0               		ldir			; (de) to (hl) until bc == 0
(1) 3773/    105D : CF                  		rst	8
(1) 3774/    105E : 00                  		nop
(1) 3775/    105F : D6 08               		sub	a,MAX_TRFRPZ-1
(1) 3776/    1061 : D2 50 10            		jp	nc,.x68kloop
(1) 3777/    1064 :                     ; last block
(1) 3778/    1064 :                     .x68klast:
(1) 3779/    1064 : C6 09               		add	a,MAX_TRFRPZ
(1) 3780/    1066 : 4F                  		ld	c,a
(1) 3781/    1067 : DD CB 00 46         		bit	0,(ix)		; Genesis blocks ROM?
(1) 3782/    106B : C4 72 10            		call	nz,.x68klpwt
(1) 3783/    106E : ED B0               		ldir
(1) 3784/    1070 : CF                  		rst	8
(1) 3785/    1071 : C9                  		ret
(1) 3786/    1072 :                     
(1) 3787/    1072 :                     ; Wait here until Genesis unlocks ROM
(1) 3788/    1072 :                     .x68klpwt:
(1) 3789/    1072 : 00                  		nop
(1) 3790/    1073 : CF                  		rst	8
(1) 3791/    1074 : DD CB 00 46         		bit	0,(ix)		; 68k finished?
(1) 3792/    1078 : 20 F8               		jr	nz,.x68klpwt
(1) 3793/    107A : C9                  		ret
(1) 3794/    107B :                     
(1) 3795/    107B :                     ; ====================================================================
(1) 3796/    107B :                     ; ----------------------------------------------------------------
(1) 3797/    107B :                     ; Sound chip routines
(1) 3798/    107B :                     ; ----------------------------------------------------------------
(1) 3799/    107B :                     
(1) 3800/    107B :                     ; --------------------------------------------------------
(1) 3801/    107B :                     ; chip_env
(1) 3802/    107B :                     ;
(1) 3803/    107B :                     ; Process the PSG
(1) 3804/    107B :                     ; --------------------------------------------------------
(1) 3805/    107B :                     
(1) 3806/    107B :                     chip_env:
(1) 3810/    107B : FD 21 3B 15         		ld	iy,psgcom+3		; Start from NOISE first
(1) 3811/    107F : DD 21 11 7F         		ld	ix,Zpsg_ctrl
(1) 3812/    1083 : 0E E0               		ld	c,0E0h			; c - PSG first ctrl command
(1) 3813/    1085 : 06 04               		ld	b,4			; b - 4 channels
(1) 3814/    1087 :                     .vloop:
(1) 3815/    1087 : CF                  		rst	8
(1) 3816/    1088 : FD 5E 00            		ld	e,(iy+COM)		; e - current command
(1) 3817/    108B : FD 36 00 00         		ld	(iy+COM),0
(1) 3818/    108F :                     
(1) 3819/    108F :                     	; ----------------------------
(1) 3820/    108F :                     	; bit 2 - stop sound
(1) 3821/    108F : CB 53               		bit	2,e
(1) 3822/    1091 : 28 0C               		jr	z,.ckof
(1) 3823/    1093 : FD 36 04 FF         		ld	(iy+LEV),-1		; reset level
(1) 3824/    1097 : FD 36 28 01         		ld	(iy+FLG),1		; and update
(1) 3825/    109B : FD 36 18 00         		ld	(iy+MODE),0		; envelope off
(1) 3826/    109F :                     .ckof:
(1) 3827/    109F :                     	; ----------------------------
(1) 3828/    109F :                     	; bit 1 - key off
(1) 3829/    109F : CB 4B               		bit	1,e
(1) 3830/    10A1 : 28 0F               		jr      z,.ckon
(1) 3831/    10A3 : FD 7E 18            		ld	a,(iy+MODE)		; mode 0?
(1) 3832/    10A6 : B7                  		or	a
(1) 3833/    10A7 : 28 09               		jr	z,.ckon
(1) 3834/    10A9 : FD 36 28 01         		ld	(iy+FLG),1		; psg update flag
(1) 3835/    10AD : FD 36 18 04         		ld	(iy+MODE),100b		; set envelope mode 100b
(1) 3836/    10B1 : CF                  		rst	8
(1) 3837/    10B2 :                     .ckon:
(1) 3838/    10B2 :                     	; ----------------------------
(1) 3839/    10B2 :                     	; bit 0 - key on
(1) 3840/    10B2 : CB 43               		bit	0,e
(1) 3841/    10B4 : 28 1A               		jr	z,.envproc
(1) 3842/    10B6 : FD 36 04 FF         		ld	(iy+LEV),-1		; reset level
(1) 3843/    10BA : 78                  		ld	a,b
(1) 3844/    10BB : FE 04               		cp	4			; NOISE channel?
(1) 3845/    10BD : 20 08               		jr	nz,.nskip
(1) 3846/    10BF : CF                  		rst	8			; Set NOISE mode
(1) 3847/    10C0 : 3A 2F 00            		ld	a,(psgHatMode)		; write hat mode only.
(1) 3848/    10C3 : B1                  		or	c
(1) 3849/    10C4 : DD 77 00            		ld	(ix),a			; WRITE PSG
(1) 3850/    10C7 :                     .nskip:
(1) 3851/    10C7 : FD 36 28 01         		ld	(iy+FLG),1		; psg update flag
(1) 3852/    10CB : CF                  		rst	8
(1) 3853/    10CC : FD 36 18 01         		ld	(iy+MODE),001b		; set to attack mode
(1) 3854/    10D0 :                     .nblock:
(1) 3855/    10D0 :                     
(1) 3856/    10D0 :                     	; ----------------------------
(1) 3857/    10D0 :                     	; Process effects
(1) 3858/    10D0 :                     	; ----------------------------
(1) 3859/    10D0 :                     .envproc:
(1) 3860/    10D0 : FD 7E 18            		ld	a,(iy+MODE)
(1) 3861/    10D3 : B7                  		or	a			; no modes
(1) 3862/    10D4 : CA 5A 11            		jp	z,.vedlp
(1) 3863/    10D7 : FE 01               		cp 	001b			; Attack mode
(1) 3864/    10D9 : 20 2C               		jr	nz,.chk2
(1) 3865/    10DB : FD 36 28 01         		ld	(iy+FLG),1		; psg update flag
(1) 3866/    10DF : FD 5E 24            		ld	e,(iy+ALV)
(1) 3867/    10E2 : FD 7E 08            		ld	a,(iy+ATK)		; if ATK == 0, don't use
(1) 3868/    10E5 : B7                  		or	a
(1) 3869/    10E6 : 28 16               		jr	z,.atkend
(1) 3870/    10E8 : 57                  		ld	d,a			; c - attack rate
(1) 3871/    10E9 : 7B                  		ld	a,e			; a - attack level
(1) 3872/    10EA : CF                  		rst	8
(1) 3873/    10EB : FD 5E 24            		ld	e,(iy+ALV)		; b - OLD attack level
(1) 3874/    10EE : 92                  		sub	a,d			; (attack rate) - (level)
(1) 3875/    10EF : 38 0D               		jr	c,.atkend		; if carry: already finished
(1) 3876/    10F1 : 28 0B               		jr	z,.atkend		; if zero: no attack rate
(1) 3877/    10F3 : BB                  		cp	e			; attack rate == level?
(1) 3878/    10F4 : 38 08               		jr	c,.atkend
(1) 3879/    10F6 : 28 06               		jr	z,.atkend
(1) 3880/    10F8 : FD 77 04            		ld	(iy+LEV),a		; set new level
(1) 3881/    10FB : CF                  		rst	8
(1) 3882/    10FC : 18 5C               		jr	.vedlp
(1) 3883/    10FE :                     .atkend:
(1) 3884/    10FE : FD 73 04            		ld	(iy+LEV),e		; attack level = new level
(1) 3885/    1101 :                     .atkzero:
(1) 3886/    1101 : FD 36 18 02         		ld	(iy+MODE),010b		; set to decay mode
(1) 3887/    1105 : 18 53               		jr	.vedlp
(1) 3888/    1107 :                     .chk2:
(1) 3889/    1107 :                     
(1) 3890/    1107 : FE 02               		cp	010b			; Decay mode
(1) 3891/    1109 : 20 31               		jr	nz,.chk4
(1) 3892/    110B :                     .dectmr:
(1) 3893/    110B : FD 36 28 01         		ld	(iy+FLG),1		; psg update flag
(1) 3894/    110F : FD 7E 04            		ld	a,(iy+LEV)		; a - Level
(1) 3895/    1112 : FD 5E 10            		ld	e,(iy+SLV)		; b - Sustain
(1) 3896/    1115 : BB                  		cp	e
(1) 3897/    1116 : 38 0D               		jr	c,.dkadd		; if carry: add
(1) 3898/    1118 : 28 18               		jr	z,.dkyend		; if zero:  finish
(1) 3899/    111A : CF                  		rst	8
(1) 3900/    111B : FD 96 0C            		sub	(iy+DKY)		; substract decay rate
(1) 3901/    111E : 38 12               		jr	c,.dkyend		; finish if wraped.
(1) 3902/    1120 : BB                  		cp	e			; compare level
(1) 3903/    1121 : 38 0F               		jr	c,.dkyend		; and finish
(1) 3904/    1123 : 18 08               		jr	.dksav
(1) 3905/    1125 :                     .dkadd:
(1) 3906/    1125 : FD 86 0C            		add	a,(iy+DKY)		;  (level) + (decay rate)
(1) 3907/    1128 : 38 08               		jr	c,.dkyend		; finish if wraped.
(1) 3908/    112A : BB                  		cp	e			; compare level
(1) 3909/    112B : 30 05               		jr	nc,.dkyend
(1) 3910/    112D :                     .dksav:
(1) 3911/    112D : FD 77 04            		ld	(iy+LEV),a		; save new level
(1) 3912/    1130 : 18 28               		jr	.vedlp
(1) 3913/    1132 :                     .dkyend:
(1) 3914/    1132 : CF                  		rst	8
(1) 3915/    1133 : FD 73 04            		ld	(iy+LEV),e		; save last attack
(1) 3916/    1136 : FD 36 18 04         		ld	(iy+MODE),100b		; and set to sustain
(1) 3917/    113A : 18 1E               		jr	.vedlp
(1) 3918/    113C :                     .chk4:
(1) 3919/    113C : FE 04               		cp	100b			; Sustain phase
(1) 3920/    113E : 20 1A               		jr	nz,.vedlp
(1) 3921/    1140 : FD 36 28 01         		ld	(iy+FLG),1		; psg update flag
(1) 3922/    1144 : FD 7E 04            		ld	a,(iy+LEV)		; a - Level
(1) 3923/    1147 : CF                  		rst	8
(1) 3924/    1148 : FD 86 14            		add 	a,(iy+RRT)		; add Release Rate
(1) 3925/    114B : 38 05               		jr	c,.killenv		; release done
(1) 3926/    114D : FD 77 04            		ld	(iy+LEV),a		; set new Level
(1) 3927/    1150 : 18 08               		jr	.vedlp
(1) 3928/    1152 :                     .killenv:
(1) 3929/    1152 : FD 36 04 FF         		ld	(iy+LEV),-1		; Silence this channel
(1) 3930/    1156 : FD 36 18 00         		ld	(iy+MODE),0		; Reset mode
(1) 3931/    115A :                     .vedlp:
(1) 3932/    115A :                     	; ----------------------------
(1) 3933/    115A :                     	; PSG UPDATE
(1) 3934/    115A :                     	; ----------------------------
(1) 3935/    115A : FD 7E 28            		ld	a,(iy+FLG)
(1) 3936/    115D : B7                  		or	a
(1) 3937/    115E : 28 72               		jr	z,.noupd
(1) 3938/    1160 : FD 36 28 00         		ld	(iy+FLG),0	; Reset until next one
(1) 3939/    1164 : 59                  		ld	e,c
(1) 3940/    1165 : 3A 2F 00            		ld	a,(psgHatMode)
(1) 3941/    1168 : 57                  		ld	d,a
(1) 3942/    1169 : E6 03               		and	011b
(1) 3943/    116B : FE 03               		cp	011b
(1) 3944/    116D : 20 1D               		jr	nz,.normal
(1) 3945/    116F : CF                  		rst	8
(1) 3946/    1170 : 78                  		ld	a,b		; Channel 4?
(1) 3947/    1171 : FE 03               		cp	3
(1) 3948/    1173 : 28 13               		jr	z,.silnc_3
(1) 3949/    1175 : FE 04               		cp	4
(1) 3950/    1177 : 20 18               		jr	nz,.do_nfreq
(1) 3951/    1179 : 3A 2F 00            		ld	a,(psgHatMode)
(1) 3952/    117C : 57                  		ld	d,a
(1) 3953/    117D : E6 03               		and	011b
(1) 3954/    117F : CF                  		rst	8
(1) 3955/    1180 : FE 03               		cp	011b
(1) 3956/    1182 : 20 30               		jr	nz,.vonly
(1) 3957/    1184 : 1E C0               		ld	e,0C0h
(1) 3958/    1186 : 18 09               		jr	.do_nfreq
(1) 3959/    1188 :                     .silnc_3:
(1) 3960/    1188 : 3E FF               		ld	a,-1
(1) 3961/    118A : 18 32               		jr	.vlmuch
(1) 3962/    118C :                     .normal:
(1) 3963/    118C : 78                  		ld	a,b
(1) 3964/    118D : FE 04               		cp	4
(1) 3965/    118F : 28 23               		jr	z,.vonly
(1) 3966/    1191 :                     .do_nfreq:
(1) 3967/    1191 : FD 6E 1C            		ld	l,(iy+DTL)
(1) 3968/    1194 : FD 66 20            		ld	h,(iy+DTH)
(1) 3969/    1197 :                     	; freq effects go here
(1) 3970/    1197 :                     	; (save e FIRST.)
(1) 3971/    1197 :                     	;	push	de
(1) 3972/    1197 :                     	;	pop	de
(1) 3973/    1197 : 7D                  		ld	a,l		; Grab LSB 4 right bits
(1) 3974/    1198 : E6 0F               		and	00001111b
(1) 3975/    119A : B3                  		or	e		; OR with channel set in e
(1) 3976/    119B : CF                  		rst	8
(1) 3977/    119C : DD 77 00            		ld	(ix),a		; write it
(1) 3978/    119F : 7D                  		ld	a,l		; Grab LSB 4 left bits
(1) 3979/    11A0 : 0F                  		rrca
(1) 3980/    11A1 : 0F                  		rrca
(1) 3981/    11A2 : 0F                  		rrca
(1) 3982/    11A3 : 0F                  		rrca
(1) 3983/    11A4 : E6 0F               		and	00001111b
(1) 3984/    11A6 : 5F                  		ld	e,a
(1) 3985/    11A7 : 7C                  		ld	a,h		; Grab MSB bits
(1) 3986/    11A8 : CF                  		rst	8
(1) 3987/    11A9 : 07                  		rlca
(1) 3988/    11AA : 07                  		rlca
(1) 3989/    11AB : 07                  		rlca
(1) 3990/    11AC : 07                  		rlca
(1) 3991/    11AD : E6 30               		and	00110000b
(1) 3992/    11AF : B3                  		or	e
(1) 3993/    11B0 : DD 77 00            		ld	(ix),a
(1) 3994/    11B3 : CF                  		rst	8
(1) 3995/    11B4 :                     .vonly:
(1) 3996/    11B4 : FD 7E 30            		ld	a,(iy+MVOL)		; c - Level
(1) 3997/    11B7 : FD 86 04            		add	a,(iy+LEV)		; Add MASTER volume
(1) 3998/    11BA : 30 02               		jr	nc,.vlmuch
(1) 3999/    11BC : 3E FF               		ld	a,-1
(1) 4000/    11BE :                     .vlmuch:
(1) 4001/    11BE : CB 3F               		srl	a			; (Level >> 4)
(1) 4002/    11C0 : CB 3F               		srl	a
(1) 4003/    11C2 : CB 3F               		srl	a
(1) 4004/    11C4 : CF                  		rst	8
(1) 4005/    11C5 : CB 3F               		srl	a
(1) 4006/    11C7 : E6 0F               		and	00001111b		; Filter volume value
(1) 4007/    11C9 : B1                  		or	c			; and OR with current channel
(1) 4008/    11CA : F6 90               		or	90h			; Set volume-set mode
(1) 4009/    11CC : DD 77 00            		ld	(ix),a			; *** WRITE volume
(1) 4010/    11CF : FD 34 38            		inc	(iy+PTMR)		; Update general timer
(1) 4011/    11D2 :                     .noupd:
(1) 4012/    11D2 :                     	; ----------------------------
(1) 4013/    11D2 : FD 2B               		dec	iy			; next COM to check (backwards)
(1) 4014/    11D4 : 79                  		ld	a,c
(1) 4015/    11D5 : CF                  		rst	8
(1) 4016/    11D6 : D6 20               		sub	a,20h			; next PSG (backwards)
(1) 4017/    11D8 : 4F                  		ld	c,a
(1) 4018/    11D9 : 05                  		dec	b
(1) 4019/    11DA : C2 87 10            		jp	nz,.vloop
(1) 4020/    11DD : C9                  		ret
(1) 4021/    11DE :                     
(1) 4022/    11DE :                     ; ---------------------------------------------
(1) 4023/    11DE :                     ; FM register writes
(1) 4024/    11DE :                     ;
(1) 4025/    11DE :                     ; Input:
(1) 4026/    11DE :                     ; d - ctrl
(1) 4027/    11DE :                     ; e - data
(1) 4028/    11DE :                     ; ---------------------------------------------
(1) 4029/    11DE :                     
(1) 4030/    11DE :                     ; c - KeyID
(1) 4031/    11DE :                     fm_autoreg:
(1) 4032/    11DE : CB 51               		bit	2,c
(1) 4033/    11E0 : 20 0B               		jr	nz,fm_send_2
(1) 4034/    11E2 :                     
(1) 4035/    11E2 :                     ; Channels 1-3 and global registers
(1) 4036/    11E2 :                     fm_send_1:
(1) 4037/    11E2 : 7A                  		ld	a,d
(1) 4038/    11E3 : 32 00 40            		ld	(Zym_ctrl_1),a
(1) 4039/    11E6 : 00                  		nop
(1) 4040/    11E7 : 7B                  		ld	a,e
(1) 4041/    11E8 : 32 01 40            		ld	(Zym_data_1),a
(1) 4042/    11EB : 00                  		nop
(1) 4043/    11EC : C9                  		ret
(1) 4044/    11ED :                     ; Channels 4-6
(1) 4045/    11ED :                     fm_send_2:
(1) 4046/    11ED : 7A                  		ld	a,d
(1) 4047/    11EE : 32 02 40            		ld	(Zym_ctrl_2),a
(1) 4048/    11F1 : 00                  		nop
(1) 4049/    11F2 : 7B                  		ld	a,e
(1) 4050/    11F3 : 32 03 40            		ld	(Zym_data_2),a
(1) 4051/    11F6 : 00                  		nop
(1) 4052/    11F7 : C9                  		ret
(1) 4053/    11F8 :                     
(1) 4054/    11F8 :                     ; --------------------------------------------------------
(1) 4055/    11F8 :                     ; brute-force WAVE ON/OFF playback
(1) 4056/    11F8 :                     ; --------------------------------------------------------
(1) 4057/    11F8 :                     
(1) 4058/    11F8 :                     dac_on:
(1) 4059/    11F8 : 3E 2B               		ld	a,2Bh				;DAC Enable register
(1) 4060/    11FA : 32 00 40            		ld	(Zym_ctrl_1),a
(1) 4061/    11FD : 3E 80               		ld	a,80h				;Set to $80 (bit 7)=on
(1) 4062/    11FF : 32 01 40            		ld	(Zym_data_1),a
(1) 4063/    1202 : 3E D9               		ld 	a,zopcExx
(1) 4064/    1204 : 32 08 00            		ld	(dac_me),a
(1) 4065/    1207 : 3E F5               		ld 	a,zopcPushAf
(1) 4066/    1209 : 32 20 00            		ld	(dac_fill),a
(1) 4067/    120C : C9                  		ret
(1) 4068/    120D :                     dac_off:
(1) 4069/    120D : 3E 2B               		ld	a,2Bh				;DAC Enable register
(1) 4070/    120F : 32 00 40            		ld	(Zym_ctrl_1),a
(1) 4071/    1212 : 3E 00               		ld	a,00h				;Set to $00=off
(1) 4072/    1214 : 32 01 40            		ld	(Zym_data_1),a
(1) 4073/    1217 : 3E C9               		ld 	a,zopcRet
(1) 4074/    1219 : 32 08 00            		ld	(dac_me),a
(1) 4075/    121C : 3E C9               		ld 	a,zopcRet
(1) 4076/    121E : 32 20 00            		ld	(dac_fill),a
(1) 4077/    1221 : C9                  		ret
(1) 4078/    1222 :                     ; pco_off:
(1) 4079/    1222 :                     	; if PICO == 1
(1) 4080/    1222 :                     		; ;!@ TODO
(1) 4081/    1222 :                     		; ret
(1) 4082/    1222 :                     	; else
(1) 4083/    1222 :                     		; ret
(1) 4084/    1222 :                     	; endif
(1) 4085/    1222 :                     
(1) 4086/    1222 :                     ; --------------------------------------------------------
(1) 4087/    1222 :                     ; dac_play
(1) 4088/    1222 :                     ;
(1) 4089/    1222 :                     ; Plays a new sample
(1) 4090/    1222 :                     ;
(1) 4091/    1222 :                     ; NOTE:
(1) 4092/    1222 :                     ; Set wave_Flags and wave_Pitch externally
(1) 4093/    1222 :                     ; getting here.
(1) 4094/    1222 :                     ; --------------------------------------------------------
(1) 4095/    1222 :                     
(1) 4096/    1222 :                     dac_play:
(1) 4097/    1222 : F3                  		di
(1) 4098/    1223 : CD 0D 12            		call	dac_off
(1) 4099/    1226 : D9                  		exx				; flip exx regs
(1) 4100/    1227 : 01 1D 00            		ld	bc,dWaveBuff>>8		; bc - WAVFIFO MSB
(1) 4101/    122A : ED 5B 09 1C         		ld	de,(wave_Pitch)		; de - Pitch
(1) 4102/    122E : 21 00 00            		ld	hl,(dWaveBuff&0FFh)<<8	; hl - WAVFIFO LSB pointer (xx.00)
(1) 4103/    1231 : D9                  		exx				; move them back
(1) 4104/    1232 : 2A 00 1C            		ld	hl,(wave_Start)		; copy Start and length
(1) 4105/    1235 : 3A 02 1C            		ld 	a,(wave_Start+2)
(1) 4106/    1238 : 22 C6 17            		ld	(dDacPntr),hl
(1) 4107/    123B : 32 C8 17            		ld	(dDacPntr+2),a
(1) 4108/    123E : 2A 03 1C            		ld	hl,(wave_Len)
(1) 4109/    1241 : 3A 05 1C            		ld 	a,(wave_Len+2)
(1) 4110/    1244 : 22 C9 17            		ld	(dDacCntr),hl
(1) 4111/    1247 : 32 CB 17            		ld	(dDacCntr+2),a
(1) 4112/    124A : AF                  		xor	a
(1) 4113/    124B : 32 37 00            		ld	(dDacFifoMid),a		; Reset half-way
(1) 4114/    124E : CD 56 12            		call	dac_refill
(1) 4115/    1251 : CD F8 11            		call	dac_on
(1) 4116/    1254 : FB                  		ei
(1) 4117/    1255 : C9                  		ret
(1) 4118/    1256 :                     
(1) 4119/    1256 :                     ; --------------------------------------------------------
(1) 4120/    1256 :                     
(1) 4121/    1256 :                     dac_refill:
(1) 4122/    1256 : CF                  		rst	8
(1) 4123/    1257 : C5                  		push	bc
(1) 4124/    1258 : D5                  		push	de
(1) 4125/    1259 : E5                  		push	hl
(1) 4126/    125A : 3A 0B 1C            		ld	a,(wave_Flags)	; Already finished?
(1) 4127/    125D : FE 07               		cp	111b
(1) 4128/    125F : D2 15 13            		jp	nc,.dacfill_end
(1) 4129/    1262 : 3A CB 17            		ld	a,(dDacCntr+2)	; Last bytes
(1) 4130/    1265 : 2A C9 17            		ld	hl,(dDacCntr)
(1) 4131/    1268 : 01 80 00            		ld	bc,80h
(1) 4132/    126B : 37                  		scf
(1) 4133/    126C : 3F                  		ccf
(1) 4134/    126D : ED 42               		sbc	hl,bc
(1) 4135/    126F : DE 00               		sbc	a,0
(1) 4136/    1271 : 32 CB 17            		ld	(dDacCntr+2),a
(1) 4137/    1274 : 22 C9 17            		ld	(dDacCntr),hl
(1) 4138/    1277 : 16 1D               		ld	d,dWaveBuff>>8
(1) 4139/    1279 : B7                  		or	a
(1) 4140/    127A : FA A4 12            		jp	m,.dac_over
(1) 4141/    127D : 3A 37 00            		ld	a,(dDacFifoMid)	; Update halfway value
(1) 4142/    1280 : 5F                  		ld	e,a
(1) 4143/    1281 : C6 80               		add 	a,80h
(1) 4144/    1283 : 32 37 00            		ld	(dDacFifoMid),a
(1) 4145/    1286 : 2A C6 17            		ld	hl,(dDacPntr)
(1) 4146/    1289 : 3A C8 17            		ld	a,(dDacPntr+2)
(1) 4147/    128C : CD C4 0F            		call	readRom	; *** ROM ACCESS ***
(1) 4148/    128F : 2A C6 17            		ld	hl,(dDacPntr)
(1) 4149/    1292 : 3A C8 17            		ld	a,(dDacPntr+2)
(1) 4150/    1295 : 01 80 00            		ld	bc,80h
(1) 4151/    1298 : 09                  		add	hl,bc
(1) 4152/    1299 : CE 00               		adc	a,0
(1) 4153/    129B : 22 C6 17            		ld	(dDacPntr),hl
(1) 4154/    129E : 32 C8 17            		ld	(dDacPntr+2),a
(1) 4155/    12A1 : C3 18 13            		jp	.dacfill_ret
(1) 4156/    12A4 :                     ; NOTE: This doesn't finish at the exact END point
(1) 4157/    12A4 :                     ; but the USER won't notice it.
(1) 4158/    12A4 :                     .dac_over:
(1) 4159/    12A4 : 16 1D               		ld	d,dWaveBuff>>8
(1) 4160/    12A6 : 3A 0B 1C            		ld	a,(wave_Flags)	; LOOP enabled?
(1) 4161/    12A9 : E6 01               		and	001b
(1) 4162/    12AB : C2 CE 12            		jp	nz,.dacfill_loop
(1) 4163/    12AE : 7D                  		ld	a,l
(1) 4164/    12AF : C6 80               		add	a,80h
(1) 4165/    12B1 : 4F                  		ld	c,a
(1) 4166/    12B2 : 06 00               		ld	b,0
(1) 4167/    12B4 : C5                  		push	bc
(1) 4168/    12B5 : 3A 37 00            		ld	a,(dDacFifoMid)
(1) 4169/    12B8 : 5F                  		ld	e,a
(1) 4170/    12B9 : C6 80               		add	a,80h
(1) 4171/    12BB : 32 37 00            		ld	(dDacFifoMid),a
(1) 4172/    12BE : C1                  		pop	bc
(1) 4173/    12BF : 79                  		ld	a,c
(1) 4174/    12C0 : B0                  		or	b
(1) 4175/    12C1 : 28 52               		jr	z,.dacfill_end
(1) 4176/    12C3 : 2A C6 17            		ld	hl,(dDacPntr)
(1) 4177/    12C6 : 3A C8 17            		ld	a,(dDacPntr+2)
(1) 4178/    12C9 : CD C4 0F            		call	readRom	; *** ROM ACCESS ***
(1) 4179/    12CC : 18 47               		jr	.dacfill_end
(1) 4180/    12CE :                     ; loop sample
(1) 4181/    12CE :                     .dacfill_loop:
(1) 4182/    12CE : C5                  		push	bc
(1) 4183/    12CF : D5                  		push	de
(1) 4184/    12D0 : 3A 08 1C            		ld	a,(wave_Loop+2)
(1) 4185/    12D3 : 4F                  		ld	c,a
(1) 4186/    12D4 : ED 5B 06 1C         		ld	de,(wave_Loop)
(1) 4187/    12D8 : 2A 00 1C            		ld	hl,(wave_Start)
(1) 4188/    12DB : 3A 02 1C            		ld 	a,(wave_Start+2)
(1) 4189/    12DE : 81                  		add	a,c
(1) 4190/    12DF : 19                  		add	hl,de
(1) 4191/    12E0 : CE 00               		adc	a,0
(1) 4192/    12E2 : 22 C6 17            		ld	(dDacPntr),hl
(1) 4193/    12E5 : 32 C8 17            		ld	(dDacPntr+2),a
(1) 4194/    12E8 : 2A 03 1C            		ld	hl,(wave_Len)
(1) 4195/    12EB : 3A 05 1C            		ld 	a,(wave_Len+2)
(1) 4196/    12EE : 91                  		sub	a,c
(1) 4197/    12EF : 37                  		scf
(1) 4198/    12F0 : 3F                  		ccf
(1) 4199/    12F1 : ED 52               		sbc	hl,de
(1) 4200/    12F3 : DE 00               		sbc	a,0
(1) 4201/    12F5 : 22 C9 17            		ld	(dDacCntr),hl
(1) 4202/    12F8 : 32 CB 17            		ld	(dDacCntr+2),a
(1) 4203/    12FB : D1                  		pop	de
(1) 4204/    12FC : C1                  		pop	bc
(1) 4205/    12FD : 78                  		ld	a,b
(1) 4206/    12FE : B1                  		or	c
(1) 4207/    12FF : 28 17               		jr	z,.dacfill_ret
(1) 4208/    1301 : 3A 37 00            		ld	a,(dDacFifoMid)
(1) 4209/    1304 : 5F                  		ld	e,a
(1) 4210/    1305 : C6 80               		add	a,80h
(1) 4211/    1307 : 32 37 00            		ld	(dDacFifoMid),a
(1) 4212/    130A : 2A C6 17            		ld	hl,(dDacPntr)
(1) 4213/    130D : 3A C8 17            		ld	a,(dDacPntr+2)
(1) 4214/    1310 : CD C4 0F            		call	readRom	; *** ROM ACCESS ***
(1) 4215/    1313 : 18 03               		jr	.dacfill_ret
(1) 4216/    1315 :                     .dacfill_end:
(1) 4217/    1315 : CD 0D 12            		call	dac_off		; DAC finished
(1) 4218/    1318 :                     .dacfill_ret:
(1) 4219/    1318 : E1                  		pop	hl
(1) 4220/    1319 : D1                  		pop	de
(1) 4221/    131A : C1                  		pop	bc
(1) 4222/    131B : C9                  		ret
(1) 4223/    131C :                     
(1) 4224/    131C :                     ; ----------------------------------------------------------------
(1) 4225/    131C :                     ; gema_lastbank
(1) 4226/    131C :                     ;
(1) 4227/    131C :                     ; Two purposes:
(1) 4228/    131C :                     ; - Set the BANK to the very last part of memory for the
(1) 4229/    131C :                     ;   readRom to read from RAM
(1) 4230/    131C :                     ; - On 32X this sets the bank out of the ROM-reading areas due
(1) 4231/    131C :                     ;   to a conflict with the PSG according to a Tech Bulletin.
(1) 4232/    131C :                     ;
(1) 4233/    131C :                     ; Uses:
(1) 4234/    131C :                     ; hl,b
(1) 4235/    131C :                     ; ----------------------------------------------------------------
(1) 4236/    131C :                     
(1) 4237/    131C :                     gema_lastbank:
(1) 4238/    131C : 21 00 60            		ld	hl,6000h
(1) 4239/    131F : 06 09               		ld	b,9		; 9 bits
(1) 4240/    1321 :                     .write:
(1) 4241/    1321 : 36 01               		ld	(hl),1
(1) 4242/    1323 : 10 FC               		djnz	.write
(1) 4243/    1325 : C9                  		ret
(1) 4244/    1326 :                     
(1) 4245/    1326 :                     ; ====================================================================
(1) 4246/    1326 :                     ; ----------------------------------------------------------------
(1) 4247/    1326 :                     ; Frequency tables
(1) 4248/    1326 :                     ; ----------------------------------------------------------------
(1) 4249/    1326 :                     
(1) 4250/    1326 : 84 02               fmFreq_List:	dw 644
(1) 4251/    1328 : A9 02               		dw 681
(1) 4252/    132A : D2 02               		dw 722
(1) 4253/    132C : FD 02               		dw 765
(1) 4254/    132E : 2A 03               		dw 810
(1) 4255/    1330 : 5A 03               		dw 858
(1) 4256/    1332 : 8E 03               		dw 910
(1) 4257/    1334 : C4 03               		dw 964
(1) 4258/    1336 : FD 03               		dw 1021
(1) 4259/    1338 : 39 04               		dw 1081
(1) 4260/    133A : 7A 04               		dw 1146
(1) 4261/    133C : BE 04               		dw 1214
(1) 4262/    133E :                     
(1) 4263/    133E :                     ; ----------------------------------------
(1) 4264/    133E :                     ; PSG
(1) 4265/    133E :                     ; ----------------------------------------
(1) 4266/    133E :                     
(1) 4267/    133E :                     psgFreq_List:
(1) 4268/    133E :                     ; 	dw    -1,   -1,   -1,   -1,   -1,   -1,   -1,   -1,   -1,   -1,   -1,   -1	; x-0
(1) 4269/    133E :                     ; 	dw    -1,   -1,   -1,   -1,   -1,   -1,   -1,   -1,   -1,   -1,   -1,   -1	; x-1
(1) 4270/    133E :                     ; 	dw    -1,   -1,   -1,   -1,   -1,   -1,   -1,   -1,   -1,   -1,   -1,   -1	; x-2
(1) 4271/    133E : FF FF FF FF FF FF   	dw    -1,   -1,   -1,   -1,   -1,   -1,   -1,   -1,   -1,03F8h,03BFh,0389h	; x-3
             1344 : FF FF FF FF FF FF 
             134A : FF FF FF FF FF FF 
             1350 : F8 03 BF 03 89 03 
(1) 4272/    1356 : 56 03 26 03 F9 02   	dw 0356h,0326h,02F9h,02CEh,02A5h,0280h,025Ch,023Ah,021Ah,01FBh,01DFh,01C4h	; x-4
             135C : CE 02 A5 02 80 02 
             1362 : 5C 02 3A 02 1A 02 
             1368 : FB 01 DF 01 C4 01 
(1) 4273/    136E : AB 01 93 01 7D 01   	dw 01ABh,0193h,017Dh,0167h,0153h,0140h,012Eh,011Dh,010Dh,00FEh,00EFh,00E2h	; x-5
             1374 : 67 01 53 01 40 01 
             137A : 2E 01 1D 01 0D 01 
             1380 : FE 00 EF 00 E2 00 
(1) 4274/    1386 : D6 00 C9 00 BE 00   	dw 00D6h,00C9h,00BEh,00B4h,00A9h,00A0h,0097h,008Fh,0087h,007Fh,0078h,0071h	; x-6
             138C : B4 00 A9 00 A0 00 
             1392 : 97 00 8F 00 87 00 
             1398 : 7F 00 78 00 71 00 
(1) 4275/    139E : 6B 00 65 00 5F 00   	dw 006Bh,0065h,005Fh,005Ah,0055h,0050h,004Bh,0047h,0043h,0040h,003Ch,0039h	; x-7
             13A4 : 5A 00 55 00 50 00 
             13AA : 4B 00 47 00 43 00 
             13B0 : 40 00 3C 00 39 00 
(1) 4276/    13B6 : 36 00 33 00 30 00   	dw 0036h,0033h,0030h,002Dh,002Bh,0028h,0026h,0024h,0022h,0020h,001Fh,001Dh	; x-8 *UNTESTED*
             13BC : 2D 00 2B 00 28 00 
             13C2 : 26 00 24 00 22 00 
             13C8 : 20 00 1F 00 1D 00 
(1) 4277/    13CE : 1B 00 1A 00 18 00   	dw 001Bh,001Ah,0018h,0017h,0016h,0015h,0013h,0012h,0011h,0010h,0009h,0001h	; x-9 *RESERVED FOR NOISE* Set to +47
             13D4 : 17 00 16 00 15 00 
             13DA : 13 00 12 00 11 00 
             13E0 : 10 00 09 00 01 00 
(1) 4278/    13E6 :                     
(1) 4279/    13E6 :                     ; ----------------------------------------
(1) 4280/    13E6 :                     ; DAC, PCO, PWM shared list
(1) 4281/    13E6 :                     ; ----------------------------------------
(1) 4282/    13E6 :                     
(1) 4283/    13E6 :                     wavFreq_List:
(1) 4284/    13E6 :                     	;   C     C#    D     D#    E     F     F#    G     G#    A     A#    B
(1) 4285/    13E6 :                     ; 	dw 0100h,0100h,0100h,0100h,0100h,0100h,0100h,0100h,0100h,0100h,0100h,0100h	; x-0
(1) 4286/    13E6 :                     ; 	dw 0100h,0100h,0100h,0100h,0100h,0100h,0100h,0100h,0100h,0100h,0100h,0100h	; x-1
(1) 4287/    13E6 :                     ; 	dw 0100h,0100h,0100h,0100h,0100h,0100h,0100h,0100h,0100h,0100h,0036h,003Bh	; x-2
(1) 4288/    13E6 : 40 00 44 00 48 00   	dw 0040h,0044h,0048h,004Ch,0051h,0056h,005Bh,0060h,0066h,006Ch,0073h,0079h	; x-3 4000 ok
             13EC : 4C 00 51 00 56 00 
             13F2 : 5B 00 60 00 66 00 
             13F8 : 6C 00 73 00 79 00 
(1) 4289/    13FE : 80 00 88 00 90 00   	dw 0080h,0088h,0090h,0099h,00A2h,00ACh,00B6h,00C1h,00CCh,00D8h,00E5h,00F2h	; x-4 8000 ok
             1404 : 99 00 A2 00 AC 00 
             140A : B6 00 C1 00 CC 00 
             1410 : D8 00 E5 00 F2 00 
(1) 4290/    1416 : 00 01 10 01 20 01   	dw 0100h,0110h,0120h,0132h,0145h,0158h,016Ch,0182h,0198h,01AEh,01C7h,01E0h	; x-5 16000 ok
             141C : 32 01 45 01 58 01 
             1422 : 6C 01 82 01 98 01 
             1428 : AE 01 C7 01 E0 01 
(1) 4291/    142E : 00 02 20 02 40 02   	dw 0200h,0220h,0240h,0260h,0280h,02A0h,02D0h,02F8h,0328h,0352h,0390h,03C8h	; x-6 32000 bad/ok
             1434 : 60 02 80 02 A0 02 
             143A : D0 02 F8 02 28 03 
             1440 : 52 03 90 03 C8 03 
(1) 4292/    1446 : 00 04               	dw 0400h;,0100h,0100h,0100h,0100h,0100h,0100h,0100h,0100h,0100h,0100h,0100h	; x-7
(1) 4293/    1448 :                     ; 	dw 0100h,0100h,0100h,0100h,0100h,0100h,0100h,0100h,0100h,0100h,0100h,0100h	; x-8
(1) 4294/    1448 :                     ; 	dw 0100h,0100h,0100h,0100h,0100h,0100h,0100h,0100h,0100h,0100h,0100h,0100h	; x-9
(1) 4295/    1448 :                     
(1) 4296/    1448 :                     ; ----------------------------------------
(1) 4297/    1448 :                     ; !@ PiCO List !@ TODO
(1) 4298/    1448 :                     ; ----------------------------------------
(1) 4299/    1448 :                     
(1) 4300/    1448 :                     ; ----------------------------------------
(1) 4301/    1448 :                     ; SegaCD PCM
(1) 4302/    1448 :                     ; ----------------------------------------
(1) 4303/    1448 :                     wavFreq_CdPcm:
(1) 4304/    1448 :                     	;     C     C#     D      D#     E      F      F#     G      G#     A      A#     B
(1) 4305/    1448 :                     ; 	dw  0100h, 0100h, 0100h, 0100h, 0100h, 0100h, 0100h, 0100h, 0100h, 0100h, 0100h, 0100h	; x-0
(1) 4306/    1448 :                     ; 	dw  0100h, 0100h, 0100h, 0100h, 0100h, 0100h, 0100h, 0100h, 0100h, 0100h, 0100h, 0100h	; x-1
(1) 4307/    1448 : F8 00 08 01 1C 01   	dw  00F8h, 0108h, 011Ch, 0128h, 013Ch, 014Ch, 0160h, 017Ch, 0188h, 01AAh, 01BCh, 01DCh	; x-2  4000 ok
             144E : 28 01 3C 01 4C 01 
             1454 : 60 01 7C 01 88 01 
             145A : AA 01 BC 01 DC 01 
(1) 4308/    1460 : F8 01 14 02 3C 02   	dw  01F8h, 0214h, 023Ch, 0258h, 027Ch, 02A0h, 02C8h, 02FCh, 031Ch, 0354h, 037Ch, 03B8h	; x-3  8000 ok
             1466 : 58 02 7C 02 A0 02 
             146C : C8 02 FC 02 1C 03 
             1472 : 54 03 7C 03 B8 03 
(1) 4309/    1478 : F0 03 28 04 68 04   	dw  03F0h, 0428h, 0468h, 04ACh, 04ECh, 0540h, 0590h, 05E4h, 063Ch, 0698h, 0704h, 0760h	; x-4 16000 ok
             147E : AC 04 EC 04 40 05 
             1484 : 90 05 E4 05 3C 06 
             148A : 98 06 04 07 60 07 
(1) 4310/    1490 : DC 07 48 08 D4 08   	dw  07DCh, 0848h, 08D4h, 0960h, 09F0h, 0A64h, 0B04h, 0BAAh, 0C60h, 0D18h, 0DE4h, 0EB8h	; x-5 32000 ok
             1496 : 60 09 F0 09 64 0A 
             149C : 04 0B AA 0B 60 0C 
             14A2 : 18 0D E4 0D B8 0E 
(1) 4311/    14A8 : B0 0F 74 10 84 11   	dw  0FB0h, 1074h, 1184h, 1280h, 139Ch, 14C8h, 1624h, 174Ch, 18DCh, 1A38h, 1BE0h, 1D94h	; x-6 64000 untested
             14AE : 80 12 9C 13 C8 14 
             14B4 : 24 16 4C 17 DC 18 
             14BA : 38 1A E0 1B 94 1D 
(1) 4312/    14C0 :                     ; 	dw  1F64h, 20FCh, 2330h, 2524h, 2750h, 29B4h, 2C63h, 2F63h, 31E0h, 347Bh, 377Bh, 3B41h	; x-7 128000 bad
(1) 4313/    14C0 :                     ; 	dw  3EE8h, 4206h, 4684h, 4A5Ah, 4EB5h, 5379h, 58E1h, 5DE0h, 63C0h, 68FFh, 6EFFh, 783Ch	; x-8 256000 bad
(1) 4314/    14C0 :                     ; 	dw  7FC2h, 83FCh, 8D14h, 9780h,0AA5Dh,0B1F9h,   -1 ,   -1 ,   -1 ,   -1 ,   -1 ,   -1 	; x-9 bad
(1) 4315/    14C0 :                     
(1) 4316/    14C0 :                     ; ====================================================================
(1) 4317/    14C0 :                     ; ----------------------------------------------------------------
(1) 4318/    14C0 :                     ; Chip buffers
(1) 4319/    14C0 :                     ; ----------------------------------------------------------------
(1) 4320/    14C0 :                     
(1) 4321/    14C0 : 00 00 00 00 00 00   pcmcom:	db 00h,00h,00h,00h,00h,00h,00h,00h	; 0 - Playback bits: %0000PCOK Pitchbend/keyCut/keyOff/KeyOn
             14C6 : 00 00             
(1) 4322/    14C8 : 00 00 00 00 00 00   	db 00h,00h,00h,00h,00h,00h,00h,00h	; 8 - Pitch MSB
             14CE : 00 00             
(1) 4323/    14D0 : 00 00 00 00 00 00   	db 00h,00h,00h,00h,00h,00h,00h,00h	; 16 - Pitch LSB
             14D6 : 00 00             
(1) 4324/    14D8 : FF FF FF FF FF FF   	db -1,-1,-1,-1,-1,-1,-1,-1		; 24 - Volume
             14DE : FF FF             
(1) 4325/    14E0 : FF FF FF FF FF FF   	db -1,-1,-1,-1,-1,-1,-1,-1		; 32 - CURRENT Panning %RRRRLLLL
             14E6 : FF FF             
(1) 4326/    14E8 : 00 00 00 00 00 00   	db 00h,00h,00h,00h,00h,00h,00h,00h	; 40 - 24-bit sample location in Sub-CPU area
             14EE : 00 00             
(1) 4327/    14F0 : 00 00 00 00 00 00   	db 00h,00h,00h,00h,00h,00h,00h,00h	; 48
             14F6 : 00 00             
(1) 4328/    14F8 : 00 00 00 00 00 00   	db 00h,00h,00h,00h,00h,00h,00h,00h	; 56
             14FE : 00 00             
(1) 4329/    1500 :                     
(1) 4330/    1500 : 00 00 00 00 00 00   pwmcom:	db 00h,00h,00h,00h,00h,00h,00h,00h	; 0 - Playback bits: %0000PCOK Pitchbend/keyCut/keyOff/KeyOn
             1506 : 00 00             
(1) 4331/    1508 : 00 00 00 00 00 00   	db 00h,00h,00h,00h,00h,00h,00h,00h	; 8 - Volume | Pitch MSB
             150E : 00 00             
(1) 4332/    1510 : 00 00 00 00 00 00   	db 00h,00h,00h,00h,00h,00h,00h,00h	; 16 - Pitch LSB
             1516 : 00 00             
(1) 4333/    1518 : 00 00 00 00 00 00   	db 00h,00h,00h,00h,00h,00h,00h,00h	; 24 - Flags+MSB bits of sample %SlLRxxxx Stereo/Loop/Left/Right
             151E : 00 00             
(1) 4334/    1520 : 00 00 00 00 00 00   	db 00h,00h,00h,00h,00h,00h,00h,00h	; 32 - ''
             1526 : 00 00             
(1) 4335/    1528 : 00 00 00 00 00 00   	db 00h,00h,00h,00h,00h,00h,00h,00h
             152E : 00 00             
(1) 4336/    1530 : 00 00 00 00 00 00   	db 00h,00h,00h,00h,00h,00h,00h,00h
             1536 : 00 00             
(1) 4337/    1538 :                     
(1) 4338/    1538 : 00 00 00 00         psgcom:	db 00h,00h,00h,00h	;  0 - command 1 = key on, 2 = key off, 4 = stop snd
(1) 4339/    153C : FF FF FF FF         	db -1, -1, -1, -1	;  4 - output level attenuation (%llll.0000, -1 = silent)
(1) 4340/    1540 : 00 00 00 00         	db 00h,00h,00h,00h	;  8 - attack rate (START)
(1) 4341/    1544 : 00 00 00 00         	db 00h,00h,00h,00h	; 12 - decay rate
(1) 4342/    1548 : 00 00 00 00         	db 00h,00h,00h,00h	; 16 - sustain level attenuation (MAXIMUM)
(1) 4343/    154C : 00 00 00 00         	db 00h,00h,00h,00h	; 20 - release rate
(1) 4344/    1550 : 00 00 00 00         	db 00h,00h,00h,00h	; 24 - envelope mode 0 = off, 1 = attack, 2 = decay, 3 = sustain
(1) 4345/    1554 : 00 00 00 00         	db 00h,00h,00h,00h	; 28 - freq bottom 4 bits
(1) 4346/    1558 : 00 00 00 00         	db 00h,00h,00h,00h	; 32 - freq upper 6 bits
(1) 4347/    155C : 00 00 00 00         	db 00h,00h,00h,00h	; 36 - attack level attenuation
(1) 4348/    1560 : 00 00 00 00         	db 00h,00h,00h,00h	; 40 - flags to indicate hardware should be updated
(1) 4349/    1564 : 00 00 00 00         	db 00h,00h,00h,00h	; 44 - timer for sustain
(1) 4350/    1568 : 00 00 00 00         	db 00h,00h,00h,00h	; 48 - MAX Volume
(1) 4351/    156C : 00 00 00 00         	db 00h,00h,00h,00h	; 52 - Vibrato value
(1) 4352/    1570 : 00 00 00 00         	db 00h,00h,00h,00h	; 56 - General timer
(1) 4353/    1574 :                     	
(1) 4354/    1574 :                     ;!@ TODO
(1) 4355/    1574 :                     pcocom:
(1) 4356/    1574 :                     
(1) 4357/    1574 :                     ; --------------------------------------------------------
(1) 4358/    1574 :                     fmcach_1	ds 28h
(1) 4359/    159C :                     fmcach_2	ds 28h
(1) 4360/    15C4 :                     fmcach_3	ds 28h
(1) 4361/    15EC :                     fmcach_4	ds 28h
(1) 4362/    1614 :                     fmcach_5	ds 28h
(1) 4363/    163C :                     fmcach_6	ds 28h
(1) 4364/    1664 :                     fmlist_rsave	ds 4*3		; 4 bytes per channel: 0000h,00h,00h
(1) 4365/    1670 :                     trkInfoCach	ds 4
(1) 4366/    1674 :                     		ds 4*3		; _rsave followup
(1) 4367/    1680 :                     
(1) 4368/    1680 :                     ; ====================================================================
(1) 4369/    1680 :                     ; ----------------------------------------------------------------
(1) 4370/    1680 :                     ; Track buffers
(1) 4371/    1680 :                     ; ----------------------------------------------------------------
(1) 4372/    1680 :                     
(1) 4373/    1680 :                     trkHdrs_0	ds 8*4			; dw point,rowcntr
(1) 4374/    16A0 :                     trkHdrs_1	ds 8*4
(1) 4375/    16C0 :                     trkHdrs_2	ds 8*4
(1) 4376/    16E0 :                     trkBlks_0	ds 8
(1) 4377/    16E8 :                     trkBlks_1	ds 8
(1) 4378/    16F0 :                     trkBlks_2	ds 8
(1) 4379/    16F8 :                     trkBuff_0	ds seq_ChnIndx+MAX_TRKINDX
(1) 4380/    1738 :                     trkBuff_1	ds seq_ChnIndx+MAX_TRKINDX
(1) 4381/    1778 :                     trkBuff_2	ds seq_ChnIndx+MAX_TRKINDX
(1) 4382/    17B8 : 74 15               fmcach_list:	dw fmcach_1
(1) 4383/    17BA : 9C 15               		dw fmcach_2
(1) 4384/    17BC : C4 15               		dw fmcach_3
(1) 4385/    17BE : 00                  marsUpd		db 0			; Flag to request a PWM transfer
(1) 4386/    17BF : 00                  mcdUpd		db 0			; Flag to request a PCM transfer
(1) 4387/    17C0 : EC 15               		dw fmcach_4		; Followup
(1) 4388/    17C2 : 14 16               		dw fmcach_5
(1) 4389/    17C4 : 3C 16               		dw fmcach_6
(1) 4390/    17C6 : 00 00 00            dDacPntr	db 0,0,0	; WAVE play current ROM position
(1) 4391/    17C9 : 00 00 00            dDacCntr	db 0,0,0	; WAVE play length counter
(1) 4392/    17CC :                     headerOut	ds 00Eh		; Temporal storage for 68k pointers
(1) 4393/    17DA :                     headerOut_e	ds 2		; <-- reverse readpoint
(1) 4394/    17DC :                     sampleHead	ds 006h
(1) 4395/    17E2 :                     instListOut	ds 8
(1) 4396/    17EA :                     
(1) 4397/    17EA :                     ; ====================================================================
(1) 4398/    17EA :                     ; --------------------------------------------------------
(1) 4399/    17EA :                     ; MASTER buffers list
(1) 4400/    17EA :                     ;
(1) 4401/    17EA :                     ; dw track_buffer
(1) 4402/    17EA :                     ; dw channel_list,block_cache,header_cache,track_cache*
(1) 4403/    17EA :                     ;
(1) 4404/    17EA :                     ; * Cache MUST be aligned and in 1-bit sizes
(1) 4405/    17EA :                     ; --------------------------------------------------------
(1) 4406/    17EA :                     
(1) 4407/    17EA :                     nikona_BuffList:
(1) 4408/    17EA : F8 16 E0 16 80 16   	dw trkBuff_0,trkBlks_0,trkHdrs_0,trkCach_0
             17F0 : 00 1F             
(1) 4409/    17F2 : 38 17 E8 16 A0 16   	dw trkBuff_1,trkBlks_1,trkHdrs_1,trkCach_1
             17F8 : 20 1F             
(1) 4410/    17FA : 78 17 F0 16 C0 16   	dw trkBuff_2,trkBlks_2,trkHdrs_2,trkCach_2
             1800 : 40 1F             
(1) 4411/    1802 :                     nikona_BuffList_e:
(1) 4412/    1802 : FF FF               	dw -1	; ENDOFLIST
(1) 4413/    1804 :                     
(1) 4414/    1804 :                     ; ====================================================================
(1) 4415/    1804 :                     ; --------------------------------------------------------
(1) 4416/    1804 :                     ; Channel tables
(1) 4417/    1804 :                     ;
(1) 4418/    1804 :                     ; PSG  080h
(1) 4419/    1804 :                     ; PSGN 090h
(1) 4420/    1804 :                     ; FM   0A0h
(1) 4421/    1804 :                     ; FM3  0B0h
(1) 4422/    1804 :                     ; DAC  0C0h
(1) 4423/    1804 :                     ; PCM  0D0h
(1) 4424/    1804 :                     ; PWM  0E0h
(1) 4425/    1804 :                     ; PCO  0F0h		;!@
(1) 4426/    1804 :                     ; --------------------------------------------------------
(1) 4427/    1804 :                     
(1) 4428/    1804 :                     		;!@ org 1B00h			; <-- MUST BE x0h ALIGNED
(1) 4429/    1804 :                     		
(1) 4430/    1804 :                     		; !@ This got relocated to 1A00,
(1) 4431/    1804 :                     		;	 because the new tblPCO makes this segment's size > $200 bytes
(1) 4432/    1804 :                     		;	 (variables at end get overwritten by org $1D00 segment buffers
(1) 4434/    1A00 :                     		org 1A00h				; <-- MUST BE x0h ALIGNED		
(1) 4435/    1A00 :                     tblList:
(1) 4436/    1A00 : 7E 00               		dw tblPSG-tblList		;  80h
(1) 4437/    1A02 : B4 80               		dw tblPSGN-tblList|8000h	;  90h *
(1) 4438/    1A04 : 10 00               		dw tblFM-tblList		; 0A0h
(1) 4439/    1A06 : 58 80               		dw tblFM3-tblList|8000h		; 0B0h *
(1) 4440/    1A08 : 6A 80               		dw tblFM6-tblList|8000h		; 0C0h *
(1) 4441/    1A0A : C8 00               		dw tblPCM-tblList		; 0D0h
(1) 4442/    1A0C : 5A 01               		dw tblPWM-tblList		; 0E0h
(1) 4443/    1A0E : EC 81               		dw tblPCO-tblList|8000h	; 0F0h	;!@ Single-channel flagged
(1) 4444/    1A10 :                     ; 		dw 0					; 0F0h
(1) 4445/    1A10 :                     ; --------------------------------------------------------
(1) 4446/    1A10 :                     tblFM:	
(1) 4447/    1A10 : 00 00 00 00 00 00   		db 00h,00h,00h,00h,00h,00h,00h,00h,00h,00h	; Channel 1
             1A16 : 00 00 00 00       
(1) 4448/    1A1A : 00 00 00 00 00 00   		db 00h,00h,00h,00h,00h,00h,00h,00h
             1A20 : 00 00             
(1) 4449/    1A22 : 00 00 00 01 00 00   		db 00h,00h,00h,01h,00h,00h,00h,00h,00h,00h	; Channel 2
             1A28 : 00 00 00 00       
(1) 4450/    1A2C : 00 00 00 00 00 00   		db 00h,00h,00h,00h,00h,00h,00h,00h
             1A32 : 00 00             
(1) 4451/    1A34 : 00 00 00 04 00 00   		db 00h,00h,00h,04h,00h,00h,00h,00h,00h,00h	; Channel 4 <--
             1A3A : 00 00 00 00       
(1) 4452/    1A3E : 00 00 00 00 00 00   		db 00h,00h,00h,00h,00h,00h,00h,00h
             1A44 : 00 00             
(1) 4453/    1A46 : 00 00 00 05 00 00   		db 00h,00h,00h,05h,00h,00h,00h,00h,00h,00h	; Channel 5
             1A4C : 00 00 00 00       
(1) 4454/    1A50 : 00 00 00 00 00 00   		db 00h,00h,00h,00h,00h,00h,00h,00h
             1A56 : 00 00             
(1) 4455/    1A58 :                     tblFM3:	
(1) 4456/    1A58 : 00 00 00 02 00 00   		db 00h,00h,00h,02h,00h,00h,00h,00h,00h,00h	; Channel 3 <--
             1A5E : 00 00 00 00       
(1) 4457/    1A62 : 00 00 00 00 00 00   		db 00h,00h,00h,00h,00h,00h,00h,00h
             1A68 : 00 00             
(1) 4458/    1A6A :                     tblFM6:	
(1) 4459/    1A6A : 00 00 00 06 00 00   		db 00h,00h,00h,06h,00h,00h,00h,00h,00h,00h	; Channel 6 <--
             1A70 : 00 00 00 00       
(1) 4460/    1A74 : 00 00 00 00 00 00   		db 00h,00h,00h,00h,00h,00h,00h,00h
             1A7A : 00 00             
(1) 4461/    1A7C : FF FF               		dw -1	; end-of-list
(1) 4462/    1A7E :                     tblPSG:	
(1) 4463/    1A7E : 00 00 00 00 00 00   		db 00h,00h,00h,00h,00h,00h,00h,00h,00h,00h	; Channel 1
             1A84 : 00 00 00 00       
(1) 4464/    1A88 : 00 00 00 00 00 00   		db 00h,00h,00h,00h,00h,00h,00h,00h
             1A8E : 00 00             
(1) 4465/    1A90 : 00 00 00 01 00 00   		db 00h,00h,00h,01h,00h,00h,00h,00h,00h,00h	; Channel 2
             1A96 : 00 00 00 00       
(1) 4466/    1A9A : 00 00 00 00 00 00   		db 00h,00h,00h,00h,00h,00h,00h,00h
             1AA0 : 00 00             
(1) 4467/    1AA2 : 00 00 00 02 00 00   		db 00h,00h,00h,02h,00h,00h,00h,00h,00h,00h	; Channel 3
             1AA8 : 00 00 00 00       
(1) 4468/    1AAC : 00 00 00 00 00 00   		db 00h,00h,00h,00h,00h,00h,00h,00h
             1AB2 : 00 00             
(1) 4469/    1AB4 :                     		;!@ dw -1	; end-of-list. Removed, so that PSG is continousl like with FM. !@ TODO: Might be breaking MarsCD support?
(1) 4470/    1AB4 :                     tblPSGN:
(1) 4471/    1AB4 : 00 00 00 03 00 00   		db 00h,00h,00h,03h,00h,00h,00h,00h,00h,00h	; Noise
             1ABA : 00 00 00 00       
(1) 4472/    1ABE : 00 00 00 00 00 00   		db 00h,00h,00h,00h,00h,00h,00h,00h
             1AC4 : 00 00             
(1) 4473/    1AC6 : FF FF               		dw -1	; end-of-list
(1) 4474/    1AC8 :                     		;!@ Moved tblPCM towards end of table list
(1) 4475/    1AC8 :                     tblPCM:	
(1) 4476/    1AC8 : 00 00 00 00 00 00   		db 00h,00h,00h,00h,00h,00h,00h,00h,00h,00h	; Channel 1
             1ACE : 00 00 00 00       
(1) 4477/    1AD2 : 00 00 00 00 00 00   		db 00h,00h,00h,00h,00h,00h,00h,00h
             1AD8 : 00 00             
(1) 4478/    1ADA : 00 00 00 01 00 00   		db 00h,00h,00h,01h,00h,00h,00h,00h,00h,00h	; Channel 2
             1AE0 : 00 00 00 00       
(1) 4479/    1AE4 : 00 00 00 00 00 00   		db 00h,00h,00h,00h,00h,00h,00h,00h
             1AEA : 00 00             
(1) 4480/    1AEC : 00 00 00 02 00 00   		db 00h,00h,00h,02h,00h,00h,00h,00h,00h,00h	; Channel 3
             1AF2 : 00 00 00 00       
(1) 4481/    1AF6 : 00 00 00 00 00 00   		db 00h,00h,00h,00h,00h,00h,00h,00h
             1AFC : 00 00             
(1) 4482/    1AFE : 00 00 00 03 00 00   		db 00h,00h,00h,03h,00h,00h,00h,00h,00h,00h	; Channel 4
             1B04 : 00 00 00 00       
(1) 4483/    1B08 : 00 00 00 00 00 00   		db 00h,00h,00h,00h,00h,00h,00h,00h
             1B0E : 00 00             
(1) 4484/    1B10 : 00 00 00 04 00 00   		db 00h,00h,00h,04h,00h,00h,00h,00h,00h,00h	; Channel 5
             1B16 : 00 00 00 00       
(1) 4485/    1B1A : 00 00 00 00 00 00   		db 00h,00h,00h,00h,00h,00h,00h,00h
             1B20 : 00 00             
(1) 4486/    1B22 : 00 00 00 05 00 00   		db 00h,00h,00h,05h,00h,00h,00h,00h,00h,00h	; Channel 6
             1B28 : 00 00 00 00       
(1) 4487/    1B2C : 00 00 00 00 00 00   		db 00h,00h,00h,00h,00h,00h,00h,00h
             1B32 : 00 00             
(1) 4488/    1B34 : 00 00 00 06 00 00   		db 00h,00h,00h,06h,00h,00h,00h,00h,00h,00h	; Channel 7
             1B3A : 00 00 00 00       
(1) 4489/    1B3E : 00 00 00 00 00 00   		db 00h,00h,00h,00h,00h,00h,00h,00h
             1B44 : 00 00             
(1) 4490/    1B46 : 00 00 00 07 00 00   		db 00h,00h,00h,07h,00h,00h,00h,00h,00h,00h	; Channel 8
             1B4C : 00 00 00 00       
(1) 4491/    1B50 : 00 00 00 00 00 00   		db 00h,00h,00h,00h,00h,00h,00h,00h
             1B56 : 00 00             
(1) 4492/    1B58 : FF FF               		dw -1	; end-of-list
(1) 4493/    1B5A :                     tblPWM:
(1) 4494/    1B5A : 00 00 00 00 00 00   		db 00h,00h,00h,00h,00h,00h,00h,00h,00h,00h	; Channel 1
             1B60 : 00 00 00 00       
(1) 4495/    1B64 : 00 00 00 00 00 00   		db 00h,00h,00h,00h,00h,00h,00h,00h
             1B6A : 00 00             
(1) 4496/    1B6C : 00 00 00 01 00 00   		db 00h,00h,00h,01h,00h,00h,00h,00h,00h,00h	; Channel 2
             1B72 : 00 00 00 00       
(1) 4497/    1B76 : 00 00 00 00 00 00   		db 00h,00h,00h,00h,00h,00h,00h,00h
             1B7C : 00 00             
(1) 4498/    1B7E : 00 00 00 02 00 00   		db 00h,00h,00h,02h,00h,00h,00h,00h,00h,00h	; Channel 3
             1B84 : 00 00 00 00       
(1) 4499/    1B88 : 00 00 00 00 00 00   		db 00h,00h,00h,00h,00h,00h,00h,00h
             1B8E : 00 00             
(1) 4500/    1B90 : 00 00 00 03 00 00   		db 00h,00h,00h,03h,00h,00h,00h,00h,00h,00h	; Channel 4
             1B96 : 00 00 00 00       
(1) 4501/    1B9A : 00 00 00 00 00 00   		db 00h,00h,00h,00h,00h,00h,00h,00h
             1BA0 : 00 00             
(1) 4502/    1BA2 : 00 00 00 04 00 00   		db 00h,00h,00h,04h,00h,00h,00h,00h,00h,00h	; Channel 5
             1BA8 : 00 00 00 00       
(1) 4503/    1BAC : 00 00 00 00 00 00   		db 00h,00h,00h,00h,00h,00h,00h,00h
             1BB2 : 00 00             
(1) 4504/    1BB4 : 00 00 00 05 00 00   		db 00h,00h,00h,05h,00h,00h,00h,00h,00h,00h	; Channel 6
             1BBA : 00 00 00 00       
(1) 4505/    1BBE : 00 00 00 00 00 00   		db 00h,00h,00h,00h,00h,00h,00h,00h
             1BC4 : 00 00             
(1) 4506/    1BC6 : 00 00 00 06 00 00   		db 00h,00h,00h,06h,00h,00h,00h,00h,00h,00h	; Channel 7
             1BCC : 00 00 00 00       
(1) 4507/    1BD0 : 00 00 00 00 00 00   		db 00h,00h,00h,00h,00h,00h,00h,00h
             1BD6 : 00 00             
(1) 4508/    1BD8 : 00 00 00 07 00 00   		db 00h,00h,00h,07h,00h,00h,00h,00h,00h,00h	; Channel 8
             1BDE : 00 00 00 00       
(1) 4509/    1BE2 : 00 00 00 00 00 00   		db 00h,00h,00h,00h,00h,00h,00h,00h
             1BE8 : 00 00             
(1) 4510/    1BEA : FF FF               		dw -1	; end-of-list
(1) 4511/    1BEC :                     ;!@ New Pico table (single-channel)
(1) 4512/    1BEC :                     tblPCO:
(1) 4513/    1BEC : 00 00 00 00 00 00   		db 00h,00h,00h,00h,00h,00h,00h,00h,00h,00h	; !@ Channel 1
             1BF2 : 00 00 00 00       
(1) 4514/    1BF6 : 00 00 00 00 00 00   		db 00h,00h,00h,00h,00h,00h,00h,00h
             1BFC : 00 00             
(1) 4515/    1BFE : FF FF               		dw -1	; end-of-list
(1) 4516/    1C00 :                     ; ----------------------------------------------------------------
(1) 4517/    1C00 : 00 00               wave_Start	dw 0		; START: 68k 24-bit pointer
(1) 4518/    1C02 : 00                  		db 0
(1) 4519/    1C03 : 00 00               wave_Len	dw 0		; LENGTH 24-bit
(1) 4520/    1C05 : 00                  		db 0
(1) 4521/    1C06 : 00 00               wave_Loop	dw 0		; LOOP POINT 24-bit
(1) 4522/    1C08 : 00                  		db 0
(1) 4523/    1C09 : 00 01               wave_Pitch	dw 0100h	; 01.00h
(1) 4524/    1C0B : 00                  wave_Flags	db 0		; WAVE playback flags (%10x: 1 loop / 0 no loop)
(1) 4525/    1C0C :                     
(1) 4526/    1C0C : 00                  tickSpSet	db 0		; **
(1) 4527/    1C0D : 00                  tickFlag	db 0		; Tick flag from VBlank
(1) 4528/    1C0E : 00                  tickCnt		db 0		; ** Tick counter (PUT THIS AFTER tickFlag)
(1) 4529/    1C0F : 00                  currTickBits	db 0		; Current Tick/Subbeat flags (000000BTb B-beat, T-tick)
(1) 4530/    1C10 :                     
(1) 4531/    1C10 :                     ; ====================================================================
(1) 4532/    1C10 :                     ; ----------------------------------------------------------------
(1) 4533/    1C10 :                     ; Special aligned buffers
(1) 4534/    1C10 :                     ;
(1) 4535/    1C10 :                     ; Located at 1D00h
(1) 4536/    1C10 :                     ; ----------------------------------------------------------------
(1) 4537/    1C10 :                     
(1) 4538/    1D00 :                     		org 1D00h
(1) 4539/    1D00 :                     dWaveBuff	ds 100h				; WAVE data buffer: 100h bytes
(1) 4540/    1E00 :                     trkChnls	ds 8*MAX_TRKCHN
(1) 4541/    1F00 :                     trkCach_0	ds MAX_RCACH
(1) 4542/    1F20 :                     trkCach_1	ds MAX_RCACH
(1) 4543/    1F40 :                     trkCach_2	ds MAX_RCACH
(1) 4544/    1F60 :                     
(1) 4545/    1F60 :                     ; ====================================================================
(1) 4546/    1F60 :                     ; ----------------------------------------------------------------
(1) 4547/    1F60 :                     ; Control area
(1) 4548/    1F60 :                     ; * MANUAL ORDER, check gema.asm *
(1) 4549/    1F60 :                     ; ----------------------------------------------------------------
(1) 4550/    1F60 :                     
(1) 4551/    1F60 :                     		org 1F60h
(1) 4552/    1F60 :                     commZfifo	ds MAX_ZCMND			; Buffer for commands from 68k side
(1) 4553/    1F80 : 00                  commZWrite	db 0				; cmd fifo wptr (from 68k)
(1) 4554/    1F81 : 00                  commZRomBlk	db 0				; 68k ROM block flag
(1) 4555/    1F82 : 00 00               cdRamDst	db 0,0				; ** Z80 destination
(1) 4556/    1F84 : 00 00               cdRamSrc	db 0,0				; ** 68k 24-bit source
(1) 4557/    1F86 : 00                  cdRamSrcB	db 0				; **
(1) 4558/    1F87 : 00                  cdRamLen	db 0				; Size + status flag
(1) 4559/    1F88 : 00                  palMode		db 0				; PAL mode flag
(1) 4560/    1F89 : 00                  mcdBlock	db 0				; Flag to BLOCK PCM transfers.
(1) 4561/    1F8A : 00                  marsBlock	db 0				; Flag to BLOCK PWM transfers.
(1) 4562/    1F8B :                     
(1) 4563/    1F8B :                     ; --------------------------------------------------------
(1) 4564/    4019 :                     		dephase
(1) 4565/    4019 :                     		cpu 68000		; [AS] Return to 68k
(1) 4566/    4019 :                     		padding off		; [AS] NO padding
(1) 4567/    4019 :                     		align 2
(1) 4568/    401A :                     
     302/    401A :                     Z80_CODE_END:
     309/    401A :                     Z80_CODE_EOF:
     310/    401A :                     
     311/    401A :                     ; ====================================================================
     312/    401A :                     ; --------------------------------------------------------
     313/    401A :                     ; SEGA CD SUB-CPU data
     314/    401A :                     ; --------------------------------------------------------
     315/    401A :                     
     330/    401A :                     
     331/    401A :                     ; ====================================================================
     332/    401A :                     ; ----------------------------------------------------------------
     333/    401A :                     ; SH2 code sent to SDRAM area
     334/    401A :                     ; ----------------------------------------------------------------
     335/    401A :                     
     341/    401A :                     MARS_RAMCODE:
     347/    401A :                     		align 4
     349/    401C :                     MARS_RAMCODE_E:
     354/    401C :                     
     355/    401C :                     ; ====================================================================
     356/    401C :                     ; --------------------------------------------------------
     357/    401C :                     ; CODE
     358/    401C :                     ; --------------------------------------------------------
     359/    401C :                     
     360/    401C :                     		include "game/incl_code.asm"
(1)    1/    401C :                     ; ====================================================================
(1)    2/    401C :                     ; ----------------------------------------------------------------
(1)    3/    401C :                     ; CODE Section
(1)    4/    401C :                     ; ----------------------------------------------------------------
(1)    5/    401C :                     
(1)    6/    401C :                     ; ------------------------------------------------------------
(1)    7/    401C :                     ; Usage:
(1)    8/    401C :                     ; 	code_bank START_LABEL,END_LABEL,CODE_PATH
(1)    9/    401C :                     ;
(1)   10/    401C :                     ; Go to incl_list.asm add an entry in .screen_list:
(1)   11/    401C :                     ; 	dc.l START_LABEL		; Label
(1)   12/    401C :                     ; 	dc.b "SCR_EXMP.BIN"		; ISO filename
(1)   13/    401C :                     ; * IN ORDER by ID *
(1)   14/    401C :                     ;
(1)   15/    401C :                     ; CD/CD32X:
(1)   16/    401C :                     ; Labels and ISO filename at iso_files.asm
(1)   17/    401C :                     ; ------------------------------------------------------------
(1)   18/    401C :                     
(1)   19/    401C : (MACRO)              	code_bank Md_Screen00,Md_Screen00_e,"game/code/main.asm"
(1)   19/    401C : =$401C               MD_SCREEN00 label *                        ; Register start label
(1)   19/    401C :                     mctopscrn:
(1)   19/    401C :                     mcscrn_s:
(1)   19/    401C :                             include "game/code/main.asm";"game/screenX/code.asm"
(2)    1/    401C :                     ; ===========================================================================
(2)    2/    401C :                     ; ----------------------------------------------------------------
(2)    3/    401C :                     ; SCREEN CODE
(2)    4/    401C :                     ; ----------------------------------------------------------------
(2)    5/    401C :                     
(2)    6/    401C :                     ; ====================================================================
(2)    7/    401C :                     ; ------------------------------------------------------
(2)    8/    401C :                     ; Variables
(2)    9/    401C :                     ; ------------------------------------------------------
(2)   10/    401C :                     
(2)   11/    401C : =$4                  MAX_SC0_OPTIONS		equ 4
(2)   12/    401C :                     
(2)   13/    401C :                     ; ====================================================================
(2)   14/    401C :                     ; ------------------------------------------------------
(2)   15/    401C :                     ; Structs
(2)   16/    401C :                     ; ------------------------------------------------------
(2)   17/    401C :                     
(2)   18/    401C :                     ; 			memory 2
(2)   19/    401C :                     ; 			ds.b 2
(2)   20/    401C :                     ; thisVram_BG		ds.b $419
(2)   21/    401C :                     ; thisVram_BG_e		ds.b 0
(2)   22/    401C :                     ; 			endmemory
(2)   23/    401C :                     
(2)   24/    401C :                     ; ====================================================================
(2)   25/    401C :                     ; ------------------------------------------------------
(2)   26/    401C :                     ; This screen's RAM
(2)   27/    401C :                     ; ------------------------------------------------------
(2)   28/    401C :                     
(2)   29/    401C :  (MACRO-2)           			memory RAM_ScrnBuff
(2)   29/    401C : =$401C               GLBL_LASTPC     := *
(2)   29/    401C :                                     dephase
(2)   29/FFFFFFFFFFFFB000 :                                     phase RAM_SCRNBUFF
(2)   29/FFFFFFFFFFFFB000 : =$FFFFFFFFFFFFB000   GLBL_LASTORG    := *
(2)   30/FFFFFFFFFFFFB000 :                     RAM_SC0_CurrOption	ds.w 1
(2)   31/FFFFFFFFFFFFB002 :                     RAM_SC0_OldOption	ds.w 1
(2)   32/FFFFFFFFFFFFB004 :                     .sizeof_this		ds.l 0
(2)   33/FFFFFFFFFFFFB008 :  (MACRO-2)           			endmemory
(2)   33/    4024 :                     .here:          dephase
(2)   33/    4024 :                                     ds.b -(.here-GLBL_LASTORG)
(2)   33/    401C :                                     phase GLBL_LASTPC
(2)   34/    401C :  (MACRO-2)           			erreport "This screen",.sizeof_this-RAM_ScrnBuff,MAX_ScrnBuff
(2)   35/    401C :                     
(2)   36/    401C :                     ; ====================================================================
(2)   37/    401C :                     ; ------------------------------------------------------
(2)   38/    401C :                     ; Init
(2)   39/    401C :                     ; ------------------------------------------------------
(2)   40/    401C :                     
(2)   41/    401C : 6100 C93C           		bsr	Video_DisplayOff			; Disable VDP Display
(2)   42/    4020 : 6100 DA18           		bsr	System_Default				; Default system settings
(2)   43/    4024 :                     	; ----------------------------------------------
(2)   44/    4024 :                     	; Init/Load save
(2)   45/    4024 :                     ; 		addq.l	#1,(RAM_Save_Counter).w
(2)   46/    4024 :                     ; 		bsr	System_SramSave				; Save to SRAM/BRAM
(2)   47/    4024 :                     	; ----------------------------------------------
(2)   48/    4024 :                     	; Init Print
(2)   49/    4024 : 203C 0000 4EDA      		move.l	#DATA_BANK0,d0				; Load MAIN DATA bank
(2)   50/    402A : 6100 DD08           		bsr	System_SetDataBank
(2)   51/    402E : 203C 0003 700A      		move.l	#ASCII_FONT,d0
(2)   52/    4034 : 323C 05A0           		move.w	#DEF_PrintVram,d1
(2)   53/    4038 : 6100 D172           		bsr	Video_PrintInit
(2)   54/    403C : 203C 0003 7C0A      		move.l	#ASCII_FONT_W,d0
(2)   55/    4042 : 323C 04E0           		move.w	#DEF_PrintVramW,d1
(2)   56/    4046 : 6100 D15E           		bsr	Video_PrintInitW
(2)   57/    404A : 6100 D16A           		bsr	Video_PrintDefPal_Fade
(2)   58/    404E :                     	; ----------------------------------------------
(2)   59/    404E :                     ; 		move.l	#ART_TESTBG,d0
(2)   60/    404E :                     ; 		move.w	#cell_num(thisVram_BG),d1
(2)   61/    404E :                     ; 		move.w	#cell_num(thisVram_BG_e-thisVram_BG),d2
(2)   62/    404E :                     ; 		bsr	Video_LoadArt
(2)   63/    404E :                     ; 		lea	(MAP_TESTBG),a0
(2)   64/    404E :                     ; 		move.l	#splitw(0,0),d0
(2)   65/    404E :                     ; 		move.l	#splitw(320/8,224/8),d1
(2)   66/    404E :                     ; 		move.l	#splitw(DEF_HSIZE_64,DEF_VRAM_BG),d2
(2)   67/    404E :                     ; 		move.w	#thisVram_BG|$4000,d3
(2)   68/    404E :                     ; 		bsr	Video_LoadMap
(2)   69/    404E :                     ; 		lea	(PAL_TESTBG),a0
(2)   70/    404E :                     ; 		moveq	#32,d0
(2)   71/    404E :                     ; 		moveq	#16,d1
(2)   72/    404E :                     ; 		bsr	Video_FadePal
(2)   89/    404E :                     	; ----------------------------------------------
(2)   90/    404E : 41FA 0158           		lea	str_MenuText(pc),a0
(2)   91/    4052 : 7001                		moveq	#1,d0					; X/Y position: 1,1
(2)   92/    4054 : 7201                		moveq	#1,d1
(2)   93/    4056 : 343C 64E0           		move.w	#DEF_PrintVramW|DEF_PrintPal,d2		; FG VRAM location
(2)   94/    405A : 263C 0080 C000      		move.l	#splitw(DEF_HSIZE_64,DEF_VRAM_FG),d3	; FG width
(2)   95/    4060 : 6100 D1FC           		bsr	Video_PrintW
(2)   96/    4064 :                     ; 		lea	(RAM_Save_Counter).w,a0
(2)   97/    4064 :                     ; 		move.l	#3,a1
(2)   98/    4064 :                     ; 		moveq	#1,d0
(2)   99/    4064 :                     ; 		moveq	#3,d1
(2)  100/    4064 :                     ; 		move.w	#DEF_PrintVramW|DEF_PrintPal,d2
(2)  101/    4064 :                     ; 		move.l	#splitw(DEF_HSIZE_64,DEF_VRAM_FG),d3
(2)  102/    4064 :                     ; 		bsr	Video_PrintValW
(2)  103/    4064 : 6128                		bsr	.loop_print				; Draw counter
(2)  104/    4066 :                     ; 		moveq	#0,d0
(2)  105/    4066 :                     ; 		moveq	#0,d1
(2)  106/    4066 :                     ; 		bsr	gemaPlaySeqAuto
(2)  107/    4066 :                     	; ----------------------------------------------
(2)  108/    4066 : 6100 C8E6           		bsr	Video_DisplayOn				; Enable VDP Display
(2)  109/    406A : 6100 D060           		bsr	Video_FadeIn_Full			; Full fade-in w/Delay
(2)  110/    406E :                     
(2)  111/    406E :                     ; ====================================================================
(2)  112/    406E :                     ; ------------------------------------------------------
(2)  113/    406E :                     ; Loop
(2)  114/    406E :                     ; ------------------------------------------------------
(2)  115/    406E :                     
(2)  116/    406E :                     .loop:
(2)  117/    406E : 6100 D6D2           		bsr	System_Render
(2)  118/    4072 : 611A                		bsr	.loop_print
(2)  119/    4074 :                     
(2)  125/    4074 :                     
(2)  126/    4074 :                     	; CD only
(2)  127/    4074 :                     	; check ABC+Start "home" combo
(2)  132/    4074 :                     
(2)  133/    4074 :                     		;!@
(2)  134/    4074 :                     		;lea	(Controller_1).w,a6
(2)  135/    4074 :                     		;move.w	pad_press(a6),d7
(2)  136/    4074 :                     		;Check if ANY controllers have had Start button pressed
(2)  137/    4074 : 6134                		bsr		.joyHandler
(2)  138/    4076 : 3E39 FFFF D00A      		move.w	(RAM_Glbl_joy_press).l,d7
(2)  139/    407C : 0807 0007           		btst	#bitJoyStart,d7
(2)  140/    4080 : 67EC                		beq.s	.loop
(2)  141/    4082 :                     		
(2)  142/    4082 : 6100 D05A           		bsr	Video_FadeOut_Full
(2)  143/    4086 : 31FC 0007 F18A      		move.w	#7,(RAM_ScreenMode).w			; Go to Screen $07: GEMA tester
(2)  144/    408C : 4E75                		rts
(2)  145/    408E :                     		
(2)  146/    408E :                     ; ------------------------------------------------------
(2)  147/    408E :                     ; Show framecounter and input
(2)  148/    408E :                     ; ------------------------------------------------------
(2)  149/    408E :                     
(2)  150/    408E :                     .loop_print:
(2)  151/    408E : 41F8 F0DC           		lea	(RAM_Framecount).w,a0			; Memory location to print
(2)  152/    4092 : 227C 0000 0003      		move.l	#3,a1					; Display type 3
(2)  153/    4098 : 701F                		moveq	#31,d0
(2)  154/    409A : 7201                		moveq	#1,d1
(2)  155/    409C : 343C 64E0           		move.w	#DEF_PrintVramW|DEF_PrintPal,d2		; VRAM ascii location w/attr
(2)  156/    40A0 : 263C 0080 C000      		move.l	#splitw(DEF_HSIZE_64,DEF_VRAM_FG),d3	; VRAM output location and width size
(2)  157/    40A6 : 6000 D300           		bra	Video_PrintValW
(2)  158/    40AA :                     		
(2)  159/    40AA :                     ; ------------------------------------------------------
(2)  160/    40AA :                     ; !@ Joypad handler
(2)  161/    40AA :                     ; Uses: a6,d7
(2)  162/    40AA :                     ; ------------------------------------------------------		
(2)  163/    40AA :                     .joyHandler:
(2)  164/    40AA :                     	;Handle hold states
(2)  165/    40AA : 4DF8 F0F8           	lea	(Controller_1).w,a6					;Put controller1_hold into RAM_Glbl_joy_hold (will be pico_pen in pico mode)
(2)  166/    40AE : 3E2E 0002           	move.w	pad_hold(a6),d7
(2)  167/    40B2 : 33C7 FFFF D008      	move.w	d7,(RAM_Glbl_joy_hold).l
(2)  168/    40B8 : 4DF8 F10E           	lea	(Controller_2).w,a6					;Put controller2_hold into RAM_Glbl_joy2_hold (will be pico_ext in pico mode, P2 in Genesis mode)
(2)  169/    40BC : 3E2E 0002           	move.w	pad_hold(a6),d7
(2)  170/    40C0 : 33C7 FFFF D00E      	move.w	d7,(RAM_Glbl_joy2_hold).l
(2)  171/    40C6 : 4DF8 F124           	lea	(Controller_3).w,a6					;Put controller3_hold into d7
(2)  172/    40CA : 3E2E 0002           	move.w	pad_hold(a6),d7
(2)  173/    40CE : 8F79 FFFF D00E      	or.w	d7,(RAM_Glbl_joy2_hold).l		;OR (RAM_Glbl_joy2_hold,d7)
(2)  174/    40D4 : 4DF8 F13A           	lea	(Controller_4).w,a6					;Ditto OR for controller4_hold
(2)  175/    40D8 : 3E2E 0002           	move.w	pad_hold(a6),d7
(2)  176/    40DC : 8F79 FFFF D00E      	or.w	d7,(RAM_Glbl_joy2_hold).l	
(2)  177/    40E2 : 4DF8 F150           	lea	(Controller_5).w,a6					;Ditto OR for controller5_hold
(2)  178/    40E6 : 3E2E 0002           	move.w	pad_hold(a6),d7
(2)  179/    40EA : 8F79 FFFF D00E      	or.w	d7,(RAM_Glbl_joy2_hold).l
(2)  180/    40F0 :                     		
(2)  181/    40F0 :                     	;Repeat everything above, but for controller_press
(2)  182/    40F0 : 4DF8 F0F8           	lea	(Controller_1).w,a6
(2)  183/    40F4 : 3E2E 0004           	move.w	pad_press(a6),d7
(2)  184/    40F8 : 33C7 FFFF D00A      	move.w	d7,(RAM_Glbl_joy_press).l
(2)  185/    40FE : 4DF8 F10E           	lea	(Controller_2).w,a6
(2)  186/    4102 : 3E2E 0004           	move.w	pad_press(a6),d7
(2)  187/    4106 : 33C7 FFFF D010      	move.w	d7,(RAM_Glbl_joy2_press).l
(2)  188/    410C : 4DF8 F124           	lea	(Controller_3).w,a6
(2)  189/    4110 : 3E2E 0004           	move.w	pad_press(a6),d7
(2)  190/    4114 : 8F79 FFFF D010      	or.w	d7,(RAM_Glbl_joy2_press).l	
(2)  191/    411A : 4DF8 F13A           	lea	(Controller_4).w,a6
(2)  192/    411E : 3E2E 0004           	move.w	pad_press(a6),d7
(2)  193/    4122 : 8F79 FFFF D010      	or.w	d7,(RAM_Glbl_joy2_press).l	
(2)  194/    4128 : 4DF8 F150           	lea	(Controller_5).w,a6
(2)  195/    412C : 3E2E 0004           	move.w	pad_press(a6),d7
(2)  196/    4130 : 8F79 FFFF D010      	or.w	d7,(RAM_Glbl_joy2_press).l
(2)  197/    4136 :                     	
(2)  198/    4136 :                     	;Repeat everything above, but for controller_release
(2)  199/    4136 : 4DF8 F0F8           	lea	(Controller_1).w,a6
(2)  200/    413A : 3E2E 0006           	move.w	pad_release(a6),d7
(2)  201/    413E : 33C7 FFFF D00C      	move.w	d7,(RAM_Glbl_joy_release).l
(2)  202/    4144 : 4DF8 F10E           	lea	(Controller_2).w,a6
(2)  203/    4148 : 3E2E 0006           	move.w	pad_release(a6),d7
(2)  204/    414C : 33C7 FFFF D012      	move.w	d7,(RAM_Glbl_joy2_release).l
(2)  205/    4152 : 4DF8 F124           	lea	(Controller_3).w,a6
(2)  206/    4156 : 3E2E 0006           	move.w	pad_release(a6),d7
(2)  207/    415A : 8F79 FFFF D012      	or.w	d7,(RAM_Glbl_joy2_release).l	
(2)  208/    4160 : 4DF8 F13A           	lea	(Controller_4).w,a6
(2)  209/    4164 : 3E2E 0006           	move.w	pad_release(a6),d7
(2)  210/    4168 : 8F79 FFFF D012      	or.w	d7,(RAM_Glbl_joy2_release).l	
(2)  211/    416E : 4DF8 F150           	lea	(Controller_5).w,a6
(2)  212/    4172 : 3E2E 0006           	move.w	pad_release(a6),d7
(2)  213/    4176 : 8F79 FFFF D012      	or.w	d7,(RAM_Glbl_joy2_release).l
(2)  214/    417C :                     	
(2)  215/    417C :                     	;Concatenate everything for final hold,press,release logical bitfields
(2)  216/    417C : 4DF9 FFFF D008      	lea		(RAM_Glbl_joy_hold).l,a6	;Load final joy_hold into a6
(2)  217/    4182 : 3E39 FFFF D00E      	move.w	(RAM_Glbl_joy2_hold).l,d7	;Move joy2_hold value into d7
(2)  218/    4188 : 8F56                	or.w	d7,(a6)						;OR d7,valueAt(a6)
(2)  219/    418A :                     	;Repeat for joy_press
(2)  220/    418A : 4DF9 FFFF D00A      	lea		(RAM_Glbl_joy_press).l,a6
(2)  221/    4190 : 3E39 FFFF D010      	move.w	(RAM_Glbl_joy2_press).l,d7
(2)  222/    4196 : 8F56                	or.w	d7,(a6)	
(2)  223/    4198 :                     	;Repeat for joy_release
(2)  224/    4198 : 4DF9 FFFF D00C      	lea		(RAM_Glbl_joy_release).l,a6
(2)  225/    419E : 3E39 FFFF D012      	move.w	(RAM_Glbl_joy2_release).l,d7
(2)  226/    41A4 : 8F56                	or.w	d7,(a6)
(2)  227/    41A6 :                     	
(2)  228/    41A6 :                     	;If Genesis mode, overwrite joy2_hold,_press,_release with just final bitfield. We dont care
(2)  242/    41A6 : 4E75                	rts
(2)  243/    41A8 :                     
(2)  244/    41A8 :                     ; ; ------------------------------------------------------
(2)  245/    41A8 :                     
(2)  246/    41A8 :                     ; ------------------------------------------------------
(2)  247/    41A8 :                     ; SCD ONLY
(2)  248/    41A8 :                     ; ------------------------------------------------------
(2)  249/    41A8 :                     
(2)  255/    41A8 :                     
(2)  256/    41A8 :                     ; ====================================================================
(2)  257/    41A8 :                     ; ------------------------------------------------------
(2)  258/    41A8 :                     ; Objects
(2)  259/    41A8 :                     ; ------------------------------------------------------
(2)  260/    41A8 :                     
(2)  261/    41A8 :                     ; ====================================================================
(2)  262/    41A8 :                     ; ------------------------------------------------------
(2)  263/    41A8 :                     ; Custom VBlank
(2)  264/    41A8 :                     ; ------------------------------------------------------
(2)  265/    41A8 :                     
(2)  266/    41A8 :                     ; ------------------------------------------------------
(2)  267/    41A8 :                     ; Custom HBlank
(2)  268/    41A8 :                     ; ------------------------------------------------------
(2)  269/    41A8 :                     
(2)  270/    41A8 :                     ; ====================================================================
(2)  271/    41A8 :                     ; ------------------------------------------------------
(2)  272/    41A8 :                     ; Includes for this screen
(2)  273/    41A8 :                     ; ------------------------------------------------------
(2)  274/    41A8 :                     
(2)  275/    41A8 :                     ; ====================================================================
(2)  276/    41A8 :                     ; ------------------------------------------------------
(2)  277/    41A8 :                     ; Small data section
(2)  278/    41A8 :                     ; ------------------------------------------------------
(2)  279/    41A8 :                     
(2)  280/    41A8 :                     str_MenuText:
(2)  281/    41A8 : 4E69 6B6F 6E61      		dc.b "Nikona screen template",$0A
             41AE : 2073 6372 6565 
             41B4 : 6E20 7465 6D70 
             41BA : 6C61 7465 0A       
(2)  282/    41BF : 00                  		dc.b 0
(2)  283/    41C0 :                     		align 2
(2)  284/    41C0 :                     
(2)  285/    41C0 :                     ; ====================================================================
(2)  286/    41C0 :                     
(1)   19/    41C0 :                     mcscrn_e:
(1)   19/    41C0 : =$41C0               MD_SCREEN00_E label *
(1)   19/    41C0 :  (MACRO-2)                   erreport "SCREEN CODE: MD_SCREEN00",mcscrn_e-mcscrn_s,MAX_UserCode
(1)   20/    41C0 : (MACRO)              	code_bank Md_Screen07,Md_Screen07_e,"game/code/sound_test.asm"
(1)   20/    41C0 : =$41C0               MD_SCREEN07 label *                        ; Register start label
(1)   20/    41C0 :                     mctopscrn:
(1)   20/    41C0 :                     mcscrn_s:
(1)   20/    41C0 :                             include "game/code/sound_test.asm";"game/screenX/code.asm"
(2)    1/    41C0 :                     ; ===========================================================================
(2)    2/    41C0 :                     ; ===========================================================================
(2)    3/    41C0 :                     ; ----------------------------------------------------------------
(2)    4/    41C0 :                     ; GEMA SOUND TESTER
(2)    5/    41C0 :                     ; ----------------------------------------------------------------
(2)    6/    41C0 :                     
(2)    7/    41C0 :                     ; ====================================================================
(2)    8/    41C0 :                     ; ------------------------------------------------------
(2)    9/    41C0 :                     ; Settings
(2)   10/    41C0 :                     ; ------------------------------------------------------
(2)   11/    41C0 :                     
(2)   12/    41C0 : =$1                  VIEW_GEMAINFO		equ True	; ** Using this causes loss of DAC quality **
(2)   13/    41C0 : =$1                  VIEW_FAIRY		equ True		; Show status Dodo/Mifi/Fifi/Pifi
(2)   14/    41C0 :                     
(2)   15/    41C0 :                     ; ====================================================================
(2)   16/    41C0 :                     ; ------------------------------------------------------
(2)   17/    41C0 :                     ; Variables
(2)   18/    41C0 :                     ; ------------------------------------------------------
(2)   19/    41C0 :                     
(2)   20/    41C0 : =$7                  MAX_SNDPICK		equ 7
(2)   21/    41C0 : =$10                 SET_SNDVIEWY		equ 16
(2)   22/    41C0 :                     
(2)   23/    41C0 :                     ; ====================================================================
(2)   24/    41C0 :                     ; ------------------------------------------------------
(2)   25/    41C0 :                     ; Structs
(2)   26/    41C0 :                     ; ------------------------------------------------------
(2)   27/    41C0 :                     
(2)   28/    41C0 :  (MACRO-2)           			memory 2
(2)   28/    41C0 : =$41C0               GLBL_LASTPC     := *
(2)   28/    41C0 :                                     dephase
(2)   28/       2 :                                     phase 2
(2)   28/       2 : =$2                  GLBL_LASTORG    := *
(2)   29/       2 :                     setVram_Dodo		ds.b $30
(2)   30/      32 :                     setVram_Mimi		ds.b $30
(2)   31/      62 :                     setVram_Fifi		ds.b $30
(2)   32/      92 :                     setVram_Pifi		ds.b $30	;!@ New
(2)   33/      C2 :  (MACRO-2)           			endmemory
(2)   33/    4280 :                     .here:          dephase
(2)   33/    4280 :                                     ds.b -(.here-GLBL_LASTORG)
(2)   33/    41C0 :                                     phase GLBL_LASTPC
(2)   34/    41C0 :                     
(2)   35/    41C0 :                     ; ====================================================================
(2)   36/    41C0 :                     ; ------------------------------------------------------
(2)   37/    41C0 :                     ; This mode's RAM
(2)   38/    41C0 :                     ; ------------------------------------------------------
(2)   39/    41C0 :                     
(2)   40/    41C0 :  (MACRO-2)           			memory RAM_ScrnBuff
(2)   40/    41C0 : =$41C0               GLBL_LASTPC     := *
(2)   40/    41C0 :                                     dephase
(2)   40/FFFFFFFFFFFFB000 :                                     phase RAM_SCRNBUFF
(2)   40/FFFFFFFFFFFFB000 : =$FFFFFFFFFFFFB000   GLBL_LASTORG    := *
(2)   41/FFFFFFFFFFFFB000 :                     RAM_ThisObjList		ds.b obj_len*64
(2)   42/FFFFFFFFFFFFCA00 :                     RAM_GemaCache_PSG	ds.l 3
(2)   43/FFFFFFFFFFFFCA0C :                     RAM_GemaCache_PSGN	ds.l 1
(2)   44/FFFFFFFFFFFFCA10 :                     RAM_GemaCache_FM	ds.l 4
(2)   45/FFFFFFFFFFFFCA20 :                     RAM_GemaCache_FM3	ds.l 1
(2)   46/FFFFFFFFFFFFCA24 :                     RAM_GemaCache_FM6	ds.l 1
(2)   47/FFFFFFFFFFFFCA28 :                     RAM_GemaCache_PCM	ds.l 8
(2)   48/FFFFFFFFFFFFCA48 :                     RAM_GemaCache_PWM	ds.l 8
(2)   49/FFFFFFFFFFFFCA68 :                     RAM_GemaCache_PCO	ds.l 1	;!@ Pico ADPCM
(2)   50/FFFFFFFFFFFFCA6C :                     RAM_CurrPick		ds.w 1
(2)   51/FFFFFFFFFFFFCA6E :                     RAM_LastPick		ds.w 1
(2)   52/FFFFFFFFFFFFCA70 :                     RAM_GemaSeq		ds.w 1		; ''
(2)   53/FFFFFFFFFFFFCA72 :                     RAM_GemaBlk		ds.w 1		; ''
(2)   54/FFFFFFFFFFFFCA74 :                     RAM_GemaIndx		ds.w 1		; DONT MOVE
(2)   55/FFFFFFFFFFFFCA76 :                     RAM_GemaStatus		ds.w 4
(2)   56/FFFFFFFFFFFFCA7E :                     RAM_FairyVars		ds.w 1
(2)   57/FFFFFFFFFFFFCA80 :                     RAM_CurrBeats		ds.w 1
(2)   58/FFFFFFFFFFFFCA82 :                     RAM_Copy_fmSpecial	ds.w 1
(2)   59/FFFFFFFFFFFFCA84 :                     RAM_Copy_HasDac		ds.w 1
(2)   60/FFFFFFFFFFFFCA86 :                     RAM_ScratchW		ds.w 1	;!@ Scratch word
(2)   61/FFFFFFFFFFFFCA88 :                     RAM_ScratchB		ds.b 1	;!@ Scratch byte
(2)   62/FFFFFFFFFFFFCA89 :                     sizeof_thisbuff		ds.l 0
(2)   63/FFFFFFFFFFFFCA8C :  (MACRO-2)           			endmemory
(2)   63/    5C4C :                     .here:          dephase
(2)   63/    5C4C :                                     ds.b -(.here-GLBL_LASTORG)
(2)   63/    41C0 :                                     phase GLBL_LASTPC
(2)   64/    41C0 :                     
(2)   65/    41C0 :  (MACRO-2)           	erreport "THIS SCREEN",sizeof_thisbuff-RAM_ScrnBuff,MAX_ScrnBuff
(2)   66/    41C0 :                     
(2)   67/    41C0 :                     ; ====================================================================
(2)   68/    41C0 :                     ; ------------------------------------------------------
(2)   69/    41C0 :                     ; Init
(2)   70/    41C0 :                     ; ------------------------------------------------------				
(2)   71/    41C0 : 6100 C798           		bsr	Video_DisplayOff
(2)   72/    41C4 : 6100 D874           		bsr	System_Default
(2)   73/    41C8 :                     	; ----------------------------------------------
(2)   74/    41C8 :                     	; Load assets
(2)   75/    41C8 : 203C 0000 4EDA      		move.l	#DATA_BANK0,d0
(2)   76/    41CE : 6100 DB64           		bsr	System_SetDataBank
(2)   77/    41D2 :                     	; ----------------------------------------------
(2)   78/    41D2 : 203C 0003 700A      		move.l	#ASCII_FONT,d0			; Load and setup PRINT system
(2)   79/    41D8 : 323C 65A0           		move.w	#DEF_PrintVram|$6000,d1
(2)   80/    41DC : 6100 CFCE           		bsr	Video_PrintInit
(2)   81/    41E0 : 203C 0003 7C0A      		move.l	#ASCII_FONT_W,d0
(2)   82/    41E6 : 323C 64E0           		move.w	#DEF_PrintVramW|$6000,d1
(2)   83/    41EA : 6100 CFBA           		bsr	Video_PrintInitW
(2)   84/    41EE : 41F8 EF10           		lea	(RAM_PaletteFade+$40).w,a0
(2)   85/    41F2 : 30BC 0000           		move.w	#$0000,(a0)
(2)   86/    41F6 : 317C 00E0 0002      		move.w	#$00E0,2(a0)
(2)   87/    41FC : 317C 00A0 0004      		move.w	#$00A0,4(a0)
(2)   88/    4202 : 317C 0080 0004      		move.w	#$0080,4(a0)
(2)   89/    4208 : D0FC 0020           		adda	#$20,a0
(2)   90/    420C : 30BC 0000           		move.w	#$0000,(a0)
(2)   91/    4210 : 317C 0EEE 0002      		move.w	#$0EEE,2(a0)
(2)   92/    4216 : 317C 0AAA 0004      		move.w	#$0AAA,4(a0)
(2)   93/    421C : 317C 0888 0004      		move.w	#$0888,4(a0)
(2)   94/    4222 : 41F9 0003 A58C      		lea	(objPal_Dodo+2),a0
(2)   95/    4228 : 7001                		moveq	#1,d0
(2)   96/    422A : 323C 000F           		move.w	#15,d1
(2)   97/    422E : 6100 CF00           		bsr	Video_FadePal
(2)   98/    4232 : 41FA 07D4           		lea	ArtList_Stuff(pc),a0
(2)   99/    4236 : 6100 C9C6           		bsr	Video_LoadArt_List
(2)  100/    423A :                     	; ----------------------------------------------
(2)  101/    423A : 41FA 07EE           		lea	str_TesterTitle(pc),a0
(2)  102/    423E : 700C                		moveq	#12,d0
(2)  103/    4240 : 7202                		moveq	#2,d1
(2)  104/    4242 : 343C 64E0           		move.w	#DEF_PrintVramW|DEF_PrintPal,d2
(2)  105/    4246 : 263C 0080 C000      		move.l	#splitw(DEF_HSIZE_64,DEF_VRAM_FG),d3
(2)  106/    424C : 6100 D010           		bsr	Video_PrintW
(2)  107/    4250 :                     		
(2)  108/    4250 :                     	;!@ Subtitle
(2)  110/    4250 : 41FA 07E8           		lea	str_TesterTitle2(pc),a0
(2)  111/    4254 : 700A                		moveq	#10,d0
(2)  112/    4256 : 7204                		moveq	#4,d1
(2)  113/    4258 : 343C 44E0           		move.w	#DEF_PrintVramW|$4000,d2
(2)  114/    425C : 263C 0080 C000      		move.l	#splitw(DEF_HSIZE_64,DEF_VRAM_FG),d3
(2)  115/    4262 : 6100 CFFA           		bsr	Video_PrintW
(2)  117/    4266 :                     		
(2)  118/    4266 : 41FA 07E6           		lea	str_TesterInfo(pc),a0
(2)  120/    426A : 7006                		moveq	#6,d0
(2)  124/    426C : 7207                		moveq	#7,d1
(2)  125/    426E : 343C 45A0           		move.w	#DEF_PrintVram|$4000,d2
(2)  126/    4272 : 6100 CF60           		bsr	Video_Print
(2)  127/    4276 :                     		
(2)  128/    4276 : 41FA 086E           		lea	str_Instruc(pc),a0
(2)  129/    427A : 7002                		moveq	#2,d0
(2)  130/    427C :                     		;!@ moveq	#21,d1
(2)  131/    427C : 7216                		moveq	#22,d1
(2)  132/    427E : 343C 45A0           		move.w	#DEF_PrintVram|$4000,d2
(2)  133/    4282 : 6100 CF50           		bsr	Video_Print
(2)  134/    4286 : 6100 02EC           		bsr	.gema_viewinit
(2)  135/    428A :                     ; 		bsr	.show_cursor
(2)  136/    428A :                     	; ----------------------------------------------
(2)  137/    428A : 6100 C07A           		bsr	gemaReset				; Load default GEMA sound data
(2)  138/    428E : 6100 015E           		bsr	.show_me
(2)  139/    4292 : 6100 0320           		bsr	.gema_view
(2)  140/    4296 :                     ; 		bsr	.steal_vars
(2)  141/    4296 :                     	; ----------------------------------------------
(2)  142/    4296 : 6100 C6B6           		bsr	Video_DisplayOn
(2)  143/    429A : 6100 DACC           		bsr	Objects_Run
(2)  144/    429E : 6100 C452           		bsr	Video_BuildSprites
(2)  145/    42A2 : 6100 D49E           		bsr	System_Render
(2)  146/    42A6 : 6100 CE24           		bsr	Video_FadeIn_Full
(2)  147/    42AA :                     ; ====================================================================
(2)  148/    42AA :                     ; ------------------------------------------------------
(2)  149/    42AA :                     ; Loop
(2)  150/    42AA :                     ; ------------------------------------------------------
(2)  151/    42AA :                     
(2)  152/    42AA :                     .loop:
(2)  153/    42AA : 6100 D496           		bsr	System_Render		
(2)  154/    42AE :                     ; 		bsr	.show_cursor
(2)  155/    42AE : 6100 0304           		bsr	.gema_view
(2)  156/    42B2 : 6100 019C           		bsr	.show_me2	;!@ Update pico-hardware debug
(2)  157/    42B6 : 6100 DAB0           		bsr	Objects_Run
(2)  158/    42BA : 6100 C436           		bsr	Video_BuildSprites
(2)  159/    42BE :                     
(2)  160/    42BE :                     	; NEW controls
(2)  161/    42BE : 6100 04D6           		bsr	.joyHandler		;!@		
(2)  162/    42C2 :                     		;!@ lea	(Controller_1).w,a6
(2)  163/    42C2 :                     	; LEFT/RIGHT
(2)  164/    42C2 :                     		;If any genesis controller has pressed start, then exit screen
(2)  165/    42C2 :                     		;!@ move.w	pad_press(a6),d7
(2)  166/    42C2 : 3E39 FFFF D010      		move.w	(RAM_Glbl_joy2_press).l,d7	;!@
(2)  167/    42C8 : 3C07                		move.w	d7,d6
(2)  168/    42CA : 0246 0080           		andi.w	#JoyStart,d6
(2)  169/    42CE : 6600 00EA           		bne	.exit_this
(2)  170/    42D2 :                     		
(2)  171/    42D2 :                     		;!@ Check if any controller has pressed left/right
(2)  172/    42D2 : 3E39 FFFF D00A      		move.w	(RAM_Glbl_joy_press).l,d7	;!@
(2)  173/    42D8 : 0247 000C           		andi.w	#JoyLeft+JoyRight,d7
(2)  174/    42DC : 6718                		beq.s	.lr_seq
(2)  175/    42DE : 7001                		moveq	#1,d0
(2)  176/    42E0 : 0247 0004           		andi.w	#JoyLeft,d7
(2)  177/    42E4 : 6708                		beq.s	.lr_right
(2)  178/    42E6 : 4A78 CA70           		tst.w	(RAM_GemaSeq).w
(2)  179/    42EA : 670A                		beq.s	.lr_seq
(2)  180/    42EC : 4440                		neg.w	d0
(2)  181/    42EE :                     .lr_right:
(2)  182/    42EE : D178 CA70           		add.w	d0,(RAM_GemaSeq).w
(2)  183/    42F2 : 6100 00FA           		bsr	.show_me
(2)  184/    42F6 :                     .lr_seq:
(2)  185/    42F6 :                     
(2)  186/    42F6 :                     	; UP/DOWN
(2)  187/    42F6 :                     		;!@ move.w	pad_press(a6),d7
(2)  188/    42F6 :                     		;Check if any controller has pressed Up/Down
(2)  189/    42F6 : 3E39 FFFF D00A      		move.w	(RAM_Glbl_joy_press).l,d7	;!@
(2)  190/    42FC : 0247 0003           		andi.w	#JoyUp+JoyDown,d7
(2)  191/    4300 : 6718                		beq.s	.ud_seq
(2)  192/    4302 : 7001                		moveq	#1,d0
(2)  193/    4304 :                     ; 		andi.w	#JoyUp,d7
(2)  194/    4304 : 0247 0001           		andi.w	#JoyUp,d7
(2)  195/    4308 : 6708                		beq.s	.ud_right
(2)  196/    430A : 4A78 CA72           		tst.w	(RAM_GemaBlk).w
(2)  197/    430E : 670A                		beq.s	.ud_seq
(2)  198/    4310 : 4440                		neg.w	d0
(2)  199/    4312 :                     .ud_right:
(2)  200/    4312 : D178 CA72           		add.w	d0,(RAM_GemaBlk).w
(2)  201/    4316 : 6100 00D6           		bsr	.show_me
(2)  202/    431A :                     .ud_seq:
(2)  203/    431A :                     
(2)  204/    431A :                     	; X/Y
(2)  205/    431A :                     		;!@ move.w	pad_press(a6),d7
(2)  206/    431A :                     		; Check if any Genesis controller has pressed X/Y
(2)  207/    431A : 3E39 FFFF D010      		move.w	(RAM_Glbl_joy2_press).l,d7	;!@
(2)  208/    4320 : 0247 0600           		andi.w	#JoyX+JoyY,d7
(2)  209/    4324 : 6718                		beq.s	.xy_seq
(2)  210/    4326 : 7001                		moveq	#1,d0
(2)  211/    4328 : 0247 0400           		andi.w	#JoyX,d7
(2)  212/    432C : 6708                		beq.s	.xy_right
(2)  213/    432E : 4A78 CA74           		tst.w	(RAM_GemaIndx).w
(2)  214/    4332 : 670A                		beq.s	.xy_seq
(2)  215/    4334 : 4440                		neg.w	d0
(2)  216/    4336 :                     .xy_right:
(2)  217/    4336 : D178 CA74           		add.w	d0,(RAM_GemaIndx).w
(2)  218/    433A : 6100 00B2           		bsr	.show_me
(2)  219/    433E :                     .xy_seq:
(2)  220/    433E :                     
(2)  221/    433E :                     	; C BUTTON / Start (Pico)
(2)  222/    433E :                     		; 
(2)  223/    433E :                     		;!@ If PICO mode, check if pico pen has pressed start (pen button down)
(2)  225/    433E : 4DF8 F0F8           		lea		(Controller_1).w,a6
(2)  226/    4342 : 3E2E 0004           		move.w	pad_press(a6),d7	;!@
(2)  227/    4346 : 0247 0080           		andi.w	#JoyStart,d7
(2)  228/    434A : 6706                		beq.s	.cz_gen_check
(2)  229/    434C : 3438 CA74           		move.w	(RAM_GemaIndx).w,d2
(2)  230/    4350 : 6018                		bra.s	.not_auto
(2)  232/    4352 :                     		
(2)  233/    4352 :                     .cz_gen_check:
(2)  234/    4352 :                     		;Check if any Genesis controllers have pressed C/Z
(2)  235/    4352 :                     		;!@ move.w	pad_press(a6),d7
(2)  236/    4352 : 3E39 FFFF D010      		move.w	(RAM_Glbl_joy2_press).l,d7
(2)  237/    4358 : 0247 0120           		andi.w	#JoyC+JoyZ,d7
(2)  238/    435C : 6730                		beq.s	.c_press
(2)  239/    435E : 3438 CA74           		move.w	(RAM_GemaIndx).w,d2
(2)  240/    4362 : 0247 0100           		andi.w	#JoyZ,d7
(2)  241/    4366 : 6702                		beq.s	.not_auto
(2)  242/    4368 : 74FF                		moveq	#-1,d2
(2)  243/    436A :                     .not_auto:
(2)  244/    436A : 3038 CA70           		move.w	(RAM_GemaSeq).w,d0
(2)  245/    436E : 3238 CA72           		move.w	(RAM_GemaBlk).w,d1
(2)  246/    4372 : 6100 C0EE           		bsr	gemaPlaySeq
(2)  247/    4376 :                     
(2)  248/    4376 : 3038 CA70           		move.w	(RAM_GemaSeq).w,d0	; External beats
(2)  249/    437A : 3200                		move.w	d0,d1
(2)  250/    437C : D241                		add.w	d1,d1
(2)  251/    437E : 41FA 0658           		lea	exgema_beats(pc),a0
(2)  252/    4382 : 3030 1000           		move.w	(a0,d1.w),d0
(2)  253/    4386 : 31C0 CA80           		move.w	d0,(RAM_CurrBeats).w
(2)  254/    438A : 6100 C186           		bsr	gemaSetBeats
(2)  255/    438E :                     .c_press:
(2)  256/    438E :                     	; B BUTTON
(2)  257/    438E :                     		;!@ move.w	pad_press(a6),d7
(2)  258/    438E :                     		;If any controller has pressed B, then Stop Sequence
(2)  259/    438E : 3E39 FFFF D00A      		move.w	(RAM_Glbl_joy_press).l,d7
(2)  260/    4394 : 0247 0010           		andi.w	#JoyB,d7
(2)  261/    4398 : 670C                		beq.s	.b_press
(2)  262/    439A : 3038 CA70           		move.w	(RAM_GemaSeq).w,d0
(2)  263/    439E : 3238 CA74           		move.w	(RAM_GemaIndx).w,d1
(2)  264/    43A2 : 6100 C0FE           		bsr	gemaStopSeq
(2)  265/    43A6 :                     .b_press:
(2)  266/    43A6 :                     		;!@ move.w	pad_press(a6),d7
(2)  267/    43A6 :                     		;If any Genesis controller has pressed A, then StopAll
(2)  268/    43A6 : 3E39 FFFF D010      		move.w	(RAM_Glbl_joy2_press).l,d7
(2)  269/    43AC : 0247 0040           		andi.w	#JoyA,d7
(2)  270/    43B0 : 6704                		beq.s	.a_press
(2)  271/    43B2 : 6100 C10A           		bsr	gemaStopAll
(2)  272/    43B6 :                     .a_press:
(2)  273/    43B6 :                     ; 		move.w	pad_hold(a6),d7
(2)  274/    43B6 :                     ; 		andi.w	#JoyA+JoyB+JoyC,d7
(2)  275/    43B6 :                     ; 		bne.s	.n_up
(2)  276/    43B6 :                     ; 		move.w	pad_press(a6),d7
(2)  277/    43B6 :                     ; 		btst	#bitJoyDown,d7
(2)  278/    43B6 :                     ; 		beq.s	.n_down
(2)  279/    43B6 :                     ; 		addq.w	#1,(a5)
(2)  280/    43B6 :                     ; 		cmp.w	#MAX_SNDPICK,(a5)		; MAX OPTIONS
(2)  281/    43B6 :                     ; 		ble.s	.n_downd
(2)  282/    43B6 :                     ; 		clr.w	(a5)
(2)  283/    43B6 :                     ; .n_downd:
(2)  284/    43B6 :                     ; 		bsr.s	.show_me
(2)  285/    43B6 :                     ; .n_down:
(2)  286/    43B6 :                     ; 		move.w	pad_press(a6),d7
(2)  287/    43B6 :                     ; 		btst	#bitJoyUp,d7
(2)  288/    43B6 :                     ; 		beq.s	.n_up
(2)  289/    43B6 :                     ; 		subq.w	#1,(a5)
(2)  290/    43B6 :                     ; 		bpl.s	.n_ups
(2)  291/    43B6 :                     ; 		move.w	#MAX_SNDPICK,(a5)
(2)  292/    43B6 :                     ; .n_ups:
(2)  293/    43B6 :                     ; 		bsr.s	.show_me
(2)  294/    43B6 :                     ; .n_up:
(2)  295/    43B6 :                     ; 		move.w	(RAM_CurrPick).w,d7
(2)  296/    43B6 :                     ; 		lsl.w	#2,d7
(2)  297/    43B6 :                     ; 		jsr	.jump_list(pc,d7.w)
(2)  298/    43B6 :                     ; 		tst.w	(RAM_ScreenMode).w	; Check -1
(2)  299/    43B6 :                     ; 		bpl.s	.n_cbtn
(2)  300/    43B6 :                     
(2)  301/    43B6 :                     ; .n_cbtn:		
(2)  302/    43B6 : 6000 FEF2           		bra	.loop
(2)  303/    43BA :                     
(2)  304/    43BA :                     .exit_this:
(2)  305/    43BA : 6100 CD22           		bsr	Video_FadeOut_Full
(2)  306/    43BE :                     	; Stop ALL sequences
(2)  307/    43BE : 6100 C0FE           		bsr	gemaStopAll
(2)  308/    43C2 :                     	rept 4
(2)  309/    43C2 :                     		bsr	System_Render		; Wait 4 frames...
(2)  310/    43C2 :                     	endm
(2)  309/    43C2 : 6100 D37E           		bsr	System_Render		; Wait 4 frames...
(2)  309/    43C6 : 6100 D37A           		bsr	System_Render		; Wait 4 frames...
(2)  309/    43CA : 6100 D376           		bsr	System_Render		; Wait 4 frames...
(2)  309/    43CE : 6100 D372           		bsr	System_Render		; Wait 4 frames...
(2)  311/    43D2 : 31FC 0000 F18A      		move.w	#0,(RAM_ScreenMode).w	; Set Screen Mode $07
(2)  312/    43D8 : 4E75                		rts				; <-- RTS
(2)  313/    43DA :                     
(2)  314/    43DA :                     ; ------------------------------------------------------
(2)  315/    43DA :                     
(2)  316/    43DA :                     .exit_shell:
(2)  317/    43DA : 6100 CD02           		bsr	Video_FadeOut_Full
(2)  318/    43DE : 6100 C0DE           		bsr	gemaStopAll
(2)  319/    43E2 : 6100 D35E           		bsr	System_Render
(2)  320/    43E6 : 6100 D35A           		bsr	System_Render
(2)  321/    43EA : 6000 D91A           		bra	System_MdMcd_ExitShell
(2)  322/    43EE :                     
(2)  323/    43EE :                     ; ------------------------------------------------------
(2)  324/    43EE :                     
(2)  325/    43EE :                     .show_me:
(2)  326/    43EE : 3038 CA70           		move.w	(RAM_GemaSeq).w,d0	; External beats
(2)  327/    43F2 : 3200                		move.w	d0,d1
(2)  328/    43F4 : D241                		add.w	d1,d1
(2)  329/    43F6 : 41FA 05E0           		lea	exgema_beats(pc),a0
(2)  330/    43FA : 3030 1000           		move.w	(a0,d1.w),d0
(2)  331/    43FE : 31C0 CA80           		move.w	d0,(RAM_CurrBeats).w
(2)  332/    4402 :                     
(2)  333/    4402 : 41F8 CA80           		lea	(RAM_CurrBeats).w,a0
(2)  334/    4406 : 227C 0000 0001      		move.l	#1,a1
(2)  336/    440C : 700D                		moveq	#13,d0
(2)  340/    440E :                     		;!@ moveq	#12,d1
(2)  341/    440E : 720A                		moveq	#10,d1
(2)  342/    4410 : 343C 65A0           		move.w	#DEF_PrintVram|DEF_PrintPal,d2
(2)  343/    4414 : 263C 0080 C000      		move.l	#splitw(DEF_HSIZE_64,DEF_VRAM_FG),d3
(2)  344/    441A : 6100 CF36           		bsr	Video_PrintVal
(2)  345/    441E : 41F8 CA71           		lea	(RAM_GemaSeq+1).w,a0
(2)  346/    4422 : 227C 0000 0000      		move.l	#0,a1
(2)  348/    4428 : 7007                		moveq	#7,d0
(2)  352/    442A :                     		;!@ moveq	#9,d1
(2)  353/    442A : 7208                		moveq	#8,d1
(2)  354/    442C : 343C 64E0           		move.w	#DEF_PrintVramW|DEF_PrintPal,d2
(2)  355/    4430 : 263C 0080 C000      		move.l	#splitw(DEF_HSIZE_64,DEF_VRAM_FG),d3
(2)  356/    4436 : 6100 CF70           		bsr	Video_PrintValW
(2)  357/    443A : D0FC 0002           		adda	#2,a0
(2)  358/    443E : 5A40                		addq.w	#5,d0
(2)  359/    4440 : 6100 CF66           		bsr	Video_PrintValW
(2)  360/    4444 : D0FC 0002           		adda	#2,a0
(2)  361/    4448 : 5A40                		addq.w	#5,d0
(2)  362/    444A : 6100 CF5C           		bsr	Video_PrintValW
(2)  363/    444E : 4E75                		rts 
(2)  364/    4450 :                     		
(2)  365/    4450 :                     .show_me2:
(2)  366/    4450 :                     	;!@ New code for Pico PenX/Y, btn, version/type
(2)  368/    4450 :                     		;Show Pico headers
(2)  369/    4450 : 41FA 0616           		lea	str_TesterInfo2(pc),a0
(2)  371/    4454 : 7006                		moveq	#6,d0
(2)  375/    4456 : 720B                		moveq	#$0B,d1
(2)  376/    4458 : 343C 45A0           		move.w	#DEF_PrintVram|$4000,d2
(2)  377/    445C : 263C 0080 C000      		move.l	#splitw(DEF_HSIZE_64,DEF_VRAM_FG),d3
(2)  378/    4462 : 6100 CD70           		bsr	Video_Print
(2)  379/    4466 :                     		
(2)  380/    4466 : 41FA 0636           		lea	str_TesterInfo3(pc),a0
(2)  381/    446A : 7002                		moveq	#2,d0
(2)  382/    446C : 720E                		moveq	#$0E,d1
(2)  383/    446E : 343C 45A0           		move.w	#DEF_PrintVram|$4000,d2
(2)  384/    4472 : 263C 0080 C000      		move.l	#splitw(DEF_HSIZE_64,DEF_VRAM_FG),d3
(2)  385/    4478 : 6100 CD5A           		bsr	Video_Print
(2)  386/    447C :                     		
(2)  387/    447C :                     		;Show Pico values
(2)  388/    447C : 343C 65A0           		move.w	#DEF_PrintVram|DEF_PrintPal,d2
(2)  389/    4480 : 263C 0080 C000      		move.l	#splitw(DEF_HSIZE_64,DEF_VRAM_FG),d3
(2)  390/    4486 :                     		
(2)  391/    4486 :                     		;Type/Ver
(2)  392/    4486 : 41F8 CA86           		lea	(RAM_ScratchW).w,a0
(2)  393/    448A : 227C 0000 0001      		move.l	#1,a1
(2)  394/    4490 :                     
(2)  395/    4490 :                     		;Calculate word-sized Pico ver/type combo
(2)  396/    4490 : 1039 0080 000F      		move.b	(pico_copType).l,d0
(2)  397/    4496 : E148                		lsl.w	#8,d0
(2)  398/    4498 : 1239 0080 0001      		move.b	(pico_ver).l,d1
(2)  399/    449E : 8041                		or.w	d1,d0
(2)  400/    44A0 : 3080                		move.w	d0,(a0)		
(2)  402/    44A2 : 7016                		moveq	#22,d0
(2)  406/    44A4 : 720B                		moveq	#11,d1
(2)  407/    44A6 : 6100 CEAA           		bsr	Video_PrintVal
(2)  408/    44AA :                     		
(2)  409/    44AA :                     		
(2)  410/    44AA :                     		;PenX
(2)  411/    44AA : 41F8 CA86           		lea	(RAM_ScratchW).w,a0
(2)  412/    44AE : 227C 0000 0001      		move.l	#1,a1
(2)  413/    44B4 :                     		
(2)  414/    44B4 :                     		;GetPen
(2)  415/    44B4 : 4DF8 F0F8           		lea		(Controller_1).w,a6
(2)  416/    44B8 : 302E 0008           		move.w	pad_x(a6),d0
(2)  417/    44BC : 3080                		move.w	d0,(a0)		
(2)  419/    44BE : 700E                		moveq	#14,d0
(2)  423/    44C0 : 720C                		moveq	#12,d1
(2)  424/    44C2 : 6100 CE8E           		bsr	Video_PrintVal
(2)  425/    44C6 :                     		
(2)  426/    44C6 :                     		
(2)  427/    44C6 :                     		;PenY
(2)  428/    44C6 : 41F8 CA86           		lea	(RAM_ScratchW).w,a0
(2)  429/    44CA : 227C 0000 0001      		move.l	#1,a1
(2)  430/    44D0 :                     		
(2)  431/    44D0 :                     		;GetPen
(2)  432/    44D0 :                     		;lea	(Controller_1).w,a6
(2)  433/    44D0 : 302E 000A           		move.w	pad_y(a6),d0
(2)  434/    44D4 : 3080                		move.w	d0,(a0)		
(2)  436/    44D6 : 7014                		moveq	#20,d0
(2)  440/    44D8 : 720C                		moveq	#12,d1
(2)  441/    44DA : 6100 CE76           		bsr	Video_PrintVal
(2)  442/    44DE :                     		
(2)  443/    44DE :                     		
(2)  444/    44DE :                     		;Book
(2)  445/    44DE : 41F8 CA88           		lea	(RAM_ScratchB).w,a0
(2)  446/    44E2 : 227C 0000 0000      		move.l	#0,a1
(2)  447/    44E8 :                     		
(2)  448/    44E8 :                     		;GetBook
(2)  449/    44E8 :                     		;lea	(Controller_1).w,a6
(2)  450/    44E8 : 102E 000C           		move.b	pad_page(a6),d0
(2)  451/    44EC : 1080                		move.b	d0,(a0)
(2)  453/    44EE : 700D                		moveq	#13,d0
(2)  457/    44F0 : 720D                		moveq	#13,d1
(2)  458/    44F2 : 6100 CE5E           		bsr	Video_PrintVal
(2)  459/    44F6 :                     		;GetBookRaw
(2)  460/    44F6 :                     		;lea	(Controller_1).w,a6
(2)  461/    44F6 : 102E 000E           		move.b	pad_pageRaw(a6),d0
(2)  462/    44FA : 1080                		move.b	d0,(a0)
(2)  464/    44FC : 7010                		moveq	#16,d0
(2)  468/    44FE : 720D                		moveq	#13,d1
(2)  469/    4500 : 6100 CE50           		bsr	Video_PrintVal
(2)  470/    4504 :                     		
(2)  471/    4504 :                     		
(2)  472/    4504 :                     		;Handle buttons
(2)  473/    4504 :                     		;Btn		
(2)  474/    4504 : 227C 0000 0001      		move.l	#1,a1			;Word type button holds
(2)  475/    450A : 720E                		moveq	#14,d1			;ypos
(2)  476/    450C : 41F8 CA86           		lea	(RAM_ScratchW).w,a0	;Value memory addr		
(2)  477/    4510 :                     		
(2)  478/    4510 :                     		;Get pen button
(2)  479/    4510 : 4DF8 F0F8           		lea	(Controller_1).w,a6	;Lead c1 addr into a6
(2)  480/    4514 : 302E 0002           		move.w	pad_hold(a6),d0	;Move pad_hold of controller into d0
(2)  481/    4518 : 3080                		move.w	d0,(a0)			;Move d0 pad_hold value into a0 addr
(2)  482/    451A : 7008                		moveq	#08,d0			;Set xpos
(2)  483/    451C : 6100 CE34           		bsr	Video_PrintVal		;Print value
(2)  484/    4520 :                     		
(2)  485/    4520 :                     		;GetBtn, controller 2
(2)  486/    4520 : 4DF8 F10E           		lea	(Controller_2).w,a6
(2)  487/    4524 : 302E 0002           		move.w	pad_hold(a6),d0
(2)  488/    4528 : 3080                		move.w	d0,(a0)
(2)  489/    452A : 700D                		moveq	#13,d0
(2)  490/    452C : 6100 CE24           		bsr	Video_PrintVal
(2)  491/    4530 :                     		
(2)  492/    4530 :                     		;Handle PICO_MODS expansion Genesis controllers
(2)  494/    4530 :                     		;GetBtn
(2)  495/    4530 : 4DF8 F124           		lea	(Controller_3).w,a6
(2)  496/    4534 : 302E 0002           		move.w	pad_hold(a6),d0
(2)  497/    4538 : 3080                		move.w	d0,(a0)
(2)  498/    453A : 7012                		moveq	#18,d0
(2)  499/    453C : 6100 CE14           		bsr	Video_PrintVal
(2)  500/    4540 :                     		
(2)  501/    4540 :                     		;GetBtn
(2)  502/    4540 : 4DF8 F13A           		lea	(Controller_4).w,a6
(2)  503/    4544 : 302E 0002           		move.w	pad_hold(a6),d0
(2)  504/    4548 : 3080                		move.w	d0,(a0)
(2)  505/    454A : 7017                		moveq	#23,d0
(2)  506/    454C : 6100 CE04           		bsr	Video_PrintVal
(2)  507/    4550 :                     		
(2)  508/    4550 : 4DF8 F150           		lea	(Controller_5).w,a6
(2)  509/    4554 : 302E 0002           		move.w	pad_hold(a6),d0
(2)  510/    4558 : 3080                		move.w	d0,(a0)
(2)  511/    455A : 701C                		moveq	#28,d0
(2)  512/    455C : 6100 CDF4           		bsr	Video_PrintVal
(2)  514/    4560 :                     		
(2)  515/    4560 :                     		;Display final value (final result from all controllers)
(2)  516/    4560 : 3039 FFFF D008      		move.w	(RAM_Glbl_joy_hold).l,d0	;Move final hold value into d0
(2)  517/    4566 : 3080                		move.w	d0,(a0)						;Move d0 into a0 addr
(2)  518/    4568 :                     		
(2)  519/    4568 :                     		;Determine proper xpos based on flags
(2)  521/    4568 : 7021                		moveq	#33,d0	;If PICO_MODS, set xpos to 6th slot
(2)  525/    456A : 343C 45A0           		move.w	#DEF_PrintVram|$4000,d2		;Green font
(2)  526/    456E : 6100 CDE2           		bsr		Video_PrintVal
(2)  528/    4572 : 4E75                		rts
(2)  529/    4574 :                     		
(2)  530/    4574 :                     ; ; ------------------------------------------------------
(2)  531/    4574 :                     ;
(2)  532/    4574 :                     ; .jump_list:
(2)  533/    4574 :                     ; 		bra.w	.nothing
(2)  534/    4574 :                     ; 		bra.w	.option_1
(2)  535/    4574 :                     ; 		bra.w	.option_2
(2)  536/    4574 :                     ; 		bra.w	.option_3
(2)  537/    4574 :                     ; 		bra.w	.option_4
(2)  538/    4574 :                     ; 		bra.w	.option_5
(2)  539/    4574 :                     ; 		bra.w	.option_6
(2)  540/    4574 :                     ; 		bra.w	.option_7
(2)  541/    4574 :                     ;
(2)  542/    4574 :                     ; ; ------------------------------------------------------
(2)  543/    4574 :                     ; ; OPTION 0
(2)  544/    4574 :                     ; ; ------------------------------------------------------
(2)  545/    4574 :                     ;
(2)  546/    4574 :                     ; .nothing:
(2)  547/    4574 :                     ; 		move.w	pad_press(a6),d7
(2)  548/    4574 :                     ; 		btst	#bitJoyStart,d7
(2)  549/    4574 :                     ; 		beq.s	.no_press
(2)  550/    4574 :                     ; 		bsr.s	.show_me
(2)  551/    4574 :                     ; 		bra	gemaTest
(2)  552/    4574 :                     ; .no_press:
(2)  553/    4574 :                     ; 		rts
(2)  554/    4574 :                     ;
(2)  555/    4574 :                     ; ------------------------------------------------------
(2)  556/    4574 :                     ; OPTION 1
(2)  557/    4574 :                     ; ------------------------------------------------------
(2)  558/    4574 :                     
(2)  559/    4574 :                     ; 		bra.s	.show_me
(2)  560/    4574 :                     ; .option1_args:
(2)  561/    4574 :                     ; 		move.w	pad_hold(a6),d7
(2)  562/    4574 :                     ; 		move.w	d7,d6
(2)  563/    4574 :                     ; 		andi.w	#JoyA+JoyB+JoyC,d6
(2)  564/    4574 :                     ; 		beq.s	.no_press
(2)  565/    4574 :                     ; 		btst	#bitJoyB,d7
(2)  566/    4574 :                     ; 		beq.s	.d2_opt
(2)  567/    4574 :                     ; 		adda	#2,a5
(2)  568/    4574 :                     ; .d2_opt:
(2)  569/    4574 :                     ; 		btst	#bitJoyC,d7
(2)  570/    4574 :                     ; 		beq.s	.d3_opt
(2)  571/    4574 :                     ; 		adda	#4,a5
(2)  572/    4574 :                     ; .d3_opt:
(2)  573/    4574 :                     ; 		move.w	pad_press(a6),d7
(2)  574/    4574 :                     ; 		btst	#bitJoyRight,d7
(2)  575/    4574 :                     ; 		beq.s	.op1_right
(2)  576/    4574 :                     ; 		addq.w	#1,(a5)
(2)  577/    4574 :                     ; 		bra	.show_me
(2)  578/    4574 :                     ; .op1_right:
(2)  579/    4574 :                     ; 		btst	#bitJoyLeft,d7
(2)  580/    4574 :                     ; 		beq.s	.op1_left
(2)  581/    4574 :                     ; 		subq.w	#1,(a5)
(2)  582/    4574 :                     ; 		bra	.show_me
(2)  583/    4574 :                     ; .op1_left:
(2)  584/    4574 :                     ; 		move.w	pad_hold(a6),d7
(2)  585/    4574 :                     ; 		btst	#bitJoyUp,d7
(2)  586/    4574 :                     ; 		beq.s	.op1_down
(2)  587/    4574 :                     ; 		addq.w	#1,(a5)
(2)  588/    4574 :                     ; 		bra	.show_me
(2)  589/    4574 :                     ; .op1_down:
(2)  590/    4574 :                     ; 		btst	#bitJoyDown,d7
(2)  591/    4574 :                     ; 		beq.s	.op1_up
(2)  592/    4574 :                     ; 		subq.w	#1,(a5)
(2)  593/    4574 :                     ; 		bra	.show_me
(2)  594/    4574 :                     ; .op1_up:
(2)  595/    4574 :                     ;
(2)  596/    4574 :                     ; 		rts
(2)  597/    4574 :                     ;
(2)  598/    4574 :                     ; ; ------------------------------------------------------
(2)  599/    4574 :                     ; ; OPTION 2
(2)  600/    4574 :                     ; ; ------------------------------------------------------
(2)  601/    4574 :                     ;
(2)  602/    4574 :                     ; .option_2:
(2)  603/    4574 :                     ; 		lea	(RAM_GemaIndx).w,a5
(2)  604/    4574 :                     ; 		move.w	pad_press(a6),d7
(2)  605/    4574 :                     ; 		btst	#bitJoyStart,d7
(2)  606/    4574 :                     ; 		beq.s	.option1_args
(2)  607/    4574 :                     ; 		move.w	(a5)+,d0
(2)  608/    4574 :                     ; 		move.w	(a5)+,d1
(2)  609/    4574 :                     ; 		bra	gemaStopSeq
(2)  610/    4574 :                     ;
(2)  611/    4574 :                     ; ; ------------------------------------------------------
(2)  612/    4574 :                     ; ; OPTION 3
(2)  613/    4574 :                     ; ; ------------------------------------------------------
(2)  614/    4574 :                     ;
(2)  615/    4574 :                     ; .option_3:
(2)  616/    4574 :                     ; 		lea	(RAM_GemaArg3).w,a5
(2)  617/    4574 :                     ; 		move.w	pad_press(a6),d7
(2)  618/    4574 :                     ; 		btst	#bitJoyStart,d7
(2)  619/    4574 :                     ; 		beq	.option1_args
(2)  620/    4574 :                     ; 		move.w	(a5)+,d0
(2)  621/    4574 :                     ; 		move.w	(a5)+,d1
(2)  622/    4574 :                     ; 		bra	gemaFadeSeq
(2)  623/    4574 :                     ;
(2)  624/    4574 :                     ; ; ------------------------------------------------------
(2)  625/    4574 :                     ; ; OPTION 4
(2)  626/    4574 :                     ; ; ------------------------------------------------------
(2)  627/    4574 :                     ;
(2)  628/    4574 :                     ; .option_4:
(2)  629/    4574 :                     ; 		lea	(RAM_GemaArg3).w,a5
(2)  630/    4574 :                     ; 		move.w	pad_press(a6),d7
(2)  631/    4574 :                     ; 		btst	#bitJoyStart,d7
(2)  632/    4574 :                     ; 		beq	.option1_args
(2)  633/    4574 :                     ; 		move.w	(a5)+,d0
(2)  634/    4574 :                     ; 		move.w	(a5)+,d1
(2)  635/    4574 :                     ; 		bra	gemaSetSeqVol
(2)  636/    4574 :                     ;
(2)  637/    4574 :                     ; ; ------------------------------------------------------
(2)  638/    4574 :                     ; ; OPTION 5
(2)  639/    4574 :                     ; ; ------------------------------------------------------
(2)  640/    4574 :                     ;
(2)  641/    4574 :                     ; .option_5:
(2)  642/    4574 :                     ; 		move.w	pad_press(a6),d7
(2)  643/    4574 :                     ; 		btst	#bitJoyStart,d7
(2)  644/    4574 :                     ; 		beq.s	.no_press2
(2)  645/    4574 :                     ; 		bsr	.show_me
(2)  646/    4574 :                     ; 		bra	gemaStopAll
(2)  647/    4574 :                     ; .no_press2:
(2)  648/    4574 :                     ; 		rts
(2)  649/    4574 :                     ;
(2)  650/    4574 :                     ; ; ------------------------------------------------------
(2)  651/    4574 :                     ; ; OPTION 6
(2)  652/    4574 :                     ; ; ------------------------------------------------------
(2)  653/    4574 :                     ;
(2)  654/    4574 :                     ; .option_6:
(2)  655/    4574 :                     ; 		lea	(RAM_GemaArg6).w,a5
(2)  656/    4574 :                     ; 		move.w	pad_hold(a6),d7
(2)  657/    4574 :                     ; 		andi.w	#JoyA,d7
(2)  658/    4574 :                     ; 		beq.s	.no_press2
(2)  659/    4574 :                     ; 		move.w	pad_press(a6),d7
(2)  660/    4574 :                     ; 		btst	#bitJoyRight,d7
(2)  661/    4574 :                     ; 		beq.s	.op2_right
(2)  662/    4574 :                     ; 		addq.w	#1,(a5)
(2)  663/    4574 :                     ; 		bra	.show_me_2
(2)  664/    4574 :                     ; .op2_right:
(2)  665/    4574 :                     ; 		btst	#bitJoyLeft,d7
(2)  666/    4574 :                     ; 		beq.s	.op2_left
(2)  667/    4574 :                     ; 		subq.w	#1,(a5)
(2)  668/    4574 :                     ; 		bsr	.show_me_2
(2)  669/    4574 :                     ; .op2_left:
(2)  670/    4574 :                     ; 		move.w	pad_hold(a6),d7
(2)  671/    4574 :                     ; 		btst	#bitJoyDown,d7
(2)  672/    4574 :                     ; 		beq.s	.op2_down
(2)  673/    4574 :                     ; 		addq.w	#1,(a5)
(2)  674/    4574 :                     ; 		bsr	.show_me_2
(2)  675/    4574 :                     ; .op2_down:
(2)  676/    4574 :                     ; 		btst	#bitJoyUp,d7
(2)  677/    4574 :                     ; 		beq.s	.op2_up
(2)  678/    4574 :                     ; 		subq.w	#1,(a5)
(2)  679/    4574 :                     ; 		bsr	.show_me_2
(2)  680/    4574 :                     ; .op2_up:
(2)  681/    4574 :                     ; 		move.w	pad_press(a6),d7
(2)  682/    4574 :                     ; 		btst	#bitJoyStart,d7
(2)  683/    4574 :                     ; 		beq.s	.no_press2
(2)  684/    4574 :                     ; .show_me_2:
(2)  685/    4574 :                     ; 		bsr	.show_me
(2)  686/    4574 :                     ; 		move.w	(a5),d0
(2)  687/    4574 :                     ; 		bra	gemaSetBeats
(2)  688/    4574 :                     ;
(2)  689/    4574 :                     ; ; ------------------------------------------------------
(2)  690/    4574 :                     ; ; OPTION 7
(2)  691/    4574 :                     ; ; ------------------------------------------------------
(2)  692/    4574 :                     ;
(2)  693/    4574 :                     ; .option_7:
(2)  694/    4574 :                     ; 		move.w	pad_press(a6),d7
(2)  695/    4574 :                     ; 		btst	#bitJoyStart,d7
(2)  696/    4574 :                     ; 		beq.s	.no_press2
(2)  697/    4574 :                     ; 		move.w	#-1,(RAM_ScreenMode).w	; risky but works.
(2)  698/    4574 :                     ; 		rts
(2)  699/    4574 :                     
(2)  700/    4574 :                     ; ------------------------------------------------------
(2)  701/    4574 :                     
(2)  702/    4574 :                     .gema_viewinit:
(2)  703/    4574 : 41F8 B000           		lea	(RAM_ThisObjList).w,a0
(2)  704/    4578 : 303C 0004           		move.w	#4,d0
(2)  705/    457C : 6100 D7C8           		bsr	Objects_Enable
(2)  707/    4580 : 203C 0000 4894      		move.l	#obj_Fairy,d0		; <-- If you don't like the fairies comment out or
(2)  708/    4586 : 7200                		moveq	#0,d1			; delete all of this
(2)  709/    4588 : 6100 D818           		bsr	Objects_Make		;
(2)  710/    458C : 5241                		addq.w	#1,d1			;
(2)  711/    458E : 6100 D812           		bsr	Objects_Make		;
(2)  712/    4592 : 5241                		addq.w	#1,d1			;
(2)  713/    4594 : 6100 D80C           		bsr	Objects_Make		;
(2)  714/    4598 :                     		;!@ New fairy for mouse sprite
(2)  715/    4598 : 5241                		addq.w	#1,d1			;
(2)  716/    459A : 6100 D806           		bsr	Objects_Make		; <-- until here
(2)  718/    459E :                     
(2)  720/    459E : 41FA 05C6           		lea	str_VmInfo(pc),a0
(2)  721/    45A2 : 7002                		moveq	#2,d0
(2)  722/    45A4 : 7210                		moveq	#SET_SNDVIEWY,d1
(2)  723/    45A6 : 343C 65A0           		move.w	#DEF_PrintVram|DEF_PrintPal,d2
(2)  724/    45AA : 263C 0080 C000      		move.l	#splitw(DEF_HSIZE_64,DEF_VRAM_FG),d3
(2)  725/    45B0 : 6100 CC22           		bsr	Video_Print
(2)  727/    45B4 :                     
(2)  728/    45B4 :                     .gema_view:
(2)  730/    45B4 : 33FC 0100 00A1      		move.w	#$0100,(z80_bus).l
             45BA : 1100             
(2)  731/    45BC : 43F8 CA76           		lea	(RAM_GemaStatus),a1
(2)  732/    45C0 : 7000                		moveq	#0,d0
(2)  733/    45C2 : 7200                		moveq	#0,d1
(2)  734/    45C4 : 7400                		moveq	#0,d2
(2)  735/    45C6 : 0839 0000 00A1      .wait:		btst	#0,(z80_bus).l
             45CC : 1100             
(2)  736/    45CE : 66F6                		bne.s	.wait
(2)  737/    45D0 : 1039 00A0 16F8      		move.b	(z80_cpu+trkBuff_0),d0
(2)  738/    45D6 : 1239 00A0 1738      		move.b	(z80_cpu+trkBuff_1),d1
(2)  739/    45DC : 1439 00A0 1778      		move.b	(z80_cpu+trkBuff_2),d2
(2)  740/    45E2 : 6100 BD4A           		bsr	sndUnlockZ80
(2)  741/    45E6 : 32C0                		move.w	d0,(a1)+
(2)  742/    45E8 : 32C1                		move.w	d1,(a1)+
(2)  743/    45EA : 32C2                		move.w	d2,(a1)+
(2)  745/    45EC :                     
(2)  747/    45EC : 6100 BD2C           		bsr	sndLockZ80
(2)  748/    45F0 :                     
(2)  749/    45F0 : 41F9 00A0 1A7E      		lea	(z80_cpu+tblPSG),a0
(2)  750/    45F6 : 43F8 CA00           		lea	(RAM_GemaCache_PSG),a1
(2)  751/    45FA : 7E02                		moveq	#3-1,d7					;PSG d7=2
(2)  752/    45FC : 6100 010E           		bsr	.copy_me
(2)  753/    4600 :                     		
(2)  754/    4600 : 41F9 00A0 1AB4      		lea	(z80_cpu+tblPSGN),a0
(2)  755/    4606 : 43F8 CA0C           		lea	(RAM_GemaCache_PSGN),a1
(2)  756/    460A : 7E00                		moveq	#1-1,d7					;PSG Noise d7=0
(2)  757/    460C : 6100 00FE           		bsr	.copy_me
(2)  758/    4610 :                     		
(2)  759/    4610 : 41F9 00A0 1A10      		lea	(z80_cpu+tblFM),a0
(2)  760/    4616 : 43F8 CA10           		lea	(RAM_GemaCache_FM),a1
(2)  761/    461A : 7E05                		moveq	#6-1,d7					;FM Reg d7=5
(2)  762/    461C : 6100 00EE           		bsr	.copy_me
(2)  763/    4620 :                     		
(2)  764/    4620 : 41F9 00A0 1AC8      		lea	(z80_cpu+tblPCM),a0
(2)  765/    4626 : 43F8 CA28           		lea	(RAM_GemaCache_PCM),a1
(2)  766/    462A : 7E07                		moveq	#8-1,d7					;PCM Reg d7=7
(2)  767/    462C : 6100 00DE           		bsr	.copy_me
(2)  768/    4630 :                     		
(2)  769/    4630 : 41F9 00A0 1B5A      		lea	(z80_cpu+tblPWM),a0
(2)  770/    4636 : 43F8 CA48           		lea	(RAM_GemaCache_PWM),a1
(2)  771/    463A : 7E07                		moveq	#8-1,d7					;PWM Reg d7=7
(2)  772/    463C : 6100 00CE           		bsr	.copy_me
(2)  773/    4640 :                     		
(2)  774/    4640 :                     		;!@ Pico ADPCM
(2)  775/    4640 : 41F9 00A0 1BEC      		lea	(z80_cpu+tblPCO),a0
(2)  776/    4646 : 43F8 CA68           		lea	(RAM_GemaCache_PCO),a1
(2)  777/    464A : 7E00                		moveq	#1-1,d7					;PCO Reg d7=0 (1) channels
(2)  778/    464C : 6100 00BE           		bsr	.copy_me
(2)  779/    4650 :                     		
(2)  780/    4650 : 7E00                		moveq	#0,d7					;FM3 Reg d7=0
(2)  781/    4652 : 1E39 00A0 0030      		move.b	(z80_cpu+fmSpecial),d7
(2)  782/    4658 : 31C7 CA82           		move.w	d7,(RAM_Copy_fmSpecial).w
(2)  783/    465C : 1E39 00A0 0008      		move.b	(z80_cpu+8),d7			;DAC Reg d7=0/1?
(2)  784/    4662 : 31C7 CA84           		move.w	d7,(RAM_Copy_HasDac).w
(2)  785/    4666 :                     				
(2)  786/    4666 : 6100 BCC6           		bsr	sndUnlockZ80
(2)  788/    466A :                     
(2)  790/    466A : 343C 65A0           		move.w	#DEF_PrintVram|DEF_PrintPal,d2
(2)  791/    466E : 263C 0080 C000      		move.l	#splitw(DEF_HSIZE_64,DEF_VRAM_FG),d3
(2)  792/    4674 :                     		
(2)  793/    4674 : 47F8 CA00           		lea	(RAM_GemaCache_PSG),a3
(2)  794/    4678 : 7007                		moveq	#7,d0
(2)  795/    467A : 7210                		moveq	#SET_SNDVIEWY,d1
(2)  796/    467C : 7E02                		moveq	#3-1,d7
(2)  797/    467E : 6100 00F4           		bsr	.show_table
(2)  798/    4682 :                     		
(2)  799/    4682 : 47F8 CA0C           		lea	(RAM_GemaCache_PSGN),a3
(2)  800/    4686 : 7013                		moveq	#7+12,d0
(2)  801/    4688 : 7210                		moveq	#SET_SNDVIEWY,d1
(2)  802/    468A : 7E00                		moveq	#1-1,d7
(2)  803/    468C : 6100 00E6           		bsr	.show_table
(2)  804/    4690 :                     		
(2)  805/    4690 : 47F8 CA10           		lea	(RAM_GemaCache_FM),a3
(2)  806/    4694 : 7007                		moveq	#7,d0
(2)  807/    4696 : 7211                		moveq	#SET_SNDVIEWY+1,d1
(2)  808/    4698 : 7E04                		moveq	#5-1,d7
(2)  809/    469A : 6100 0092           		bsr	.show_table_fm
(2)  810/    469E :                     		
(2)  811/    469E : 47F8 CA20           		lea	(RAM_GemaCache_FM3),a3
(2)  812/    46A2 : 7017                		moveq	#7+16,d0
(2)  813/    46A4 : 7211                		moveq	#SET_SNDVIEWY+1,d1
(2)  814/    46A6 : 3E38 CA82           		move.w	(RAM_Copy_fmSpecial).w,d7
(2)  815/    46AA : 4A07                		tst.b	d7
(2)  816/    46AC : 6712                		beq.s	.no_spec
(2)  817/    46AE : 41F8 4E7E           		lea	(strL_FmOnly),a0
(2)  818/    46B2 : 4A53                		tst.w	(a3)
(2)  819/    46B4 : 6B04                		bmi.s	.no_prnt3
(2)  820/    46B6 : 41F8 4ED2           		lea	(str_Speci),a0
(2)  821/    46BA :                     .no_prnt3:
(2)  822/    46BA : 6100 CB18           		bsr	Video_Print
(2)  823/    46BE : 6004                		bra.s	.b_sampl
(2)  824/    46C0 :                     .no_spec:
(2)  825/    46C0 : 7E00                		moveq	#1-1,d7
(2)  826/    46C2 : 616A                		bsr	.show_table_fm
(2)  827/    46C4 :                     .b_sampl:
(2)  828/    46C4 :                     
(2)  829/    46C4 : 701B                		moveq	#7+20,d0
(2)  830/    46C6 : 7211                		moveq	#SET_SNDVIEWY+1,d1
(2)  831/    46C8 : 3E38 CA84           		move.w	(RAM_Copy_HasDac).w,d7
(2)  832/    46CC : BE3C 00D9           		cmp.b	#$D9,d7
(2)  833/    46D0 : 660A                		bne.s	.no_sampl
(2)  834/    46D2 : 41F8 4ED6           		lea	(str_Sampl),a0
(2)  835/    46D6 : 6100 CAFC           		bsr	Video_Print
(2)  836/    46DA : 6008                		bra.s	.c_sampl
(2)  837/    46DC :                     .no_sampl:
(2)  838/    46DC : 47F8 CA24           		lea	(RAM_GemaCache_FM6),a3
(2)  839/    46E0 : 7E00                		moveq	#1-1,d7
(2)  840/    46E2 : 614A                		bsr	.show_table_fm
(2)  841/    46E4 :                     
(2)  842/    46E4 :                     .c_sampl:
(2)  843/    46E4 : 47F8 CA28           		lea	(RAM_GemaCache_PCM),a3
(2)  844/    46E8 : 7007                		moveq	#7,d0
(2)  845/    46EA : 7212                		moveq	#SET_SNDVIEWY+2,d1
(2)  846/    46EC : 7E07                		moveq	#8-1,d7
(2)  847/    46EE : 6100 0084           		bsr	.show_table
(2)  848/    46F2 : 47F8 CA48           		lea	(RAM_GemaCache_PWM),a3
(2)  849/    46F6 : 7007                		moveq	#7,d0
(2)  850/    46F8 : 7213                		moveq	#SET_SNDVIEWY+3,d1
(2)  851/    46FA : 7E07                		moveq	#8-1,d7
(2)  852/    46FC : 6176                		bsr	.show_table
(2)  853/    46FE :                     		
(2)  854/    46FE :                     		;!@ Pico ADPCM Channel
(2)  855/    46FE : 47F8 CA68           		lea	(RAM_GemaCache_PCO),a3
(2)  856/    4702 : 7007                		moveq	#7,d0
(2)  857/    4704 : 7214                		moveq	#SET_SNDVIEWY+4,d1
(2)  858/    4706 : 7E00                		moveq	#1-1,d7					;1 PCO channel
(2)  859/    4708 : 616A                		bsr	.show_table
(2)  860/    470A :                     		
(2)  861/    470A :                     		;!@ PCM_Pico code
(2)  862/    470A :                     		;if PICO
(2)  863/    470A :                     		; lea		strL_NoteNull(pc),a0
(2)  864/    470A :                     		; moveq	#$07,d0
(2)  865/    470A :                     		; moveq	#SET_SNDVIEWY+$04,d1
(2)  866/    470A :                     		; move.w	#DEF_PrintVram|DEF_PrintPal,d2
(2)  867/    470A :                     		; move.l	#splitw(DEF_HSIZE_64,DEF_VRAM_FG),d3
(2)  868/    470A :                     		; bsr		Video_Print
(2)  869/    470A :                     		;endif
(2)  871/    470A :                     
(2)  872/    470A : 4E75                		rts
(2)  873/    470C :                     
(2)  874/    470C :                     ; ----------------------------------------------
(2)  875/    470C :                     
(2)  876/    470C :                     ; Copies some buffer data
(2)  877/    470C :                     ; Inputs: a0, a1, d7
(2)  878/    470C :                     .copy_me:
(2)  879/    470C : 7200                		moveq	#0,d1
(2)  880/    470E :                     ; 		bsr	sndLockZ80
(2)  881/    470E : 1228 0005           		move.b	ztbl_FreqIndx(a0),d1
(2)  882/    4712 : 1428 0001           		move.b	ztbl_Link+1(a0),d2
(2)  883/    4716 : 1010                		move.b	ztbl_Link(a0),d0
(2)  884/    4718 :                     ; 		bsr	sndUnlockZ80
(2)  885/    4718 : 8002                		or.b	d2,d0
(2)  886/    471A : 6602                		bne.s	.link_ok
(2)  887/    471C : 72FF                		moveq	#-1,d1
(2)  888/    471E :                     .link_ok:
(2)  889/    471E : 3281                		move.w	d1,(a1)
(2)  890/    4720 : D0FC 0012           		adda	#MAX_TBLSIZE,a0		; *** EXTERNAL LABEL
(2)  891/    4724 : D2FC 0004           		adda	#4,a1
(2)  892/    4728 : 51CF FFE2           		dbf	d7,.copy_me
(2)  893/    472C : 4E75                		rts
(2)  894/    472E :                     
(2)  895/    472E :                     ; ----------------------------------------------
(2)  896/    472E :                     
(2)  897/    472E :                     .show_table_fm:
(2)  898/    472E : 41F8 4E7E           		lea	(strL_FmOnly),a0
(2)  899/    4732 : 7C00                		moveq	#0,d6
(2)  900/    4734 : 7A00                		moveq	#0,d5
(2)  901/    4736 : 3C13                		move.w	(a3),d6
(2)  902/    4738 : 6A06                		bpl.s	.is_fmgood
(2)  903/    473A : 6100 CA98           		bsr	Video_Print
(2)  904/    473E : 6028                		bra.s	.from_fmbad
(2)  905/    4740 :                     .is_fmgood:
(2)  906/    4740 : 3A06                		move.w	d6,d5
(2)  907/    4742 : D0FC 0004           		adda	#4,a0
(2)  908/    4746 : 0246 001F           		andi.w	#%00011111,d6
(2)  909/    474A : E34E                		lsl.w	#1,d6
(2)  910/    474C : D0C6                		adda	d6,a0
(2)  911/    474E : 6100 CA84           		bsr	Video_Print
(2)  912/    4752 : 3800                		move.w	d0,d4
(2)  913/    4754 : 5440                		addq.w	#2,d0
(2)  914/    4756 : 0245 00E0           		andi.w	#%11100000,d5
(2)  915/    475A : E84D                		lsr.w	#4,d5
(2)  916/    475C : 41F8 4EBE           		lea	(strL_LazyVal),a0
(2)  917/    4760 : D0C5                		adda	d5,a0
(2)  918/    4762 : 6100 CA70           		bsr	Video_Print
(2)  919/    4766 : 3004                		move.w	d4,d0
(2)  920/    4768 :                     .from_fmbad:
(2)  921/    4768 :                     ; 		addq.w	#1,d1
(2)  922/    4768 : 5840                		addq.w	#4,d0
(2)  923/    476A : D6FC 0004           		adda	#4,a3
(2)  924/    476E : 51CF FFBE           		dbf	d7,.show_table_fm
(2)  925/    4772 : 4E75                		rts
(2)  926/    4774 :                     
(2)  927/    4774 :                     .show_table:
(2)  928/    4774 : 41F8 4B7A           		lea	(strL_NoteList),a0
(2)  929/    4778 : 7C00                		moveq	#0,d6
(2)  930/    477A : 3C13                		move.w	(a3),d6
(2)  931/    477C : 6B08                		bmi.s	.val_bad
(2)  932/    477E : D0FC 0004           		adda	#4,a0
(2)  933/    4782 : DC46                		add.w	d6,d6
(2)  934/    4784 : D0C6                		adda	d6,a0
(2)  935/    4786 :                     .val_bad:
(2)  936/    4786 : 6100 CA4C           		bsr	Video_Print
(2)  937/    478A :                     ; 		addq.w	#1,d1
(2)  938/    478A : 5840                		addq.w	#4,d0
(2)  939/    478C : D6FC 0004           		adda	#4,a3
(2)  940/    4790 : 51CF FFE2           		dbf	d7,.show_table
(2)  941/    4794 : 4E75                		rts
(2)  942/    4796 :                     		
(2)  943/    4796 :                     ; ------------------------------------------------------
(2)  944/    4796 :                     ; !@ Joypad handler
(2)  945/    4796 :                     ; Uses: a6,d7
(2)  946/    4796 :                     ; ------------------------------------------------------		
(2)  947/    4796 :                     .joyHandler:
(2)  948/    4796 :                     	;Handle hold states
(2)  949/    4796 : 4DF8 F0F8           	lea	(Controller_1).w,a6					;Put controller1_hold into RAM_Glbl_joy_hold (will be pico_pen in pico mode)
(2)  950/    479A : 3E2E 0002           	move.w	pad_hold(a6),d7
(2)  951/    479E : 33C7 FFFF D008      	move.w	d7,(RAM_Glbl_joy_hold).l
(2)  952/    47A4 : 4DF8 F10E           	lea	(Controller_2).w,a6					;Put controller2_hold into RAM_Glbl_joy2_hold (will be pico_ext in pico mode, P2 in Genesis mode)
(2)  953/    47A8 : 3E2E 0002           	move.w	pad_hold(a6),d7
(2)  954/    47AC : 33C7 FFFF D00E      	move.w	d7,(RAM_Glbl_joy2_hold).l
(2)  955/    47B2 : 4DF8 F124           	lea	(Controller_3).w,a6					;Put controller3_hold into d7
(2)  956/    47B6 : 3E2E 0002           	move.w	pad_hold(a6),d7
(2)  957/    47BA : 8F79 FFFF D00E      	or.w	d7,(RAM_Glbl_joy2_hold).l		;OR (RAM_Glbl_joy2_hold,d7)
(2)  958/    47C0 : 4DF8 F13A           	lea	(Controller_4).w,a6					;Ditto OR for controller4_hold
(2)  959/    47C4 : 3E2E 0002           	move.w	pad_hold(a6),d7
(2)  960/    47C8 : 8F79 FFFF D00E      	or.w	d7,(RAM_Glbl_joy2_hold).l	
(2)  961/    47CE : 4DF8 F150           	lea	(Controller_5).w,a6					;Ditto OR for controller5_hold
(2)  962/    47D2 : 3E2E 0002           	move.w	pad_hold(a6),d7
(2)  963/    47D6 : 8F79 FFFF D00E      	or.w	d7,(RAM_Glbl_joy2_hold).l
(2)  964/    47DC :                     		
(2)  965/    47DC :                     	;Repeat everything above, but for controller_press
(2)  966/    47DC : 4DF8 F0F8           	lea	(Controller_1).w,a6
(2)  967/    47E0 : 3E2E 0004           	move.w	pad_press(a6),d7
(2)  968/    47E4 : 33C7 FFFF D00A      	move.w	d7,(RAM_Glbl_joy_press).l
(2)  969/    47EA : 4DF8 F10E           	lea	(Controller_2).w,a6
(2)  970/    47EE : 3E2E 0004           	move.w	pad_press(a6),d7
(2)  971/    47F2 : 33C7 FFFF D010      	move.w	d7,(RAM_Glbl_joy2_press).l
(2)  972/    47F8 : 4DF8 F124           	lea	(Controller_3).w,a6
(2)  973/    47FC : 3E2E 0004           	move.w	pad_press(a6),d7
(2)  974/    4800 : 8F79 FFFF D010      	or.w	d7,(RAM_Glbl_joy2_press).l	
(2)  975/    4806 : 4DF8 F13A           	lea	(Controller_4).w,a6
(2)  976/    480A : 3E2E 0004           	move.w	pad_press(a6),d7
(2)  977/    480E : 8F79 FFFF D010      	or.w	d7,(RAM_Glbl_joy2_press).l	
(2)  978/    4814 : 4DF8 F150           	lea	(Controller_5).w,a6
(2)  979/    4818 : 3E2E 0004           	move.w	pad_press(a6),d7
(2)  980/    481C : 8F79 FFFF D010      	or.w	d7,(RAM_Glbl_joy2_press).l
(2)  981/    4822 :                     	
(2)  982/    4822 :                     	;Repeat everything above, but for controller_release
(2)  983/    4822 : 4DF8 F0F8           	lea	(Controller_1).w,a6
(2)  984/    4826 : 3E2E 0006           	move.w	pad_release(a6),d7
(2)  985/    482A : 33C7 FFFF D00C      	move.w	d7,(RAM_Glbl_joy_release).l
(2)  986/    4830 : 4DF8 F10E           	lea	(Controller_2).w,a6
(2)  987/    4834 : 3E2E 0006           	move.w	pad_release(a6),d7
(2)  988/    4838 : 33C7 FFFF D012      	move.w	d7,(RAM_Glbl_joy2_release).l
(2)  989/    483E : 4DF8 F124           	lea	(Controller_3).w,a6
(2)  990/    4842 : 3E2E 0006           	move.w	pad_release(a6),d7
(2)  991/    4846 : 8F79 FFFF D012      	or.w	d7,(RAM_Glbl_joy2_release).l	
(2)  992/    484C : 4DF8 F13A           	lea	(Controller_4).w,a6
(2)  993/    4850 : 3E2E 0006           	move.w	pad_release(a6),d7
(2)  994/    4854 : 8F79 FFFF D012      	or.w	d7,(RAM_Glbl_joy2_release).l	
(2)  995/    485A : 4DF8 F150           	lea	(Controller_5).w,a6
(2)  996/    485E : 3E2E 0006           	move.w	pad_release(a6),d7
(2)  997/    4862 : 8F79 FFFF D012      	or.w	d7,(RAM_Glbl_joy2_release).l
(2)  998/    4868 :                     	
(2)  999/    4868 :                     	;Concatenate everything for final hold,press,release logical bitfields
(2) 1000/    4868 : 4DF9 FFFF D008      	lea		(RAM_Glbl_joy_hold).l,a6	;Load final joy_hold into a6
(2) 1001/    486E : 3E39 FFFF D00E      	move.w	(RAM_Glbl_joy2_hold).l,d7	;Move joy2_hold value into d7
(2) 1002/    4874 : 8F56                	or.w	d7,(a6)						;OR d7,valueAt(a6)
(2) 1003/    4876 :                     	;Repeat for joy_press
(2) 1004/    4876 : 4DF9 FFFF D00A      	lea		(RAM_Glbl_joy_press).l,a6
(2) 1005/    487C : 3E39 FFFF D010      	move.w	(RAM_Glbl_joy2_press).l,d7
(2) 1006/    4882 : 8F56                	or.w	d7,(a6)	
(2) 1007/    4884 :                     	;Repeat for joy_release
(2) 1008/    4884 : 4DF9 FFFF D00C      	lea		(RAM_Glbl_joy_release).l,a6
(2) 1009/    488A : 3E39 FFFF D012      	move.w	(RAM_Glbl_joy2_release).l,d7
(2) 1010/    4890 : 8F56                	or.w	d7,(a6)
(2) 1011/    4892 :                     	
(2) 1012/    4892 :                     	;If Genesis mode, overwrite joy2_hold,_press,_release with just final bitfield. We dont care
(2) 1026/    4892 : 4E75                	rts
(2) 1027/    4894 :                     
(2) 1028/    4894 :                     ; ====================================================================
(2) 1029/    4894 :                     ; ------------------------------------------------------
(2) 1030/    4894 :                     ; Objects
(2) 1031/    4894 :                     ; ------------------------------------------------------
(2) 1032/    4894 :                     
(2) 1033/    4894 :                     ; --------------------------------------------------
(2) 1034/    4894 :                     ; Sisi
(2) 1035/    4894 :                     ; --------------------------------------------------
(2) 1036/    4894 :                     
(2) 1037/    4894 :                     obj_Fairy:
(2) 1038/    4894 : 7000                		moveq	#0,d0
(2) 1039/    4896 : 102E 001C           		move.b	obj_index(a6),d0
(2) 1040/    489A : D040                		add.w	d0,d0
(2) 1041/    489C : 323B 0006           		move.w	.list(pc,d0.w),d1
(2) 1042/    48A0 : 4EFB 1002           		jmp	.list(pc,d1.w)
(2) 1043/    48A4 :                     ; ----------------------------------------------
(2) 1044/    48A4 : 0004                .list:		dc.w .init-.list
(2) 1045/    48A6 : 003A                		dc.w .main-.list
(2) 1046/    48A8 :                     ; ----------------------------------------------
(2) 1047/    48A8 :                     .init:
(2) 1048/    48A8 : 1D7C 0001 001C      		move.b	#1,obj_index(a6)
(2) 1049/    48AE : 426E 0020           		clr.w	obj_frame(a6)
(2) 1050/    48B2 : 6100 D55A           		bsr	object_ResetAnim
(2) 1051/    48B6 :                     
(2) 1052/    48B6 : 1E2E 001D           		move.b	obj_subid(a6),d7
(2) 1053/    48BA : 3C07                		move.w	d7,d6
(2) 1054/    48BC : E54E                		lsl.w	#2,d6
(2) 1055/    48BE : 41FA 0108           		lea	.fixd_pos(pc),a0
(2) 1056/    48C2 : 43EE 0028           		lea	obj_ram(a6),a1
(2) 1057/    48C6 : D0C6                		adda	d6,a0
(2) 1058/    48C8 : 32D8                		move.w	(a0)+,(a1)+
(2) 1059/    48CA : 32D8                		move.w	(a0)+,(a1)+
(2) 1060/    48CC :                     
(2) 1061/    48CC : 1E2E 001D           		move.b	obj_subid(a6),d7
(2) 1062/    48D0 : CEFC 002A           		mulu.w	#42,d7
(2) 1063/    48D4 : EB4F                		lsl.w	#5,d7
(2) 1064/    48D6 : 2007                		move.l	d7,d0
(2) 1065/    48D8 : 6100 D1E6           		bsr	System_DiceRoll
(2) 1066/    48DC :                     ; 		neg.w	d7
(2) 1067/    48DC : 32C0                		move.w	d0,(a1)+
(2) 1068/    48DE :                     
(2) 1069/    48DE :                     ; ----------------------------------------------
(2) 1070/    48DE :                     .main:
(2) 1071/    48DE : 4BEE 0028           		lea	obj_ram(a6),a5
(2) 1072/    48E2 : 49F8 CA76           		lea	(RAM_GemaStatus).w,a4
(2) 1073/    48E6 :                     	; a5
(2) 1074/    48E6 :                     	; 0 - X base
(2) 1075/    48E6 :                     	; 2 - Y base
(2) 1076/    48E6 :                     	; 4 - Tan
(2) 1077/    48E6 : 7600                		moveq	#0,d3
(2) 1078/    48E8 : 162E 001D           		move.b	obj_subid(a6),d3
(2) 1079/    48EC : D643                		add.w	d3,d3
(2) 1080/    48EE : D8C3                		adda	d3,a4
(2) 1081/    48F0 :                     ; 		lsl.w	#3,d3
(2) 1082/    48F0 : 3415                		move.w	(a5),d2
(2) 1083/    48F2 : 362D 0002           		move.w	2(a5),d3
(2) 1084/    48F6 : 383C 0002           		move.w	#2,d4			; Multiply
(2) 1085/    48FA : 082C 0007 0001      		btst	#7,1(a4)
(2) 1086/    4900 : 6704                		beq.s	.not_enbls
(2) 1087/    4902 : 383C 0004           		move.w	#4,d4
(2) 1088/    4906 :                     .not_enbls:
(2) 1089/    4906 : 302D 0004           		move.w	4(a5),d0
(2) 1090/    490A : E848                		lsr.w	#4,d0
(2) 1091/    490C : 6100 D1D6           		bsr	System_SineWave
(2) 1092/    4910 : C3C4                		muls.w	d4,d1
(2) 1093/    4912 : E041                		asr.w	#8,d1
(2) 1094/    4914 : 9441                		sub.w	d1,d2
(2) 1095/    4916 : 302D 0004           		move.w	4(a5),d0
(2) 1096/    491A : E848                		lsr.w	#4,d0
(2) 1097/    491C : 082C 0000 0001      		btst	#0,1(a4)
(2) 1098/    4922 : 6702                		beq.s	.not_enbl2
(2) 1099/    4924 : D040                		add.w	d0,d0
(2) 1100/    4926 :                     .not_enbl2:
(2) 1101/    4926 : 6100 D1B2           		bsr	System_SineWave_Cos
(2) 1102/    492A : C3C4                		muls.w	d4,d1
(2) 1103/    492C : E041                		asr.w	#8,d1
(2) 1104/    492E : 9641                		sub.w	d1,d3
(2) 1105/    4930 :                     
(2) 1106/    4930 : 383C 0040           		move.w	#$40,d4
(2) 1107/    4934 : 082C 0007 0001      		btst	#7,1(a4)
(2) 1108/    493A : 6704                		beq.s	.not_enbl
(2) 1109/    493C : 383C 0090           		move.w	#$90,d4
(2) 1110/    4940 :                     .not_enbl:
(2) 1111/    4940 : D96D 0004           		addi.w	d4,4(a5)
(2) 1112/    4944 :                     		
(2) 1113/    4944 :                     		;!@ Mouse moving sprite
(2) 1114/    4944 : 182E 001D           		move.b	obj_subid(a6),d4
(2) 1115/    4948 : 0C04 0003           		cmpi.b	#$03,d4
(2) 1116/    494C : 6D14                		blt.s	.regular
(2) 1117/    494E : 4E71                		nop		
(2) 1119/    4950 : 4BF9 FFFF F0F8      		lea	(Controller_1).l,a5
(2) 1120/    4956 : 342D 0008           		move.w	pad_x(a5),d2
(2) 1121/    495A : 362D 000A           		move.w	pad_y(a5),d3
(2) 1122/    495E : 0243 00FF           		andi.w	#$00FF,d3
(2) 1124/    4962 :                     .regular:
(2) 1125/    4962 : 3D42 0004           		move.w	d2,obj_x(a6)
(2) 1126/    4966 : 3D43 0008           		move.w	d3,obj_y(a6)
(2) 1127/    496A :                     
(2) 1128/    496A :                     .not_mouse:
(2) 1129/    496A : 41FA 002E           		lea	.anim_data(pc),a0
(2) 1130/    496E : 6100 D4D6           		bsr	object_Animate
(2) 1131/    4972 :                     
(2) 1132/    4972 : 7000                		moveq	#0,d0
(2) 1133/    4974 : 102E 001D           		move.b	obj_subid(a6),d0
(2) 1134/    4978 : E748                		lsl.w	#3,d0
(2) 1135/    497A : 41FB 002C           		lea	.sub_ids(pc,d0.w),a0
(2) 1136/    497E : 3428 0004           		move.w	4(a0),d2
(2) 1137/    4982 : 2250                		move.l	(a0),a1
(2) 1138/    4984 : 207C 0000 0000      		move.l	#0,a0
(2) 1139/    498A : 302E 0004           		move.w	obj_x(a6),d0
(2) 1140/    498E : 322E 0008           		move.w	obj_y(a6),d1
(2) 1141/    4992 : 362E 0020           		move.w	obj_frame(a6),d3
(2) 1142/    4996 : 6000 CC7C           		bra	Video_MakeSprMap
(2) 1143/    499A :                     
(2) 1144/    499A :                     ; ----------------------------------------------
(2) 1145/    499A :                     
(2) 1146/    499A :                     .anim_data:
(2) 1147/    499A : 0002                		dc.w .anim_00-.anim_data
(2) 1148/    499C :                     .anim_00:
(2) 1149/    499C : 0008                		dc.w 8
(2) 1150/    499E : 0000 0001 0002      		dc.w 0,1,2,1
             49A4 : 0001             
(2) 1151/    49A6 : FFFE                		dc.w -2
(2) 1152/    49A8 :                     		align 2
(2) 1153/    49A8 :                     .sub_ids:
(2) 1154/    49A8 : 0003 A5AA           		dc.l objMap_Dodo
(2) 1155/    49AC : 0002 0000           		dc.w setVram_Dodo,0
(2) 1156/    49B0 : 0003 A5CE           		dc.l objMap_Mimi
(2) 1157/    49B4 : 0032 0000           		dc.w setVram_Mimi,0
(2) 1158/    49B8 : 0003 A5F2           		dc.l objMap_Fifi
(2) 1159/    49BC : 0062 0000           		dc.w setVram_Fifi,0
(2) 1160/    49C0 :                     		;!@ New fairy for mouse ptr
(2) 1161/    49C0 : 0003 A5F2           		dc.l objMap_Fifi
(2) 1162/    49C4 : 0092 0000           		dc.w setVram_Pifi,0
(2) 1163/    49C8 :                     		align 2
(2) 1164/    49C8 :                     
(2) 1165/    49C8 :                     .fixd_pos:
(2) 1166/    49C8 :                     		;!@
(2) 1167/    49C8 :                     		;dc.w $B8,$50
(2) 1168/    49C8 :                     		;dc.w $B8+$24,$50
(2) 1169/    49C8 :                     		;dc.w $B8+$48,$50
(2) 1170/    49C8 : 00B8 0040           		dc.w $B8,$40
(2) 1171/    49CC : 00DC 0040           		dc.w $B8+$24,$40
(2) 1172/    49D0 : 0100 0040           		dc.w $B8+$48,$40
(2) 1173/    49D4 : 012A 0040           		dc.w $B8+$72,$40
(2) 1174/    49D8 :                     		align 2
(2) 1175/    49D8 :                     
(2) 1176/    49D8 :                     ; ====================================================================
(2) 1177/    49D8 :                     ; ------------------------------------------------------
(2) 1178/    49D8 :                     ; Subroutines
(2) 1179/    49D8 :                     ; ------------------------------------------------------
(2) 1180/    49D8 :                     
(2) 1181/    49D8 :                     ; ====================================================================
(2) 1182/    49D8 :                     ; ------------------------------------------------------
(2) 1183/    49D8 :                     ; Includes for this screen
(2) 1184/    49D8 :                     ; ------------------------------------------------------
(2) 1185/    49D8 :                     
(2) 1186/    49D8 :                     ; ====================================================================
(2) 1187/    49D8 :                     ; ------------------------------------------------------
(2) 1188/    49D8 :                     ; Custom VBlank
(2) 1189/    49D8 :                     ; ------------------------------------------------------
(2) 1190/    49D8 :                     
(2) 1191/    49D8 :                     ; ------------------------------------------------------
(2) 1192/    49D8 :                     ; Custom HBlank
(2) 1193/    49D8 :                     ; ------------------------------------------------------
(2) 1194/    49D8 :                     
(2) 1195/    49D8 :                     ; ====================================================================
(2) 1196/    49D8 :                     ; ------------------------------------------------------
(2) 1197/    49D8 :                     ; Small data section
(2) 1198/    49D8 :                     ; ------------------------------------------------------
(2) 1199/    49D8 :                     
(2) 1200/    49D8 :                     ; EXTERNAL BEATS FOR EACH TRACK
(2) 1201/    49D8 :                     exgema_beats:
(2) 1202/    49D8 : 00D6                	dc.w 214
(2) 1203/    49DA : 00D6                	dc.w 214
(2) 1204/    49DC : 00D6                	dc.w 214
(2) 1205/    49DE : 00C0                	dc.w 192
(2) 1206/    49E0 : 00C0                	dc.w 192
(2) 1207/    49E2 : 00D6                	dc.w 214
(2) 1208/    49E4 : 00B8                	dc.w $00B8
(2) 1209/    49E6 : 00C0                	dc.w 192
(2) 1210/    49E8 : 00C0                	dc.w 192
(2) 1211/    49EA : 00D6                	dc.w 214
(2) 1212/    49EC : 00D6                	dc.w 214
(2) 1213/    49EE : 00D6                	dc.w 214
(2) 1214/    49F0 : 00D6                	dc.w 214
(2) 1215/    49F2 : 00D6                	dc.w 214
(2) 1216/    49F4 : 00D6                	dc.w 214
(2) 1217/    49F6 : 00D6                	dc.w 214
(2) 1218/    49F8 : 00D6                	dc.w 214
(2) 1219/    49FA : 00D6                	dc.w 214
(2) 1220/    49FC : 00D6                	dc.w 214
(2) 1221/    49FE : 00D6                	dc.w 214
(2) 1222/    4A00 : 00D6                	dc.w 214
(2) 1223/    4A02 : 00D6                	dc.w 214
(2) 1224/    4A04 : 00D6                	dc.w 214
(2) 1225/    4A06 : 00D6                	dc.w 214
(2) 1226/    4A08 :                     
(2) 1227/    4A08 :                     ArtList_Stuff:
(2) 1228/    4A08 :                     		;!@ dc.w 3
(2) 1229/    4A08 : 0004                		dc.w 4
(2) 1230/    4A0A : 0003 940A           		dc.l Art_FairyDodo
(2) 1231/    4A0E : 0040                		dc.w cell_num(setVram_Dodo)
(2) 1232/    4A10 : 0600                		dc.w cell_num($30)
(2) 1233/    4A12 : 0003 9A0A           		dc.l Art_FairyMimi
(2) 1234/    4A16 : 0640                		dc.w cell_num(setVram_Mimi)
(2) 1235/    4A18 : 0600                		dc.w cell_num($30)
(2) 1236/    4A1A : 0003 A00A           		dc.l Art_FairyFifi
(2) 1237/    4A1E : 0C40                		dc.w cell_num(setVram_Fifi)
(2) 1238/    4A20 : 0600                		dc.w cell_num($30)
(2) 1239/    4A22 :                     		;!@
(2) 1240/    4A22 : 0003 A00A           		dc.l Art_FairyFifi
(2) 1241/    4A26 : 1240                		dc.w cell_num(setVram_Pifi)
(2) 1242/    4A28 : 0600                		dc.w cell_num($30)
(2) 1243/    4A2A :                     		align 2
(2) 1244/    4A2A :                     
(2) 1245/    4A2A :                     str_TesterTitle:
(2) 1246/    4A2A : 4745 4D41 2053      		dc.b "GEMA Sound Test",0
             4A30 : 6F75 6E64 2054 
             4A36 : 6573 7400          
(2) 1247/    4A3A :                     		align 2
(2) 1248/    4A3A :                     ;!@
(2) 1249/    4A3A :                     str_TesterTitle2:
(2) 1250/    4A3A : 4D65 6761 2D50      		dc.b "Mega-Pico mode test",0
             4A40 : 6963 6F20 6D6F 
             4A46 : 6465 2074 6573 
             4A4C : 7400             
(2) 1251/    4A4E :                     		align 2
(2) 1252/    4A4E :                     
(2) 1253/    4A4E :                     str_TesterInfo:
(2) 1254/    4A4E : 5365 7123 2042      		dc.b "Seq# Blk# Indx",$0A
             4A54 : 6C6B 2320 496E 
             4A5A : 6478 0A          
(2) 1255/    4A5D :                     		;!@ dc.b $0A,$0A,$0A,$0A
(2) 1256/    4A5D : 0A0A                		dc.b $0A,$0A
(2) 1257/    4A5F : 4265 6174 733A 20   		dc.b "Beats: "
(2) 1258/    4A66 : 00                  		dc.b 0
(2) 1259/    4A67 :                     		align 2
(2) 1260/    4A68 :                     str_TesterInfo2:
(2) 1261/    4A68 :                     		     ;01234567890123456789
(2) 1262/    4A68 : 5069 636F 2054      		dc.b "Pico Type/Ver: $    ",$0A
             4A6E : 7970 652F 5665 
             4A74 : 723A 2024 2020 
             4A7A : 2020 0A          
(2) 1263/    4A7D :                     			 ;01234567890123456789
(2) 1264/    4A7D : 5065 6E58 593A      		dc.b "PenXY: $    ,     ",$0A
             4A83 : 2024 2020 2020 
             4A89 : 2C20 2020 2020 0A 
(2) 1265/    4A90 :                     		     ;01234567890123456789
(2) 1266/    4A90 : 426F 6F6B 3A20      		dc.b "Book: $  ,  "
             4A96 : 2420 202C 2020    
(2) 1267/    4A9C : 00                  		dc.b 0
(2) 1268/    4A9D :                     		align 2
(2) 1269/    4A9E :                     str_TesterInfo3:
(2) 1271/    4A9E : 4274 6E3A 2024      		dc.b "Btn: $    ,    ,    ,    ,    ,    ",$0A
             4AA4 : 2020 2020 2C20 
             4AAA : 2020 202C 2020 
             4AB0 : 2020 2C20 2020 
             4AB6 : 202C 2020 2020 
             4ABC : 2C20 2020 200A    
(2) 1272/    4AC2 : 2020 2020 2020      		dc.b "      Pco  Pcox  P1   P2  ext ,cmbo"
             4AC8 : 5063 6F20 2050 
             4ACE : 636F 7820 2050 
             4AD4 : 3120 2020 5032 
             4ADA : 2020 6578 7420 
             4AE0 : 2C63 6D62 6F       
(2) 1277/    4AE5 : 00                  		dc.b 0
(2) 1278/    4AE6 :                     		align 2
(2) 1279/    4AE6 :                     str_Instruc:
(2) 1281/    4AE6 : 5047 2F4C 5220      		dc.b "PG/LR - Seq. Num#   XY - Track index",$0A
             4AEC : 2D20 5365 712E 
             4AF2 : 204E 756D 2320 
             4AF8 : 2020 5859 202D 
             4AFE : 2054 7261 636B 
             4B04 : 2069 6E64 6578 0A 
(2) 1282/    4B0B : 574F 2F55 4420      		dc.b "WO/UD - Seq. Blk#",$0A
             4B11 : 2D20 5365 712E 
             4B17 : 2042 6C6B 230A    
(2) 1283/    4B1D : 2020 2020 4120      		dc.b "    A - STOP ALL",$0A
             4B23 : 2D20 5354 4F50 
             4B29 : 2041 4C4C 0A       
(2) 1284/    4B2E : 5245 442F 4220      		dc.b "RED/B - STOP Seq.",$0A
             4B34 : 2D20 5354 4F50 
             4B3A : 2053 6571 2E0A    
(2) 1285/    4B40 : 5045 4E2F 4320      		dc.b "PEN/C - PLAY Seq. Z - PLAY auto-fill"
             4B46 : 2D20 504C 4159 
             4B4C : 2053 6571 2E20 
             4B52 : 5A20 2D20 504C 
             4B58 : 4159 2061 7574 
             4B5E : 6F2D 6669 6C6C    
(2) 1286/    4B64 : 00                  		dc.b 0
(2) 1295/    4B65 :                     		align 2
(2) 1296/    4B66 :                     
(2) 1297/    4B66 :                     str_VmInfo:
(2) 1298/    4B66 : 5053 470A           		dc.b "PSG",$0A
(2) 1299/    4B6A : 464D 0A             		dc.b "FM",$0A
(2) 1300/    4B6D : 5043 4D0A           		dc.b "PCM",$0A
(2) 1301/    4B71 : 5057 4D0A           		dc.b "PWM",$0A
(2) 1302/    4B75 :                     		;!@
(2) 1303/    4B75 :                     		;if PICO
(2) 1304/    4B75 : 5043 4F             		dc.b "PCO"
(2) 1305/    4B78 :                     		;endif
(2) 1306/    4B78 : 00                  		dc.b 0
(2) 1307/    4B79 :                     		align 2
(2) 1308/    4B7A :                     		
(2) 1309/    4B7A :                     ;!@
(2) 1310/    4B7A :                     ; strL_NoteNull:
(2) 1311/    4B7A :                     		; dc.b "---",0
(2) 1312/    4B7A :                     		; align 2
(2) 1313/    4B7A :                     
(2) 1314/    4B7A :                     strL_NoteList:
(2) 1315/    4B7A : 2D2D 2D00           		dc.b "---",0
(2) 1316/    4B7E : 432D 3000 4323      		dc.b "C-0",0,"C#0",0,"D-0",0,"D#0",0,"E-0",0,"F-0",0,"F#0",0,"G-0",0,"G#0",0,"A-0",0,"A#0",0,"B-0",0
             4B84 : 3000 442D 3000 
             4B8A : 4423 3000 452D 
             4B90 : 3000 462D 3000 
             4B96 : 4623 3000 472D 
             4B9C : 3000 4723 3000 
             4BA2 : 412D 3000 4123 
             4BA8 : 3000 422D 3000    
(2) 1317/    4BAE : 432D 3100 4323      		dc.b "C-1",0,"C#1",0,"D-1",0,"D#1",0,"E-1",0,"F-1",0,"F#1",0,"G-1",0,"G#1",0,"A-1",0,"A#1",0,"B-1",0
             4BB4 : 3100 442D 3100 
             4BBA : 4423 3100 452D 
             4BC0 : 3100 462D 3100 
             4BC6 : 4623 3100 472D 
             4BCC : 3100 4723 3100 
             4BD2 : 412D 3100 4123 
             4BD8 : 3100 422D 3100    
(2) 1318/    4BDE : 432D 3200 4323      		dc.b "C-2",0,"C#2",0,"D-2",0,"D#2",0,"E-2",0,"F-2",0,"F#2",0,"G-2",0,"G#2",0,"A-2",0,"A#2",0,"B-2",0
             4BE4 : 3200 442D 3200 
             4BEA : 4423 3200 452D 
             4BF0 : 3200 462D 3200 
             4BF6 : 4623 3200 472D 
             4BFC : 3200 4723 3200 
             4C02 : 412D 3200 4123 
             4C08 : 3200 422D 3200    
(2) 1319/    4C0E : 432D 3300 4323      		dc.b "C-3",0,"C#3",0,"D-3",0,"D#3",0,"E-3",0,"F-3",0,"F#3",0,"G-3",0,"G#3",0,"A-3",0,"A#3",0,"B-3",0
             4C14 : 3300 442D 3300 
             4C1A : 4423 3300 452D 
             4C20 : 3300 462D 3300 
             4C26 : 4623 3300 472D 
             4C2C : 3300 4723 3300 
             4C32 : 412D 3300 4123 
             4C38 : 3300 422D 3300    
(2) 1320/    4C3E : 432D 3400 4323      		dc.b "C-4",0,"C#4",0,"D-4",0,"D#4",0,"E-4",0,"F-4",0,"F#4",0,"G-4",0,"G#4",0,"A-4",0,"A#4",0,"B-4",0
             4C44 : 3400 442D 3400 
             4C4A : 4423 3400 452D 
             4C50 : 3400 462D 3400 
             4C56 : 4623 3400 472D 
             4C5C : 3400 4723 3400 
             4C62 : 412D 3400 4123 
             4C68 : 3400 422D 3400    
(2) 1321/    4C6E : 432D 3500 4323      		dc.b "C-5",0,"C#5",0,"D-5",0,"D#5",0,"E-5",0,"F-5",0,"F#5",0,"G-5",0,"G#5",0,"A-5",0,"A#5",0,"B-5",0
             4C74 : 3500 442D 3500 
             4C7A : 4423 3500 452D 
             4C80 : 3500 462D 3500 
             4C86 : 4623 3500 472D 
             4C8C : 3500 4723 3500 
             4C92 : 412D 3500 4123 
             4C98 : 3500 422D 3500    
(2) 1322/    4C9E : 432D 3600 4323      		dc.b "C-6",0,"C#6",0,"D-6",0,"D#6",0,"E-6",0,"F-6",0,"F#6",0,"G-6",0,"G#6",0,"A-6",0,"A#6",0,"B-6",0
             4CA4 : 3600 442D 3600 
             4CAA : 4423 3600 452D 
             4CB0 : 3600 462D 3600 
             4CB6 : 4623 3600 472D 
             4CBC : 3600 4723 3600 
             4CC2 : 412D 3600 4123 
             4CC8 : 3600 422D 3600    
(2) 1323/    4CCE : 432D 3700 4323      		dc.b "C-7",0,"C#7",0,"D-7",0,"D#7",0,"E-7",0,"F-7",0,"F#7",0,"G-7",0,"G#7",0,"A-7",0,"A#7",0,"B-7",0
             4CD4 : 3700 442D 3700 
             4CDA : 4423 3700 452D 
             4CE0 : 3700 462D 3700 
             4CE6 : 4623 3700 472D 
             4CEC : 3700 4723 3700 
             4CF2 : 412D 3700 4123 
             4CF8 : 3700 422D 3700    
(2) 1324/    4CFE : 432D 3800 4323      		dc.b "C-8",0,"C#8",0,"D-8",0,"D#8",0,"E-8",0,"F-8",0,"F#8",0,"G-8",0,"G#8",0,"A-8",0,"A#8",0,"B-8",0
             4D04 : 3800 442D 3800 
             4D0A : 4423 3800 452D 
             4D10 : 3800 462D 3800 
             4D16 : 4623 3800 472D 
             4D1C : 3800 4723 3800 
             4D22 : 412D 3800 4123 
             4D28 : 3800 422D 3800    
(2) 1325/    4D2E : 432D 3900 4323      		dc.b "C-9",0,"C#9",0,"D-9",0,"D#9",0,"E-9",0,"F-9",0,"F#9",0,"G-9",0,"G#9",0,"A-9",0,"A#9",0,"B-9",0
             4D34 : 3900 442D 3900 
             4D3A : 4423 3900 452D 
             4D40 : 3900 462D 3900 
             4D46 : 4623 3900 472D 
             4D4C : 3900 4723 3900 
             4D52 : 412D 3900 4123 
             4D58 : 3900 422D 3900    
(2) 1326/    4D5E : 3F2D 4100 3F2D      		dc.b "?-A",0,"?-A",0,"?-A",0,"?-A",0,"?-A",0,"?-A",0,"?-A",0,"?-A",0,"?-A",0,"?-A",0,"?-A",0,"?-A",0
             4D64 : 4100 3F2D 4100 
             4D6A : 3F2D 4100 3F2D 
             4D70 : 4100 3F2D 4100 
             4D76 : 3F2D 4100 3F2D 
             4D7C : 4100 3F2D 4100 
             4D82 : 3F2D 4100 3F2D 
             4D88 : 4100 3F2D 4100    
(2) 1327/    4D8E : 3F2D 4200 3F2D      		dc.b "?-B",0,"?-B",0,"?-B",0,"?-B",0,"?-B",0,"?-B",0,"?-B",0,"?-B",0,"?-B",0,"?-B",0,"?-B",0,"?-B",0
             4D94 : 4200 3F2D 4200 
             4D9A : 3F2D 4200 3F2D 
             4DA0 : 4200 3F2D 4200 
             4DA6 : 3F2D 4200 3F2D 
             4DAC : 4200 3F2D 4200 
             4DB2 : 3F2D 4200 3F2D 
             4DB8 : 4200 3F2D 4200    
(2) 1328/    4DBE : 3F2D 4300 3F2D      		dc.b "?-C",0,"?-C",0,"?-C",0,"?-C",0,"?-C",0,"?-C",0,"?-C",0,"?-C",0,"?-C",0,"?-C",0,"?-C",0,"?-C",0
             4DC4 : 4300 3F2D 4300 
             4DCA : 3F2D 4300 3F2D 
             4DD0 : 4300 3F2D 4300 
             4DD6 : 3F2D 4300 3F2D 
             4DDC : 4300 3F2D 4300 
             4DE2 : 3F2D 4300 3F2D 
             4DE8 : 4300 3F2D 4300    
(2) 1329/    4DEE : 3F2D 4400 3F2D      		dc.b "?-D",0,"?-D",0,"?-D",0,"?-D",0,"?-D",0,"?-D",0,"?-D",0,"?-D",0,"?-D",0,"?-D",0,"?-D",0,"?-D",0
             4DF4 : 4400 3F2D 4400 
             4DFA : 3F2D 4400 3F2D 
             4E00 : 4400 3F2D 4400 
             4E06 : 3F2D 4400 3F2D 
             4E0C : 4400 3F2D 4400 
             4E12 : 3F2D 4400 3F2D 
             4E18 : 4400 3F2D 4400    
(2) 1330/    4E1E : 3F2D 4500 3F2D      		dc.b "?-E",0,"?-E",0,"?-E",0,"?-E",0,"?-E",0,"?-E",0,"?-E",0,"?-E",0,"?-E",0,"?-E",0,"?-E",0,"?-E",0
             4E24 : 4500 3F2D 4500 
             4E2A : 3F2D 4500 3F2D 
             4E30 : 4500 3F2D 4500 
             4E36 : 3F2D 4500 3F2D 
             4E3C : 4500 3F2D 4500 
             4E42 : 3F2D 4500 3F2D 
             4E48 : 4500 3F2D 4500    
(2) 1331/    4E4E : 3F2D 4600 3F2D      		dc.b "?-F",0,"?-F",0,"?-F",0,"?-F",0,"?-F",0,"?-F",0,"?-F",0,"?-F",0,"?-F",0,"?-F",0,"?-F",0,"?-F",0
             4E54 : 4600 3F2D 4600 
             4E5A : 3F2D 4600 3F2D 
             4E60 : 4600 3F2D 4600 
             4E66 : 3F2D 4600 3F2D 
             4E6C : 4600 3F2D 4600 
             4E72 : 3F2D 4600 3F2D 
             4E78 : 4600 3F2D 4600    
(2) 1332/    4E7E :                     		align 2
(2) 1333/    4E7E :                     strL_FmOnly:
(2) 1334/    4E7E : 2D2D 2D00           		dc.b "---",0
(2) 1335/    4E82 : 432D 2000 4323      		dc.b "C- ",0,"C# ",0,"D- ",0,"D# ",0,"E- ",0,"F- ",0,"F# ",0,"G- ",0,"G# ",0,"A- ",0,"A# ",0,"B- ",0
             4E88 : 2000 442D 2000 
             4E8E : 4423 2000 452D 
             4E94 : 2000 462D 2000 
             4E9A : 4623 2000 472D 
             4EA0 : 2000 4723 2000 
             4EA6 : 412D 2000 4123 
             4EAC : 2000 422D 2000    
(2) 1336/    4EB2 : 3F2D 2000 3F2D      		dc.b "?- ",0,"?- ",0,"?- ",0
             4EB8 : 2000 3F2D 2000    
(2) 1337/    4EBE :                     		align 2
(2) 1338/    4EBE :                     strL_LazyVal:
(2) 1339/    4EBE : 3000 3100 3200      		dc.b "0",0,"1",0,"2",0,"3",0,"4",0,"5",0,"6",0,"7",0,"8",0,"9",0
             4EC4 : 3300 3400 3500 
             4ECA : 3600 3700 3800 
             4ED0 : 3900             
(2) 1340/    4ED2 :                     		align 2
(2) 1341/    4ED2 :                     str_Speci:
(2) 1342/    4ED2 : 464D 3300           		dc.b "FM3",0
(2) 1343/    4ED6 :                     		align 2
(2) 1344/    4ED6 :                     str_Sampl:
(2) 1345/    4ED6 : 4441 4300           		dc.b "DAC",0
(2) 1346/    4EDA :                     		align 2
(1)   20/    4EDA :                     mcscrn_e:
(1)   20/    4EDA : =$4EDA               MD_SCREEN07_E label *
(1)   20/    4EDA :  (MACRO-2)                   erreport "SCREEN CODE: MD_SCREEN07",mcscrn_e-mcscrn_s,MAX_UserCode
(1)   21/    4EDA :                     
     361/    4EDA :                     
     362/    4EDA :                     ; ====================================================================
     363/    4EDA :                     ; ----------------------------------------------------------------
     364/    4EDA :                     ; DATA
     365/    4EDA :                     ; ----------------------------------------------------------------
     366/    4EDA :                     
     367/    4EDA :                     		include "game/incl_data.asm"
(1)    1/    4EDA :                     ; ====================================================================
(1)    2/    4EDA :                     ; ----------------------------------------------------------------
(1)    3/    4EDA :                     ; DATA Section
(1)    4/    4EDA :                     ; ----------------------------------------------------------------
(1)    5/    4EDA :                     
(1)    6/    4EDA :                     ; ------------------------------------------------------------
(1)    7/    4EDA :                     ; Usage:
(1)    8/    4EDA :                     ;	data_bank LABEL_START
(1)    9/    4EDA :                     ;	include "game/data/your_bank.asm"
(1)   10/    4EDA :                     ;	dend_bank LABEL_END
(1)   11/    4EDA :                     ;
(1)   12/    4EDA :                     ; CD/CD32X ONLY:
(1)   13/    4EDA :                     ; Go to incl_list.asm add an entry in disc_banklist:
(1)   14/    4EDA :                     ; 	dc.l DATA_BANK			; Label
(1)   15/    4EDA :                     ; 	dc.b "BNK_EXMP.BIN"		; ISO filename
(1)   16/    4EDA :                     ;
(1)   17/    4EDA :                     ; And add the labels and ISO filename at iso_files.asm
(1)   18/    4EDA :                     ;
(1)   19/    4EDA :                     ; * This is ONLY required for CD/CD32X, if you forget to
(1)   20/    4EDA :                     ; include it it will crash the entire system.
(1)   21/    4EDA :                     ;
(1)   22/    4EDA :                     ; During your screen code load banks with:
(1)   23/    4EDA :                     ; 	move.l	#DATA_BANK,d0
(1)   24/    4EDA :                     ; 	bsr	System_SetDataBank
(1)   25/    4EDA :                     ;
(1)   26/    4EDA :                     ; You MUST use the banks for compatibility to all systems
(1)   27/    4EDA :                     ; even if the standard Genesis doesn't require it.
(1)   28/    4EDA :                     ; DO note that on SCD and CD32X the DATA banks are stored
(1)   29/    4EDA :                     ; on DISC so loading banks will be SLOW.
(1)   30/    4EDA :                     ; ------------------------------------------------------------
(1)   31/    4EDA :                     
(1)   32/    4EDA : (MACRO)              	data_bank DATA_BANK0
(1)   32/    4EDA : =$4EDA               DATA_BANK0 label *                        ; Register label
(1)   32/    4EDA : =$4EDA               GLBL_MDATA_ST := *                      ; Save current pos globally
(1)   33/    4EDA :                     	include "game/data/bank_main.asm"
(2)    1/    4EDA :                     ; ===========================================================================
(2)    2/    4EDA :                     ; ----------------------------------------------------------------
(2)    3/    4EDA :                     ; BANK data
(2)    4/    4EDA :                     ;
(2)    5/    4EDA :                     ; Special macros:
(2)    6/    4EDA :                     ;
(2)    7/    4EDA :                     ; - VDP graphics:
(2)    8/    4EDA :                     ;	binclude_dma   LABEL_START,"filename"		; For single label
(2)    9/    4EDA :                     ;	binclude_dma_e LABEL_START,LABEL_END,"filename"	; Start and End labels
(2)   10/    4EDA :                     ;
(2)   11/    4EDA :                     ; - 32X SVDP graphics:
(2)   12/    4EDA :                     ; GfxPack_Start:
(2)   13/    4EDA :                     ; 	marsVramData
(2)   14/    4EDA :                     ;
(2)   15/    4EDA :                     ; example_0:
(2)   16/    4EDA :                     ; 	include "your_svdp_graphics.bin"
(2)   17/    4EDA :                     ; 	align 4						; ** Don't forget to align by 4 at the end **
(2)   18/    4EDA :                     ; example_1:
(2)   19/    4EDA :                     ; 	include "more_svdp.bin"
(2)   20/    4EDA :                     ;	align 4
(2)   21/    4EDA :                     ;
(2)   22/    4EDA :                     ;	marsVramDEnd
(2)   23/    4EDA :                     ; GfxPack_End:
(2)   24/    4EDA :                     ; ----------------------------------------------------------------
(2)   25/    4EDA :                     
(2)   26/    4EDA :                     		include "sound/data.asm"		; GEMA sound data
(3)    1/    4EDA :                     ; ===========================================================================
(3)    2/    4EDA :                     ; -------------------------------------------------------------------
(3)    3/    4EDA :                     ; Main sound data
(3)    4/    4EDA :                     ; -------------------------------------------------------------------
(3)    5/    4EDA :                     
(3)    6/    4EDA :                     MainGemaSeqList:
(3)    7/    4EDA : (MACRO)              	gemaTrk 1,3,gtrk_Test0
(3)    7/    4EDA : 8300 4EE2                   dc.l ((1&$01)<<31)|((3&$7F)<<24)|(GTRK_TEST0&$FFFFFF)
(3)    8/    4EDE : (MACRO)              	gemaTrk 1,3,gtrk_Test1	; $0F
(3)    8/    4EDE : 8300 4F06                   dc.l ((1&$01)<<31)|((3&$7F)<<24)|(GTRK_TEST1&$FFFFFF)
(3)    9/    4EE2 :                     
(3)   10/    4EE2 :                     ; ----------------------------------------------------
(3)   11/    4EE2 :                     gtrk_Test0:
(3)   12/    4EE2 : (MACRO)              	gemaHead .blk,.pat,.ins,10
(3)   12/    4EE2 : 000A                        dc.w 10
(3)   12/    4EE4 : 0000 4EF0                   dc.l .BLK
(3)   12/    4EE8 : 0000 4EF2                   dc.l .PAT
(3)   12/    4EEC : 0000 4EFE                   dc.l .INS
(3)   13/    4EF0 :                     .blk:	binclude "sound/seq/test_blk.bin"
(3)   14/    4EF2 :                     .pat:	binclude "sound/seq/test_patt.bin"
(3)   15/    4EFE :                     .ins:
(3)   16/    4EFE : (MACRO)              	gInsDac 0,DacIns_TEST,1
(3)   16/    4EFE : C100 00F7                   dc.b $C0|1,0,((DACINS_TEST>>16)&$FF),((DACINS_TEST>>8)&$FF)
(3)   16/    4F02 : 9C00 0000                   dc.b DACINS_TEST&$FF,0,0,0
(3)   17/    4F06 :                     ; 	gInsDac 0,DacIns_Snare_Rap,0
(3)   18/    4F06 :                     
(3)   19/    4F06 :                     ; ----------------------------------------------------
(3)   20/    4F06 :                     gtrk_Test1:
(3)   21/    4F06 : (MACRO)              	gemaHead .blk,.pat,.ins,10
(3)   21/    4F06 : 000A                        dc.w 10
(3)   21/    4F08 : 0000 4F14                   dc.l .BLK
(3)   21/    4F0C : 0000 4F22                   dc.l .PAT
(3)   21/    4F10 : 0000 9020                   dc.l .INS
(3)   22/    4F14 :                     .blk:	binclude "sound/seq/axe_blk.bin"
(3)   23/    4F22 :                     .pat:	binclude "sound/seq/axe_patt.bin"
(3)   24/    9020 :                     .ins:
(3)   25/    9020 : (MACRO)              	gInsFm 0,FmIns_Vibraphone_1
(3)   25/    9020 : A000 0094                   dc.b $A0,0,((FMINS_VIBRAPHONE_1>>16)&$FF),((FMINS_VIBRAPHONE_1>>8)&$FF)
(3)   25/    9024 : D800 0000                   dc.b FMINS_VIBRAPHONE_1&$FF,$00,$00,$00
(3)   26/    9028 : (MACRO)              	gInsFm 0,FmIns_Organ_drawbar
(3)   26/    9028 : A000 0094                   dc.b $A0,0,((FMINS_ORGAN_DRAWBAR>>16)&$FF),((FMINS_ORGAN_DRAWBAR>>8)&$FF)
(3)   26/    902C : 7800 0000                   dc.b FMINS_ORGAN_DRAWBAR&$FF,$00,$00,$00
(3)   27/    9030 : (MACRO)              	gInsFm -12,FmIns_Bass_Groove_1
(3)   27/    9030 : A0F4 0092                   dc.b $A0,-12,((FMINS_BASS_GROOVE_1>>16)&$FF),((FMINS_BASS_GROOVE_1>>8)&$FF)
(3)   27/    9034 : 5800 0000                   dc.b FMINS_BASS_GROOVE_1&$FF,$00,$00,$00
(3)   28/    9038 : (MACRO)              	gInsFm +12,FmIns_bass_italo
(3)   28/    9038 : A00C 009A                   dc.b $A0,+12,((FMINS_BASS_ITALO>>16)&$FF),((FMINS_BASS_ITALO>>8)&$FF)
(3)   28/    903C : B800 0000                   dc.b FMINS_BASS_ITALO&$FF,$00,$00,$00
(3)   29/    9040 : (MACRO)              	gInsDac 0,DacIns_conga,0
(3)   29/    9040 : C000 00A9                   dc.b $C0|0,0,((DACINS_CONGA>>16)&$FF),((DACINS_CONGA>>8)&$FF)
(3)   29/    9044 : 7A00 0000                   dc.b DACINS_CONGA&$FF,0,0,0
(3)   30/    9048 : (MACRO)              	gInsDac 0,DacIns_conga_low,0
(3)   30/    9048 : C000 00B4                   dc.b $C0|0,0,((DACINS_CONGA_LOW>>16)&$FF),((DACINS_CONGA_LOW>>8)&$FF)
(3)   30/    904C : 5400 0000                   dc.b DACINS_CONGA_LOW&$FF,0,0,0
(3)   31/    9050 : (MACRO)              	gInsDac -12,DacIns_clap,0
(3)   31/    9050 : C0F4 00A0                   dc.b $C0|0,-12,((DACINS_CLAP>>16)&$FF),((DACINS_CLAP>>8)&$FF)
(3)   31/    9054 : 0000 0000                   dc.b DACINS_CLAP&$FF,0,0,0
(3)   32/    9058 : (MACRO)              	gInsFm 0,FmIns_Flaute_1
(3)   32/    9058 : A000 0094                   dc.b $A0,0,((FMINS_FLAUTE_1>>16)&$FF),((FMINS_FLAUTE_1>>8)&$FF)
(3)   32/    905C : 9800 0000                   dc.b FMINS_FLAUTE_1&$FF,$00,$00,$00
(3)   33/    9060 : (MACRO)              	gInsFm 0,FmIns_Hats_1
(3)   33/    9060 : A000 0095                   dc.b $A0,0,((FMINS_HATS_1>>16)&$FF),((FMINS_HATS_1>>8)&$FF)
(3)   33/    9064 : B800 0000                   dc.b FMINS_HATS_1&$FF,$00,$00,$00
(3)   34/    9068 : (MACRO)              	gInsDac +24+2,DacIns_Kick_Strong,0
(3)   34/    9068 : C01A 00C3                   dc.b $C0|0,+24+2,((DACINS_KICK_STRONG>>16)&$FF),((DACINS_KICK_STRONG>>8)&$FF)
(3)   34/    906C : 2E00 0000                   dc.b DACINS_KICK_STRONG&$FF,0,0,0
(3)   35/    9070 : (MACRO)              	gInsDac +12,DacIns_Snare,0
(3)   35/    9070 : C00C 00DD                   dc.b $C0|0,+12,((DACINS_SNARE>>16)&$FF),((DACINS_SNARE>>8)&$FF)
(3)   35/    9074 : F800 0000                   dc.b DACINS_SNARE&$FF,0,0,0
(3)   36/    9078 : (MACRO)              	gInsNull
(3)   36/    9078 : 0000 0000                   dc.b $00,$00,$00,$00
(3)   36/    907C : 0000 0000                   dc.b $00,$00,$00,$00
(3)   37/    9080 : (MACRO)              	gInsPsg 0,$00,$00,$00,$00,$02,$00
(3)   37/    9080 : 8000 0000                   dc.b $80,0,$00,$00
(3)   37/    9084 : 0000 0200                   dc.b $00,$00,$02,$00
(3)   38/    9088 : (MACRO)              	gInsNull
(3)   38/    9088 : 0000 0000                   dc.b $00,$00,$00,$00
(3)   38/    908C : 0000 0000                   dc.b $00,$00,$00,$00
(3)   39/    9090 : (MACRO)              	gInsNull
(3)   39/    9090 : 0000 0000                   dc.b $00,$00,$00,$00
(3)   39/    9094 : 0000 0000                   dc.b $00,$00,$00,$00
(3)   40/    9098 : (MACRO)              	gInsNull
(3)   40/    9098 : 0000 0000                   dc.b $00,$00,$00,$00
(3)   40/    909C : 0000 0000                   dc.b $00,$00,$00,$00
(3)   41/    90A0 : (MACRO)              	gInsNull
(3)   41/    90A0 : 0000 0000                   dc.b $00,$00,$00,$00
(3)   41/    90A4 : 0000 0000                   dc.b $00,$00,$00,$00
(3)   42/    90A8 : (MACRO)              	gInsNull
(3)   42/    90A8 : 0000 0000                   dc.b $00,$00,$00,$00
(3)   42/    90AC : 0000 0000                   dc.b $00,$00,$00,$00
(3)   43/    90B0 : (MACRO)              	gInsNull
(3)   43/    90B0 : 0000 0000                   dc.b $00,$00,$00,$00
(3)   43/    90B4 : 0000 0000                   dc.b $00,$00,$00,$00
(3)   44/    90B8 :                     
(3)   45/    90B8 :                     ; ===========================================================================
(3)   46/    90B8 :                     ; -------------------------------------------------------------------
(3)   47/    90B8 :                     ; GEMA/Nikona FM instruments
(3)   48/    90B8 :                     ; -------------------------------------------------------------------
(3)   49/    90B8 :                     
(3)   50/    90B8 :                     ; -----------------------------------------------------------
(3)   51/    90B8 :                     ; Normal FM Instruments
(3)   52/    90B8 :                     ; -----------------------------------------------------------
(3)   53/    90B8 :                     
(3)   54/    90B8 :                     FmIns_Bass_big_81:
(3)   55/    90B8 :                     		binclude "sound/ins/fm/bin/bass_big_82.bin"
(3)   56/    90D8 :                     FmIns_Bass_big_110:
(3)   57/    90D8 :                     		binclude "sound/ins/fm/bin/bass_big_110.bin"
(3)   58/    90F8 :                     FmIns_Bass_big_114:
(3)   59/    90F8 :                     		binclude "sound/ins/fm/bin/bass_big_114.bin"
(3)   60/    9118 :                     FmIns_Bass_big_122:
(3)   61/    9118 :                     		binclude "sound/ins/fm/bin/bass_big_122.bin"
(3)   62/    9138 :                     FmIns_Bass_cave_47:
(3)   63/    9138 :                     		binclude "sound/ins/fm/bin/bass_cave_47.bin"
(3)   64/    9158 :                     FmIns_Bass_club_108:
(3)   65/    9158 :                     		binclude "sound/ins/fm/bin/bass_club_108.bin"
(3)   66/    9178 :                     FmIns_Bass_foot_75:
(3)   67/    9178 :                     		binclude "sound/ins/fm/bin/bass_foot_75.bin"
(3)   68/    9198 :                     FmIns_Bass_gem_26:
(3)   69/    9198 :                     		binclude "sound/ins/fm/bin/bass_gem_26.bin"
(3)   70/    91B8 :                     FmIns_Bass_groove_119:
(3)   71/    91B8 :                     		binclude "sound/ins/fm/bin/bass_groove_119.bin"
(3)   72/    91D8 :                     FmIns_Bass_heavy_107:
(3)   73/    91D8 :                     		binclude "sound/ins/fm/bin/bass_heavy_107.bin"
(3)   74/    91F8 :                     FmIns_Bass_heavy_118:
(3)   75/    91F8 :                     		binclude "sound/ins/fm/bin/bass_heavy_118.bin"
(3)   76/    9218 :                     FmIns_Bass_loud_117:
(3)   77/    9218 :                     		binclude "sound/ins/fm/bin/bass_loud_117.bin"
(3)   78/    9238 :                     FmIns_bass_low_46:
(3)   79/    9238 :                     		binclude "sound/ins/fm/bin/bass_low_46.bin"
(3)   80/    9258 :                     FmIns_Bass_Groove_1:
(3)   81/    9258 :                     		binclude "sound/ins/fm/bin/bass_groove_1.bin"
(3)   82/    9278 :                     FmIns_bass_low_81:
(3)   83/    9278 :                     		binclude "sound/ins/fm/bin/bass_low_81.bin"
(3)   84/    9298 :                     FmIns_bass_low_103:
(3)   85/    9298 :                     		binclude "sound/ins/fm/bin/bass_low_103.bin"
(3)   86/    92B8 :                     FmIns_bass_low_106:
(3)   87/    92B8 :                     		binclude "sound/ins/fm/bin/bass_low_106.bin"
(3)   88/    92D8 :                     FmIns_bass_low_126:
(3)   89/    92D8 :                     		binclude "sound/ins/fm/bin/bass_low_126.bin"
(3)   90/    92F8 :                     FmIns_bass_mid_19:
(3)   91/    92F8 :                     		binclude "sound/ins/fm/bin/bass_mid_19.bin"
(3)   92/    9318 :                     FmIns_bass_mid_80:
(3)   93/    9318 :                     		binclude "sound/ins/fm/bin/bass_mid_80.bin"
(3)   94/    9338 :                     FmIns_bass_mid_111:
(3)   95/    9338 :                     		binclude "sound/ins/fm/bin/bass_mid_111.bin"
(3)   96/    9358 :                     FmIns_bass_power_123:
(3)   97/    9358 :                     		binclude "sound/ins/fm/bin/bass_power_123.bin"
(3)   98/    9378 :                     FmIns_bass_silent_53:
(3)   99/    9378 :                     		binclude "sound/ins/fm/bin/bass_silent_53.bin"
(3)  100/    9398 :                     FmIns_bass_slap_10:
(3)  101/    9398 :                     		binclude "sound/ins/fm/bin/bass_slap_10.bin"
(3)  102/    93B8 :                     FmIns_bass_slap_105:
(3)  103/    93B8 :                     		binclude "sound/ins/fm/bin/bass_slap_105.bin"
(3)  104/    93D8 :                     FmIns_bass_synth_60:
(3)  105/    93D8 :                     		binclude "sound/ins/fm/bin/bass_synth_60.bin"
(3)  106/    93F8 :                     FmIns_bass_synth_61:
(3)  107/    93F8 :                     		binclude "sound/ins/fm/bin/bass_synth_61.bin"
(3)  108/    9418 :                     FmIns_bass_synth_72:
(3)  109/    9418 :                     		binclude "sound/ins/fm/bin/bass_synth_72.bin"
(3)  110/    9438 :                     FmIns_bass_synth_73:
(3)  111/    9438 :                     		binclude "sound/ins/fm/bin/bass_synth_73.bin"
(3)  112/    9458 :                     FmIns_bass_vlow_74:
(3)  113/    9458 :                     		binclude "sound/ins/fm/bin/bass_vlow_74.bin"
(3)  114/    9478 :                     FmIns_Organ_drawbar:
(3)  115/    9478 :                     		binclude "sound/ins/fm/bin/organ_drawbar.bin"
(3)  116/    9498 :                     FmIns_Flaute_1:
(3)  117/    9498 :                     		binclude "sound/ins/fm/bin/flaute_1.bin"
(3)  118/    94B8 :                     FmIns_Flaute_2:
(3)  119/    94B8 :                     		binclude "sound/ins/fm/bin/flaute_2.bin"
(3)  120/    94D8 :                     FmIns_Vibraphone_1:
(3)  121/    94D8 :                     		binclude "sound/ins/fm/bin/vibraphone_1.bin"
(3)  122/    94F8 :                     FmIns_Vibraphone_2:
(3)  123/    94F8 :                     		binclude "sound/ins/fm/bin/vibraphone_2.bin"
(3)  124/    9518 :                     FmIns_Xylophone:
(3)  125/    9518 :                     		binclude "sound/ins/fm/bin/xylophone2_43.bin"
(3)  126/    9538 :                     FmIns_Bass_low81:
(3)  127/    9538 :                     		binclude "sound/ins/fm/bin/bass_low_46.bin"
(3)  128/    9558 :                     FmIns_Trumpet_low:
(3)  129/    9558 :                     		binclude "sound/ins/fm/bin/trumpet_low.bin"
(3)  130/    9578 :                     FmIns_Trumpet_genie:
(3)  131/    9578 :                     		binclude "sound/ins/fm/bin/trumpet_genie.bin"
(3)  132/    9598 :                     FmIns_Trumpet_bus:
(3)  133/    9598 :                     		binclude "sound/ins/fm/bin/trumpet_bus.bin"
(3)  134/    95B8 :                     FmIns_Hats_1:
(3)  135/    95B8 :                     		binclude "sound/ins/fm/bin/hats_96.bin"
(3)  136/    95D8 :                     FmIns_Bell_mid36:
(3)  137/    95D8 :                     		binclude "sound/ins/fm/bin/bell_mid_36.bin"
(3)  138/    95F8 :                     FmIns_Bell_62:
(3)  139/    95F8 :                     		binclude "sound/ins/fm/bin/bell_62.bin"
(3)  140/    9618 :                     FmIns_Bell_93:
(3)  141/    9618 :                     		binclude "sound/ins/fm/bin/bell_93.bin"
(3)  142/    9638 :                     FmIns_Bell_low13:
(3)  143/    9638 :                     		binclude "sound/ins/fm/bin/bell_low_13.bin"
(3)  144/    9658 :                     
(3)  145/    9658 :                     FmIns_Drum_Kick:
(3)  146/    9658 :                     		binclude "sound/ins/fm/bin/kick_low.bin"
(3)  147/    9678 :                     FmIns_Tick:
(3)  148/    9678 :                     		binclude "sound/ins/fm/bin/tick_44.bin"
(3)  149/    9698 :                     
(3)  150/    9698 :                     ; -----------------------------------------------------------
(3)  151/    9698 :                     ; Special FM3 Instruments
(3)  152/    9698 :                     ; -----------------------------------------------------------
(3)  153/    9698 :                     
(3)  154/    9698 :                     FmSpIns_clack_1:
(3)  155/    9698 :                     		binclude "sound/ins/fm/bin/fm3_clack_1.bin"
(3)  156/    96C0 :                     FmSpIns_cowbell_h:
(3)  157/    96C0 :                     		binclude "sound/ins/fm/bin/fm3_cowbell_h.bin"
(3)  158/    96E8 :                     FmSpIns_cowbell_l:
(3)  159/    96E8 :                     		binclude "sound/ins/fm/bin/fm3_cowbell_l.bin"
(3)  160/    9710 :                     FmSpIns_hats_hq:
(3)  161/    9710 :                     		binclude "sound/ins/fm/bin/fm3_hats_hq.bin"
(3)  162/    9738 :                     FmSpIns_sfx_alien:
(3)  163/    9738 :                     		binclude "sound/ins/fm/bin/fm3_sfx_alien.bin"
(3)  164/    9760 :                     FmSpIns_sfx_knckbuzz:
(3)  165/    9760 :                     		binclude "sound/ins/fm/bin/fm3_sfx_knckbuzz.bin"
(3)  166/    9788 :                     FmSpIns_sfx_knock_h:
(3)  167/    9788 :                     		binclude "sound/ins/fm/bin/fm3_sfx_knock_h.bin"
(3)  168/    97B0 :                     FmSpIns_sfx_knock_l:
(3)  169/    97B0 :                     		binclude "sound/ins/fm/bin/fm3_sfx_knock_l.bin"
(3)  170/    97D8 :                     FmSpIns_sfx_laser:
(3)  171/    97D8 :                     		binclude "sound/ins/fm/bin/fm3_sfx_laser.bin"
(3)  172/    9800 :                     
(3)  173/    9800 :                     ; -----------------------------------------------------------
(3)  174/    9800 :                     ; FM sound effects
(3)  175/    9800 :                     ; -----------------------------------------------------------
(3)  176/    9800 :                     
(3)  177/    9800 :                     FmIns_sfx_punch:
(3)  178/    9800 :                     		binclude "sound/ins/fm/bin/sfx_punch.bin"
(3)  179/    9820 :                     FmIns_sfx_explode:
(3)  180/    9820 :                     		binclude "sound/ins/fm/bin/sfx_explode.bin"
(3)  181/    9840 :                     FmIns_sfx_slash:
(3)  182/    9840 :                     		binclude "sound/ins/fm/bin/sfx_slash.bin"
(3)  183/    9860 :                     FmIns_sfx_alien1:
(3)  184/    9860 :                     		binclude "sound/ins/fm/bin/sfx_alien_83.bin"
(3)  185/    9880 :                     FmIns_sfx_alien2:
(3)  186/    9880 :                     		binclude "sound/ins/fm/bin/sfx_alien_84.bin"
(3)  187/    98A0 :                     
(3)  188/    98A0 :                     ; ====================================================================
(3)  189/    98A0 :                     
(3)  190/    98A0 :                     ; FM3 Special
(3)  191/    98A0 :                     FmIns_Sp_OpenHat:
(3)  192/    98A0 :                     		binclude "sound/ins/fm/gsx/fm3_openhat.gsx",$2478,$28
(3)  193/    98C8 :                     FmIns_Sp_ClosedHat:
(3)  194/    98C8 :                     		binclude "sound/ins/fm/gsx/fm3_closedhat.gsx",$2478,$28
(3)  195/    98F0 :                     FmIns_Sp_Cowbell:
(3)  196/    98F0 :                     		binclude "sound/ins/fm/gsx/fm3_cowbell.gsx",$2478,$28
(3)  197/    9918 :                     FmIns_Drums_Kick1:
(3)  198/    9918 :                     		binclude "sound/ins/fm/gsx/drum_kick_gem.gsx",$2478,$20
(3)  199/    9938 :                     FmIns_Piano_Aqua:
(3)  200/    9938 :                     		binclude "sound/ins/fm/gsx/piano_aqua.gsx",$2478,$20
(3)  201/    9958 :                     FmIns_HBeat_tom:
(3)  202/    9958 :                     		binclude "sound/ins/fm/gsx/nadia_tom.gsx",$2478,$20
(3)  203/    9978 :                     FmIns_Trumpet_1:
(3)  204/    9978 :                     		binclude "sound/ins/fm/gsx/trumpet_1.gsx",$2478,$20
(3)  205/    9998 :                     FmIns_Bass_duck:
(3)  206/    9998 :                     		binclude "sound/ins/fm/gsx/bass_duck.gsx",$2478,$20
(3)  207/    99B8 :                     FmIns_ClosedHat:
(3)  208/    99B8 :                     		binclude "sound/ins/fm/gsx/hats_closed.gsx",$2478,$20
(3)  209/    99D8 :                     FmIns_Trumpet_carnival:
(3)  210/    99D8 :                     		binclude "sound/ins/fm/gsx/OLD_trumpet_carnivl.gsx",$2478,$20
(3)  211/    99F8 :                     FmIns_Bass_club:
(3)  212/    99F8 :                     		binclude "sound/ins/fm/gsx/OLD_bass_club.gsx",$2478,$20
(3)  213/    9A18 :                     FmIns_Bass_groove_2:
(3)  214/    9A18 :                     		binclude "sound/ins/fm/gsx/bass_groove_2.gsx",$2478,$20
(3)  215/    9A38 :                     FmIns_PSynth_plus:
(3)  216/    9A38 :                     		binclude "sound/ins/fm/gsx/psynth_plus.gsx",$2478,$20
(3)  217/    9A58 :                     FmIns_Brass_7:
(3)  218/    9A58 :                     		binclude "sound/ins/fm/gsx/brass_7.gsx",$2478,$20
(3)  219/    9A78 :                     
(3)  220/    9A78 :                     FmIns_sfx_punch_2:
(3)  221/    9A78 :                     		binclude "sound/ins/fm/gsx/fmsfx_punch.gsx",$2478,$20
(3)  222/    9A98 :                     FmIns_sfx_smash:
(3)  223/    9A98 :                     		binclude "sound/ins/fm/gsx/fmsfx_smash.gsx",$2478,$20
(3)  224/    9AB8 :                     
(3)  225/    9AB8 :                     FmIns_bass_italo:
(3)  226/    9AB8 :                     		binclude "sound/ins/fm/gsx/bass_italo.gsx",$2478,$20
(3)  227/    9AD8 :                     FmIns_Guitar_bball:
(3)  228/    9AD8 :                     		binclude "sound/ins/fm/gsx/guitar_bball.gsx",$2478,$20
(3)  229/    9AF8 :                     
(3)  230/    9AF8 :                     ; ===========================================================================
(3)  231/    9AF8 :                     ; -------------------------------------------------------------------
(3)  232/    9AF8 :                     ; GEMA/Nikona DAC samples
(3)  233/    9AF8 :                     ;
(3)  234/    9AF8 :                     ; 16000hz base
(3)  235/    9AF8 :                     ; -------------------------------------------------------------------
(3)  236/    9AF8 :                     
(3)  237/    9AF8 :                     		align $800
(3)  238/    A000 :                     		;gSmplData Label,"file_path",loop_start
(3)  239/    A000 : (MACRO)              		gSmplData DacIns_clap,"sound/ins/smpl/clap.wav",0
(3)  239/    A000 : =$A000               DACINS_CLAP    label *
(3)  239/    A000 : 7409 00                     dc.b ((DACINS_CLAP_e-DACINS_CLAP_s)&$FF),(((DACINS_CLAP_e-DACINS_CLAP_s)>>8)&$FF),(((DACINS_CLAP_e-DACINS_CLAP_s)>>16)&$FF)       ; dc.b 1,2,3 Length
(3)  239/    A003 : 0000 00                     dc.b ((0)&$FF),(((0)>>8)&$FF),(((0)>>16)&$FF)                                  ; dc.b 4,5,6 Start 0
(3)  239/    A006 :                     DACINS_CLAP_s:
(3)  239/    A006 :                             binclude "sound/ins/smpl/clap.wav",$2C       ; dc.b (data)
(3)  239/    A97A :                     DACINS_CLAP_e:
(3)  240/    A97A : (MACRO)              		gSmplData DacIns_conga,"sound/ins/smpl/conga.wav",0
(3)  240/    A97A : =$A97A               DACINS_CONGA    label *
(3)  240/    A97A : D40A 00                     dc.b ((DACINS_CONGA_e-DACINS_CONGA_s)&$FF),(((DACINS_CONGA_e-DACINS_CONGA_s)>>8)&$FF),(((DACINS_CONGA_e-DACINS_CONGA_s)>>16)&$FF)       ; dc.b 1,2,3 Length
(3)  240/    A97D : 0000 00                     dc.b ((0)&$FF),(((0)>>8)&$FF),(((0)>>16)&$FF)                                  ; dc.b 4,5,6 Start 0
(3)  240/    A980 :                     DACINS_CONGA_s:
(3)  240/    A980 :                             binclude "sound/ins/smpl/conga.wav",$2C       ; dc.b (data)
(3)  240/    B454 :                     DACINS_CONGA_e:
(3)  241/    B454 : (MACRO)              		gSmplData DacIns_conga_low,"sound/ins/smpl/conga_low.wav",0
(3)  241/    B454 : =$B454               DACINS_CONGA_LOW    label *
(3)  241/    B454 : D40E 00                     dc.b ((DACINS_CONGA_LOW_e-DACINS_CONGA_LOW_s)&$FF),(((DACINS_CONGA_LOW_e-DACINS_CONGA_LOW_s)>>8)&$FF),(((DACINS_CONGA_LOW_e-DACINS_CONGA_LOW_s)>>16)&$FF)       ; dc.b 1,2,3 Length
(3)  241/    B457 : 0000 00                     dc.b ((0)&$FF),(((0)>>8)&$FF),(((0)>>16)&$FF)                                  ; dc.b 4,5,6 Start 0
(3)  241/    B45A :                     DACINS_CONGA_LOW_s:
(3)  241/    B45A :                             binclude "sound/ins/smpl/conga_low.wav",$2C       ; dc.b (data)
(3)  241/    C32E :                     DACINS_CONGA_LOW_e:
(3)  242/    C32E : (MACRO)              		gSmplData DacIns_Kick_Strong,"sound/ins/smpl/kick_strong.wav",0
(3)  242/    C32E : =$C32E               DACINS_KICK_STRONG    label *
(3)  242/    C32E : C41A 00                     dc.b ((DACINS_KICK_STRONG_e-DACINS_KICK_STRONG_s)&$FF),(((DACINS_KICK_STRONG_e-DACINS_KICK_STRONG_s)>>8)&$FF),(((DACINS_KICK_STRONG_e-DACINS_KICK_STRONG_s)>>16)&$FF)       ; dc.b 1,2,3 Length
(3)  242/    C331 : 0000 00                     dc.b ((0)&$FF),(((0)>>8)&$FF),(((0)>>16)&$FF)                                  ; dc.b 4,5,6 Start 0
(3)  242/    C334 :                     DACINS_KICK_STRONG_s:
(3)  242/    C334 :                             binclude "sound/ins/smpl/kick_strong.wav",$2C       ; dc.b (data)
(3)  242/    DDF8 :                     DACINS_KICK_STRONG_e:
(3)  243/    DDF8 : (MACRO)              		gSmplData DacIns_Snare,"sound/ins/smpl/snare.wav",0
(3)  243/    DDF8 : =$DDF8               DACINS_SNARE    label *
(3)  243/    DDF8 : F40E 00                     dc.b ((DACINS_SNARE_e-DACINS_SNARE_s)&$FF),(((DACINS_SNARE_e-DACINS_SNARE_s)>>8)&$FF),(((DACINS_SNARE_e-DACINS_SNARE_s)>>16)&$FF)       ; dc.b 1,2,3 Length
(3)  243/    DDFB : 0000 00                     dc.b ((0)&$FF),(((0)>>8)&$FF),(((0)>>16)&$FF)                                  ; dc.b 4,5,6 Start 0
(3)  243/    DDFE :                     DACINS_SNARE_s:
(3)  243/    DDFE :                             binclude "sound/ins/smpl/snare.wav",$2C       ; dc.b (data)
(3)  243/    ECF2 :                     DACINS_SNARE_e:
(3)  244/    ECF2 : (MACRO)              		gSmplData DacIns_Snare_Rap,"sound/ins/smpl/snare_rap.wav",0
(3)  244/    ECF2 : =$ECF2               DACINS_SNARE_RAP    label *
(3)  244/    ECF2 : A40A 00                     dc.b ((DACINS_SNARE_RAP_e-DACINS_SNARE_RAP_s)&$FF),(((DACINS_SNARE_RAP_e-DACINS_SNARE_RAP_s)>>8)&$FF),(((DACINS_SNARE_RAP_e-DACINS_SNARE_RAP_s)>>16)&$FF)       ; dc.b 1,2,3 Length
(3)  244/    ECF5 : 0000 00                     dc.b ((0)&$FF),(((0)>>8)&$FF),(((0)>>16)&$FF)                                  ; dc.b 4,5,6 Start 0
(3)  244/    ECF8 :                     DACINS_SNARE_RAP_s:
(3)  244/    ECF8 :                             binclude "sound/ins/smpl/snare_rap.wav",$2C       ; dc.b (data)
(3)  244/    F79C :                     DACINS_SNARE_RAP_e:
(3)  245/    F79C : (MACRO)              		gSmplData DacIns_TEST,"sound/ins/smpl/test.wav",0
(3)  245/    F79C : =$F79C               DACINS_TEST    label *
(3)  245/    F79C : 6878 02                     dc.b ((DACINS_TEST_e-DACINS_TEST_s)&$FF),(((DACINS_TEST_e-DACINS_TEST_s)>>8)&$FF),(((DACINS_TEST_e-DACINS_TEST_s)>>16)&$FF)       ; dc.b 1,2,3 Length
(3)  245/    F79F : 0000 00                     dc.b ((0)&$FF),(((0)>>8)&$FF),(((0)>>16)&$FF)                                  ; dc.b 4,5,6 Start 0
(3)  245/    F7A2 :                     DACINS_TEST_s:
(3)  245/    F7A2 :                             binclude "sound/ins/smpl/test.wav",$2C       ; dc.b (data)
(3)  245/   3700A :                     DACINS_TEST_e:
(3)  246/   3700A :                     
(3)  247/   3700A :                     ; 		gSmplData DacIns_Kick_2,"sound/ins/smpl/kick_2.wav",0
(3)  248/   3700A :                     ; 		gSmplData DacIns_Snare_2,"sound/ins/smpl/snare_2.wav",0
(3)  249/   3700A :                     ; 		gSmplData DacIns_Timpani,"sound/ins/smpl/timpani.wav",0
(3)  250/   3700A :                     ; 		gSmplData DacIns_wegot_kick,"sound/ins/smpl/wegot_kick.wav",0
(3)  251/   3700A :                     ; 		gSmplData DacIns_wegot_crash,"sound/ins/smpl/wegot_crash.wav",0
(3)  252/   3700A :                     
(2)   27/   3700A : (MACRO)              		binclude_dma ASCII_FONT,"game/data/md/tilesets/font_8/art.bin"
(2)   27/   3700A :                             ; 32X: Temporally show ROM position
(2)   27/   3700A :                     
(2)   27/   3700A :                                     align 2
(2)   27/   3700A : =$3700A              ASCII_FONT        label *
(2)   27/   3700A :                                     binclude "game/data/md/tilesets/font_8/art.bin"
(2)   27/   37C0A :                                     align 2
(2)   27/   37C0A :                             ; 32X: Return to last phase
(2)   28/   37C0A : (MACRO)              		binclude_dma ASCII_FONT_W,"game/data/md/tilesets/font_16/art.bin"
(2)   28/   37C0A :                             ; 32X: Temporally show ROM position
(2)   28/   37C0A :                     
(2)   28/   37C0A :                                     align 2
(2)   28/   37C0A : =$37C0A              ASCII_FONT_W        label *
(2)   28/   37C0A :                                     binclude "game/data/md/tilesets/font_16/art.bin"
(2)   28/   3940A :                                     align 2
(2)   28/   3940A :                             ; 32X: Return to last phase
(2)   29/   3940A : (MACRO)              		binclude_dma Art_FairyDodo,"game/data/md/sprites/dodo/art.bin"
(2)   29/   3940A :                             ; 32X: Temporally show ROM position
(2)   29/   3940A :                     
(2)   29/   3940A :                                     align 2
(2)   29/   3940A : =$3940A              ART_FAIRYDODO        label *
(2)   29/   3940A :                                     binclude "game/data/md/sprites/dodo/art.bin"
(2)   29/   39A0A :                                     align 2
(2)   29/   39A0A :                             ; 32X: Return to last phase
(2)   30/   39A0A : (MACRO)              		binclude_dma Art_FairyMimi,"game/data/md/sprites/mimi/art.bin"
(2)   30/   39A0A :                             ; 32X: Temporally show ROM position
(2)   30/   39A0A :                     
(2)   30/   39A0A :                                     align 2
(2)   30/   39A0A : =$39A0A              ART_FAIRYMIMI        label *
(2)   30/   39A0A :                                     binclude "game/data/md/sprites/mimi/art.bin"
(2)   30/   3A00A :                                     align 2
(2)   30/   3A00A :                             ; 32X: Return to last phase
(2)   31/   3A00A : (MACRO)              		binclude_dma Art_FairyFifi,"game/data/md/sprites/fifi/art.bin"
(2)   31/   3A00A :                             ; 32X: Temporally show ROM position
(2)   31/   3A00A :                     
(2)   31/   3A00A :                                     align 2
(2)   31/   3A00A : =$3A00A              ART_FAIRYFIFI        label *
(2)   31/   3A00A :                                     binclude "game/data/md/sprites/fifi/art.bin"
(2)   31/   3A58A :                                     align 2
(2)   31/   3A58A :                             ; 32X: Return to last phase
(2)   32/   3A58A :                     ; 		binclude_dma ART_TESTBG,"game/data/md/maps/test/art.bin"
(2)   33/   3A58A :                     ; PAL_TESTBG:	binclude "game/data/md/maps/test/pal.bin"
(2)   34/   3A58A :                     ; 		align 2
(2)   35/   3A58A :                     ; MAP_TESTBG:	binclude "game/data/md/maps/test/map.bin"
(2)   36/   3A58A :                     ; 		align 2
(2)   37/   3A58A :                     objPal_Dodo:	binclude "game/data/md/sprites/dodo/pal.bin"
(2)   38/   3A5AA :                     		align 2
(2)   39/   3A5AA :                     objMap_Dodo:	binclude "game/data/md/sprites/dodo/map.bin"
(2)   40/   3A5CE :                     		align 2
(2)   41/   3A5CE :                     objMap_Mimi:	binclude "game/data/md/sprites/mimi/map.bin"
(2)   42/   3A5F2 :                     		align 2
(2)   43/   3A5F2 :                     objMap_Fifi:	binclude "game/data/md/sprites/fifi/map.bin"
(2)   44/   3A62E :                     		align 2
(2)   45/   3A62E :                     
(2)   46/   3A62E :                     ; ----------------------------------------------------------------
(2)   47/   3A62E :                     
(2)   48/   3A62E :                     MPal_Test:
(2)   49/   3A62E :                     	binclude "game/data/mars/objects/test/mtrl/002_pal.bin"
(2)   50/   3A82E :                     	align 2
(2)   51/   3A82E :                     
(2)   52/   3A82E :                     MVram_test:
(2)   53/   3A82E : (MACRO)              	marsVramData
(2)   53/       0 :                                     phase 0
(2)   54/       0 :                     Textr_test:
(2)   55/       0 :                     	binclude "game/data/mars/objects/test/mtrl/002_art.bin"
(2)   56/    8DC2 :                     	align 8
(2)   57/    8DC8 : (MACRO)              	marsVramDEnd
(2)   57/    8DC8 :                                     align 8
(2)   57/    8DC8 :                     .end:
(2)   57/    8DC8 :  (MACRO-2)                           erreport "This 32X graphics data",.end,$18000
(2)   57/   435F6 :                                     dephase
(2)   58/   435F6 :                     MVram_test_e:
(2)   59/   435F6 :                     
(2)   60/   435F6 :                     ; ----------------------------------------------------------------
(2)   61/   435F6 :                     
(1)   34/   435F6 : (MACRO)              	dend_bank DATA_BANK0_e
(1)   34/   435F6 : =$3E71C              GLBL_MDATA_RP := *-GLBL_MDATA_ST        ; Get used size to report
(1)   34/   435F6 :                     
(1)   34/   435F6 :                             ; Set 32X bank end
(1)   35/   435F6 :                     
     368/   435F6 :                     
     369/   435F6 :                     ; ====================================================================
     370/   435F6 :                     ; ----------------------------------------------------------------
     371/   435F6 :                     ; Cartridge-ONLY Section, direct label access
     372/   435F6 :                     ;
     373/   435F6 :                     ; For Genesis, 32X Cartridge and Pico ONLY.
     374/   435F6 :                     ; ----------------------------------------------------------------
     375/   435F6 :                     
     377/   435F6 :                     
     378/   435F6 :                     ; --------------------------------------------------------
     379/   435F6 :                     ; ROM-only DATA
     380/   435F6 :                     ; --------------------------------------------------------
     381/   435F6 :                     
     382/   435F6 :                     		include "game/data/md/ROM_bank0.asm"
(1)    1/   435F6 :                     ; ===========================================================================
(1)    2/   435F6 :                     ; ----------------------------------------------------------------
(1)    3/   435F6 :                     ; 1MB Cartridge-ONLY data
(1)    4/   435F6 :                     ; ----------------------------------------------------------------
(1)    5/   435F6 :                     
     383/   435F6 :                     
     384/   435F6 :                     ; --------------------------------------------------------
     385/   435F6 :                     ; ROM-only DMA-graphics
     386/   435F6 :                     ; --------------------------------------------------------
     387/   435F6 :                     
     388/   435F6 :                     		include "game/data/md/ROM_dmavdp.asm"
(1)    1/   435F6 :                     ; ===========================================================================
(1)    2/   435F6 :                     ; ----------------------------------------------------------------
(1)    3/   435F6 :                     ; DMA Genesis graphics for Cartridge ONLY
(1)    4/   435F6 :                     ; ----------------------------------------------------------------
(1)    5/   435F6 :                     		align 2
(1)    6/   435F6 :                     ; --------------------------------------------------------
(1)    7/   435F6 :                     
     389/   435F6 :                     
     390/   435F6 :                     ; --------------------------------------------------------
     391/   435F6 :                     ; ROM-only 32X data
     392/   435F6 :                     ;
     393/   435F6 :                     ; In the case of RV bit during DMA:
     394/   435F6 :                     ; Only the PWM samples are protected, everything else
     395/   435F6 :                     ; will be trashed.
     396/   435F6 :                     ; --------------------------------------------------------
     397/   435F6 :                     
     398/ 20435F6 :                     		phase CS1+*
     399/ 20435F6 :                     		align 4
     400/ 20435F8 :                     		include "game/data/mars/ROM_mars.asm"		; 32X-only data
(1)    1/ 20435F8 :                     ; ===========================================================================
(1)    2/ 20435F8 :                     ; ----------------------------------------------------------------
(1)    3/ 20435F8 :                     ; 1MB Cartridge-ONLY data
(1)    4/ 20435F8 :                     ; ----------------------------------------------------------------
(1)    5/ 20435F8 :                     
     401/ 20435F8 :                     		include "game/data/mars/objects/ROM_list.asm"	; 3D objects
(1)    1/ 20435F8 :                     ; ===========================================================================
(1)    2/ 20435F8 :                     ; ----------------------------------------------------------------
(1)    3/ 20435F8 :                     ; Special include for the 3D models, ROM-ONLY VERSION
(1)    4/ 20435F8 :                     ;
(1)    5/ 20435F8 :                     ; THIS CAN'T BE USED ON SCD/CD32X
(1)    6/ 20435F8 :                     ; ----------------------------------------------------------------
(1)    7/ 20435F8 :                     
(1)    8/ 20435F8 :                     ; 		include "game/data/mars/objects/test/head.asm"
(1)    9/ 20435F8 :                     ; 		include "game/data/mars/objects/test_2/head.asm"
(1)   10/ 20435F8 :                     ; 		include "game/data/mars/objects/test_3/head.asm"
(1)   11/ 20435F8 :                     	;	include "game/data/mars/objects/rubia/head.asm"
(1)   12/ 20435F8 :                     
     402/ 20435F8 :                     		include "sound/ROM_smpl_pwm.asm"		; PWM samples
(1)    1/ 20435F8 :                     ; ===========================================================================
(1)    2/ 20435F8 :                     ; -------------------------------------------------------------------
(1)    3/ 20435F8 :                     ; GEMA/Nikona PWM instruments on Cartridge ONLY
(1)    4/ 20435F8 :                     ;
(1)    5/ 20435F8 :                     ; - Samples located here CANNOT be used on CD32X
(1)    6/ 20435F8 :                     ; - If the Genesis does DMA that requires the RV bit this
(1)    7/ 20435F8 :                     ;   section will get protected ASAP before the DMA starts
(1)    8/ 20435F8 :                     ;
(1)    9/ 20435F8 :                     ; MACRO:
(1)   10/ 20435F8 :                     ; gSmplData Label,"file_path",loop_start
(1)   11/ 20435F8 :                     ; Set loop_start to 0 if not using it.
(1)   12/ 20435F8 :                     ;
(1)   13/ 20435F8 :                     ; BASE C-5 samplerate is 16000hz
(1)   14/ 20435F8 :                     ; -------------------------------------------------------------------
(1)   15/ 20435F8 :                     
(1)   16/ 20435F8 :                     	align 4
(1)   17/ 20435F8 :                     	;gSmplData Label,"file_path",loop_start
(1)   18/ 20435F8 :                     ; 	gSmplData PwmIns_Nadie,"sound/ins/smpl/inga_st.wav",0
(1)   19/ 20435F8 :                     
     403/   435F8 :                     		dephase
     404/   435F8 :                     
     405/   435F8 :                     ; ----------------------------------------------------------------
     406/   435F8 :                     
     408/   435F8 :                     
     409/   435F8 :                     ; ====================================================================
     410/   435F8 :                     ; ------------------------------------------------
     411/   435F8 :                     ; End
     412/   435F8 :                     ; ------------------------------------------------
     413/   435F8 :                     
     414/   435F8 :                     ROM_END:
     415/   435F8 : 00                  		dc.b 0
     416/   435F9 :                     		align $8000
     417/   48000 :                     
 AS V1.42 Beta [Bld 212] - Source File main.asm - Page 2 - 6/9/2025 23:7:29


  Symbol Table (* = unused):
  --------------------------

*ADAPTER :                        0 - | *ADEN :                           1 - |
 ALV :                           24 - | *ARCHITECTURE :     "AMD64-Windows" - |
 ARP :                           2C - |  ART_FAIRYDODO :              3940A C |
 ART_FAIRYFIFI :              3A00A C |  ART_FAIRYMIMI :              39A0A C |
 ASCII_FONT :                 3700A C |  ASCII_FONT_W :               37C0A C |
 ATK :                            8 - | *ATTRH :                        800 - |
*ATTRPRIO :                    8000 - | *ATTRV :                       1000 - |
*BANKSET :                        4 - | *BIGENDIAN :                      0 - |
*BITATTRH :                       3 - | *BITATTRPRIO :                    7 - |
*BITATTRV :                       4 - | *BITCLICKL :                      0 - |
*BITCLICKM :                      2 - | *BITCLICKR :                      1 - |
*BITCLICKS :                      3 - |  BITDISPENBL :                    6 - |
 BITDMA :                         1 - |  BITDMAENBL :                     4 - |
*BITFIFOE :                       9 - | *BITFIFOF :                       8 - |
*BITHBLK :                        2 - | *BITHINTENBL :                    4 - |
*BITHVSTOP :                      1 - | *BITJOYA :                        6 - |
*BITJOYB :                        4 - | *BITJOYC :                        5 - |
*BITJOYDOWN :                     1 - | *BITJOYLEFT :                     2 - |
*BITJOYMODE :                     B - | *BITJOYPEN :                      7 - |
*BITJOYRED :                      4 - | *BITJOYRIGHT :                    3 - |
 BITJOYSTART :                    7 - | *BITJOYUP :                       0 - |
*BITJOYX :                        A - | *BITJOYY :                        9 - |
*BITJOYZ :                        8 - | *BITMAPMD :                       1 - |
*BITODD :                         4 - | *BITPAL :                         0 - |
*BITSPRCOL :                      5 - | *BITSPROVR :                      6 - |
*BITV30 :                         3 - |  BITVBLK :                        3 - |
*BITVINT :                        7 - | *BITVINTENBL :                    5 - |
*BITWRAMMODE :                    2 - | *BRANCHEXT :                      0 - |
*CASESENSITIVE :                  0 - |  CDRAMDST :                    1F82 C |
 CDRAMLEN :                    1F87 C |  CDRAMSRC :                    1F84 C |
 CDRAMSRCB :                   1F86 C |  CHIP_ENV :                    107B C |
 CHIP_ENV.ATKEND :             10FE C | *CHIP_ENV.ATKZERO :            1101 C |
 CHIP_ENV.CHK2 :               1107 C |  CHIP_ENV.CHK4 :               113C C |
 CHIP_ENV.CKOF :               109F C |  CHIP_ENV.CKON :               10B2 C |
*CHIP_ENV.DECTMR :             110B C |  CHIP_ENV.DKADD :              1125 C |
 CHIP_ENV.DKSAV :              112D C |  CHIP_ENV.DKYEND :             1132 C |
 CHIP_ENV.DO_NFREQ :           1191 C |  CHIP_ENV.ENVPROC :            10D0 C |
 CHIP_ENV.KILLENV :            1152 C | *CHIP_ENV.NBLOCK :             10D0 C |
 CHIP_ENV.NORMAL :             118C C |  CHIP_ENV.NOUPD :              11D2 C |
 CHIP_ENV.NSKIP :              10C7 C |  CHIP_ENV.SILNC_3 :            1188 C |
 CHIP_ENV.VEDLP :              115A C |  CHIP_ENV.VLMUCH :             11BE C |
 CHIP_ENV.VLOOP :              1087 C |  CHIP_ENV.VONLY :              11B4 C |
 CHNL_CHIP :                      1 - |  CHNL_EFFARG :                    6 - |
 CHNL_EFFID :                     5 - |  CHNL_FLAGS :                     0 - |
 CHNL_INS :                       3 - |  CHNL_NOTE :                      2 - |
 CHNL_TYPE :                      7 - |  CHNL_VOL :                       4 - |
 CHT_FM :                        A0 - |  CHT_FM3SP :                     B0 - |
 CHT_FM6DAC :                    C0 - |  CHT_PCM :                       D0 - |
 CHT_PCO :                       F0 - |  CHT_PSG :                       80 - |
 CHT_PSGN :                      90 - |  CHT_PWM :                       E0 - |
*CLICKL :                         2 - | *CLICKM :                         4 - |
*CLICKR :                         1 - | *CLICKS :                         8 - |
*CMDINTCLR :                     1A - | *CMDIRQ_ON :                      2 - |
 COM :                            0 - | *COMM0 :                         20 - |
*COMM1 :                         21 - | *COMM10 :                        2A - |
*COMM11 :                        2B - | *COMM12 :                        2C - |
*COMM13 :                        2D - | *COMM14 :                        2E - |
*COMM15 :                        2F - | *COMM2 :                         22 - |
*COMM3 :                         23 - | *COMM4 :                         24 - |
*COMM5 :                         25 - | *COMM6 :                         26 - |
*COMM7 :                         27 - | *COMM8 :                         28 - |
*COMM9 :                         29 - |  COMMZFIFO :                   1F60 C |
 COMMZREAD :                     2E C |  COMMZROMBLK :                 1F81 C |
 COMMZWRITE :                  1F80 C | *COMPMODE :                       0 - |
*CONSTPI :        3.141592653589793 - |  CONTROLLER_1 :    FFFFFFFFFFFFF0F8 - |
 CONTROLLER_2 :    FFFFFFFFFFFFF10E - |  CONTROLLER_3 :    FFFFFFFFFFFFF124 - |
 CONTROLLER_4 :    FFFFFFFFFFFFF13A - |  CONTROLLER_5 :    FFFFFFFFFFFFF150 - |
 COPERA :                         0 - | *COPR_YM712B_A0 :            BFF840 - |
*COPR_YMF262_A0 :            BFF824 - | *COPR_YMF262_A1 :            BFF834 - |
*COPR_YMF262_D0 :            BFF828 - | *COPR_YMZ263B_A0 :           BFF801 - |
*COPR_YMZ263B_A1 :           BFF805 - | *COPR_YMZ263B_D0 :           BFF803 - |
*COPR_YMZ263B_D1 :           BFF807 - | *CS0 :                            0 - |
 CS1 :                      2000000 - |  CS2 :                      4000000 - |
*CS3 :                      6000000 - |  CURRTICKBITS :                1C0F C |
*CUSTOM :                         0 - | *CYCLE :                         32 - |
 DACINS_CLAP :                 A000 C |  DACINS_CONGA :                A97A C |
 DACINS_CONGA_LOW :            B454 C |  DACINS_KICK_STRONG :          C32E C |
 DACINS_SNARE :                DDF8 C | *DACINS_SNARE_RAP :            ECF2 C |
 DACINS_TEST :                 F79C C |  DAC_FILL :                      20 C |
 DAC_ME :                         8 C |  DAC_OFF :                     120D C |
 DAC_ON :                      11F8 C |  DAC_PLAY :                    1222 C |
 DAC_REFILL :                  1256 C |  DAC_REFILL.DACFILL_END :      1315 C |
 DAC_REFILL.DACFILL_LOOP :     12CE C |  DAC_REFILL.DACFILL_RET :      1318 C |
 DAC_REFILL.DAC_OVER :         12A4 C |  DATA_BANK0 :                  4EDA C |
*DATE :                  "6/9/2025" - |  DDACCNTR :                    17C9 C |
 DDACFIFOMID :                   37 C |  DDACPNTR :                    17C6 C |
*DEF_HSIZE_128 :                100 - | *DEF_HSIZE_32 :                  40 - |
 DEF_HSIZE_64 :                  80 - | *DEF_MAXSTAMPCOUT :              60 - |
 DEF_PRINTPAL :                6000 - |  DEF_PRINTVRAM :                5A0 - |
 DEF_PRINTVRAMW :               4E0 - | *DEF_SAVEINFO :                1D24 C |
 DEF_VRAM_BG :                 E000 - |  DEF_VRAM_FG :                 C000 - |
 DEF_VRAM_HSCRL :              FC00 - |  DEF_VRAM_SPR :                F800 - |
 DEF_VRAM_WD :                 D000 - | *DISC_BANKLIST :               207A C |
*DISPENBL :                      40 - |  DKY :                            C - |
*DMAENBL :                       10 - | *DREQCTL :                        6 - |
*DREQDEST :                       C - | *DREQFIFO :                      12 - |
*DREQLEN :                       10 - | *DREQSOURCE :                     8 - |
 DRV_LOOP :                      41 C |  DRV_LOOP.CMND_0 :               DD C |
 DRV_LOOP.CMND_1 :               E0 C |  DRV_LOOP.CMND_2 :               F9 C |
 DRV_LOOP.CMND_3 :              133 C |  DRV_LOOP.CMND_5 :              171 C |
 DRV_LOOP.CMND_6 :              1AA C |  DRV_LOOP.CMND_7 :              1E3 C |
 DRV_LOOP.CMND_RDSLOT :         201 C |  DRV_LOOP.DEL_ALL :             16A C |
 DRV_LOOP.GETCBYTEL :            B0 C |  DRV_LOOP.GRAB_ARG :             AE C |
 DRV_LOOP.LIST :                 CD C |  DRV_LOOP.NEITHER :              82 C |
 DRV_LOOP.NEXT_CMD :             8B C |  DRV_LOOP.NOBEATS :              68 C |
 DRV_LOOP.NOTICKS :              5B C |  DRV_LOOP.NOT_PAL :             1F6 C |
 DRV_LOOP.SRCH_DEL :            151 C |  DRV_LOOP.SRCH_FVOL :           18F C |
 DRV_LOOP.SRCH_MODE :           119 C |  DRV_LOOP.SRCH_SLOT :           213 C |
 DRV_LOOP.SRCH_VOL :            1C8 C |  DRV_LOOP.WRTTO_DEL :           15E C |
 DRV_LOOP.WRTTO_FVOL :          19C C |  DRV_LOOP.WRTTO_SLOT :          128 C |
 DRV_LOOP.WRTTO_VOL :           1D5 C |  DTBL_MULTI :                   7F5 C |
 DTBL_SINGL :                   809 C |  DTBL_SINGL.CHNL_ULNK :         F1A C |
 DTBL_SINGL.COMN_PANLIST :      CFD C |  DTBL_SINGL.DAC_CUT :           BDC C |
 DTBL_SINGL.DAC_OFF :           BE2 C |  DTBL_SINGL.DAC_PROC :          BE8 C |
 DTBL_SINGL.D_DOWN :            C81 C |  DTBL_SINGL.D_DOWNHF :          C7C C |
 DTBL_SINGL.D_UP :              C73 C | *DTBL_SINGL.D_UPHF :            C70 C |
 DTBL_SINGL.EFFC :              C3A C |  DTBL_SINGL.EFFC_D :            C55 C |
 DTBL_SINGL.EFFC_E :            C8E C |  DTBL_SINGL.EFFC_F :            C9D C |
 DTBL_SINGL.EFFC_X :            CAE C |  DTBL_SINGL.FM_CINDX :          BAA C |
 DTBL_SINGL.FM_CLRRSAVE :       A92 C |  DTBL_SINGL.FM_CUT :            A67 C |
 DTBL_SINGL.FM_HASVOL :         ED8 C |  DTBL_SINGL.FM_KEYOFF :         A73 C |
 DTBL_SINGL.FM_OFF :            A5E C |  DTBL_SINGL.FM_TLOFF :          A7B C |
 DTBL_SINGL.FND_OCT :           F09 C |  DTBL_SINGL.FNOT_PAL :          989 C |
 DTBL_SINGL.GET_FMCACH :        BB2 C |  DTBL_SINGL.GET_OCT :           EFF C |
 DTBL_SINGL.INST :              D2E C |  DTBL_SINGL.INS_DAC :           DF1 C |
 DTBL_SINGL.INS_FM :            D94 C |  DTBL_SINGL.INS_PCM :           E45 C |
 DTBL_SINGL.INS_PCO :           ECD C |  DTBL_SINGL.INS_PSG :           D5E C |
 DTBL_SINGL.INS_PSGN :          D58 C |  DTBL_SINGL.INS_PWM :           E84 C |
*DTBL_SINGL.INVL_INS :          D57 C |  DTBL_SINGL.KEEP_TLMX :         B94 C |
 DTBL_SINGL.KYCUT_PSG :         927 C | *DTBL_SINGL.KYCUT_PSGN :        924 C |
 DTBL_SINGL.KYOFF_PSG :         91B C | *DTBL_SINGL.KYOFF_PSGN :        918 C |
 DTBL_SINGL.KYPSGN_HATOFF :     930 C |  DTBL_SINGL.LINKED :            878 C |
 DTBL_SINGL.MKFM_PROC :         9C4 C |  DTBL_SINGL.MKFM_SET :          AA9 C |
 DTBL_SINGL.MKFM_TLVOL :        B3B C |  DTBL_SINGL.MKFM_WREGS :        B12 C |
 DTBL_SINGL.MK_DAC :            BC2 C |  DTBL_SINGL.MK_FM :             98A C |
 DTBL_SINGL.MK_FM_SP :          A0E C |  DTBL_SINGL.MK_LIST :           8C7 C |
 DTBL_SINGL.MK_PCM :            C18 C |  DTBL_SINGL.MK_PCO :            C38 C |
 DTBL_SINGL.MK_PSG :            8D7 C |  DTBL_SINGL.MK_PWM :            C19 C |
 DTBL_SINGL.NEW_ROMDAT :        DDA C |  DTBL_SINGL.NOTE :              ECE C |
 DTBL_SINGL.NOT_DAC :           9AF C |  DTBL_SINGL.NOT_NS :            913 C |
 DTBL_SINGL.NOT_PAL :           9E2 C |  DTBL_SINGL.NO_LFO :            B07 C |
 DTBL_SINGL.NO_REQ :            954 C |  DTBL_SINGL.N_FM :              EF5 C |
*DTBL_SINGL.N_INDX :            EEA C | *DTBL_SINGL.N_STFREQ :          EEB C |
 DTBL_SINGL.PAN_MCD :           CDA C |  DTBL_SINGL.PCM_PANLIST :       D05 C |
 DTBL_SINGL.PSGC_KEYON :        93E C |  DTBL_SINGL.PSGC_PROC :         937 C |
 DTBL_SINGL.PSG_GETFREQ :       975 C |  DTBL_SINGL.PSG_KEYON :         95A C |
 DTBL_SINGL.RCYL_COM :          86A C | *DTBL_SINGL.READFREQ_PCM :      C1A C |
*DTBL_SINGL.READFREQ_PWM :      C1F C |  DTBL_SINGL.RESET_EFFC :        8BA C |
 DTBL_SINGL.RES_PAN :           CD0 C |  DTBL_SINGL.SAME_PATCH :        DEC C |
 DTBL_SINGL.SETEFU_D :          C75 C |  DTBL_SINGL.SETEF_D :           C85 C |
 DTBL_SINGL.SETEF_MCD :         C8A C |  DTBL_SINGL.SET_WAVFREQ :       C22 C |
 DTBL_SINGL.SILN_DAC :          86F C |  DTBL_SINGL.SILN_FM :           872 C |
 DTBL_SINGL.SILN_PCM :          850 C |  DTBL_SINGL.SILN_PCO :          86E C |
 DTBL_SINGL.SILN_PSG :          84A C |  DTBL_SINGL.SILN_PSG_N :        846 C |
 DTBL_SINGL.SILN_PWM :          861 C |  DTBL_SINGL.THIS_REGS :         A56 C |
 DTBL_SINGL.TL_DOWN :           A87 C |  DTBL_SINGL.VMUCH :             96F C |
 DTBL_SINGL.VOLU :              D25 C |  DTBL_SINGL.WRITE_NTL :         B9F C |
 DTBL_SINGL.WRITE_TL :          B8D C |  DTBL_SINGL.WRT_EF :            CA8 C |
 DTBL_SINGL.WR_SPC :            A38 C |  DTH :                           20 - |
 DTL :                           1C - |  DWAVEBUFF :                   1D00 C |
*EFFV :                          34 - | *EMU :                            0 - |
 EXTINT_DEFAULT :              1A5A C | *FALSE :                          0 - |
*FEN :                            2 - | *FILLDATA :                       8 - |
*FILLLENGTH :                     4 - | *FILLSTART :                      6 - |
 FLG :                           28 - | *FM :                            80 - |
 FMCACH_1 :                    1574 C |  FMCACH_2 :                    159C C |
 FMCACH_3 :                    15C4 C |  FMCACH_4 :                    15EC C |
 FMCACH_5 :                    1614 C |  FMCACH_6 :                    163C C |
 FMCACH_LIST :                 17B8 C |  FMFREQ_LIST :                 1326 C |
*FMINS_BASS_BIG_110 :          90D8 C | *FMINS_BASS_BIG_114 :          90F8 C |
*FMINS_BASS_BIG_122 :          9118 C | *FMINS_BASS_BIG_81 :           90B8 C |
*FMINS_BASS_CAVE_47 :          9138 C | *FMINS_BASS_CLUB :             99F8 C |
*FMINS_BASS_CLUB_108 :         9158 C | *FMINS_BASS_DUCK :             9998 C |
*FMINS_BASS_FOOT_75 :          9178 C | *FMINS_BASS_GEM_26 :           9198 C |
 FMINS_BASS_GROOVE_1 :         9258 C | *FMINS_BASS_GROOVE_119 :       91B8 C |
*FMINS_BASS_GROOVE_2 :         9A18 C | *FMINS_BASS_HEAVY_107 :        91D8 C |
*FMINS_BASS_HEAVY_118 :        91F8 C |  FMINS_BASS_ITALO :            9AB8 C |
*FMINS_BASS_LOUD_117 :         9218 C | *FMINS_BASS_LOW81 :            9538 C |
*FMINS_BASS_LOW_103 :          9298 C | *FMINS_BASS_LOW_106 :          92B8 C |
*FMINS_BASS_LOW_126 :          92D8 C | *FMINS_BASS_LOW_46 :           9238 C |
*FMINS_BASS_LOW_81 :           9278 C | *FMINS_BASS_MID_111 :          9338 C |
*FMINS_BASS_MID_19 :           92F8 C | *FMINS_BASS_MID_80 :           9318 C |
*FMINS_BASS_POWER_123 :        9358 C | *FMINS_BASS_SILENT_53 :        9378 C |
*FMINS_BASS_SLAP_10 :          9398 C | *FMINS_BASS_SLAP_105 :         93B8 C |
*FMINS_BASS_SYNTH_60 :         93D8 C | *FMINS_BASS_SYNTH_61 :         93F8 C |
*FMINS_BASS_SYNTH_72 :         9418 C | *FMINS_BASS_SYNTH_73 :         9438 C |
*FMINS_BASS_VLOW_74 :          9458 C | *FMINS_BELL_62 :               95F8 C |
*FMINS_BELL_93 :               9618 C | *FMINS_BELL_LOW13 :            9638 C |
*FMINS_BELL_MID36 :            95D8 C | *FMINS_BRASS_7 :               9A58 C |
*FMINS_CLOSEDHAT :             99B8 C | *FMINS_DRUMS_KICK1 :           9918 C |
*FMINS_DRUM_KICK :             9658 C |  FMINS_FLAUTE_1 :              9498 C |
*FMINS_FLAUTE_2 :              94B8 C | *FMINS_GUITAR_BBALL :          9AD8 C |
 FMINS_HATS_1 :                95B8 C | *FMINS_HBEAT_TOM :             9958 C |
 FMINS_ORGAN_DRAWBAR :         9478 C | *FMINS_PIANO_AQUA :            9938 C |
*FMINS_PSYNTH_PLUS :           9A38 C | *FMINS_SFX_ALIEN1 :            9860 C |
*FMINS_SFX_ALIEN2 :            9880 C | *FMINS_SFX_EXPLODE :           9820 C |
*FMINS_SFX_PUNCH :             9800 C | *FMINS_SFX_PUNCH_2 :           9A78 C |
*FMINS_SFX_SLASH :             9840 C | *FMINS_SFX_SMASH :             9A98 C |
*FMINS_SP_CLOSEDHAT :          98C8 C | *FMINS_SP_COWBELL :            98F0 C |
*FMINS_SP_OPENHAT :            98A0 C | *FMINS_TICK :                  9678 C |
*FMINS_TRUMPET_1 :             9978 C | *FMINS_TRUMPET_BUS :           9598 C |
*FMINS_TRUMPET_CARNIVAL :      99D8 C | *FMINS_TRUMPET_GENIE :         9578 C |
*FMINS_TRUMPET_LOW :           9558 C |  FMINS_VIBRAPHONE_1 :          94D8 C |
*FMINS_VIBRAPHONE_2 :          94F8 C | *FMINS_XYLOPHONE :             9518 C |
 FMLIST_RSAVE :                1664 C |  FMSPECIAL :                     30 C |
*FMSPINS_CLACK_1 :             9698 C | *FMSPINS_COWBELL_H :           96C0 C |
*FMSPINS_COWBELL_L :           96E8 C | *FMSPINS_HATS_HQ :             9710 C |
*FMSPINS_SFX_ALIEN :           9738 C | *FMSPINS_SFX_KNCKBUZZ :        9760 C |
*FMSPINS_SFX_KNOCK_H :         9788 C | *FMSPINS_SFX_KNOCK_L :         97B0 C |
*FMSPINS_SFX_LASER :           97D8 C |  FM_AUTOREG :                  11DE C |
 FM_SEND_1 :                   11E2 C |  FM_SEND_2 :                   11ED C |
*FRAMECTL :                       B - | *FS :                             1 - |
*FULLPMMU :                       1 - |  GEMADMAPAUSE :                 406 C |
 GEMADMARESUME :                424 C | *GEMAFADESEQ :                  4DA C |
 GEMAINIT :                     294 C |  GEMAINIT.CLEAR_REST :          2CC C |
 GEMAINIT.COPY_DRVR :           2C2 C |  GEMAINIT.NOT_PAL :             2F2 C |
 GEMAINIT.WAIT :                2AE C |  GEMAMSTRLISTPOS :               1C C |
 GEMAPLAYSEQ :                  462 C | *GEMAPLAYSEQAUTO :              480 C |
 GEMARESET :                    306 C |  GEMASENDRAM :                  338 C |
 GEMASENDRAM.COPY_BYTES :       376 C |  GEMASENDRAM.NO_SIZE :          384 C |
 GEMASENDRAM.NO_TASK :          38A C |  GEMASETBEATS :                 512 C |
 GEMASETMASTERLIST :            450 C | *GEMASETSEQVOL :                4F6 C |
 GEMASTOPALL :                  4BE C |  GEMASTOPSEQ :                  4A2 C |
*GEMATEST :                     442 C |  GEMA_INIT :                    F31 C |
 GEMA_INIT.END_SETUP :          F72 C |  GEMA_INIT.SETUP_LIST :         F47 C |
 GEMA_INIT.ST_COPY :            F66 C |  GEMA_LASTBANK :               131C C |
 GEMA_LASTBANK.WRITE :         1321 C |  GET_TICK :                     FA3 C |
 GET_TICK.CTNOTICK :            FC0 C |  GLBL_LASTORG :    FFFFFFFFFFFFB000 - |
*GLBL_LASTORG.END :                                        FFFFFFFFFFFF0000 C |
 GLBL_LASTPC :                 41C0 - | *GLBL_MDATA_RP :              3E71C - |
 GLBL_MDATA_ST :               4EDA - |  GTRK_TEST0 :                  4EE2 C |
 GTRK_TEST0.BLK :              4EF0 C |  GTRK_TEST0.INS :              4EFE C |
 GTRK_TEST0.PAT :              4EF2 C |  GTRK_TEST1 :                  4F06 C |
 GTRK_TEST1.BLK :              4F14 C |  GTRK_TEST1.INS :              9020 C |
 GTRK_TEST1.PAT :              4F22 C | *HAS64 :                          1 - |
*HASDSP :                         0 - | *HASFPU :                         0 - |
*HASPMMU :                        0 - | *HBLK :                          40 - |
 HEADEROUT :                   17CC C |  HEADEROUT_E :                 17DA C |
*HINTCLR :                       18 - | *HINTENBL :                      10 - |
 HINT_DEFAULT :                1A5A C | *HIRQ_ON :                        4 - |
 HTAG_CDSAVE :        "NIKONACD___" - | *HTAG_CDVER :                   102 - |
 HTAG_DATEINFO : "(C)GF64 2025.???" - | *HTAG_DISCID :        "NIKONACD   " - |
*HTAG_DISCID_M :      "NIKONACD32X" - | *HTAG_MARSCDSAV :     "NIKONACD32X" - |
*HTAG_NDM_MARS :         "Nikona SUPER32X                                 " - |
*HTAG_NDM_MARSCD :       "Nikona CD32X                                    " - |
*HTAG_NDM_MCD :          "Nikona MCD                                      " - |
*HTAG_NDM_MD :           "Nikona MD                                       " - |
 HTAG_NDM_PICO :         "Nikona PICO                                     " - |
*HTAG_NOV_MARS :         "Nikona 32X                                      " - |
*HTAG_NOV_MARSCD :       "Nikona CD32X                                    " - |
*HTAG_NOV_MCD :          "Nikona SCD                                      " - |
*HTAG_NOV_MD :           "Nikona GENESIS                                  " - |
 HTAG_NOV_PICO :         "Nikona PICO                                     " - |
 HTAG_REGIONS :  "F               " - |  HTAG_SERIAL :     "GM HOMEBREW-02" - |
*HTAG_SYSNAME :       "NIKONA-SDK " - |
*HTAG_SYS_COPERA :                                       "SEGA COPERA     " - |
*HTAG_SYS_MARS : "SEGA 32X        " - |
*HTAG_SYS_MARSCD :                                       "SEGA GENESIS    " - |
*HTAG_SYS_MCD :  "SEGA GENESIS    " - | *HTAG_SYS_MD :   "SEGA GENESIS    " - |
 HTAG_SYS_MEGAPICO :                                     "SEGA PICO       " - |
*HTAG_SYS_PICO : "SEGA PICO       " - | *HVSTOP :                         2 - |
*INEXTMODE :                      0 - | *INLWORDMODE :                    0 - |
*INMAXMODE :                      0 - | *INSRCMODE :                      0 - |
 INSTLISTOUT :                 17E2 C | *INSUPMODE :                      1 - |
*INTMASK :                        1 - |  JOYA :                          40 - |
 JOYB :                          10 - |  JOYC :                          20 - |
 JOYCOUNT :                       5 - |  JOYDOWN :                        2 - |
*JOYID_MD :                       D - | *JOYID_MOUSE :                    3 - |
*JOYID_MS :                       F - |  JOYLEFT :                        4 - |
*JOYMODE :                      800 - | *JOYPEN :                        80 - |
*JOYRED :                        10 - |  JOYRIGHT :                       8 - |
 JOYSTART :                      80 - |  JOYUP :                          1 - |
 JOYX :                         400 - |  JOYY :                         200 - |
 JOYZ :                         100 - | *LCHWIDTH :                      34 - |
 LEV :                            4 - | *LISTON :                         3 - |
*MACEXP :                         7 - |  MAINGEMASEQLIST :             4EDA C |
 MARS :                           0 - | *MARSBLOCK :                   1F8A C |
 MARSCD :                         0 - |  MARSUPD :                     17BE C |
*MARS_RAMCODE :                401A C | *MARS_RAMCODE_E :              401C C |
 MAX_BUFFNTRY :                   8 - |  MAX_GLOBALS :                 1000 - |
*MAX_LIBCODE :                 3000 - |  MAX_MDDMATSK :                  18 - |
 MAX_MDMAPSPR :                  18 - |  MAX_PALFDREQ :                   8 - |
 MAX_RCACH :                     20 - | *MAX_SC0_OPTIONS :                4 - |
 MAX_SCRNBUFF :                2000 - |  MAX_SLOTS :                      3 - |
*MAX_SNDPICK :                    7 - |  MAX_TBLSIZE :                   12 - |
 MAX_TRFRPZ :                     9 - |  MAX_TRKCHN :                    20 - |
 MAX_TRKINDX :                   1B - | *MAX_USERCODE :                7800 - |
*MAX_WRAMBANK :               3F800 - |  MAX_ZCMND :                     20 - |
 MCD :                            0 - | *MCDBLOCK :                    1F89 C |
 MCDUPD :                      17BF C | *MCD_COMM_M :                     E - |
*MCD_COMM_S :                     F - | *MCD_DCOMM_M :                   10 - |
*MCD_DCOMM_S :                   20 - | *MCD_HINT :                       6 - |
*MCD_INTMASK :                   32 - |  MCD_MEMORY :                     3 - |
*MDSTMP_BUFFINCR :               1A - | *MDSTMP_CELLSTORAGE :            12 - |
*MDSTMP_CURROUTFLIP :             E - | *MDSTMP_DOTINCR :                16 - |
*MDSTMP_FDROP :                  10 - | *MDSTMP_FLAGS :                   0 - |
*MDSTMP_LEN :                    1E - | *MDSTMP_STMPOUTB :                C - |
*MDSTMP_VRAMINCR :                A - | *MDSTMP_VRAMLEN :                 8 - |
*MDSTMP_VRAMMAIN :                2 - | *MDSTMP_VRAMSEC :                 4 - |
*MDSTMP_VRAMSIZE :                6 - | *MD_BANK_SRAM :              A130F1 - |
 MD_READMODES :                1FDE C |  MD_READMODES.SCREEN_LIST :    1FFA C |
 MD_SCREEN00 :                 401C C | *MD_SCREEN00_E :               41C0 C |
 MD_SCREEN07 :                 41C0 C | *MD_SCREEN07_E :               4EDA C |
*MD_SYSCODE_E :                208E C |  MODE :                          18 - |
*MOMCPU :                     68000 - | *MOMCPUNAME :               "68000" - |
*MONOWIDTH :                     38 - | *MPAL_TEST :                  3A62E C |
 MVOL :                          30 - | *MVRAM_TEST :                 3A82E C |
*MVRAM_TEST_E :               435F6 C | *NESTMAX :                      100 - |
 NIKONA_BUFFLIST :             17EA C | *NIKONA_BUFFLIST_E :           1802 C |
 OBJECTS_ENABLE :              1D46 C |  OBJECTS_ENABLE.CLR_FIRST :    1D54 C |
 OBJECTS_INIT :                1D36 C |  OBJECTS_MAKE :                1DA2 C |
 OBJECTS_MAKE.SEARCH :         1DB2 C |  OBJECTS_RUN :                 1D68 C |
 OBJECTS_RUN.INVLD_NUM :       1D8C C |  OBJECTS_RUN.NEXT_ONE :        1D78 C |
 OBJECTS_RUN.NO_CODE :         1D84 C | *OBJECTS_SET :                 1D8E C |
 OBJECT_ANIMATE :              1E46 C |  OBJECT_ANIMATE.EXIT_ANIM :    1ED4 C |
 OBJECT_ANIMATE.GOTOFRAME :    1EC6 C |  OBJECT_ANIMATE.KEEPSPD :      1E8C C |
 OBJECT_ANIMATE.LASTFRAME :    1ED0 C |  OBJECT_ANIMATE.NOANIM :       1EB8 C |
 OBJECT_ANIMATE.RETURN :       1EB6 C |  OBJECT_ANIMATE.SAMETHING :    1E64 C |
*OBJECT_MDMARS_GETSPRINFO :    1FDC C | *OBJECT_RESET :                1DF4 C |
 OBJECT_RESET.CLR_RAM :        1E02 C |  OBJECT_RESETANIM :            1E0E C |
*OBJECT_SPEED :                1E16 C | *OBJECT_TOUCH :                1EDA C |
 OBJECT_TOUCH.CHECK_THIS :     1F1E C |  OBJECT_TOUCH.EXIT_THIS :      1F18 C |
 OBJECT_TOUCH.NEXT :           1EFA C |  OBJECT_TOUCH.NOT_YTOP :       1FDA C |
 OBJECT_TOUCH.RAN_OUT :        1F16 C |  OBJECT_TOUCH.SET_OK :         1FD8 C |
 OBJECT_TOUCH.SKIP :           1F0E C |  OBJMAP_DODO :                3A5AA C |
 OBJMAP_FIFI :                3A5F2 C |  OBJMAP_MIMI :                3A5CE C |
 OBJPAL_DODO :                3A58A C |  OBJSET_ERROR :                1DC6 C |
 OBJSET_GO :                   1DD0 C |  OBJSET_GO.CLR :               1DE4 C |
 OBJSET_GO.EXIT_THIS :         1DEA C |  OBJSET_GO.FROM_DEL :          1DDE C |
 OBJ_ANIM_ICUR :                 26 - |  OBJ_ANIM_INDX :                 24 - |
 OBJ_ANIM_NUM :                  22 - |  OBJ_ANIM_SPD :                  27 - |
*OBJ_ATTR :                      1F - |  OBJ_CODE :                       0 - |
 OBJ_FRAME :                     20 - |  OBJ_INDEX :                     1C - |
 OBJ_LEN :                       68 - |  OBJ_RAM :                       28 - |
 OBJ_SIZE_X :                    10 - |  OBJ_SIZE_Y :                    12 - |
 OBJ_SIZE_Z :                    14 - | *OBJ_STATUS :                    1E - |
 OBJ_SUBID :                     1D - |  OBJ_X :                          4 - |
 OBJ_X_SPD :                     16 - |  OBJ_Y :                          8 - |
 OBJ_Y_SPD :                     18 - |  OBJ_Z :                          C - |
 OBJ_Z_SPD :                     1A - | *PACKING :                        0 - |
*PADDING :                        0 - | *PAD_EXT :                       10 - |
 PAD_HOLD :                       2 - |  PAD_ID :                         0 - |
 PAD_LEN :                       16 - |  PAD_PAGE :                       C - |
 PAD_PAGERAW :                    E - |  PAD_PORT :                      12 - |
 PAD_PRESS :                      4 - |  PAD_RELEASE :                    6 - |
 PAD_VER :                        1 - |  PAD_X :                          8 - |
 PAD_Y :                          A - |  PALFD_DELAY :                    1 - |
 PALFD_INCR :                     3 - |  PALFD_LEN :                      8 - |
 PALFD_NUM :                      6 - |  PALFD_REQ :                      0 - |
 PALFD_START :                    2 - | *PALFD_TARGET :                   4 - |
 PALFD_TIMER :                    5 - |  PALMODE :                     1F88 C |
 PCMCOM :                      14C0 C | *PCOCOM :                      1574 C |
*PEN :                           20 - |  PICO :                           1 - |
*PICO_BOOKPAGE :             80000D - |  PICO_BTN :                  800003 - |
 PICO_COPTYPE :              80000F - |  PICO_ENTRY :                   208 C |
 PICO_ENTRY.LOOP_RAM :          234 C |  PICO_ENTRY.PALCLEAR :          256 C |
 PICO_ENTRY.WAIT :              274 C |  PICO_ENTRY.WAIT_DMA :          240 C |
 PICO_ERRADDR :                 200 C |  PICO_ERRBUS :                  200 C |
 PICO_ERRCHK :                  200 C |  PICO_ERRILL :                  200 C |
 PICO_ERROR :                   200 C |  PICO_ERROREX :                 200 C |
 PICO_ERRPRIVL :                200 C |  PICO_ERRTRAPV :                200 C |
 PICO_ERRZDIV :                 200 C |  PICO_LINE1010 :                200 C |
 PICO_LINE1111 :                200 C |  PICO_MODS :                      1 - |
 PICO_PCMINT :                  206 C | *PICO_PCM_CTRL :             800012 - |
*PICO_PCM_DATA :             800010 - | *PICO_PENX_HI :              800005 - |
*PICO_PENX_LO :              800007 - | *PICO_PENY_HI :              800009 - |
*PICO_PENY_LO :              80000B - |  PICO_PORT_1_CTRL :          800017 - |
 PICO_PORT_1_DATA :          800015 - |  PICO_REV :                       1 - |
 PICO_SECURITY_ADDR :        800019 - | *PICO_START :                800000 - |
 PICO_TRACE :                   200 C |  PICO_UNKINT :                  206 C |
*PICO_USERINT :                 206 C |  PICO_VER :                  800001 - |
 PSGCOM :                      1538 C |  PSGFREQ_LIST :                133E C |
 PSGHATMODE :                    2F C | *PSG_CTRL :                  C00011 - |
 PTMR :                          38 - |  PWMCOM :                      1500 C |
*PWMCTL :                        31 - | *PWMINTCLR :                     1C - |
*PWMIRQ_ON :                      1 - |  RAM_CURROBJLIST : FFFFFFFFFFFFF172 C |
 RAM_CURROBJNUM :  FFFFFFFFFFFFF18E C |  RAM_EXRESERVED :          FFFFFD00 - |
 RAM_EXTERNALJUMP :                                        FFFFFFFFFFFFF182 C |
 RAM_FRAMECOUNT :  FFFFFFFFFFFFF0DC C |
*RAM_GLBL_EXAMPLE_B :                                      FFFFFFFFFFFFD006 C |
*RAM_GLBL_EXAMPLE_L :                                      FFFFFFFFFFFFD000 C |
*RAM_GLBL_EXAMPLE_W :                                      FFFFFFFFFFFFD004 C |
 RAM_GLBL_JOY2_HOLD :                                      FFFFFFFFFFFFD00E C |
 RAM_GLBL_JOY2_PRESS :                                     FFFFFFFFFFFFD010 C |
 RAM_GLBL_JOY2_RELEASE :                                   FFFFFFFFFFFFD012 C |
 RAM_GLBL_JOY_HOLD :                                       FFFFFFFFFFFFD008 C |
 RAM_GLBL_JOY_PRESS :                                      FFFFFFFFFFFFD00A C |
 RAM_GLBL_JOY_RELEASE :                                    FFFFFFFFFFFFD00C C |
 RAM_GLOBALS :     FFFFFFFFFFFFD000 C |  RAM_HBLANKJUMP :  FFFFFFFFFFFFF17C C |
 RAM_HORSCROLL :   FFFFFFFFFFFFE100 C |  RAM_INDXPALFADE : FFFFFFFFFFFFF0E0 C |
 RAM_INPUTDATA :   FFFFFFFFFFFFF0F8 C |  RAM_MDSYSTEM :    FFFFFFFFFFFFF0F8 C |
 RAM_MDVIDCLR_E :  FFFFFFFFFFFFEF58 C |  RAM_MDVIDEO :     FFFFFFFFFFFFEA90 C |
 RAM_PALETTE :     FFFFFFFFFFFFEA10 C |  RAM_PALETTEFADE : FFFFFFFFFFFFEED0 C |
 RAM_PALFADELIST : FFFFFFFFFFFFEA90 C |  RAM_SAVEDATA :    FFFFFFFFFFFFE000 C |
*RAM_SAVEENABLE :  FFFFFFFFFFFFF188 C |
*RAM_SAVE_COUNTER :                                        FFFFFFFFFFFFE004 C |
*RAM_SAVE_TAG :    FFFFFFFFFFFFE000 C |  RAM_SCREENMODE :  FFFFFFFFFFFFF18A C |
*RAM_SCREENOPTION :                                        FFFFFFFFFFFFF18C C |
 RAM_SCRNBUFF :    FFFFFFFFFFFFB000 C |  RAM_SPRITES :     FFFFFFFFFFFFE510 C |
 RAM_SPRLINKNUM :  FFFFFFFFFFFFF0E2 C |  RAM_SPRMAPLIST :  FFFFFFFFFFFFEAD0 C |
 RAM_SPROFFSETX :  FFFFFFFFFFFFEF54 C |  RAM_SPROFFSETY :  FFFFFFFFFFFFEF56 C |
 RAM_SPRPZLIST :   FFFFFFFFFFFFEC50 C |  RAM_STACK :                      0 - |
 RAM_SYSLASTBANK : FFFFFFFFFFFFF16E C |  RAM_SYSRANDOM :   FFFFFFFFFFFFF16A C |
*RAM_SYSRANDVAL :  FFFFFFFFFFFFF166 C |  RAM_VBLANKJUMP :  FFFFFFFFFFFFF176 C |
 RAM_VDPDMAINDX :  FFFFFFFFFFFFEF50 C |  RAM_VDPDMALIST :  FFFFFFFFFFFFEF5C C |
 RAM_VDPDMAMOD :   FFFFFFFFFFFFEF52 C |  RAM_VDPMAPSIZE :  FFFFFFFFFFFFF0EE C |
 RAM_VDPREGSET0 :  FFFFFFFFFFFFF0F0 C |  RAM_VDPREGSET1 :  FFFFFFFFFFFFF0F2 C |
 RAM_VDPREGSETB :  FFFFFFFFFFFFF0F4 C |  RAM_VDPREGSETC :  FFFFFFFFFFFFF0F6 C |
 RAM_VDPVRAMBG :   FFFFFFFFFFFFF0E6 C |  RAM_VDPVRAMFG :   FFFFFFFFFFFFF0E4 C |
 RAM_VDPVRAMHSCRL :                                        FFFFFFFFFFFFF0EC C |
 RAM_VDPVRAMSPR :  FFFFFFFFFFFFF0EA C |  RAM_VDPVRAMWD :   FFFFFFFFFFFFF0E8 C |
 RAM_VERSCROLL :   FFFFFFFFFFFFE4C0 C |  RAM_ZCDFLAGD :            FFFFFDFF - |
*RCHWIDTH :                      36 - |  READROM :                      FC4 C |
 READROM.DOUBLE :               FE7 C |  READROM.FROM_RAM :            100B C |
 READROM.TRANSFER :            102B C |  READROM.WAIT :                1022 C |
 READROM.X68KLAST :            1064 C |  READROM.X68KLOOP :            1050 C |
 READROM.X68KLPWT :            1072 C |  READROM.X68KNOCARRY :         1005 C |
*RELAXED :                        0 - | *RES :                            2 - |
 ROM_END :                    435F8 C |  RRT :                           14 - |
 SAMPLEHEAD :                  17DC C |  SBEATACC :                      31 C |
 SBEATPTCK :                     33 C |  SEQ_BANKBLK :                   16 - |
 SEQ_BANKHEADS :                 15 - |  SEQ_BLOCKS :                     4 - |
 SEQ_CACH :                       8 - |  SEQ_CACHHALF :                  10 - |
 SEQ_CHNINDX :                   25 - |  SEQ_CURRBLK :                   13 - |
 SEQ_MAXCHNL :                   17 - |  SEQ_NUM :                        1 - |
 SEQ_PATT :                       6 - |  SEQ_PRIORITY :                  14 - |
 SEQ_READ :                       A - |  SEQ_ROMBLKS :                   22 - |
 SEQ_ROMINST :                   1F - |  SEQ_ROMPATT :                   1C - |
 SEQ_ROMPATTREAD :               19 - |  SEQ_ROWPAUSE :                  11 - |
 SEQ_ROWS :                       C - |  SEQ_SETBLK :                     2 - |
 SEQ_STATUS :                     0 - |  SEQ_TICKSET :                    3 - |
 SEQ_TICKTMR :                   12 - |  SEQ_VOLFDTARGET :               18 - |
 SEQ_VOLMASTER :                  E - |  SET_CHIPS :                    5FE C |
*SET_DEFAUTODMA :               480 - |  SET_ENBLSAVE :                   1 - |
 SET_FIRSTSCRN :                  0 - |  SET_NULLVRAM :                 7FE - |
 SET_RAMLIMIT :              FFFD00 - |  SET_SNDVIEWY :                  10 - |
 SET_SRAMSIZE :                 100 - | *SHIFT :                          2 - |
 SIZEOF_MDGLBL :   FFFFFFFFFFFFD016 C |  SIZEOF_MDRAM :    FFFFFFFFFFFFF190 C |
 SIZEOF_MDSYS :    FFFFFFFFFFFFF190 C |  SIZEOF_MDVID :    FFFFFFFFFFFFF0F8 C |
 SIZEOF_SAVEINFO : FFFFFFFFFFFFE00A C |  SLV :                           10 - |
 SNDLOCKZ80 :                   31A C |  SNDLOCKZ80.WAIT :              322 C |
 SNDREQ_ENTER :                 38C C |  SNDREQ_ENTER.WAIT :            3B2 C |
 SNDREQ_EXIT :                  3C2 C | *SNDREQ_SADDR :                 3F0 C |
 SNDREQ_SBYTE :                 3F8 C |  SNDREQ_SCMD :                  3DE C |
 SNDREQ_SLONG :                 3EC C |  SNDREQ_SWORD :                 3F4 C |
 SNDUNLOCKZ80 :                 32E C |  SOUND_INIT :                  178C C |
 SOUND_UPDATE :                1790 C | *STANDBY :                        3 - |
 SYSBCD_SPOUT :                1C5E C | *SYSMARS_FRAMEBUFFER :       840000 - |
*SYSMARS_ID :                A130EC - | *SYSMARS_OVERWRITE :         860000 - |
*SYSMARS_REG :               A15100 - | *SYSMARS_SVDP :              A15180 - |
 SYSMCD_REG :                A12000 - | *SYSMCD_WRAM :               200000 - |
 SYSMDMCD_SETCDDA :            1D1A C |  SYSRND_MKVALUE :              1A76 C |
 SYSRND_MKVALUE.HAS_SEED :     1A88 C | *SYSTEM_BCD_ADDB :             1C36 C |
 SYSTEM_BCD_ADDL :             1C44 C | *SYSTEM_BCD_ADDW :             1C3E C |
*SYSTEM_BCD_SUBB :             1C0E C |  SYSTEM_BCD_SUBL :             1C1C C |
*SYSTEM_BCD_SUBW :             1C16 C |  SYSTEM_DEFAULT :              1A3A C |
 SYSTEM_DEFAULT.CLR_LOOP :     1A48 C |  SYSTEM_DICEROLL :             1AC0 C |
*SYSTEM_DICEROLL_SEED :        1AA0 C |  SYSTEM_DMAENTER_RAM :         1784 C |
 SYSTEM_DMAENTER_ROM :         177E C |  SYSTEM_DMAEXIT_RAM :          1788 C |
 SYSTEM_DMAEXIT_ROM :          1782 C |  SYSTEM_INIT :                 16BE C |
 SYSTEM_INIT.CLRINPUT :        172C C |  SYSTEM_INIT.WAIT :            16CA C |
 SYSTEM_INPUT :                17E6 C |  SYSTEM_INPUT.BAD_Y :          1840 C |
 SYSTEM_INPUT.EXIT :           18A0 C |  SYSTEM_INPUT.ID_03 :          18F6 C |
 SYSTEM_INPUT.ID_0D :          19A0 C |  SYSTEM_INPUT.INVALID :        199A C |
 SYSTEM_INPUT.LIST :           18D6 C |  SYSTEM_INPUT.NO_BIT :         1856 C |
 SYSTEM_INPUT.OLDPAD :         1A26 C |  SYSTEM_INPUT.PAGE_IT :        1850 C |
 SYSTEM_INPUT.PICK_ID :        18A6 C |  SYSTEM_INPUT.READ :           18BC C |
 SYSTEM_INPUT.STEP_1 :         18C8 C |  SYSTEM_INPUT.STEP_2 :         18D4 C |
 SYSTEM_INPUT.THIS_ONE :       1888 C |  SYSTEM_INPUT.X_NEG :          1968 C |
 SYSTEM_INPUT.X_VALID :        1828 C |  SYSTEM_INPUT.Y_NEG :          1994 C |
 SYSTEM_INPUT_INIT :           1794 C | *SYSTEM_MDMARS_SENDDATA :      1D34 C |
*SYSTEM_MDMARS_UPDATE :        1D34 C | *SYSTEM_MDMCD_CDDAFADE :       1D22 C |
*SYSTEM_MDMCD_CDDAPLAY :       1D08 C | *SYSTEM_MDMCD_CDDAPLAYL :      1D12 C |
*SYSTEM_MDMCD_CDDASTOP :       1D20 C | *SYSTEM_MDMCD_CHECKHOME :      1CD6 C |
 SYSTEM_MDMCD_CHECKHOME.NOT_PRESS :                                    1CFC C |
*SYSTEM_MDMCD_CHECKWRAM :      1CB0 C |
 SYSTEM_MDMCD_CHECKWRAM.NO_RET :                                       1CC0 C |
 SYSTEM_MDMCD_EXITSHELL :      1D06 C |  SYSTEM_MDMCD_GIVEWRAM :       1CC6 C |
*SYSTEM_MDMCD_INTERRUPT :      1C90 C | *SYSTEM_MDMCD_RDFILE_RAM :     1CD2 C |
*SYSTEM_MDMCD_RDFILE_WRAM :    1CD4 C | *SYSTEM_MDMCD_SUBENTER :       1CA0 C |
*SYSTEM_MDMCD_SUBTASK :        1CA2 C | *SYSTEM_MDMCD_SUBWAIT :        1C9E C |
 SYSTEM_MDMCD_WAITWRAM :       1CA4 C |  SYSTEM_RANDOM :               1A66 C |
 SYSTEM_RANDOM_SEED :          1A5C C |  SYSTEM_RENDER :               1742 C |
 SYSTEM_RENDER.FORGOT_DISP :   1768 C | *SYSTEM_RENDER.FROM_LATE :     1760 C |
 SYSTEM_RENDER.WAIT_EARLY :    1750 C |  SYSTEM_RENDER.WAIT_VBLANK :   176A C |
 SYSTEM_SETDATABANK :          1D34 C |  SYSTEM_SETINTJUMPS :          1C76 C |
 SYSTEM_SETINTJUMPS.NO_EXINT : 1C8E C |  SYSTEM_SETINTJUMPS.NO_HINT :  1C86 C |
 SYSTEM_SETINTJUMPS.NO_VINT :  1C7E C |  SYSTEM_SINEWAVE :             1AE4 C |
 SYSTEM_SINEWAVE_COS :         1ADA C |  SYSTEM_SRAMINIT :             1A2C C |
*SYSTEM_SRAMINIT.ALREADY_SET : 1A30 C | *SYSTEM_SRAMINIT.CANT_USE :    1A2E C |
 SYSTEM_SRAMLOAD :             1A32 C | *SYSTEM_SRAMSAVE :             1A36 C |
 SYS_CTRL_1 :                A10009 - |  SYS_CTRL_2 :                A1000B - |
 SYS_CTRL_3 :                A1000D - |  SYS_DATA_1 :                A10003 - |
 SYS_DATA_2 :                A10005 - |  SYS_DATA_3 :                A10007 - |
 SYS_IO :                    A10001 - |  SYS_SINEWAVE :                1AE8 C |
 SYS_SINEWAVE.LOC_7EFA :       1AF6 C |  SYS_SINEWAVE.LOC_7F0C :       1B08 C |
 SYS_SINEWAVE.SINE_DATA :      1B0E C | *SYS_SRAM :                  200000 - |
*SYS_TMSS :                  A14000 - | *TAG_SRAMDATA :              "SAVE" - |
 TBLBUFF_READ :                 645 C |  TBLBUFF_READ.DONT_RES :        703 C |
 TBLBUFF_READ.DO_CHIP :         69D C |  TBLBUFF_READ.FOUND_TNEW :      785 C |
 TBLBUFF_READ.GOT_LINK :        73E C |  TBLBUFF_READ.GRAB_LINK :       6E7 C |
 TBLBUFF_READ.HAS_INDX :        679 C |  TBLBUFF_READ.INVLDL :          72B C |
*TBLBUFF_READ.L_HIPRIO :        7C2 C |  TBLBUFF_READ.NEW_CHIP :        764 C |
 TBLBUFF_READ.NEW_LINK :        7BF C |  TBLBUFF_READ.NEXTSRCH_TBL :    7D0 C |
 TBLBUFF_READ.NEXT_INDX :       673 C |  TBLBUFF_READ.NEXT_PRIO :       78A C |
 TBLBUFF_READ.NOT_SAMEL :       760 C |  TBLBUFF_READ.NO_INDX :         695 C |
 TBLBUFF_READ.OVRW_LINK :       7B7 C |  TBLBUFF_READ.PASS_2 :          789 C |
 TBLBUFF_READ.PICK_TBL :        7D9 C |  TBLBUFF_READ.RNOT_PSG :        762 C |
 TBLBUFF_READ.SAME_LINK :       706 C |  TBLBUFF_READ.SET_ASFULL :      7B4 C |
 TBLBUFF_READ.SINGL_FREE :      79F C |  TBLBUFF_READ.SINGL_LINK :      730 C |
 TBLBUFF_READ.SRCH_FREE :       775 C |  TBLBUFF_READ.SRCH_LINK :       712 C |
 TBLBUFF_READ.SRCH_LLOOP :      71C C |  TBLBUFF_READ.TRACK_CONT :      65D C |
 TBLBUFF_READ.VALID :           671 C |  TBLFM :                       1A10 C |
 TBLFM3 :                      1A58 C |  TBLFM6 :                      1A6A C |
 TBLLIST :                     1A00 C |  TBLPCM :                      1AC8 C |
 TBLPCO :                      1BEC C |  TBLPSG :                      1A7E C |
 TBLPSGN :                     1AB4 C |  TBLPWM :                      1B5A C |
 TBLZ_CLEAR :                   F21 C |  TBLZ_CLEAR.CLR_ALL :           F2B C |
*TEXTR_TEST :                     0 C |  TH :                      20000000 - |
 TICKCNT :                     1C0E C |  TICKFLAG :                    1C0D C |
 TICKSPSET :                   1C0C C | *TIME :                   "23:7:25" - |
*TIMERCTL :                      30 - |  TRACK_OUT :                    5B0 C |
 TRACK_OUT.INDX_DEL :           5C5 C |  TRACK_OUT.NOTHIN :             5F2 C |
 TRACK_OUT.VALID :              5C4 C |  TRKBLKS_0 :                   16E0 C |
 TRKBLKS_1 :                   16E8 C |  TRKBLKS_2 :                   16F0 C |
 TRKBUFF_0 :                   16F8 C |  TRKBUFF_1 :                   1738 C |
 TRKBUFF_2 :                   1778 C |  TRKCACH_0 :                   1F00 C |
 TRKCACH_1 :                   1F20 C |  TRKCACH_2 :                   1F40 C |
 TRKCHNLS :                    1E00 C |  TRKHDRS_0 :                   1680 C |
 TRKHDRS_1 :                   16A0 C |  TRKHDRS_2 :                   16C0 C |
 TRKINFOCACH :                 1670 C |  TRUE :                           1 - |
*TVMODE :                         0 - |  UPD_SEQ :                      226 C |
 UPD_SEQ.CHNL_FREE :            33C C |  UPD_SEQ.CONT_CHNL :            346 C |
 UPD_SEQ.DEC_ROW :              2DD C |  UPD_SEQ.DEC_ROW_E :            2E0 C |
 UPD_SEQ.EFFECT_FILL :          508 C |  UPD_SEQ.EFF_A :                3C1 C |
 UPD_SEQ.EFF_B :                3D2 C |  UPD_SEQ.EFF_C :                3F0 C |
 UPD_SEQ.EXIT :                 2D1 C |  UPD_SEQ.FADE_OUT :             25E C |
 UPD_SEQ.FIRST_BLK :            447 C |  UPD_SEQ.FIRST_FILL :           50F C |
 UPD_SEQ.FIRST_HEAD :           48D C |  UPD_SEQ.GRAB_RHEAD :           59D C |
 UPD_SEQ.HAS_NOTE :             2E8 C |  UPD_SEQ.INC_CPATT :            3F3 C |
 UPD_SEQ.KEEP_BLK :             463 C |  UPD_SEQ.KEEP_IT :              4B3 C |
 UPD_SEQ.KEEP_VOL :             274 C |  UPD_SEQ.NEXT_CHNL :            31E C |
 UPD_SEQ.NEXT_NOTE :            2C1 C |  UPD_SEQ.NO_EFF :               38D C |
 UPD_SEQ.NO_GLBL :              54F C |  UPD_SEQ.NO_INS :               36E C |
 UPD_SEQ.NO_NOTE :              363 C |  UPD_SEQ.NO_VOL :               37A C |
 UPD_SEQ.OLD_TYPE :             357 C |  UPD_SEQ.RAN_OUT :              401 C |
 UPD_SEQ.READ_SEQ :             23B C |  UPD_SEQ.ROW_ACTIVE :           2BA C |
 UPD_SEQ.SET_TRACK :            42B C |  UPD_SEQ.SFXMD :                27E C |
 UPD_SEQ.SRCH_NEW :             319 C |  UPD_SEQ.SRCH_REROLL :          315 C |
 UPD_SEQ.TOO_MUCH :             26A C |  UPD_SEQ.TRACK_END :            502 C |
*VATTR_FLIPH :                  800 - | *VATTR_FLIPV :                 1000 - |
*VATTR_HI :                    8000 - | *VATTR_PAL1 :                  2000 - |
*VATTR_PAL2 :                  4000 - | *VATTR_PAL3 :                  6000 - |
*VBLK :                          80 - | *VDPSTS :                         A - |
 VDP_CTRL :                  C00004 - |  VDP_DATA :                  C00000 - |
*VERSION :                     142F - |  VIDEO_BUILDSPRITES :           6F2 C |
 VIDEO_BUILDSPRITES.CHK_SPR_MR :                                        8B2 C |
 VIDEO_BUILDSPRITES.CHK_SPR_R : 890 C |  VIDEO_BUILDSPRITES.DONT_ADD :  864 C |
 VIDEO_BUILDSPRITES.EX_VRAM :   7A8 C |  VIDEO_BUILDSPRITES.EX_VRAMS :  7CC C |
 VIDEO_BUILDSPRITES.EX_YEXT :   838 C |  VIDEO_BUILDSPRITES.FIRST_SPR : 712 C |
 VIDEO_BUILDSPRITES.MK_PZ :     77E C |  VIDEO_BUILDSPRITES.NEXT :      75A C |
 VIDEO_BUILDSPRITES.NEXT_PZ :   71A C |  VIDEO_BUILDSPRITES.NO_MAP :    878 C |
 VIDEO_BUILDSPRITES.NO_PZ :     874 C | *VIDEO_BUILDSPRITES.NO_SLOT :   87E C |
 VIDEO_BUILDSPRITES.NO_SLOT_MR :                                        8C6 C |
 VIDEO_BUILDSPRITES.NO_SLOT_R : 8A4 C |  VIDEO_BUILDSPRITES.NO_SLOT_S : 74A C |
 VIDEO_BUILDSPRITES.STOP_ALL :  882 C |  VIDEO_BUILDSPRITES.VRAM_H :    7FC C |
 VIDEO_BUILDSPRITES.VRAM_V :    7E4 C |  VIDEO_CLEAR :                  900 C |
 VIDEO_CLEAR.CLR_ME :           90A C | *VIDEO_CLEARSCREEN :            920 C |
 VIDEO_CLEARSCREEN.NOT_SMALL :  946 C | *VIDEO_COPY :                   C96 C |
 VIDEO_COPY.DMAW :              CA0 C |  VIDEO_COPY.DMA_W :             CFC C |
 VIDEO_DEFAULT :                5B4 C |  VIDEO_DISPLAYOFF :             95A C |
 VIDEO_DISPLAYON :              94E C |  VIDEO_DMAOFF :                 972 C |
 VIDEO_DMAON :                  966 C |  VIDEO_FADEIN_FULL :           10CC C |
 VIDEO_FADEOUT_FULL :          10DE C |  VIDEO_FADEPAL :               1130 C |
*VIDEO_FADEPAL_LIST :          1186 C |  VIDEO_FADEPAL_LIST.INVALID :  11A0 C |
 VIDEO_FADEPAL_LIST.NEXT_ONE : 1194 C |  VIDEO_FILL :                   C1E C |
 VIDEO_INIT :                   528 C |  VIDEO_INIT.CLR_D :             55E C |
 VIDEO_INIT.CLR_PREQ :          576 C |  VIDEO_INIT.CLR_RAM :           532 C |
 VIDEO_INIT.COPY_DMA :          544 C |  VIDEO_INIT.DEF_REGSET :        5AC C |
 VIDEO_INIT.DMA_ENTRY :         59C C | *VIDEO_INTENABLE :              98A C |
 VIDEO_LOADART :                B0C C |  VIDEO_LOADART.BAD_SIZE :       BA6 C |
 VIDEO_LOADART.LAST_SET :       B5C C |  VIDEO_LOADART.MK_SET :         B64 C |
 VIDEO_LOADART.NORMAL :         B56 C |  VIDEO_LOADART.RAM_WRITE :      BA8 C |
 VIDEO_LOADART.SHARED_SETUP :   BBC C |  VIDEO_LOADART_LIST :           BFE C |
 VIDEO_LOADART_LIST.INVALID :   C18 C |  VIDEO_LOADART_LIST.NEXT_ONE :  C0A C |
*VIDEO_LOADMAP :                DD8 C |  VIDEO_LOADMAP.BAD_SIZE :       E48 C |
 VIDEO_LOADMAP.MK_CELL :        E38 C |  VIDEO_LOADMAP.NON_BLANK :      E36 C |
 VIDEO_LOADMAP.X_LOOP :         E26 C |  VIDEO_LOADMAP.Y_LOOP :         E12 C |
*VIDEO_LOADMAPV :               E4E C |  VIDEO_LOADMAPV.BAD_SIZE :      ED0 C |
 VIDEO_LOADMAPV.BAD_SIZE_D :    F38 C |  VIDEO_LOADMAPV.DBLE_MODE :     ED6 C |
 VIDEO_LOADMAPV.MK_CELL :       EBA C |  VIDEO_LOADMAPV.MK_CELL_D :     F22 C |
 VIDEO_LOADMAPV.NON_BLANK :     EB8 C |  VIDEO_LOADMAPV.NON_BLANK_D :   F1A C |
 VIDEO_LOADMAPV.X_LOOP :        E92 C |  VIDEO_LOADMAPV.X_LOOP_D :      EF0 C |
 VIDEO_LOADMAPV.Y_LOOP :        E98 C |  VIDEO_LOADMAPV.Y_LOOP_D :      EF6 C |
 VIDEO_LOADPAL :               113A C | *VIDEO_LOADPAL_LIST :          1166 C |
 VIDEO_LOADPAL_LIST.INVALID :  1180 C |  VIDEO_LOADPAL_LIST.NEXT_ONE : 1174 C |
 VIDEO_MAKEDMAENTRY :           D12 C |  VIDEO_MAKEDMAENTRY.LAST_SET :  D62 C |
 VIDEO_MAKEDMAENTRY.MK_SET :    D6A C |  VIDEO_MAKEDMAENTRY.NORMAL :    D5C C |
 VIDEO_MAKEDMAENTRY.RAN_OUT :   DD6 C |  VIDEO_MAKEFADE :              10F2 C |
*VIDEO_MAKESPR :               1564 C |  VIDEO_MAKESPR.CHK_FREE :      1570 C |
 VIDEO_MAKESPR.MK_SPR :        1582 C |  VIDEO_MAKESPRMAP :            1614 C |
 VIDEO_MAKESPRMAP.CHK_FREE :   1620 C |  VIDEO_MAKESPRMAP.MK_SPR :     1630 C |
*VIDEO_MAKESPRMAP_DMA :        15FC C | *VIDEO_MDMARS_MAKEFADE :       10F0 C |
 VIDEO_PRINT :                 11D4 C |  VIDEO_PRINT.EXIT :            1240 C |
 VIDEO_PRINT.LOOP :            1208 C |  VIDEO_PRINT.NEXT :            123A C |
 VIDEO_PRINT.Q_LOOP :          121E C |  VIDEO_PRINT.SPECIAL :         1246 C |
*VIDEO_PRINTDEFPAL :           11BE C |  VIDEO_PRINTDEFPAL_FADE :      11B6 C |
 VIDEO_PRINTINIT :             11AC C |  VIDEO_PRINTINITW :            11A6 C |
 VIDEO_PRINTVAL :              1352 C | *VIDEO_PRINTVAL.LOOP :         1386 C |
*VIDEO_PRINTVAL.Q_LOOP :       139C C |  VIDEO_PRINTVALW :             13A8 C |
*VIDEO_PRINTVALW.LOOP :        13FC C |  VIDEO_PRINTVALW.NO_DBLE_Y :   13D0 C |
 VIDEO_PRINTW :                125E C |  VIDEO_PRINTW.EXIT :           1332 C |
 VIDEO_PRINTW.LOOP :           12B2 C |  VIDEO_PRINTW.NEXT :           132A C |
 VIDEO_PRINTW.NO_DBLE_Y :      1286 C |  VIDEO_PRINTW.SPECIAL :        1338 C |
 VIDEO_PRINTW.VER_CONT :       1324 C |  VIDEO_PRINTW.VER_NORMAL :     12F2 C |
 VIDEO_RENDER :                 602 C |  VIDEO_RENDER.END :             6E6 C |
 VIDEO_RENDER.EXIT :            6F0 C |  VIDEO_RENDER.NEXT :            6CC C |
 VIDEO_RESOLUTION :             9DC C |  VIDEO_RESOLUTION.EX_BIT :      A10 C |
 VIDEO_RUNFADE :                F3C C |  VIDEO_RUNFADE.ALL_BLACK :     1008 C |
 VIDEO_RUNFADE.BUSY_TIMER :     F82 C |  VIDEO_RUNFADE.FADE_IN :       1016 C |
 VIDEO_RUNFADE.FADE_LIST :      F8E C |  VIDEO_RUNFADE.FADE_OUT :       FA6 C |
*VIDEO_RUNFADE.FDIN_NEND :     10AC C | *VIDEO_RUNFADE.FDOUT_NEND :    1014 C |
 VIDEO_RUNFADE.NEXT_COLOR :     FB4 C |  VIDEO_RUNFADE.NEXT_IN :       1022 C |
 VIDEO_RUNFADE.NEXT_REQ :       F40 C |  VIDEO_RUNFADE.NOTHING :        F9E C |
 VIDEO_RUNFADE.NO_REQ :         F88 C |  VIDEO_RUNFADE.PFADE_DEL :      F9E C |
 VIDEO_RUNFADE.SAME_IN :       1096 C |  VIDEO_SETMAPSIZE :             AB8 C |
 VIDEO_SETMAPSIZE.SIZE_TBL :    AEC C | *VIDEO_SETSPR :                155A C |
 VIDEO_SETSPRMAP :             15F2 C | *VIDEO_SETSPRMAP_DMA :         15E8 C |
 VIDEO_UPDMAPVRAM :             A2C C |  VIDEO_UPDSPRHVRAM :            A7E C |
 VIDEO_WAITFADE :              10AE C |  VIDEO_WAITFADE.LOOP :         10AE C |
 VIDEO_WAITFADE.NEXT_ONE :     10BC C |  VIDMDSPR_MKSPR :              1584 C |
 VIDMDSPR_MKSPR.DONT_ADD :     15AE C |  VIDMDSPR_MKSPRMAP :           1632 C |
 VIDMD_CERROR :                15DE C | *VIDMD_CFREEZE :               15E6 C |
 VIDMD_PAL :                   1142 C |  VIDMD_PAL.BAD :               1160 C |
 VIDMD_PAL.LOOP :              115A C |  VIDMKFADE_GO :                110A C |
 VIDPRINT_INIT :               11B0 C |  VID_CHECKLASTSPR :             8CE C |
 VID_CHECKLASTSPR.BLNK_FIRST :  8E8 C |  VID_CHECKLASTSPR.LAST_ONE :    8EE C |
 VID_CHECKLASTSPR.SPR_EXIT :    8FE C | *VID_FILLGO :                   C26 C |
 VID_FILLGO.DMAW :              C2C C |  VID_FILLGO.DMA_W :             C80 C |
 VID_FONTDEFPAL :              11C4 C |  VID_MKDMACARRY :              160E C |
 VID_MKDMANEXT :               1604 C |  VID_MKMAPDMA :                166E C |
 VID_MKMAPDMA.NEXT_PZ :        168E C |  VID_MKMAPDMA.NO_DMA :         16B8 C |
 VID_PRINTTVAL :               1410 C |  VID_PRINTTVAL.HEX_INCR :      146A C |
 VID_PRINTTVAL.MK_VALUE :      1448 C |  VID_PRINTTVAL.SHOW_24 :       143C C |
*VID_PRINTTVAL.SHOW_BYTE :     142C C |  VID_PRINTTVAL.SHOW_LONG :     1444 C |
 VID_PRINTTVAL.SHOW_NIBBL :    145A C |  VID_PRINTTVAL.SHOW_WORD :     1434 C |
 VID_PRINTTVALW :              147C C |  VID_PRINTTVALW.GET_PREVAL :   1546 C |
 VID_PRINTTVALW.HEX_INCR :     1554 C |  VID_PRINTTVALW.MK_VALUE :     14B8 C |
 VID_PRINTTVALW.MK_VALUE_IN :  14B4 C |  VID_PRINTTVALW.NIBBL_CONT :   153E C |
 VID_PRINTTVALW.NIBBL_NORM :   1508 C |  VID_PRINTTVALW.SHOW_24 :      14A8 C |
*VID_PRINTTVALW.SHOW_BYTE :    1498 C |  VID_PRINTTVALW.SHOW_LONG :    14B0 C |
 VID_PRINTTVALW.SHOW_NIBBL :   14CA C |  VID_PRINTTVALW.SHOW_WORD :    14A0 C |
 VID_WRTREG01 :                 97C C |  VIEW_FAIRY :                     1 - |
 VIEW_GEMAINFO :                  1 - | *VINTCLR :                       16 - |
*VINTENBL :                      20 - |  VINT_DEFAULT :                1A5A C |
*VIRQ_ON :                        8 - | *VRESINTCLR :                    14 - |
 WAVE_FLAGS :                  1C0B C |  WAVE_LEN :                    1C03 C |
 WAVE_LOOP :                   1C06 C |  WAVE_PITCH :                  1C09 C |
 WAVE_START :                  1C00 C |  WAVFREQ_CDPCM :               1448 C |
 WAVFREQ_LIST :                13E6 C |  X68KSRCLSB :                    35 C |
 X68KSRCMID :                    36 C | *YM_CTRL_1 :                 A04000 - |
*YM_CTRL_2 :                 A04002 - | *YM_DATA_1 :                 A04001 - |
*YM_DATA_2 :                 A04003 - | *Z80SYNTAX :                      0 - |
 Z80_BUS :                   A11100 - |  Z80_CODE :                    208E C |
 Z80_CODE_END :                401A C | *Z80_CODE_EOF :                401A C |
 Z80_CPU :                   A00000 - |  Z80_INIT :                      3E C |
 Z80_RESET :                 A11200 - | *ZBANK :                       6000 - |
 ZDRVFIFO :                    1F60 - |  ZDRVFWRT :                    1F80 - |
*ZDRVMARSBLK :                 1F89 - |  ZDRVMAXCMND :                   20 - |
*ZDRVMCDBLK :                  1F8A - |  ZDRVPALMODE :                 1F88 - |
 ZDRVRAMLEN :                  1F87 - |  ZDRVRAMSRC :                  1F86 - |
 ZDRVROMBLK :                  1F81 - | *ZMARS_SEND :                   F30 C |
*ZOPCEX :                         8 - |  ZOPCEXX :                       D9 - |
*ZOPCNOP :                        0 - |  ZOPCPUSHAF :                    F5 - |
 ZOPCRET :                       C9 - |  ZPSG_CTRL :                   7F11 - |
 ZTBL_CHIP :                      3 - |  ZTBL_FREQINDX :                  5 - |
 ZTBL_INSTCACH :                  A - |  ZTBL_LINK :                      0 - |
 ZTBL_MASTERVOL :                 4 - |  ZTBL_PITCHBEND :                 6 - |
 ZTBL_PRIORITY :                  2 - |  ZTBL_VOLSLIDE :                  8 - |
 ZTBL_VOLUME :                    7 - |  ZYM_CTRL_1 :                  4000 - |
 ZYM_CTRL_2 :                  4002 - |  ZYM_DATA_1 :                  4001 - |
 ZYM_DATA_2 :                  4003 - | *_CCR :                    FFFFFE92 - |
*_DMACHANNEL0 :            FFFFFF8C - | *_DMACHANNEL1 :            FFFFFF9C - |
*_DMACOUNT0 :              FFFFFF88 - | *_DMACOUNT1 :              FFFFFF98 - |
*_DMADEST0 :               FFFFFF84 - | *_DMADEST1 :               FFFFFF94 - |
*_DMAOPERATION :           FFFFFFB0 - | *_DMAREQACK0 :             FFFFFFB4 - |
*_DMAREQACK1 :             FFFFFFB8 - | *_DMASOURCE0 :             FFFFFF80 - |
*_DMASOURCE1 :             FFFFFF90 - | *_DMAVECTORE0 :            FFFFFFA4 - |
*_DMAVECTORE1 :            FFFFFFAC - | *_DMAVECTORN0 :            FFFFFFA0 - |
*_DMAVECTORN1 :            FFFFFFA8 - | *_FRAMEBUFFER :            24000000 - |
*_FRC_H :                         2 - | *_FRC_L :                         3 - |
*_FRT :                    FFFFFE10 - | *_HRH :                    FFFFFF10 - |
*_HRL :                    FFFFFF14 - | *_HRL32 :                  FFFFFF04 - |
*_JR :                     FFFFFF00 - | *_OCR_H :                         4 - |
*_OCR_L :                         5 - | *_OVERWRITE :              24020000 - |
*_PALETTE :                20004200 - | *_SERIAL :                 FFFFFE00 - |
*_SYSREG :                 20004000 - | *_TCR :                           6 - |
*_TCSR :                          1 - | *_TIER :                          0 - |
*_TOCR :                          7 - | *_VDPREG :                 20004100 - |

   1362 symbols
    439 unused symbols

 AS V1.42 Beta [Bld 212] - Source File main.asm - Page 3 - 6/9/2025 23:7:29


  Defined Macros:
  ---------------

BINCLUDE_DMA                          | BINCLUDE_DMA_E                       
CODE_BANK                             | DATA_BANK                            
DEND_BANK                             | ENDMEMORY                            
ERREPORT                              | FILLSECTORS                          
FS_FILE                               | FS_MKLIST                            
GEMAHEAD                              | GEMATRK                              
GINSDAC                               | GINSFM                               
GINSFM3                               | GINSNULL                             
GINSPCM                               | GINSPCO                              
GINSPSG                               | GINSPSGN                             
GINSPWM                               | GSMPLDATA                            
GSMPLRAW                              | MARSVRAMDATA                         
MARSVRAMDEND                          | MCDSTAMPDATA                         
MCDSTAMPDEND                          | MEMORY                               
REPORT                                | ROMPAD                               
VDP_SHOWME                            |

     31 macros

 AS V1.42 Beta [Bld 212] - Source File main.asm - Page 4 - 6/9/2025 23:7:29


  Defined Structures/Unions:
  --------------------------

MDSTMP
  0      (I16) FLAGS
  2      (I16) VRAMMAIN
  4      (I16) VRAMSEC
  6      (I16) VRAMSIZE
  8      (I16) VRAMLEN
  A      (I16) VRAMINCR
  C      (I16) STMPOUTB
  E      (I16) CURROUTFLIP
 10      (I16) FDROP
 12      (I32) CELLSTORAGE
 16      (I32) DOTINCR
 1A      (I32) BUFFINCR

OBJ
  0      (I32) CODE
  4      (I32) X
  8      (I32) Y
  C      (I32) Z
 10      (I16) SIZE_X
 12      (I16) SIZE_Y
 14      (I16) SIZE_Z
 16      (I16) X_SPD
 18      (I16) Y_SPD
 1A      (I16) Z_SPD
 1C      (I8) INDEX
 1D      (I8) SUBID
 1E      (I8) STATUS
 1F      (I8) ATTR
 20      (I16) FRAME
 22      (I16) ANIM_NUM
 24      (I16) ANIM_INDX
 26      (I8) ANIM_ICUR
 27      (I8) ANIM_SPD
 28      (I8) RAM

PAD
  0      (I8) ID
  1      (I8) VER
  2      (I16) HOLD
  4      (I16) PRESS
  6      (I16) RELEASE
  8      (I16) X
  A      (I16) Y
  C      (I16) PAGE
  E      (I16) PAGERAW
 10      (I16) EXT
 12      (I32) PORT

PALFD
  0      (I8) REQ
  1      (I8) DELAY
  2      (I8) START
  3      (I8) INCR
  4      (I8) TARGET
  5      (I8) TIMER
  6      (I16) NUM
4 structures
 AS V1.42 Beta [Bld 212] - Source File main.asm - Page 5 - 6/9/2025 23:7:29


  Defined Functions:
  ------------------

VDP_WRTL                              | FULL_LOC                             
CELL_NUM                              | SPLITW                               

 AS V1.42 Beta [Bld 212] - Source File main.asm - Page 6 - 6/9/2025 23:7:29


  Code Pages:
  ----------

STANDARD (0 changed characters)

1 code page

3.69 seconds assembly time

  15537 lines source file
  16033 lines incl. macro expansions
      5 passes
      0 errors
      0 warnings
