 AS V1.42 Beta [Bld 212] - Source File main.asm - Page 1 - 5/24/2025 15:10:16


       1/       0 :                     ; ===========================================================================
       2/       0 :                     ; NikonaMD by GenesisFan64 2023-2025
       3/       0 :                     ;
       4/       0 :                     ; A devkit in assembly for developing software on the SEGA 16-bit
       5/       0 :                     ; family of systems:
       6/       0 :                     ; Genesis, Sega CD, Sega 32X, Sega CD32X and Sega Pico.
       7/       0 :                     ;
       8/       0 :                     ; DO NOT MODIFY THE nikona FOLDER AS IT WILL GET UPDATED WITH THE
       9/       0 :                     ; LATEST CHANGES AND BUGFIXES WITHOUT INTERFERING YOUR GAME CODE
      10/       0 :                     ; ===========================================================================
      11/       0 :                     
      12/       0 :                     ; ====================================================================
      13/       0 :                     ; ----------------------------------------------------------------
      14/       0 :                     ; SETTINGS
      15/       0 :                     ; ----------------------------------------------------------------
      16/       0 :                     
      17/       0 : =$0                  SET_FIRSTSCRN	equ 0		; Starting screen mode number on boot
      18/       0 :                     
      19/       0 :                     ; ====================================================================
      20/       0 :                     ; ----------------------------------------------------------------
      21/       0 :                     ; AS Assembler starting settings
      22/       0 :                     ; ----------------------------------------------------------------
      23/       0 :                     
      24/       0 :                     		cpu 		68000		; Starting CPU is 68000
      25/       0 :                     		padding		off		; Don't pad dc.b
      26/       0 :                     		listing 	purecode
      27/       0 :                     		supmode 	on 		; Supervisor mode (68000)
      28/       0 :                     		page 		0
      29/       0 :                     
      30/       0 :                     ; ====================================================================
      31/       0 :                     ; ----------------------------------------------------------------
      32/       0 :                     ; Includes
      33/       0 :                     ; ----------------------------------------------------------------
      34/       0 :                     
      35/       0 :                     		include	"rominfo.asm"		; ROM info
(1)    1/       0 :                     ; ====================================================================
(1)    2/       0 :                     ; ----------------------------------------------------------------
(1)    3/       0 :                     ; ROM/DISC Info
(1)    4/       0 :                     ;
(1)    5/       0 :                     ; ** DO NOT CHANGE THE SIZE OF THE STRINGS **
(1)    6/       0 :                     ; ----------------------------------------------------------------
(1)    7/       0 :                     
(1)    8/       0 :                     ; --------------------------------------------------------
(1)    9/       0 :                     ; System tags
(1)   10/       0 :                     ;
(1)   11/       0 :                     ; First 4 letters MUST contain "SEGA" or " SEGA"
(1)   12/       0 :                     ; or this will NOT boot on hardware
(1)   13/       0 :                     ; --------------------------------------------------------
(1)   14/       0 :                     
(1)   15/       0 : ="SEGA GENESIS    "  HTAG_SYS_MD	equ "SEGA GENESIS    "
(1)   16/       0 : ="SEGA GENESIS    "  HTAG_SYS_MCD	equ "SEGA GENESIS    "	; Same as cartridge
(1)   17/       0 : ="SEGA 32X        "  HTAG_SYS_MARS	equ "SEGA 32X        "
(1)   18/       0 : ="SEGA GENESIS    "  HTAG_SYS_MARSCD	equ "SEGA GENESIS    "	; Same as cartridge
(1)   19/       0 :                     ;!@ Pico variants
(1)   20/       0 : ="SEGA PICO       "  HTAG_SYS_PICO	equ "SEGA PICO       "
(1)   21/       0 : ="SEGA MEGA PICO  "  HTAG_SYS_MEGAPICO	equ "SEGA MEGA PICO  "
(1)   22/       0 : ="SEGA COPERA     "  HTAG_SYS_COPERA	equ "SEGA COPERA     "
(1)   23/       0 :                     
(1)   24/       0 :                     ; --------------------------------------------------------
(1)   25/       0 :                     ; SCD/CD32X ONLY: Volume and System(SDK/Engine) name
(1)   26/       0 :                     ;
(1)   27/       0 :                     ; Note:
(1)   28/       0 :                     ; Leave the names as is if you haven't modified
(1)   29/       0 :                     ; any of the Nikona SDK files (/nikona folder)
(1)   30/       0 :                     ; --------------------------------------------------------
(1)   31/       0 :                     
(1)   32/       0 : ="NIKONACD   "       HTAG_DISCID	equ "NIKONACD   "	; SCD Disc Volume name
(1)   33/       0 : ="NIKONACD32X"       HTAG_DISCID_M	equ "NIKONACD32X"	; CD32X Disc Volume name
(1)   34/       0 : ="NIKONA-SDK "       HTAG_SYSNAME	equ "NIKONA-SDK "
(1)   35/       0 : =$102                HTAG_CDVER	equ $0100|$02		; $0100|Version: $00-$FF
(1)   36/       0 :                     
(1)   37/       0 :                     ; --------------------------------------------------------
(1)   38/       0 :                     ; Release date
(1)   39/       0 :                     ;
(1)   40/       0 :                     ; "(C)NAME year.month"
(1)   41/       0 :                     ; --------------------------------------------------------
(1)   42/       0 :                     
(1)   43/       0 : ="(C)GF64 2025.???"  HTAG_DATEINFO	equ "(C)GF64 2025.???"
(1)   44/       0 :                     
(1)   45/       0 :                     ; --------------------------------------------------------
(1)   46/       0 :                     ; "Domestic" Name: Your game's name in Japan
(1)   47/       0 :                     ; (or in your language)
(1)   48/       0 :                     ; --------------------------------------------------------
(1)   49/       0 :                     
(1)   50/       0 : ="Nikona MD     ..   HTAG_NDM_MD	equ "Nikona MD                                       "
(1)   51/       0 : ="Nikona MCD    ..   HTAG_NDM_MCD	equ "Nikona MCD                                      "
(1)   52/       0 : ="Nikona SUPER32..   HTAG_NDM_MARS	equ "Nikona SUPER32X                                 "
(1)   53/       0 : ="Nikona CD32X  ..   HTAG_NDM_MARSCD	equ "Nikona CD32X                                    "
(1)   54/       0 : ="Nikona PICO   ..   HTAG_NDM_PICO	equ "Nikona PICO                                     "
(1)   55/       0 :                     
(1)   56/       0 :                     ; --------------------------------------------------------
(1)   57/       0 :                     ; "Overseas" Name: Your game's name in english
(1)   58/       0 :                     ; --------------------------------------------------------
(1)   59/       0 :                     
(1)   60/       0 : ="Nikona GENESIS..   HTAG_NOV_MD	equ "Nikona GENESIS                                  "
(1)   61/       0 : ="Nikona SCD    ..   HTAG_NOV_MCD	equ "Nikona SCD                                      "
(1)   62/       0 : ="Nikona 32X    ..   HTAG_NOV_MARS	equ "Nikona 32X                                      "
(1)   63/       0 : ="Nikona CD32X  ..   HTAG_NOV_MARSCD	equ "Nikona CD32X                                    "
(1)   64/       0 : ="Nikona PICO   ..   HTAG_NOV_PICO	equ "Nikona PICO                                     "
(1)   65/       0 :                     
(1)   66/       0 :                     ; --------------------------------------------------------
(1)   67/       0 :                     ; Serial number
(1)   68/       0 :                     ;
(1)   69/       0 :                     ; "id anything-vv"
(1)   70/       0 :                     ;
(1)   71/       0 :                     ; id:
(1)   72/       0 :                     ; GM - Game
(1)   73/       0 :                     ; AI - Educative
(1)   74/       0 :                     ;
(1)   75/       0 :                     ; anything:
(1)   76/       0 :                     ; Your own serial format, there's no standard for this.
(1)   77/       0 :                     ;
(1)   78/       0 :                     ; vv:
(1)   79/       0 :                     ; Version number: 00 to 99
(1)   80/       0 :                     ; --------------------------------------------------------
(1)   81/       0 :                     
(1)   82/       0 : ="GM HOMEBREW-02"    HTAG_SERIAL	equ "GM HOMEBREW-02"
(1)   83/       0 :                     
(1)   84/       0 :                     ; --------------------------------------------------------
(1)   85/       0 :                     ; Regions supported
(1)   86/       0 :                     ; --------------------------------------------------------
(1)   87/       0 :                     
(1)   88/       0 : ="F               "  HTAG_REGIONS	equ "F               "
(1)   89/       0 :                     
(1)   90/       0 :                     ; --------------------------------------------------------
(1)   91/       0 :                     ; Save data settings, applies to both
(1)   92/       0 :                     ; Cartridge and CD
(1)   93/       0 :                     ;
(1)   94/       0 :                     ; For compatibility the size must be in sizes of $40
(1)   95/       0 :                     ; (or $20 w/BRAM's protection)
(1)   96/       0 :                     ; Size also affects the save copy stored on RAM
(1)   97/       0 :                     ;
(1)   98/       0 :                     ; BRAM name note: Only UPPERCASE and _ are allowed.
(1)   99/       0 :                     ; --------------------------------------------------------
(1)  100/       0 :                     
(1)  101/       0 : =$1                  SET_ENBLSAVE	equ True		; Disable/Enable saving support
(1)  102/       0 : =$100                SET_SRAMSIZE	equ $100		; SRAM/BRAM filesize
(1)  103/       0 : ="NIKONACD___"       HTAG_CDSAVE	equ "NIKONACD___"	; SCD internal save name
(1)  104/       0 : ="NIKONACD32X"       HTAG_MARSCDSAV	equ "NIKONACD32X"	; CD32X internal save name
(1)  105/       0 :                     
      36/       0 :                     		include	"nikona/macros.asm"	; Assembler macros
(1)    1/       0 :                     ; ===========================================================================
(1)    2/       0 :                     ; -------------------------------------------------------------------
(1)    3/       0 :                     ; MACROS Section
(1)    4/       0 :                     ;
(1)    5/       0 :                     ; *** THIS MUST BE INCLUDED AT START OF THE CODE ***
(1)    6/       0 :                     ; -------------------------------------------------------------------
(1)    7/       0 :                     
(1)    8/       0 : =$3F800              MAX_WramBank	equ $3F800	; Maxium WRAM available to use + filler $120
(1)    9/       0 :                     
(1)   10/       0 :                     ; ====================================================================
(1)   11/       0 :                     ; ------------------------------------------------------------
(1)   12/       0 :                     ; AS Functions
(1)   13/       0 :                     ; ------------------------------------------------------------
(1)   14/       0 :                     
(1)   15/       0 :                     splitw		function l,r,(((l))<<16&$FFFF0000|((r))&$FFFF)		; Two WORDS stored in a single LONG: $11112222
(1)   16/       0 :                     cell_num	function a,(a<<5)					; Value in VDP cells
(1)   17/       0 :                     ; pstr_mem	function a,b,((a|$80)<<24)|b&$FFFFFF			; PRINT memory: pstr_mem(type,mem_pos)
(1)   18/       0 :                     full_loc	function a,-(-a)&$FFFFFFFF
(1)   19/       0 :                     vdp_wrtl	function a,((a>>14)&3)|(((a&$3FFF)|$4000)<<16)
(1)   20/       0 :                     
(1)   21/       0 :                     ; ====================================================================
(1)   22/       0 :                     ; ------------------------------------------------------------
(1)   23/       0 :                     ; Macros
(1)   24/       0 :                     ; ------------------------------------------------------------
(1)   25/       0 :                     
(1)   26/       0 :                     ; --------------------------------------------
(1)   27/       0 :                     ; Memory reserve
(1)   28/       0 :                     ;
(1)   29/       0 :                     ; Example:
(1)   30/       0 :                     ; 		memory RAM_Somewhere
(1)   31/       0 :                     ; RAM_ThisLong	ds.l 1
(1)   32/       0 :                     ; RAM_ThisWord	ds.w 1
(1)   33/       0 :                     ; RAM_ThisByte	ds.b 1				; <-- careful with alignment
(1)   34/       0 :                     ; 		endmemory 			; finish
(1)   35/       0 :                     ; --------------------------------------------
(1)   36/       0 :                     
(1)   37/       0 :                     memory		macro thisinput			; Reserve memory address
(1)   38/       0 :                     GLBL_LASTPC	:= *
(1)   39/       0 :                     		dephase
(1)   40/       0 :                     		phase thisinput
(1)   41/       0 :                     GLBL_LASTORG	:= *
(1)   42/       0 :                     		endm
(1)   43/       0 :                     
(1)   44/       0 :                     ; --------------------------------------------
(1)   45/       0 :                     
(1)   46/       0 :                     endmemory	macro				; Then finish.
(1)   47/       0 :                     .here:		dephase
(1)   48/       0 :                     		ds.b -(.here-GLBL_LASTORG)
(1)   49/       0 :                     		phase GLBL_LASTPC
(1)   50/       0 :                     		endm
(1)   51/       0 :                     
(1)   52/       0 :                     ; --------------------------------------------
(1)   53/       0 :                     ; Report memory usage
(1)   54/       0 :                     ; --------------------------------------------
(1)   55/       0 :                     
(1)   56/       0 :                     report		macro text,this,that
(1)   57/       0 :                     	if MOMPASS == 2
(1)   58/       0 :                     		if that == -1
(1)   59/       0 :                     			message text+": \{(this)&$FFFFFF}"
(1)   60/       0 :                     		else
(1)   61/       0 :                     			if this > that
(1)   62/       0 :                     				warning "RAN OUT OF "+text+" SPACE (\{(this)&$FFFFFF} of \{(that)&$FFFFFF})"
(1)   63/       0 :                     			else
(1)   64/       0 :                     				message text+" uses \{(this)&$FFFFFF} of \{(that)&$FFFFFF}"
(1)   65/       0 :                     			endif
(1)   66/       0 :                     		endif
(1)   67/       0 :                     	endif
(1)   68/       0 :                     		endm
(1)   69/       0 :                     
(1)   70/       0 :                     ; --------------------------------------------
(1)   71/       0 :                     ; Same as report but only show on error
(1)   72/       0 :                     ; --------------------------------------------
(1)   73/       0 :                     
(1)   74/       0 :                     erreport	macro text,this,that
(1)   75/       0 :                     	if MOMPASS == 2
(1)   76/       0 :                     		if this > that
(1)   77/       0 :                     			error "RAN OUT OF "+text+" (\{(this)&$FFFFFF} of \{(that)&$FFFFFF})"
(1)   78/       0 :                     		endif
(1)   79/       0 :                     	endif
(1)   80/       0 :                     		endm
(1)   81/       0 :                     
(1)   82/       0 :                     ; --------------------------------------------
(1)   83/       0 :                     ; ZERO Fill padding
(1)   84/       0 :                     ; --------------------------------------------
(1)   85/       0 :                     
(1)   86/       0 :                     rompad		macro target
(1)   87/       0 :                     .this_sz := target - *
(1)   88/       0 :                     		if .this_sz < 0
(1)   89/       0 :                     			error "Too much data at $\{target} ($\{(-.this_sz)} bytes)"
(1)   90/       0 :                     		else
(1)   91/       0 :                     			dc.b [.this_sz]0
(1)   92/       0 :                     		endif
(1)   93/       0 :                     	endm
(1)   94/       0 :                     
(1)   95/       0 :                     ; ====================================================================
(1)   96/       0 :                     ; ------------------------------------------------------------
(1)   97/       0 :                     ; Filesystem macros
(1)   98/       0 :                     ;
(1)   99/       0 :                     ; NOTE: A pre-generated ISO head is required
(1)  100/       0 :                     ;       at $8000 until $B7FF
(1)  101/       0 :                     ; ------------------------------------------------------------
(1)  102/       0 :                     
(1)  103/       0 :                     ; ------------------------------------------------------------
(1)  104/       0 :                     ; FS setup
(1)  105/       0 :                     ; ------------------------------------------------------------
(1)  106/       0 :                     
(1)  107/       0 :                     fs_mkList	macro type,start,end
(1)  108/       0 :                     .fstrt:
(1)  109/       0 :                     		dc.b .fend-.fstrt				; Block size
(1)  110/       0 :                     		dc.b 0						; Zero
(1)  111/       0 :                     		dc.b (start>>11&$FF),(start>>19&$FF)		; Start sector, little endian
(1)  112/       0 :                     		dc.b (start>>27&$FF),(start>>35&$FF)
(1)  113/       0 :                     		dc.l start>>11					; Start sector, big endian
(1)  114/       0 :                     		dc.b ((end-start)&$FF),((end-start)>>8&$FF)	; Filesize, little endian
(1)  115/       0 :                     		dc.b ((end-start)>>16&$FF),((end-start)>>24&$FF)
(1)  116/       0 :                     		dc.l end-start					; Filesize, big endian
(1)  117/       0 :                     		dc.b (2025-1900)+1				; Year
(1)  118/       0 :                     		dc.b 0,0,0,0,0,0				; (filler)
(1)  119/       0 :                     		dc.b 2						; File flags
(1)  120/       0 :                     		dc.b 0,0
(1)  121/       0 :                     		dc.b 1,0					; Volume sequence number, little
(1)  122/       0 :                     		dc.b 0,1					; Volume sequence number, big
(1)  123/       0 :                     		dc.b 1,type
(1)  124/       0 :                     .fend:
(1)  125/       0 :                     		endm
(1)  126/       0 :                     
(1)  127/       0 :                     ; ------------------------------------------------------------
(1)  128/       0 :                     ; FS File
(1)  129/       0 :                     ; ------------------------------------------------------------
(1)  130/       0 :                     
(1)  131/       0 :                     fs_file		macro filename,start,end
(1)  132/       0 :                     .fstrt:		dc.b .fend-.fstrt				; Block size
(1)  133/       0 :                     		dc.b 0						; zero
(1)  134/       0 :                     		dc.b (start>>11&$FF),(start>>19&$FF)		; Start sector, little
(1)  135/       0 :                     		dc.b (start>>27&$FF),(start>>35&$FF)
(1)  136/       0 :                     		dc.l start>>11					; Start sector, big
(1)  137/       0 :                     		dc.b ((end-start)&$FF),((end-start)>>8&$FF)	; Filesize, little
(1)  138/       0 :                     		dc.b ((end-start)>>16&$FF),((end-start)>>24&$FF)
(1)  139/       0 :                     		dc.l end-start					; Filesize, big
(1)  140/       0 :                     		dc.b (2025-1900)+1				; Year
(1)  141/       0 :                     		dc.b 0,0,0,0,0,0				; (filler)
(1)  142/       0 :                     		dc.b 0						; File flags
(1)  143/       0 :                     		dc.b 0,0
(1)  144/       0 :                     		dc.b 1,0					; Volume sequence number, little
(1)  145/       0 :                     		dc.b 0,1					; Volume sequence number, big
(1)  146/       0 :                     		dc.b .flend-.flen
(1)  147/       0 :                     .flen:		dc.b filename,";1"
(1)  148/       0 :                     .flend:		dc.b 0
(1)  149/       0 :                     .fend:
(1)  150/       0 :                     		endm
(1)  151/       0 :                     
(1)  152/       0 :                     ; ====================================================================
(1)  153/       0 :                     ; ------------------------------------------------------------
(1)  154/       0 :                     ; Nikona macros
(1)  155/       0 :                     ; ------------------------------------------------------------
(1)  156/       0 :                     
(1)  157/       0 :                     ; --------------------------------------------
(1)  158/       0 :                     ; Screen mode code
(1)  159/       0 :                     ;
(1)  160/       0 :                     ; code_bank START_LABEL,END_LABEL,CODE_PATH
(1)  161/       0 :                     ; --------------------------------------------
(1)  162/       0 :                     
(1)  163/       0 :                     code_bank macro lblstart,lblend,path
(1)  164/       0 :                     	if MCD|MARSCD
(1)  165/       0 :                     		align $800		; SCD/CD32X sector align
(1)  166/       0 :                     	elseif MARS
(1)  167/       0 :                     		phase $880000+*		; 32X ROM-area
(1)  168/       0 :                     		align 4
(1)  169/       0 :                     	endif
(1)  170/       0 :                     lblstart label *			; Register start label
(1)  171/       0 :                     	if MARS
(1)  172/       0 :                     		dephase			; 32X dephase
(1)  173/       0 :                     	endif
(1)  174/       0 :                     mctopscrn:
(1)  175/       0 :                     	if MARS|MCD|MARSCD
(1)  176/       0 :                     		phase RAM_UserCode	; Phase code to RAM area
(1)  177/       0 :                     	endif
(1)  178/       0 :                     mcscrn_s:
(1)  179/       0 :                     	include path;"game/screenX/code.asm"
(1)  180/       0 :                     mcscrn_e:
(1)  181/       0 :                     	if MARS
(1)  182/       0 :                     		dephase			; dephase RAM section
(1)  183/       0 :                     	elseif MCD|MARSCD
(1)  184/       0 :                     		dephase
(1)  185/       0 :                     		phase mctopscrn+(mcscrn_e-RAM_UserCode)	; Add the used bytes
(1)  186/       0 :                     		align $800
(1)  187/       0 :                     	endif
(1)  188/       0 :                     lblend label *
(1)  189/       0 :                     	erreport "SCREEN CODE: lblstart",mcscrn_e-mcscrn_s,MAX_UserCode
(1)  190/       0 :                     	endm
(1)  191/       0 :                     
(1)  192/       0 :                     ; --------------------------------------------
(1)  193/       0 :                     ; Data bank START
(1)  194/       0 :                     ; --------------------------------------------
(1)  195/       0 :                     
(1)  196/       0 :                     data_bank macro startlbl
(1)  197/       0 :                     	if MCD|MARSCD
(1)  198/       0 :                     		align $800		; Sector alignment
(1)  199/       0 :                     	elseif MARS
(1)  200/       0 :                     		align 4			; 32X alignment
(1)  201/       0 :                     	endif
(1)  202/       0 :                     startlbl label *			; Register label
(1)  203/       0 :                     	if MCD|MARSCD			; Set PHASE
(1)  204/       0 :                     		phase sysmcd_wram
(1)  205/       0 :                     	elseif MARS
(1)  206/       0 :                     		phase $900000+(startlbl&$0FFFFF)
(1)  207/       0 :                     	endif
(1)  208/       0 :                     GLBL_MDATA_ST := *			; Save current pos globally
(1)  209/       0 :                     	endm
(1)  210/       0 :                     
(1)  211/       0 :                     ; --------------------------------------------
(1)  212/       0 :                     ; Data bank END
(1)  213/       0 :                     ; --------------------------------------------
(1)  214/       0 :                     
(1)  215/       0 :                     dend_bank macro endlbl
(1)  216/       0 :                     GLBL_MDATA_RP := *-GLBL_MDATA_ST	; Get used size to report
(1)  217/       0 :                     
(1)  218/       0 :                     	; Set 32X bank end
(1)  219/       0 :                     	if MARS
(1)  220/       0 :                     		if GLBL_MDATA_RP >= $900000+$100000
(1)  221/       0 :                     			error "32X: RAN OUT OF MEMORY FOR A SINGLE 1MB BANK"
(1)  222/       0 :                     		endif
(1)  223/       0 :                     		dephase			; Dephase $900000
(1)  224/       0 :                     
(1)  225/       0 :                     	; Set MCD/CD32X data end
(1)  226/       0 :                     	elseif MCD|MARSCD
(1)  227/       0 :                     		dephase			; Dephase WRAM
(1)  228/       0 :                     mlastpos := *	; <-- CD/CD32X ONLY
(1)  229/       0 :                     mpadlbl	:= (mlastpos&$FFF800)+$800	; Fill sectors
(1)  230/       0 :                     		rompad mpadlbl
(1)  231/       0 :                     endlbl label *	; <-- CD/CD32X ONLY
(1)  232/       0 :                     
(1)  233/       0 :                     		if GLBL_MDATA_RP > MAX_WramBank
(1)  234/       0 :                     			error "SCD/CD32X: DATA BANK IS TOO LARGE: $\{GLBL_MDATA_RP} of $\{MAX_WramBank}"
(1)  235/       0 :                     		endif
(1)  236/       0 :                     	endif
(1)  237/       0 :                     	endm
(1)  238/       0 :                     
(1)  239/       0 :                     ; --------------------------------------------
(1)  240/       0 :                     ; SCD Stamp Start/End
(1)  241/       0 :                     ; --------------------------------------------
(1)  242/       0 :                     
(1)  243/       0 :                     mcdStampData	macro
(1)  244/       0 :                     		phase 0
(1)  245/       0 :                     		ds.b $80
(1)  246/       0 :                     		endm
(1)  247/       0 :                     
(1)  248/       0 :                     mcdStampDEnd	macro
(1)  249/       0 :                     		align 2
(1)  250/       0 :                     .end:
(1)  251/       0 :                     		erreport "This SCD Stamp data",.end,$3F800
(1)  252/       0 :                     		dephase
(1)  253/       0 :                     		endm
(1)  254/       0 :                     
(1)  255/       0 :                     ; --------------------------------------------
(1)  256/       0 :                     ; 32X graphics data Start/End
(1)  257/       0 :                     ; --------------------------------------------
(1)  258/       0 :                     
(1)  259/       0 :                     marsVramData	macro
(1)  260/       0 :                     		phase 0
(1)  261/       0 :                     		endm
(1)  262/       0 :                     
(1)  263/       0 :                     marsVramDEnd	macro
(1)  264/       0 :                     		align 8
(1)  265/       0 :                     .end:
(1)  266/       0 :                     		erreport "This 32X graphics data",.end,$18000
(1)  267/       0 :                     		dephase
(1)  268/       0 :                     		endm
(1)  269/       0 :                     
(1)  270/       0 :                     ; --------------------------------------------
(1)  271/       0 :                     ; Fill CD sectors
(1)  272/       0 :                     ; --------------------------------------------
(1)  273/       0 :                     
(1)  274/       0 :                     fillSectors macro num
(1)  275/       0 :                     	rept num
(1)  276/       0 :                     		align $800-1
(1)  277/       0 :                     		dc.b 0
(1)  278/       0 :                     	endm
(1)  279/       0 :                     	endm
(1)  280/       0 :                     
(1)  281/       0 :                     ; --------------------------------------------
(1)  282/       0 :                     ; binclude VDP graphics
(1)  283/       0 :                     ; --------------------------------------------
(1)  284/       0 :                     
(1)  285/       0 :                     binclude_dma	macro lblstart,file
(1)  286/       0 :                     	; 32X: Temporally show ROM position
(1)  287/       0 :                     	if MARS
(1)  288/       0 :                     GLBL_LASTPHDMA	set *
(1)  289/       0 :                     	dephase
(1)  290/       0 :                     GLBL_PHASEDMA	set *
(1)  291/       0 :                     		endif
(1)  292/       0 :                     
(1)  293/       0 :                     		align 2
(1)  294/       0 :                     lblstart	label *
(1)  295/       0 :                     		binclude file
(1)  296/       0 :                     		align 2
(1)  297/       0 :                     	; 32X: Return to last phase
(1)  298/       0 :                     	if MARS
(1)  299/       0 :                     GLBL_ENDPHDMA	set *-GLBL_PHASEDMA
(1)  300/       0 :                     		phase GLBL_LASTPHDMA+GLBL_ENDPHDMA
(1)  301/       0 :                     	endif
(1)  302/       0 :                     		endm
(1)  303/       0 :                     
(1)  304/       0 :                     ; --------------------------------------------
(1)  305/       0 :                     ; binclude VDP graphics w/End label
(1)  306/       0 :                     ; --------------------------------------------
(1)  307/       0 :                     
(1)  308/       0 :                     binclude_dma_e	macro lblstart,lblend,file
(1)  309/       0 :                     	; 32X: Temporally show ROM position
(1)  310/       0 :                     	if MARS
(1)  311/       0 :                     GLBL_LASTPHDMA	set *
(1)  312/       0 :                     	dephase
(1)  313/       0 :                     GLBL_PHASEDMA	set *
(1)  314/       0 :                     		endif
(1)  315/       0 :                     		align 2
(1)  316/       0 :                     lblstart	label *
(1)  317/       0 :                     		binclude file
(1)  318/       0 :                     lblend		label *
(1)  319/       0 :                     		align 2
(1)  320/       0 :                     	; 32X: Return to last phase
(1)  321/       0 :                     	if MARS
(1)  322/       0 :                     GLBL_ENDPHDMA	set *-GLBL_PHASEDMA
(1)  323/       0 :                     		phase GLBL_LASTPHDMA+GLBL_ENDPHDMA
(1)  324/       0 :                     	endif
(1)  325/       0 :                     		endm
(1)  326/       0 :                     
(1)  327/       0 :                     ; ====================================================================
(1)  328/       0 :                     ; ------------------------------------------------------------
(1)  329/       0 :                     ; Nikona CODE macros
(1)  330/       0 :                     ; ------------------------------------------------------------
(1)  331/       0 :                     
(1)  332/       0 :                     ; --------------------------------------------
(1)  333/       0 :                     ; VDP color debug
(1)  334/       0 :                     ; --------------------------------------------
(1)  335/       0 :                     
(1)  336/       0 :                     vdp_showme	macro color
(1)  337/       0 :                     		move.l	#$C0000000,(vdp_ctrl).l
(1)  338/       0 :                     		move.w	#color,(vdp_data).l
(1)  339/       0 :                     		endm
(1)  340/       0 :                     
      37/       0 :                     		include	"nikona/mcd/map.asm"	; Sega CD hardware map (shared with Sub-CPU)
(1)    1/       0 :                     ; ===========================================================================
(1)    2/       0 :                     ; -------------------------------------------------------------------
(1)    3/       0 :                     ; SEGA CD SUB-CPU MAP
(1)    4/       0 :                     ; -------------------------------------------------------------------
(1)    5/       0 :                     
(1)    6/       0 :                     ; ----------------------------------------------------------------
(1)    7/       0 :                     ; SEGA CD map
(1)    8/       0 :                     ; ----------------------------------------------------------------
(1)    9/       0 :                     
(1)   10/       0 : =$200000             sysmcd_wram	equ	$200000
(1)   11/       0 : =$A12000             sysmcd_reg	equ	$A12000
(1)   12/       0 :                     
(1)   13/       0 :                     ; ------------------------------------------------
(1)   14/       0 :                     ; Register area
(1)   15/       0 :                     ;
(1)   16/       0 :                     ; MAIN-CPU: $A12000 (sysmcd_reg)
(1)   17/       0 :                     ; SUB-CPU:  $FF8000 (scpu_reg)
(1)   18/       0 :                     ; ------------------------------------------------
(1)   19/       0 :                     
(1)   20/       0 :                     ; -------------
(1)   21/       0 :                     ; bits
(1)   22/       0 : =$2                  bitWRamMode	equ 2		;2M | 1M
(1)   23/       0 :                     
(1)   24/       0 :                     ; -------------
(1)   25/       0 :                     ; Registers
(1)   26/       0 : =$3                  mcd_memory	equ $03
(1)   27/       0 : =$6                  mcd_hint	equ $06		; [W] HBlank RAM redirection-jump (MAIN CPU ONLY)
(1)   28/       0 : =$E                  mcd_comm_m	equ $0E		; [B] Comm port MAIN R/W | SUB READ ONLY
(1)   29/       0 : =$F                  mcd_comm_s	equ $0F		; [B] Comm port SUB R/W  | MAIN READ ONLY
(1)   30/       0 : =$10                 mcd_dcomm_m	equ $10		; [S: $0E] Communication MAIN
(1)   31/       0 : =$20                 mcd_dcomm_s	equ $20		; [S: $0E] Communication SUB
(1)   32/       0 : =$32                 mcd_intmask	equ $32		;
(1)   33/       0 :                     
(1)   34/       0 :                     ; ====================================================================
(1)   35/       0 :                     
      38/       0 :                     		include	"nikona/mars/map.asm"	; 32X hardware map (shared with SH2)
(1)    1/       0 :                     ; ===========================================================================
(1)    2/       0 :                     ; -------------------------------------------------------------------
(1)    3/       0 :                     ; SH2 MAP
(1)    4/       0 :                     ;
(1)    5/       0 :                     ; Variables are shared with 68K
(1)    6/       0 :                     ; -------------------------------------------------------------------
(1)    7/       0 :                     
(1)    8/       0 :                     ; ----------------------------------------------------------------
(1)    9/       0 :                     ; 32X map
(1)   10/       0 :                     ; ----------------------------------------------------------------
(1)   11/       0 :                     
(1)   12/       0 : =$A130EC             sysmars_id		equ	$A130EC		; 32X's ID: "MARS"
(1)   13/       0 : =$A15100             sysmars_reg		equ	$A15100		; MARS 32X registers area
(1)   14/       0 : =$A15180             sysmars_svdp		equ	$A15180		; SVDP registers
(1)   15/       0 : =$840000             sysmars_framebuffer	equ	$840000
(1)   16/       0 : =$860000             sysmars_overwrite	equ	$860000
(1)   17/       0 :                     
(1)   18/       0 :                     ; ------------------------------------------------------------
(1)   19/       0 :                     ; SH2 MAP
(1)   20/       0 :                     ; ------------------------------------------------------------
(1)   21/       0 :                     
(1)   22/       0 : =$0                  CS0		equ	$00000000	; Boot ROM & System registers
(1)   23/       0 : =$2000000            CS1		equ	$02000000	; ROM view (CARTRIDGE ONLY, BLOCKED if RV=1)
(1)   24/       0 : =$4000000            CS2		equ	$04000000	; Framebuffer/Overwrite area
(1)   25/       0 : =$6000000            CS3		equ	$06000000	; SDRAM
(1)   26/       0 : =$20000000           TH		equ	$20000000	; Cache-Thru OR Value
(1)   27/       0 : =$20004000           _sysreg		equ	$00004000|TH	; 32X system registers
(1)   28/       0 : =$20004100           _vdpreg		equ	$00004100|TH	; SuperVDP registers
(1)   29/       0 : =$20004200           _palette	equ	$00004200|TH	; Palette RAM for Pixel-Packed or RLE mode
(1)   30/       0 : =$24000000           _framebuffer:	equ	CS2|TH		; Framebuffer: First 240 words are the linetable
(1)   31/       0 : =$24020000           _overwrite:	equ	CS2|TH+$20000	; Overwrite:   Same but any 0 value writes are ignored
(1)   32/       0 :                     
(1)   33/       0 :                     ; ------------------------------------------------------------
(1)   34/       0 :                     ; Variables
(1)   35/       0 :                     ; ------------------------------------------------------------
(1)   36/       0 :                     
(1)   37/       0 :                     ; ------------------------------------------------
(1)   38/       0 :                     ; System
(1)   39/       0 :                     ;
(1)   40/       0 :                     ; _sysreg / sysmars_reg
(1)   41/       0 :                     ; ------------------------------------------------
(1)   42/       0 :                     
(1)   43/       0 : =$0                  adapter		equ	$00		; adapter control register
(1)   44/       0 : =$1                  intmask		equ	$01		; SH2 CPU ONLY: interrupts mask
(1)   45/       0 : =$3                  standby		equ	$03		; CMD interrupt request bit by MD side (slave|master) (BYTE)
(1)   46/       0 : =$4                  bankset		equ	$04		; 68K ONLY: $900000 bank
(1)   47/       0 : =$6                  dreqctl		equ	$06		; DREQ control (WORD)
(1)   48/       0 : =$8                  dreqsource	equ	$08		; DREQ source address
(1)   49/       0 : =$C                  dreqdest	equ	$0C		; DREQ destination address
(1)   50/       0 : =$10                 dreqlen		equ	$10		; DREQ length
(1)   51/       0 : =$12                 dreqfifo	equ	$12		; DREQ FIFO
(1)   52/       0 : =$14                 vresintclr	equ	$14		; VRES interrupt clear
(1)   53/       0 : =$16                 vintclr		equ	$16		; V interrupt clear
(1)   54/       0 : =$18                 hintclr		equ	$18		; H interrupt clear
(1)   55/       0 : =$1A                 cmdintclr	equ	$1a		; CMD interrupt clear
(1)   56/       0 : =$1C                 pwmintclr	equ	$1C		; PWM interrupt clear
(1)   57/       0 : =$20                 comm0		equ	$20		; Communication ports
(1)   58/       0 : =$21                 comm1		equ	$21		; ** ALL CPUs can see this ports: including Z80
(1)   59/       0 : =$22                 comm2		equ	$22		; only be careful with the read/write directions. **
(1)   60/       0 : =$23                 comm3		equ	$23		;
(1)   61/       0 : =$24                 comm4		equ	$24		;
(1)   62/       0 : =$25                 comm5		equ	$25		;
(1)   63/       0 : =$26                 comm6		equ	$26		;
(1)   64/       0 : =$27                 comm7		equ	$27		;
(1)   65/       0 : =$28                 comm8		equ	$28		;
(1)   66/       0 : =$29                 comm9		equ	$29		;
(1)   67/       0 : =$2A                 comm10		equ	$2A		;
(1)   68/       0 : =$2B                 comm11		equ	$2B		;
(1)   69/       0 : =$2C                 comm12		equ	$2C		;
(1)   70/       0 : =$2D                 comm13		equ	$2D		;
(1)   71/       0 : =$2E                 comm14		equ	$2E		;
(1)   72/       0 : =$2F                 comm15		equ	$2F		;
(1)   73/       0 : =$30                 timerctl	equ	$30		; PWM Timer Control
(1)   74/       0 : =$31                 pwmctl		equ	$31		; PWM Control
(1)   75/       0 : =$32                 cycle		equ	$32		; PWM Cycle
(1)   76/       0 : =$34                 lchwidth	equ	$34		; PWM L ch Width
(1)   77/       0 : =$36                 rchwidth	equ	$36		; PWM R ch Width
(1)   78/       0 : =$38                 monowidth	equ	$38		; PWM Monaural Width
(1)   79/       0 :                     
(1)   80/       0 :                     ; adapter
(1)   81/       0 : =$1                  ADEN		equ	%00000001	; MARS Enabled: No/Yes
(1)   82/       0 : =$2                  RES		equ	%00000010	; SH2 Reset: Yes/Cancelled
(1)   83/       0 : =$80                 FM		equ	%10000000	; SuperVDP permission: MD or SH
(1)   84/       0 :                     
(1)   85/       0 :                     ; framectl
(1)   86/       0 : =$1                  FS		equ	%00000001	; Current framebuffer DRAM pixel data
(1)   87/       0 : =$2                  FEN		equ	%00000010	; Can write to Framebuffer: Yes/No
(1)   88/       0 :                     
(1)   89/       0 :                     ; vdpsts
(1)   90/       0 : =$80                 VBLK		equ	%10000000	; VBlank bit
(1)   91/       0 : =$40                 HBLK		equ	%01000000	; HBlank bit
(1)   92/       0 : =$20                 PEN		equ	%00100000	; Can write to Palette: Yes/No
(1)   93/       0 :                     
(1)   94/       0 :                     ; intmask
(1)   95/       0 : =$8                  VIRQ_ON		equ	$08		; IRQ masks for IRQ mask register
(1)   96/       0 : =$4                  HIRQ_ON		equ	$04
(1)   97/       0 : =$2                  CMDIRQ_ON	equ	$02
(1)   98/       0 : =$1                  PWMIRQ_ON	equ	$01
(1)   99/       0 :                     
(1)  100/       0 :                     ; ------------------------------------------------
(1)  101/       0 :                     ; Super VDP
(1)  102/       0 :                     ;
(1)  103/       0 :                     ; _vdpreg
(1)  104/       0 :                     ; ------------------------------------------------
(1)  105/       0 :                     
(1)  106/       0 : =$0                  tvmode		equ	$00		; TV mode
(1)  107/       0 : =$1                  bitmapmd	equ	$01		; Bitmap mode
(1)  108/       0 : =$2                  shift		equ	$02		; Lineshift bit
(1)  109/       0 : =$4                  filllength	equ	$04		; Auto Fill Length register
(1)  110/       0 : =$6                  fillstart	equ	$06		; Auto Fill Start Address register
(1)  111/       0 : =$8                  filldata	equ	$08		; Auto Fill Data register
(1)  112/       0 : =$A                  vdpsts		equ	$0A		; VDP Status register
(1)  113/       0 : =$B                  framectl	equ	$0B		; Frame Buffer Control register
(1)  114/       0 :                     
(1)  115/       0 :                     ; ------------------------------------------------------------
(1)  116/       0 :                     ; SH2 internal registers
(1)  117/       0 :                     ;
(1)  118/       0 :                     ; DREQ and PWM are directly connected to
(1)  119/       0 :                     ; their specific channel:
(1)  120/       0 :                     ; Channel 0: DREQ
(1)  121/       0 :                     ; Channel 1: PWM
(1)  122/       0 :                     ; ------------------------------------------------------------
(1)  123/       0 :                     
(1)  124/       0 : =$FFFFFE00           _SERIAL		equ	$FFFFFE00	; Serial Control
(1)  125/       0 : =$FFFFFE10           _FRT		equ	$FFFFFE10	; Free run timer
(1)  126/       0 : =$0                  _TIER		equ	$00		; Timer interrupt enable register
(1)  127/       0 : =$1                  _TCSR		equ	$01		; Timer control & status register
(1)  128/       0 : =$2                  _FRC_H		equ	$02		; Free running counter High
(1)  129/       0 : =$3                  _FRC_L		equ	$03		; Free running counter Low
(1)  130/       0 : =$4                  _OCR_H		equ	$04		; Output compare register High
(1)  131/       0 : =$5                  _OCR_L		equ	$05		; Output compare register Low
(1)  132/       0 : =$6                  _TCR		equ	$06		; Timer control register
(1)  133/       0 : =$7                  _TOCR		equ	$07		; Timer output compare control register
(1)  134/       0 : =$FFFFFE92           _CCR		equ	$FFFFFE92	; Cache register (WORD)
(1)  135/       0 : =$FFFFFF00           _JR		equ	$FFFFFF00	; DIVU (--- / val)
(1)  136/       0 : =$FFFFFF04           _HRL32		equ	$FFFFFF04	; DIVU (val / ---) or RIGHT-long result on Read.
(1)  137/       0 : =$FFFFFF10           _HRH		equ	$FFFFFF10	; DIVU Result: LEFT long
(1)  138/       0 : =$FFFFFF14           _HRL		equ	$FFFFFF14	; DIVU Result: RIGHT long
(1)  139/       0 : =$FFFFFF80           _DMASOURCE0	equ	$FFFFFF80	; DMA source address 0
(1)  140/       0 : =$FFFFFF84           _DMADEST0	equ	$FFFFFF84	; DMA destination address 0
(1)  141/       0 : =$FFFFFF88           _DMACOUNT0	equ	$FFFFFF88	; DMA transfer count 0
(1)  142/       0 : =$FFFFFF8C           _DMACHANNEL0	equ	$FFFFFF8C	; DMA channel control 0
(1)  143/       0 : =$FFFFFF90           _DMASOURCE1	equ	$FFFFFF90	; DMA source address 1
(1)  144/       0 : =$FFFFFF94           _DMADEST1	equ	$FFFFFF94	; DMA destination address 1
(1)  145/       0 : =$FFFFFF98           _DMACOUNT1	equ	$FFFFFF98	; DMA transfer count 1
(1)  146/       0 : =$FFFFFF9C           _DMACHANNEL1	equ	$FFFFFF9C	; DMA channel control 1
(1)  147/       0 : =$FFFFFFA0           _DMAVECTORN0	equ	$FFFFFFA0	; DMA vector number N0
(1)  148/       0 : =$FFFFFFA4           _DMAVECTORE0	equ	$FFFFFFA4	; DMA vector number E0
(1)  149/       0 : =$FFFFFFA8           _DMAVECTORN1	equ	$FFFFFFA8	; DMA vector number N1
(1)  150/       0 : =$FFFFFFAC           _DMAVECTORE1	equ	$FFFFFFAC	; DMA vector number E1
(1)  151/       0 : =$FFFFFFB0           _DMAOPERATION	equ	$FFFFFFB0	; DMA operation
(1)  152/       0 : =$FFFFFFB4           _DMAREQACK0	equ	$FFFFFFB4	; DMA request/ack select control 0
(1)  153/       0 : =$FFFFFFB8           _DMAREQACK1	equ	$FFFFFFB8	; DMA request/ack select control 1
(1)  154/       0 :                     
      39/       0 :                     		include	"nikona/md/map.asm"	; Genesis hardware map and other areas
(1)    1/       0 :                     ; ===========================================================================
(1)    2/       0 :                     ; ----------------------------------------------------------------
(1)    3/       0 :                     ; Genesis / Pico 68000 map
(1)    4/       0 :                     ; ----------------------------------------------------------------
(1)    5/       0 :                     
(1)    6/       0 : =$200000             sys_sram	equ	$200000		; Second half of 4MB rom or external RAM, Normal or Save data
(1)    7/       0 : =$A00000             z80_cpu		equ	$A00000		; Z80 CPU area, size: $2000
(1)    8/       0 : =$A04000             ym_ctrl_1	equ	$A04000		; YM2612 reg 1
(1)    9/       0 : =$A04001             ym_data_1	equ	$A04001		; YM2612 reg 2
(1)   10/       0 : =$A04002             ym_ctrl_2	equ	$A04002		; YM2612 reg 1
(1)   11/       0 : =$A04003             ym_data_2	equ	$A04003		; YM2612 reg 2
(1)   12/       0 : =$A10001             sys_io		equ	$A10001		; bits: OVRSEAS(7)|PAL(6)|DISK(5)|VER(3-0)
(1)   13/       0 : =$A10003             sys_data_1	equ	$A10003		; Port 1 DATA
(1)   14/       0 : =$A10005             sys_data_2	equ	$A10005		; Port 2 DATA
(1)   15/       0 : =$A10007             sys_data_3	equ	$A10007		; Modem DATA
(1)   16/       0 : =$A10009             sys_ctrl_1	equ	$A10009		; Port 1 CTRL
(1)   17/       0 : =$A1000B             sys_ctrl_2	equ	$A1000B		; Port 2 CTRL
(1)   18/       0 : =$A1000D             sys_ctrl_3	equ	$A1000D		; Modem CTRL
(1)   19/       0 : =$A11100             z80_bus 	equ	$A11100		; only use bit 0 (bit 8 as WORD)
(1)   20/       0 : =$A11200             z80_reset	equ	$A11200		; WRITE only ($0000 reset/$0100 cancel)
(1)   21/       0 : =$A130F1             md_bank_sram	equ	$A130F1		; Make SRAM visible at $200000
(1)   22/       0 : =$A14000             sys_tmss	equ	$A14000		; write "SEGA" here for ver > 0
(1)   23/       0 :                     
(1)   24/       0 :                     
(1)   25/       0 :                     ; !@ PICO addresses
(1)   26/       0 : =$800000             pico_START:			equ $800000
(1)   27/       0 : =$800001             pico_ver:			equ	$800001	;1 byte
(1)   28/       0 : =$800003             pico_btn:			equ	$800003	;~
(1)   29/       0 : =$800005             pico_penX_hi:		equ	$800005	;~
(1)   30/       0 : =$800007             pico_penX_lo:		equ	$800007	;~
(1)   31/       0 : =$800009             pico_penY_hi:		equ	$800009	;~
(1)   32/       0 : =$80000B             pico_penY_lo:		equ	$80000B	;~
(1)   33/       0 : =$80000D             pico_BookPage:		equ	$80000D	;~
(1)   34/       0 : =$80000F             pico_copType:		equ	$80000F	;~
(1)   35/       0 : =$800010             pico_pcm_data:		equ	$800010	;1 word
(1)   36/       0 : =$800012             pico_pcm_ctrl:		equ	$800012	;~
(1)   37/       0 : =$800015             pico_port_1_data:	equ	$800015	;~
(1)   38/       0 : =$800017             pico_port_1_ctrl:	equ	$800017	;~
(1)   39/       0 : =$800019             pico_security_addr:	equ	$800019	;2 odd words
(1)   40/       0 :                     
(1)   41/       0 :                     ; !@ Copera addresses
(1)   42/       0 : =$BFF801             copr_ymz263b_a0:	equ	$BFF801	;1 word
(1)   43/       0 : =$BFF803             copr_ymz263b_d0:	equ	$BFF803	;~
(1)   44/       0 : =$BFF805             copr_ymz263b_a1:	equ	$BFF805	;~
(1)   45/       0 : =$BFF807             copr_ymz263b_d1:	equ	$BFF807	;~
(1)   46/       0 :                     
(1)   47/       0 : =$BFF824             copr_ymf262_a0:		equ	$BFF824
(1)   48/       0 : =$BFF828             copr_ymf262_d0:		equ	$BFF828
(1)   49/       0 : =$BFF834             copr_ymf262_a1:		equ	$BFF834
(1)   50/       0 :                     
(1)   51/       0 : =$BFF840             copr_ym712b_a0:		equ	$BFF840
(1)   52/       0 :                     
(1)   53/       0 :                     
(1)   54/       0 :                     ;VDP/PSG
(1)   55/       0 : =$C00000             vdp_data	equ	$C00000		; video data port
(1)   56/       0 : =$C00004             vdp_ctrl	equ	$C00004		; video control port
(1)   57/       0 : =$C00011             psg_ctrl	equ	$C00011		; PSG control
(1)   58/       0 :                     
(1)   59/       0 :                     ; ----------------------------------------------------------------
(1)   60/       0 :                     ; Genesis / Mega drive Z80 map
(1)   61/       0 :                     ; ----------------------------------------------------------------
(1)   62/       0 :                     
(1)   63/       0 : =$4000               zym_ctrl_1	equ	$4000		; YM2612 reg 1
(1)   64/       0 : =$4001               zym_data_1	equ	$4001		; YM2612 reg 2
(1)   65/       0 : =$4002               zym_ctrl_2	equ	$4002		; YM2612 reg 1
(1)   66/       0 : =$4003               zym_data_2	equ	$4003		; YM2612 reg 2
(1)   67/       0 : =$6000               zbank		equ	$6000		; Z80 ROM BANK: %XXXXXXXX X0000000 00000000 (write 9 times)
(1)   68/       0 :                     ; zvdp_data	equ	$7F00		; VDP data port
(1)   69/       0 :                     ; zvdp_ctrl	equ	$7F04		; VDP control port
(1)   70/       0 : =$7F11               zpsg_ctrl	equ	$7F11		; PSG control
(1)   71/       0 :                     
      40/       0 :                     		include	"nikona/ram.asm"	; Genesis RAM sections
(1)    1/       0 :                     ; ===========================================================================
(1)    2/       0 :                     ; ----------------------------------------------------------------
(1)    3/       0 :                     ; Genesis/Pico 68000 RAM section (SCD: "MAIN-CPU")
(1)    4/       0 :                     ;
(1)    5/       0 :                     ; Reserved RAM areas:
(1)    6/       0 :                     ; $FFFD00-$FFFDEF |  SCD: Boot-ROM's Vector jumps ($FFFD00-$FFFDB3)
(1)    7/       0 :                     ;                 |  32X: HOT-START jump code
(1)    8/       0 :                     ;                 | PICO: 68K Sound driver buffer (TODO)
(1)    9/       0 :                     ;                 | Else: Unused, could be used for bankswitching
(1)   10/       0 :                     ;                 |       or any modern-day cartridge chip
(1)   11/       0 :                     ; $FFFDF0-$FFFDFF | Byte writes from Z80
(1)   12/       0 :                     ; $FFFE00-$FFFFFF | Stack
(1)   13/       0 :                     ; ----------------------------------------------------------------
(1)   14/       0 :                     
(1)   15/       0 :                     ; ====================================================================
(1)   16/       0 :                     ; ----------------------------------------------------------------
(1)   17/       0 :                     ; 68000 RAM SIZES (MAIN-CPU in SegaCD/CD32X)
(1)   18/       0 :                     ; ----------------------------------------------------------------
(1)   19/       0 :                     
(1)   20/       0 : =$1000               MAX_Globals	equ $1000	; USER Global variables
(1)   21/       0 : =$2000               MAX_ScrnBuff	equ $2000	; Current Screen's temporal memory
(1)   22/       0 : =$3000               MAX_LibCode	equ $3000	; SCD/32X/CD32X: Nikona lib
(1)   23/       0 : =$7800               MAX_UserCode	equ $7800	; SCD/32X/CD32X: Current SCREEN's CODE+small DATA
(1)   24/       0 :                     
(1)   25/       0 :                     ; ====================================================================
(1)   26/       0 :                     
(1)   27/       0 : =$FFFD00             SET_RAMLIMIT	equ $FFFD00
(1)   28/       0 :                     
(1)   29/       0 :                     ; ===========================================================================
(1)   30/       0 :                     ; ----------------------------------------------------------------
(1)   31/       0 :                     ; MAIN USER RAM
(1)   32/       0 :                     ; ----------------------------------------------------------------
(1)   33/       0 :                     
(1)   34/       0 : (MACRO)              			memory $FFFF0000
(1)   34/       0 : =$0                  GLBL_LASTPC     := *
(1)   34/       0 :                                     dephase
(1)   34/FFFFFFFFFFFF0000 :                                     phase $FFFF0000
(1)   34/FFFFFFFFFFFF0000 : =$FFFFFFFFFFFF0000   GLBL_LASTORG    := *
(1)   40/FFFFFFFFFFFF0000 :                     .end:
(1)   41/FFFFFFFFFFFF0000 : (MACRO)              			endmemory
(1)   41/       0 :                     .here:          dephase
(1)   41/       0 :                                     ds.b -(.here-GLBL_LASTORG)
(1)   41/       0 :                                     phase GLBL_LASTPC
(1)   42/       0 :                     
(1)   46/       0 : (MACRO)              			memory $FFFFB000	; Genesis/Pico ONLY
(1)   46/       0 : =$0                  GLBL_LASTPC     := *
(1)   46/       0 :                                     dephase
(1)   46/FFFFFFFFFFFFB000 :                                     phase $FFFFB000
(1)   46/FFFFFFFFFFFFB000 : =$FFFFFFFFFFFFB000   GLBL_LASTORG    := *
(1)   48/FFFFFFFFFFFFB000 :                     RAM_ScrnBuff		ds.b MAX_ScrnBuff
(1)   49/FFFFFFFFFFFFD000 :                     RAM_Globals		ds.b MAX_Globals
(1)   50/FFFFFFFFFFFFE000 :                     RAM_SaveData		ds.b SET_SRAMSIZE	; Read/Write of the SAVE data
(1)   51/FFFFFFFFFFFFE100 :                     RAM_HorScroll		ds.l 240		; DMA Horizontal scroll data
(1)   52/FFFFFFFFFFFFE4C0 :                     RAM_VerScroll		ds.l 320/16		; DMA Vertical scroll data
(1)   53/FFFFFFFFFFFFE510 :                     RAM_Sprites		ds.w 8*80		; DMA Sprites
(1)   54/FFFFFFFFFFFFEA10 :                     RAM_Palette		ds.w 64			; DMA Palette
(1)   55/FFFFFFFFFFFFEA90 :                     
(1)   56/FFFFFFFFFFFFEA90 :                     ; ----------------------------------------
(1)   57/FFFFFFFFFFFFEA90 :                     ; * FIRST PASS LABELS *
(1)   66/FFFFFFFFFFFFEA90 :                     ; ----------------------------------------
(1)   67/FFFFFFFFFFFFEA90 :                     ; * AUTOMATIC SIZES *
(1)   71/FFFFFFFFFFFFEA90 :                     RAM_MdVideo		ds.b sizeof_mdvid-RAM_MdVideo	; $FF8000
(1)   72/FFFFFFFFFFFFF0F8 :                     RAM_MdSystem		ds.b sizeof_mdsys-RAM_MdSystem	;
(1)   73/FFFFFFFFFFFFF186 :                     sizeof_MdRam		ds.l 0
(1)   75/FFFFFFFFFFFFF18C :                     ; ------------------------------------------------
(1)   76/FFFFFFFFFFFFF18C : (MACRO)              			endmemory
(1)   76/    418C :                     .here:          dephase
(1)   76/    418C :                                     ds.b -(.here-GLBL_LASTORG)
(1)   76/       0 :                                     phase GLBL_LASTPC
(1)   77/       0 :                     
(1)   81/       0 :                     
(1)   82/       0 :                     ; --------------------------------------------------------
(1)   83/       0 :                     ; SCD and 32X special section
(1)   84/       0 :                     ; --------------------------------------------------------
(1)   85/       0 :                     
(1)  115/       0 :                     
(1)  116/       0 :                     ; --------------------------------------------------------
(1)  117/       0 :                     ; Fixed areas
(1)  118/       0 :                     ; --------------------------------------------------------
(1)  119/       0 :                     
(1)  120/       0 : =$FFFFFD00           RAM_ExReserved		equ $FFFFFD00	; $100 bytes
(1)  121/       0 : =$0                  RAM_Stack		equ 0		; <-- Goes backwards
(1)  122/       0 :                     
      41/       0 :                     		include	"nikona/shared.asm"	; Shared variables and specials
(1)    1/       0 :                     ; ===========================================================================
(1)    2/       0 :                     ; -------------------------------------------------------------------
(1)    3/       0 :                     ; Shared variables
(1)    4/       0 :                     ; -------------------------------------------------------------------
(1)    5/       0 :                     
(1)    6/       0 :                     ; ====================================================================
(1)    7/       0 :                     ; ----------------------------------------------------------------
(1)    8/       0 :                     ; MCD SECTION
(1)    9/       0 :                     ; ----------------------------------------------------------------
(1)   10/       0 :                     
(1)   50/       0 :                     
(1)   51/       0 :                     ; ====================================================================
(1)   52/       0 :                     ; ----------------------------------------------------------------
(1)   53/       0 :                     ; 32X SECTION
(1)   54/       0 :                     ; ----------------------------------------------------------------
(1)   55/       0 :                     
(1)  242/       0 :                     
      42/       0 :                     
      43/       0 :                     ; ====================================================================
      44/       0 :                     ; ----------------------------------------------------------------
      45/       0 :                     ; GLOBAL variables
      46/       0 :                     ; ----------------------------------------------------------------
      47/       0 :                     
      48/       0 : (MACRO)              		memory RAM_Globals
      48/       0 : =$0                  GLBL_LASTPC     := *
      48/       0 :                                     dephase
      48/FFFFFFFFFFFFD000 :                                     phase RAM_GLOBALS
      48/FFFFFFFFFFFFD000 : =$FFFFFFFFFFFFD000   GLBL_LASTORG    := *
      49/FFFFFFFFFFFFD000 :                     	; ------------------------------------------------
      50/FFFFFFFFFFFFD000 :                     		include "game/globals.asm"
(1)    1/FFFFFFFFFFFFD000 :                     ; ====================================================================
(1)    2/FFFFFFFFFFFFD000 :                     ; ----------------------------------------------------------------
(1)    3/FFFFFFFFFFFFD000 :                     ; USER GLOBAL settings and variables at RAM_Global
(1)    4/FFFFFFFFFFFFD000 :                     ;
(1)    5/FFFFFFFFFFFFD000 :                     ; Maximum size: $1000
(1)    6/FFFFFFFFFFFFD000 :                     ; ----------------------------------------------------------------
(1)    7/FFFFFFFFFFFFD000 :                     
(1)    8/FFFFFFFFFFFFD000 :                     ; ------------------------------------------------------------
(1)    9/FFFFFFFFFFFFD000 :                     ; Your Score, Lives, Level number, etc. go here.
(1)   10/FFFFFFFFFFFFD000 :                     ; These will remain after changing screens, for temporal
(1)   11/FFFFFFFFFFFFD000 :                     ; buffers use RAM_ScrnBuff (Max. $1000, MAX_ScrnBuff)
(1)   12/FFFFFFFFFFFFD000 :                     ;
(1)   13/FFFFFFFFFFFFD000 :                     ; You can use any name you want but be careful with any
(1)   14/FFFFFFFFFFFFD000 :                     ; conflicting names used by the Nikona code
(1)   15/FFFFFFFFFFFFD000 :                     ; "equ" es permanent, "set" is rewritable during build
(1)   16/FFFFFFFFFFFFD000 :                     ;
(1)   17/FFFFFFFFFFFFD000 :                     ; Example variables:
(1)   18/FFFFFFFFFFFFD000 :                     ;
(1)   19/FFFFFFFFFFFFD000 :                     ; example_value		equ $1234
(1)   20/FFFFFFFFFFFFD000 :                     ; example_bool		equ True
(1)   21/FFFFFFFFFFFFD000 :                     ; example_string	equ "NIKONA"
(1)   22/FFFFFFFFFFFFD000 :                     ;
(1)   23/FFFFFFFFFFFFD000 :                     ; Example RAM labels:
(1)   24/FFFFFFFFFFFFD000 :                     ;
(1)   25/FFFFFFFFFFFFD000 :                     ; RAM_YourName		ds.X N ; X: size b, w, l
(1)   26/FFFFFFFFFFFFD000 :                     ;                              ; N: number of items
(1)   27/FFFFFFFFFFFFD000 :                     ;                              ;
(1)   28/FFFFFFFFFFFFD000 :                     ; RAM_Glbl_ExL		ds.l 8 ; Reserve 8 LONGS ($20 bytes)
(1)   29/FFFFFFFFFFFFD000 :                     ; RAM_Glbl_ExW		ds.w 5 ; Reserve 5 WORDS ($0A bytes)
(1)   30/FFFFFFFFFFFFD000 :                     ; RAM_Glbl_ExB		ds.b 6 ; Reserve 6 BYTES
(1)   31/FFFFFFFFFFFFD000 :                     ;
(1)   32/FFFFFFFFFFFFD000 :                     ; Be careful with the aligment or you will get an
(1)   33/FFFFFFFFFFFFD000 :                     ; ADDRESS ERROR on real hardware
(1)   34/FFFFFFFFFFFFD000 :                     ; ------------------------------------------------------------
(1)   35/FFFFFFFFFFFFD000 :                     
(1)   36/FFFFFFFFFFFFD000 :                     RAM_Glbl_Example_L	ds.l 1		; 1 long (4 bytes)
(1)   37/FFFFFFFFFFFFD004 :                     RAM_Glbl_Example_W	ds.w 1		; 1 word (2 bytes)
(1)   38/FFFFFFFFFFFFD006 :                     RAM_Glbl_Example_B	ds.b 1		; 1 byte
(1)   39/FFFFFFFFFFFFD007 :                     					ds.b 1
(1)   40/FFFFFFFFFFFFD008 :                     
(1)   41/FFFFFFFFFFFFD008 :                     ;!@ Stores hold,press,release state for ANY controller (c1-c5). This = Pico_pen OR (pico_ext AND Genesis p1-p2 AND modem)
(1)   42/FFFFFFFFFFFFD008 :                     RAM_Glbl_joy_hold		ds.w 1
(1)   43/FFFFFFFFFFFFD00A :                     RAM_Glbl_joy_press		ds.w 1
(1)   44/FFFFFFFFFFFFD00C :                     RAM_Glbl_joy_release	ds.w 1
(1)   45/FFFFFFFFFFFFD00E :                     
(1)   46/FFFFFFFFFFFFD00E :                     ;!@ Stores hold,press,release state for standard Genesis/expansions controllers (pico_ext, Genesis p1/p2 AND modem)
(1)   47/FFFFFFFFFFFFD00E :                     RAM_Glbl_joy2_hold		ds.w 1
(1)   48/FFFFFFFFFFFFD010 :                     RAM_Glbl_joy2_press		ds.w 1
(1)   49/FFFFFFFFFFFFD012 :                     RAM_Glbl_joy2_release	ds.w 1
      51/FFFFFFFFFFFFD014 :                     		align 2
      52/FFFFFFFFFFFFD016 :                     	; ------------------------------------------------
      53/FFFFFFFFFFFFD016 :                     sizeof_MdGlbl	ds.l 0
      57/FFFFFFFFFFFFD01C : (MACRO)              		erreport "USER Globals",(sizeof_MdGlbl-RAM_Globals),MAX_Globals	; Report error if ran out
      58/FFFFFFFFFFFFD01C : (MACRO)              		endmemory
      58/      1C :                     .here:          dephase
      58/      1C :                                     ds.b -(.here-GLBL_LASTORG)
      58/       0 :                                     phase GLBL_LASTPC
      59/       0 :                     
      60/       0 :                     ; ====================================================================
      61/       0 :                     ; ----------------------------------------------------------------
      62/       0 :                     ; SAVE data structure
      63/       0 :                     ; ----------------------------------------------------------------
      64/       0 :                     
      65/       0 : (MACRO)              		memory RAM_SaveData
      65/       0 : =$0                  GLBL_LASTPC     := *
      65/       0 :                                     dephase
      65/FFFFFFFFFFFFE000 :                                     phase RAM_SAVEDATA
      65/FFFFFFFFFFFFE000 : =$FFFFFFFFFFFFE000   GLBL_LASTORG    := *
      66/FFFFFFFFFFFFE000 :                     	; ------------------------------------------------
      67/FFFFFFFFFFFFE000 :                     		include "game/savestruct.asm"
(1)    1/FFFFFFFFFFFFE000 :                     ; ====================================================================
(1)    2/FFFFFFFFFFFFE000 :                     ; ----------------------------------------------------------------
(1)    3/FFFFFFFFFFFFE000 :                     ; Save file struct
(1)    4/FFFFFFFFFFFFE000 :                     ;
(1)    5/FFFFFFFFFFFFE000 :                     ; Make sure SET_ENBLSAVE is enabled on rominfo.asm
(1)    6/FFFFFFFFFFFFE000 :                     ; ----------------------------------------------------------------
(1)    7/FFFFFFFFFFFFE000 :                     
(1)    8/FFFFFFFFFFFFE000 :                     RAM_Save_TAG		ds.b 4		; ** DO NOT REMOVE **
(1)    9/FFFFFFFFFFFFE004 :                     RAM_Save_Counter	ds.l 1		; Temporal counter
(1)   10/FFFFFFFFFFFFE008 :                     
      68/FFFFFFFFFFFFE008 :                     		align 2
      69/FFFFFFFFFFFFE00A :                     	; ------------------------------------------------
      70/FFFFFFFFFFFFE00A :                     sizeof_SaveInfo	ds.l 0
      74/FFFFFFFFFFFFE010 :                     ; 		erreport "SAVE struct",(sizeof_SaveInfo-RAM_SaveData),SET_SRAMSIZE	; Report error if ran out
      75/FFFFFFFFFFFFE010 : (MACRO)              		endmemory
      75/      10 :                     .here:          dephase
      75/      10 :                                     ds.b -(.here-GLBL_LASTORG)
      75/       0 :                                     phase GLBL_LASTPC
      76/       0 :                     
      77/       0 :                     ; ====================================================================
      78/       0 :                     ; ----------------------------------------------------------------
      79/       0 :                     ; Init procedures for all systems
      80/       0 :                     ; ----------------------------------------------------------------
      81/       0 :                     
      82/       0 :                     		!org 0						; Start at 0
      83/       0 :                     
      84/       0 :                     ; ---------------------------------------------
      85/       0 :                     ; SEGA 32X
      86/       0 :                     ; ---------------------------------------------
      87/       0 :                     
     143/       0 :                     		include	"nikona/head_pico.asm"			; Pico header
(1)    1/       0 :                     ; ===========================================================================
(1)    2/       0 :                     ; -------------------------------------------------------------------
(1)    3/       0 :                     ; PICO header
(1)    4/       0 :                     ; -------------------------------------------------------------------
(1)    5/       0 :                     
(1)    6/       0 : 0000 0000           		dc.l RAM_Stack		; Stack point
(1)    7/       4 : 0000 0208           		dc.l Pico_Entry		; Entry
(1)    8/       8 : 0000 0200           		dc.l Pico_ErrBus	; Bus error
(1)    9/       C : 0000 0200           		dc.l Pico_ErrAddr	; Address error
(1)   10/      10 : 0000 0200           		dc.l Pico_ErrIll	; ILLEGAL Instruction
(1)   11/      14 : 0000 0200           		dc.l Pico_ErrZDiv	; Divide by 0
(1)   12/      18 : 0000 0200           		dc.l Pico_ErrChk	; CHK Instruction
(1)   13/      1C : 0000 0200           		dc.l Pico_ErrTrapV	; TRAPV Instruction
(1)   14/      20 : 0000 0200           		dc.l Pico_ErrPrivl	; Privilege violation
(1)   15/      24 : 0000 0200           		dc.l Pico_Trace		; Trace
(1)   16/      28 : 0000 0200           		dc.l Pico_Line1010	; Line 1010 Emulator
(1)   17/      2C : 0000 0200           		dc.l Pico_Line1111	; Line 1111 Emulator
(1)   18/      30 : 0000 0200           		dc.l Pico_ErrorEx	; Error exception
(1)   19/      34 : 0000 0200           		dc.l Pico_ErrorEx
(1)   20/      38 : 0000 0200           		dc.l Pico_ErrorEx
(1)   21/      3C : 0000 0200           		dc.l Pico_ErrorEx
(1)   22/      40 : 0000 0200           		dc.l Pico_ErrorEx
(1)   23/      44 : 0000 0200           		dc.l Pico_ErrorEx
(1)   24/      48 : 0000 0200           		dc.l Pico_ErrorEx
(1)   25/      4C : 0000 0200           		dc.l Pico_ErrorEx
(1)   26/      50 : 0000 0200           		dc.l Pico_ErrorEx
(1)   27/      54 : 0000 0200           		dc.l Pico_ErrorEx
(1)   28/      58 : 0000 0200           		dc.l Pico_ErrorEx
(1)   29/      5C : 0000 0200           		dc.l Pico_ErrorEx
(1)   30/      60 : 0000 0200           		dc.l Pico_ErrorEx
(1)   31/      64 : 0000 0200           		dc.l Pico_Error
(1)   32/      68 : FFFF F178           		dc.l RAM_ExternalJump	; PICO: User interrupt
(1)   33/      6C : 0000 0206           		dc.l Pico_PcmInt	; PICO: PCM-full interrupt
(1)   34/      70 : FFFF F172           		dc.l RAM_HBlankJump	; RAM jump for HBlank (JMP xxxx xxxx)
(1)   35/      74 : 0000 0206           		dc.l Pico_UnkInt	; PICO: Unknown
(1)   36/      78 : FFFF F16C           		dc.l RAM_VBlankJump	; RAM jump for VBlank (JMP xxxx xxxx)
(1)   37/      7C : 0000 0200           		dc.l Pico_Error
(1)   38/      80 : 0000 0200           		dc.l Pico_Error
(1)   39/      84 : 0000 0200           		dc.l Pico_Error
(1)   40/      88 : 0000 0200           		dc.l Pico_Error
(1)   41/      8C : 0000 0200           		dc.l Pico_Error
(1)   42/      90 : 0000 0200           		dc.l Pico_Error
(1)   43/      94 : 0000 0200           		dc.l Pico_Error
(1)   44/      98 : 0000 0200           		dc.l Pico_Error
(1)   45/      9C : 0000 0200           		dc.l Pico_Error
(1)   46/      A0 : 0000 0200           		dc.l Pico_Error
(1)   47/      A4 : 0000 0200           		dc.l Pico_Error
(1)   48/      A8 : 0000 0200           		dc.l Pico_Error
(1)   49/      AC : 0000 0200           		dc.l Pico_Error
(1)   50/      B0 : 0000 0200           		dc.l Pico_Error
(1)   51/      B4 : 0000 0200           		dc.l Pico_Error
(1)   52/      B8 : 0000 0200           		dc.l Pico_Error
(1)   53/      BC : 0000 0200           		dc.l Pico_Error
(1)   54/      C0 : 0000 0200           		dc.l Pico_Error
(1)   55/      C4 : 0000 0200           		dc.l Pico_Error
(1)   56/      C8 : 0000 0200           		dc.l Pico_Error
(1)   57/      CC : 0000 0200           		dc.l Pico_Error
(1)   58/      D0 : 0000 0200           		dc.l Pico_Error
(1)   59/      D4 : 0000 0200           		dc.l Pico_Error
(1)   60/      D8 : 0000 0200           		dc.l Pico_Error
(1)   61/      DC : 0000 0200           		dc.l Pico_Error
(1)   62/      E0 : 0000 0200           		dc.l Pico_Error
(1)   63/      E4 : 0000 0200           		dc.l Pico_Error
(1)   64/      E8 : 0000 0200           		dc.l Pico_Error
(1)   65/      EC : 0000 0200           		dc.l Pico_Error
(1)   66/      F0 : 0000 0200           		dc.l Pico_Error
(1)   67/      F4 : 0000 0200           		dc.l Pico_Error
(1)   68/      F8 : 0000 0200           		dc.l Pico_Error
(1)   69/      FC : 0000 0200           		dc.l Pico_Error
(1)   70/     100 :                     		
(1)   71/     100 :                     	;!@ Pico systype (Copera, Pico, or Mega Pico)
(1)   78/     100 : 5345 4741 2050      			dc.b HTAG_SYS_PICO;"SEGA PICO       "
              106 : 4943 4F20 2020 
              10C : 2020 2020          
(1)   81/     110 : 2843 2947 4636      		dc.b HTAG_DATEINFO;"(C)GF64 2024.???"
              116 : 3420 3230 3235 
              11C : 2E3F 3F3F          
(1)   82/     120 : 4E69 6B6F 6E61      		dc.b HTAG_NDM_PICO;"Nikona PICO                                     "
              126 : 2050 4943 4F20 
              12C : 2020 2020 2020 
              132 : 2020 2020 2020 
              138 : 2020 2020 2020 
              13E : 2020 2020 2020 
              144 : 2020 2020 2020 
              14A : 2020 2020 2020    
(1)   83/     150 : 4E69 6B6F 6E61      		dc.b HTAG_NOV_PICO;"Nikona PICO                                     "
              156 : 2050 4943 4F20 
              15C : 2020 2020 2020 
              162 : 2020 2020 2020 
              168 : 2020 2020 2020 
              16E : 2020 2020 2020 
              174 : 2020 2020 2020 
              17A : 2020 2020 2020    
(1)   84/     180 : 474D 2048 4F4D      		dc.b HTAG_SERIAL;"GM HOMEBREW-02"
              186 : 4542 5245 572D 
              18C : 3032             
(1)   85/     18E : 0000                		dc.w 0
(1)   86/     190 : 2020 2020 2020      		dc.b "                "
              196 : 2020 2020 2020 
              19C : 2020 2020          
(1)   87/     1A0 : 0000 0000           		dc.l 0
(1)   88/     1A4 : 0004 35F8           		dc.l ROM_END
(1)   89/     1A8 : 00FF 0000           		dc.l $FF0000
(1)   90/     1AC : 00FF FFFF           		dc.l $FFFFFF
(1)   91/     1B0 : 2020 2020           		dc.l $20202020		; PICO can't use SRAM
(1)   92/     1B4 : 2020 2020           		dc.l $20202020
(1)   93/     1B8 : 2020 2020           		dc.l $20202020
(1)   94/     1BC :                     		align $1F0
(1)   95/     1F0 : 4620 2020 2020      		dc.b HTAG_REGIONS;"F               "
              1F6 : 2020 2020 2020 
              1FC : 2020 2020          
(1)   96/     200 :                     
(1)   97/     200 :                     ; ====================================================================
(1)   98/     200 :                     ; ----------------------------------------------------------------
(1)   99/     200 :                     ; Error handlers
(1)  100/     200 :                     ; ----------------------------------------------------------------
(1)  101/     200 :                     
(1)  102/     200 :                     Pico_ErrBus:				; Bus error
(1)  103/     200 :                     Pico_ErrAddr:				; Address error
(1)  104/     200 :                     Pico_ErrIll:				; ILLEGAL Instruction
(1)  105/     200 :                     Pico_ErrZDiv:				; Divide by 0
(1)  106/     200 :                     Pico_ErrChk:				; CHK Instruction
(1)  107/     200 :                     Pico_ErrTrapV:				; TRAPV Instruction
(1)  108/     200 :                     Pico_ErrPrivl:				; Privilege violation
(1)  109/     200 :                     Pico_Trace:				; Trace
(1)  110/     200 :                     Pico_Line1010:				; Line 1010 Emulator
(1)  111/     200 :                     Pico_Line1111:				; Line 1111 Emulator
(1)  112/     200 :                     Pico_ErrorEx:				; Error exception
(1)  113/     200 :                     Pico_Error:
(1)  114/     200 : 4E71                		nop
(1)  115/     202 : 4E71                		nop
(1)  116/     204 : 60FA                		bra	Pico_Error	; Infinite loop
(1)  117/     206 :                     
(1)  118/     206 :                     ; ====================================================================
(1)  119/     206 :                     ; ----------------------------------------------------------------
(1)  120/     206 :                     ; PICO-specific interrupts
(1)  121/     206 :                     ; ----------------------------------------------------------------
(1)  122/     206 :                     
(1)  123/     206 :                     Pico_UserInt:
(1)  124/     206 :                     Pico_PcmInt:				; Interrupt when the PCM chip gets full
(1)  125/     206 :                     Pico_UnkInt:
(1)  126/     206 : 4E73                		rte
(1)  127/     208 :                     
(1)  128/     208 :                     ; ====================================================================
(1)  129/     208 :                     ; ----------------------------------------------------------------
(1)  130/     208 :                     ; Entry point
(1)  131/     208 :                     ; ----------------------------------------------------------------
(1)  132/     208 :                     
(1)  133/     208 :                     Pico_Entry:
(1)  134/     208 : 46FC 2700           		move	#$2700,sr		; Disable interrputs
(1)  135/     20C :                     		;!@ lea	($800019).l,a0
(1)  136/     20C : 41F9 0080 0019      		lea	(pico_security_addr).l,a0
(1)  137/     212 : 2038 0100           		move.l	($100),d0		; Activate PICO system by
(1)  138/     216 : 01C8 0000           		movep.l	d0,(a0)			; writing this string to $800019 in odd writes
(1)  139/     21A : 4A79 00C0 0004      		tst.w	(vdp_ctrl).l		; Test VDP to unlock Video
(1)  140/     220 :                     	; --------------------------------
(1)  141/     220 : 7000                		moveq	#0,d0
(1)  142/     222 : 2C40                		movea.l	d0,a6
(1)  143/     224 : 4E66                		move.l	a6,usp
(1)  144/     226 : 41F9 FFFF 0000      		lea	($FFFF0000),a0		; Clean our "work" RAM
(1)  145/     22C : 223C FFFF F186      		move.l	#sizeof_mdram,d1
(1)  146/     232 : 7000                		moveq	#0,d0
(1)  147/     234 : 30C0                .loop_ram:	move.w	d0,(a0)+
(1)  148/     236 : B1C1                		cmp.l	d1,a0
(1)  149/     238 : 65FA                		bcs.s	.loop_ram
(1)  150/     23A : 4DF9 00C0 0000      		lea	(vdp_data),a6
(1)  151/     240 : 3E2E 0004           .wait_dma:	move.w	4(a6),d7		; Check if DMA is active.
(1)  152/     244 : 0807 0001           		btst	#1,d7
(1)  153/     248 : 66F6                		bne.s	.wait_dma
(1)  154/     24A : 2D7C C000 0000      		move.l	#$C0000000,4(a6)	; Clear palette
              250 : 0004             
(1)  155/     252 : 7E3F                		moveq	#64-1,d7
(1)  156/     254 : 7C00                		moveq	#0,d6
(1)  157/     256 :                     .palclear:
(1)  158/     256 : 3C86                		move.w	d6,(a6)
(1)  159/     258 : 51CF FFFC           		dbf	d7,.palclear
(1)  160/     25C : 4CF9 7FFF 00FF      		movem.l	($FF0000),d0-a6		; Clean registers using zeros from RAM		
              262 : 0000             
(1)  161/     264 :                     		
(1)  162/     264 :                     		;!@ Mega Pico mode
(1)  167/     264 :                     
(1)  168/     264 :                     .wait:
     144/     264 : 6100 13E2           		bsr	Sound_init				; Init Sound driver FIRST
     145/     268 : 6100 01A6           		bsr	Video_init				;  ''  Video
     146/     26C : 6100 1338           		bsr	System_Init				;  ''  Values
     147/     270 : 31FC 0000 F180      		move.w	#SET_FIRSTSCRN,(RAM_ScreenMode).w	; Reset screen mode
     148/     276 : 6000 1C12           		bra.w	Md_ReadModes				; Go to SCREEN LOOP section
     149/     27A :                     
     150/     27A :                     ; ---------------------------------------------
     151/     27A :                     ; MD
     152/     27A :                     ; ---------------------------------------------
     163/     27A :                     
     164/     27A :                     ; ====================================================================
     165/     27A :                     ; --------------------------------------------------------
     166/     27A :                     ; SYSTEM routines
     167/     27A :                     ;
     168/     27A :                     ; MD/PICO:  Normal ROM locations
     169/     27A :                     ; 32X:      Loaded into RAM to prevent problems with SH2
     170/     27A :                     ; CD/CD32X: Loaded into RAM normally
     171/     27A :                     ; --------------------------------------------------------
     172/     27A :                     
     177/     27A :                     ; ---------------------------------------------
     178/     27A :                     
     179/     27A :                     		include	"sound/drv/gema_macros.asm"
(1)    1/     27A :                     ; ===========================================================================
(1)    2/     27A :                     ; ------------------------------------------------------------
(1)    3/     27A :                     ; GEMA MACROS
(1)    4/     27A :                     ;
(1)    5/     27A :                     ; Variables used:
(1)    6/     27A :                     ; MCD, MARS, MARSCD
(1)    7/     27A :                     ; ------------------------------------------------------------
(1)    8/     27A :                     
(1)    9/     27A :                     ; ----------------------------------------------------
(1)   10/     27A :                     ; gSmplData - Special include for .wav files,
(1)   11/     27A :                     ;
(1)   12/     27A :                     ; labl | Label for this sample
(1)   13/     27A :                     ; file | WAV file location
(1)   14/     27A :                     ; loop | Loop start point
(1)   15/     27A :                     ; ----------------------------------------------------
(1)   16/     27A :                     
(1)   17/     27A :                     gSmplData macro labl,file,loop
(1)   18/     27A :                     	if MARS|MARSCD		; <-- label align for 32X
(1)   19/     27A :                     		align 4
(1)   20/     27A :                     	endif
(1)   21/     27A :                     labl	label *
(1)   22/     27A :                     	dc.b ((labl_e-labl_s)&$FF),(((labl_e-labl_s)>>8)&$FF),(((labl_e-labl_s)>>16)&$FF)	; dc.b 1,2,3 Length
(1)   23/     27A :                     	dc.b ((loop)&$FF),(((loop)>>8)&$FF),(((loop)>>16)&$FF)					; dc.b 4,5,6 Start loop
(1)   24/     27A :                     labl_s:
(1)   25/     27A :                     	binclude file,$2C	; dc.b (data)
(1)   26/     27A :                     labl_e:
(1)   27/     27A :                     	if MARS|MARSCD		; <-- label align for 32X
(1)   28/     27A :                     		align 4
(1)   29/     27A :                     	endif
(1)   30/     27A :                     	endm
(1)   31/     27A :                     
(1)   32/     27A :                     ; ----------------------------------------------------
(1)   33/     27A :                     ; gSmplRaw - Special include for raw files
(1)   34/     27A :                     ;
(1)   35/     27A :                     ; labl | Label for this sample
(1)   36/     27A :                     ; file | RAW file location
(1)   37/     27A :                     ; loop | Loop start point
(1)   38/     27A :                     ; ----------------------------------------------------
(1)   39/     27A :                     
(1)   40/     27A :                     gSmplRaw macro labl,file,loop
(1)   41/     27A :                     	if MARS|MARSCD		; <-- label align for 32X
(1)   42/     27A :                     		align 4
(1)   43/     27A :                     	endif
(1)   44/     27A :                     labl	label *
(1)   45/     27A :                     	dc.b ((labl_e-labl_s)&$FF),(((labl_e-labl_s)>>8)&$FF),(((labl_e-labl_s)>>16)&$FF)	; dc.b 1,2,3 Length
(1)   46/     27A :                     	dc.b ((loop)&$FF),(((loop)>>8)&$FF),(((loop)>>16)&$FF)					; dc.b 4,5,6 Start loop
(1)   47/     27A :                     labl_s:
(1)   48/     27A :                     	binclude file		; dc.b (data)
(1)   49/     27A :                     labl_e:
(1)   50/     27A :                     	if MARS|MARSCD		; <-- label align for 32X
(1)   51/     27A :                     		align 4
(1)   52/     27A :                     	endif
(1)   53/     27A :                     	endm
(1)   54/     27A :                     
(1)   55/     27A :                     ; ----------------------------------------------------
(1)   56/     27A :                     ; gemaTrk - Sequence entry in the current master
(1)   57/     27A :                     ;           list
(1)   58/     27A :                     ;
(1)   59/     27A :                     ; enblt | Disable/Enable global beats on this Sequence:
(1)   60/     27A :                     ;         0 - Don't use beats
(1)   61/     27A :                     ;         1 - Use beats
(1)   62/     27A :                     ; ticks | Ticks (Default tempo: 150-NTSC 120-PAL)
(1)   63/     27A :                     ;   loc | Direct 24-bit location of the sequence data
(1)   64/     27A :                     ; ----------------------------------------------------
(1)   65/     27A :                     
(1)   66/     27A :                     gemaTrk macro enblt,ticks,loc
(1)   67/     27A :                     	dc.l ((enblt&$01)<<31)|((ticks&$7F)<<24)|(loc&$FFFFFF)
(1)   68/     27A :                     	endm
(1)   69/     27A :                     
(1)   70/     27A :                     ; ----------------------------------------------------
(1)   71/     27A :                     ; gemaHead - Sequence data header
(1)   72/     27A :                     ;
(1)   73/     27A :                     ; blk_data  | Block data pointer
(1)   74/     27A :                     ; patt_data | Pattern data pointer
(1)   75/     27A :                     ; ins_list  | instrument list pointer
(1)   76/     27A :                     ; num_chnls | Number of channels used in the seq
(1)   77/     27A :                     ;             If 0: Read ALL channels
(1)   78/     27A :                     ;                   (NOT recommended, UNSTABLE)
(1)   79/     27A :                     ;
(1)   80/     27A :                     ; Note:
(1)   81/     27A :                     ; Pointers are in 68k map area
(1)   82/     27A :                     ; ----------------------------------------------------
(1)   83/     27A :                     
(1)   84/     27A :                     gemaHead macro blk,pat,ins,num
(1)   85/     27A :                     	dc.w num
(1)   86/     27A :                     	dc.l blk
(1)   87/     27A :                     	dc.l pat
(1)   88/     27A :                     	dc.l ins
(1)   89/     27A :                     	endm
(1)   90/     27A :                     
(1)   91/     27A :                     ; ------------------------------------------------------------
(1)   92/     27A :                     ; Instrument macros, instrument_num-1
(1)   93/     27A :                     ; (ex. Instrument 1 is 0 here)
(1)   94/     27A :                     ;
(1)   95/     27A :                     ; Note:
(1)   96/     27A :                     ; UNUSED instruments MUST use gInsNull or
(1)   97/     27A :                     ; the Z80 gets unexpected results and probably crash.
(1)   98/     27A :                     ; ------------------------------------------------------------
(1)   99/     27A :                     
(1)  100/     27A :                     ; ----------------------------------------------------
(1)  101/     27A :                     ; gInsNull - Null instrument
(1)  102/     27A :                     ;
(1)  103/     27A :                     ; You MUST use this on unused instruments.
(1)  104/     27A :                     ; ----------------------------------------------------
(1)  105/     27A :                     
(1)  106/     27A :                     gInsNull macro
(1)  107/     27A :                     	dc.b $00,$00,$00,$00
(1)  108/     27A :                     	dc.b $00,$00,$00,$00
(1)  109/     27A :                     	endm
(1)  110/     27A :                     
(1)  111/     27A :                     ; ----------------------------------------------------
(1)  112/     27A :                     ; gInsPsg - PSG tone
(1)  113/     27A :                     ;
(1)  114/     27A :                     ; pitch | Pitch/Octave
(1)  115/     27A :                     ; alv   | Attack level
(1)  116/     27A :                     ; atk   | Attack rate
(1)  117/     27A :                     ; slv   | Sustain
(1)  118/     27A :                     ; dky   | Decay rate (up)
(1)  119/     27A :                     ; rrt   | Release rate (down)
(1)  120/     27A :                     ; vib   | Set to 0, reserved for vibrato
(1)  121/     27A :                     ; ----------------------------------------------------
(1)  122/     27A :                     
(1)  123/     27A :                     gInsPsg	macro pitch,alv,atk,slv,dky,rrt,vib
(1)  124/     27A :                     	dc.b $80,pitch,alv,atk
(1)  125/     27A :                     	dc.b slv,dky,rrt,vib
(1)  126/     27A :                     	endm
(1)  127/     27A :                     
(1)  128/     27A :                     ; ----------------------------------------------------
(1)  129/     27A :                     ; gInsPsg - PSG noise
(1)  130/     27A :                     ;
(1)  131/     27A :                     ; pitch | Pitch/Octave
(1)  132/     27A :                     ; alv   | Attack level
(1)  133/     27A :                     ; atk   | Attack rate
(1)  134/     27A :                     ; slv   | Sustain
(1)  135/     27A :                     ; dky   | Decay rate (up)
(1)  136/     27A :                     ; rrt   | Release rate (down)
(1)  137/     27A :                     ; vib   | Set to 0, reserved for vibrato
(1)  138/     27A :                     ; mode  | Noise mode: %tmm
(1)  139/     27A :                     ;         t - Bass(0)|Noise(1)
(1)  140/     27A :                     ;         m - Clock(00)|Clock/2(01)|Clock/4(10)|Tone3(11)
(1)  141/     27A :                     ;
(1)  142/     27A :                     ; Note:
(1)  143/     27A :                     ; Using Tone3 will turn OFF channel 3.
(1)  144/     27A :                     ; ----------------------------------------------------
(1)  145/     27A :                     
(1)  146/     27A :                     gInsPsgN macro pitch,alv,atk,slv,dky,rrt,vib,mode
(1)  147/     27A :                     	dc.b $90|mode,pitch,alv,atk
(1)  148/     27A :                     	dc.b slv,dky,rrt,vib
(1)  149/     27A :                     	endm
(1)  150/     27A :                     
(1)  151/     27A :                     ; ----------------------------------------------------
(1)  152/     27A :                     ; gInsFm - YM2612 FM normal instrument/patch
(1)  153/     27A :                     ;
(1)  154/     27A :                     ; pitch | Pitch/Octave
(1)  155/     27A :                     ; fmins | 24-bit pointer to FM patch data
(1)  156/     27A :                     ; ----------------------------------------------------
(1)  157/     27A :                     
(1)  158/     27A :                     gInsFm macro pitch,fmins
(1)  159/     27A :                     	dc.b $A0,pitch,((fmins>>16)&$FF),((fmins>>8)&$FF)
(1)  160/     27A :                     	dc.b fmins&$FF,$00,$00,$00
(1)  161/     27A :                     	endm
(1)  162/     27A :                     
(1)  163/     27A :                     ; ----------------------------------------------------
(1)  164/     27A :                     ; gInsFm - YM2612 FM special instrument/patch
(1)  165/     27A :                     ;
(1)  166/     27A :                     ; pitch | UNUSED, value ignored (set to 0)
(1)  167/     27A :                     ; fmins | 24-bit pointer to FM patch data
(1)  168/     27A :                     ; ----------------------------------------------------
(1)  169/     27A :                     
(1)  170/     27A :                     gInsFm3	macro pitch,fmins
(1)  171/     27A :                     	dc.b $B0,pitch,((fmins>>16)&$FF),((fmins>>8)&$FF)
(1)  172/     27A :                     	dc.b fmins&$FF,$00,$00,$00
(1)  173/     27A :                     	endm
(1)  174/     27A :                     
(1)  175/     27A :                     ; ----------------------------------------------------
(1)  176/     27A :                     ; gInsDac - DAC instrument
(1)  177/     27A :                     ;
(1)  178/     27A :                     ; pitch | Pitch/Octave
(1)  179/     27A :                     ; start | 24-bit pointer
(1)  180/     27A :                     ; flags | Flags: %0000000l
(1)  181/     27A :                     ;         | l - Enable loop: No(0)/Yes(1)
(1)  182/     27A :                     ; ----------------------------------------------------
(1)  183/     27A :                     
(1)  184/     27A :                     gInsDac	macro pitch,start,flags
(1)  185/     27A :                     	dc.b $C0|flags,pitch,((start>>16)&$FF),((start>>8)&$FF)
(1)  186/     27A :                     	dc.b start&$FF,0,0,0
(1)  187/     27A :                     	endm
(1)  188/     27A :                     
(1)  189/     27A :                     ; ----------------------------------------------------
(1)  190/     27A :                     ; gInsPcm - RF5C164 PCM Sample (SEGA CD)
(1)  191/     27A :                     ;
(1)  192/     27A :                     ; pitch | Pitch/Octave
(1)  193/     27A :                     ; start | 24-bit direct pointer to
(1)  194/     27A :                     ;         Sub-CPU's memory area.
(1)  195/     27A :                     ; flags | Flags: %0000000l
(1)  196/     27A :                     ;         | l - Enable loop: No(0)/Yes(1)
(1)  197/     27A :                     ; ----------------------------------------------------
(1)  198/     27A :                     
(1)  199/     27A :                     gInsPcm	macro pitch,start,flags
(1)  200/     27A :                      if MCD|MARSCD
(1)  201/     27A :                     	dc.b $D0|flags,pitch,((start>>16)&$FF),((start>>8)&$FF)
(1)  202/     27A :                     	dc.b start&$FF,0,0,0
(1)  203/     27A :                      else
(1)  204/     27A :                     	dc.b $00,$00,$00,$00
(1)  205/     27A :                     	dc.b $00,$00,$00,$00
(1)  206/     27A :                      endif
(1)  207/     27A :                     	endm
(1)  208/     27A :                     
(1)  209/     27A :                     ; ----------------------------------------------------
(1)  210/     27A :                     ; gInsPwm - PWM Sample (SEGA 32X)
(1)  211/     27A :                     ;
(1)  212/     27A :                     ; pitch | Pitch/Octave
(1)  213/     27A :                     ; start | 32-bit pointer to
(1)  214/     27A :                     ;         SH2's map view: CS1(ROM) or CS3(SDRAM)
(1)  215/     27A :                     ; flags | Flags: %000000sl
(1)  216/     27A :                     ;         | l - Enable loop: No(0)/Yes(1)
(1)  217/     27A :                     ;         | s - Sample data is in Stereo: No(0)/Yes(1)
(1)  218/     27A :                     ; ----------------------------------------------------
(1)  219/     27A :                     
(1)  220/     27A :                     gInsPwm	macro pitch,start,flags
(1)  221/     27A :                      if MARS|MARSCD
(1)  222/     27A :                     	dc.b $E0|flags,pitch,((start>>24)&$FF),((start>>16)&$FF)
(1)  223/     27A :                     	dc.b ((start>>8)&$FF),start&$FF,0,0
(1)  224/     27A :                      else
(1)  225/     27A :                     	dc.b $00,$00,$00,$00
(1)  226/     27A :                     	dc.b $00,$00,$00,$00
(1)  227/     27A :                      endif
(1)  228/     27A :                     	endm
(1)  229/     27A :                     
     180/     27A :                     		include	"sound/drv/gema.asm"
(1)    1/     27A :                     ; ===========================================================================
(1)    2/     27A :                     ; -------------------------------------------------------------------
(1)    3/     27A :                     ; GEMA/Nikona Sound Driver v1.0
(1)    4/     27A :                     ; by GenesisFan64 2023-2024
(1)    5/     27A :                     ; -------------------------------------------------------------------
(1)    6/     27A :                     
(1)    7/     27A :                     ; ====================================================================
(1)    8/     27A :                     ; --------------------------------------------------------
(1)    9/     27A :                     ; Variables
(1)   10/     27A :                     ; --------------------------------------------------------
(1)   11/     27A :                     
(1)   12/     27A :                     ; z80_cpu	equ $A00000			; Z80 CPU area
(1)   13/     27A :                     ; z80_bus 	equ $A11100			; only read bit 0 (bit 8 as WORD)
(1)   14/     27A :                     ; z80_reset	equ $A11200			; WRITE only: $0000 reset/$0100 cancel
(1)   15/     27A : =$1F60               zDrvFifo	equ $1F60;commZfifo		; FIFO command storage
(1)   16/     27A : =$1F80               zDrvFWrt	equ $1F80;commZWrite		; FIFO command index
(1)   17/     27A : =$1F81               zDrvRomBlk	equ $1F81;commZRomBlk		; ROM block flag
(1)   18/     27A : =$1F86               zDrvRamSrc	equ $1F82+4;cdRamSrcB		; !! RAM-read source+dest pointers
(1)   19/     27A : =$1F87               zDrvRamLen	equ $1F87;cdRamLen		; RAM-read length + flag
(1)   20/     27A : =$1F88               zDrvPalMode	equ $1F88;palMode		; PAL speed flag
(1)   21/     27A : =$1F89               zDrvMarsBlk	equ $1F89;marsBlock		; Flag to disable 32X's PWM
(1)   22/     27A : =$1F8A               zDrvMcdBlk	equ $1F8A;mcdBlock		; Flag to disable SegaCD's PCM
(1)   23/     27A : =$20                 zDrvMaxCmnd	equ $20;MAX_ZCMND		; Command fifo size
(1)   24/     27A :                     
(1)   25/     27A :                     ; ====================================================================
(1)   26/     27A :                     ; --------------------------------------------------------
(1)   27/     27A :                     ; Labels
(1)   28/     27A :                     ; --------------------------------------------------------
(1)   29/     27A :                     
(1)   30/     27A : =$FFFFFDFF           RAM_ZCdFlagD	equ RAM_ExReserved+$FF			; transferRom flag shared with Z80
(1)   31/     27A :                     
(1)   32/     27A :                     ; ====================================================================
(1)   33/     27A :                     ; --------------------------------------------------------
(1)   34/     27A :                     ; Initialize Sound
(1)   35/     27A :                     ; --------------------------------------------------------
(1)   36/     27A :                     
(1)   37/     27A :                     gemaInit:
(1)   38/     27A :                     	;!@
(1)   69/     27A :                     
(1)   70/     27A :                     ; ====================================================================
(1)   71/     27A :                     ; ----------------------------------------------------------------
(1)   72/     27A :                     ; gemaReset
(1)   73/     27A :                     ;
(1)   74/     27A :                     ; Reset ALL sound to defaults
(1)   75/     27A :                     ; ----------------------------------------------------------------
(1)   76/     27A :                     
(1)   77/     27A :                     gemaReset:
(1)   78/     27A : 6100 012C           		bsr	gemaStopAll
(1)   79/     27E : 41F8 4CFC           		lea	(MainGemaSeqList),a0
(1)   80/     282 : 6100 00D0           		bsr	gemaSetMasterList
(1)   81/     286 : 7E08                		moveq	#8,d7				; Make sure it finishes.
(1)   82/     288 : 51CF FFFE           		dbf	d7,*
(1)   83/     28C : 4E75                		rts
(1)   84/     28E :                     
(1)   85/     28E :                     ; ====================================================================
(1)   86/     28E :                     ; ------------------------------------------------
(1)   87/     28E :                     ; sndLockZ80
(1)   88/     28E :                     ;
(1)   89/     28E :                     ; Stop Z80, unlocks bus
(1)   90/     28E :                     ; ------------------------------------------------
(1)   91/     28E :                     
(1)   92/     28E :                     sndLockZ80:
(1)   93/     28E :                     	;!@
(1)  100/     28E : 4E75                		rts
(1)  101/     290 :                     
(1)  102/     290 :                     ; ------------------------------------------------
(1)  103/     290 :                     ; sndUnlockZ80
(1)  104/     290 :                     ;
(1)  105/     290 :                     ; Resume Z80, locks bus
(1)  106/     290 :                     ; ------------------------------------------------
(1)  107/     290 :                     
(1)  108/     290 :                     sndUnlockZ80:
(1)  109/     290 :                     	;!@
(1)  113/     290 : 4E75                		rts
(1)  114/     292 :                     
(1)  115/     292 :                     ; ====================================================================
(1)  116/     292 :                     ; ----------------------------------------------------------------
(1)  117/     292 :                     ; gemaSendRam
(1)  118/     292 :                     ;
(1)  119/     292 :                     ; If you are reading data from 68000's RAM you MUST call
(1)  120/     292 :                     ; this a lot during display, commonly during the VBlank waiting
(1)  121/     292 :                     ; loop.
(1)  122/     292 :                     ;
(1)  123/     292 :                     ; This checks if the Z80 wants to read from RAM, then here
(1)  124/     292 :                     ; we manually write the bytes to the Z80
(1)  125/     292 :                     ;
(1)  126/     292 :                     ; SCD/CD32X:
(1)  127/     292 :                     ; - DAC samples are safe to read from WORD-RAM, but NOT
(1)  128/     292 :                     ;   when Stamps are being used, use PCM samples instead.
(1)  129/     292 :                     ; - Be careful when loading new data with gemaSetMasterList to
(1)  130/     292 :                     ;   WORD-RAM, make sure MAIN-CPU has the permission set.
(1)  131/     292 :                     ; ----------------------------------------------------------------
(1)  132/     292 :                     
(1)  133/     292 :                     gemaSendRam:
(1)  134/     292 : 4A38 FDFF           		tst.b	(RAM_ZCdFlagD).w		; Z80 WROTE the flag?
(1)  135/     296 : 674C                		beq.s	.no_task
(1)  136/     298 : 4238 FDFF           		clr.b	(RAM_ZCdFlagD).w		; Clear flag here
(1)  137/     29C : 48E7 070E           		movem.l	a4-a6/d5-d7,-(sp)
(1)  138/     2A0 : 61EC                		bsr	sndLockZ80
(1)  139/     2A2 : 7E00                		moveq	#0,d7
(1)  140/     2A4 : 1E39 00A0 1F87      		move.b	(z80_cpu+zDrvRamLen).l,d7	; Len == 0?
(1)  141/     2AA : 6732                		beq.s	.no_size			; Invalid size, do nothing
(1)  142/     2AC : 5347                		subq.w	#1,d7				; dbf -1
(1)  143/     2AE : 4DF9 00A0 1F87      		lea	(z80_cpu+(zDrvRamSrc+1)),a6	; a6 - SRC location and DST, backwards
(1)  144/     2B4 : 4BF9 00A0 0000      		lea	(z80_cpu),a5			; a5 - Z80 area
(1)  145/     2BA : 1C26                		move.b	-(a6),d6			; d6 - Source in 68K area
(1)  146/     2BC : 4846                		swap	d6
(1)  147/     2BE : 1C26                		move.b	-(a6),d6
(1)  148/     2C0 : E14E                		lsl.w	#8,d6
(1)  149/     2C2 : 1C26                		move.b	-(a6),d6
(1)  150/     2C4 : 7A00                		moveq	#0,d5
(1)  151/     2C6 : 1A26                		move.b	-(a6),d5			; d5 - Destination in Z80 area
(1)  152/     2C8 : E14D                		lsl.w	#8,d5
(1)  153/     2CA : 1A26                		move.b	-(a6),d5
(1)  154/     2CC : DBC5                		add.l	d5,a5				; Add base to destination
(1)  155/     2CE : 2846                		move.l	d6,a4
(1)  156/     2D0 :                     .copy_bytes:
(1)  157/     2D0 : 1ADC                		move.b	(a4)+,(a5)+
(1)  158/     2D2 : 51CF FFFC           		dbf	d7,.copy_bytes
(1)  159/     2D6 : 13FC 0000 00A0      		move.b	#0,(z80_cpu+zDrvRamLen).l	; clear LEN and Z80 resumes
              2DC : 1F87             
(1)  160/     2DE :                     .no_size:
(1)  161/     2DE : 61B0                		bsr	sndUnlockZ80
(1)  162/     2E0 : 4CDF 70E0           		movem.l	(sp)+,a4-a6/d5-d7
(1)  163/     2E4 :                     .no_task:
(1)  164/     2E4 : 4E75                		rts
(1)  165/     2E6 :                     
(1)  166/     2E6 :                     ; ====================================================================
(1)  167/     2E6 :                     ; ------------------------------------------------
(1)  168/     2E6 :                     ; 68K-to-Z80 sound request enter/exit routines
(1)  169/     2E6 :                     ; ------------------------------------------------
(1)  170/     2E6 :                     
(1)  171/     2E6 :                     sndReq_Enter:
(1)  172/     2E6 :                     	;!@
(1)  176/     2E6 : 9EFC 0004           		suba	#4,sp				; Extra jump return
(1)  177/     2EA : 48E7 0306           		movem.l	d6-d7/a5-a6,-(sp)		; Save these regs to the stack
(1)  178/     2EE : 40E7                		move.w	sr,-(sp)			; and sr too
(1)  179/     2F0 : 007C 0700           		ori.w	#$0700,sr			; Disable interrupts
(1)  180/     2F4 : DEFC 0016           		adda	#(4*4)+2+4,sp			; Go back to the RTS jump
(1)  181/     2F8 : 4BF9 00A0 1F80      		lea	(z80_cpu+zDrvFWrt).l,a5		; a5 - commZWrite
(1)  182/     2FE : 4DF9 00A0 1F60      		lea	(z80_cpu+zDrvFifo).l,a6		; a6 - fifo command list
(1)  183/     304 :                     .wait:
(1)  184/     304 :                     	;!@
(1)  189/     304 : 1C15                		move.b	(a5),d6				; d6 - index fifo position
(1)  190/     306 : 4886                		ext.w	d6				; extend to 16 bits
(1)  191/     308 : 4E75                		rts
(1)  192/     30A :                     ; JUMP ONLY
(1)  193/     30A :                     sndReq_Exit:
(1)  194/     30A :                     	;!@
(1)  198/     30A : 9EFC 001A           		suba	#8+2+(4*4),sp
(1)  199/     30E : 46DF                		move.w	(sp)+,sr
(1)  200/     310 : 4CDF 60C0           		movem.l	(sp)+,d6-d7/a5-a6		; And pop those back
(1)  201/     314 : DEFC 0008           		adda	#8,sp
(1)  202/     318 : 027C F8FF           		andi.w	#$F8FF,sr			; Enable interrupts
(1)  203/     31C : 4E75                		rts
(1)  204/     31E :                     
(1)  205/     31E :                     ; ------------------------------------------------
(1)  206/     31E :                     ; Send request id and arguments
(1)  207/     31E :                     ;
(1)  208/     31E :                     ; Input:
(1)  209/     31E :                     ; d7 - byte to write
(1)  210/     31E :                     ; d6 - index pointer
(1)  211/     31E :                     ; a5 - commZWrite, update index
(1)  212/     31E :                     ; a6 - commZfifo command list
(1)  213/     31E :                     ;
(1)  214/     31E :                     ; *** CALL sndReq_Enter FIRST ***
(1)  215/     31E :                     ; ------------------------------------------------
(1)  216/     31E :                     
(1)  217/     31E :                     sndReq_scmd:
(1)  218/     31E : 1DBC 00FF 6000      		move.b	#-1,(a6,d6.w)			; Command-start flag
(1)  219/     324 : 5206                		addq.b	#1,d6				; Next fifo position
(1)  220/     326 : 0206 001F           		andi.b	#zDrvMaxCmnd-1,d6
(1)  221/     32A : 600C                		bra.s	sndReq_sbyte
(1)  222/     32C :                     sndReq_slong:
(1)  223/     32C : 610A                		bsr	sndReq_sbyte
(1)  224/     32E : E09F                		ror.l	#8,d7
(1)  225/     330 :                     ; 24-bit address
(1)  226/     330 :                     sndReq_saddr:
(1)  227/     330 : 6106                		bsr	sndReq_sbyte
(1)  228/     332 : E09F                		ror.l	#8,d7
(1)  229/     334 :                     sndReq_sword:
(1)  230/     334 : 6102                		bsr	sndReq_sbyte
(1)  231/     336 : E09F                		ror.l	#8,d7
(1)  232/     338 :                     sndReq_sbyte:
(1)  233/     338 : 1D87 6000           		move.b	d7,(a6,d6.w)			; Write byte
(1)  234/     33C : 5206                		addq.b	#1,d6				; Next fifo pos
(1)  235/     33E : 0206 001F           		andi.b	#zDrvMaxCmnd-1,d6
(1)  236/     342 : 1A86                		move.b	d6,(a5)				; Update commZWrite
(1)  237/     344 : 4E75                		rts
(1)  238/     346 :                     
(1)  239/     346 :                     ; ====================================================================
(1)  240/     346 :                     ; ------------------------------------------------
(1)  241/     346 :                     ; USER calls area
(1)  242/     346 :                     ; ------------------------------------------------
(1)  243/     346 :                     
(1)  244/     346 :                     ; --------------------------------------------------------
(1)  245/     346 :                     ; gemaDmaPause
(1)  246/     346 :                     ;
(1)  247/     346 :                     ; Call this BEFORE doing any DMA transfer
(1)  248/     346 :                     ;
(1)  249/     346 :                     ; 32X: Set RV bit manually AFTER calling this.
(1)  250/     346 :                     ; --------------------------------------------------------
(1)  251/     346 :                     
(1)  252/     346 :                     gemaDmaPause:
(1)  253/     346 :                     	;!@
(1)  263/     346 : 4E75                		rts
(1)  264/     348 :                     
(1)  265/     348 :                     ; --------------------------------------------------------
(1)  266/     348 :                     ; gemaDmaResume
(1)  267/     348 :                     ;
(1)  268/     348 :                     ; Call this AFTER finishing DMA transfer
(1)  269/     348 :                     ;
(1)  270/     348 :                     ; 32X: Reset the RV bit manually BEFORE calling this.
(1)  271/     348 :                     ; --------------------------------------------------------
(1)  272/     348 :                     
(1)  273/     348 :                     gemaDmaResume:
(1)  274/     348 :                     	;!@
(1)  284/     348 : 4E75                		rts
(1)  285/     34A :                     
(1)  286/     34A :                     ; --------------------------------------------------------
(1)  287/     34A :                     ; gemaTest
(1)  288/     34A :                     ;
(1)  289/     34A :                     ; For TESTING only
(1)  290/     34A :                     ; --------------------------------------------------------
(1)  291/     34A :                     
(1)  292/     34A :                     gemaTest:
(1)  293/     34A : 619A                		bsr	sndReq_Enter
(1)  294/     34C : 3E3C 0000           		move.w	#$00,d7		; Command $00
(1)  295/     350 : 61CC                		bsr	sndReq_scmd
(1)  296/     352 : 60B6                		bra 	sndReq_Exit
(1)  297/     354 :                     
(1)  298/     354 :                     ; --------------------------------------------------------
(1)  299/     354 :                     ; gemaSetMasterList
(1)  300/     354 :                     ;
(1)  301/     354 :                     ; Sets the master sequence list
(1)  302/     354 :                     ;
(1)  303/     354 :                     ; Input:
(1)  304/     354 :                     ; a0 | 68k pointer
(1)  305/     354 :                     ;
(1)  306/     354 :                     ; Notes:
(1)  307/     354 :                     ; - ALL TRACKS MUST BE STOPPED, CALL gemaStopAll FIRST
(1)  308/     354 :                     ; with a separate delay
(1)  309/     354 :                     ; --------------------------------------------------------
(1)  310/     354 :                     
(1)  311/     354 :                     gemaSetMasterList:
(1)  312/     354 : 6190                		bsr	sndReq_Enter
(1)  313/     356 : 3E3C 0001           		move.w	#$01,d7		; Command $01
(1)  314/     35A : 61C2                		bsr	sndReq_scmd
(1)  315/     35C : 2E08                		move.l	a0,d7
(1)  316/     35E : 61CC                		bsr	sndReq_slong
(1)  317/     360 : 60A8                		bra 	sndReq_Exit
(1)  318/     362 :                     
(1)  319/     362 :                     ; --------------------------------------------------------
(1)  320/     362 :                     ; gemaPlaySeq
(1)  321/     362 :                     ;
(1)  322/     362 :                     ; Play a sequence
(1)  323/     362 :                     ;
(1)  324/     362 :                     ; Input:
(1)  325/     362 :                     ; d0.b | Sequence number
(1)  326/     362 :                     ; d1.b | Starting block
(1)  327/     362 :                     ; d2.b | Playback slot number: 0-2
(1)  328/     362 :                     ;        If set to -1:
(1)  329/     362 :                     ;        Auto-search free slot (same as gemaPlaySeqAuto)
(1)  330/     362 :                     ; --------------------------------------------------------
(1)  331/     362 :                     
(1)  332/     362 :                     gemaPlaySeq:
(1)  333/     362 : 6182                		bsr	sndReq_Enter
(1)  334/     364 : 3E3C 0002           		move.w	#$02,d7		; Command $02
(1)  335/     368 : 61B4                		bsr	sndReq_scmd
(1)  336/     36A : 1E00                		move.b	d0,d7		; d0.b Seq number
(1)  337/     36C : 61CA                		bsr	sndReq_sbyte
(1)  338/     36E : 1E01                		move.b	d1,d7		; d1.b Block <--
(1)  339/     370 : 61C6                		bsr	sndReq_sbyte
(1)  340/     372 : 1E02                		move.b	d2,d7		; d2.b Slot
(1)  341/     374 : 61C2                		bsr	sndReq_sbyte
(1)  342/     376 : 6092                		bra 	sndReq_Exit
(1)  343/     378 :                     
(1)  344/     378 :                     ; --------------------------------------------------------
(1)  345/     378 :                     ; gemaPlaySeqAuto
(1)  346/     378 :                     ;
(1)  347/     378 :                     ; Play a sequence into a free slot, if all get full
(1)  348/     378 :                     ; it will overwrite the last one.
(1)  349/     378 :                     ;
(1)  350/     378 :                     ; Input:
(1)  351/     378 :                     ; d0.b | Sequence number
(1)  352/     378 :                     ; d1.b | Starting block
(1)  353/     378 :                     ; --------------------------------------------------------
(1)  354/     378 :                     
(1)  355/     378 :                     gemaPlaySeqAuto:
(1)  356/     378 : 6100 FF6C           		bsr	sndReq_Enter
(1)  357/     37C : 3E3C 0002           		move.w	#$02,d7		; Command $02
(1)  358/     380 : 619C                		bsr	sndReq_scmd
(1)  359/     382 : 1E00                		move.b	d0,d7		; d0.b Seq number
(1)  360/     384 : 61B2                		bsr	sndReq_sbyte
(1)  361/     386 : 1E01                		move.b	d1,d7		; d1.b Block <--
(1)  362/     388 : 61AE                		bsr	sndReq_sbyte
(1)  363/     38A : 7EFF                		moveq	#-1,d7		; d2.b Slot
(1)  364/     38C : 61AA                		bsr	sndReq_sbyte
(1)  365/     38E : 6000 FF7A           		bra 	sndReq_Exit
(1)  366/     392 :                     
(1)  367/     392 :                     ; --------------------------------------------------------
(1)  368/     392 :                     ; gemaStopSeq
(1)  369/     392 :                     ;
(1)  370/     392 :                     ; Stops tracks with the same sequence number
(1)  371/     392 :                     ;
(1)  372/     392 :                     ; Input:
(1)  373/     392 :                     ; d0.b | Sequence number to search
(1)  374/     392 :                     ;        If -1: Stop all tracks with any sequence
(1)  375/     392 :                     ; d1.b | Playback slot number
(1)  376/     392 :                     ;        If -1: Stop all slots
(1)  377/     392 :                     ;
(1)  378/     392 :                     ; If both d0 and d1 are -1 it acts like gemaStopAll
(1)  379/     392 :                     ; --------------------------------------------------------
(1)  380/     392 :                     
(1)  381/     392 :                     gemaStopSeq:
(1)  382/     392 : 6100 FF52           		bsr	sndReq_Enter
(1)  383/     396 : 3E3C 0003           		move.w	#$03,d7		; Command $03
(1)  384/     39A : 6182                		bsr	sndReq_scmd
(1)  385/     39C : 1E00                		move.b	d0,d7		; d0.b Seq number
(1)  386/     39E : 6198                		bsr	sndReq_sbyte
(1)  387/     3A0 : 1E01                		move.b	d1,d7		; d1.b Slot
(1)  388/     3A2 : 6194                		bsr	sndReq_sbyte
(1)  389/     3A4 : 6000 FF64           		bra 	sndReq_Exit
(1)  390/     3A8 :                     
(1)  391/     3A8 :                     ; --------------------------------------------------------
(1)  392/     3A8 :                     ; gemaStopAll
(1)  393/     3A8 :                     ;
(1)  394/     3A8 :                     ; Stops ALL tracks, quick version of gemaStopTrack.
(1)  395/     3A8 :                     ; --------------------------------------------------------
(1)  396/     3A8 :                     
(1)  397/     3A8 :                     gemaStopAll:
(1)  398/     3A8 : 6100 FF3C           		bsr	sndReq_Enter
(1)  399/     3AC : 3E3C 0003           		move.w	#$03,d7		; Command $03
(1)  400/     3B0 : 6100 FF6C           		bsr	sndReq_scmd
(1)  401/     3B4 : 7EFF                		moveq	#-1,d7		; d0.b Seq number
(1)  402/     3B6 : 6180                		bsr	sndReq_sbyte
(1)  403/     3B8 : 7EFF                		moveq	#-1,d7		; d1.b Slot
(1)  404/     3BA : 6100 FF7C           		bsr	sndReq_sbyte
(1)  405/     3BE : 6000 FF4A           		bra 	sndReq_Exit
(1)  406/     3C2 :                     
(1)  407/     3C2 :                     ; --------------------------------------------------------
(1)  408/     3C2 :                     ; gemaFadeSeq
(1)  409/     3C2 :                     ;
(1)  410/     3C2 :                     ; Set Master volume to a track slot.
(1)  411/     3C2 :                     ;
(1)  412/     3C2 :                     ; Input:
(1)  413/     3C2 :                     ; d0.b | Target volume
(1)  414/     3C2 :                     ; d1.b | Playback slot number
(1)  415/     3C2 :                     ;        If -1: Apply to all slots
(1)  416/     3C2 :                     ;
(1)  417/     3C2 :                     ; Notes:
(1)  418/     3C2 :                     ; - DO NOT MIX THIS WITH gemaSetTrackVol
(1)  419/     3C2 :                     ; - v1.0: This only works on (re)start
(1)  420/     3C2 :                     ;   or during new notes on playback.
(1)  421/     3C2 :                     ; --------------------------------------------------------
(1)  422/     3C2 :                     
(1)  423/     3C2 :                     gemaFadeSeq:
(1)  424/     3C2 : 6100 FF22           		bsr	sndReq_Enter
(1)  425/     3C6 : 3E3C 0005           		move.w	#$05,d7		; Command $05
(1)  426/     3CA : 6100 FF52           		bsr	sndReq_scmd
(1)  427/     3CE : 1E00                		move.b	d0,d7		; d0.b Target volume
(1)  428/     3D0 : 6100 FF66           		bsr	sndReq_sbyte
(1)  429/     3D4 : 1E01                		move.b	d1,d7		; d1.b Slot
(1)  430/     3D6 : 6100 FF60           		bsr	sndReq_sbyte
(1)  431/     3DA : 6000 FF2E           		bra 	sndReq_Exit
(1)  432/     3DE :                     
(1)  433/     3DE :                     ; --------------------------------------------------------
(1)  434/     3DE :                     ; gemaSetSeqVol
(1)  435/     3DE :                     ;
(1)  436/     3DE :                     ; Set Master volume to a Seq slot.
(1)  437/     3DE :                     ;
(1)  438/     3DE :                     ; Input:
(1)  439/     3DE :                     ; d0.b | Master volume: $00-max $40-min
(1)  440/     3DE :                     ; d1.b | Playback slot number
(1)  441/     3DE :                     ;        If -1: Set to all slots
(1)  442/     3DE :                     ;
(1)  443/     3DE :                     ; Notes:
(1)  444/     3DE :                     ; - DO NOT MIX THIS WITH gemaFadeSeq
(1)  445/     3DE :                     ; - v1.0: This only works on (re)start
(1)  446/     3DE :                     ;   or during new notes on playback.
(1)  447/     3DE :                     ; --------------------------------------------------------
(1)  448/     3DE :                     
(1)  449/     3DE :                     gemaSetSeqVol:
(1)  450/     3DE : 6100 FF06           		bsr	sndReq_Enter
(1)  451/     3E2 : 3E3C 0006           		move.w	#$06,d7		; Command $06
(1)  452/     3E6 : 6100 FF36           		bsr	sndReq_scmd
(1)  453/     3EA : 1E00                		move.b	d0,d7		; d1.b Volume data <--
(1)  454/     3EC : 6100 FF4A           		bsr	sndReq_sbyte
(1)  455/     3F0 : 1E01                		move.b	d1,d7		; d0.b Slot
(1)  456/     3F2 : 6100 FF44           		bsr	sndReq_sbyte
(1)  457/     3F6 : 6000 FF12           		bra 	sndReq_Exit
(1)  458/     3FA :                     
(1)  459/     3FA :                     ; --------------------------------------------------------
(1)  460/     3FA :                     ; gemaSetBeats
(1)  461/     3FA :                     ;
(1)  462/     3FA :                     ; Set global sub-beats
(1)  463/     3FA :                     ;
(1)  464/     3FA :                     ; Input:
(1)  465/     3FA :                     ; d0.w | Sub-beats value
(1)  466/     3FA :                     ;
(1)  467/     3FA :                     ; Note:
(1)  468/     3FA :                     ; If the Z80 is running in PAL mode the number will
(1)  469/     3FA :                     ; change inside the Z80 to match the PAL's speed.
(1)  470/     3FA :                     ; --------------------------------------------------------
(1)  471/     3FA :                     
(1)  472/     3FA :                     gemaSetBeats:
(1)  473/     3FA : 6100 FEEA           		bsr	sndReq_Enter
(1)  474/     3FE : 3E3C 0007           		move.w	#$07,d7		; Command $07
(1)  475/     402 : 6100 FF1A           		bsr	sndReq_scmd
(1)  476/     406 : 3E00                		move.w	d0,d7		; d0.w Sub-beat value
(1)  477/     408 : 6100 FF2A           		bsr	sndReq_sword
(1)  478/     40C : 6000 FEFC           		bra 	sndReq_Exit
(1)  479/     410 :                     
     181/     410 :                     		include	"nikona/md/video.asm"
(1)    1/     410 :                     ; ===========================================================================
(1)    2/     410 :                     ; ----------------------------------------------------------------
(1)    3/     410 :                     ; Genesis VDP section
(1)    4/     410 :                     ; ----------------------------------------------------------------
(1)    5/     410 :                     
(1)    6/     410 :                     ; ====================================================================
(1)    7/     410 :                     ; --------------------------------------------------------
(1)    8/     410 :                     ; Settings
(1)    9/     410 :                     ; --------------------------------------------------------
(1)   10/     410 :                     
(1)   11/     410 : =$18                 MAX_MDDMATSK		equ 24		; DMA BLAST entries
(1)   12/     410 : =$18                 MAX_MDMAPSPR		equ 24		; VDP sprites with map data
(1)   13/     410 : =$8                  MAX_PALFDREQ		equ 8		; Maximum Pal-fading requests both VDP/SVDP, includes full fade
(1)   14/     410 :                     
(1)   15/     410 : =$7FE                SET_NullVram		equ $07FE	; Default Blank cell
(1)   16/     410 : =$480                SET_DefAutoDma		equ $0480	; Default VRAM location for automatic-DMA output
(1)   17/     410 : =$5A0                DEF_PrintVram		equ $05A0	; Default VRAM location of the PRINT text graphics
(1)   18/     410 : =$4E0                DEF_PrintVramW		equ $04E0
(1)   19/     410 : =$6000               DEF_PrintPal		equ $6000
(1)   20/     410 :                     
(1)   21/     410 : =$60                 DEF_MaxStampCOut	equ $60		; Maximum backup cells for the SCD Stamps
(1)   22/     410 :                     
(1)   23/     410 :                     ; ===================================================================
(1)   24/     410 :                     ; --------------------------------------------------------
(1)   25/     410 :                     ; Variables
(1)   26/     410 :                     ; --------------------------------------------------------
(1)   27/     410 :                     
(1)   28/     410 :                     ; VATTR_PAL0		equ $0000
(1)   29/     410 : =$800                VATTR_FLIPH		equ $0800
(1)   30/     410 : =$1000               VATTR_FLIPV		equ $1000
(1)   31/     410 : =$2000               VATTR_PAL1		equ $2000
(1)   32/     410 : =$4000               VATTR_PAL2		equ $4000
(1)   33/     410 : =$6000               VATTR_PAL3		equ $6000
(1)   34/     410 : =$8000               VATTR_HI		equ $8000
(1)   35/     410 :                     
(1)   36/     410 :                     ; ------------------------------------------------
(1)   37/     410 :                     ; Use these if you are not planning changing
(1)   38/     410 :                     ; the VRAM locations of the scrolling area(s)
(1)   39/     410 :                     ; ------------------------------------------------
(1)   40/     410 : =$C000               DEF_VRAM_FG		equ $C000
(1)   41/     410 : =$E000               DEF_VRAM_BG		equ $E000
(1)   42/     410 : =$D000               DEF_VRAM_WD		equ $D000
(1)   43/     410 : =$F800               DEF_VRAM_SPR		equ $F800
(1)   44/     410 : =$FC00               DEF_VRAM_HSCRL		equ $FC00
(1)   45/     410 :                     
(1)   46/     410 :                     ; ------------------------------------------------
(1)   47/     410 :                     ; H sizes for the current layer
(1)   48/     410 :                     ;
(1)   49/     410 :                     ; Note:
(1)   50/     410 :                     ; WINDOW's width changes between H32 and H40
(1)   51/     410 :                     ; resolution modes.
(1)   52/     410 :                     ; ------------------------------------------------
(1)   53/     410 : =$40                 DEF_HSIZE_32		equ $040
(1)   54/     410 : =$80                 DEF_HSIZE_64		equ $080	; Default
(1)   55/     410 : =$100                DEF_HSIZE_128		equ $100
(1)   56/     410 :                     
(1)   57/     410 :                     ; ------------------------------------------------
(1)   58/     410 :                     ; VDP registers
(1)   59/     410 :                     ; ------------------------------------------------
(1)   60/     410 :                     ; $80
(1)   61/     410 : =$2                  HVStop			equ $02
(1)   62/     410 : =$10                 HintEnbl		equ $10
(1)   63/     410 : =$1                  bitHVStop		equ 1
(1)   64/     410 : =$4                  bitHintEnbl		equ 4
(1)   65/     410 :                     ; $81
(1)   66/     410 : =$40                 DispEnbl 		equ $40
(1)   67/     410 : =$20                 VintEnbl 		equ $20
(1)   68/     410 : =$10                 DmaEnbl			equ $10
(1)   69/     410 : =$6                  bitDispEnbl		equ 6
(1)   70/     410 : =$5                  bitVintEnbl		equ 5
(1)   71/     410 : =$4                  bitDmaEnbl		equ 4
(1)   72/     410 : =$3                  bitV30			equ 3
(1)   73/     410 :                     
(1)   74/     410 :                     ; ------------------------------------------------
(1)   75/     410 :                     ; VDP VRAM bits
(1)   76/     410 :                     ; ------------------------------------------------
(1)   77/     410 :                     ; BYTE read:
(1)   78/     410 : =$7                  bitAttrPrio		equ 7
(1)   79/     410 : =$4                  bitAttrV		equ 4
(1)   80/     410 : =$3                  bitAttrH		equ 3
(1)   81/     410 :                     ; WORD read:
(1)   82/     410 : =$8000               AttrPrio		equ $8000
(1)   83/     410 : =$1000               AttrV			equ $1000
(1)   84/     410 : =$800                AttrH			equ $0800
(1)   85/     410 :                     
(1)   86/     410 :                     ; ------------------------------------------------
(1)   87/     410 :                     ; vdp_ctrl READ bits
(1)   88/     410 :                     ; Read as WORD
(1)   89/     410 :                     ; ------------------------------------------------
(1)   90/     410 : =$9                  bitFifoE		equ 9		; VDP DMA FIFO empty
(1)   91/     410 : =$8                  bitFifoF		equ 8		; VDP DMA FIFO full
(1)   92/     410 : =$7                  bitVInt			equ 7		; Vertical interrupt (NOT confused with bitVBlk)
(1)   93/     410 : =$6                  bitSprOvr		equ 6		; Sprite overflow
(1)   94/     410 : =$5                  bitSprCol		equ 5		; Sprite collision (leftover feature)
(1)   95/     410 : =$4                  bitOdd			equ 4		; EVEN or ODD frame displayed on interlace mode
(1)   96/     410 : =$3                  bitVBlk			equ 3		; Inside VBlank
(1)   97/     410 : =$2                  bitHBlk			equ 2		; Inside HBlank
(1)   98/     410 : =$1                  bitDma			equ 1		; DMA active bit, only works on FILL and COPY
(1)   99/     410 : =$0                  bitPal			equ 0		; VDP PAL-speed mode flag
(1)  100/     410 :                     
(1)  101/     410 :                     ; ====================================================================
(1)  102/     410 :                     ; ----------------------------------------------------------------
(1)  103/     410 :                     ; Structs
(1)  104/     410 :                     ; ----------------------------------------------------------------
(1)  105/     410 :                     
(1)  106/     410 :                     ; ------------------------------------------------
(1)  107/     410 :                     ; RAM_PalFadeList
(1)  108/       0 :                     palfd			struct
(1)  109/       0 :                     req			ds.b 1
(1)  110/       1 :                     delay			ds.b 1
(1)  111/       2 :                     start			ds.b 1
(1)  112/       3 :                     incr			ds.b 1
(1)  113/       4 :                     target			ds.b 1
(1)  114/       5 :                     timer			ds.b 1
(1)  115/       6 :                     num			ds.w 1
(1)  116/       8 :                     ; len			ds.l 0
(1)  117/     410 : =$8                  			endstruct
(1)  118/     410 :                     
(1)  119/     410 :                     ; ------------------------------------------------
(1)  120/     410 :                     ; RAM_MdMcd_Stamps
(1)  121/     410 :                     
(1)  122/       0 :                     mdstmp			struct
(1)  123/       0 :                     flags			ds.w 1		; Flags settings/status
(1)  124/       2 :                     vramMain		ds.w 1		; Main VRAM output *full*
(1)  125/       4 :                     vramSec			ds.w 1		; Secondary VRAM output *full*
(1)  126/       6 :                     vramSize		ds.w 1
(1)  127/       8 :                     vramLen			ds.w 1		; temporals
(1)  128/       A :                     vramIncr		ds.w 1		; ''
(1)  129/       C :                     stmpoutb		ds.w 1
(1)  130/       E :                     currOutFlip		ds.w 1
(1)  131/      10 :                     fdrop			ds.w 1
(1)  132/      12 :                     cellstorage		ds.l 1
(1)  133/      16 :                     dotIncr			ds.l 1
(1)  134/      1A :                     buffIncr		ds.l 1
(1)  135/      1E :                     ; len			ds.l 0
(1)  136/     410 : =$1E                 			endstruct
(1)  137/     410 :                     
(1)  138/     410 :                     ; ====================================================================
(1)  139/     410 :                     ; ----------------------------------------------------------------
(1)  140/     410 :                     ; RAM section
(1)  141/     410 :                     ; ----------------------------------------------------------------
(1)  142/     410 :                     ; Some 32X labels are in system/shared.asm
(1)  143/     410 :                     
(1)  144/     410 : (MACRO)              			memory RAM_MdVideo
(1)  144/     410 : =$410                GLBL_LASTPC     := *
(1)  144/     410 :                                     dephase
(1)  144/FFFFFFFFFFFFEA90 :                                     phase RAM_MDVIDEO
(1)  144/FFFFFFFFFFFFEA90 : =$FFFFFFFFFFFFEA90   GLBL_LASTORG    := *
(1)  145/FFFFFFFFFFFFEA90 :                     	; *** Variables cleared when changing screen modes ***
(1)  146/FFFFFFFFFFFFEA90 :                     RAM_PalFadeList		ds.b palfd_len*MAX_PALFDREQ	; Pal-fade request and buffers
(1)  147/FFFFFFFFFFFFEAD0 :                     RAM_SprMapList		ds.b $10*MAX_MDMAPSPR		; List of mapped-sprite data
(1)  148/FFFFFFFFFFFFEC50 :                     RAM_SprPzList		ds.b $08*80			; List of sprite pieces to build
(1)  149/FFFFFFFFFFFFEED0 :                     RAM_PaletteFade		ds.w 64				; Target MD palette for FadeIn/Out
(1)  150/FFFFFFFFFFFFEF50 :                     RAM_VdpDmaIndx		ds.w 1				; Current index in DMA BLAST list
(1)  151/FFFFFFFFFFFFEF52 :                     RAM_VdpDmaMod		ds.w 1				; Mid-write flag
(1)  152/FFFFFFFFFFFFEF54 :                     RAM_SprOffsetX		ds.w 1				; X spriteset position
(1)  153/FFFFFFFFFFFFEF56 :                     RAM_SprOffsetY		ds.w 1				; Y spriteset position
(1)  154/FFFFFFFFFFFFEF58 :                     RAM_MdVidClr_e		ds.l 0				; <-- END POINT for Video_Clear
(1)  155/FFFFFFFFFFFFEF5C :                     	; *** Variables kept when changing screen modes ***
(1)  156/FFFFFFFFFFFFEF5C :                     RAM_VdpDmaList		ds.b $10*MAX_MDDMATSK		; DMA BLAST list for VBlank
(1)  157/FFFFFFFFFFFFF0DC :                     RAM_FrameCount		ds.l 1				; Frame-counter
(1)  158/FFFFFFFFFFFFF0E0 :                     RAM_IndxPalFade		ds.w 1				; Current index in the pal-fade request list
(1)  159/FFFFFFFFFFFFF0E2 :                     RAM_SprLinkNum		ds.w 1				; Current link number for the sprite-building routines
(1)  160/FFFFFFFFFFFFF0E4 :                     RAM_VdpVramFG		ds.w 1				; Full VRAM location for FG
(1)  161/FFFFFFFFFFFFF0E6 :                     RAM_VdpVramBG		ds.w 1				; '' BG
(1)  162/FFFFFFFFFFFFF0E8 :                     RAM_VdpVramWD		ds.w 1				; '' Window
(1)  163/FFFFFFFFFFFFF0EA :                     RAM_VdpVramSpr		ds.w 1				; '' Sprites
(1)  164/FFFFFFFFFFFFF0EC :                     RAM_VdpVramHScrl	ds.w 1				; '' Horizontal scroll
(1)  165/FFFFFFFFFFFFF0EE :                     RAM_VdpMapSize		ds.w 1				; BG/FG Size
(1)  166/FFFFFFFFFFFFF0F0 :                     RAM_VdpRegSet0		ds.w 1				; * VDP Register $80
(1)  167/FFFFFFFFFFFFF0F2 :                     RAM_VdpRegSet1		ds.w 1				; * VDP Register $81
(1)  168/FFFFFFFFFFFFF0F4 :                     RAM_VdpRegSetB		ds.w 1				; * VDP Register $8B
(1)  169/FFFFFFFFFFFFF0F6 :                     RAM_VdpRegSetC		ds.w 1				; * VDP Register $8C
(1)  170/FFFFFFFFFFFFF0F8 :                     sizeof_mdvid		ds.l 0
(1)  171/FFFFFFFFFFFFF0FC : (MACRO)              			endmemory
(1)  171/     A7C :                     .here:          dephase
(1)  171/     A7C :                                     ds.b -(.here-GLBL_LASTORG)
(1)  171/     410 :                                     phase GLBL_LASTPC
(1)  172/     410 :                     
(1)  173/     410 :                     ; ====================================================================
(1)  174/     410 :                     ; ----------------------------------------------------------------
(1)  175/     410 :                     ; Video_Init
(1)  176/     410 :                     ;
(1)  177/     410 :                     ; Initialize Genesis video
(1)  178/     410 :                     ;
(1)  179/     410 :                     ; Uses:
(1)  180/     410 :                     ; d5-d7/a5-a6
(1)  181/     410 :                     ; ----------------------------------------------------------------
(1)  182/     410 :                     
(1)  183/     410 :                     Video_Init:
(1)  184/     410 : 4DF8 EA90           		lea	(RAM_MdVideo).w,a6			; Clear ALL Video RAM section
(1)  185/     414 : 7C00                		moveq	#0,d6
(1)  186/     416 : 3E3C 0667           		move.w	#(sizeof_mdvid-RAM_MdVideo)-1,d7
(1)  187/     41A :                     .clr_ram:
(1)  188/     41A : 1CC6                		move.b	d6,(a6)+
(1)  189/     41C : 51CF FFFC           		dbf	d7,.clr_ram
(1)  190/     420 : 4DF8 EF5C           		lea	(RAM_VdpDmaList).w,a6			; Write base DMA registers
(1)  191/     424 : 4BFA 005E           		lea	.dma_entry(pc),a5
(1)  192/     428 : 3E3C 0017           		move.w	#MAX_MDDMATSK-1,d7
(1)  193/     42C :                     .copy_dma:
(1)  194/     42C : 2CD5                		move.l	(a5),(a6)+
(1)  195/     42E : 2CED 0004           		move.l	4(a5),(a6)+
(1)  196/     432 : 2CED 0008           		move.l	8(a5),(a6)+
(1)  197/     436 : 2CED 000C           		move.l	$C(a5),(a6)+
(1)  198/     43A : 51CF FFF0           		dbf	d7,.copy_dma
(1)  199/     43E : 4DF8 EAD0           		lea	(RAM_SprMapList).w,a6			; Clear Sprite w/Map entries
(1)  200/     442 : 3E3C 0017           		move.w	#MAX_MDMAPSPR-1,d7
(1)  201/     446 :                     .clr_d:
(1)  202/     446 : 429E                		clr.l	(a6)+
(1)  203/     448 : 429E                		clr.l	(a6)+
(1)  204/     44A : 429E                		clr.l	(a6)+
(1)  205/     44C : 429E                		clr.l	(a6)+
(1)  206/     44E : 51CF FFF6           		dbf	d7,.clr_d
(1)  207/     452 : 4278 F0E0           		clr.w	(RAM_IndxPalFade).w			; Reset all VDP pal-fade requests
(1)  208/     456 : 4DF8 EA90           		lea	(RAM_PalFadeList).w,a6
(1)  209/     45A : 3E3C 0007           		move.w	#MAX_PALFDREQ-1,d7
(1)  210/     45E :                     .clr_preq:
(1)  211/     45E : 429E                		clr.l	(a6)+
(1)  212/     460 : 429E                		clr.l	(a6)+
(1)  213/     462 : 51CF FFFA           		dbf	d7,.clr_preq
(1)  223/     466 : 4CBA 000F 002A      		movem.w	.def_regset(pc),d0-d3			; Set default VDP regs $80,$81,$8B,$8C
(1)  224/     46C : 48B8 000F F0F0      		movem.w	d0-d3,(RAM_VdpRegSet0).w
(1)  225/     472 : 23F8 F0F0 00C0      		move.l	(RAM_VdpRegSet0).w,(vdp_ctrl).l		; Write VDP regs 80xx-81xx and 8Bxx-8Cxx
              478 : 0004             
(1)  226/     47A : 23F8 F0F4 00C0      		move.l	(RAM_VdpRegSetB).w,(vdp_ctrl).l
              480 : 0004             
(1)  227/     482 : 6018                		bra	Video_Default
(1)  228/     484 :                     
(1)  229/     484 :                     ; --------------------------------------------------------
(1)  230/     484 :                     ; DMA blast base entry
(1)  231/     484 :                     .dma_entry:
(1)  232/     484 : 9400 9300           		dc.w $9400,$9300			; Size
(1)  233/     488 : 9600 9500 9700      		dc.w $9600,$9500,$9700			; Source
(1)  234/     48E : 4000 0080           		dc.l $40000080 				; VDP write with DMA
(1)  235/     492 : 0000                		dc.w $0000				; Patch for the first 4 pixels (SCD/CD32X only)
(1)  236/     494 :                     		align 2
(1)  237/     494 :                     .def_regset:
(1)  238/     494 : 8004 8104 8B00      		dc.w $8004,$8104,$8B00,$8C00
              49A : 8C00             
(1)  239/     49C :                     		align 2
(1)  240/     49C :                     
(1)  241/     49C :                     ; --------------------------------------------------------
(1)  242/     49C :                     ; Video_Default
(1)  243/     49C :                     ;
(1)  244/     49C :                     ; Reset VDP settings to defaults
(1)  245/     49C :                     ; --------------------------------------------------------
(1)  246/     49C :                     
(1)  247/     49C :                     Video_Default:
(1)  248/     49C : 23FC 9100 9200      		move.l	#$91009200,(vdp_ctrl).l			; Clear WINDOW
              4A2 : 00C0 0004          
(1)  249/     4A6 : 33FC 8F02 00C0      		move.w	#$8F00|$02,(vdp_ctrl).l			; Default VDP increment $02
              4AC : 0004             
(1)  250/     4AE : 31FC C000 F0E4      		move.w	#DEF_VRAM_FG,(RAM_VdpVramFG).w
(1)  251/     4B4 : 31FC E000 F0E6      		move.w	#DEF_VRAM_BG,(RAM_VdpVramBG).w
(1)  252/     4BA : 31FC D000 F0E8      		move.w	#DEF_VRAM_WD,(RAM_VdpVramWD).w
(1)  253/     4C0 : 31FC F800 F0EA      		move.w	#DEF_VRAM_SPR,(RAM_VdpVramSpr).w
(1)  254/     4C6 : 31FC FC00 F0EC      		move.w	#DEF_VRAM_HSCRL,(RAM_VdpVramHScrl).w
(1)  255/     4CC : 6100 0446           		bsr	Video_UpdMapVram
(1)  256/     4D0 : 6100 0494           		bsr	Video_UpdSprHVram
(1)  257/     4D4 : 3F00                		move.w	d0,-(sp)
(1)  258/     4D6 : 303C 0001           		move.w	#%0001,d0				; Size H64 V32
(1)  259/     4DA : 6100 04C4           		bsr	Video_SetMapSize
(1)  260/     4DE : 303C 0001           		move.w	#%0001,d0				; Resolution 320x224
(1)  261/     4E2 : 6100 03E0           		bsr	Video_Resolution
(1)  262/     4E6 : 301F                		move.w	(sp)+,d0
(1)  263/     4E8 : 4E75                		rts
(1)  264/     4EA :                     
(1)  265/     4EA :                     ; ====================================================================
(1)  266/     4EA :                     ; --------------------------------------------------------
(1)  267/     4EA :                     ; Video_Render
(1)  268/     4EA :                     ;
(1)  269/     4EA :                     ; Processes VDP Sprites, H/V Scrolling, Palette
(1)  270/     4EA :                     ; and process the DMA BLAST list
(1)  271/     4EA :                     ;
(1)  272/     4EA :                     ; Uses:
(1)  273/     4EA :                     ; ALL
(1)  274/     4EA :                     ;
(1)  275/     4EA :                     ; Notes:
(1)  276/     4EA :                     ; VBlank ONLY, already called by System_Render
(1)  277/     4EA :                     ; --------------------------------------------------------
(1)  278/     4EA :                     
(1)  279/     4EA :                     Video_Render:
(1)  280/     4EA : 6100 0362           		bsr	Video_DmaOn
(1)  281/     4EE : 6100 1150           		bsr	System_DmaEnter_RAM
(1)  282/     4F2 : 4DF9 00C0 0004      		lea	(vdp_ctrl).l,a6
(1)  283/     4F8 : 3E38 F0EA           		move.w	(RAM_VdpVramSpr).w,d7
(1)  284/     4FC : 3A38 F0EC           		move.w	(RAM_VdpVramHScrl).w,d5
(1)  285/     500 : 3C07                		move.w	d7,d6
(1)  286/     502 : 0247 3FFF           		andi.w	#$3FFF,d7
(1)  287/     506 : 0047 4000           		ori.w	#$4000,d7
(1)  288/     50A : E55E                		rol.w	#2,d6
(1)  289/     50C : 0246 0003           		andi.w	#%11,d6
(1)  290/     510 : 8C7C 0080           		or.w	#$80,d6
(1)  291/     514 : 3805                		move.w	d5,d4
(1)  292/     516 : 0245 3FFF           		andi.w	#$3FFF,d5
(1)  293/     51A : 0045 4000           		ori.w	#$4000,d5
(1)  294/     51E : E55C                		rol.w	#2,d4
(1)  295/     520 : 0244 0003           		andi.w	#%11,d4
(1)  296/     524 : 887C 0080           		or.w	#$80,d4
(1)  297/     528 : 2CBC 9401 9340      		move.l	#$94019340,(a6)			; Size $280/2
(1)  298/     52E : 2CBC 96F2 9588      		move.l	#$96009500|(RAM_Sprites<<7&$FF0000)|(RAM_Sprites>>1&$FF),(a6)
(1)  299/     534 : 3CBC 977F           		move.w	#$9700|(RAM_Sprites>>17&$7F),(a6)
(1)  300/     538 : 3C87                		move.w	d7,(a6)
(1)  301/     53A : 3F06                		move.w	d6,-(sp)
(1)  302/     53C : 3C9F                		move.w	(sp)+,(a6)
(1)  303/     53E : 2CBC 9401 93E0      		move.l	#$940193E0,(a6)			; Size $3C0/2
(1)  304/     544 : 2CBC 96F0 9580      		move.l	#$96009500|(RAM_HorScroll<<7&$FF0000)|(RAM_HorScroll>>1&$FF),(a6)
(1)  305/     54A : 3CBC 977F           		move.w	#$9700|(RAM_HorScroll>>17&$7F),(a6)
(1)  306/     54E : 3C85                		move.w	d5,(a6)
(1)  307/     550 : 3F04                		move.w	d4,-(sp)
(1)  308/     552 : 3C9F                		move.w	(sp)+,(a6)
(1)  309/     554 : 2CBC 9400 9328      		move.l	#$94009328,(a6)
(1)  310/     55A : 2CBC 96F2 9560      		move.l	#$96009500|(RAM_VerScroll<<7&$FF0000)|(RAM_VerScroll>>1&$FF),(a6)
(1)  311/     560 : 3CBC 977F           		move.w	#$9700|(RAM_VerScroll>>17&$7F),(a6)
(1)  312/     564 : 3CBC 4000           		move.w	#$4000,(a6)
(1)  313/     568 : 3F3C 0090           		move.w	#$0010|$80,-(sp)
(1)  314/     56C : 3C9F                		move.w	(sp)+,(a6)
(1)  315/     56E : 2CBC 9400 9340      		move.l	#$94009340,(a6)
(1)  316/     574 : 2CBC 96F5 9508      		move.l	#$96009500|(RAM_Palette<<7&$FF0000)|(RAM_Palette>>1&$FF),(a6)
(1)  317/     57A : 3CBC 977F           		move.w	#$9700|(RAM_Palette>>17&$7F),(a6)
(1)  318/     57E : 3CBC C000           		move.w	#$C000,(a6)
(1)  319/     582 : 3F3C 0080           		move.w	#$0000|$80,-(sp)
(1)  320/     586 : 3C9F                		move.w	(sp)+,(a6)
(1)  321/     588 : 6100 10BA           		bsr	System_DmaExit_RAM
(1)  322/     58C : 6100 02CC           		bsr	Video_DmaOff
(1)  323/     590 :                     
(1)  324/     590 :                     ; --------------------------------------------------------
(1)  325/     590 :                     ; Struct:
(1)  326/     590 :                     ; dc.w $94xx,$93xx		; Size
(1)  327/     590 :                     ; dc.w $96xx,$95xx,$97xx	; Source
(1)  328/     590 :                     ; dc.l $4xxx008x 		; VDP destination with DMA bit
(1)  329/     590 :                     ; dc.w $xxxx			; SegaCD/CD32X only: Patch for the first 4 pixels
(1)  330/     590 : 4A78 EF52           		tst.w	(RAM_VdpDmaMod).w		; Got mid-write?
(1)  331/     594 : 6642                		bne.s	.exit
(1)  332/     596 : 4A78 EF50           		tst.w	(RAM_VdpDmaIndx).w		; Any requests?
(1)  333/     59A : 673C                		beq.s	.exit
(1)  334/     59C : 49F9 00C0 0004      		lea	(vdp_ctrl).l,a4			; a4 - vdp_ctrl
(1)  335/     5A2 : 47F8 EF5C           		lea	(RAM_VdpDmaList).w,a3		; a3 - Blast list
(1)  336/     5A6 : 3E38 F0F2           		move.w	(RAM_VdpRegSet1).w,d7		; DMA Enable + VDP Display OFF
(1)  337/     5AA : 08C7 0004           		bset	#bitDmaEnbl,d7
(1)  338/     5AE : 3887                		move.w	d7,(a4)
(1)  339/     5B0 : 6100 1088           		bsr	System_DmaEnter_ROM
(1)  340/     5B4 : 4A78 EF50           .next:		tst.w	(RAM_VdpDmaIndx).w
(1)  341/     5B8 : 6714                		beq.s	.end
(1)  342/     5BA : 289B                		move.l	(a3)+,(a4)			; Size
(1)  343/     5BC : 289B                		move.l	(a3)+,(a4)			; Source
(1)  344/     5BE : 389B                		move.w	(a3)+,(a4)
(1)  345/     5C0 :                     	; CD/CD32X
(1)  358/     5C0 : 389B                		move.w	(a3)+,(a4)			; Normal VDP control write
(1)  359/     5C2 : 389B                		move.w	(a3)+,(a4)			; *** CPU freezes ***
(1)  360/     5C4 : D6FC 0002           		adda	#2,a3
(1)  362/     5C8 : 5378 EF50           		subq.w	#1,(RAM_VdpDmaIndx).w
(1)  363/     5CC : 60E6                		bra.s	.next
(1)  364/     5CE :                     .end:
(1)  365/     5CE : 6100 106E           		bsr	System_DmaExit_ROM
(1)  366/     5D2 : 3E38 F0F2           		move.w	(RAM_VdpRegSet1).w,d7		; Restore VDP reg $81
(1)  367/     5D6 : 3887                		move.w	d7,(a4)
(1)  368/     5D8 :                     .exit:
(1)  369/     5D8 : 4E75                		rts
(1)  370/     5DA :                     
(1)  371/     5DA :                     ; ====================================================================
(1)  372/     5DA :                     ; --------------------------------------------------------
(1)  373/     5DA :                     ; Video_BuildSprites
(1)  374/     5DA :                     ;
(1)  375/     5DA :                     ; Build VDP Sprite pieces and maps, call before VBlank
(1)  376/     5DA :                     ; overwrites RAM_Sprites
(1)  377/     5DA :                     ;
(1)  378/     5DA :                     ; Uses:
(1)  379/     5DA :                     ; ALL
(1)  380/     5DA :                     ; --------------------------------------------------------
(1)  381/     5DA :                     
(1)  382/     5DA :                     Video_BuildSprites:
(1)  383/     5DA : 31FC 0001 F0E2      		move.w	#1,(RAM_SprLinkNum).w		; Reset SPRITE LINK number
(1)  384/     5E0 : 4DF8 E510           		lea	(RAM_Sprites).w,a6		; a6 - Genesis sprites
(1)  385/     5E4 : 3C38 F0E2           		move.w	(RAM_SprLinkNum).w,d6		; d6 - Starting sprite link
(1)  386/     5E8 : BC7C 0050           		cmp.w	#80,d6
(1)  387/     5EC : 6C00 017C           		bge	.stop_all
(1)  388/     5F0 : 3A06                		move.w	d6,d5
(1)  389/     5F2 : 5345                		subq.w	#1,d5
(1)  390/     5F4 : 6B04                		bmi	.first_spr
(1)  391/     5F6 : E74D                		lsl.w	#3,d5
(1)  392/     5F8 : DCC5                		adda	d5,a6
(1)  393/     5FA :                     .first_spr:
(1)  394/     5FA : 4BF8 EC50           		lea	(RAM_SprPzList).w,a5
(1)  395/     5FE : 3E3C 004F           		move.w	#80-1,d7			; Loop all pieces
(1)  396/     602 :                     .next_pz:
(1)  397/     602 : 0C46 0050           		cmpi.w	#80,d6
(1)  398/     606 : 6E00 0162           		bgt	.stop_all
(1)  399/     60A : 0815 0007           		btst	#7,(a5)
(1)  400/     60E : 6722                		beq	.no_slot_s
(1)  401/     610 : 3015                		move.w	(a5),d0				; This slot is used?
(1)  402/     612 : 3200                		move.w	d0,d1
(1)  403/     614 : 0241 3C00           		andi.w	#$3C00,d1
(1)  404/     618 : E449                		lsr.w	#2,d1
(1)  405/     61A : D246                		add.w	d6,d1
(1)  406/     61C : 342D 0004           		move.w	4(a5),d2
(1)  407/     620 : 362D 0002           		move.w	2(a5),d3
(1)  408/     624 : 0240 03FF           		andi.w	#$03FF,d0
(1)  409/     628 : 3CC0                		move.w	d0,(a6)+
(1)  410/     62A : 3CC1                		move.w	d1,(a6)+
(1)  411/     62C : 3CC2                		move.w	d2,(a6)+
(1)  412/     62E : 3CC3                		move.w	d3,(a6)+
(1)  413/     630 : 5246                		addq.w	#1,d6
(1)  414/     632 :                     .no_slot_s:
(1)  415/     632 : DAFC 0008           		adda	#$08,a5
(1)  416/     636 : 51CF FFCA           		dbf	d7,.next_pz
(1)  417/     63A : 4BF8 EAD0           		lea	(RAM_SprMapList).w,a5	; Sprite with map data
(1)  418/     63E : 3E3C 0017           		move.w	#MAX_MDMAPSPR-1,d7
(1)  419/     642 :                     .next:
(1)  420/     642 : 0815 0007           		btst	#7,(a5)
(1)  421/     646 : 6700 0118           		beq	.no_map
(1)  422/     64A : 2055                		move.l	(a5),a0
(1)  423/     64C : 4847                		swap	d7
(1)  424/     64E : 7000                		moveq	#0,d0
(1)  425/     650 : 302D 0004           		move.w	$04(a5),d0		; Read frame number
(1)  426/     654 : D040                		add.w	d0,d0
(1)  427/     656 : 3030 0000           		move.w	(a0,d0.w),d0
(1)  428/     65A : 41F0 0000           		lea	(a0,d0.w),a0
(1)  429/     65E : 3A18                		move.w	(a0)+,d5
(1)  430/     660 : 6700 00FE           		beq	.no_map
(1)  431/     664 : 5345                		subq.w	#1,d5
(1)  432/     666 :                     .mk_pz:
(1)  433/     666 : 0C46 0050           		cmpi.w	#80,d6
(1)  434/     66A : 6E00 00FE           		bgt	.stop_all
(1)  435/     66E : 4845                		swap	d5
(1)  436/     670 : 4846                		swap	d6
(1)  437/     672 : 1018                		move.b	(a0)+,d0		; d0 - Y pos
(1)  438/     674 : 1218                		move.b	(a0)+,d1		; d1 - Size
(1)  439/     676 : 3410                		move.w	(a0),d2			; d2 - VRAM main
(1)  440/     678 : 0838 0002 F0F7      		btst	#2,(RAM_VdpRegSetC+1).w
(1)  441/     67E : 6710                		beq.s	.ex_vram
(1)  442/     680 : 3801                		move.w	d1,d4
(1)  443/     682 : 0241 000C           		andi.w	#%1100,d1
(1)  444/     686 : 0244 0003           		andi.w	#%0011,d4
(1)  445/     68A : E24C                		lsr.w	#1,d4
(1)  446/     68C : 8244                		or.w	d4,d1
(1)  447/     68E : E24A                		lsr.w	#1,d2
(1)  448/     690 :                     .ex_vram:
(1)  449/     690 : D0FC 0004           		adda	#4,a0			; <-- Reserved for VRAM double-interlace
(1)  450/     694 : 3618                		move.w	(a0)+,d3		; d3 - X pos
(1)  451/     696 : 4880                		ext.w	d0
(1)  452/     698 : 3A2D 0006           		move.w	$06(a5),d5		; Read VRAM
(1)  453/     69C : 3805                		move.w	d5,d4
(1)  454/     69E : 0838 0002 F0F7      		btst	#2,(RAM_VdpRegSetC+1).w
(1)  455/     6A4 : 670E                		beq.s	.ex_vrams
(1)  456/     6A6 : 3805                		move.w	d5,d4
(1)  457/     6A8 : 0244 F800           		andi.w	#$F800,d4
(1)  458/     6AC : 0245 07FF           		andi.w	#$07FF,d5
(1)  459/     6B0 : E24D                		lsr.w	#1,d5
(1)  460/     6B2 : 8A44                		or.w	d4,d5
(1)  461/     6B4 :                     .ex_vrams:
(1)  462/     6B4 : 3805                		move.w	d5,d4
(1)  463/     6B6 : 0244 1000           		andi.w	#$1000,d4
(1)  464/     6BA : 6710                		beq.s	.vram_v
(1)  465/     6BC : 4440                		neg.w	d0
(1)  466/     6BE : 0440 0008           		subi.w	#8,d0
(1)  467/     6C2 : 3C01                		move.w	d1,d6
(1)  468/     6C4 : 0246 0003           		andi.w	#%0011,d6
(1)  469/     6C8 : E74E                		lsl.w	#3,d6
(1)  470/     6CA : 9046                		sub.w	d6,d0
(1)  471/     6CC :                     .vram_v:
(1)  472/     6CC : 3805                		move.w	d5,d4
(1)  473/     6CE : 0244 0800           		andi.w	#$0800,d4
(1)  474/     6D2 : 6710                		beq.s	.vram_h
(1)  475/     6D4 : 4443                		neg.w	d3
(1)  476/     6D6 : 0443 0008           		subi.w	#8,d3
(1)  477/     6DA : 3C01                		move.w	d1,d6
(1)  478/     6DC : 0246 000C           		andi.w	#%1100,d6
(1)  479/     6E0 : DC46                		add.w	d6,d6
(1)  480/     6E2 : 9646                		sub.w	d6,d3
(1)  481/     6E4 :                     .vram_h:
(1)  482/     6E4 : D445                		add.w	d5,d2
(1)  483/     6E6 : 4845                		swap	d5
(1)  484/     6E8 : 4846                		swap	d6
(1)  485/     6EA : D06D 000A           		add.w	$0A(a5),d0		; Add Y pos
(1)  486/     6EE : D66D 0008           		add.w	$08(a5),d3		; Add X pos
(1)  487/     6F2 : D078 EF56           		add.w	(RAM_SprOffsetY).w,d0
(1)  488/     6F6 : 9678 EF54           		sub.w	(RAM_SprOffsetX).w,d3
(1)  489/     6FA : B67C 0140           		cmp.w	#320,d3			; X/Y wrap
(1)  490/     6FE : 6C5C                		bge.s	.no_pz
(1)  491/     700 : 3801                		move.w	d1,d4
(1)  492/     702 : 0244 000C           		andi.w	#%1100,d4
(1)  493/     706 : D844                		add.w	d4,d4
(1)  494/     708 : D87C 0008           		add.w	#8,d4
(1)  495/     70C : 3E03                		move.w	d3,d7
(1)  496/     70E : DE44                		add.w	d4,d7
(1)  497/     710 : 6B4A                		bmi.s	.no_pz
(1)  498/     712 : 383C 00F0           		move.w	#240,d4
(1)  499/     716 : 0838 0002 F0F7      		btst	#2,(RAM_VdpRegSetC+1).w
(1)  500/     71C : 6702                		beq.s	.ex_yext
(1)  501/     71E : D844                		add.w	d4,d4
(1)  502/     720 :                     .ex_yext:
(1)  503/     720 : B044                		cmp.w	d4,d0
(1)  504/     722 : 6C38                		bge.s	.no_pz
(1)  505/     724 : 3801                		move.w	d1,d4
(1)  506/     726 : 0244 0003           		andi.w	#%0011,d4
(1)  507/     72A : E74C                		lsl.w	#3,d4
(1)  508/     72C : D87C 0008           		add.w	#8,d4
(1)  509/     730 : 3E00                		move.w	d0,d7
(1)  510/     732 : DE44                		add.w	d4,d7
(1)  511/     734 : 6B26                		bmi.s	.no_pz
(1)  512/     736 : E149                		lsl.w	#8,d1			; Size + Link
(1)  513/     738 : 8246                		or.w	d6,d1
(1)  514/     73A : 0640 0080           		addi.w	#$80,d0
(1)  515/     73E : 3838 F0F6           		move.w	(RAM_VdpRegSetC).w,d4
(1)  516/     742 : 0804 0002           		btst	#2,d4
(1)  517/     746 : 6704                		beq.s	.dont_add
(1)  518/     748 : 0640 0080           		addi.w	#$80,d0
(1)  519/     74C :                     .dont_add:
(1)  520/     74C : 0643 0080           		addi.w	#$80,d3
(1)  521/     750 : 3CC0                		move.w	d0,(a6)+
(1)  522/     752 : 3CC1                		move.w	d1,(a6)+
(1)  523/     754 : 3CC2                		move.w	d2,(a6)+
(1)  524/     756 : 3CC3                		move.w	d3,(a6)+
(1)  525/     758 : DC7C 0001           		add.w	#1,d6
(1)  526/     75C :                     .no_pz:
(1)  527/     75C : 51CD FF08           		dbf	d5,.mk_pz
(1)  528/     760 :                     .no_map:
(1)  529/     760 : DAFC 0010           		adda	#$10,a5
(1)  530/     764 : 4847                		swap	d7
(1)  531/     766 :                     .no_slot:
(1)  532/     766 : 51CF FEDA           		dbf	d7,.next
(1)  533/     76A :                     .stop_all:
(1)  534/     76A : 614A                		bsr	vid_CheckLastSpr
(1)  535/     76C : 31C6 F0E2           		move.w	d6,(RAM_SprLinkNum).w
(1)  536/     770 :                     	; Reset slots
(1)  537/     770 : 4DF8 EC50           		lea	(RAM_SprPzList).w,a6
(1)  538/     774 : 7E4F                		moveq	#80-1,d7
(1)  539/     776 : 7C08                		moveq	#$08,d6
(1)  540/     778 :                     .chk_spr_r:
(1)  541/     778 : 1A16                		move.b	(a6),d5
(1)  542/     77A : 0805 0007           		btst	#7,d5
(1)  543/     77E : 670C                		beq.s	.no_slot_r
(1)  544/     780 : 0805 0006           		btst	#6,d5
(1)  545/     784 : 6706                		beq.s	.no_slot_r
(1)  546/     786 : 4296                		clr.l	(a6)
(1)  547/     788 : 42AE 0004           		clr.l	4(a6)
(1)  548/     78C :                     .no_slot_r:
(1)  549/     78C : DCC6                		adda	d6,a6
(1)  550/     78E : 51CF FFE8           		dbf	d7,.chk_spr_r
(1)  551/     792 : 4DF8 EAD0           		lea	(RAM_SprMapList).w,a6
(1)  552/     796 : 7E17                		moveq	#MAX_MDMAPSPR-1,d7
(1)  553/     798 : 7C10                		moveq	#$10,d6
(1)  554/     79A :                     .chk_spr_mr:
(1)  555/     79A : 1A16                		move.b	(a6),d5
(1)  556/     79C : 0805 0007           		btst	#7,d5
(1)  557/     7A0 : 670C                		beq.s	.no_slot_mr
(1)  558/     7A2 : 0805 0006           		btst	#6,d5
(1)  559/     7A6 : 6706                		beq.s	.no_slot_mr
(1)  560/     7A8 : 4296                		clr.l	(a6)
(1)  561/     7AA : 42AE 0004           		clr.l	4(a6)
(1)  562/     7AE :                     .no_slot_mr:
(1)  563/     7AE : DCC6                		adda	d6,a6
(1)  564/     7B0 : 51CF FFE8           		dbf	d7,.chk_spr_mr
(1)  565/     7B4 : 4E75                		rts
(1)  566/     7B6 :                     
(1)  567/     7B6 :                     ; --------------------------------------------------------
(1)  568/     7B6 :                     ; d6 - Current link
(1)  569/     7B6 :                     vid_CheckLastSpr:
(1)  570/     7B6 : 4DF8 E510           		lea	(RAM_Sprites).w,a6	; Check last sprite piece
(1)  571/     7BA : 0C46 0001           		cmpi.w	#1,d6
(1)  572/     7BE : 6710                		beq.s	.blnk_first
(1)  573/     7C0 : 0C46 0050           		cmpi.w	#80,d6
(1)  574/     7C4 : 6E10                		bgt.s	.last_one
(1)  575/     7C6 : 3E06                		move.w	d6,d7
(1)  576/     7C8 : 0447 0001           		subi.w	#1,d7
(1)  577/     7CC : E74F                		lsl.w	#3,d7
(1)  578/     7CE : DCC7                		adda	d7,a6
(1)  579/     7D0 :                     .blnk_first:
(1)  580/     7D0 : 429E                		clr.l	(a6)+
(1)  581/     7D2 : 429E                		clr.l	(a6)+
(1)  582/     7D4 : 6010                		bra.s	.spr_exit
(1)  583/     7D6 :                     .last_one:
(1)  584/     7D6 : DCFC 0278           		adda	#79*8,a6		; Go to last sprite
(1)  585/     7DA : 3E2E 0002           		move.w	2(a6),d7		; Set last link to 0
(1)  586/     7DE : 0247 0F00           		andi.w	#$0F00,d7
(1)  587/     7E2 : 3D47 0002           		move.w	d7,2(a6)
(1)  588/     7E6 :                     .spr_exit:
(1)  589/     7E6 : 4E75                		rts
(1)  590/     7E8 :                     
(1)  591/     7E8 :                     ; ====================================================================
(1)  592/     7E8 :                     ; --------------------------------------------------------
(1)  593/     7E8 :                     ; Subroutines
(1)  594/     7E8 :                     ; --------------------------------------------------------
(1)  595/     7E8 :                     
(1)  596/     7E8 :                     ; --------------------------------------------------------
(1)  597/     7E8 :                     ; Video_Clear
(1)  598/     7E8 :                     ;
(1)  599/     7E8 :                     ; Clears ALL VDP VRAM and other RAM sections
(1)  600/     7E8 :                     ;
(1)  601/     7E8 :                     ; Breaks:
(1)  602/     7E8 :                     ; ALL
(1)  603/     7E8 :                     ; --------------------------------------------------------
(1)  604/     7E8 :                     
(1)  605/     7E8 :                     Video_Clear:
(1)  614/     7E8 : 7C00                		moveq	#0,d6
(1)  615/     7EA : 4DF8 EA90           		lea	(RAM_MdVideo).w,a6			; Clear half of Video RAM section
(1)  616/     7EE : 3E3C 04C7           		move.w	#(RAM_MdVidClr_e-RAM_MdVideo)-1,d7
(1)  617/     7F2 :                     .clr_me:
(1)  618/     7F2 : 1CC6                		move.b	d6,(a6)+
(1)  619/     7F4 : 51CF FFFC           		dbf	d7,.clr_me
(1)  620/     7F8 : 303C 0000           		move.w	#0,d0
(1)  621/     7FC : 323C 0000           		move.w	#0,d1
(1)  622/     800 : 343C FFC0           		move.w	#cell_num($7FE),d2
(1)  623/     804 : 6100 0300           		bsr	Video_Fill
(1)  624/     808 :                     
(1)  625/     808 :                     ; --------------------------------------------------------
(1)  626/     808 :                     ; Video_ClearScreen
(1)  627/     808 :                     ;
(1)  628/     808 :                     ; Clears ALL 3 map layers entirely
(1)  629/     808 :                     ;
(1)  630/     808 :                     ; Uses:
(1)  631/     808 :                     ; ALL
(1)  632/     808 :                     ; --------------------------------------------------------
(1)  633/     808 :                     
(1)  634/     808 :                     Video_ClearScreen:
(1)  635/     808 : 7000                		moveq	#0,d0
(1)  636/     80A : 3238 F0E4           		move.w	(RAM_VdpVramFG).w,d1
(1)  637/     80E : 3438 F0EE           		move.w	(RAM_VdpMapSize).w,d2	; FG/BG size
(1)  638/     812 : 6100 02F2           		bsr	Video_Fill
(1)  639/     816 : 3238 F0E6           		move.w	(RAM_VdpVramBG).w,d1
(1)  640/     81A : 6100 02EA           		bsr	Video_Fill
(1)  641/     81E : 343C 0800           		move.w	#$800,d2		; WD Size
(1)  642/     822 : 3E38 F0F6           		move.w	(RAM_VdpRegSetC).w,d7	; Current $8Cxx
(1)  643/     826 : 0247 0081           		andi.w	#%10000001,d7		; Check if we are in H40
(1)  644/     82A : 6702                		beq.s	.not_small
(1)  645/     82C : D442                		add.w	d2,d2			; Size $1000
(1)  646/     82E :                     .not_small:
(1)  647/     82E : 3238 F0E8           		move.w	(RAM_VdpVramWD).w,d1
(1)  648/     832 : 6000 02D2           		bra	Video_Fill
(1)  649/     836 :                     
(1)  650/     836 :                     ; --------------------------------------------------------
(1)  651/     836 :                     ; Video_DisplayOn, Video_DisplayOff
(1)  652/     836 :                     ;
(1)  653/     836 :                     ; Enable or Disable VDP Display
(1)  654/     836 :                     ; --------------------------------------------------------
(1)  655/     836 :                     
(1)  656/     836 :                     Video_DisplayOn:
(1)  657/     836 : 3F07                		move.w	d7,-(sp)
(1)  658/     838 : 3E38 F0F2           		move.w	(RAM_VdpRegSet1).w,d7
(1)  659/     83C : 08C7 0006           		bset	#bitDispEnbl,d7
(1)  660/     840 : 6022                		bra.s	vid_WrtReg01
(1)  661/     842 :                     Video_DisplayOff:
(1)  662/     842 : 3F07                		move.w	d7,-(sp)
(1)  663/     844 : 3E38 F0F2           		move.w	(RAM_VdpRegSet1).w,d7
(1)  664/     848 : 0887 0006           		bclr	#bitDispEnbl,d7
(1)  665/     84C : 6016                		bra.s	vid_WrtReg01
(1)  666/     84E :                     
(1)  667/     84E :                     ; --------------------------------------------------------
(1)  668/     84E :                     ; Video_DmaOn, Video_DmaOff
(1)  669/     84E :                     ;
(1)  670/     84E :                     ; Enable or Disable DMA
(1)  671/     84E :                     ;
(1)  672/     84E :                     ; Note:
(1)  673/     84E :                     ; Various routines that use DMA already call these
(1)  674/     84E :                     ; --------------------------------------------------------
(1)  675/     84E :                     
(1)  676/     84E :                     Video_DmaOn:
(1)  677/     84E : 3F07                		move.w	d7,-(sp)
(1)  678/     850 : 3E38 F0F2           		move.w	(RAM_VdpRegSet1).w,d7
(1)  679/     854 : 08C7 0004           		bset	#bitDmaEnbl,d7
(1)  680/     858 : 600A                		bra.s	vid_WrtReg01
(1)  681/     85A :                     Video_DmaOff:
(1)  682/     85A : 3F07                		move.w	d7,-(sp)
(1)  683/     85C : 3E38 F0F2           		move.w	(RAM_VdpRegSet1).w,d7
(1)  684/     860 : 0887 0004           		bclr	#bitDmaEnbl,d7
(1)  685/     864 :                     
(1)  686/     864 :                     ; ------------------------------------------------
(1)  687/     864 :                     
(1)  688/     864 :                     vid_WrtReg01:
(1)  689/     864 : 33C7 00C0 0004      		move.w	d7,(vdp_ctrl).l
(1)  690/     86A : 31C7 F0F2           		move.w	d7,(RAM_VdpRegSet1).w
(1)  691/     86E : 3E1F                		move.w	(sp)+,d7
(1)  692/     870 : 4E75                		rts
(1)  693/     872 :                     
(1)  694/     872 :                     ; --------------------------------------------------------
(1)  695/     872 :                     ; Video_IntEnable
(1)  696/     872 :                     ;
(1)  697/     872 :                     ; Enable or Disable VBlank, HBlank and
(1)  698/     872 :                     ; External interrupts.
(1)  699/     872 :                     ;
(1)  700/     872 :                     ; This is for Enabling and Disabling interrupts generated
(1)  701/     872 :                     ; by the VDP, to set your interrupt locations
(1)  702/     872 :                     ; use System_SetIntJumps
(1)  703/     872 :                     ;
(1)  704/     872 :                     ; Input:
(1)  705/     872 :                     ; d0.b | Enable these interrupts:
(1)  706/     872 :                     ;      | %00000ehv
(1)  707/     872 :                     ;      |     e: External
(1)  708/     872 :                     ;      |     h: HBlank
(1)  709/     872 :                     ;      |     v: VBlank
(1)  710/     872 :                     ; --------------------------------------------------------
(1)  711/     872 :                     
(1)  712/     872 :                     Video_IntEnable:
(1)  713/     872 : 48A7 0300           		movem.w	d6-d7,-(sp)
(1)  714/     876 : 3E38 F0F2           		move.w	(RAM_VdpRegSet1).w,d7
(1)  715/     87A : 3C00                		move.w	d0,d6
(1)  716/     87C : 0246 0001           		andi.w	#1,d6			; %--V
(1)  717/     880 : EB4E                		lsl.w	#5,d6
(1)  718/     882 : 8E46                		or.w	d6,d7
(1)  719/     884 : 31C7 F0F2           		move.w	d7,(RAM_VdpRegSet1).w
(1)  720/     888 : 33C7 00C0 0004      		move.w	d7,(vdp_ctrl).l
(1)  721/     88E : 3E38 F0F0           		move.w	(RAM_VdpRegSet0).w,d7
(1)  722/     892 : 3C00                		move.w	d0,d6
(1)  723/     894 : 0246 0002           		andi.w	#%10,d6			; %-H-
(1)  724/     898 : E74E                		lsl.w	#3,d6
(1)  725/     89A : 8E46                		or.w	d6,d7
(1)  726/     89C : 31C7 F0F0           		move.w	d7,(RAM_VdpRegSet0).w
(1)  727/     8A0 : 33C7 00C0 0004      		move.w	d7,(vdp_ctrl).l
(1)  728/     8A6 : 3E38 F0F4           		move.w	(RAM_VdpRegSetB).w,d7
(1)  729/     8AA : 3C00                		move.w	d0,d6			; %E--
(1)  730/     8AC : 0246 0004           		andi.w	#%100,d6
(1)  731/     8B0 : DC46                		add.w	d6,d6
(1)  732/     8B2 : 8E46                		or.w	d6,d7
(1)  733/     8B4 : 31C7 F0F4           		move.w	d7,(RAM_VdpRegSetB).w
(1)  734/     8B8 : 33C7 00C0 0004      		move.w	d7,(vdp_ctrl).l
(1)  735/     8BE : 4C9F 00C0           		movem.w	(sp)+,d6-d7
(1)  736/     8C2 : 4E75                		rts
(1)  737/     8C4 :                     
(1)  738/     8C4 :                     ; --------------------------------------------------------
(1)  739/     8C4 :                     ; Video_Resolution
(1)  740/     8C4 :                     ;
(1)  741/     8C4 :                     ; Set VDP Video resolution
(1)  742/     8C4 :                     ;
(1)  743/     8C4 :                     ; Input:
(1)  744/     8C4 :                     ; d0.b | Vertical and Horizontal modes:
(1)  745/     8C4 :                     ;      | %0000iivh
(1)  746/     8C4 :                     ;      |     h: Horizontal 256/320
(1)  747/     8C4 :                     ;      |     v: Vertical 224/240 (PAL ONLY)
(1)  748/     8C4 :                     ;      |    ii: Interlace mode
(1)  749/     8C4 :                     ;      | 	%00 - None
(1)  750/     8C4 :                     ;      | 	%01 - Enable
(1)  751/     8C4 :                     ;      | 	%10 - INVALID
(1)  752/     8C4 :                     ;      | 	%11 - Double (Vertical 448/480)
(1)  753/     8C4 :                     ; --------------------------------------------------------
(1)  754/     8C4 :                     
(1)  755/     8C4 :                     Video_Resolution:
(1)  756/     8C4 : 48A7 0300           		movem.w	d6-d7,-(sp)
(1)  757/     8C8 : 3E38 F0F2           		move.w	(RAM_VdpRegSet1).w,d7
(1)  758/     8CC : 0207 00F7           		andi.b	#%11110111,d7
(1)  759/     8D0 : 3C00                		move.w	d0,d6
(1)  760/     8D2 : CC7C 0002           		and.w	#%0010,d6
(1)  761/     8D6 : E54E                		lsl.w	#2,d6
(1)  762/     8D8 : 8E46                		or.w	d6,d7
(1)  763/     8DA : 33C7 00C0 0004      		move.w	d7,(vdp_ctrl).l
(1)  764/     8E0 : 31C7 F0F2           		move.w	d7,(RAM_VdpRegSet1).w
(1)  765/     8E4 : 3E38 F0F6           		move.w	(RAM_VdpRegSetC).w,d7
(1)  766/     8E8 : 0207 0078           		andi.b	#%01111000,d7
(1)  767/     8EC : 3C00                		move.w	d0,d6
(1)  768/     8EE : CC7C 0001           		and.w	#%0001,d6
(1)  769/     8F2 : 6704                		beq.s	.ex_bit
(1)  770/     8F4 : 8C7C 0081           		or.w	#%10000001,d6
(1)  771/     8F8 :                     .ex_bit:
(1)  772/     8F8 : 8E46                		or.w	d6,d7
(1)  773/     8FA : 3C00                		move.w	d0,d6
(1)  774/     8FC : 0246 000C           		andi.w	#%1100,d6
(1)  775/     900 : E24E                		lsr.w	#1,d6
(1)  776/     902 : 8E46                		or.w	d6,d7
(1)  777/     904 : 33C7 00C0 0004      		move.w	d7,(vdp_ctrl).l
(1)  778/     90A : 31C7 F0F6           		move.w	d7,(RAM_VdpRegSetC).w
(1)  779/     90E : 4C9F 00C0           		movem.w	(sp)+,d6-d7
(1)  780/     912 : 4E75                		rts
(1)  781/     914 :                     
(1)  782/     914 :                     ; --------------------------------------------------------
(1)  783/     914 :                     ; Video_UpdMapVram, Video_UpdSprHVram
(1)  784/     914 :                     ;
(1)  785/     914 :                     ; Update VRAM locations for FG, BG, Window and
(1)  786/     914 :                     ; the Horizontal scroll to VDP
(1)  787/     914 :                     ; --------------------------------------------------------
(1)  788/     914 :                     
(1)  789/     914 :                     Video_UpdMapVram:
(1)  790/     914 : 48A7 0300           		movem.w	d6-d7,-(sp)
(1)  791/     918 : 3E3C 8200           		move.w	#$8200,d7
(1)  792/     91C : 3C38 F0E4           		move.w	(RAM_VdpVramFG).w,d6
(1)  793/     920 : E04E                		lsr.w	#8,d6
(1)  794/     922 : E44E                		lsr.w	#2,d6
(1)  795/     924 : 0246 0038           		andi.w	#%00111000,d6
(1)  796/     928 : 8E46                		or.w	d6,d7
(1)  797/     92A : 33C7 00C0 0004      		move.w	d7,(vdp_ctrl).l
(1)  798/     930 : 3E3C 8300           		move.w	#$8300,d7
(1)  799/     934 : 3C38 F0E8           		move.w	(RAM_VdpVramWD).w,d6
(1)  800/     938 : E04E                		lsr.w	#8,d6
(1)  801/     93A : E44E                		lsr.w	#2,d6
(1)  802/     93C : 0246 003E           		andi.w	#%00111110,d6
(1)  803/     940 : 8E46                		or.w	d6,d7
(1)  804/     942 : 33C7 00C0 0004      		move.w	d7,(vdp_ctrl).l
(1)  805/     948 : 3E3C 8400           		move.w	#$8400,d7
(1)  806/     94C : 3C38 F0E6           		move.w	(RAM_VdpVramBG).w,d6
(1)  807/     950 : E04E                		lsr.w	#8,d6
(1)  808/     952 : EA4E                		lsr.w	#5,d6
(1)  809/     954 : 0246 0007           		andi.w	#%00000111,d6
(1)  810/     958 : 8E46                		or.w	d6,d7
(1)  811/     95A : 33C7 00C0 0004      		move.w	d7,(vdp_ctrl).l
(1)  812/     960 : 4C9F 00C0           		movem.w	(sp)+,d6-d7
(1)  813/     964 : 4E75                		rts
(1)  814/     966 :                     Video_UpdSprHVram:
(1)  815/     966 : 48E7 0300           		movem.l	d6-d7,-(sp)
(1)  816/     96A : 3E3C 8500           		move.w	#$8500,d7
(1)  817/     96E : 3C38 F0EA           		move.w	(RAM_VdpVramSpr).w,d6
(1)  818/     972 : E04E                		lsr.w	#8,d6
(1)  819/     974 : E24E                		lsr.w	#1,d6
(1)  820/     976 : 0246 007F           		andi.w	#%01111111,d6
(1)  821/     97A : 8E46                		or.w	d6,d7
(1)  822/     97C : 33C7 00C0 0004      		move.w	d7,(vdp_ctrl).l
(1)  823/     982 : 3E3C 8D00           		move.w	#$8D00,d7
(1)  824/     986 : 3C38 F0EC           		move.w	(RAM_VdpVramHScrl).w,d6
(1)  825/     98A : E04E                		lsr.w	#8,d6
(1)  826/     98C : E44E                		lsr.w	#2,d6
(1)  827/     98E : 0246 003F           		andi.w	#%00111111,d6
(1)  828/     992 : 8E46                		or.w	d6,d7
(1)  829/     994 : 33C7 00C0 0004      		move.w	d7,(vdp_ctrl).l
(1)  830/     99A : 4CDF 00C0           		movem.l	(sp)+,d6-d7
(1)  831/     99E : 4E75                		rts
(1)  832/     9A0 :                     
(1)  833/     9A0 :                     ; --------------------------------------------------------
(1)  834/     9A0 :                     ; Video_SetMapSize
(1)  835/     9A0 :                     ;
(1)  836/     9A0 :                     ; Set MAP size to FG and BG
(1)  837/     9A0 :                     ;
(1)  838/     9A0 :                     ; Input:
(1)  839/     9A0 :                     ; d0.b | Map size:
(1)  840/     9A0 :                     ;      | %0000vvhh
(1)  841/     9A0 :                     ;      |     vv and hh:
(1)  842/     9A0 :                     ;      | 	%00 - 32
(1)  843/     9A0 :                     ;      | 	%01 - 64
(1)  844/     9A0 :                     ;      | 	%10 - INVALID
(1)  845/     9A0 :                     ;      | 	%11 - 128
(1)  846/     9A0 :                     ; --------------------------------------------------------
(1)  847/     9A0 :                     
(1)  848/     9A0 :                     Video_SetMapSize:
(1)  849/     9A0 : 48A7 0300           		movem.w	d6-d7,-(sp)
(1)  850/     9A4 : 3E00                		move.w	d0,d7
(1)  851/     9A6 : 0247 000F           		andi.w	#%1111,d7
(1)  852/     9AA : DE47                		add.w	d7,d7
(1)  853/     9AC : 3E3B 7026           		move.w	.size_tbl(pc,d7.w),d7
(1)  854/     9B0 : 31C7 F0EE           		move.w	d7,(RAM_VdpMapSize).w
(1)  855/     9B4 : 3E00                		move.w	d0,d7
(1)  856/     9B6 : 3C07                		move.w	d7,d6
(1)  857/     9B8 : 0247 0003           		andi.w	#%0011,d7
(1)  858/     9BC : 0246 000C           		andi.w	#%1100,d6
(1)  859/     9C0 : E54E                		lsl.w	#2,d6
(1)  860/     9C2 : 8E7C 9000           		or.w	#$9000,d7
(1)  861/     9C6 : 8E46                		or.w	d6,d7
(1)  862/     9C8 : 33C7 00C0 0004      		move.w	d7,(vdp_ctrl).l
(1)  863/     9CE : 4C9F 00C0           		movem.w	(sp)+,d6-d7
(1)  864/     9D2 : 4E75                		rts
(1)  865/     9D4 :                     .size_tbl:
(1)  866/     9D4 : 0800 1000 1800      		dc.w $0800,$1000,$1800,$2000
              9DA : 2000             
(1)  867/     9DC : 1000 2000 3000      		dc.w $1000,$2000,$3000,$4000
              9E2 : 4000             
(1)  868/     9E4 : 1800 3000 4800      		dc.w $1800,$3000,$4800,$6000
              9EA : 6000             
(1)  869/     9EC : 2000 4000 6000      		dc.w $2000,$4000,$6000,$8000
              9F2 : 8000             
(1)  870/     9F4 :                     
(1)  871/     9F4 :                     ; --------------------------------------------------------
(1)  872/     9F4 :                     ; Video_LoadArt
(1)  873/     9F4 :                     ;
(1)  874/     9F4 :                     ; Loads VDP graphics using DMA
(1)  875/     9F4 :                     ;
(1)  876/     9F4 :                     ; Input:
(1)  877/     9F4 :                     ; d0.l | Graphics data (NOT a0)
(1)  878/     9F4 :                     ; d1.w | VRAM location: cell_num(vram_pos)
(1)  879/     9F4 :                     ; d2.w | Size:          cell_num(size)
(1)  880/     9F4 :                     ;
(1)  881/     9F4 :                     ; Notes:
(1)  882/     9F4 :                     ; - For a faster load, call this during VBlank or
(1)  883/     9F4 :                     ;   disable VDP Display temporally.
(1)  884/     9F4 :                     ;
(1)  885/     9F4 :                     ; * 32X Cartridge ONLY:
(1)  886/     9F4 :                     ; - This sets RV bit, make sure your code is
(1)  887/     9F4 :                     ;   running on RAM (already doing here) and the
(1)  888/     9F4 :                     ;   SH2 is not reading from it's ROM area CS1
(1)  889/     9F4 :                     ; --------------------------------------------------------
(1)  890/     9F4 :                     
(1)  891/     9F4 :                     Video_LoadArt:
(1)  892/     9F4 : 48E7 0F02           		movem.l	d4-d7/a6,-(sp)
(1)  893/     9F8 : 2E00                		move.l	d0,d7
(1)  894/     9FA : 0287 00FF 0000      		andi.l	#$FF0000,d7
(1)  895/     A00 : BEBC 00FF 0000      		cmp.l	#$FF0000,d7
(1)  896/     A06 : 6736                		beq.s	.normal
(1)  897/     A08 : 2A00                		move.l	d0,d5
(1)  898/     A0A : DA42                		add.w	d2,d5
(1)  899/     A0C : 6430                		bcc.s	.normal
(1)  900/     A0E : 2A00                		move.l	d0,d5		; <-- DOUBLE TRANSFER
(1)  901/     A10 : 3C01                		move.w	d1,d6
(1)  902/     A12 : 2E05                		move.l	d5,d7		; Top
(1)  903/     A14 : 0687 0001 0000      		addi.l	#$010000,d7
(1)  904/     A1A : 0287 00FF 0000      		andi.l	#$FF0000,d7
(1)  905/     A20 : 9E80                		sub.l	d0,d7
(1)  906/     A22 : 6128                		bsr.s	.mk_set
(1)  907/     A24 : 2A00                		move.l	d0,d5		; Bottom
(1)  908/     A26 : 0685 0001 0000      		addi.l	#$010000,d5
(1)  909/     A2C : 0285 00FF 0000      		andi.l	#$FF0000,d5
(1)  910/     A32 : 2C05                		move.l	d5,d6
(1)  911/     A34 : 9C80                		sub.l	d0,d6
(1)  912/     A36 : 3E02                		move.w	d2,d7
(1)  913/     A38 : 9E46                		sub.w	d6,d7
(1)  914/     A3A : DC41                		add.w	d1,d6
(1)  915/     A3C : 6006                		bra.s	.last_set
(1)  916/     A3E :                     .normal:
(1)  917/     A3E : 2A00                		move.l	d0,d5
(1)  918/     A40 : 3C01                		move.w	d1,d6
(1)  919/     A42 : 3E02                		move.w	d2,d7
(1)  920/     A44 :                     .last_set:
(1)  921/     A44 : 6106                		bsr.s	.mk_set
(1)  922/     A46 : 4CDF 40F0           		movem.l	(sp)+,d4-d7/a6
(1)  923/     A4A : 4E75                		rts
(1)  924/     A4C :                     
(1)  925/     A4C :                     ; d7 - size
(1)  926/     A4C :                     ; d6 - vram
(1)  927/     A4C :                     ; d5 - data
(1)  928/     A4C :                     .mk_set:
(1)  929/     A4C : 0285 00FF FFFF        		andi.l	#$FFFFFF,d5
(1)  930/     A52 : 0287 0000 FFFE      		andi.l	#$0000FFFE,d7
(1)  931/     A58 : 6734                		beq.s	.bad_size
(1)  932/     A5A : 4846                		swap	d6
(1)  933/     A5C : 4845                		swap	d5
(1)  934/     A5E : 3C05                		move.w	d5,d6
(1)  935/     A60 : 4845                		swap	d5
(1)  944/     A62 : 4DF9 00C0 0004      		lea	(vdp_ctrl).l,a6
(1)  945/     A68 : 2F07                		move.l	d7,-(sp)		; <--
(1)  946/     A6A : 6100 FDE2           		bsr	Video_DmaOn
(1)  947/     A6E : 2E1F                		move.l	(sp)+,d7
(1)  948/     A70 : 0246 00FF           		andi.w	#$FF,d6
(1)  949/     A74 : BC3C 00FF           		cmp.b	#$FF,d6
(1)  950/     A78 : 6716                		beq.s	.ram_write
(1)  951/     A7A : 4846                		swap	d6
(1)  952/     A7C : 6126                		bsr.s	.shared_setup
(1)  953/     A7E : 6100 0BBA           		bsr	System_DmaEnter_ROM
(1)  954/     A82 : 3C86                		move.w	d6,(a6)			; First write
(1)  955/     A84 : 3C87                		move.w	d7,(a6)			; Second write
(1)  956/     A86 : 6100 0BB6           		bsr	System_DmaExit_ROM
(1)  957/     A8A : 6100 FDCE           		bsr	Video_DmaOff
(1)  958/     A8E :                     	; Word-RAM patch
(1)  979/     A8E :                     .bad_size:
(1)  980/     A8E : 4E75                		rts
(1)  981/     A90 :                     
(1)  982/     A90 :                     ; --------------------------------------------------------
(1)  983/     A90 :                     
(1)  984/     A90 :                     .ram_write:
(1)  985/     A90 : 4846                		swap	d6
(1)  986/     A92 : 6110                		bsr.s	.shared_setup
(1)  987/     A94 : 6100 0BAA           		bsr	System_DmaEnter_RAM
(1)  988/     A98 : 3C86                		move.w	d6,(a6)			; First write
(1)  989/     A9A : 3C87                		move.w	d7,(a6)			; Second write
(1)  990/     A9C : 6100 0BA6           		bsr	System_DmaExit_RAM
(1)  991/     AA0 : 6000 FDB8           		bra	Video_DmaOff
(1)  992/     AA4 :                     
(1)  993/     AA4 :                     ; --------------------------------------------------------
(1)  994/     AA4 :                     
(1)  995/     AA4 :                     .shared_setup:
(1)  996/     AA4 : EF8F                		lsl.l	#7,d7
(1)  997/     AA6 : E04F                		lsr.w	#8,d7
(1)  998/     AA8 : 0087 9400 9300      		ori.l	#$94009300,d7
(1)  999/     AAE : 2C87                		move.l	d7,(a6)
(1) 1000/     AB0 : E28D                  		lsr.l	#1,d5			; d5 - Source
(1) 1001/     AB2 : 2E3C 9600 9500       		move.l	#$96009500,d7
(1) 1002/     AB8 : 1E05                 		move.b	d5,d7
(1) 1003/     ABA : E08D                 		lsr.l	#8,d5
(1) 1004/     ABC : 4847                 		swap	d7
(1) 1005/     ABE : 1E05                 		move.b	d5,d7
(1) 1006/     AC0 : 2C87                 		move.l	d7,(a6)
(1) 1007/     AC2 : 3E3C 9700            		move.w	#$9700,d7
(1) 1008/     AC6 : E08D                 		lsr.l	#8,d5
(1) 1009/     AC8 : 1E05                 		move.b	d5,d7
(1) 1010/     ACA : 3C87                 		move.w	d7,(a6)
(1) 1011/     ACC : 3E06                		move.w	d6,d7			; Destination
(1) 1012/     ACE : 0286 0000 3FFF      		andi.l	#$3FFF,d6
(1) 1013/     AD4 : 0046 4000           		ori.w	#$4000,d6
(1) 1014/     AD8 : E04F                		lsr.w	#8,d7
(1) 1015/     ADA : EC4F                		lsr.w	#6,d7
(1) 1016/     ADC : 0247 0003           		andi.w	#%11,d7
(1) 1017/     AE0 : 0047 0080           		ori.w	#$80,d7
(1) 1018/     AE4 : 4E75                		rts
(1) 1019/     AE6 :                     
(1) 1020/     AE6 :                     ; --------------------------------------------------------
(1) 1021/     AE6 :                     ; Video_LoadArt_List
(1) 1022/     AE6 :                     ;
(1) 1023/     AE6 :                     ; Loads VDP graphics on bulk
(1) 1024/     AE6 :                     ;
(1) 1025/     AE6 :                     ; Input:
(1) 1026/     AE6 :                     ; a0 | List of graphics to load:
(1) 1027/     AE6 :                     ;        dc.w numof_entries
(1) 1028/     AE6 :                     ;        dc.l ART_DATA
(1) 1029/     AE6 :                     ;        dc.w cell_num(vram_pos)
(1) 1030/     AE6 :                     ;        dc.w ART_DATA_end-ART_DATA OR cell_num(size)
(1) 1031/     AE6 :                     ;        ; ...more entries
(1) 1032/     AE6 :                     ;
(1) 1033/     AE6 :                     ; Note:
(1) 1034/     AE6 :                     ; CPU heavy.
(1) 1035/     AE6 :                     ; --------------------------------------------------------
(1) 1036/     AE6 :                     
(1) 1037/     AE6 :                     Video_LoadArt_List:
(1) 1038/     AE6 : 48E7 E100           		movem.l	d0-d2/d7,-(sp)
(1) 1039/     AEA : 3E18                		move.w	(a0)+,d7
(1) 1040/     AEC : 6712                		beq.s	.invalid
(1) 1041/     AEE : 6B10                		bmi.s	.invalid
(1) 1042/     AF0 : 5347                		subq.w	#1,d7
(1) 1043/     AF2 :                     .next_one:
(1) 1044/     AF2 : 2018                		move.l	(a0)+,d0
(1) 1045/     AF4 : 3218                		move.w	(a0)+,d1
(1) 1046/     AF6 : 3418                		move.w	(a0)+,d2
(1) 1047/     AF8 : 6100 FEFA           		bsr	Video_LoadArt
(1) 1048/     AFC : 51CF FFF4           		dbf	d7,.next_one
(1) 1049/     B00 :                     .invalid:
(1) 1050/     B00 : 4CDF 0087           		movem.l	(sp)+,d0-d2/d7
(1) 1051/     B04 : 4E75                		rts
(1) 1052/     B06 :                     
(1) 1053/     B06 :                     ; --------------------------------------------------------
(1) 1054/     B06 :                     ; Video_Fill
(1) 1055/     B06 :                     ;
(1) 1056/     B06 :                     ; Fill data to VRAM
(1) 1057/     B06 :                     ;
(1) 1058/     B06 :                     ; Input:
(1) 1059/     B06 :                     ; d0.b | BYTE to fill
(1) 1060/     B06 :                     ; d1.w | VRAM destination: cell_num(dest)
(1) 1061/     B06 :                     ; d2.w | Size:             cell_num(size)
(1) 1062/     B06 :                     ;
(1) 1063/     B06 :                     ; Notes:
(1) 1064/     B06 :                     ; - FILL writes in this order: $56781234, Size $0001 is
(1) 1065/     B06 :                     ;   invalid.
(1) 1066/     B06 :                     ; --------------------------------------------------------
(1) 1067/     B06 :                     
(1) 1068/     B06 :                     ; Video_Fill_Incr:
(1) 1069/     B06 :                     ; 		movem.l	d6-d7/a6,-(sp)
(1) 1070/     B06 :                     ; 		move.w	d3,d6
(1) 1071/     B06 :                     ; 		bra.s	vid_FillGo
(1) 1072/     B06 :                     Video_Fill:
(1) 1073/     B06 : 48E7 0302           		movem.l	d6-d7/a6,-(sp)
(1) 1074/     B0A : 3C3C 0001           		move.w	#1,d6
(1) 1075/     B0E :                     vid_FillGo:
(1) 1076/     B0E : 4DF9 00C0 0004      		lea	(vdp_ctrl).l,a6
(1) 1077/     B14 : 3E16                .dmaw:		move.w	(a6),d7
(1) 1078/     B16 : 0807 0001           		btst	#bitDma,d7
(1) 1079/     B1A : 66F8                		bne.s	.dmaw
(1) 1080/     B1C : 6100 FD30           		bsr	Video_DmaOn
(1) 1081/     B20 : 0246 00FF           		andi.w	#$FF,d6
(1) 1082/     B24 : 8C7C 8F00           		or.w	#$8F00,d6
(1) 1083/     B28 : 3C86                		move.w	d6,(a6)		; Set increment to $01
(1) 1084/     B2A : 3E02                		move.w	d2,d7		; d2 - Size
(1) 1085/     B2C : 0447 0001           		subi.w	#1,d7
(1) 1086/     B30 : 2C3C 9400 9300      		move.l	#$94009300,d6
(1) 1087/     B36 : 1C07                		move.b	d7,d6
(1) 1088/     B38 : 4846                		swap	d6
(1) 1089/     B3A : E04F                		lsr.w	#8,d7
(1) 1090/     B3C : 1C07                		move.b	d7,d6
(1) 1091/     B3E : 4846                		swap	d6
(1) 1092/     B40 : 2C86                		move.l	d6,(a6)
(1) 1093/     B42 : 3CBC 9780           		move.w	#$9780,(a6)	; DMA Fill mode
(1) 1094/     B46 : 3E01                		move.w	d1,d7		; d1 - Destination
(1) 1095/     B48 : 3C01                		move.w	d1,d6
(1) 1096/     B4A : 0246 3FFF           		andi.w	#$3FFF,d6
(1) 1097/     B4E : 0046 4000           		ori.w	#$4000,d6
(1) 1098/     B52 : 4846                		swap	d6
(1) 1099/     B54 : 3C07                		move.w	d7,d6
(1) 1100/     B56 : E04E                		lsr.w	#8,d6
(1) 1101/     B58 : EC4E                		lsr.w	#6,d6
(1) 1102/     B5A : 0246 0003           		andi.w	#%11,d6
(1) 1103/     B5E : 0046 0080           		ori.w	#$80,d6
(1) 1104/     B62 : 2C86                		move.l	d6,(a6)
(1) 1105/     B64 : 3D40 FFFC           		move.w	d0,-4(a6)
(1) 1106/     B68 : 3E16                .dma_w:		move.w	(a6),d7
(1) 1107/     B6A : 0807 0001           		btst	#bitDma,d7
(1) 1108/     B6E : 66F8                		bne.s	.dma_w
(1) 1109/     B70 : 3CBC 8F02           		move.w	#$8F02,(a6)
(1) 1110/     B74 : 6100 FCE4           		bsr	Video_DmaOff
(1) 1111/     B78 : 4CDF 40C0           		movem.l	(sp)+,d6-d7/a6
(1) 1112/     B7C : 4E75                		rts
(1) 1113/     B7E :                     
(1) 1114/     B7E :                     ; --------------------------------------------------------
(1) 1115/     B7E :                     ; Video_Copy
(1) 1116/     B7E :                     ;
(1) 1117/     B7E :                     ; Copy VRAM data to another location inside VRAM
(1) 1118/     B7E :                     ;
(1) 1119/     B7E :                     ; Input:
(1) 1120/     B7E :                     ; d0.w | VRAM Source:      cell_num(src)
(1) 1121/     B7E :                     ; d1.w | VRAM Destination: cell_num(dest)
(1) 1122/     B7E :                     ; d2.w | Size
(1) 1123/     B7E :                     ; --------------------------------------------------------
(1) 1124/     B7E :                     
(1) 1125/     B7E :                     Video_Copy:
(1) 1126/     B7E : 48E7 0302           		movem.l	d6-d7/a6,-(sp)
(1) 1127/     B82 : 4DF9 00C0 0004      		lea	(vdp_ctrl).l,a6
(1) 1128/     B88 : 3E16                .dmaw:		move.w	(a6),d7
(1) 1129/     B8A : 0807 0001           		btst	#bitDma,d7
(1) 1130/     B8E : 66F8                		bne.s	.dmaw
(1) 1131/     B90 : 6100 FCBC           		bsr	Video_DmaOn
(1) 1132/     B94 : 3CBC 8F01           		move.w	#$8F01,(a6)		; Increment $01
(1) 1133/     B98 : 3E02                		move.w	d2,d7			; SIZE
(1) 1134/     B9A : 2C3C 9400 9300      		move.l	#$94009300,d6
(1) 1135/     BA0 : 1C07                		move.b	d7,d6
(1) 1136/     BA2 : 4846                		swap	d6
(1) 1137/     BA4 : E04F                		lsr.w	#8,d7
(1) 1138/     BA6 : 1C07                		move.b	d7,d6
(1) 1139/     BA8 : 4846                		swap	d6
(1) 1140/     BAA : 2C86                		move.l	d6,(a6)
(1) 1141/     BAC : 2C3C 9600 9500      		move.l	#$96009500,d6		; SOURCE
(1) 1142/     BB2 : 3E00                		move.w	d0,d7
(1) 1143/     BB4 : 1C07                		move.b	d7,d6
(1) 1144/     BB6 : 4846                		swap	d6
(1) 1145/     BB8 : E04F                		lsr.w	#8,d7
(1) 1146/     BBA : 1C07                		move.b	d7,d6
(1) 1147/     BBC : 2C86                		move.l	d6,(a6)
(1) 1148/     BBE : 3CBC 97C0           		move.w	#$97C0,(a6)		; DMA Copy mode
(1) 1149/     BC2 : 2E01                		move.l	d1,d7			; DESTINATION
(1) 1150/     BC4 : 3C07                		move.w	d7,d6
(1) 1151/     BC6 : 0246 3FFF           		andi.w	#$3FFF,d6
(1) 1152/     BCA : 0046 4000           		ori.w	#$4000,d6
(1) 1153/     BCE : 4846                		swap	d6
(1) 1154/     BD0 : 3C07                		move.w	d7,d6
(1) 1155/     BD2 : E04E                		lsr.w	#8,d6
(1) 1156/     BD4 : EC4E                		lsr.w	#6,d6
(1) 1157/     BD6 : 0246 0003           		andi.w	#%11,d6
(1) 1158/     BDA : 0046 00C0           		ori.w	#$C0,d6
(1) 1159/     BDE : 2C86                		move.l	d6,(a6)
(1) 1160/     BE0 : 3D41 FFFC           		move.w	d1,-4(a6)
(1) 1161/     BE4 : 3E16                .dma_w:		move.w	(a6),d7
(1) 1162/     BE6 : 0807 0001           		btst	#bitDma,d7
(1) 1163/     BEA : 66F8                		bne.s	.dma_w
(1) 1164/     BEC : 3CBC 8F02           		move.w	#$8F02,(a6)		; Increment $02
(1) 1165/     BF0 : 6100 FC68           		bsr	Video_DmaOff
(1) 1166/     BF4 : 4CDF 40C0           		movem.l	(sp)+,d6-d7/a6
(1) 1167/     BF8 : 4E75                		rts
(1) 1168/     BFA :                     
(1) 1169/     BFA :                     ; --------------------------------------------------------
(1) 1170/     BFA :                     ; Video_MakeDmaEntry
(1) 1171/     BFA :                     ;
(1) 1172/     BFA :                     ; Makes a new entry to the DMA BLAST list
(1) 1173/     BFA :                     ; to be processed on the next VBlank
(1) 1174/     BFA :                     ;
(1) 1175/     BFA :                     ; Input:
(1) 1176/     BFA :                     ; d0.l | Graphics data location
(1) 1177/     BFA :                     ; d1.w | VRAM location: cell_num(vram_pos)
(1) 1178/     BFA :                     ; d2.w | Size
(1) 1179/     BFA :                     ;
(1) 1180/     BFA :                     ; Notes:
(1) 1181/     BFA :                     ; - Call this during DISPLAY only
(1) 1182/     BFA :                     ; - For loading graphics quickly use Video_LoadArt
(1) 1183/     BFA :                     ;
(1) 1184/     BFA :                     ; * SCD/CD32X ONLY:
(1) 1185/     BFA :                     ; - The 4-pixel patch is ALWAYS applied even
(1) 1186/     BFA :                     ;   if not reading from WORD-RAM
(1) 1187/     BFA :                     ; --------------------------------------------------------
(1) 1188/     BFA :                     
(1) 1189/     BFA :                     Video_MakeDmaEntry:
(1) 1190/     BFA : 48E7 0702           		movem.l	d5-d7/a6,-(sp)
(1) 1191/     BFE : 2E00                		move.l	d0,d7
(1) 1192/     C00 : 0287 00FF 0000      		andi.l	#$FF0000,d7
(1) 1193/     C06 : BEBC 00FF 0000      		cmp.l	#$FF0000,d7
(1) 1194/     C0C : 6736                		beq.s	.normal
(1) 1195/     C0E : 2A00                		move.l	d0,d5
(1) 1196/     C10 : DA42                		add.w	d2,d5
(1) 1197/     C12 : 6430                		bcc.s	.normal
(1) 1198/     C14 : 2A00                		move.l	d0,d5		; d5 - TOP point
(1) 1199/     C16 : 3C01                		move.w	d1,d6		; d6 - VRAM position
(1) 1200/     C18 : 2E05                		move.l	d5,d7
(1) 1201/     C1A : 0287 00FF 0000      		andi.l	#$FF0000,d7
(1) 1202/     C20 : 0687 0001 0000      		addi.l	#$010000,d7
(1) 1203/     C26 : 9E80                		sub.l	d0,d7		; d7 - TOP Size
(1) 1204/     C28 : 6128                		bsr.s	.mk_set
(1) 1205/     C2A : 2A00                		move.l	d0,d5		; d5 - BOTTOM point
(1) 1206/     C2C : 0685 0001 0000      		addi.l	#$010000,d5
(1) 1207/     C32 : 0285 00FF 0000      		andi.l	#$FF0000,d5
(1) 1208/     C38 : 2C05                		move.l	d5,d6
(1) 1209/     C3A : 9C80                		sub.l	d0,d6
(1) 1210/     C3C : 3E02                		move.w	d2,d7
(1) 1211/     C3E : 9E46                		sub.w	d6,d7
(1) 1212/     C40 : DC41                		add.w	d1,d6
(1) 1213/     C42 : 6006                		bra.s	.last_set
(1) 1214/     C44 :                     .normal:
(1) 1215/     C44 : 2A00                		move.l	d0,d5
(1) 1216/     C46 : 3C01                		move.w	d1,d6
(1) 1217/     C48 : 3E02                		move.w	d2,d7
(1) 1218/     C4A :                     .last_set:
(1) 1219/     C4A : 6106                		bsr.s	.mk_set
(1) 1220/     C4C : 4CDF 40E0           		movem.l	(sp)+,d5-d7/a6
(1) 1221/     C50 : 4E75                		rts
(1) 1222/     C52 :                     
(1) 1223/     C52 :                     ; d7 - size
(1) 1224/     C52 :                     ; d6 - vram
(1) 1225/     C52 :                     ; d5 - data
(1) 1226/     C52 :                     .mk_set:
(1) 1227/     C52 : 0285 00FF FFFF        		andi.l	#$FFFFFF,d5
(1) 1228/     C58 : 4847                		swap	d7
(1) 1229/     C5A : 3E38 EF50           		move.w	(RAM_VdpDmaIndx).w,d7
(1) 1230/     C5E : 0C47 0018           		cmpi.w	#MAX_MDDMATSK,d7
(1) 1231/     C62 : 6C5A                		bge	.ran_out
(1) 1232/     C64 : E94F                		lsl.w	#4,d7			; Size $10
(1) 1233/     C66 : 4DF8 EF5C           		lea	(RAM_VdpDmaList).w,a6
(1) 1234/     C6A : DCC7                		adda	d7,a6
(1) 1235/     C6C : 4847                		swap	d7
(1) 1236/     C6E : 0287 0000 FFFE      		andi.l	#$0000FFFE,d7		; d7 - Size
(1) 1237/     C74 : 6748                		beq.s	.ran_out		; If == 0, bad
(1) 1238/     C76 : 4A47                		tst.w	d7
(1) 1239/     C78 : 6B44                		bmi.s	.ran_out		; If negative, bad
(1) 1240/     C7A : 31FC 0001 EF52      		move.w	#1,(RAM_VdpDmaMod).w
(1) 1241/     C80 : 5278 EF50           		addq.w	#1,(RAM_VdpDmaIndx).w
(1) 1242/     C84 : E24F                		lsr.w	#1,d7
(1) 1243/     C86 : 0F8E 0001           		movep.w	d7,1(a6)
(1) 1253/     C8A : E28D                  		lsr.l	#1,d5			; d5 - Source
(1) 1254/     C8C : 2E05                  		move.l	d5,d7
(1) 1255/     C8E : 4847                  		swap	d7
(1) 1256/     C90 : 0B8E 0005            		movep.w	d5,5(a6)
(1) 1257/     C94 : 1D47 0009            		move.b	d7,9(a6)
(1) 1258/     C98 : 3E06                		move.w	d6,d7			; Destination
(1) 1259/     C9A : 0286 0000 3FFF      		andi.l	#$3FFF,d6
(1) 1260/     CA0 : 0046 4000           		ori.w	#$4000,d6
(1) 1261/     CA4 : E04F                		lsr.w	#8,d7
(1) 1262/     CA6 : EC4F                		lsr.w	#6,d7
(1) 1263/     CA8 : 0247 0003           		andi.w	#%11,d7
(1) 1264/     CAC : 0047 0080           		ori.w	#$80,d7
(1) 1265/     CB0 : 3D46 000A           		move.w	d6,$A(a6)
(1) 1266/     CB4 : 3D47 000C           		move.w	d7,$C(a6)
(1) 1274/     CB8 : 31FC 0000 EF52      		move.w	#0,(RAM_VdpDmaMod).w
(1) 1275/     CBE :                     .ran_out:
(1) 1276/     CBE : 4E75                		rts
(1) 1277/     CC0 :                     
(1) 1278/     CC0 :                     ; ====================================================================
(1) 1279/     CC0 :                     ; --------------------------------------------------------
(1) 1280/     CC0 :                     ; Video_LoadMap, Video_LoadMapV
(1) 1281/     CC0 :                     ;
(1) 1282/     CC0 :                     ; Write map data to VDP
(1) 1283/     CC0 :                     ;
(1) 1284/     CC0 :                     ; _LoadMap:  Left to Right / Top to Bottom
(1) 1285/     CC0 :                     ; _LoadMapV: Top to Bottom / Left to Right, double-res safe
(1) 1286/     CC0 :                     ;
(1) 1287/     CC0 :                     ; Input:
(1) 1288/     CC0 :                     ; a0   | Map data
(1) 1289/     CC0 :                     ; d0.l | X/Y Position: splitw(x_pos,y_pos)
(1) 1290/     CC0 :                     ; d1.l | Width/Height: splitw(width/8,height/8)
(1) 1291/     CC0 :                     ; d2.l | Screen Width/VRAM location:
(1) 1292/     CC0 :                     ;        splitw(sw_size,vram_map_loc)
(1) 1293/     CC0 :                     ; d3.w | VRAM-cell increment
(1) 1294/     CC0 :                     ;
(1) 1295/     CC0 :                     ; Notes:
(1) 1296/     CC0 :                     ; - Data starts from 0, tile $FFFF(-1) is
(1) 1297/     CC0 :                     ;   used to place the BLANK tile (see SET_NullVram)
(1) 1298/     CC0 :                     ; - SCD/CD32X NOTE:
(1) 1299/     CC0 :                     ;   For making the dot-screen map for
(1) 1300/     CC0 :                     ;   the Stamps use Video_MdMcd_StampDotMap
(1) 1301/     CC0 :                     ; --------------------------------------------------------
(1) 1302/     CC0 :                     
(1) 1303/     CC0 :                     Video_LoadMap:
(1) 1304/     CC0 : 48E7 0F0E           		movem.l	d4-d7/a4-a6,-(sp)
(1) 1305/     CC4 : 4DF9 00C0 0000      		lea	(vdp_data).l,a6
(1) 1306/     CCA :                     
(1) 1307/     CCA : 2C02                		move.l	d2,d6
(1) 1308/     CCC : 4846                		swap	d6
(1) 1309/     CCE : 3A00                		move.w	d0,d5
(1) 1310/     CD0 : CAC6                		mulu.w	d6,d5
(1) 1311/     CD2 : 2800                		move.l	d0,d4
(1) 1312/     CD4 : 4844                		swap	d4
(1) 1313/     CD6 : D844                		add.w	d4,d4
(1) 1314/     CD8 : DA44                		add.w	d4,d5
(1) 1315/     CDA : 3E02                		move.w	d2,d7
(1) 1316/     CDC : DE45                		add.w	d5,d7
(1) 1317/     CDE : 7A00                		moveq	#0,d5
(1) 1318/     CE0 : 3A07                		move.w	d7,d5
(1) 1319/     CE2 : 0247 3FFF           		andi.w	#$3FFF,d7
(1) 1320/     CE6 : 8E7C 4000           		or.w	#$4000,d7
(1) 1321/     CEA : E55D                		rol.w	#2,d5
(1) 1322/     CEC : 0245 0003           		andi.w	#%11,d5
(1) 1323/     CF0 : 4845                		swap	d5
(1) 1324/     CF2 : 2A48                		move.l	a0,a5
(1) 1325/     CF4 : 3801                		move.w	d1,d4
(1) 1326/     CF6 : 5344                		subq.w	#1,d4
(1) 1327/     CF8 : 6B36                		bmi.s	.bad_size
(1) 1328/     CFA :                     .y_loop:
(1) 1329/     CFA : 2844                		move.l	d4,a4
(1) 1330/     CFC : 4845                		swap	d5
(1) 1331/     CFE : 3D47 0004           		move.w	d7,4(a6)
(1) 1332/     D02 : 3D45 0004           		move.w	d5,4(a6)
(1) 1333/     D06 : 4845                		swap	d5
(1) 1334/     D08 : 2801                		move.l	d1,d4
(1) 1335/     D0A : 4844                		swap	d4
(1) 1336/     D0C : 5344                		subq.w	#1,d4
(1) 1337/     D0E :                     .x_loop:
(1) 1338/     D0E : 4844                		swap	d4
(1) 1339/     D10 : 381D                		move.w	(a5)+,d4
(1) 1340/     D12 : B87C FFFF           		cmp.w	#-1,d4
(1) 1341/     D16 : 6606                		bne.s	.non_blank
(1) 1342/     D18 : 383C 07FE           		move.w	#SET_NullVram,d4
(1) 1343/     D1C : 6002                		bra.s	.mk_cell
(1) 1344/     D1E :                     .non_blank:
(1) 1345/     D1E : D843                		add.w	d3,d4
(1) 1346/     D20 :                     .mk_cell:
(1) 1347/     D20 : 3C84                		move.w	d4,(a6)
(1) 1348/     D22 : 4844                		swap	d4
(1) 1349/     D24 : 51CC FFE8           		dbf	d4,.x_loop
(1) 1350/     D28 : DE46                		add.w	d6,d7
(1) 1351/     D2A : 280C                		move.l	a4,d4
(1) 1352/     D2C : 51CC FFCC           		dbf	d4,.y_loop
(1) 1353/     D30 :                     .bad_size:
(1) 1354/     D30 : 4CDF 70F0           		movem.l	(sp)+,d4-d7/a4-a6
(1) 1355/     D34 : 4E75                		rts
(1) 1356/     D36 :                     
(1) 1357/     D36 :                     ; ------------------------------------------------
(1) 1358/     D36 :                     ; d1.l | Width/Height: splitw(width/8,height/8)
(1) 1359/     D36 :                     ; d2.l | Screen Width/VRAM location:
(1) 1360/     D36 :                     ; d3.w | VRAM-cell increment
(1) 1361/     D36 :                     
(1) 1362/     D36 :                     Video_LoadMapV:
(1) 1363/     D36 : 48E7 0F0E           		movem.l	d4-d7/a4-a6,-(sp)
(1) 1364/     D3A : 4DF9 00C0 0000      		lea	(vdp_data).l,a6
(1) 1365/     D40 : 2C02                		move.l	d2,d6
(1) 1366/     D42 : 4846                		swap	d6
(1) 1367/     D44 : 3A00                		move.w	d0,d5
(1) 1368/     D46 : CAC6                		mulu.w	d6,d5
(1) 1369/     D48 : 2800                		move.l	d0,d4
(1) 1370/     D4A : 4844                		swap	d4
(1) 1371/     D4C : D844                		add.w	d4,d4
(1) 1372/     D4E : DA44                		add.w	d4,d5
(1) 1373/     D50 : 3E02                		move.w	d2,d7
(1) 1374/     D52 : DE45                		add.w	d5,d7
(1) 1375/     D54 : 7A00                		moveq	#0,d5
(1) 1376/     D56 : 3A07                		move.w	d7,d5
(1) 1377/     D58 : 0247 3FFF           		andi.w	#$3FFF,d7
(1) 1378/     D5C : 8E7C 4000           		or.w	#$4000,d7
(1) 1379/     D60 : E55D                		rol.w	#2,d5
(1) 1380/     D62 : 0245 0003           		andi.w	#%11,d5
(1) 1381/     D66 : 4845                		swap	d5
(1) 1382/     D68 : 2A48                		move.l	a0,a5
(1) 1383/     D6A : 0838 0002 F0F7      		btst	#2,(RAM_VdpRegSetC+1).w
(1) 1384/     D70 : 664C                		bne.s	.dble_mode
(1) 1385/     D72 : 2801                		move.l	d1,d4
(1) 1386/     D74 : 4844                		swap	d4
(1) 1387/     D76 : 5344                		subq.w	#1,d4
(1) 1388/     D78 : 6B3E                		bmi.s	.bad_size
(1) 1389/     D7A :                     .x_loop:
(1) 1390/     D7A : 2844                		move.l	d4,a4
(1) 1391/     D7C : 3801                		move.w	d1,d4
(1) 1392/     D7E : 5344                		subq.w	#1,d4
(1) 1393/     D80 :                     .y_loop:
(1) 1394/     D80 : 4844                		swap	d4
(1) 1395/     D82 : 3807                		move.w	d7,d4
(1) 1396/     D84 : D845                		add.w	d5,d4
(1) 1397/     D86 : 4845                		swap	d5
(1) 1398/     D88 : 3D44 0004           		move.w	d4,4(a6)
(1) 1399/     D8C : 3D45 0004           		move.w	d5,4(a6)
(1) 1400/     D90 : 4845                		swap	d5
(1) 1401/     D92 : 381D                		move.w	(a5)+,d4
(1) 1402/     D94 : B87C FFFF           		cmp.w	#-1,d4
(1) 1403/     D98 : 6606                		bne.s	.non_blank
(1) 1404/     D9A : 383C 07FE           		move.w	#SET_NullVram,d4
(1) 1405/     D9E : 6002                		bra.s	.mk_cell
(1) 1406/     DA0 :                     .non_blank:
(1) 1407/     DA0 : D843                		add.w	d3,d4
(1) 1408/     DA2 :                     .mk_cell:
(1) 1409/     DA2 : 3C84                		move.w	d4,(a6)
(1) 1410/     DA4 : DA46                		add.w	d6,d5
(1) 1411/     DA6 : 4844                		swap	d4
(1) 1412/     DA8 : 51CC FFD6           		dbf	d4,.y_loop
(1) 1413/     DAC : DE7C 0002           		add.w	#2,d7
(1) 1414/     DB0 : 4245                		clr.w	d5
(1) 1415/     DB2 : 280C                		move.l	a4,d4
(1) 1416/     DB4 : 51CC FFC4           		dbf	d4,.x_loop
(1) 1417/     DB8 :                     .bad_size:
(1) 1418/     DB8 : 4CDF 70F0           		movem.l	(sp)+,d4-d7/a4-a6
(1) 1419/     DBC : 4E75                		rts
(1) 1420/     DBE :                     
(1) 1421/     DBE :                     ; ------------------------------------------------
(1) 1422/     DBE :                     
(1) 1423/     DBE :                     .dble_mode:
(1) 1424/     DBE : 2F01                		move.l	d1,-(sp)
(1) 1425/     DC0 : E249                		lsr.w	#1,d1			; <-- lazy patch
(1) 1426/     DC2 : 3803                		move.w	d3,d4
(1) 1427/     DC4 : 0244 F800           		andi.w	#$F800,d4
(1) 1428/     DC8 : 0243 07FF           		andi.w	#$7FF,d3
(1) 1429/     DCC : E24B                		lsr.w	#1,d3
(1) 1430/     DCE : 8644                		or.w	d4,d3
(1) 1431/     DD0 : 2801                		move.l	d1,d4
(1) 1432/     DD2 : 4844                		swap	d4
(1) 1433/     DD4 : 5344                		subq.w	#1,d4
(1) 1434/     DD6 : 6B48                		bmi.s	.bad_size_d
(1) 1435/     DD8 :                     .x_loop_d:
(1) 1436/     DD8 : 2844                		move.l	d4,a4
(1) 1437/     DDA : 3801                		move.w	d1,d4
(1) 1438/     DDC : 5344                		subq.w	#1,d4
(1) 1439/     DDE :                     .y_loop_d:
(1) 1440/     DDE : 4844                		swap	d4
(1) 1441/     DE0 : 3807                		move.w	d7,d4
(1) 1442/     DE2 : D845                		add.w	d5,d4
(1) 1443/     DE4 : 4845                		swap	d5
(1) 1444/     DE6 : 3D44 0004           		move.w	d4,4(a6)
(1) 1445/     DEA : 3D45 0004           		move.w	d5,4(a6)
(1) 1446/     DEE : 4845                		swap	d5
(1) 1447/     DF0 : 381D                		move.w	(a5)+,d4
(1) 1448/     DF2 : DAFC 0002           		adda	#2,a5
(1) 1449/     DF6 : B87C FFFF           		cmp.w	#-1,d4
(1) 1450/     DFA : 6606                		bne.s	.non_blank_d
(1) 1451/     DFC : 383C 03FF           		move.w	#SET_NullVram/2,d4
(1) 1452/     E00 : 6008                		bra.s	.mk_cell_d
(1) 1453/     E02 :                     .non_blank_d:
(1) 1454/     E02 : 0244 07FF           		andi.w	#$7FF,d4
(1) 1455/     E06 : E24C                		lsr.w	#1,d4
(1) 1456/     E08 : D843                		add.w	d3,d4
(1) 1457/     E0A :                     .mk_cell_d:
(1) 1458/     E0A : 3C84                		move.w	d4,(a6)
(1) 1459/     E0C : DA46                		add.w	d6,d5
(1) 1460/     E0E : 4844                		swap	d4
(1) 1461/     E10 : 51CC FFCC           		dbf	d4,.y_loop_d
(1) 1462/     E14 : DE7C 0002           		add.w	#2,d7
(1) 1463/     E18 : 4245                		clr.w	d5
(1) 1464/     E1A : 280C                		move.l	a4,d4
(1) 1465/     E1C : 51CC FFBA           		dbf	d4,.x_loop_d
(1) 1466/     E20 :                     .bad_size_d:
(1) 1467/     E20 : 221F                		move.l	(sp)+,d1
(1) 1468/     E22 : 6094                		bra	.bad_size
(1) 1469/     E24 :                     
(1) 1470/     E24 :                     ; ====================================================================
(1) 1471/     E24 :                     ; ----------------------------------------------------------------
(1) 1472/     E24 :                     ; Palette fading section
(1) 1473/     E24 :                     ; ----------------------------------------------------------------
(1) 1474/     E24 :                     
(1) 1475/     E24 :                     ; --------------------------------------------------------
(1) 1476/     E24 :                     ; Video_RunFade
(1) 1477/     E24 :                     ;
(1) 1478/     E24 :                     ; Process Palette changes (fade and effects)
(1) 1479/     E24 :                     ; --------------------------------------------------------
(1) 1480/     E24 :                     
(1) 1481/     E24 :                     Video_RunFade:
(1) 1482/     E24 : 4DF8 EA90           		lea	(RAM_PalFadeList).w,a6
(1) 1483/     E28 :                     .next_req:
(1) 1484/     E28 : 1016                		move.b	palfd_req(a6),d0
(1) 1485/     E2A : 6744                		beq.s	.no_req
(1) 1486/     E2C : 532E 0005           		subq.b	#1,palfd_timer(a6)
(1) 1487/     E30 : 6A38                		bpl.s	.busy_timer
(1) 1488/     E32 : 1D6E 0001 0005      		move.b	palfd_delay(a6),palfd_timer(a6)
(1) 1489/     E38 : 4BF8 EA10           		lea	(RAM_Palette).w,a5
(1) 1490/     E3C : 49F8 EED0           		lea	(RAM_PaletteFade).w,a4
(1) 1491/     E40 : 7E00                		moveq	#0,d7
(1) 1492/     E42 : 1E2E 0002           		move.b	palfd_start(a6),d7
(1) 1493/     E46 : DE47                		add.w	d7,d7
(1) 1494/     E48 : DAC7                		adda	d7,a5
(1) 1495/     E4A : D8C7                		adda	d7,a4
(1) 1496/     E4C : 7C00                		moveq	#0,d6
(1) 1497/     E4E : 3E2E 0006           		move.w	palfd_num(a6),d7
(1) 1498/     E52 : 6716                		beq.s	.busy_timer
(1) 1499/     E54 : 1C2E 0003           		move.b	palfd_incr(a6),d6
(1) 1500/     E58 : DC46                		add.w	d6,d6		; * 2
(1) 1501/     E5A : 5347                		subq.w	#1,d7
(1) 1502/     E5C : 0240 00FF           		andi.w	#$FF,d0
(1) 1503/     E60 : D040                		add.w	d0,d0
(1) 1504/     E62 : 303B 0012           		move.w	.fade_list(pc,d0.w),d0
(1) 1505/     E66 : 4EBB 000E           		jsr	.fade_list(pc,d0.w)
(1) 1506/     E6A :                     .busy_timer:
(1) 1507/     E6A : DCFC 0008           		adda	#palfd_len,a6
(1) 1508/     E6E : 60B8                		bra.s	.next_req
(1) 1509/     E70 :                     .no_req:
(1) 1510/     E70 : 4278 F0E0           		clr.w	(RAM_IndxPalFade).w
(1) 1511/     E74 : 4E75                		rts
(1) 1512/     E76 :                     
(1) 1513/     E76 :                     ; ------------------------------------------------
(1) 1514/     E76 :                     
(1) 1515/     E76 :                     .fade_list:
(1) 1516/     E76 : 0010                		dc.w .nothing-.fade_list	; $00
(1) 1517/     E78 : 0018                		dc.w .fade_out-.fade_list
(1) 1518/     E7A : 0088                		dc.w .fade_in-.fade_list
(1) 1519/     E7C : 0010                		dc.w .nothing-.fade_list
(1) 1520/     E7E : 0010                		dc.w .nothing-.fade_list	; $04
(1) 1521/     E80 : 0010                		dc.w .nothing-.fade_list
(1) 1522/     E82 : 0010                		dc.w .nothing-.fade_list
(1) 1523/     E84 : 0010                		dc.w .nothing-.fade_list
(1) 1524/     E86 :                     
(1) 1525/     E86 :                     ; ----------------------------------------------------
(1) 1526/     E86 :                     ; Fade request $00: Null/exit.
(1) 1527/     E86 :                     ; ----------------------------------------------------
(1) 1528/     E86 :                     
(1) 1529/     E86 :                     .nothing:
(1) 1530/     E86 :                     .pfade_del:
(1) 1531/     E86 : 4216                		clr.b	palfd_req(a6)
(1) 1532/     E88 : 422E 0005           		clr.b	palfd_timer(a6)
(1) 1533/     E8C : 4E75                		rts
(1) 1534/     E8E :                     
(1) 1535/     E8E :                     ; ----------------------------------------------------
(1) 1536/     E8E :                     ; Fade request $01: fade-out to black
(1) 1537/     E8E :                     ; Quick.
(1) 1538/     E8E :                     ;
(1) 1539/     E8E :                     ; d7 - Num colors
(1) 1540/     E8E :                     ; d6 - Increment*2
(1) 1541/     E8E :                     ; ----------------------------------------------------
(1) 1542/     E8E :                     
(1) 1543/     E8E :                     .fade_out:
(1) 1544/     E8E : 0246 000E           		andi.w	#%0000000000001110,d6	; d6 - Max increment
(1) 1545/     E92 : 3A3C 000E           		move.w	#%0000000000001110,d5	; d5 - Target filter
(1) 1546/     E96 : 383C EEE0           		move.w	#%1110111011100000,d4	; d4 - Others filter + extra
(1) 1547/     E9A : 7600                		moveq	#0,d3			; d3 - Exit counter
(1) 1548/     E9C :                     .next_color:
(1) 1549/     E9C : 3015                		move.w	(a5),d0
(1) 1550/     E9E : 6750                		beq.s	.all_black		; Skip if all black
(1) 1551/     EA0 :                     	rept 3
(1) 1552/     EA0 :                     		move.w	d0,d1
(1) 1553/     EA0 :                     		and.w	d5,d1			; Filter TARGET
(1) 1554/     EA0 :                     		beq.s	.no_chng
(1) 1555/     EA0 :                     		and.w	d4,d0			; Filter OTHERS
(1) 1556/     EA0 :                     		sub.w	d6,d1
(1) 1557/     EA0 :                     		bpl.s	.blck_alrdy
(1) 1558/     EA0 :                     		clr.w	d1
(1) 1559/     EA0 :                     .blck_alrdy:
(1) 1560/     EA0 :                     		addq.w	#1,d3			; Color changed
(1) 1561/     EA0 :                     .no_chng:
(1) 1562/     EA0 :                     		or.w	d1,d0
(1) 1563/     EA0 :                     		rol.w	#4,d6			; next << color
(1) 1564/     EA0 :                     		rol.w	#4,d5
(1) 1565/     EA0 :                     		rol.w	#4,d4
(1) 1566/     EA0 :                     	endm
(1) 1552/     EA0 : 3200                		move.w	d0,d1
(1) 1553/     EA2 : C245                		and.w	d5,d1			; Filter TARGET
(1) 1554/     EA4 : 670A                		beq.s	.no_chng
(1) 1555/     EA6 : C044                		and.w	d4,d0			; Filter OTHERS
(1) 1556/     EA8 : 9246                		sub.w	d6,d1
(1) 1557/     EAA : 6A02                		bpl.s	.blck_alrdy
(1) 1558/     EAC : 4241                		clr.w	d1
(1) 1559/     EAE :                     .blck_alrdy:
(1) 1560/     EAE : 5243                		addq.w	#1,d3			; Color changed
(1) 1561/     EB0 :                     .no_chng:
(1) 1562/     EB0 : 8041                		or.w	d1,d0
(1) 1563/     EB2 : E95E                		rol.w	#4,d6			; next << color
(1) 1564/     EB4 : E95D                		rol.w	#4,d5
(1) 1565/     EB6 : E95C                		rol.w	#4,d4
(1) 1552/     EB8 : 3200                		move.w	d0,d1
(1) 1553/     EBA : C245                		and.w	d5,d1			; Filter TARGET
(1) 1554/     EBC : 670A                		beq.s	.no_chng
(1) 1555/     EBE : C044                		and.w	d4,d0			; Filter OTHERS
(1) 1556/     EC0 : 9246                		sub.w	d6,d1
(1) 1557/     EC2 : 6A02                		bpl.s	.blck_alrdy
(1) 1558/     EC4 : 4241                		clr.w	d1
(1) 1559/     EC6 :                     .blck_alrdy:
(1) 1560/     EC6 : 5243                		addq.w	#1,d3			; Color changed
(1) 1561/     EC8 :                     .no_chng:
(1) 1562/     EC8 : 8041                		or.w	d1,d0
(1) 1563/     ECA : E95E                		rol.w	#4,d6			; next << color
(1) 1564/     ECC : E95D                		rol.w	#4,d5
(1) 1565/     ECE : E95C                		rol.w	#4,d4
(1) 1552/     ED0 : 3200                		move.w	d0,d1
(1) 1553/     ED2 : C245                		and.w	d5,d1			; Filter TARGET
(1) 1554/     ED4 : 670A                		beq.s	.no_chng
(1) 1555/     ED6 : C044                		and.w	d4,d0			; Filter OTHERS
(1) 1556/     ED8 : 9246                		sub.w	d6,d1
(1) 1557/     EDA : 6A02                		bpl.s	.blck_alrdy
(1) 1558/     EDC : 4241                		clr.w	d1
(1) 1559/     EDE :                     .blck_alrdy:
(1) 1560/     EDE : 5243                		addq.w	#1,d3			; Color changed
(1) 1561/     EE0 :                     .no_chng:
(1) 1562/     EE0 : 8041                		or.w	d1,d0
(1) 1563/     EE2 : E95E                		rol.w	#4,d6			; next << color
(1) 1564/     EE4 : E95D                		rol.w	#4,d5
(1) 1565/     EE6 : E95C                		rol.w	#4,d4
(1) 1567/     EE8 :                     	; we got $Exxx, rotate back to $xxxE:
(1) 1568/     EE8 : E95E                		rol.w	#4,d6
(1) 1569/     EEA : E95D                		rol.w	#4,d5
(1) 1570/     EEC : E95C                		rol.w	#4,d4
(1) 1571/     EEE : 3A80                		move.w	d0,(a5)
(1) 1572/     EF0 :                     .all_black:
(1) 1573/     EF0 : DAFC 0002           		adda	#2,a5
(1) 1574/     EF4 : 51CF FFA6           		dbf	d7,.next_color
(1) 1575/     EF8 : 4A43                		tst.w	d3
(1) 1576/     EFA : 678A                		beq	.pfade_del
(1) 1577/     EFC :                     .fdout_nend:
(1) 1578/     EFC : 4E75                		rts
(1) 1579/     EFE :                     
(1) 1580/     EFE :                     ; ----------------------------------------------------
(1) 1581/     EFE :                     ; Fade request $02
(1) 1582/     EFE :                     ; Fade-in
(1) 1583/     EFE :                     ; ----------------------------------------------------
(1) 1584/     EFE :                     
(1) 1585/     EFE :                     .fade_in:
(1) 1586/     EFE : 0246 000E           		andi.w	#%0000000000001110,d6	; d6 - Max increment
(1) 1587/     F02 : 3A3C 000E           		move.w	#%0000000000001110,d5	; d5 - Target filter
(1) 1588/     F06 : 383C 0EEE           		move.w	#$0EEE,d4		; d4 - Filter bits
(1) 1589/     F0A :                     .next_in:
(1) 1590/     F0A : 4847                		swap	d7
(1) 1591/     F0C : 3015                		move.w	(a5),d0			; d0 - Current
(1) 1592/     F0E : 3414                		move.w	(a4),d2			; d2 - Target
(1) 1593/     F10 : C044                		and.w	d4,d0
(1) 1594/     F12 : C444                		and.w	d4,d2
(1) 1595/     F14 : B042                		cmp.w	d2,d0
(1) 1596/     F16 : 6766                		beq.s	.same_in
(1) 1597/     F18 :                     	rept 3
(1) 1598/     F18 :                     		move.w	d0,d1
(1) 1599/     F18 :                     		move.w	d4,d3
(1) 1600/     F18 :                     		eor.w	d5,d3
(1) 1601/     F18 :                     		and.w	d3,d0
(1) 1602/     F18 :                     		move.w	d2,d3
(1) 1603/     F18 :                     		and.w	d5,d1		; filter CURRENT color
(1) 1604/     F18 :                     		and.w	d5,d3		; filter TARGET color
(1) 1605/     F18 :                     
(1) 1606/     F18 :                     		add.w	d6,d1		; ADD to current
(1) 1607/     F18 :                     		cmp.w	d3,d1
(1) 1608/     F18 :                     		bcs.s	.max_out
(1) 1609/     F18 :                     		move.w	d2,d1
(1) 1610/     F18 :                     		and.w	d5,d1
(1) 1611/     F18 :                     .max_out:
(1) 1612/     F18 :                     		addq.w	#1,d7
(1) 1613/     F18 :                     		or.w	d1,d0
(1) 1614/     F18 :                     		rol.w	#4,d6		; next << color
(1) 1615/     F18 :                     		rol.w	#4,d5
(1) 1616/     F18 :                     	endm
(1) 1598/     F18 : 3200                		move.w	d0,d1
(1) 1599/     F1A : 3604                		move.w	d4,d3
(1) 1600/     F1C : BB43                		eor.w	d5,d3
(1) 1601/     F1E : C043                		and.w	d3,d0
(1) 1602/     F20 : 3602                		move.w	d2,d3
(1) 1603/     F22 : C245                		and.w	d5,d1		; filter CURRENT color
(1) 1604/     F24 : C645                		and.w	d5,d3		; filter TARGET color
(1) 1605/     F26 :                     
(1) 1606/     F26 : D246                		add.w	d6,d1		; ADD to current
(1) 1607/     F28 : B243                		cmp.w	d3,d1
(1) 1608/     F2A : 6504                		bcs.s	.max_out
(1) 1609/     F2C : 3202                		move.w	d2,d1
(1) 1610/     F2E : C245                		and.w	d5,d1
(1) 1611/     F30 :                     .max_out:
(1) 1612/     F30 : 5247                		addq.w	#1,d7
(1) 1613/     F32 : 8041                		or.w	d1,d0
(1) 1614/     F34 : E95E                		rol.w	#4,d6		; next << color
(1) 1615/     F36 : E95D                		rol.w	#4,d5
(1) 1598/     F38 : 3200                		move.w	d0,d1
(1) 1599/     F3A : 3604                		move.w	d4,d3
(1) 1600/     F3C : BB43                		eor.w	d5,d3
(1) 1601/     F3E : C043                		and.w	d3,d0
(1) 1602/     F40 : 3602                		move.w	d2,d3
(1) 1603/     F42 : C245                		and.w	d5,d1		; filter CURRENT color
(1) 1604/     F44 : C645                		and.w	d5,d3		; filter TARGET color
(1) 1605/     F46 :                     
(1) 1606/     F46 : D246                		add.w	d6,d1		; ADD to current
(1) 1607/     F48 : B243                		cmp.w	d3,d1
(1) 1608/     F4A : 6504                		bcs.s	.max_out
(1) 1609/     F4C : 3202                		move.w	d2,d1
(1) 1610/     F4E : C245                		and.w	d5,d1
(1) 1611/     F50 :                     .max_out:
(1) 1612/     F50 : 5247                		addq.w	#1,d7
(1) 1613/     F52 : 8041                		or.w	d1,d0
(1) 1614/     F54 : E95E                		rol.w	#4,d6		; next << color
(1) 1615/     F56 : E95D                		rol.w	#4,d5
(1) 1598/     F58 : 3200                		move.w	d0,d1
(1) 1599/     F5A : 3604                		move.w	d4,d3
(1) 1600/     F5C : BB43                		eor.w	d5,d3
(1) 1601/     F5E : C043                		and.w	d3,d0
(1) 1602/     F60 : 3602                		move.w	d2,d3
(1) 1603/     F62 : C245                		and.w	d5,d1		; filter CURRENT color
(1) 1604/     F64 : C645                		and.w	d5,d3		; filter TARGET color
(1) 1605/     F66 :                     
(1) 1606/     F66 : D246                		add.w	d6,d1		; ADD to current
(1) 1607/     F68 : B243                		cmp.w	d3,d1
(1) 1608/     F6A : 6504                		bcs.s	.max_out
(1) 1609/     F6C : 3202                		move.w	d2,d1
(1) 1610/     F6E : C245                		and.w	d5,d1
(1) 1611/     F70 :                     .max_out:
(1) 1612/     F70 : 5247                		addq.w	#1,d7
(1) 1613/     F72 : 8041                		or.w	d1,d0
(1) 1614/     F74 : E95E                		rol.w	#4,d6		; next << color
(1) 1615/     F76 : E95D                		rol.w	#4,d5
(1) 1617/     F78 : E95E                		rol.w	#4,d6
(1) 1618/     F7A : E95D                		rol.w	#4,d5
(1) 1619/     F7C : 3A80                		move.w	d0,(a5)
(1) 1620/     F7E :                     .same_in:
(1) 1621/     F7E : DAFC 0002           		adda	#2,a5		; Next index
(1) 1622/     F82 : D8FC 0002           		adda	#2,a4
(1) 1623/     F86 : 4847                		swap	d7
(1) 1624/     F88 : 51CF FF80           		dbf	d7,.next_in
(1) 1625/     F8C : 4847                		swap	d7
(1) 1626/     F8E : 4A47                		tst.w	d7
(1) 1627/     F90 : 6700 FEF4           		beq	.pfade_del
(1) 1628/     F94 :                     .fdin_nend:
(1) 1629/     F94 : 4E75                		rts
(1) 1630/     F96 :                     
(1) 1631/     F96 :                     ; --------------------------------------------------------
(1) 1632/     F96 :                     ; Video_WaitFade
(1) 1633/     F96 :                     ;
(1) 1634/     F96 :                     ; CPU-saving version of System_Render when
(1) 1635/     F96 :                     ; waiting for a fade-in/fade-out
(1) 1636/     F96 :                     ;
(1) 1637/     F96 :                     ; THIS IS REQUIRED FOR 32X as
(1) 1638/     F96 :                     ; fading all 32X's 256 colors is too heavy for the 68000.
(1) 1639/     F96 :                     ; --------------------------------------------------------
(1) 1640/     F96 :                     
(1) 1641/     F96 :                     Video_WaitFade:
(1) 1642/     F96 :                     .loop:
(1) 1643/     F96 : 6100 0666           		bsr	System_Render
(1) 1644/     F9A : 4DF8 EA90           		lea	(RAM_PalFadeList).w,a6
(1) 1648/     F9E : 3E3C 0007           		move.w	#MAX_PALFDREQ-1,d7
(1) 1649/     FA2 : 7C00                		moveq	#0,d6
(1) 1650/     FA4 :                     .next_one:
(1) 1651/     FA4 : 8C16                		or.b	palfd_req(a6),d6
(1) 1652/     FA6 : DCFC 0008           		adda	#palfd_len,a6
(1) 1657/     FAA : 51CF FFF8           		dbf	d7,.next_one
(1) 1658/     FAE : 4A06                		tst.b	d6
(1) 1659/     FB0 : 66E4                		bne.s	.loop
(1) 1660/     FB2 : 4E75                		rts
(1) 1661/     FB4 :                     
(1) 1662/     FB4 :                     ; --------------------------------------------------------
(1) 1663/     FB4 :                     ; Video_FadeIn_Full
(1) 1664/     FB4 :                     ;
(1) 1665/     FB4 :                     ; Overwrites first entry on each's PalFadeList
(1) 1666/     FB4 :                     ; --------------------------------------------------------
(1) 1667/     FB4 :                     
(1) 1668/     FB4 :                     Video_FadeIn_Full:
(1) 1675/     FB4 : 7002                		moveq	#2,d0
(1) 1676/     FB6 : 223C 0000 0040      		move.l	#splitw(0,64),d1
(1) 1677/     FBC : 243C 0000 0001      		move.l	#splitw(0,1),d2
(1) 1678/     FC2 : 6116                		bsr	Video_MakeFade
(1) 1679/     FC4 : 60D0                		bra	Video_WaitFade
(1) 1680/     FC6 :                     
(1) 1681/     FC6 :                     ; --------------------------------------------------------
(1) 1682/     FC6 :                     ; Video_FadeIn_Full
(1) 1683/     FC6 :                     ;
(1) 1684/     FC6 :                     ; Overwrites first entry on each's PalFadeList
(1) 1685/     FC6 :                     ; --------------------------------------------------------
(1) 1686/     FC6 :                     
(1) 1687/     FC6 :                     Video_FadeOut_Full:
(1) 1694/     FC6 : 7001                		moveq	#1,d0
(1) 1695/     FC8 : 223C 0000 0040      		move.l	#splitw(0,64),d1
(1) 1696/     FCE : 243C 0000 0001      		move.l	#splitw(0,1),d2
(1) 1697/     FD4 : 6104                		bsr	Video_MakeFade
(1) 1698/     FD6 : 60BE                		bra	Video_WaitFade
(1) 1699/     FD8 :                     
(1) 1700/     FD8 :                     ; ============================================================
(1) 1701/     FD8 :                     ; --------------------------------------------------------
(1) 1702/     FD8 :                     ; Subroutines
(1) 1703/     FD8 :                     ; --------------------------------------------------------
(1) 1704/     FD8 :                     
(1) 1705/     FD8 :                     ; --------------------------------------------------------
(1) 1706/     FD8 :                     ; Video_MakeFade, Video_MdMars_MakeFade
(1) 1707/     FD8 :                     ;
(1) 1708/     FD8 :                     ; Make palette Fading (or other) request, for
(1) 1709/     FD8 :                     ; both VDP and SVDP
(1) 1710/     FD8 :                     ;
(1) 1711/     FD8 :                     ; Input:
(1) 1712/     FD8 :                     ; d0.w | Task number:
(1) 1713/     FD8 :                     ;        	$0000 - Fade-out
(1) 1714/     FD8 :                     ;        	$0001 - Fade-in
(1) 1715/     FD8 :                     ; d1.l | Start at/Number of colors: splitw(start,num)
(1) 1716/     FD8 :                     ; d2.l | Delay/Increment: splitw(delay,incr)
(1) 1717/     FD8 :                     ; --------------------------------------------------------
(1) 1718/     FD8 :                     
(1) 1719/     FD8 :                     Video_MdMars_MakeFade:
(1) 1728/     FD8 : 4E75                		rts
(1) 1729/     FDA :                     Video_MakeFade:
(1) 1730/     FDA : 48E7 0302           		movem.l	d6-d7/a6,-(sp)
(1) 1731/     FDE : 4DF8 EA90           		lea	(RAM_PalFadeList).w,a6
(1) 1732/     FE2 : 3E38 F0E0           		move.w	(RAM_IndxPalFade).w,d7
(1) 1733/     FE6 : 5278 F0E0           		addq.w	#1,(RAM_IndxPalFade).w
(1) 1734/     FEA : 6106                		bsr	vidMkFade_Go
(1) 1735/     FEC : 4CDF 40C0           		movem.l	(sp)+,d6-d7/a6
(1) 1736/     FF0 : 4E75                		rts
(1) 1737/     FF2 :                     vidMkFade_Go:
(1) 1738/     FF2 : 0287 0000 00FF      		andi.l	#$FF,d7
(1) 1739/     FF8 : E74F                		lsl.w	#3,d7			; index * 8
(1) 1740/     FFA : DCC7                		adda	d7,a6
(1) 1741/     FFC : 2E01                		move.l	d1,d7
(1) 1742/     FFE : 2C02                		move.l	d2,d6
(1) 1743/    1000 : 1C80                		move.b	d0,palfd_req(a6)
(1) 1744/    1002 : 3D47 0006           		move.w	d7,palfd_num(a6)
(1) 1745/    1006 : 1D46 0003           		move.b	d6,palfd_incr(a6)
(1) 1746/    100A : 4846                		swap	d6
(1) 1747/    100C : 4847                		swap	d7
(1) 1748/    100E : 1D47 0002           		move.b	d7,palfd_start(a6)
(1) 1749/    1012 : 1D46 0001           		move.b	d6,palfd_delay(a6)
(1) 1750/    1016 : 4E75                		rts
(1) 1751/    1018 :                     
(1) 1752/    1018 :                     ; --------------------------------------------------------
(1) 1753/    1018 :                     ; Video_LoadPal, Video_FadePal
(1) 1754/    1018 :                     ;
(1) 1755/    1018 :                     ; Load VDP palette data, either current or for fading.
(1) 1756/    1018 :                     ;
(1) 1757/    1018 :                     ; Input:
(1) 1758/    1018 :                     ; a0   | Palette data
(1) 1759/    1018 :                     ; d0.w | Starting color index
(1) 1760/    1018 :                     ; d1.w | Number of colors
(1) 1761/    1018 :                     ; --------------------------------------------------------
(1) 1762/    1018 :                     
(1) 1763/    1018 :                     Video_FadePal:
(1) 1764/    1018 : 48E7 0306           		movem.l	d6-d7/a5-a6,-(sp)
(1) 1765/    101C : 4DF8 EED0           		lea	(RAM_PaletteFade).w,a6
(1) 1766/    1020 : 6008                		bra.s	vidMd_Pal
(1) 1767/    1022 :                     ; 		movem.l	(sp)+,d6-d7/a5-a6
(1) 1768/    1022 :                     ; 		rts
(1) 1769/    1022 :                     Video_LoadPal:
(1) 1770/    1022 : 48E7 0306           		movem.l	d6-d7/a5-a6,-(sp)
(1) 1771/    1026 : 4DF8 EA10           		lea	(RAM_Palette).w,a6
(1) 1772/    102A :                     ; 		bsr.s	vidMd_Pal
(1) 1773/    102A :                     ; 		movem.l	(sp)+,d6-d7/a5-a6
(1) 1774/    102A :                     ; 		rts
(1) 1775/    102A :                     
(1) 1776/    102A :                     ; --------------------------------------------------------
(1) 1777/    102A :                     vidMd_Pal:
(1) 1778/    102A : 2A48                		move.l	a0,a5
(1) 1779/    102C : 7E00                		moveq	#0,d7
(1) 1780/    102E : 3E00                		move.w	d0,d7
(1) 1781/    1030 : DE47                		add.w	d7,d7
(1) 1782/    1032 : DCC7                		adda	d7,a6
(1) 1783/    1034 : 3E01                		move.w	d1,d7
(1) 1784/    1036 : 5347                		subq.w	#1,d7
(1) 1785/    1038 : 6B0E                		bmi.s	.bad
(1) 1786/    103A : 3C02                		move.w	d2,d6
(1) 1787/    103C : 0246 0001           		andi.w	#1,d6
(1) 1788/    1040 : E25E                		ror.w	#1,d6
(1) 1789/    1042 :                     .loop:
(1) 1790/    1042 : 3CDD                		move.w	(a5)+,(a6)+
(1) 1791/    1044 : 51CF FFFC           		dbf	d7,.loop
(1) 1792/    1048 :                     .bad:
(1) 1793/    1048 : 4CDF 60C0           		movem.l	(sp)+,d6-d7/a5-a6
(1) 1794/    104C : 4E75                		rts
(1) 1795/    104E :                     
(1) 1796/    104E :                     ; --------------------------------------------------------
(1) 1797/    104E :                     ; Video_LoadPal_List, Video_FadePal_List
(1) 1798/    104E :                     ;
(1) 1799/    104E :                     ; Loads palettes on bulk with a list
(1) 1800/    104E :                     ;
(1) 1801/    104E :                     ; Input:
(1) 1802/    104E :                     ; a0 | List of graphics to load:
(1) 1803/    104E :                     ;        dc.w numof_entries
(1) 1804/    104E :                     ;        dc.l palette_data
(1) 1805/    104E :                     ;        dc.w start_at
(1) 1806/    104E :                     ;        dc.w numof_colors
(1) 1807/    104E :                     ;        ; ...more entries
(1) 1808/    104E :                     ; --------------------------------------------------------
(1) 1809/    104E :                     
(1) 1810/    104E :                     Video_LoadPal_List:
(1) 1811/    104E : 48E7 0104           		movem.l	d7/a5,-(sp)
(1) 1812/    1052 : 2A48                		move.l	a0,a5
(1) 1813/    1054 : 3E1D                		move.w	(a5)+,d7
(1) 1814/    1056 : 6710                		beq.s	.invalid
(1) 1815/    1058 : 6B0E                		bmi.s	.invalid
(1) 1816/    105A : 5347                		subq.w	#1,d7
(1) 1817/    105C :                     .next_one:
(1) 1818/    105C : 205D                		move.l	(a5)+,a0
(1) 1819/    105E : 301D                		move.w	(a5)+,d0
(1) 1820/    1060 : 321D                		move.w	(a5)+,d1
(1) 1821/    1062 : 61BE                		bsr	Video_LoadPal
(1) 1822/    1064 : 51CF FFF6           		dbf	d7,.next_one
(1) 1823/    1068 :                     .invalid:
(1) 1824/    1068 : 4CDF 2080           		movem.l	(sp)+,d7/a5
(1) 1825/    106C : 4E75                		rts
(1) 1826/    106E :                     
(1) 1827/    106E :                     Video_FadePal_List:
(1) 1828/    106E : 48E7 0104           		movem.l	d7/a5,-(sp)
(1) 1829/    1072 : 2A48                		move.l	a0,a5
(1) 1830/    1074 : 3E1D                		move.w	(a5)+,d7
(1) 1831/    1076 : 6710                		beq.s	.invalid
(1) 1832/    1078 : 6B0E                		bmi.s	.invalid
(1) 1833/    107A : 5347                		subq.w	#1,d7
(1) 1834/    107C :                     .next_one:
(1) 1835/    107C : 205D                		move.l	(a5)+,a0
(1) 1836/    107E : 301D                		move.w	(a5)+,d0
(1) 1837/    1080 : 321D                		move.w	(a5)+,d1
(1) 1838/    1082 : 6194                		bsr	Video_FadePal
(1) 1839/    1084 : 51CF FFF6           		dbf	d7,.next_one
(1) 1840/    1088 :                     .invalid:
(1) 1841/    1088 : 4CDF 2080           		movem.l	(sp)+,d7/a5
(1) 1842/    108C : 4E75                		rts
(1) 1843/    108E :                     
(1) 1844/    108E :                     ; ====================================================================
(1) 1845/    108E :                     ; ----------------------------------------------------------------
(1) 1846/    108E :                     ; Text PRINT system.
(1) 1847/    108E :                     ; ----------------------------------------------------------------
(1) 1848/    108E :                     
(1) 1849/    108E :                     ; --------------------------------------------------------
(1) 1850/    108E :                     ; Video_PrintInit, Video_PrintInitW
(1) 1851/    108E :                     ;
(1) 1852/    108E :                     ; Initializes the default Graphics and Palette
(1) 1853/    108E :                     ; for the font.
(1) 1854/    108E :                     ;
(1) 1855/    108E :                     ; Input:
(1) 1856/    108E :                     ; d0.l | Graphics data
(1) 1857/    108E :                     ;        $20 (" ") to $7F ("[DEL]")
(1) 1858/    108E :                     ;        * Default labels:
(1) 1859/    108E :                     ;        ASCII_FONT   for 8x8
(1) 1860/    108E :                     ;        ASCII_FONT_W for 8x16
(1) 1861/    108E :                     ;
(1) 1862/    108E :                     ; d1.w | VRAM output location to load and use
(1) 1863/    108E :                     ;        the ASCII text including attribute
(1) 1864/    108E :                     ;        settings (Palette and Priority)
(1) 1865/    108E :                     ;        * Defualt values:
(1) 1866/    108E :                     ;        DEF_PrintVram  for 8x8
(1) 1867/    108E :                     ;        DEF_PrintVramW for 8x16
(1) 1868/    108E :                     ;
(1) 1869/    108E :                     ; Breaks:
(1) 1870/    108E :                     ; d0-d3
(1) 1871/    108E :                     ;
(1) 1872/    108E :                     ; Notes:
(1) 1873/    108E :                     ; - Only call this when the VDP DISPLAY is OFF
(1) 1874/    108E :                     ; - Write your palette manually after this
(1) 1875/    108E :                     ; --------------------------------------------------------
(1) 1876/    108E :                     
(1) 1877/    108E :                     Video_PrintInitW:
(1) 1878/    108E : 343C 1800           		move.w	#($60*$20)*2,d2			; Graphics data from " " to "[DEL]"
(1) 1879/    1092 : 6004                		bra.s	vidPrint_Init
(1) 1880/    1094 :                     Video_PrintInit:
(1) 1881/    1094 : 343C 0C00           		move.w	#($60*$20),d2			; Graphics data from " " to "[DEL]"
(1) 1882/    1098 :                     vidPrint_Init:
(1) 1883/    1098 : EB49                		lsl.w	#5,d1				; VRAM location to real position
(1) 1884/    109A : 6000 F958           		bra	Video_LoadArt
(1) 1885/    109E :                     
(1) 1886/    109E :                     ; --------------------------------------------------------
(1) 1887/    109E :                     ; Video_PrintDefPal, Video_PrintDefPal_Fade
(1) 1888/    109E :                     ;
(1) 1889/    109E :                     ; Loads default palette for the font
(1) 1890/    109E :                     ; --------------------------------------------------------
(1) 1891/    109E :                     
(1) 1892/    109E :                     Video_PrintDefPal_Fade:
(1) 1893/    109E : 2F0E                		move.l	a6,-(sp)
(1) 1894/    10A0 : 4DF8 EF30           		lea	(RAM_PaletteFade+$60).w,a6		; Palette line 4:
(1) 1895/    10A4 : 6006                		bra.s	vid_FontDefPal
(1) 1896/    10A6 :                     Video_PrintDefPal:
(1) 1897/    10A6 : 2F0E                		move.l	a6,-(sp)
(1) 1898/    10A8 : 4DF8 EA70           		lea	(RAM_Palette+$60).w,a6			; Palette line 4
(1) 1899/    10AC :                     vid_FontDefPal:
(1) 1900/    10AC : 3CFC 0000           		move.w	#$0000,(a6)+				; black (background)
(1) 1901/    10B0 : 3CFC 0EEE           		move.w	#$0EEE,(a6)+				; white
(1) 1902/    10B4 : 3CFC 0888           		move.w	#$0888,(a6)+				; gray
(1) 1903/    10B8 : 2C5F                		move.l	(sp)+,a6
(1) 1904/    10BA : 4E75                		rts
(1) 1905/    10BC :                     
(1) 1906/    10BC :                     ; --------------------------------------------------------
(1) 1907/    10BC :                     ; Video_Print, Video_PrintW
(1) 1908/    10BC :                     ;
(1) 1909/    10BC :                     ; Prints a text string, VDP side.
(1) 1910/    10BC :                     ;
(1) 1911/    10BC :                     ; Input:
(1) 1912/    10BC :                     ; a0   | String data
(1) 1913/    10BC :                     ; d0.w | X position
(1) 1914/    10BC :                     ; d1.w | Y position
(1) 1915/    10BC :                     ; d2.w | Font VRAM location
(1) 1916/    10BC :                     ; d3.l | Screen width / Screen VRAM location:
(1) 1917/    10BC :                     ;        splitw(width,vram_out)
(1) 1918/    10BC :                     ;
(1) 1919/    10BC :                     ; * Font VRAM location
(1) 1920/    10BC :                     ; Default 8x8:  DEF_PrintVram
(1) 1921/    10BC :                     ; Default 8x16: DEF_PrintVramW
(1) 1922/    10BC :                     ;
(1) 1923/    10BC :                     ; * Screen VRAM
(1) 1924/    10BC :                     ; Foreground: DEF_VRAM_FG
(1) 1925/    10BC :                     ; Background: DEF_VRAM_BG
(1) 1926/    10BC :                     ; Window:     DEF_VRAM_WD
(1) 1927/    10BC :                     ;
(1) 1928/    10BC :                     ; * Screen Width
(1) 1929/    10BC :                     ; $040 (DEF_HSIZE_32)
(1) 1930/    10BC :                     ; $080 (DEF_HSIZE_64)
(1) 1931/    10BC :                     ; $100 (DEF_HSIZE_128)
(1) 1932/    10BC :                     ;
(1) 1933/    10BC :                     ; Notes:
(1) 1934/    10BC :                     ; - Initialize your graphics and VRAM location
(1) 1935/    10BC :                     ;   with Video_PrintInit
(1) 1936/    10BC :                     ; - Only Video_PrintW can be used in double-interlace
(1) 1937/    10BC :                     ;   mode.
(1) 1938/    10BC :                     ; --------------------------------------------------------
(1) 1939/    10BC :                     
(1) 1940/    10BC :                     ; dc.l pstr(type,ram_location)
(1) 1941/    10BC :                     ;
(1) 1942/    10BC :                     ; type:
(1) 1943/    10BC :                     ; 0 - Byte
(1) 1944/    10BC :                     ; 1 - Word
(1) 1945/    10BC :                     ; 2 - 24-bit
(1) 1946/    10BC :                     ; 3 - Long
(1) 1947/    10BC :                     
(1) 1948/    10BC :                     Video_Print:
(1) 1949/    10BC : 48E7 0F0E           		movem.l	d4-d7/a4-a6,-(sp)
(1) 1950/    10C0 : 4DF9 00C0 0000      		lea	(vdp_data).l,a6
(1) 1951/    10C6 : 3E03                		move.w	d3,d7
(1) 1952/    10C8 : 3A00                		move.w	d0,d5
(1) 1953/    10CA : DA45                		add.w	d5,d5
(1) 1954/    10CC : 3801                		move.w	d1,d4
(1) 1955/    10CE : 4843                		swap	d3
(1) 1956/    10D0 : C8C3                		mulu.w	d3,d4
(1) 1957/    10D2 : DA44                		add.w	d4,d5
(1) 1958/    10D4 : DE45                		add.w	d5,d7
(1) 1959/    10D6 : 3C03                		move.w	d3,d6
(1) 1960/    10D8 : 4843                		swap	d3
(1) 1961/    10DA : 7A00                		moveq	#0,d5
(1) 1962/    10DC : 3A07                		move.w	d7,d5
(1) 1963/    10DE : 0247 3FFF           		andi.w	#$3FFF,d7
(1) 1964/    10E2 : 8E7C 4000           		or.w	#$4000,d7
(1) 1965/    10E6 : E55D                		rol.w	#2,d5
(1) 1966/    10E8 : 0245 0003           		andi.w	#%11,d5
(1) 1967/    10EC : 4845                		swap	d5
(1) 1968/    10EE : 2A48                		move.l	a0,a5
(1) 1969/    10F0 :                     .loop:
(1) 1970/    10F0 : 3806                		move.w	d6,d4
(1) 1971/    10F2 : 5344                		subq.w	#1,d4
(1) 1972/    10F4 : CA44                		and.w	d4,d5
(1) 1973/    10F6 :                     
(1) 1974/    10F6 : 3807                		move.w	d7,d4
(1) 1975/    10F8 : D845                		add.w	d5,d4
(1) 1976/    10FA : 4845                		swap	d5
(1) 1977/    10FC : 3D44 0004           		move.w	d4,4(a6)
(1) 1978/    1100 : 3D45 0004           		move.w	d5,4(a6)
(1) 1979/    1104 : 4845                		swap	d5
(1) 1980/    1106 :                     .q_loop:
(1) 1981/    1106 : 181D                		move.b	(a5)+,d4
(1) 1982/    1108 : 671E                		beq.s	.exit
(1) 1983/    110A : 6B22                		bmi.s	.special
(1) 1984/    110C : 0C04 000A           		cmpi.b	#$0A,d4
(1) 1985/    1110 : 6710                		beq.s	.next
(1) 1986/    1112 :                     ; ------------------------------------------------
(1) 1987/    1112 :                     ; Normal text
(1) 1988/    1112 : 0244 00FF           		andi.w	#$FF,d4
(1) 1989/    1116 :                     ; 		add.w	(RAM_SetPrntVram).w,d4
(1) 1990/    1116 : D842                		add.w	d2,d4
(1) 1991/    1118 : 0444 0020           		subi.w	#$20,d4
(1) 1992/    111C : 3C84                		move.w	d4,(a6)
(1) 1993/    111E : 5445                		addq.w	#2,d5
(1) 1994/    1120 : 60E4                		bra.s	.q_loop
(1) 1995/    1122 :                     .next:
(1) 1996/    1122 : 4245                		clr.w	d5
(1) 1997/    1124 : DE46                		add.w	d6,d7			; Next line
(1) 1998/    1126 : 60C8                		bra.s	.loop
(1) 1999/    1128 :                     .exit:
(1) 2000/    1128 : 4CDF 70F0           		movem.l	(sp)+,d4-d7/a4-a6
(1) 2001/    112C : 4E75                		rts
(1) 2002/    112E :                     ; ------------------------------------------------
(1) 2003/    112E :                     ; Show value
(1) 2004/    112E :                     ; d4 - $80|flags
(1) 2005/    112E :                     .special:
(1) 2006/    112E : 4846                		swap	d6
(1) 2007/    1130 : 1C04                		move.b	d4,d6
(1) 2008/    1132 : E19C                		rol.l	#8,d4
(1) 2009/    1134 : 181D                		move.b	(a5)+,d4	; $00xx0000
(1) 2010/    1136 : E19C                		rol.l	#8,d4
(1) 2011/    1138 : 181D                		move.b	(a5)+,d4	; $0000xx00
(1) 2012/    113A : E19C                		rol.l	#8,d4
(1) 2013/    113C : 181D                		move.b	(a5)+,d4	; $000000xx
(1) 2014/    113E : 2844                		move.l	d4,a4
(1) 2015/    1140 : 6100 01B6           		bsr	vid_PrintTVal
(1) 2016/    1144 : 60AA                		bra	.loop
(1) 2017/    1146 :                     
(1) 2018/    1146 :                     ; --------------------------------------------------------
(1) 2019/    1146 :                     ; 8x16 version
(1) 2020/    1146 :                     ; --------------------------------------------------------
(1) 2021/    1146 :                     
(1) 2022/    1146 :                     Video_PrintW:
(1) 2023/    1146 : 48E7 0F1E           		movem.l	d4-d7/a3-a6,-(sp)
(1) 2024/    114A : 4DF9 00C0 0000      		lea	(vdp_data).l,a6
(1) 2025/    1150 :                     ; 		move.w	(RAM_SetPrntVramW).w,d6
(1) 2026/    1150 : 3C02                		move.w	d2,d6
(1) 2027/    1152 : 0446 0040           		subi.w	#$20*2,d6
(1) 2028/    1156 : 3A38 F0F6           		move.w	(RAM_VdpRegSetC).w,d5
(1) 2029/    115A : 0805 0002           		btst	#2,d5
(1) 2030/    115E : 670E                		beq.s	.no_dble_y
(1) 2031/    1160 : 3E06                		move.w	d6,d7
(1) 2032/    1162 : 0247 F800           		andi.w	#$F800,d7
(1) 2033/    1166 : 0246 07FF           		andi.w	#$7FF,d6
(1) 2034/    116A : E24E                		lsr.w	#1,d6
(1) 2035/    116C : 8C47                		or.w	d7,d6
(1) 2036/    116E :                     .no_dble_y:
(1) 2037/    116E : 4846                		swap	d6
(1) 2038/    1170 : 3E03                		move.w	d3,d7
(1) 2039/    1172 : 3A00                		move.w	d0,d5
(1) 2040/    1174 : DA45                		add.w	d5,d5
(1) 2041/    1176 : 3801                		move.w	d1,d4
(1) 2042/    1178 : 4843                		swap	d3
(1) 2043/    117A : C8C3                		mulu.w	d3,d4
(1) 2044/    117C : DA44                		add.w	d4,d5
(1) 2045/    117E : DE45                		add.w	d5,d7
(1) 2046/    1180 : 3C03                		move.w	d3,d6
(1) 2047/    1182 : 4843                		swap	d3
(1) 2048/    1184 :                     
(1) 2049/    1184 : 7A00                		moveq	#0,d5
(1) 2050/    1186 : 3A07                		move.w	d7,d5
(1) 2051/    1188 : 0247 3FFF           		andi.w	#$3FFF,d7
(1) 2052/    118C : 8E7C 4000           		or.w	#$4000,d7
(1) 2053/    1190 : E55D                		rol.w	#2,d5
(1) 2054/    1192 : 0245 0003           		andi.w	#%11,d5
(1) 2055/    1196 : 4845                		swap	d5
(1) 2056/    1198 : 2A48                		move.l	a0,a5
(1) 2057/    119A :                     	; d7 -      TEMP       | VDP write left
(1) 2058/    119A :                     	; d6 -      TEMP       | Y next-line size
(1) 2059/    119A :                     	; d5 - VDP write right | X current pos
(1) 2060/    119A :                     	; d4 -                 | TEMP
(1) 2061/    119A :                     .loop:
(1) 2062/    119A : 3806                		move.w	d6,d4
(1) 2063/    119C : 5344                		subq.w	#1,d4
(1) 2064/    119E : CA44                		and.w	d4,d5
(1) 2065/    11A0 : 181D                		move.b	(a5)+,d4
(1) 2066/    11A2 : 6776                		beq.s	.exit
(1) 2067/    11A4 : 6B7A                		bmi.s	.special
(1) 2068/    11A6 : 0C04 000A           		cmpi.b	#$0A,d4
(1) 2069/    11AA : 6766                		beq.s	.next
(1) 2070/    11AC :                     ; ------------------------------------------------
(1) 2071/    11AC :                     ; Normal text
(1) 2072/    11AC : 0244 00FF           		andi.w	#$FF,d4
(1) 2073/    11B0 : 4847                		swap	d7
(1) 2074/    11B2 : 3E38 F0F6           		move.w	(RAM_VdpRegSetC).w,d7
(1) 2075/    11B6 : 0807 0002           		btst	#2,d7
(1) 2076/    11BA : 671E                		beq.s	.ver_normal
(1) 2077/    11BC : 4846                		swap	d6
(1) 2078/    11BE : D846                		add.w	d6,d4
(1) 2079/    11C0 : 4846                		swap	d6
(1) 2080/    11C2 : 4844                		swap	d4
(1) 2081/    11C4 : 4847                		swap	d7
(1) 2082/    11C6 : 3807                		move.w	d7,d4
(1) 2083/    11C8 : D845                		add.w	d5,d4
(1) 2084/    11CA : 4845                		swap	d5
(1) 2085/    11CC : 3D44 0004           		move.w	d4,4(a6)
(1) 2086/    11D0 : 3D45 0004           		move.w	d5,4(a6)
(1) 2087/    11D4 : 4844                		swap	d4
(1) 2088/    11D6 : 3C84                		move.w	d4,(a6)
(1) 2089/    11D8 : 6032                		bra.s	.ver_cont
(1) 2090/    11DA :                     .ver_normal:
(1) 2091/    11DA : D844                		add.w	d4,d4
(1) 2092/    11DC : 4846                		swap	d6
(1) 2093/    11DE : D846                		add.w	d6,d4
(1) 2094/    11E0 : 4846                		swap	d6
(1) 2095/    11E2 : 4844                		swap	d4
(1) 2096/    11E4 : 4847                		swap	d7
(1) 2097/    11E6 : 3807                		move.w	d7,d4
(1) 2098/    11E8 : D845                		add.w	d5,d4
(1) 2099/    11EA : 4845                		swap	d5
(1) 2100/    11EC : 3D44 0004           		move.w	d4,4(a6)
(1) 2101/    11F0 : 3D45 0004           		move.w	d5,4(a6)
(1) 2102/    11F4 : 4844                		swap	d4
(1) 2103/    11F6 : 3C84                		move.w	d4,(a6)
(1) 2104/    11F8 : 5244                		addq.w	#1,d4
(1) 2105/    11FA : 4844                		swap	d4
(1) 2106/    11FC : D846                		add.w	d6,d4
(1) 2107/    11FE : 3D44 0004           		move.w	d4,4(a6)
(1) 2108/    1202 : 3D45 0004           		move.w	d5,4(a6)
(1) 2109/    1206 : 4844                		swap	d4
(1) 2110/    1208 : 3C84                		move.w	d4,(a6)
(1) 2111/    120A : 4844                		swap	d4
(1) 2112/    120C :                     
(1) 2113/    120C :                     .ver_cont:
(1) 2114/    120C : 4845                		swap	d5
(1) 2115/    120E : 5445                		addq.w	#2,d5		; Next VDP X pos
(1) 2116/    1210 : 6088                		bra.s	.loop
(1) 2117/    1212 :                     .next:
(1) 2118/    1212 : 4245                		clr.w	d5		; Clear X pos
(1) 2119/    1214 : DE46                		add.w	d6,d7		; Next Y line
(1) 2120/    1216 : DE46                		add.w	d6,d7		; twice
(1) 2121/    1218 : 6080                		bra	.loop
(1) 2122/    121A :                     .exit:
(1) 2123/    121A : 4CDF 78F0           		movem.l	(sp)+,d4-d7/a3-a6
(1) 2124/    121E : 4E75                		rts
(1) 2125/    1220 :                     ; ------------------------------------------------
(1) 2126/    1220 :                     ; Show value
(1) 2127/    1220 :                     ; d4 - $80|flags
(1) 2128/    1220 :                     .special:
(1) 2129/    1220 : 2646                		move.l	d6,a3
(1) 2130/    1222 : 1C04                		move.b	d4,d6
(1) 2131/    1224 : E19C                		rol.l	#8,d4
(1) 2132/    1226 : 181D                		move.b	(a5)+,d4	; $00xx0000
(1) 2133/    1228 : E19C                		rol.l	#8,d4
(1) 2134/    122A : 181D                		move.b	(a5)+,d4	; $0000xx00
(1) 2135/    122C : E19C                		rol.l	#8,d4
(1) 2136/    122E : 181D                		move.b	(a5)+,d4	; $000000xx
(1) 2137/    1230 : 2844                		move.l	d4,a4
(1) 2138/    1232 : 6100 0130           		bsr	vid_PrintTValW
(1) 2139/    1236 : 6000 FF62           		bra	.loop
(1) 2140/    123A :                     
(1) 2141/    123A :                     ; --------------------------------------------------------
(1) 2142/    123A :                     ; Video_PrintVal, Video_PrintValW
(1) 2143/    123A :                     ;
(1) 2144/    123A :                     ; Prints a memory value
(1) 2145/    123A :                     ;
(1) 2146/    123A :                     ; Input:
(1) 2147/    123A :                     ; a0   | Memory location to read
(1) 2148/    123A :                     ; a1   | Type:
(1) 2149/    123A :                     ;        	0 - Byte
(1) 2150/    123A :                     ;        	1 - Word
(1) 2151/    123A :                     ;        	2 - Longword but as a 24-bit address
(1) 2152/    123A :                     ;        	3 - Full Longword
(1) 2153/    123A :                     ;
(1) 2154/    123A :                     ; d0.w | X position
(1) 2155/    123A :                     ; d1.w | Y position
(1) 2156/    123A :                     ; d2.w | Font VRAM location
(1) 2157/    123A :                     ; d3.l | Screen width / Screen VRAM location:
(1) 2158/    123A :                     ;        splitw(width,vram_out)
(1) 2159/    123A :                     ;
(1) 2160/    123A :                     ; * Font VRAM location
(1) 2161/    123A :                     ; Default 8x8:  DEF_PrintVram
(1) 2162/    123A :                     ; Default 8x16: DEF_PrintVramW
(1) 2163/    123A :                     ;
(1) 2164/    123A :                     ; * Screen VRAM
(1) 2165/    123A :                     ; Foreground: DEF_VRAM_FG
(1) 2166/    123A :                     ; Background: DEF_VRAM_BG
(1) 2167/    123A :                     ; Window:     DEF_VRAM_WD
(1) 2168/    123A :                     ;
(1) 2169/    123A :                     ; * Screen Width
(1) 2170/    123A :                     ; $040 (DEF_HSIZE_32)
(1) 2171/    123A :                     ; $080 (DEF_HSIZE_64)
(1) 2172/    123A :                     ; $100 (DEF_HSIZE_128)
(1) 2173/    123A :                     ;
(1) 2174/    123A :                     ; Notes:
(1) 2175/    123A :                     ; - Initialize your graphics and VRAM location
(1) 2176/    123A :                     ;   with Video_PrintInit
(1) 2177/    123A :                     ; - Only Video_PrintW can be used in double-interlace
(1) 2178/    123A :                     ;   mode.
(1) 2179/    123A :                     ; --------------------------------------------------------
(1) 2180/    123A :                     
(1) 2181/    123A :                     Video_PrintVal:
(1) 2182/    123A : 48E7 0F0E           		movem.l	d4-d7/a4-a6,-(sp)
(1) 2183/    123E : 4DF9 00C0 0000      		lea	(vdp_data).l,a6
(1) 2184/    1244 : 3E03                		move.w	d3,d7
(1) 2185/    1246 : 3A00                		move.w	d0,d5
(1) 2186/    1248 : DA45                		add.w	d5,d5
(1) 2187/    124A : 3801                		move.w	d1,d4
(1) 2188/    124C : 4843                		swap	d3
(1) 2189/    124E : C8C3                		mulu.w	d3,d4
(1) 2190/    1250 : DA44                		add.w	d4,d5
(1) 2191/    1252 : DE45                		add.w	d5,d7
(1) 2192/    1254 : 3C03                		move.w	d3,d6
(1) 2193/    1256 : 4843                		swap	d3
(1) 2194/    1258 : 7A00                		moveq	#0,d5
(1) 2195/    125A : 3A07                		move.w	d7,d5
(1) 2196/    125C : 0247 3FFF           		andi.w	#$3FFF,d7
(1) 2197/    1260 : 8E7C 4000           		or.w	#$4000,d7
(1) 2198/    1264 : E55D                		rol.w	#2,d5
(1) 2199/    1266 : 0245 0003           		andi.w	#%11,d5
(1) 2200/    126A : 4845                		swap	d5
(1) 2201/    126C : 2A48                		move.l	a0,a5
(1) 2202/    126E :                     .loop:
(1) 2203/    126E : 3806                		move.w	d6,d4
(1) 2204/    1270 : 5344                		subq.w	#1,d4
(1) 2205/    1272 : CA44                		and.w	d4,d5
(1) 2206/    1274 :                     
(1) 2207/    1274 : 3807                		move.w	d7,d4
(1) 2208/    1276 : D845                		add.w	d5,d4
(1) 2209/    1278 : 4845                		swap	d5
(1) 2210/    127A : 3D44 0004           		move.w	d4,4(a6)
(1) 2211/    127E : 3D45 0004           		move.w	d5,4(a6)
(1) 2212/    1282 : 4845                		swap	d5
(1) 2213/    1284 :                     .q_loop:
(1) 2214/    1284 : 2848                		move.l	a0,a4
(1) 2215/    1286 : 3C09                		move.w	a1,d6
(1) 2216/    1288 : 616E                		bsr	vid_PrintTVal
(1) 2217/    128A : 4CDF 70F0           		movem.l	(sp)+,d4-d7/a4-a6
(1) 2218/    128E : 4E75                		rts
(1) 2219/    1290 :                     
(1) 2220/    1290 :                     ; --------------------------------------------------------
(1) 2221/    1290 :                     ; 8x16 version
(1) 2222/    1290 :                     ; --------------------------------------------------------
(1) 2223/    1290 :                     
(1) 2224/    1290 :                     Video_PrintValW:
(1) 2225/    1290 : 48E7 0F1E           		movem.l	d4-d7/a3-a6,-(sp)
(1) 2226/    1294 : 4DF9 00C0 0000      		lea	(vdp_data).l,a6
(1) 2227/    129A :                     ; 		move.w	(RAM_SetPrntVramW).w,d6
(1) 2228/    129A : 3C02                		move.w	d2,d6
(1) 2229/    129C : 0446 0040           		subi.w	#$20*2,d6
(1) 2230/    12A0 : 3A38 F0F6           		move.w	(RAM_VdpRegSetC).w,d5
(1) 2231/    12A4 : 0805 0002           		btst	#2,d5
(1) 2232/    12A8 : 670E                		beq.s	.no_dble_y
(1) 2233/    12AA : 3E06                		move.w	d6,d7
(1) 2234/    12AC : 0247 F800           		andi.w	#$F800,d7
(1) 2235/    12B0 : 0246 07FF           		andi.w	#$7FF,d6
(1) 2236/    12B4 : E24E                		lsr.w	#1,d6
(1) 2237/    12B6 : 8C47                		or.w	d7,d6
(1) 2238/    12B8 :                     .no_dble_y:
(1) 2239/    12B8 : 4846                		swap	d6
(1) 2240/    12BA : 3E03                		move.w	d3,d7
(1) 2241/    12BC : 3A00                		move.w	d0,d5
(1) 2242/    12BE : DA45                		add.w	d5,d5
(1) 2243/    12C0 : 3801                		move.w	d1,d4
(1) 2244/    12C2 : 4843                		swap	d3
(1) 2245/    12C4 : C8C3                		mulu.w	d3,d4
(1) 2246/    12C6 : DA44                		add.w	d4,d5
(1) 2247/    12C8 : DE45                		add.w	d5,d7
(1) 2248/    12CA : 3C03                		move.w	d3,d6
(1) 2249/    12CC : 4843                		swap	d3
(1) 2250/    12CE :                     
(1) 2251/    12CE : 7A00                		moveq	#0,d5
(1) 2252/    12D0 : 3A07                		move.w	d7,d5
(1) 2253/    12D2 : 0247 3FFF           		andi.w	#$3FFF,d7
(1) 2254/    12D6 : 8E7C 4000           		or.w	#$4000,d7
(1) 2255/    12DA : E55D                		rol.w	#2,d5
(1) 2256/    12DC : 0245 0003           		andi.w	#%11,d5
(1) 2257/    12E0 : 4845                		swap	d5
(1) 2258/    12E2 : 2A48                		move.l	a0,a5
(1) 2259/    12E4 :                     	; d7 -      TEMP       | VDP write left
(1) 2260/    12E4 :                     	; d6 -      TEMP       | Y next-line size
(1) 2261/    12E4 :                     	; d5 - VDP write right | X current pos
(1) 2262/    12E4 :                     	; d4 -                 | TEMP
(1) 2263/    12E4 :                     .loop:
(1) 2264/    12E4 : 3806                		move.w	d6,d4
(1) 2265/    12E6 : 5344                		subq.w	#1,d4
(1) 2266/    12E8 : CA44                		and.w	d4,d5
(1) 2267/    12EA : 2646                		move.l	d6,a3
(1) 2268/    12EC : 2848                		move.l	a0,a4
(1) 2269/    12EE : 3C09                		move.w	a1,d6
(1) 2270/    12F0 : 6172                		bsr	vid_PrintTValW
(1) 2271/    12F2 : 4CDF 78F0           		movem.l	(sp)+,d4-d7/a3-a6
(1) 2272/    12F6 : 4E75                		rts
(1) 2273/    12F8 :                     
(1) 2274/    12F8 :                     ; ------------------------------------------------
(1) 2275/    12F8 :                     ; a4 - Memory value
(1) 2276/    12F8 :                     ; d6 - Type
(1) 2277/    12F8 :                     
(1) 2278/    12F8 :                     vid_PrintTVal:
(1) 2279/    12F8 : 0246 0003           		andi.w	#%11,d6
(1) 2280/    12FC : 4847                		swap	d7
(1) 2281/    12FE : 3E3C 0000           		move.w	#1-1,d7
(1) 2282/    1302 : BC3C 0003           		cmp.b	#$03,d6
(1) 2283/    1306 : 6724                		beq.s	.show_long
(1) 2284/    1308 : BC3C 0002           		cmp.b	#$02,d6
(1) 2285/    130C : 6716                		beq.s	.show_24
(1) 2286/    130E : BC3C 0001           		cmp.b	#$01,d6
(1) 2287/    1312 : 6708                		beq.s	.show_word
(1) 2288/    1314 :                     .show_byte:
(1) 2289/    1314 : 1814                		move.b	(a4),d4
(1) 2290/    1316 : 4844                		swap	d4
(1) 2291/    1318 : E19C                		rol.l	#8,d4
(1) 2292/    131A : 6014                		bra.s	.mk_value
(1) 2293/    131C :                     .show_word:
(1) 2294/    131C : 3814                		move.w	(a4),d4
(1) 2295/    131E : 4844                		swap	d4
(1) 2296/    1320 : 5247                		addq.w	#1,d7
(1) 2297/    1322 : 600C                		bra.s	.mk_value
(1) 2298/    1324 :                     .show_24:
(1) 2299/    1324 : 2814                		move.l	(a4),d4
(1) 2300/    1326 : E19C                		rol.l	#8,d4
(1) 2301/    1328 : 5447                		addq.w	#2,d7
(1) 2302/    132A : 6004                		bra.s	.mk_value
(1) 2303/    132C :                     .show_long:
(1) 2304/    132C : 2814                		move.l	(a4),d4
(1) 2305/    132E : 5647                		addq.w	#3,d7
(1) 2306/    1330 :                     .mk_value:
(1) 2307/    1330 : E99C                		rol.l	#4,d4
(1) 2308/    1332 : 610E                		bsr.s	.show_nibbl
(1) 2309/    1334 : E99C                		rol.l	#4,d4
(1) 2310/    1336 : 610A                		bsr.s	.show_nibbl
(1) 2311/    1338 : 51CF FFF6           		dbf	d7,.mk_value
(1) 2312/    133C : 4846                		swap	d6
(1) 2313/    133E : 4847                		swap	d7
(1) 2314/    1340 : 4E75                		rts
(1) 2315/    1342 :                     .show_nibbl:
(1) 2316/    1342 : 2846                		move.l	d6,a4
(1) 2317/    1344 : 1C04                		move.b	d4,d6
(1) 2318/    1346 : 0246 000F           		andi.w	#$0F,d6
(1) 2319/    134A : 0C46 000A           		cmpi.w	#$0A,d6
(1) 2320/    134E : 6502                		bcs.s	.hex_incr
(1) 2321/    1350 : 5E46                		addq.w	#7,d6
(1) 2322/    1352 : DC7C 0030           .hex_incr:	add.w	#"0",d6
(1) 2323/    1356 :                     ; 		add.w	(RAM_SetPrntVram).w,d6
(1) 2324/    1356 : DC42                		add.w	d2,d6
(1) 2325/    1358 : 0446 0020           		subi.w	#$20,d6
(1) 2326/    135C : 3C86                		move.w	d6,(a6)
(1) 2327/    135E : 5445                		addq.w	#2,d5
(1) 2328/    1360 : 2C0C                		move.l	a4,d6
(1) 2329/    1362 : 4E75                		rts
(1) 2330/    1364 :                     
(1) 2331/    1364 :                     ; ------------------------------------------------
(1) 2332/    1364 :                     
(1) 2333/    1364 :                     vid_PrintTValW:
(1) 2334/    1364 : 0246 0003           		andi.w	#%11,d6
(1) 2335/    1368 : 4847                		swap	d7
(1) 2336/    136A : 3E3C 0000           		move.w	#1-1,d7
(1) 2337/    136E : BC3C 0003           		cmp.b	#$03,d6
(1) 2338/    1372 : 6724                		beq.s	.show_long
(1) 2339/    1374 : BC3C 0002           		cmp.b	#$02,d6
(1) 2340/    1378 : 6716                		beq.s	.show_24
(1) 2341/    137A : BC3C 0001           		cmp.b	#$01,d6
(1) 2342/    137E : 6708                		beq.s	.show_word
(1) 2343/    1380 :                     .show_byte:
(1) 2344/    1380 : 1814                		move.b	(a4),d4
(1) 2345/    1382 : 4844                		swap	d4
(1) 2346/    1384 : E19C                		rol.l	#8,d4
(1) 2347/    1386 : 6014                		bra.s	.mk_value_in
(1) 2348/    1388 :                     .show_word:
(1) 2349/    1388 : 3814                		move.w	(a4),d4
(1) 2350/    138A : 4844                		swap	d4
(1) 2351/    138C : 5247                		addq.w	#1,d7
(1) 2352/    138E : 600C                		bra.s	.mk_value_in
(1) 2353/    1390 :                     .show_24:
(1) 2354/    1390 : 2814                		move.l	(a4),d4
(1) 2355/    1392 : E19C                		rol.l	#8,d4
(1) 2356/    1394 : 5447                		addq.w	#2,d7
(1) 2357/    1396 : 6004                		bra.s	.mk_value_in
(1) 2358/    1398 :                     .show_long:
(1) 2359/    1398 : 2814                		move.l	(a4),d4
(1) 2360/    139A : 5647                		addq.w	#3,d7
(1) 2361/    139C :                     .mk_value_in:
(1) 2362/    139C : 2C0B                		move.l	a3,d6
(1) 2363/    139E :                     
(1) 2364/    139E :                     
(1) 2365/    139E :                     	; d4 - value
(1) 2366/    139E : 4846                		swap	d6
(1) 2367/    13A0 :                     .mk_value:
(1) 2368/    13A0 : E99C                		rol.l	#4,d4
(1) 2369/    13A2 : 610E                		bsr.s	.show_nibbl
(1) 2370/    13A4 : E99C                		rol.l	#4,d4
(1) 2371/    13A6 : 610A                		bsr.s	.show_nibbl
(1) 2372/    13A8 : 51CF FFF6           		dbf	d7,.mk_value
(1) 2373/    13AC : 4846                		swap	d6
(1) 2374/    13AE : 4847                		swap	d7
(1) 2375/    13B0 : 4E75                		rts
(1) 2376/    13B2 :                     
(1) 2377/    13B2 :                     	; d6 - Y next-line size | TEMP
(1) 2378/    13B2 :                     .show_nibbl:
(1) 2379/    13B2 : 2846                		move.l	d6,a4
(1) 2380/    13B4 : 2644                		move.l	d4,a3
(1) 2381/    13B6 : 3C38 F0F6           		move.w	(RAM_VdpRegSetC).w,d6
(1) 2382/    13BA : 0806 0002           		btst	#2,d6
(1) 2383/    13BE : 6730                		beq.s	.nibbl_norm
(1) 2384/    13C0 :                     
(1) 2385/    13C0 :                     	; TODO CHECAR ESTO
(1) 2386/    13C0 : 616C                		bsr.s	.get_preval
(1) 2387/    13C2 : 0446 0020           		subi.w	#$20,d6
(1) 2388/    13C6 : 4847                		swap	d7
(1) 2389/    13C8 :                     ; 		move.w	(RAM_SetPrntVramW).w,d4
(1) 2390/    13C8 : 3802                		move.w	d2,d4
(1) 2391/    13CA : 0244 07FF           		andi.w	#$7FF,d4
(1) 2392/    13CE : E24C                		lsr.w	#1,d4
(1) 2393/    13D0 : DC44                		add.w	d4,d6
(1) 2394/    13D2 :                     ; 		move.w	(RAM_SetPrntVramW).w,d4
(1) 2395/    13D2 : 3802                		move.w	d2,d4
(1) 2396/    13D4 : 0244 F800           		andi.w	#$F800,d4
(1) 2397/    13D8 : 8C44                		or.w	d4,d6
(1) 2398/    13DA : 3807                		move.w	d7,d4
(1) 2399/    13DC : 4847                		swap	d7
(1) 2400/    13DE : D845                		add.w	d5,d4
(1) 2401/    13E0 : 4845                		swap	d5
(1) 2402/    13E2 : 3D44 0004           		move.w	d4,4(a6)
(1) 2403/    13E6 : 3D45 0004           		move.w	d5,4(a6)
(1) 2404/    13EA : 4845                		swap	d5
(1) 2405/    13EC : 3C86                		move.w	d6,(a6)
(1) 2406/    13EE : 6036                		bra.s	.nibbl_cont
(1) 2407/    13F0 :                     
(1) 2408/    13F0 :                     .nibbl_norm:
(1) 2409/    13F0 : 613C                		bsr.s	.get_preval
(1) 2410/    13F2 : 0446 0020           		subi.w	#$20,d6
(1) 2411/    13F6 : DC46                		add.w	d6,d6
(1) 2412/    13F8 : DC42                		add.w	d2,d6
(1) 2413/    13FA : 4847                		swap	d7
(1) 2414/    13FC : 3807                		move.w	d7,d4
(1) 2415/    13FE : 4847                		swap	d7
(1) 2416/    1400 : D845                		add.w	d5,d4
(1) 2417/    1402 : 4845                		swap	d5
(1) 2418/    1404 : 3D44 0004           		move.w	d4,4(a6)
(1) 2419/    1408 : 3D45 0004           		move.w	d5,4(a6)
(1) 2420/    140C : 4845                		swap	d5
(1) 2421/    140E : 3C86                		move.w	d6,(a6)
(1) 2422/    1410 : 5246                		addq.w	#1,d6
(1) 2423/    1412 : 4846                		swap	d6
(1) 2424/    1414 : D846                		add.w	d6,d4
(1) 2425/    1416 : 4846                		swap	d6
(1) 2426/    1418 : 4845                		swap	d5
(1) 2427/    141A : 3D44 0004           		move.w	d4,4(a6)
(1) 2428/    141E : 3D45 0004           		move.w	d5,4(a6)
(1) 2429/    1422 : 4845                		swap	d5
(1) 2430/    1424 : 3C86                		move.w	d6,(a6)
(1) 2431/    1426 :                     .nibbl_cont:
(1) 2432/    1426 : 5445                		addq.w	#2,d5
(1) 2433/    1428 : 2C0C                		move.l	a4,d6
(1) 2434/    142A : 280B                		move.l	a3,d4
(1) 2435/    142C : 4E75                		rts
(1) 2436/    142E :                     
(1) 2437/    142E :                     .get_preval:
(1) 2438/    142E : 1C04                		move.b	d4,d6
(1) 2439/    1430 : 0246 000F           		andi.w	#$0F,d6
(1) 2440/    1434 : 0C46 000A           		cmpi.w	#$0A,d6
(1) 2441/    1438 : 6502                		bcs.s	.hex_incr
(1) 2442/    143A : 5E46                		addq.w	#7,d6
(1) 2443/    143C :                     .hex_incr:
(1) 2444/    143C : DC7C 0030           		add.w	#"0",d6
(1) 2445/    1440 : 4E75                		rts
(1) 2446/    1442 :                     
(1) 2447/    1442 :                     ; ====================================================================
(1) 2448/    1442 :                     ; ----------------------------------------------------------------
(1) 2449/    1442 :                     ; VDP Sprites
(1) 2450/    1442 :                     ; ----------------------------------------------------------------
(1) 2451/    1442 :                     
(1) 2452/    1442 :                     ; --------------------------------------------------------
(1) 2453/    1442 :                     ; Video_SetSpr, Video_MakeSpr
(1) 2454/    1442 :                     ;
(1) 2455/    1442 :                     ; Sets or Makes a VDP Sprite piece
(1) 2456/    1442 :                     ;
(1) 2457/    1442 :                     ; Input:
(1) 2458/    1442 :                     ; a0   | Slot (0-80) for _SetSpr
(1) 2459/    1442 :                     ; d0.w | X pos
(1) 2460/    1442 :                     ; d1.w | Y pos
(1) 2461/    1442 :                     ; d2.w | VRAM
(1) 2462/    1442 :                     ; d3.w | Size
(1) 2463/    1442 :                     ;
(1) 2464/    1442 :                     ; Returns:
(1) 2465/    1442 :                     ; bcc | OK
(1) 2466/    1442 :                     ; bcs | Ran out of slots (not sprites)
(1) 2467/    1442 :                     ; --------------------------------------------------------
(1) 2468/    1442 :                     
(1) 2469/    1442 :                     Video_SetSpr:
(1) 2470/    1442 : 48E7 0302           		movem.l	d6-d7/a6,-(sp)
(1) 2471/    1446 : 2E08                		move.l	a0,d7
(1) 2472/    1448 : 7C00                		moveq	#0,d6
(1) 2473/    144A : 6020                		bra	vidMdSpr_MkSpr
(1) 2474/    144C :                     Video_MakeSpr:
(1) 2475/    144C : 48E7 0302           		movem.l	d6-d7/a6,-(sp)
(1) 2476/    1450 : 7E00                		moveq	#0,d7
(1) 2477/    1452 : 4DF8 EC50           		lea	(RAM_SprPzList).w,a6
(1) 2478/    1456 : 7C4F                		moveq	#80-1,d6
(1) 2479/    1458 :                     .chk_free:
(1) 2480/    1458 : 0816 0007           		btst	#7,(a6)
(1) 2481/    145C : 670C                		beq.s	.mk_spr
(1) 2482/    145E : 5247                		addq.w	#1,d7
(1) 2483/    1460 : DCFC 0008           		adda	#8,a6
(1) 2484/    1464 : 51CE FFF2           		dbf	d6,.chk_free
(1) 2485/    1468 : 605C                		bra.s	vidMd_CError
(1) 2486/    146A :                     .mk_spr:
(1) 2487/    146A : 7C40                		moveq	#$40,d6
(1) 2488/    146C :                     vidMdSpr_MkSpr:
(1) 2489/    146C : 0287 0000 00FF      		andi.l	#$FF,d7
(1) 2490/    1472 : BE7C 0050           		cmp.w	#80,d7
(1) 2491/    1476 : 6C4E                		bge.s	vidMd_CError
(1) 2492/    1478 : E74F                		lsl.w	#3,d7
(1) 2493/    147A : 0687 FFFF EC50      		addi.l	#RAM_SprPzList,d7
(1) 2494/    1480 : 2C47                		move.l	d7,a6
(1) 2495/    1482 : 4846                		swap	d6
(1) 2496/    1484 : 3E01                		move.w	d1,d7			; Y pos
(1) 2497/    1486 : 0647 0080           		addi.w	#$80,d7			; +$80
(1) 2498/    148A : 0838 0002 F0F7      		btst	#2,(RAM_VdpRegSetC+1).w
(1) 2499/    1490 : 6704                		beq.s	.dont_add
(1) 2500/    1492 : 0647 0080           		addi.w	#$80,d7
(1) 2501/    1496 :                     .dont_add:
(1) 2502/    1496 : 0247 03FF           		andi.w	#$3FF,d7
(1) 2503/    149A : 3C03                		move.w	d3,d6
(1) 2504/    149C : 0246 000F           		andi.w	#%1111,d6
(1) 2505/    14A0 : E14E                		lsl.w	#8,d6
(1) 2506/    14A2 : E54E                		lsl.w	#2,d6
(1) 2507/    14A4 : 8E46                		or.w	d6,d7			; %00ssssyyyyyyyyyy
(1) 2508/    14A6 : 4846                		swap	d6
(1) 2509/    14A8 : E14E                		lsl.w	#8,d6
(1) 2510/    14AA : 8E7C 8000           		or.w	#$8000,d7
(1) 2511/    14AE : 8E46                		or.w	d6,d7
(1) 2512/    14B0 : 3CC7                		move.w	d7,(a6)+
(1) 2513/    14B2 : 3E00                		move.w	d0,d7
(1) 2514/    14B4 : 0647 0080           		addi.w	#$80,d7
(1) 2515/    14B8 : 3CC7                		move.w	d7,(a6)+
(1) 2516/    14BA : 3CC2                		move.w	d2,(a6)+
(1) 2517/    14BC : 4CDF 40C0           		movem.l	(sp)+,d6-d7/a6
(1) 2518/    14C0 : 023C 001E           		and	#%11110,ccr		; Return OK
(1) 2519/    14C4 : 4E75                		rts
(1) 2520/    14C6 :                     ; Carry error
(1) 2521/    14C6 :                     vidMd_CError:
(1) 2522/    14C6 : 4CDF 40C0           		movem.l	(sp)+,d6-d7/a6
(1) 2523/    14CA : 003C 0001           		or	#1,ccr			; Return Error
(1) 2524/    14CE :                     vidMd_CFreeze:
(1) 2525/    14CE : 4E75                		rts
(1) 2526/    14D0 :                     
(1) 2527/    14D0 :                     ; --------------------------------------------------------
(1) 2528/    14D0 :                     ; Video_SetSprMap, Video_MakeSprMap
(1) 2529/    14D0 :                     ; Video_SetSprMap_DMA, Video_MakeSprMap_DMA
(1) 2530/    14D0 :                     ;
(1) 2531/    14D0 :                     ; Sets or Makes a VDP Sprite with map data
(1) 2532/    14D0 :                     ;
(1) 2533/    14D0 :                     ; Input:
(1) 2534/    14D0 :                     ; a0   | Slot (0-80) for _SetSprMap/_SetSprMap_DMA
(1) 2535/    14D0 :                     ; a1   | Map data
(1) 2536/    14D0 :                     ; a2   | PLC data (_DMA/_DMA_Auto ONLY)
(1) 2537/    14D0 :                     ; a3   | Graphics data (_DMA/_DMA_Auto ONLY)
(1) 2538/    14D0 :                     ; d0.w | X position
(1) 2539/    14D0 :                     ; d1.w | Y position
(1) 2540/    14D0 :                     ; d2.w | VRAM output location
(1) 2541/    14D0 :                     ;        For _DMA_Auto: VRAM's attribute bits,
(1) 2542/    14D0 :                     ;        cell vram is ignored.
(1) 2543/    14D0 :                     ; d3.w | Frame number
(1) 2544/    14D0 :                     ;
(1) 2545/    14D0 :                     ; Returns:
(1) 2546/    14D0 :                     ; bcc | OK
(1) 2547/    14D0 :                     ; bcs | Ran out of slots (not sprites)
(1) 2548/    14D0 :                     ; --------------------------------------------------------
(1) 2549/    14D0 :                     
(1) 2550/    14D0 :                     Video_SetSprMap_DMA:
(1) 2551/    14D0 : 48E7 F0E0           		movem.l	d0-d3/a0-a2,-(sp)
(1) 2552/    14D4 : 6104                		bsr	Video_SetSprMap
(1) 2553/    14D6 : 651E                		bcs.s	vid_MkDmaCarry
(1) 2554/    14D8 : 6012                		bra	vid_MkDmaNext
(1) 2555/    14DA :                     Video_SetSprMap:
(1) 2556/    14DA : 48E7 0302           		movem.l	d6-d7/a6,-(sp)
(1) 2557/    14DE : 2E08                		move.l	a0,d7
(1) 2558/    14E0 : 7C00                		moveq	#0,d6
(1) 2559/    14E2 : 6036                		bra	vidMdSpr_MkSprMap
(1) 2560/    14E4 :                     Video_MakeSprMap_DMA:
(1) 2561/    14E4 : 48E7 F0E0           		movem.l	d0-d3/a0-a2,-(sp)
(1) 2562/    14E8 : 6112                		bsr	Video_MakeSprMap
(1) 2563/    14EA : 650A                		bcs.s	vid_MkDmaCarry
(1) 2564/    14EC :                     vid_MkDmaNext:
(1) 2565/    14EC : 204A                		move.l	a2,a0			; Redirect these regs
(1) 2566/    14EE : 224B                		move.l	a3,a1
(1) 2567/    14F0 : 3003                		move.w	d3,d0
(1) 2568/    14F2 : 3202                		move.w	d2,d1
(1) 2569/    14F4 : 6160                		bsr	vid_MkMapDma
(1) 2570/    14F6 :                     vid_MkDmaCarry:
(1) 2571/    14F6 : 4CDF 070F           		movem.l	(sp)+,d0-d3/a0-a2
(1) 2572/    14FA : 4E75                		rts
(1) 2573/    14FC :                     
(1) 2574/    14FC :                     Video_MakeSprMap:
(1) 2575/    14FC : 48E7 0302           		movem.l	d6-d7/a6,-(sp)
(1) 2576/    1500 : 7E00                		moveq	#0,d7
(1) 2577/    1502 : 4DF8 EAD0           		lea	(RAM_SprMapList).w,a6
(1) 2578/    1506 : 7C17                		moveq	#MAX_MDMAPSPR-1,d6
(1) 2579/    1508 :                     .chk_free:
(1) 2580/    1508 : 4A16                		tst.b	(a6)
(1) 2581/    150A : 670C                		beq.s	.mk_spr
(1) 2582/    150C : 5247                		addq.w	#1,d7
(1) 2583/    150E : DCFC 0010           		adda	#$10,a6
(1) 2584/    1512 : 51CE FFF4           		dbf	d6,.chk_free
(1) 2585/    1516 : 60AE                		bra	vidMd_CError
(1) 2586/    1518 :                     .mk_spr:
(1) 2587/    1518 : 7C40                		moveq	#$40,d6
(1) 2588/    151A :                     vidMdSpr_MkSprMap:
(1) 2589/    151A : 0287 0000 00FF      		andi.l	#$FF,d7
(1) 2590/    1520 : BE7C 0018           		cmp.w	#MAX_MDMAPSPR,d7
(1) 2591/    1524 : 6CA0                		bge	vidMd_CError
(1) 2592/    1526 : E98F                		lsl.l	#4,d7
(1) 2593/    1528 : 0687 FFFF EAD0      		addi.l	#RAM_SprMapList,d7
(1) 2594/    152E : 2C47                		move.l	d7,a6
(1) 2595/    1530 : 2E09                		move.l	a1,d7
(1) 2596/    1532 : 8C7C 0080           		or.w	#$80,d6
(1) 2597/    1536 : 4846                		swap	d6
(1) 2598/    1538 : E18E                		lsl.l	#8,d6
(1) 2599/    153A : CEBC 00FF FFFF      		and.l	#$FFFFFF,d7
(1) 2600/    1540 : 8E86                		or.l	d6,d7
(1) 2601/    1542 : 2CC7                		move.l	d7,(a6)+		; $00 - Map data
(1) 2602/    1544 : 3CC3                		move.w	d3,(a6)+		; $04 - Frame
(1) 2603/    1546 : 3CC2                		move.w	d2,(a6)+		; $06 - VRAM
(1) 2604/    1548 : 3CC0                		move.w	d0,(a6)+		; $08 - X pos
(1) 2605/    154A : 3CC1                		move.w	d1,(a6)+		; $0A - Y pos
(1) 2606/    154C : 4CDF 40C0           		movem.l	(sp)+,d6-d7/a6
(1) 2607/    1550 : 023C 001E           		and	#%11110,ccr		; Return OK
(1) 2608/    1554 : 4E75                		rts
(1) 2609/    1556 :                     
(1) 2610/    1556 :                     ; --------------------------------------------------------
(1) 2611/    1556 :                     ; Input:
(1) 2612/    1556 :                     ; a0   | DMA map data
(1) 2613/    1556 :                     ; a1   | Graphics data
(1) 2614/    1556 :                     ; d0.w | Current frame in DMA list
(1) 2615/    1556 :                     ; d1.w | VRAM position
(1) 2616/    1556 :                     ;
(1) 2617/    1556 :                     ; USES:
(1) 2618/    1556 :                     ; a6
(1) 2619/    1556 :                     vid_MkMapDma:
(1) 2620/    1556 : 48E7 0F02           		movem.l	d4-d7/a6,-(sp)		; SAVE a6
(1) 2621/    155A : 7800                		moveq	#0,d4
(1) 2622/    155C : 0240 00FF           		andi.w	#$FF,d0
(1) 2623/    1560 : D040                 		add.w	d0,d0
(1) 2624/    1562 : 3830 0000           		move.w	(a0,d0.w),d4
(1) 2625/    1566 : D0C4                 		adda	d4,a0
(1) 2626/    1568 : 3818                 		move.w	(a0)+,d4
(1) 2627/    156A : 6734                 		beq.s	.no_dma			; If no valid entries, exit.
(1) 2628/    156C : 6B32                 		bmi.s	.no_dma
(1) 2629/    156E : 5344                 		subq.w	#1,d4
(1) 2630/    1570 : 0241 07FF           		andi.w	#$07FF,d1
(1) 2631/    1574 : EB49                		lsl.w	#5,d1
(1) 2632/    1576 :                     .next_pz:
(1) 2633/    1576 : 4844                		swap	d4
(1) 2634/    1578 : 3818                		move.w	(a0)+,d4
(1) 2635/    157A : 3404                		move.w	d4,d2
(1) 2636/    157C : EE4A                		lsr.w	#7,d2
(1) 2637/    157E : 0242 01E0           		andi.w	#$1E0,d2
(1) 2638/    1582 : D47C 0020           		add.w	#$20,d2
(1) 2639/    1586 : 7000                		moveq	#0,d0
(1) 2640/    1588 : 3004                		move.w	d4,d0
(1) 2641/    158A : 0240 0FFF           		andi.w	#$FFF,d0
(1) 2642/    158E : EB48                		lsl.w	#5,d0
(1) 2643/    1590 : D089                		add.l	a1,d0
(1) 2644/    1592 : 6100 F666           		bsr	Video_MakeDmaEntry
(1) 2645/    1596 : D242                		add.w	d2,d1
(1) 2646/    1598 : 4844                		swap	d4
(1) 2647/    159A : 51CC FFDA           		dbf	d4,.next_pz
(1) 2648/    159E : EA49                		lsr.w	#5,d1			; Get d1 back
(1) 2649/    15A0 :                     .no_dma:
(1) 2650/    15A0 : 4CDF 40F0           		movem.l	(sp)+,d4-d7/a6		; Restore a6
(1) 2651/    15A4 : 4E75                		rts
(1) 2652/    15A6 :                     
(1) 2653/    15A6 :                     ; ====================================================================
(1) 2654/    15A6 :                     ; ----------------------------------------------------------------
(1) 2655/    15A6 :                     ; Video routines for SEGA CD
(1) 2656/    15A6 :                     ; ----------------------------------------------------------------
(1) 2657/    15A6 :                     
(1) 3193/    15A6 :                     
(1) 3194/    15A6 :                     ; ====================================================================
(1) 3195/    15A6 :                     ; ----------------------------------------------------------------
(1) 3196/    15A6 :                     ; Video routines for 32X
(1) 3197/    15A6 :                     ; ----------------------------------------------------------------
(1) 3198/    15A6 :                     
(1) 3933/    15A6 :                     
     182/    15A6 :                     		include	"nikona/md/system.asm"
(1)    1/    15A6 :                     ; ===========================================================================
(1)    2/    15A6 :                     ; ----------------------------------------------------------------
(1)    3/    15A6 :                     ; Genesis system routines
(1)    4/    15A6 :                     ;
(1)    5/    15A6 :                     ; including SCD, 32X and PICO.
(1)    6/    15A6 :                     ; ----------------------------------------------------------------
(1)    7/    15A6 :                     
(1)    8/    15A6 :                     ; ====================================================================
(1)    9/    15A6 :                     ; --------------------------------------------------------
(1)   10/    15A6 :                     ; Settings
(1)   11/    15A6 :                     ; --------------------------------------------------------
(1)   12/    15A6 :                     
(1)   13/    15A6 : ="SAVE"              TAG_SRAMDATA		equ "SAVE"	; 4-letter savefile id
(1)   14/    15A6 :                     
(1)   15/    15A6 :                     ; ===================================================================
(1)   16/    15A6 :                     ; --------------------------------------------------------
(1)   17/    15A6 :                     ; Variables
(1)   18/    15A6 :                     ; --------------------------------------------------------
(1)   19/    15A6 :                     
(1)   20/    15A6 :                     ; ------------------------------------------------
(1)   21/    15A6 :                     ; Controller buffer data
(1)   22/    15A6 :                     ;
(1)   23/    15A6 :                     ; MUST call System_Input during VBlank
(1)   24/    15A6 :                     ; ------------------------------------------------
(1)   25/    15A6 :                     
(1)   26/    15A6 :                     ; ------------------------------------------------
(1)   27/    15A6 :                     ; pad_id
(1)   28/    15A6 :                     ;
(1)   29/    15A6 :                     ; JoyID_MD:
(1)   30/    15A6 :                     ; Read pad_ver separately to check if controller
(1)   31/    15A6 :                     ; is 3button(0) or 6button(1)
(1)   32/    15A6 :                     ; ------------------------------------------------
(1)   33/    15A6 :                     
(1)   34/    15A6 :                     ;!@
(1)   35/    15A6 : =$5                  JoyCount		equ	$05		;!@ Number of controller ports
(1)   36/    15A6 : =$3                  JoyID_Mouse		equ $03
(1)   37/    15A6 : =$D                  JoyID_MD		equ $0D
(1)   38/    15A6 : =$F                  JoyID_MS		equ $0F		; <-- Same ID for no controller
(1)   39/    15A6 :                     
(1)   40/    15A6 :                     ; ------------------------------------------------
(1)   41/    15A6 :                     ; Genesis controller
(1)   42/    15A6 :                     ; ------------------------------------------------
(1)   43/    15A6 :                     
(1)   44/    15A6 : =$1                  JoyUp			equ $0001
(1)   45/    15A6 : =$2                  JoyDown			equ $0002
(1)   46/    15A6 : =$4                  JoyLeft			equ $0004
(1)   47/    15A6 : =$8                  JoyRight		equ $0008
(1)   48/    15A6 : =$10                 JoyB			equ $0010
(1)   49/    15A6 : =$20                 JoyC			equ $0020
(1)   50/    15A6 : =$40                 JoyA			equ $0040
(1)   51/    15A6 : =$80                 JoyStart		equ $0080
(1)   52/    15A6 : =$100                JoyZ			equ $0100
(1)   53/    15A6 : =$200                JoyY			equ $0200
(1)   54/    15A6 : =$400                JoyX			equ $0400
(1)   55/    15A6 : =$800                JoyMode			equ $0800
(1)   56/    15A6 : =$0                  bitJoyUp		equ 0
(1)   57/    15A6 : =$1                  bitJoyDown		equ 1
(1)   58/    15A6 : =$2                  bitJoyLeft		equ 2
(1)   59/    15A6 : =$3                  bitJoyRight		equ 3
(1)   60/    15A6 : =$4                  bitJoyB			equ 4
(1)   61/    15A6 : =$5                  bitJoyC			equ 5
(1)   62/    15A6 : =$6                  bitJoyA			equ 6
(1)   63/    15A6 : =$7                  bitJoyStart		equ 7
(1)   64/    15A6 : =$8                  bitJoyZ			equ 8
(1)   65/    15A6 : =$9                  bitJoyY			equ 9
(1)   66/    15A6 : =$A                  bitJoyX			equ 10
(1)   67/    15A6 : =$B                  bitJoyMode		equ 11
(1)   68/    15A6 :                     
(1)   69/    15A6 :                     ; ------------------------------------------------
(1)   70/    15A6 :                     ; Mega Mouse
(1)   71/    15A6 :                     ;
(1)   72/    15A6 :                     ; pad_x and pad_y are speed increment values,
(1)   73/    15A6 :                     ; NOT screen position.
(1)   74/    15A6 :                     ; ------------------------------------------------
(1)   75/    15A6 :                     
(1)   76/    15A6 : =$1                  ClickR			equ $0001
(1)   77/    15A6 : =$2                  ClickL			equ $0002
(1)   78/    15A6 : =$4                  ClickM			equ $0004	; US MOUSE ONLY
(1)   79/    15A6 : =$8                  ClickS			equ $0008	; (Untested)
(1)   80/    15A6 : =$0                  bitClickL		equ 0
(1)   81/    15A6 : =$1                  bitClickR		equ 1
(1)   82/    15A6 : =$2                  bitClickM		equ 2
(1)   83/    15A6 : =$3                  bitClickS		equ 3
(1)   84/    15A6 :                     
(1)   85/    15A6 :                     ; ------------------------------------------------
(1)   86/    15A6 :                     ; Sega PICO
(1)   87/    15A6 :                     ; Directons U/D/L/R use the same bits as Genesis.
(1)   88/    15A6 :                     ;
(1)   89/    15A6 :                     ; For reading the pen use pad_x and pad_y
(1)   90/    15A6 :                     ; pad_y:
(1)   91/    15A6 :                     ; $0000-$00EF - Tablet area
(1)   92/    15A6 :                     ; $0100-$01EF - Storyware area
(1)   93/    15A6 :                     ; ------------------------------------------------
(1)   94/    15A6 :                     
(1)   95/    15A6 : =$10                 JoyRED			equ $0010
(1)   96/    15A6 : =$80                 JoyPEN			equ $0080
(1)   97/    15A6 : =$4                  bitJoyRED		equ 4
(1)   98/    15A6 : =$7                  bitJoyPEN		equ 7
(1)   99/    15A6 :                     
(1)  100/    15A6 :                     ; ====================================================================
(1)  101/    15A6 :                     ; ----------------------------------------------------------------
(1)  102/    15A6 :                     ; Structs
(1)  103/    15A6 :                     ; ----------------------------------------------------------------
(1)  104/    15A6 :                     
(1)  105/    15A6 :                     ; ------------------------------------------------
(1)  106/    15A6 :                     ; RAM_InputData
(1)  107/    15A6 :                     ; ------------------------------------------------
(1)  108/    15A6 :                     
(1)  109/       0 :                     pad			struct
(1)  110/       0 :                     id			ds.b 1		; Controller ID
(1)  111/       1 :                     ver			ds.b 1		; Controller type/revision
(1)  112/       2 :                     hold			ds.w 1		; HOLD bits
(1)  113/       4 :                     press			ds.w 1		; PRESSED bits
(1)  114/       6 :                     release			ds.w 1		; RELEASED bits
(1)  115/       8 :                     x			ds.w 1		; Mouse/Pen X speed
(1)  116/       A :                     y			ds.w 1		; Mouse/Pen Y speed
(1)  117/       C :                     page			ds.w 1		; PICO page
(1)  118/       E :                     ext			ds.w 1
(1)  119/      10 :                     port	ds.l 1		;!@ MMIO addr for the controller port
(1)  120/      14 :                     ; pad_len		ds.l 0
(1)  121/    15A6 : =$14                 			endstruct
(1)  122/    15A6 :                     
(1)  123/    15A6 :                     ; ------------------------------------------------
(1)  124/    15A6 :                     ; The object's memory
(1)  125/    15A6 :                     ; ------------------------------------------------
(1)  126/    15A6 :                     
(1)  127/       0 :                     obj			struct
(1)  128/       0 :                     code			ds.l 1		; Object code, If 0 == blank slot
(1)  129/       4 :                     x			ds.l 1		; Object X Position $xxxx.0000
(1)  130/       8 :                     y			ds.l 1		; Object Y Position $yyyy.0000
(1)  131/       C :                     z			ds.l 1		; Object Z Position $zzzz.0000 (3D ONLY)
(1)  132/      10 :                     size_x			ds.w 1		; Object size Left/Right $llrr
(1)  133/      12 :                     size_y			ds.w 1		; Object size Up/Down $uudd
(1)  134/      14 :                     size_z			ds.w 1		; Object size Zback/Zfront $bbff starting from object's X/Y pointer in 10mm's (3D ONLY)
(1)  135/      16 :                     x_spd			ds.w 1		; Object X Speed $xx.00 (object_Speed)
(1)  136/      18 :                     y_spd			ds.w 1		; Object Y Speed $yy.00 ''
(1)  137/      1A :                     z_spd			ds.w 1		; Object Z Speed $zz.00 '' (3D ONLY)
(1)  138/      1C :                     index			ds.b 1		; Object current code index, mostly for init(0) and main(1)
(1)  139/      1D :                     subid			ds.b 1		; Object Sub-ID for custom placement settings
(1)  140/      1E :                     status			ds.b 1		; General purpose USER status: Falling, Floating, etc.
(1)  141/      1F :                     attr			ds.b 1		; Quick attribute bits for VRAM (depending of the type)
(1)  142/      20 :                     					; ** object_Animate ONLY:
(1)  143/      20 :                     frame			ds.w 1		; ** Current frame, object_Animate outputs here
(1)  144/      22 :                     anim_num		ds.w 1		; ** Animation number to use
(1)  145/      24 :                     anim_indx		ds.w 1		; ** Animation script index
(1)  146/      26 :                     anim_icur		ds.b 1		; ** Current animation id
(1)  147/      27 :                     anim_spd		ds.b 1		; ** Animation delay set on animation script
(1)  148/      28 :                     ram			ds.b $40	; Object's own RAM
(1)  149/      68 :                     ; obj_len		ds.l 0
(1)  150/    15A6 : =$68                 			endstruct
(1)  151/    15A6 :                     
(1)  152/    15A6 :                     ; ====================================================================
(1)  153/    15A6 :                     ; ----------------------------------------------------------------
(1)  154/    15A6 :                     ; RAM section
(1)  155/    15A6 :                     ; ----------------------------------------------------------------
(1)  156/    15A6 :                     
(1)  157/    15A6 : (MACRO)              			memory RAM_MdSystem
(1)  157/    15A6 : =$15A6               GLBL_LASTPC     := *
(1)  157/    15A6 :                                     dephase
(1)  157/FFFFFFFFFFFFF0F8 :                                     phase RAM_MDSYSTEM
(1)  157/FFFFFFFFFFFFF0F8 : =$FFFFFFFFFFFFF0F8   GLBL_LASTORG    := *
(1)  158/FFFFFFFFFFFFF0F8 :                     ;!@ RAM_InputData		ds.b pad_len*4		; Input data section
(1)  159/FFFFFFFFFFFFF0F8 :                     RAM_InputData		ds.b pad_len*JoyCount	; Input data section
(1)  160/FFFFFFFFFFFFF15C :                     RAM_SysRandVal		ds.l 1			; Random value
(1)  161/FFFFFFFFFFFFF160 :                     RAM_SysRandom		ds.l 1			; Randomness seed
(1)  162/FFFFFFFFFFFFF164 :                     RAM_SysLastBank		ds.l 1			; Last bank loaded
(1)  163/FFFFFFFFFFFFF168 :                     RAM_CurrObjList		ds.l 1			; Current pointer to objects
(1)  164/FFFFFFFFFFFFF16C :                     RAM_VBlankJump		ds.w 3			; VBlank jump (JMP xxxx xxxx)
(1)  165/FFFFFFFFFFFFF172 :                     RAM_HBlankJump		ds.w 3			; HBlank jump (JMP xxxx xxxx)
(1)  166/FFFFFFFFFFFFF178 :                     RAM_ExternalJump	ds.w 3			; External jump (JMP xxxx xxxx)
(1)  167/FFFFFFFFFFFFF17E :                     RAM_SaveEnable		ds.w 1			; Flag to enable SAVE data
(1)  168/FFFFFFFFFFFFF180 :                     RAM_ScreenMode		ds.w 1			; Current screen number
(1)  169/FFFFFFFFFFFFF182 :                     RAM_ScreenOption	ds.w 1			; Current screen setting (OPTIONAL)
(1)  170/FFFFFFFFFFFFF184 :                     RAM_CurrObjNum		ds.w 1
(1)  171/FFFFFFFFFFFFF186 :                     sizeof_mdsys		ds.l 0
(1)  172/FFFFFFFFFFFFF18C : (MACRO)              			endmemory
(1)  172/    163A :                     .here:          dephase
(1)  172/    163A :                                     ds.b -(.here-GLBL_LASTORG)
(1)  172/    15A6 :                                     phase GLBL_LASTPC
(1)  173/    15A6 :                     
(1)  174/    15A6 :                     ; ====================================================================
(1)  175/    15A6 :                     ; ----------------------------------------------------------------
(1)  176/    15A6 :                     ; Label aliases
(1)  177/    15A6 :                     ; ----------------------------------------------------------------
(1)  178/    15A6 :                     
(1)  179/    15A6 : =$FFFFFFFFFFFFF0F8   Controller_1		equ RAM_InputData
(1)  180/    15A6 : =$FFFFFFFFFFFFF10C   Controller_2		equ RAM_InputData+pad_len
(1)  181/    15A6 : =$FFFFFFFFFFFFF120   Controller_3		equ RAM_InputData+pad_len*2
(1)  182/    15A6 : =$FFFFFFFFFFFFF134   Controller_4		equ RAM_InputData+pad_len*3
(1)  183/    15A6 : =$FFFFFFFFFFFFF148   Controller_5		equ RAM_InputData+pad_len*4	;!@
(1)  184/    15A6 :                     
(1)  185/    15A6 :                     ; ====================================================================
(1)  186/    15A6 :                     ; --------------------------------------------------------
(1)  187/    15A6 :                     ; Init System
(1)  188/    15A6 :                     ; 
(1)  189/    15A6 :                     ; Uses:
(1)  190/    15A6 :                     ; a0-a2,d0-d1
(1)  191/    15A6 :                     ; --------------------------------------------------------
(1)  192/    15A6 :                     
(1)  193/    15A6 :                     System_Init:
(1)  194/    15A6 : 007C 0700           		or.w	#$0700,sr
(1)  195/    15AA :                     	;!@
(1)  203/    15AA :                     		
(1)  204/    15AA : 7040                		moveq	#%01000000,d0		; Init ports, TH=1
(1)  205/    15AC :                     	;!@ 
(1)  207/    15AC : 13C0 0080 0017      		move.b	d0,(pico_port_1_ctrl).l
(1)  209/    15B2 :                     		
(1)  210/    15B2 :                     	;!@ ???
(1)  216/    15B2 :                     		
(1)  217/    15B2 :                     	;!@
(1)  221/    15B2 :                     	
(1)  222/    15B2 : 303C 4EF9           		move.w	#$4EF9,d0		; JMP opcode
(1)  223/    15B6 : 31C0 F16C            		move.w	d0,(RAM_VBlankJump).w
(1)  224/    15BA : 31C0 F172           		move.w	d0,(RAM_HBlankJump).w
(1)  225/    15BE : 31C0 F178           		move.w	d0,(RAM_ExternalJump).w
(1)  226/    15C2 : 203C 0000 1906      		move.l	#VInt_Default,d0	; Set default interrupt jumps
(1)  227/    15C8 : 223C 0000 1906      		move.l	#HInt_Default,d1
(1)  228/    15CE : 243C 0000 1906      		move.l	#ExtInt_Default,d2
(1)  229/    15D4 : 6100 054C           		bsr	System_SetIntJumps
(1)  230/    15D8 : 41F8 F0F8           		lea	(RAM_InputData).w,a0	; Clear input data buffer
(1)  231/    15DC : 323C 0009           		move.w	#(pad_len/2)-1,d1
(1)  232/    15E0 : 7000                		moveq	#0,d0
(1)  233/    15E2 : 23C0 FFFF F164      		move.l	d0,(RAM_SysLastBank).l
(1)  234/    15E8 :                     .clrinput:
(1)  235/    15E8 : 30C0                		move.w	d0,(a0)+
(1)  236/    15EA : 51C9 FFFC           		dbf	d1,.clrinput
(1)  238/    15EE : 6100 02E8           		bsr	System_SramInit		; Init/Load SRAM
(1)  240/    15F2 : 027C F8FF           		andi.w	#$F8FF,sr
(1)  241/    15F6 :                     		
(1)  242/    15F6 :                     		;!@ Initialize controller port data addresses
(1)  243/    15F6 : 4EB9 0000 1650      		jsr	(System_Input_Init).l
(1)  244/    15FC : 4E75                		rts
(1)  245/    15FE :                     
(1)  246/    15FE :                     ; ====================================================================
(1)  247/    15FE :                     ; --------------------------------------------------------
(1)  248/    15FE :                     ; System_Render
(1)  249/    15FE :                     ;
(1)  250/    15FE :                     ; This will:
(1)  251/    15FE :                     ; - Drop a frame if we got late on VBlank
(1)  252/    15FE :                     ; - Process Palette fading buffers
(1)  253/    15FE :                     ;   (Video_MdMars_RunFade: CPU-INTENSIVE IF PROCESSING
(1)  254/    15FE :                     ;   BOTH VDP AND 32X SVDP Palettes)
(1)  255/    15FE :                     ; - Check the sound driver for any changes/requests
(1)  256/    15FE :                     ;   from Z80 (Sound_Update, several times)
(1)  257/    15FE :                     ; - 32X/CD32X only: Update the "DREQ RAM" section
(1)  258/    15FE :                     ;   to the SH2 using DREQ FIFO (System_MdMars_Update)
(1)  259/    15FE :                     ;
(1)  260/    15FE :                     ; Then during VBlank:
(1)  261/    15FE :                     ; - Read the Input data (System_Input)
(1)  262/    15FE :                     ; - Transfer the VDP Palette, Sprites and Scroll
(1)  263/    15FE :                     ;   from from RAM to VDP and process the DMA BLAST list.
(1)  264/    15FE :                     ;   (Video_Render)
(1)  265/    15FE :                     ;
(1)  266/    15FE :                     ; Notes:
(1)  267/    15FE :                     ; - This exits INSIDE VBlank
(1)  268/    15FE :                     ; - If VDP Display is disabled all of this
(1)  269/    15FE :                     ;   will be skipped.
(1)  270/    15FE :                     ; --------------------------------------------------------
(1)  271/    15FE :                     
(1)  272/    15FE :                     System_Render:
(1)  273/    15FE : 3E38 F0F2           		move.w	(RAM_VdpRegSet1).w,d7
(1)  274/    1602 : 0807 0006           		btst	#bitDispEnbl,d7
(1)  275/    1606 : 671C                		beq	.forgot_disp
(1)  276/    1608 : 6100 F81A           		bsr	Video_RunFade			; Process VDP palette fade
(1)  277/    160C :                     .wait_early:
(1)  278/    160C : 613E                		bsr	Sound_Update			; Update sound on wait
(1)  279/    160E : 3E39 00C0 0004      		move.w	(vdp_ctrl).l,d7
(1)  280/    1614 : 0807 0003           		btst	#bitVBlk,d7
(1)  281/    1618 : 66F2                		bne.s	.wait_early
(1)  282/    161A :                     	; ----------------------------------------
(1)  283/    161A :                     	; 32X/CD32X
(1)  313/    161A :                     ; ----------------------------------------
(1)  314/    161A : 610A                		bsr	.wait_vblank			; Genesis normal VBlank wait
(1)  315/    161C :                     ; ----------------------------------------
(1)  321/    161C :                     .from_late:
(1)  322/    161C : 612E                		bsr	Sound_Update
(1)  326/    161E : 52B8 F0DC           		addq.l	#1,(RAM_Framecount).w		; Count the frame.
(1)  327/    1622 : 6128                		bsr	Sound_Update
(1)  328/    1624 :                     .forgot_disp:
(1)  329/    1624 : 4E75                		rts
(1)  330/    1626 :                     
(1)  331/    1626 :                     ; ----------------------------------------
(1)  332/    1626 :                     ; Wait until beam reaches VBlank
(1)  333/    1626 :                     ; ----------------------------------------
(1)  334/    1626 :                     
(1)  335/    1626 : 6124                .wait_vblank:	bsr	Sound_Update			; Update sound on wait
(1)  336/    1628 : 3E39 00C0 0004      		move.w	(vdp_ctrl).l,d7
(1)  337/    162E : 0807 0003           		btst	#bitVBlk,d7
(1)  338/    1632 : 67F2                		beq.s	.wait_vblank
(1)  339/    1634 : 6160                		bsr	System_Input			; Read input data **FIRST**
(1)  340/    1636 : 6000 EEB2           		bra	Video_Render			; Render VDP Visuals
(1)  341/    163A :                     
(1)  342/    163A :                     ; ====================================================================
(1)  343/    163A :                     ; --------------------------------------------------------
(1)  344/    163A :                     ; System_DmaEnter_(from) and System_DmaEnter_(from)
(1)  345/    163A :                     ; from ROM or RAM
(1)  346/    163A :                     ;
(1)  347/    163A :                     ; Call these labels BEFORE and AFTER your
(1)  348/    163A :                     ; DMA-to-VDP transers, these are NOT needed for
(1)  349/    163A :                     ; FILL or COPY.
(1)  350/    163A :                     ;
(1)  351/    163A :                     ; This is where you put your Sound driver's Z80 stop
(1)  352/    163A :                     ; or pause calls here
(1)  353/    163A :                     ; SAVE THE REGISTERS THAT YOU GONNA USE TO STACK.
(1)  354/    163A :                     ; --------------------------------------------------------
(1)  355/    163A :                     
(1)  356/    163A :                     ; --------------------------------------------------------
(1)  357/    163A :                     ; *** THESE ENABLE AND DISABLE THE RV BIT ***
(1)  358/    163A :                     System_DmaEnter_ROM:
(1)  359/    163A : 6104                		bsr	System_DmaEnter_RAM
(1)  367/    163C : 4E75                		rts
(1)  368/    163E :                     
(1)  369/    163E :                     System_DmaExit_ROM:
(1)  377/    163E : 6004                		bra	System_DmaExit_RAM
(1)  378/    1640 :                     
(1)  379/    1640 :                     ; --------------------------------------------------------
(1)  380/    1640 :                     ; *** EXTERNAL JUMPS ***
(1)  381/    1640 :                     ; --------------------------------------------------------
(1)  382/    1640 :                     
(1)  383/    1640 :                     System_DmaEnter_RAM:
(1)  384/    1640 : 6000 ED04           		bra	gemaDmaPause
(1)  385/    1644 :                     System_DmaExit_RAM:
(1)  386/    1644 : 6000 ED02           		bra	gemaDmaResume
(1)  387/    1648 :                     
(1)  388/    1648 :                     ; ------------------------------------------------
(1)  389/    1648 :                     
(1)  408/    1648 :                     
(1)  409/    1648 :                     ; ====================================================================
(1)  410/    1648 :                     ; --------------------------------------------------------
(1)  411/    1648 :                     ; Init sound driver
(1)  412/    1648 :                     ; --------------------------------------------------------
(1)  413/    1648 :                     
(1)  414/    1648 :                     Sound_Init:
(1)  415/    1648 : 6000 EC30           		bra	gemaInit
(1)  416/    164C :                     
(1)  417/    164C :                     ; ====================================================================
(1)  418/    164C :                     ; --------------------------------------------------------
(1)  419/    164C :                     ; Update sound/syncronize with the Z80
(1)  420/    164C :                     ; --------------------------------------------------------
(1)  421/    164C :                     
(1)  422/    164C :                     Sound_Update:
(1)  423/    164C : 6000 EC44           		bra	gemaSendRam
(1)  424/    1650 :                     	
(1)  425/    1650 :                     ;!@ 	
(1)  426/    1650 :                     ; ====================================================================
(1)  427/    1650 :                     ; --------------------------------------------------------
(1)  428/    1650 :                     ; System_Input_Init
(1)  429/    1650 :                     ; Initializes the MMIO ports to poll for controller data (Controller_1 to Controller_5) based on platform (Pico or not-Pico)
(1)  430/    1650 :                     ;
(1)  431/    1650 :                     ; Uses: a0-a1
(1)  432/    1650 :                     ; --------------------------------------------------------
(1)  433/    1650 :                     
(1)  434/    1650 :                     System_Input_Init:	
(1)  436/    1650 :                     	;If Pico-based platforms, then:
(1)  437/    1650 :                     	;Controller_1 = Pico HARDWARE
(1)  438/    1650 :                     	;Controller_2 = Pico_ext port
(1)  439/    1650 :                     	
(1)  440/    1650 : 41F9 FFFF F0F8      	lea	(Controller_1).l,a0
(1)  441/    1656 : 43F9 0080 0003      	lea	(pico_btn).l,a1
(1)  442/    165C : 2149 0010           	move.l	a1,pad_port(a0)
(1)  443/    1660 :                     	
(1)  444/    1660 : 41F9 FFFF F10C      	lea	(Controller_2).l,a0
(1)  445/    1666 : 43F9 0080 0015      	lea	(pico_port_1_data).l,a1
(1)  446/    166C : 2149 0010           	move.l	a1,pad_port(a0)
(1)  447/    1670 :                     	
(1)  465/    1670 :                     	;Pico mods NOT installed, so:
(1)  466/    1670 :                     	;Controller_3-Controller_5 = Pico_ext port
(1)  467/    1670 : 41F9 FFFF F120      	lea	(Controller_3).l,a0
(1)  468/    1676 : 43F9 0080 0015      	lea	(pico_port_1_data).l,a1
(1)  469/    167C : 2149 0010           	move.l	a1,pad_port(a0)	
(1)  470/    1680 : 41F9 FFFF F134      	lea	(Controller_4).l,a0
(1)  471/    1686 : 2149 0010           	move.l	a1,pad_port(a0)
(1)  472/    168A : 41F9 FFFF F148      	lea	(Controller_5).l,a0
(1)  473/    1690 : 2149 0010           	move.l	a1,pad_port(a0)
(1)  475/    1694 :                     	
(1)  476/    1694 :                     	
(1)  498/    1694 :                     	
(1)  499/    1694 : 4E75                	rts
(1)  500/    1696 :                     ; ====================================================================
(1)  501/    1696 :                     
(1)  502/    1696 :                     
(1)  503/    1696 :                     ; ====================================================================
(1)  504/    1696 :                     ; --------------------------------------------------------
(1)  505/    1696 :                     ; System_Input
(1)  506/    1696 :                     ;
(1)  507/    1696 :                     ; Reads data from the Controller ports
(1)  508/    1696 :                     ;
(1)  509/    1696 :                     ; Call this during VBlank only once per frame,
(1)  510/    1696 :                     ; System_Render already calls this.
(1)  511/    1696 :                     ;
(1)  512/    1696 :                     ; Uses:
(1)  513/    1696 :                     ; d5-d7,a5-a6
(1)  514/    1696 :                     ; --------------------------------------------------------
(1)  515/    1696 :                     
(1)  516/    1696 :                     ; ----------------------------------------
(1)  517/    1696 :                     ; PICO input is hard-coded to
(1)  518/    1696 :                     ; Controller_1
(1)  519/    1696 :                     ;
(1)  520/    1696 :                     ; pad_hold/pad_press:
(1)  521/    1696 :                     ; %P00BRLDU
(1)  522/    1696 :                     ; UDLR - Arrows
(1)  523/    1696 :                     ;    B - BIG button red (JoyB)
(1)  524/    1696 :                     ;    P - Pen press/click (JoyStart)
(1)  525/    1696 :                     ;
(1)  526/    1696 :                     ; pad_x/pad_y:
(1)  527/    1696 :                     ; Pen X/Y position
(1)  528/    1696 :                     ; ----------------------------------------
(1)  529/    1696 :                     
(1)  530/    1696 :                     System_Input:
(1)  532/    1696 : 4DF8 F0F8           		lea	(RAM_InputData).w,a6
(1)  533/    169A :                     		;!@
(1)  534/    169A : 2A6E 0010           		move.l 	pad_port(a6),a5
(1)  535/    169E :                     		;lea	($800003).l,a5
(1)  536/    169E :                     		;lea	(pico_btn).l,a5
(1)  537/    169E : 7E00                		moveq	#0,d7
(1)  538/    16A0 : 1E15                		move.b	(a5),d7			; $800003: %P00BRLDU
(1)  539/    16A2 : 0A47 00FF           		eori.w	#$FF,d7
(1)  540/    16A6 : 3C07                		move.w	d7,d6
(1)  541/    16A8 : 3A2E 0002           		move.w	pad_hold(a6),d5
(1)  542/    16AC : BB47                		eor.w	d5,d7
(1)  543/    16AE : CE45                		and.w	d5,d7
(1)  544/    16B0 : 3D47 0006           		move.w	d7,pad_release(a6)
(1)  545/    16B4 : 3A2E 0002           		move.w	pad_hold(a6),d5
(1)  546/    16B8 : 0A45 00FF           		eori.w	#$FF,d5
(1)  547/    16BC : CA46                		and.w	d6,d5
(1)  548/    16BE : 3D45 0004           		move.w	d5,pad_press(a6)
(1)  549/    16C2 : 3D46 0002           		move.w	d6,pad_hold(a6)
(1)  550/    16C6 : 1E2D 0002           		move.b	2(a5),d7		;Pen X MSB
(1)  551/    16CA : E14F                		lsl.w	#8,d7
(1)  552/    16CC : 1E2D 0004           		move.b	4(a5),d7		;Pen X LSB
(1)  553/    16D0 : 9E7C 003C           		sub.w	#$3C,d7
(1)  554/    16D4 : 6A02                		bpl.s	.x_valid	 	; Failsafe negative X
(1)  555/    16D6 : 4247                		clr.w	d7
(1)  556/    16D8 :                     .x_valid:
(1)  557/    16D8 : 3D47 0008           		move.w	d7,pad_x(a6)
(1)  558/    16DC :                     	; $0000-$00EF - Tablet
(1)  559/    16DC :                     	; $0100-$01EF - Storyware
(1)  560/    16DC : 7E00                		moveq	#0,d7
(1)  561/    16DE : 1C2D 0006           		move.b	6(a5),d6		;Pen Y MSB
(1)  562/    16E2 : E14E                		lsl.w	#8,d6
(1)  563/    16E4 : 1C2D 0008           		move.b	8(a5),d6		;Pen Y LSB
(1)  564/    16E8 : 0446 01FC           		subi.w	#$1FC,d6
(1)  565/    16EC : 6B02                		bmi.s	.bad_y
(1)  566/    16EE : 3E06                		move.w	d6,d7
(1)  567/    16F0 :                     .bad_y:
(1)  568/    16F0 : 3D47 000A           		move.w	d7,pad_y(a6)
(1)  569/    16F4 : 1C2D 000A           		move.b	10(a5),d6		;Pico page
(1)  570/    16F8 : 7E00                		moveq	#0,d7
(1)  571/    16FA : 7A05                		moveq	#6-1,d5		; 6 pages
(1)  572/    16FC :                     .page_it:
(1)  573/    16FC : E24E                		lsr.w	#1,d6
(1)  574/    16FE : 6402                		bcc.s	.no_bit
(1)  575/    1700 : 5247                		addq.w	#1,d7
(1)  576/    1702 :                     .no_bit:
(1)  577/    1702 : 51CD FFF8           		dbf	d5,.page_it
(1)  578/    1706 : 1D47 000C           		move.b	d7,pad_page(a6)
(1)  579/    170A :                     	;!@ else
(1)  588/    170A :                     	
(1)  589/    170A : DCFC 0014           	adda	#pad_len,a6
(1)  590/    170E : 2A6E 0010           	move.l	pad_port(a6),a5
(1)  591/    1712 : 6120                	bsr.s	.this_one
(1)  592/    1714 :                     	
(1)  593/    1714 :                     	;if PICO_MODS == 1
(1)  594/    1714 : DCFC 0014           	adda	#pad_len,a6
(1)  595/    1718 : 2A6E 0010           	move.l	pad_port(a6),a5
(1)  596/    171C : 6116                	bsr.s	.this_one
(1)  597/    171E :                     	
(1)  598/    171E : DCFC 0014           	adda	#pad_len,a6
(1)  599/    1722 : 2A6E 0010           	move.l	pad_port(a6),a5
(1)  600/    1726 : 610C                	bsr.s	.this_one
(1)  601/    1728 :                     	
(1)  602/    1728 : DCFC 0014           	adda	#pad_len,a6
(1)  603/    172C : 2A6E 0010           	move.l	pad_port(a6),a5
(1)  604/    1730 : 6102                	bsr.s	.this_one
(1)  605/    1732 :                     	;endif
(1)  606/    1732 : 4E75                	rts
(1)  607/    1734 :                     	
(1)  608/    1734 :                     	; moveq	#JoyCount-1,d4		;!@
(1)  609/    1734 :                     	; lea		(RAM_InputData).w,a6	; a6 - Output
(1)  610/    1734 :                     		
(1)  611/    1734 :                     ; .poll:
(1)  612/    1734 :                     	; ;!@ lea	(sys_data_1),a5		; a5 - BASE Genesis Input regs area
(1)  613/    1734 :                     	; movea.l	pad_port(a6),a5
(1)  614/    1734 :                     	; bsr.s	.this_one
(1)  615/    1734 :                     	; ;!@ adda	#2,a5
(1)  616/    1734 :                     	; adda	#pad_len,a6
(1)  617/    1734 :                     	; dbf		d4,.poll			;!@
(1)  618/    1734 :                     	; rts
(1)  619/    1734 :                     ; ====================================================================
(1)  620/    1734 :                     
(1)  621/    1734 :                     ; ----------------------------------------
(1)  622/    1734 :                     ; Read port
(1)  623/    1734 :                     ;
(1)  624/    1734 :                     ; a5 - Current port
(1)  625/    1734 :                     ; a6 - Output data
(1)  626/    1734 :                     ; ----------------------------------------
(1)  627/    1734 :                     
(1)  628/    1734 :                     .this_one:
(1)  629/    1734 : 611C                		bsr	.pick_id
(1)  630/    1736 : 1C87                		move.b	d7,pad_id(a6)
(1)  631/    1738 : 0C47 000F           		cmpi.w	#$0F,d7
(1)  632/    173C : 670E                		beq.s	.exit
(1)  633/    173E : 0247 000F           		andi.w	#$0F,d7
(1)  634/    1742 : DE47                		add.w	d7,d7
(1)  635/    1744 : 3C3B 703C           		move.w	.list(pc,d7.w),d6
(1)  636/    1748 : 4EFB 6038           		jmp	.list(pc,d6.w)
(1)  637/    174C :                     .exit:
(1)  638/    174C : 422E 0001           		clr.b	pad_ver(a6)
(1)  639/    1750 : 4E75                		rts
(1)  640/    1752 :                     
(1)  641/    1752 :                     ; ----------------------------------------
(1)  642/    1752 :                     ; Grab ID
(1)  643/    1752 :                     ; ----------------------------------------
(1)  644/    1752 :                     
(1)  645/    1752 :                     .pick_id:
(1)  646/    1752 : 7E00                		moveq	#0,d7
(1)  647/    1754 : 1ABC 0070           		move.b	#%01110000,(a5)		; TH=1,TR=1,TL=1
(1)  648/    1758 : 4E71                		nop
(1)  649/    175A : 4E71                		nop
(1)  650/    175C : 610A                		bsr	.read
(1)  651/    175E : 1ABC 0030           		move.b	#%00110000,(a5)		; TH=0,TR=1,TL=1
(1)  652/    1762 : 4E71                		nop
(1)  653/    1764 : 4E71                		nop
(1)  654/    1766 : DE47                		add.w	d7,d7
(1)  655/    1768 :                     .read:
(1)  656/    1768 : 1A15                		move.b	(a5),d5
(1)  657/    176A : 1C05                		move.b	d5,d6
(1)  658/    176C : 0206 000C           		andi.b	#%1100,d6
(1)  659/    1770 : 6702                		beq.s	.step_1
(1)  660/    1772 : 5247                		addq.w	#1,d7
(1)  661/    1774 :                     .step_1:
(1)  662/    1774 : DE47                		add.w	d7,d7
(1)  663/    1776 : 1C05                		move.b	d5,d6
(1)  664/    1778 : 0246 0003           		andi.w	#%0011,d6
(1)  665/    177C : 6702                		beq.s	.step_2
(1)  666/    177E : 5247                		addq.w	#1,d7
(1)  667/    1780 :                     .step_2:
(1)  668/    1780 : 4E75                		rts
(1)  669/    1782 :                     
(1)  670/    1782 :                     ; ----------------------------------------
(1)  671/    1782 :                     ; Grab ID
(1)  672/    1782 :                     ; ----------------------------------------
(1)  673/    1782 :                     
(1)  674/    1782 :                     .list:
(1)  675/    1782 : FFCA                		dc.w .exit-.list	; $00
(1)  676/    1784 : FFCA                		dc.w .exit-.list
(1)  677/    1786 : FFCA                		dc.w .exit-.list
(1)  678/    1788 : 0020                		dc.w .id_03-.list	; $03 - Mega Mouse
(1)  679/    178A : FFCA                		dc.w .exit-.list	; $04
(1)  680/    178C : FFCA                		dc.w .exit-.list
(1)  681/    178E : FFCA                		dc.w .exit-.list
(1)  682/    1790 : FFCA                		dc.w .exit-.list
(1)  683/    1792 : FFCA                		dc.w .exit-.list	; $08
(1)  684/    1794 : FFCA                		dc.w .exit-.list
(1)  685/    1796 : FFCA                		dc.w .exit-.list
(1)  686/    1798 : FFCA                		dc.w .exit-.list
(1)  687/    179A : FFCA                		dc.w .exit-.list	; $0C
(1)  688/    179C : 00CA                		dc.w .id_0D-.list	; $0D - Genesis controller 3 or 6 button
(1)  689/    179E : FFCA                		dc.w .exit-.list
(1)  690/    17A0 : FFCA                		dc.w .exit-.list	; $0F - No controller / Master System controller (Buttons 1 and 2)
(1)  691/    17A2 :                     
(1)  692/    17A2 :                     ; ----------------------------------------
(1)  693/    17A2 :                     ; ID $03
(1)  694/    17A2 :                     ;
(1)  695/    17A2 :                     ; Mega Mouse
(1)  696/    17A2 :                     ; ----------------------------------------
(1)  697/    17A2 :                     
(1)  698/    17A2 :                     ; *** NOT TESTED ON HARDWARE ***
(1)  699/    17A2 :                     
(1)  700/    17A2 :                     .id_03:
(1)  701/    17A2 : 1ABC 0020           		move.b	#$20,(a5)
(1)  702/    17A6 : 1B7C 0060 0006      		move.b	#$60,6(a5)
(1)  703/    17AC : 0815 0004           		btst	#4,(a5)
(1)  704/    17B0 : 6700 0094           		beq.w	.invalid
(1)  705/    17B4 : 1ABC 0000           		move.b	#$00,(a5)	; $0F
(1)  706/    17B8 : 4E71                		nop
(1)  707/    17BA : 4E71                		nop
(1)  708/    17BC : 1ABC 0020           		move.b	#$20,(a5)	; $0F
(1)  709/    17C0 : 4E71                		nop
(1)  710/    17C2 : 4E71                		nop
(1)  711/    17C4 : 1ABC 0000           		move.b	#$00,(a5)	; Yo | Xo | Ys | Xs
(1)  712/    17C8 : 4E71                		nop
(1)  713/    17CA : 4E71                		nop
(1)  714/    17CC : 1A15                		move.b	(a5),d5		; d5 - X/Y direction bits (Ys Xs)
(1)  715/    17CE : 1ABC 0020           		move.b	#$20,(a5)	; C | M | R | L
(1)  716/    17D2 : 4E71                		nop
(1)  717/    17D4 : 4E71                		nop
(1)  718/    17D6 : 1E15                		move.b	(a5),d7
(1)  719/    17D8 : 0247 000F            		andi.w	#%1111,d7
(1)  720/    17DC : 3C2E 0002           		move.w	pad_hold(a6),d6
(1)  721/    17E0 : BF46                		eor.w	d7,d6
(1)  722/    17E2 : 3D47 0002           		move.w	d7,pad_hold(a6)
(1)  723/    17E6 : CC47                		and.w	d7,d6
(1)  724/    17E8 : 3D46 0004           		move.w	d6,pad_press(a6)
(1)  725/    17EC : 1ABC 0000           		move.b	#$00,(a5)	; X7 | X6 | X5 | X4
(1)  726/    17F0 : 4E71                		nop
(1)  727/    17F2 : 4E71                		nop
(1)  728/    17F4 : 1E15                		move.b	(a5),d7
(1)  729/    17F6 : 1ABC 0020           		move.b	#$20,(a5)	; X3 | X2 | X1 | X0
(1)  730/    17FA : 0247 000F           		andi.w	#%1111,d7
(1)  731/    17FE : E94F                		lsl.w	#4,d7
(1)  732/    1800 : 4E71                		nop
(1)  733/    1802 : 1C15                		move.b	(a5),d6
(1)  734/    1804 : 0246 000F           		andi.w	#%1111,d6
(1)  735/    1808 : 8E46                		or.w	d6,d7
(1)  736/    180A : 0805 0000           		btst    #0,d5
(1)  737/    180E : 6704                		beq.s	.x_neg
(1)  738/    1810 : 4407                		neg.b	d7
(1)  739/    1812 : 4447                		neg.w	d7
(1)  740/    1814 :                     .x_neg:
(1)  741/    1814 : 3D47 0008           		move.w	d7,pad_x(a6)
(1)  742/    1818 : 1ABC 0000           		move.b	#$00,(a5)	; Y7 | Y6 | Y5 | Y4
(1)  743/    181C : 4E71                		nop
(1)  744/    181E : 4E71                		nop
(1)  745/    1820 : 1E15                		move.b	(a5),d7
(1)  746/    1822 : 1ABC 0020           		move.b	#$20,(a5)	; Y3 | Y2 | Y1 | Y0
(1)  747/    1826 : 0247 000F           		andi.w	#%1111,d7
(1)  748/    182A : E94F                		lsl.w	#4,d7
(1)  749/    182C : 4E71                		nop
(1)  750/    182E : 1C15                		move.b	(a5),d6
(1)  751/    1830 : 0246 000F           		andi.w	#%1111,d6
(1)  752/    1834 : 8E46                		or.w	d6,d7
(1)  753/    1836 : 0805 0001           		btst    #1,d5
(1)  754/    183A : 6704                		beq.s	.y_neg
(1)  755/    183C : 4407                		neg.b	d7
(1)  756/    183E : 4447                		neg.w	d7
(1)  757/    1840 :                     .y_neg:
(1)  758/    1840 : 4447                		neg.w	d7		; Reverse Y
(1)  759/    1842 : 3D47 000A           		move.w	d7,pad_y(a6)
(1)  760/    1846 :                     
(1)  761/    1846 :                     .invalid:
(1)  762/    1846 : 1ABC 0060           		move.b	#$60,(a5)
(1)  763/    184A : 4E75                		rts
(1)  764/    184C :                     
(1)  765/    184C :                     ; ----------------------------------------
(1)  766/    184C :                     ; ID $0D
(1)  767/    184C :                     ;
(1)  768/    184C :                     ; Normal controller: 3 button or 6 button.
(1)  769/    184C :                     ; ----------------------------------------
(1)  770/    184C :                     
(1)  771/    184C :                     .id_0D:
(1)  772/    184C : 1ABC 0040           		move.b	#$40,(a5)	; Show CB|RLDU
(1)  773/    1850 : 4E71                		nop
(1)  774/    1852 : 4E71                		nop
(1)  775/    1854 : 1A15                		move.b	(a5),d5
(1)  776/    1856 : 0245 003F           		andi.w	#%00111111,d5
(1)  777/    185A : 1ABC 0000           		move.b	#$00,(a5)	; Show SA|RLDU
(1)  778/    185E : 4E71                		nop
(1)  779/    1860 : 4E71                		nop
(1)  780/    1862 : 1E15                		move.b	(a5),d7
(1)  781/    1864 : E54F                		lsl.w	#2,d7
(1)  782/    1866 : 0247 00C0           		andi.w	#%11000000,d7
(1)  783/    186A : 8E45                		or.w	d5,d7
(1)  784/    186C : 1ABC 0040           		move.b	#$40,(a5)	; Show CB|RLDU (2)
(1)  785/    1870 : 4647                		not.w	d7
(1)  786/    1872 : 1A2E 0003           		move.b	pad_hold+1(a6),d5
(1)  787/    1876 : 1805                		move.b	d5,d4
(1)  788/    1878 : 1ABC 0000           		move.b	#$00,(a5)	; Show SA|RLDU (3)
(1)  789/    187C : BF05                		eor.b	d7,d5
(1)  790/    187E : 1D47 0003           		move.b	d7,pad_hold+1(a6)
(1)  791/    1882 : CA07                		and.b	d7,d5
(1)  792/    1884 : 1ABC 0040           		move.b	#$40,(a5)	; 6 button responds (4)
(1)  793/    1888 : 1D45 0005           		move.b	d5,pad_press+1(a6)
(1)  794/    188C : 1A07                		move.b	d7,d5
(1)  795/    188E : 1E15                		move.b	(a5),d7		; Grab ??|MXYZ
(1)  796/    1890 : 1ABC 0000            		move.b	#$00,(a5)	; (5)
(1)  797/    1894 : B905                		eor.b	d4,d5
(1)  798/    1896 : CA04                		and.b	d4,d5
(1)  799/    1898 : 1C15                 		move.b	(a5),d6		; Type: $03 old, $0F new
(1)  800/    189A : 1ABC 0040            		move.b	#$40,(a5)	; (6)
(1)  801/    189E : 1D45 0007           		move.b	d5,pad_release+1(a6)
(1)  802/    18A2 : 0246 000F           		andi.w	#$F,d6
(1)  803/    18A6 : E44E                		lsr.w	#2,d6
(1)  804/    18A8 : 0246 0001           		andi.w	#1,d6
(1)  805/    18AC : 6724                		beq.s	.oldpad
(1)  806/    18AE : 4607                		not.b	d7
(1)  807/    18B0 : 0247 000F            		andi.w	#%1111,d7
(1)  808/    18B4 : 1C07                 		move.b	d7,d6
(1)  809/    18B6 : 1A2E 0002           		move.b	pad_hold(a6),d5
(1)  810/    18BA : BB06                		eor.b	d5,d6
(1)  811/    18BC : CC05                		and.b	d5,d6
(1)  812/    18BE : 1D46 0006           		move.b	d6,pad_release(a6)
(1)  813/    18C2 : 1A2E 0002           		move.b	pad_hold(a6),d5
(1)  814/    18C6 : BF05                		eor.b	d7,d5
(1)  815/    18C8 : 1D47 0002           		move.b	d7,pad_hold(a6)
(1)  816/    18CC : CA07                		and.b	d7,d5
(1)  817/    18CE : 1D45 0004           		move.b	d5,pad_press(a6)
(1)  818/    18D2 :                     .oldpad:
(1)  819/    18D2 : 1D46 0001           		move.b	d6,pad_ver(a6)
(1)  820/    18D6 : 4E75                		rts
(1)  821/    18D8 :                     	;!@ endif
(1)  822/    18D8 :                     
(1)  823/    18D8 :                     ; ====================================================================
(1)  824/    18D8 :                     ; ----------------------------------------------------------------
(1)  825/    18D8 :                     ; SRAM/BRAM Support
(1)  826/    18D8 :                     ; ----------------------------------------------------------------
(1)  827/    18D8 :                     
(1)  828/    18D8 :                     ; --------------------------------------------------------
(1)  829/    18D8 :                     ; System_SramInit
(1)  830/    18D8 :                     ;
(1)  831/    18D8 :                     ; Enable SRAM/BRAM support
(1)  832/    18D8 :                     ; SET_ENBLSAVE must be set to True (rominfo.asm)
(1)  833/    18D8 :                     ;
(1)  834/    18D8 :                     ; Input:
(1)  835/    18D8 :                     ; a0 | CD/CD32X ONLY: Save data settings for BRAM
(1)  836/    18D8 :                     ;      dc.b "SAVE_NAME__",0
(1)  837/    18D8 :                     ;      dc.w SET_SRAMSIZE/$40 ; (save_size/$20 if using
(1)  838/    18D8 :                     ;                            ; protection)
(1)  839/    18D8 :                     ;      dc.w flags:
(1)  840/    18D8 :                     ;            0 | Normal
(1)  841/    18D8 :                     ;           -1 | Protected
(1)  842/    18D8 :                     ;
(1)  843/    18D8 :                     ; Notes:
(1)  844/    18D8 :                     ; - Already called by System_Init
(1)  845/    18D8 :                     ; - ONLY modify the RAM_SaveData section and
(1)  846/    18D8 :                     ;   then call System_SramSave to save it into SRAM/BRAM.
(1)  847/    18D8 :                     ;
(1)  848/    18D8 :                     ; CD/CD32X ONLY:
(1)  849/    18D8 :                     ; - NO lowercase CHARACTERS, NO " "($20) SPACES.
(1)  850/    18D8 :                     ; - BE CAREFUL CHOOSING YOUR FILENAME as it can
(1)  851/    18D8 :                     ;   OVERWRITE without warning any other save.
(1)  852/    18D8 :                     ; - Call gemaStopAll FIRST if any track uses
(1)  853/    18D8 :                     ;   PCM samples
(1)  854/    18D8 :                     ; --------------------------------------------------------
(1)  855/    18D8 :                     
(1)  856/    18D8 :                     System_SramInit:
(1)  858/    18D8 :                     
(1)  860/    18D8 : 4E71                		nop						; Pico can't use save data
(1)  921/    18DA :                     .cant_use:
(1)  922/    18DA : 6002                		bra	System_SramLoad
(1)  923/    18DC :                     .already_set:
(1)  924/    18DC : 4E75                		rts
(1)  926/    18DE :                     
(1)  927/    18DE :                     ; --------------------------------------------------------
(1)  928/    18DE :                     ; System_SramLoad
(1)  929/    18DE :                     ;
(1)  930/    18DE :                     ; Load the SRAM/BRAM to the SAVE data buffer
(1)  931/    18DE :                     ; SET_ENBLSAVE must be set to True (rominfo.asm)
(1)  932/    18DE :                     ;
(1)  933/    18DE :                     ; Notes:
(1)  934/    18DE :                     ; CD/CD32X ONLY:
(1)  935/    18DE :                     ; - Call gemaStopAll FIRST if any track uses
(1)  936/    18DE :                     ;   PCM samples
(1)  937/    18DE :                     ; --------------------------------------------------------
(1)  938/    18DE :                     
(1)  939/    18DE :                     System_SramLoad:
(1)  941/    18DE :                     
(1)  943/    18DE : 4E71                		nop			; Pico can't use save data
(1) 1023/    18E0 : 4E75                		rts
(1) 1025/    18E2 :                     
(1) 1026/    18E2 :                     ; --------------------------------------------------------
(1) 1027/    18E2 :                     ; System_SramSave
(1) 1028/    18E2 :                     ;
(1) 1029/    18E2 :                     ; Write the SAVE data buffer to SRAM/BRAM
(1) 1030/    18E2 :                     ; SET_ENBLSAVE must be set to True (rominfo.asm)
(1) 1031/    18E2 :                     ;
(1) 1032/    18E2 :                     ; Notes:
(1) 1033/    18E2 :                     ; CD/CD32X ONLY:
(1) 1034/    18E2 :                     ; - Call gemaStopAll FIRST if any track uses
(1) 1035/    18E2 :                     ;   PCM samples
(1) 1036/    18E2 :                     ; --------------------------------------------------------
(1) 1037/    18E2 :                     
(1) 1038/    18E2 :                     System_SramSave:
(1) 1040/    18E2 :                     
(1) 1042/    18E2 : 4E71                		nop			; Pico can't use save data
(1) 1117/    18E4 : 4E75                		rts
(1) 1118/    18E6 :                     
(1) 1119/    18E6 :                     ; ============================================================
(1) 1120/    18E6 :                     ; --------------------------------------------------------
(1) 1121/    18E6 :                     ; System_Default
(1) 1122/    18E6 :                     ;
(1) 1123/    18E6 :                     ; Initializes current screen mode
(1) 1124/    18E6 :                     ;
(1) 1125/    18E6 :                     ; Uses:
(1) 1126/    18E6 :                     ; ALL
(1) 1127/    18E6 :                     ; --------------------------------------------------------
(1) 1128/    18E6 :                     
(1) 1129/    18E6 :                     System_Default:
(1) 1130/    18E6 : 007C 0700           		ori.w	#$0700,sr			; Disable interrupts
(1) 1131/    18EA : 4DF8 B000           		lea	(RAM_ScrnBuff).w,a6
(1) 1132/    18EE : 3E3C 1FFF           		move.w	#MAX_ScrnBuff-1,d7
(1) 1133/    18F2 : 7C00                		moveq	#0,d6
(1) 1134/    18F4 :                     .clr_loop:
(1) 1135/    18F4 : 1CC6                		move.b	d6,(a6)+
(1) 1136/    18F6 : 51CF FFFC           		dbf	d7,.clr_loop
(1) 1137/    18FA : 6100 EEEC           		bsr	Video_Clear
(1) 1138/    18FE : 6100 EB9C           		bsr	Video_Default
(1) 1139/    1902 : 6000 02DE           		bra	Objects_Init			; Reset all objects
(1) 1140/    1906 :                     
(1) 1141/    1906 :                     ; ====================================================================
(1) 1142/    1906 :                     ; ----------------------------------------------------------------
(1) 1143/    1906 :                     ; Default interrupts
(1) 1144/    1906 :                     ; ----------------------------------------------------------------
(1) 1145/    1906 :                     
(1) 1146/    1906 :                     ; --------------------------------------------------------
(1) 1147/    1906 :                     ; VBlank
(1) 1148/    1906 :                     ; --------------------------------------------------------
(1) 1149/    1906 :                     
(1) 1150/    1906 :                     VInt_Default:
(1) 1151/    1906 :                     ; 		rte
(1) 1152/    1906 :                     
(1) 1153/    1906 :                     ; --------------------------------------------------------
(1) 1154/    1906 :                     ; HBlank
(1) 1155/    1906 :                     ; --------------------------------------------------------
(1) 1156/    1906 :                     
(1) 1157/    1906 :                     HInt_Default:
(1) 1158/    1906 :                     ; 		rte
(1) 1159/    1906 :                     
(1) 1160/    1906 :                     ; --------------------------------------------------------
(1) 1161/    1906 :                     ; External interrupt
(1) 1162/    1906 :                     ; --------------------------------------------------------
(1) 1163/    1906 :                     
(1) 1164/    1906 :                     ExtInt_Default:
(1) 1165/    1906 : 4E73                		rte
(1) 1166/    1908 :                     
(1) 1167/    1908 :                     ; ====================================================================
(1) 1168/    1908 :                     ; ------------------------------------------------------------
(1) 1169/    1908 :                     ; Subroutines
(1) 1170/    1908 :                     ; ------------------------------------------------------------
(1) 1171/    1908 :                     
(1) 1172/    1908 :                     ; --------------------------------------------------------
(1) 1173/    1908 :                     ; System_Random, System_Random_Seed
(1) 1174/    1908 :                     ;
(1) 1175/    1908 :                     ; Generate random value
(1) 1176/    1908 :                     ;
(1) 1177/    1908 :                     ; Input:
(1) 1178/    1908 :                     ; d0.l | Seed value (_Random_Seed ONLY)
(1) 1179/    1908 :                     ;
(1) 1180/    1908 :                     ; Returns:
(1) 1181/    1908 :                     ; d0.l | Result value
(1) 1182/    1908 :                     ; --------------------------------------------------------
(1) 1183/    1908 :                     
(1) 1184/    1908 :                     System_Random_Seed:
(1) 1185/    1908 : 2F04                		move.l	d4,-(sp)
(1) 1186/    190A : 2800                		move.l	d0,d4
(1) 1187/    190C : 6114                		bsr	sysRnd_MkValue
(1) 1188/    190E : 281F                		move.l	(sp)+,d4
(1) 1189/    1910 : 4E75                		rts
(1) 1190/    1912 :                     System_Random:
(1) 1191/    1912 : 2F04                		move.l	d4,-(sp)
(1) 1192/    1914 : 2838 F160           		move.l	(RAM_SysRandom).w,d4
(1) 1193/    1918 : 6108                		bsr	sysRnd_MkValue
(1) 1194/    191A : 21C4 F160           		move.l	d4,(RAM_SysRandom).w
(1) 1195/    191E : 281F                		move.l	(sp)+,d4
(1) 1196/    1920 : 4E75                		rts
(1) 1197/    1922 :                     sysRnd_MkValue:
(1) 1198/    1922 : 4A84                		tst.l	d4
(1) 1199/    1924 : 660E                		bne.s	.has_seed
(1) 1200/    1926 : 2838 F0DC           		move.l	(RAM_FrameCount).w,d4
(1) 1201/    192A : E1BC                		rol.l	d0,d4
(1) 1202/    192C : E2BC                		ror.l	d1,d4
(1) 1203/    192E : D8BC 23B5 1947      		add.l	#$23B51947,d4		; Restart SEED if zero.
(1) 1204/    1934 :                     .has_seed:
(1) 1205/    1934 : 2004                		move.l	d4,d0
(1) 1206/    1936 : E484                		asr.l	#2,d4
(1) 1207/    1938 : D880                		add.l	d0,d4
(1) 1208/    193A : E79C                		rol.l	#3,d4
(1) 1209/    193C : D880                		add.l	d0,d4
(1) 1210/    193E : 3004                		move.w	d4,d0
(1) 1211/    1940 : 4844                		swap	d4
(1) 1212/    1942 : D044                		add.w	d4,d0
(1) 1213/    1944 : 3800                		move.w	d0,d4
(1) 1214/    1946 : E0BC                		ror.l	d0,d4
(1) 1215/    1948 : 4844                		swap	d4
(1) 1216/    194A : 4E75                		rts
(1) 1217/    194C :                     
(1) 1218/    194C :                     ; --------------------------------------------------------
(1) 1219/    194C :                     ; System_DiceRoll, System_DiceRoll_Seed
(1) 1220/    194C :                     ;
(1) 1221/    194C :                     ; Pick a random number using a maximum value,
(1) 1222/    194C :                     ; uses System_Random
(1) 1223/    194C :                     ;
(1) 1224/    194C :                     ; Input:
(1) 1225/    194C :                     ; d0.l | Maximum number + 1
(1) 1226/    194C :                     ; d1.l | Starting seed (_DiceRoll_Seed ONLY)
(1) 1227/    194C :                     ;
(1) 1228/    194C :                     ; Returns:
(1) 1229/    194C :                     ; d0.w | Output value
(1) 1230/    194C :                     ; --------------------------------------------------------
(1) 1231/    194C :                     
(1) 1232/    194C :                     System_DiceRoll_Seed:
(1) 1233/    194C : 48E7 0C00           		movem.l	d4-d5,-(sp)
(1) 1234/    1950 : 2A00                		move.l	d0,d5
(1) 1235/    1952 : 2801                		move.l	d1,d4
(1) 1236/    1954 : 61B2                		bsr	System_Random_Seed
(1) 1237/    1956 : C0BC 0000 FFFF      		and.l	#$FFFF,d0
(1) 1238/    195C : C0C5                		mulu.w	d5,d0
(1) 1239/    195E : 4840                		swap	d0
(1) 1240/    1960 : C0BC 0000 FFFF      		and.l	#$FFFF,d0
(1) 1241/    1966 : 4CDF 0030           		movem.l	(sp)+,d4-d5
(1) 1242/    196A : 4E75                		rts
(1) 1243/    196C :                     
(1) 1244/    196C :                     System_DiceRoll:
(1) 1245/    196C : 2F04                		move.l	d4,-(sp)
(1) 1246/    196E : 2800                		move.l	d0,d4
(1) 1247/    1970 : 61A0                		bsr	System_Random
(1) 1248/    1972 : C0BC 0000 FFFF      		and.l	#$FFFF,d0
(1) 1249/    1978 : C0C4                		mulu.w	d4,d0
(1) 1250/    197A : 4840                		swap	d0
(1) 1251/    197C : C0BC 0000 FFFF      		and.l	#$FFFF,d0
(1) 1252/    1982 : 281F                		move.l	(sp)+,d4
(1) 1253/    1984 : 4E75                		rts
(1) 1254/    1986 :                     
(1) 1255/    1986 :                     ; --------------------------------------------------------
(1) 1256/    1986 :                     ; System_SineWave, System_SineWave_Cos
(1) 1257/    1986 :                     ;
(1) 1258/    1986 :                     ; Get Sine or Cosine value
(1) 1259/    1986 :                     ;
(1) 1260/    1986 :                     ; Input:
(1) 1261/    1986 :                     ; d0.w | Tan value: 0-511
(1) 1262/    1986 :                     ;
(1) 1263/    1986 :                     ; Returns:
(1) 1264/    1986 :                     ; d1.w | Result
(1) 1265/    1986 :                     ; --------------------------------------------------------
(1) 1266/    1986 :                     
(1) 1267/    1986 :                     System_SineWave_Cos:
(1) 1268/    1986 : 2F07                		move.l	d7,-(sp)
(1) 1269/    1988 : 3E00                		move.w	d0,d7
(1) 1270/    198A : 0647 0080           		addi.w  #$80,d7
(1) 1271/    198E : 6004                		bra	sys_SineWave
(1) 1272/    1990 :                     System_SineWave:
(1) 1273/    1990 : 2F07                		move.l	d7,-(sp)
(1) 1274/    1992 : 3E00                		move.w	d0,d7
(1) 1275/    1994 :                     sys_SineWave:
(1) 1276/    1994 : 0247 01FF           		andi.w	#$1FF,d7
(1) 1277/    1998 : 3207                		move.w	d7,d1
(1) 1278/    199A : 0807 0007           		btst	#7,d7
(1) 1279/    199E : 6702                		beq.s	.loc_7EFA
(1) 1280/    19A0 : 4641                		not.w	d1
(1) 1281/    19A2 :                     .loc_7EFA:
(1) 1282/    19A2 : 0241 007F           		andi.w  #$7F,d1
(1) 1283/    19A6 : D241                		add.w	d1,d1
(1) 1284/    19A8 : 323B 1010           		move.w  .sine_data(pc,d1.w),d1
(1) 1285/    19AC : 0807 0008           		btst    #8,d7
(1) 1286/    19B0 : 6702                		beq.s   .loc_7F0C
(1) 1287/    19B2 : 4441                		neg.w   d1
(1) 1288/    19B4 :                     .loc_7F0C:
(1) 1289/    19B4 : 48C1                		ext.l	d1
(1) 1290/    19B6 : 2E1F                		move.l (sp)+,d7
(1) 1291/    19B8 : 4E75                		rts
(1) 1292/    19BA :                     
(1) 1293/    19BA :                     .sine_data:
(1) 1294/    19BA :                     		binclude "nikona/md/data/sine_data.bin"
(1) 1295/    1ABA :                     		align 2
(1) 1296/    1ABA :                     
(1) 1297/    1ABA :                     ; --------------------------------------------------------
(1) 1298/    1ABA :                     ; System_BCD_AddB, System_BCD_AddW, System_BCD_AddL
(1) 1299/    1ABA :                     ; System_BCD_SubB, System_BCD_SubW, System_BCD_SubL
(1) 1300/    1ABA :                     ;
(1) 1301/    1ABA :                     ; Increment/Decrement BCD value
(1) 1302/    1ABA :                     ; for Scores, Lives, and such.
(1) 1303/    1ABA :                     ;
(1) 1304/    1ABA :                     ; Input:
(1) 1305/    1ABA :                     ; d0.? | BCD value input
(1) 1306/    1ABA :                     ; d1.l | Increment/Decrement by
(1) 1307/    1ABA :                     ;
(1) 1308/    1ABA :                     ; Returns:
(1) 1309/    1ABA :                     ; d0.? | BCD value output
(1) 1310/    1ABA :                     ; --------------------------------------------------------
(1) 1311/    1ABA :                     
(1) 1312/    1ABA :                     ; TODO: An overflow check
(1) 1313/    1ABA :                     
(1) 1314/    1ABA :                     System_BCD_SubB:
(1) 1315/    1ABA : 0280 0000 00FF      		andi.l	#$00FF,d0
(1) 1316/    1AC0 : 6006                		bra.s	System_BCD_SubL
(1) 1317/    1AC2 :                     System_BCD_SubW:
(1) 1318/    1AC2 : 0280 0000 FFFF      		andi.l	#$FFFF,d0
(1) 1319/    1AC8 :                     ; 		bra.s	System_BCD_SubL
(1) 1320/    1AC8 :                     System_BCD_SubL:
(1) 1321/    1AC8 : 48E7 0006           		movem.l	a5-a6,-(sp)
(1) 1322/    1ACC : 613C                		bsr	sysBCD_SpOut
(1) 1323/    1ACE : 023C 0000           		and	#0,ccr
(1) 1324/    1AD2 : 8D0D                		sbcd	-(a5),-(a6)
(1) 1325/    1AD4 : 8D0D                		sbcd	-(a5),-(a6)
(1) 1326/    1AD6 : 8D0D                		sbcd	-(a5),-(a6)
(1) 1327/    1AD8 : 8D0D                		sbcd	-(a5),-(a6)
(1) 1328/    1ADA : 2016                		move.l	(a6),d0
(1) 1329/    1ADC : 4CDF 6000           		movem.l	(sp)+,a5-a6
(1) 1330/    1AE0 : 4E75                		rts
(1) 1331/    1AE2 :                     System_BCD_AddB:
(1) 1332/    1AE2 : 0280 0000 00FF      		andi.l	#$00FF,d0
(1) 1333/    1AE8 : 6006                		bra.s	System_BCD_AddL
(1) 1334/    1AEA :                     System_BCD_AddW:
(1) 1335/    1AEA : 0280 0000 FFFF      		andi.l	#$FFFF,d0
(1) 1336/    1AF0 :                     ; 		bsr.s	System_BCD_AddL
(1) 1337/    1AF0 :                     System_BCD_AddL:
(1) 1338/    1AF0 : 48E7 0006           		movem.l	a5-a6,-(sp)
(1) 1339/    1AF4 : 6114                		bsr	sysBCD_SpOut
(1) 1340/    1AF6 : 023C 0000           		and	#0,ccr
(1) 1341/    1AFA : CD0D                		abcd	-(a5),-(a6)
(1) 1342/    1AFC : CD0D                		abcd	-(a5),-(a6)
(1) 1343/    1AFE : CD0D                		abcd	-(a5),-(a6)
(1) 1344/    1B00 : CD0D                		abcd	-(a5),-(a6)
(1) 1345/    1B02 : 2016                		move.l	(a6),d0
(1) 1346/    1B04 : 4CDF 6000           		movem.l	(sp)+,a5-a6
(1) 1347/    1B08 : 4E75                		rts
(1) 1348/    1B0A :                     sysBCD_SpOut:
(1) 1349/    1B0A : 598F                		subq.l	#4,sp
(1) 1350/    1B0C : 2C4F                		move.l	sp,a6
(1) 1351/    1B0E : 598F                		subq.l	#4,sp
(1) 1352/    1B10 : 2A4F                		move.l	sp,a5
(1) 1353/    1B12 : 2C80                		move.l	d0,(a6)
(1) 1354/    1B14 : 2A81                		move.l	d1,(a5)
(1) 1355/    1B16 : DCFC 0004           		adda	#4,a6
(1) 1356/    1B1A : DAFC 0004           		adda	#4,a5
(1) 1357/    1B1E : 508F                		addq.l	#8,sp
(1) 1358/    1B20 : 4E75                		rts
(1) 1359/    1B22 :                     
(1) 1360/    1B22 :                     ; --------------------------------------------------------
(1) 1361/    1B22 :                     ; System_SetIntJumps
(1) 1362/    1B22 :                     ;
(1) 1363/    1B22 :                     ; Set new VBlank/HBlank/External Interrupt jumps
(1) 1364/    1B22 :                     ; generated by VDP
(1) 1365/    1B22 :                     ;
(1) 1366/    1B22 :                     ; Input:
(1) 1367/    1B22 :                     ; d0.l | New VBlank location
(1) 1368/    1B22 :                     ; d1.l | New HBlank location
(1) 1369/    1B22 :                     ; d2.l | New External location
(1) 1370/    1B22 :                     ;
(1) 1371/    1B22 :                     ; Notes:
(1) 1372/    1B22 :                     ; - Writing 0 to any of the INPUTs skips it
(1) 1373/    1B22 :                     ; - Use Video_IntEnable to enable/disable the interrupts
(1) 1374/    1B22 :                     ; --------------------------------------------------------
(1) 1375/    1B22 :                     
(1) 1376/    1B22 :                     System_SetIntJumps:
(1) 1377/    1B22 : 4A80                		tst.l	d0
(1) 1378/    1B24 : 6704                		beq.s	.no_vint
(1) 1382/    1B26 : 21C0 F16E            		move.l	d0,(RAM_VBlankJump+2).w
(1) 1384/    1B2A :                     .no_vint:
(1) 1385/    1B2A : 4A81                		tst.l	d1
(1) 1386/    1B2C : 6704                		beq.s	.no_hint
(1) 1390/    1B2E : 21C1 F174            		move.l	d1,(RAM_HBlankJump+2).w
(1) 1392/    1B32 :                     .no_hint:
(1) 1393/    1B32 : 4A82                		tst.l	d2
(1) 1394/    1B34 : 6704                		beq.s	.no_exint
(1) 1398/    1B36 : 21C2 F17A            		move.l	d2,(RAM_ExternalJump+2).w
(1) 1400/    1B3A :                     .no_exint:
(1) 1401/    1B3A : 4E75                		rts
(1) 1402/    1B3C :                     
(1) 1403/    1B3C :                     ; ====================================================================
(1) 1404/    1B3C :                     ; ----------------------------------------------------------------
(1) 1405/    1B3C :                     ; SCD / CD32X ONLY
(1) 1406/    1B3C :                     ; ----------------------------------------------------------------
(1) 1407/    1B3C :                     
(1) 1408/    1B3C :                     ; --------------------------------------------------------
(1) 1409/    1B3C :                     ; System_MdMcd_Interrupt
(1) 1410/    1B3C :                     ;
(1) 1411/    1B3C :                     ; Request an interrupt to Sub-CPU, call this during
(1) 1412/    1B3C :                     ; VBlank.
(1) 1413/    1B3C :                     ; --------------------------------------------------------
(1) 1414/    1B3C :                     
(1) 1415/    1B3C :                     System_MdMcd_Interrupt:
(1) 1416/    1B3C : 2F07                		move.l	d7,-(sp)
(1) 1417/    1B3E :                     ; .wait_first:
(1) 1418/    1B3E :                     ; 		bsr	System_MdMcd_SubWait
(1) 1419/    1B3E :                     ; 		move.b	(sysmcd_reg+mcd_comm_m).l,d7
(1) 1420/    1B3E :                     ; 		andi.w	#$C0,d7
(1) 1421/    1B3E :                     ; 		cmpi.w	#$C0,d7
(1) 1422/    1B3E :                     ; 		beq.s	.wait_first
(1) 1423/    1B3E :                     ; 		bset	#0,(sysmcd_reg).l
(1) 1424/    1B3E : 13FC 0081 00A1      		move.b	#%10000001,(sysmcd_reg).l		; Request Level 1
             1B44 : 2000             
(1) 1425/    1B46 : 2E1F                		move.l	(sp)+,d7
(1) 1426/    1B48 : 4E75                		rts
(1) 1427/    1B4A :                     
(1) 1428/    1B4A :                     ; --------------------------------------------------------
(1) 1429/    1B4A :                     ; System_MdMcd_SubWait
(1) 1430/    1B4A :                     ;
(1) 1431/    1B4A :                     ; Waits until Sub-CPU finishes.
(1) 1432/    1B4A :                     ; --------------------------------------------------------
(1) 1433/    1B4A :                     
(1) 1434/    1B4A :                     System_MdMcd_SubWait:
(1) 1441/    1B4A : 4E75                		rts
(1) 1442/    1B4C :                     
(1) 1443/    1B4C :                     ; --------------------------------------------------------
(1) 1444/    1B4C :                     ; System_MdMcd_SubEnter
(1) 1445/    1B4C :                     ;
(1) 1446/    1B4C :                     ; Waits until Sub-CPU starts.
(1) 1447/    1B4C :                     ; --------------------------------------------------------
(1) 1448/    1B4C :                     
(1) 1449/    1B4C :                     System_MdMcd_SubEnter:
(1) 1456/    1B4C : 4E75                		rts
(1) 1457/    1B4E :                     
(1) 1458/    1B4E :                     ; --------------------------------------------------------
(1) 1459/    1B4E :                     ; System_MdMcd_SubTask
(1) 1460/    1B4E :                     ;
(1) 1461/    1B4E :                     ; Request task to Sub-CPU
(1) 1462/    1B4E :                     ;
(1) 1463/    1B4E :                     ; Input:
(1) 1464/    1B4E :                     ; d0.b | Task number
(1) 1465/    1B4E :                     ;
(1) 1466/    1B4E :                     ; Uses:
(1) 1467/    1B4E :                     ; d7/a6
(1) 1468/    1B4E :                     ;
(1) 1469/    1B4E :                     ; Notes:
(1) 1470/    1B4E :                     ; This exits without waiting SUB to finish,
(1) 1471/    1B4E :                     ; call System_MdMcd_SubWait afterwards if required.
(1) 1472/    1B4E :                     ; --------------------------------------------------------
(1) 1473/    1B4E :                     
(1) 1474/    1B4E :                     System_MdMcd_SubTask:
(1) 1499/    1B4E : 4E75                		rts
(1) 1500/    1B50 :                     
(1) 1501/    1B50 :                     ; --------------------------------------------------------
(1) 1502/    1B50 :                     ; System_MdMcd_WaitWRAM
(1) 1503/    1B50 :                     ;
(1) 1504/    1B50 :                     ; Wait for Word-RAM permission.
(1) 1505/    1B50 :                     ; --------------------------------------------------------
(1) 1506/    1B50 :                     
(1) 1507/    1B50 :                     System_MdMcd_WaitWRAM:
(1) 1508/    1B50 : 0839 0000 00A1      		btst	#0,(sysmcd_reg+mcd_memory).l
             1B56 : 2003             
(1) 1509/    1B58 : 67F6                		beq.s	System_MdMcd_WaitWRAM
(1) 1510/    1B5A : 4E75                		rts
(1) 1511/    1B5C :                     
(1) 1512/    1B5C :                     ; --------------------------------------------------------
(1) 1513/    1B5C :                     ; System_MdMcd_CheckWRAM
(1) 1514/    1B5C :                     ;
(1) 1515/    1B5C :                     ; Checks if Word-RAM is set to MAIN in return, 2M
(1) 1516/    1B5C :                     ;
(1) 1517/    1B5C :                     ; Returns:
(1) 1518/    1B5C :                     ; beq | Word-RAM is available
(1) 1519/    1B5C :                     ; bne | Word-RAM is locked
(1) 1520/    1B5C :                     ; --------------------------------------------------------
(1) 1521/    1B5C :                     
(1) 1522/    1B5C :                     System_MdMcd_CheckWRAM:
(1) 1523/    1B5C : 0839 0000 00A1      		btst	#0,(sysmcd_reg+mcd_memory).l
             1B62 : 2003             
(1) 1524/    1B64 : 6706                		beq.s	.no_ret
(1) 1525/    1B66 : 003C 0004           		or	#%00100,ccr	; beq
(1) 1526/    1B6A : 4E75                		rts
(1) 1527/    1B6C :                     .no_ret:
(1) 1528/    1B6C : 023C 001B           		and	#%11011,ccr	; bne
(1) 1529/    1B70 : 4E75                		rts
(1) 1530/    1B72 :                     
(1) 1531/    1B72 :                     ; --------------------------------------------------------
(1) 1532/    1B72 :                     ; System_MdMcd_GiveWRAM
(1) 1533/    1B72 :                     ;
(1) 1534/    1B72 :                     ; Give Word-RAM to SubCPU (DMNA), 2M
(1) 1535/    1B72 :                     ; --------------------------------------------------------
(1) 1536/    1B72 :                     
(1) 1537/    1B72 :                     System_MdMcd_GiveWRAM:
(1) 1538/    1B72 : 08F9 0001 00A1      		bset	#1,(sysmcd_reg+mcd_memory).l
             1B78 : 2003             
(1) 1539/    1B7A : 67F6                		beq.s	System_MdMcd_GiveWRAM
(1) 1540/    1B7C : 4E75                		rts
(1) 1541/    1B7E :                     
(1) 1542/    1B7E :                     ; --------------------------------------------------------
(1) 1543/    1B7E :                     ; System_MdMcd_RdFile_RAM
(1) 1544/    1B7E :                     ;
(1) 1545/    1B7E :                     ; Read file from disc and transfers output the
(1) 1546/    1B7E :                     ; data to a1, uses communication ports.
(1) 1547/    1B7E :                     ;
(1) 1548/    1B7E :                     ; Input:
(1) 1549/    1B7E :                     ; a0   | Filename string: "FILENAME.BIN",0
(1) 1550/    1B7E :                     ; a1   | Output location in RAM
(1) 1551/    1B7E :                     ; d0.w | Size, $10-aligned sizes only
(1) 1552/    1B7E :                     ;
(1) 1553/    1B7E :                     ; Uses:
(1) 1554/    1B7E :                     ; d7,a0-a1,a5-a6
(1) 1555/    1B7E :                     ;
(1) 1556/    1B7E :                     ; Notes:
(1) 1557/    1B7E :                     ; - Uses ALL dcomm_m ports, breaks GEMA's PCM playback
(1) 1558/    1B7E :                     ; --------------------------------------------------------
(1) 1559/    1B7E :                     
(1) 1560/    1B7E :                     System_MdMcd_RdFile_RAM:
(1) 1610/    1B7E : 4E75                		rts
(1) 1611/    1B80 :                     
(1) 1612/    1B80 :                     ; --------------------------------------------------------
(1) 1613/    1B80 :                     ; System_MdMcd_Trnsfr_WRAM
(1) 1614/    1B80 :                     ;
(1) 1615/    1B80 :                     ; Read file from disc and sends it to WORD-RAM,
(1) 1616/    1B80 :                     ; waits on finish.
(1) 1617/    1B80 :                     ;
(1) 1618/    1B80 :                     ; Input:
(1) 1619/    1B80 :                     ; a0   | Filename string "FILENAME.BIN"
(1) 1620/    1B80 :                     ; a1   | Output location
(1) 1621/    1B80 :                     ;
(1) 1622/    1B80 :                     ; Notes:
(1) 1623/    1B80 :                     ; - Uses ALL dcomm_m ports, breaks GEMA's PCM playback
(1) 1624/    1B80 :                     ; --------------------------------------------------------
(1) 1625/    1B80 :                     
(1) 1626/    1B80 :                     System_MdMcd_RdFile_WRAM:
(1) 1650/    1B80 : 4E75                		rts
(1) 1651/    1B82 :                     
(1) 1652/    1B82 :                     ; --------------------------------------------------------
(1) 1653/    1B82 :                     ; System_MdMcd_CheckHome
(1) 1654/    1B82 :                     ;
(1) 1655/    1B82 :                     ; Checks if the player is holding A, B, C and
(1) 1656/    1B82 :                     ; then presses the START button.
(1) 1657/    1B82 :                     ;
(1) 1658/    1B82 :                     ; Returns:
(1) 1659/    1B82 :                     ; bcc | Combo input not pressed
(1) 1660/    1B82 :                     ; bcs | User did the combo presses
(1) 1661/    1B82 :                     ;
(1) 1662/    1B82 :                     ; Notes:
(1) 1663/    1B82 :                     ; If you call this from your Title Screen:
(1) 1664/    1B82 :                     ; carry MUST JUMP to System_MdMcd_ExitShell,
(1) 1665/    1B82 :                     ; for other screen modes carry jumps to your
(1) 1666/    1B82 :                     ; Title Screen.
(1) 1667/    1B82 :                     ; --------------------------------------------------------
(1) 1668/    1B82 :                     
(1) 1669/    1B82 :                     System_MdMcd_CheckHome:
(1) 1670/    1B82 : 48A7 0300           		movem.w	d6-d7,-(sp)
(1) 1671/    1B86 : 3E38 F0FC           		move.w	(Controller_1+pad_press).w,d7
(1) 1672/    1B8A : 3C38 F0FA           		move.w	(Controller_1+pad_hold).w,d6
(1) 1673/    1B8E : 0246 0070           		andi.w	#JoyA+JoyB+JoyC,d6
(1) 1674/    1B92 : 0C46 0070           		cmpi.w	#JoyA+JoyB+JoyC,d6
(1) 1675/    1B96 : 6610                		bne.s	.not_press
(1) 1676/    1B98 : 0247 0080           		andi.w	#JoyStart,d7
(1) 1677/    1B9C : 670A                		beq.s	.not_press
(1) 1678/    1B9E : 4C9F 00C0           		movem.w	(sp)+,d6-d7
(1) 1679/    1BA2 : 003C 0001           		or	#1,ccr
(1) 1680/    1BA6 : 4E75                		rts
(1) 1681/    1BA8 :                     .not_press:
(1) 1682/    1BA8 : 4C9F 00C0           		movem.w	(sp)+,d6-d7
(1) 1683/    1BAC : 023C 001E           		and	#%11110,ccr
(1) 1684/    1BB0 : 4E75                		rts
(1) 1685/    1BB2 :                     
(1) 1686/    1BB2 :                     ; --------------------------------------------------------
(1) 1687/    1BB2 :                     ; System_MdMcd_ExitShell
(1) 1688/    1BB2 :                     ;
(1) 1689/    1BB2 :                     ; Exits the entire program and goes to
(1) 1690/    1BB2 :                     ; the BIOS/Shell.
(1) 1691/    1BB2 :                     ;
(1) 1692/    1BB2 :                     ; *** JUMP ONLY
(1) 1693/    1BB2 :                     ; --------------------------------------------------------
(1) 1694/    1BB2 :                     
(1) 1695/    1BB2 :                     ; jmp $0280: Hot restart, stops PSG and clears VDP
(1) 1696/    1BB2 :                     ; jmp $0284: Entry point
(1) 1697/    1BB2 :                     ; jmp $0288: CD player, keeps SP (unsafe)
(1) 1698/    1BB2 :                     ; jmp $028C: CD player, resets SP (official method)
(1) 1699/    1BB2 :                     
(1) 1700/    1BB2 :                     System_MdMcd_ExitShell:
(1) 1710/    1BB2 : 4E75                		rts
(1) 1712/    1BB4 :                     
(1) 1713/    1BB4 :                     ; ------------------------------------------------------------
(1) 1714/    1BB4 :                     ; CDDA PLAYBACK
(1) 1715/    1BB4 :                     ; ------------------------------------------------------------
(1) 1716/    1BB4 :                     
(1) 1717/    1BB4 :                     ; --------------------------------------------------------
(1) 1718/    1BB4 :                     ; System_MdMcd_CddaPlay, System_MdMcd_CddaPlayL
(1) 1719/    1BB4 :                     ;
(1) 1720/    1BB4 :                     ; Play CDDA track, normal or looped.
(1) 1721/    1BB4 :                     ;
(1) 1722/    1BB4 :                     ; Input:
(1) 1723/    1BB4 :                     ; d0.w | CD track number
(1) 1724/    1BB4 :                     ;
(1) 1725/    1BB4 :                     ; This calls Sub-Task $10 for normal playback
(1) 1726/    1BB4 :                     ; and $11 for looped
(1) 1727/    1BB4 :                     ;
(1) 1728/    1BB4 :                     ; Notes:
(1) 1729/    1BB4 :                     ; Tracks $00, $01 and any negative values are ignored.
(1) 1730/    1BB4 :                     ; --------------------------------------------------------
(1) 1731/    1BB4 :                     
(1) 1732/    1BB4 :                     System_MdMcd_CddaPlay:
(1) 1733/    1BB4 : 48E7 8902           		movem.l	d0/d4/d7/a6,-(sp)
(1) 1734/    1BB8 : 383C 0010           		move.w	#$0010,d4
(1) 1735/    1BBC : 6008                		bra	sysMdMcd_SetCdda
(1) 1736/    1BBE :                     System_MdMcd_CddaPlayL:
(1) 1737/    1BBE : 48E7 8902           		movem.l	d0/d4/d7/a6,-(sp)
(1) 1738/    1BC2 : 383C 0011           		move.w	#$0011,d4
(1) 1739/    1BC6 :                     sysMdMcd_SetCdda:
(1) 1751/    1BC6 : 4CDF 4091           		movem.l	(sp)+,d0/d4/d7/a6
(1) 1752/    1BCA : 4E75                		rts
(1) 1753/    1BCC :                     
(1) 1754/    1BCC :                     ; --------------------------------------------------------
(1) 1755/    1BCC :                     ; System_MdMcd_CdStop
(1) 1756/    1BCC :                     ;
(1) 1757/    1BCC :                     ; Stop CDDA track
(1) 1758/    1BCC :                     ; --------------------------------------------------------
(1) 1759/    1BCC :                     
(1) 1760/    1BCC :                     System_MdMcd_CddaStop:
(1) 1767/    1BCC : 4E75                		rts
(1) 1768/    1BCE :                     
(1) 1769/    1BCE :                     ; --------------------------------------------------------
(1) 1770/    1BCE :                     ; System_MdMcd_CdFade
(1) 1771/    1BCE :                     ;
(1) 1772/    1BCE :                     ; Fade the CDDA Volume
(1) 1773/    1BCE :                     ;
(1) 1774/    1BCE :                     ; Input:
(1) 1775/    1BCE :                     ; d0.w | Target volume:
(1) 1776/    1BCE :                     ;        $000-$400 - Min to Max
(1) 1777/    1BCE :                     ; d1.w | Fading speed:
(1) 1778/    1BCE :                     ;        $001-$200 - Slow to Fast
(1) 1779/    1BCE :                     ;             $400 - Set quick
(1) 1780/    1BCE :                     ;
(1) 1781/    1BCE :                     ; This calls Sub-Task $16
(1) 1782/    1BCE :                     ; --------------------------------------------------------
(1) 1783/    1BCE :                     
(1) 1784/    1BCE :                     System_MdMcd_CddaFade:
(1) 1793/    1BCE : 4E75                		rts
(1) 1794/    1BD0 :                     
(1) 1795/    1BD0 :                     ; --------------------------------------------------------
(1) 1796/    1BD0 :                     ; DEFAULT Save filename for SEGA CD / CD32X
(1) 1797/    1BD0 :                     ; --------------------------------------------------------
(1) 1798/    1BD0 :                     
(1) 1799/    1BD0 :                     def_SaveInfo:
(1) 1803/    1BD0 : 4E49 4B4F 4E41      		dc.b HTAG_CDSAVE,0
             1BD6 : 4344 5F5F 5F00    
(1) 1805/    1BDC : 0004                		dc.w (SET_SRAMSIZE/$40)
(1) 1806/    1BDE : 0000                		dc.w 0
(1) 1807/    1BE0 :                     		align 2
(1) 1808/    1BE0 :                     
(1) 1809/    1BE0 :                     ; ====================================================================
(1) 1810/    1BE0 :                     ; ----------------------------------------------------------------
(1) 1811/    1BE0 :                     ; 32X and CD32X ONLY
(1) 1812/    1BE0 :                     ; ----------------------------------------------------------------
(1) 1813/    1BE0 :                     
(1) 1814/    1BE0 :                     ; --------------------------------------------------------
(1) 1815/    1BE0 :                     ; System_MdMars_SendData
(1) 1816/    1BE0 :                     ;
(1) 1817/    1BE0 :                     ; Transfers Genesis data to the 32X's SDRAM
(1) 1818/    1BE0 :                     ; using DREQ
(1) 1819/    1BE0 :                     ;
(1) 1820/    1BE0 :                     ; Input:
(1) 1821/    1BE0 :                     ; a0   | Source data
(1) 1822/    1BE0 :                     ; a1.l | Destination in SH2's SDRAM area ($00xxxxxx)
(1) 1823/    1BE0 :                     ; d0.l | Size, only 8-byte-aligned sizes allowed.
(1) 1824/    1BE0 :                     ;
(1) 1825/    1BE0 :                     ; Returns:
(1) 1826/    1BE0 :                     ; a1   | New output SDRAM location
(1) 1827/    1BE0 :                     ;
(1) 1828/    1BE0 :                     ; Uses:
(1) 1829/    1BE0 :                     ; d0/a4-a5,d5-d7
(1) 1830/    1BE0 :                     ;
(1) 1831/    1BE0 :                     ; Notes:
(1) 1832/    1BE0 :                     ; - Call this during DISPLAY ONLY, NOT during VBlank.
(1) 1833/    1BE0 :                     ; - MOST 32X EMULATORS WILL GET STUCK HERE
(1) 1834/    1BE0 :                     ; --------------------------------------------------------
(1) 1835/    1BE0 :                     
(1) 1836/    1BE0 :                     System_MdMars_SendData:
(1) 1873/    1BE0 :                     
(1) 1874/    1BE0 :                     ; --------------------------------------------------------
(1) 1875/    1BE0 :                     ; System_MdMars_Update
(1) 1876/    1BE0 :                     ;
(1) 1877/    1BE0 :                     ; Send a section of MD RAM to 32X's SDRAM
(1) 1878/    1BE0 :                     ;
(1) 1879/    1BE0 :                     ; Notes:
(1) 1880/    1BE0 :                     ; Call this during DISPLAY ONLY
(1) 1881/    1BE0 :                     ; --------------------------------------------------------
(1) 1882/    1BE0 :                     
(1) 1883/    1BE0 :                     System_MdMars_Update:
(1) 1937/    1BE0 :                     
(1) 1938/    1BE0 :                     ; ====================================================================
(1) 1939/    1BE0 :                     ; ----------------------------------------------------------------
(1) 1940/    1BE0 :                     ; SHARED for all
(1) 1941/    1BE0 :                     ; ----------------------------------------------------------------
(1) 1942/    1BE0 :                     
(1) 1943/    1BE0 :                     ; --------------------------------------------------------
(1) 1944/    1BE0 :                     ; System_SetDataBank
(1) 1945/    1BE0 :                     ;
(1) 1946/    1BE0 :                     ; Sets the current DATA bank depending of the system
(1) 1947/    1BE0 :                     ;
(1) 1948/    1BE0 :                     ; Input:
(1) 1949/    1BE0 :                     ; d0 | Data location
(1) 1950/    1BE0 :                     ;      SCD/CD32X: Data label for searching
(1) 1951/    1BE0 :                     ;      the ISO filename in incl_list.asm
(1) 1952/    1BE0 :                     ;
(1) 1953/    1BE0 :                     ; Returns:
(1) 1954/    1BE0 :                     ; bcc | Loaded bank without problem
(1) 1955/    1BE0 :                     ; bcs | Bank not found on DISC (CD/CD32 ONLY)
(1) 1956/    1BE0 :                     ;
(1) 1957/    1BE0 :                     ; Uses:
(1) 1958/    1BE0 :                     ; a4-a5,d5-d7
(1) 1959/    1BE0 :                     ;
(1) 1960/    1BE0 :                     ; Notes:
(1) 1961/    1BE0 :                     ; - This code is shared to all systems, on CD/CD32X
(1) 1962/    1BE0 :                     ;   this will load from DISC so transfer will be
(1) 1963/    1BE0 :                     ;   slow.
(1) 1964/    1BE0 :                     ; - CD/CD32X: Requires adding the ISO filename
(1) 1965/    1BE0 :                     ;   in incl_list.asm
(1) 1966/    1BE0 :                     ; - CD/CD32X: DO NOT CALL THIS WHEN STAMPS ARE BEING
(1) 1967/    1BE0 :                     ;   ACTIVE, Load the stamp data with this
(1) 1968/    1BE0 :                     ;   BEFORE enabling them.
(1) 1969/    1BE0 :                     ; --------------------------------------------------------
(1) 1970/    1BE0 :                     
(1) 1971/    1BE0 :                     System_SetDataBank:
(1) 1972/    1BE0 :                     	; CD/CD32X:
(1) 2020/    1BE0 :                     
(1) 2021/    1BE0 : 4E75                		rts			; *** KEEP THIS RTS ***
(1) 2022/    1BE2 :                     
(1) 2023/    1BE2 :                     ; ====================================================================
(1) 2024/    1BE2 :                     ; ----------------------------------------------------------------
(1) 2025/    1BE2 :                     ; Objects system
(1) 2026/    1BE2 :                     ; ----------------------------------------------------------------
(1) 2027/    1BE2 :                     
(1) 2028/    1BE2 :                     ; --------------------------------------------------------
(1) 2029/    1BE2 :                     ; Objects_Init
(1) 2030/    1BE2 :                     ;
(1) 2031/    1BE2 :                     ; Reset Objects system
(1) 2032/    1BE2 :                     ; --------------------------------------------------------
(1) 2033/    1BE2 :                     
(1) 2034/    1BE2 :                     Objects_Init:
(1) 2035/    1BE2 : 21FC 0000 0000      		move.l	#0,(RAM_CurrObjList).w
             1BE8 : F168             
(1) 2036/    1BEA : 31FC 0000 F184      		move.w	#0,(RAM_CurrObjNum).w
(1) 2037/    1BF0 : 4E75                		rts
(1) 2038/    1BF2 :                     
(1) 2039/    1BF2 :                     ; --------------------------------------------------------
(1) 2040/    1BF2 :                     ; Objects_Enable
(1) 2041/    1BF2 :                     ;
(1) 2042/    1BF2 :                     ; Enable Objects on the current screen
(1) 2043/    1BF2 :                     ;
(1) 2044/    1BF2 :                     ; Input:
(1) 2045/    1BF2 :                     ; a0   | Objects buffer
(1) 2046/    1BF2 :                     ; d0.w | Number of Objects to use
(1) 2047/    1BF2 :                     ; --------------------------------------------------------
(1) 2048/    1BF2 :                     
(1) 2049/    1BF2 :                     Objects_Enable:
(1) 2050/    1BF2 : 48E7 0102           		movem.l	d7/a6,-(sp)
(1) 2051/    1BF6 : 2C48                		move.l	a0,a6
(1) 2052/    1BF8 : 3E00                		move.w	d0,d7
(1) 2053/    1BFA : CEFC 0068           		mulu.w	#obj_len,d7
(1) 2054/    1BFE : 5347                		subq.w	#1,d7
(1) 2055/    1C00 :                     .clr_first:
(1) 2056/    1C00 : 421E                		clr.b	(a6)+
(1) 2057/    1C02 : 51CF FFFC           		dbf	d7,.clr_first
(1) 2058/    1C06 : 21C8 F168           		move.l	a0,(RAM_CurrObjList).w
(1) 2059/    1C0A : 31C0 F184           		move.w	d0,(RAM_CurrObjNum).w
(1) 2060/    1C0E : 4CDF 4080           		movem.l	(sp)+,d7/a6
(1) 2061/    1C12 : 4E75                		rts
(1) 2062/    1C14 :                     
(1) 2063/    1C14 :                     ; --------------------------------------------------------
(1) 2064/    1C14 :                     ; Objects_Run
(1) 2065/    1C14 :                     ;
(1) 2066/    1C14 :                     ; Process ALL Objects
(1) 2067/    1C14 :                     ;
(1) 2068/    1C14 :                     ; Uses:
(1) 2069/    1C14 :                     ; ALL
(1) 2070/    1C14 :                     ;
(1) 2071/    1C14 :                     ; Notes:
(1) 2072/    1C14 :                     ; - ONLY CALL THIS ONCE PER FRAME
(1) 2073/    1C14 :                     ; --------------------------------------------------------
(1) 2074/    1C14 :                     
(1) 2075/    1C14 :                     Objects_Run:
(1) 2076/    1C14 : 2E38 F168           		move.l	(RAM_CurrObjList).w,d7
(1) 2077/    1C18 : 671E                		beq.s	.invld_num
(1) 2078/    1C1A : 2C47                		move.l	d7,a6
(1) 2079/    1C1C : 3E38 F184           		move.w	(RAM_CurrObjNum).w,d7
(1) 2080/    1C20 : 6716                		beq.s	.invld_num
(1) 2081/    1C22 : 6B14                		bmi.s	.invld_num
(1) 2082/    1C24 :                     .next_one:
(1) 2083/    1C24 : 2C16                		move.l	obj_code(a6),d6
(1) 2084/    1C26 : 6708                		beq.s	.no_code
(1) 2085/    1C28 : 2F07                		move.l	d7,-(sp)
(1) 2086/    1C2A : 2A46                		move.l	d6,a5
(1) 2087/    1C2C : 4E95                		jsr	(a5)
(1) 2088/    1C2E : 2E1F                		move.l	(sp)+,d7
(1) 2089/    1C30 :                     .no_code:
(1) 2090/    1C30 : DCFC 0068           		adda	#obj_len,a6
(1) 2091/    1C34 : 51CF FFEE           		dbf	d7,.next_one
(1) 2092/    1C38 :                     .invld_num:
(1) 2093/    1C38 : 4E75                		rts
(1) 2094/    1C3A :                     
(1) 2095/    1C3A :                     ; --------------------------------------------------------
(1) 2096/    1C3A :                     ; Objects_Set, Objects_Make
(1) 2097/    1C3A :                     ;
(1) 2098/    1C3A :                     ; Set a new object into a specific slot.
(1) 2099/    1C3A :                     ;
(1) 2100/    1C3A :                     ; Input:
(1) 2101/    1C3A :                     ; d0.l | Object code pointer
(1) 2102/    1C3A :                     ;        If 0: DELETE the object including it's memory
(1) 2103/    1C3A :                     ; d1.b | Object sub-type (obj_subid)
(1) 2104/    1C3A :                     ; d2.w | Object slot
(1) 2105/    1C3A :                     ;        If -1: Auto-search starting from FIRST slot.
(1) 2106/    1C3A :                     ;
(1) 2107/    1C3A :                     ; Returns:
(1) 2108/    1C3A :                     ; bcc | Found free slot
(1) 2109/    1C3A :                     ; bcs | Ran-out of object slots
(1) 2110/    1C3A :                     ;
(1) 2111/    1C3A :                     ; Notes:
(1) 2112/    1C3A :                     ; If you are not using obj_subid you can ignore it,
(1) 2113/    1C3A :                     ; but it will contain the remains of d2 when you
(1) 2114/    1C3A :                     ; called this.
(1) 2115/    1C3A :                     ; --------------------------------------------------------
(1) 2116/    1C3A :                     
(1) 2117/    1C3A :                     Objects_Set:
(1) 2118/    1C3A : 48E7 0306           		movem.l	d6-d7/a5-a6,-(sp)
(1) 2119/    1C3E : 2C78 F168           		movea.l	(RAM_CurrObjList).w,a6
(1) 2120/    1C42 : 7E00                		moveq	#0,d7
(1) 2121/    1C44 : 3E02                		move.w	d2,d7
(1) 2122/    1C46 : CEFC 0068           		mulu.w	#obj_len,d7
(1) 2123/    1C4A : DCC7                		adda	d7,a6
(1) 2124/    1C4C : 602E                		bra.s	objSet_Go
(1) 2125/    1C4E :                     Objects_Make:
(1) 2126/    1C4E : 48E7 0306           		movem.l	d6-d7/a5-a6,-(sp)
(1) 2127/    1C52 : 2C78 F168           		movea.l	(RAM_CurrObjList).w,a6
(1) 2128/    1C56 : 3E38 F184           		move.w	(RAM_CurrObjNum).w,d7
(1) 2129/    1C5A : 5347                		subq.w	#1,d7
(1) 2130/    1C5C : 7C00                		moveq	#0,d6
(1) 2131/    1C5E :                     .search:
(1) 2132/    1C5E : BC78 F184           		cmp.w	(RAM_CurrObjNum).w,d6
(1) 2133/    1C62 : 6C0E                		bge.s	objSet_Error
(1) 2134/    1C64 : 4A96                		tst.l	obj_code(a6)
(1) 2135/    1C66 : 6714                		beq.s	objSet_Go
(1) 2136/    1C68 : DCFC 0068           		adda	#obj_len,a6
(1) 2137/    1C6C : 5246                		addq.w	#1,d6
(1) 2138/    1C6E : 51CF FFEE           		dbf	d7,.search
(1) 2139/    1C72 :                     objSet_Error:
(1) 2140/    1C72 : 4CDF 60C0           		movem.l	(sp)+,d6-d7/a5-a6
(1) 2141/    1C76 : 44FC 0001           		move	#1,ccr			; Return carry (No slots)
(1) 2142/    1C7A : 4E75                		rts
(1) 2143/    1C7C :                     objSet_Go:
(1) 2144/    1C7C : 4A80                		tst.l	d0
(1) 2145/    1C7E : 670A                		beq.s	.from_del
(1) 2146/    1C80 : 2E00                		move.l	d0,d7
(1) 2147/    1C82 : 2C87                		move.l	d7,obj_code(a6)
(1) 2148/    1C84 : 1D41 001D           		move.b	d1,obj_subid(a6)
(1) 2149/    1C88 : 600C                		bra.s	.exit_this
(1) 2150/    1C8A :                     .from_del:
(1) 2151/    1C8A : 2A4E                		move.l	a6,a5			; Delete entire object
(1) 2152/    1C8C : 3E3C 0067           		move.w	#obj_len-1,d7
(1) 2153/    1C90 : 421D                .clr:		clr.b	(a5)+
(1) 2154/    1C92 : 51CF FFFC           		dbf	d7,.clr
(1) 2155/    1C96 :                     .exit_this:
(1) 2156/    1C96 : 4CDF 60C0           		movem.l	(sp)+,d6-d7/a5-a6
(1) 2157/    1C9A : 003C 0001           		or	#1,ccr
(1) 2158/    1C9E : 4E75                		rts
(1) 2159/    1CA0 :                     
(1) 2160/    1CA0 :                     ; ====================================================================
(1) 2161/    1CA0 :                     ; --------------------------------------------------------
(1) 2162/    1CA0 :                     ; Object functions
(1) 2163/    1CA0 :                     ; --------------------------------------------------------
(1) 2164/    1CA0 :                     
(1) 2165/    1CA0 :                     ; --------------------------------------------------------
(1) 2166/    1CA0 :                     ; object_Reset
(1) 2167/    1CA0 :                     ;
(1) 2168/    1CA0 :                     ; Resets the current object's memory, call this
(1) 2169/    1CA0 :                     ; at very beginning of your object's init code
(1) 2170/    1CA0 :                     ;
(1) 2171/    1CA0 :                     ; Input:
(1) 2172/    1CA0 :                     ; a6 | This object
(1) 2173/    1CA0 :                     ; --------------------------------------------------------
(1) 2174/    1CA0 :                     
(1) 2175/    1CA0 :                     object_Reset:
(1) 2176/    1CA0 : 48E7 0304           		movem.l	d6-d7/a5,-(sp)
(1) 2177/    1CA4 : 4BEE 0028           		lea	obj_ram(a6),a5
(1) 2178/    1CA8 : 3C3C 003F           		move.w	#(obj_len-obj_ram)-1,d6
(1) 2179/    1CAC : 7E00                		moveq	#0,d7
(1) 2180/    1CAE : 1AC7                .clr_ram:	move.b	d7,(a5)+
(1) 2181/    1CB0 : 51CE FFFC           		dbf	d6,.clr_ram
(1) 2182/    1CB4 : 4CDF 20C0           		movem.l	(sp)+,d6-d7/a5
(1) 2183/    1CB8 : 4E75                		rts
(1) 2184/    1CBA :                     
(1) 2185/    1CBA :                     ; --------------------------------------------------------
(1) 2186/    1CBA :                     ; object_ResetAnim
(1) 2187/    1CBA :                     ;
(1) 2188/    1CBA :                     ; Reset animation variables
(1) 2189/    1CBA :                     ; call this BEFORE using object_Animate
(1) 2190/    1CBA :                     ;
(1) 2191/    1CBA :                     ; Input:
(1) 2192/    1CBA :                     ; a6 | This object
(1) 2193/    1CBA :                     ; --------------------------------------------------------
(1) 2194/    1CBA :                     
(1) 2195/    1CBA :                     object_ResetAnim:
(1) 2196/    1CBA :                     ;  		clr.w	obj_anim_indx(a6)
(1) 2197/    1CBA :                     ;  		clr.b	obj_anim_spd(a6)
(1) 2198/    1CBA : 1D7C 00FF 0026      		move.b	#-1,obj_anim_icur(a6)
(1) 2199/    1CC0 : 4E75                		rts
(1) 2200/    1CC2 :                     
(1) 2201/    1CC2 :                     ; --------------------------------------------------------
(1) 2202/    1CC2 :                     ; object_Speed
(1) 2203/    1CC2 :                     ;
(1) 2204/    1CC2 :                     ; Moves the object using speed values set on
(1) 2205/    1CC2 :                     ; obj_x_spd and obj_y_spd, updates obj_x and obj_y
(1) 2206/    1CC2 :                     ;
(1) 2207/    1CC2 :                     ; Input:
(1) 2208/    1CC2 :                     ; a6 | This object
(1) 2209/    1CC2 :                     ; --------------------------------------------------------
(1) 2210/    1CC2 :                     
(1) 2211/    1CC2 :                     object_Speed:
(1) 2212/    1CC2 : 2F07                		move.l	d7,-(sp)
(1) 2213/    1CC4 : 7E00                		moveq	#0,d7
(1) 2214/    1CC6 : 3E2E 0016           		move.w	obj_x_spd(a6),d7
(1) 2215/    1CCA : 48C7                		ext.l	d7
(1) 2216/    1CCC : E187                		asl.l	#8,d7
(1) 2217/    1CCE : DFAE 0004           		add.l	d7,obj_x(a6)
(1) 2218/    1CD2 : 7E00                		moveq	#0,d7
(1) 2219/    1CD4 : 3E2E 0018           		move.w	obj_y_spd(a6),d7
(1) 2220/    1CD8 : 48C7                		ext.l	d7
(1) 2221/    1CDA : E187                		asl.l	#8,d7
(1) 2222/    1CDC : DFAE 0008           		add.l	d7,obj_y(a6)
(1) 2223/    1CE0 : 7E00                		moveq	#0,d7
(1) 2224/    1CE2 : 3E2E 001A           		move.w	obj_z_spd(a6),d7
(1) 2225/    1CE6 : 48C7                		ext.l	d7
(1) 2226/    1CE8 : E187                		asl.l	#8,d7
(1) 2227/    1CEA : DFAE 000C           		add.l	d7,obj_z(a6)
(1) 2228/    1CEE : 2E1F                		move.l	(sp)+,d7
(1) 2229/    1CF0 : 4E75                		rts
(1) 2230/    1CF2 :                     
(1) 2231/    1CF2 :                     ; --------------------------------------------------------
(1) 2232/    1CF2 :                     ; object_Animate
(1) 2233/    1CF2 :                     ;
(1) 2234/    1CF2 :                     ; Animates the sprite with a animation script,
(1) 2235/    1CF2 :                     ; modifies obj_frame with the frame to use
(1) 2236/    1CF2 :                     ;
(1) 2237/    1CF2 :                     ; Input:
(1) 2238/    1CF2 :                     ; a6 | This object
(1) 2239/    1CF2 :                     ; a0 | Animation data
(1) 2240/    1CF2 :                     ; --------------------------------------------------------
(1) 2241/    1CF2 :                     
(1) 2242/    1CF2 :                     ; anim_data:
(1) 2243/    1CF2 :                     ; 	dc.w .frame_1-anim_data
(1) 2244/    1CF2 :                     ; 	dc.w .frame_2-anim_data
(1) 2245/    1CF2 :                     ; 	;...
(1) 2246/    1CF2 :                     ;
(1) 2247/    1CF2 :                     ; .frame_num:
(1) 2248/    1CF2 :                     ; 	dc.w speed			; Animation speed/delay
(1) 2249/    1CF2 :                     ; 	dc.w frame_0,frame_1,...	; Frames list
(1) 2250/    1CF2 :                     ; 	dc.w command			; End-of-data command
(1) 2251/    1CF2 :                     ;
(1) 2252/    1CF2 :                     ; commands:
(1) 2253/    1CF2 :                     ; dc.w -1 		; Finish animation, stops at last frame.
(1) 2254/    1CF2 :                     ; dc.w -2 		; Loop animation, goes back to index 0
(1) 2255/    1CF2 :                     ; dc.w -3,to_indx	; Jump to index
(1) 2256/    1CF2 :                     
(1) 2257/    1CF2 :                     object_Animate:
(1) 2258/    1CF2 : 48E7 0780           		movem.l	a0/d5-d7,-(sp)
(1) 2259/    1CF6 : 7E00                		moveq	#0,d7
(1) 2260/    1CF8 : 1E2E 0026            		move.b	obj_anim_icur(a6),d7
(1) 2261/    1CFC : BE6E 0022            		cmp.w	obj_anim_num(a6),d7
(1) 2262/    1D00 : 670E                 		beq.s	.sameThing
(1) 2263/    1D02 : 1D6E 0023 0026       		move.b	obj_anim_num+1(a6),obj_anim_icur(a6)
(1) 2264/    1D08 : 426E 0024            		clr.w	obj_anim_indx(a6)
(1) 2265/    1D0C : 422E 0027            		clr.b	obj_anim_spd(a6)
(1) 2266/    1D10 :                     .sameThing:
(1) 2267/    1D10 : 3E2E 0022            		move.w	obj_anim_num(a6),d7
(1) 2268/    1D14 : 0C07 00FF            		cmpi.b	#-1,d7
(1) 2269/    1D18 : 6748                 		beq.s	.return
(1) 2270/    1D1A : DE47                 		add.w	d7,d7
(1) 2271/    1D1C : 3E30 7000            		move.w	(a0,d7.w),d7
(1) 2272/    1D20 : 41F0 7000            		lea	(a0,d7.w),a0
(1) 2273/    1D24 : 3E18                 		move.w	(a0)+,d7
(1) 2274/    1D26 : 0C47 FFFF            		cmpi.w	#-1,d7
(1) 2275/    1D2A : 670C                 		beq.s	.keepspd
(1) 2276/    1D2C : 042E 0001 0027       		subi.b	#1,obj_anim_spd(a6)
(1) 2277/    1D32 : 6A2E                 		bpl.s	.return
(1) 2278/    1D34 : 1D47 0027           		move.b	d7,obj_anim_spd(a6)
(1) 2279/    1D38 :                     .keepspd:
(1) 2280/    1D38 : 7C00                 		moveq	#0,d6
(1) 2281/    1D3A : 3E2E 0024            		move.w	obj_anim_indx(a6),d7
(1) 2282/    1D3E : DE47                 		add.w	d7,d7
(1) 2283/    1D40 : 3C10                 		move.w	(a0),d6
(1) 2284/    1D42 : D0C7                 		adda	d7,a0
(1) 2285/    1D44 : 3A10                 		move.w	(a0),d5
(1) 2286/    1D46 : 0C45 FFFF            		cmpi.w	#-1,d5
(1) 2287/    1D4A : 6730                 		beq.s	.lastFrame	; finish
(1) 2288/    1D4C : 0C45 FFFE            		cmpi.w	#-2,d5
(1) 2289/    1D50 : 6712                 		beq.s	.noAnim		; loop animation
(1) 2290/    1D52 : 0C45 FFFD            		cmpi.w	#-3,d5
(1) 2291/    1D56 : 671A                 		beq.s	.goToFrame
(1) 2292/    1D58 : 3D45 0020            		move.w	d5,obj_frame(a6)
(1) 2293/    1D5C : 066E 0001 0024       		add.w	#1,obj_anim_indx(a6)
(1) 2294/    1D62 :                     .return:
(1) 2295/    1D62 : 601C                 		bra.s	.exit_anim
(1) 2296/    1D64 :                     .noAnim:
(1) 2297/    1D64 : 3D7C 0001 0024       		move.w	#1,obj_anim_indx(a6)
(1) 2298/    1D6A : 3A06                 		move.w	d6,d5
(1) 2299/    1D6C : 3D45 0020            		move.w	d5,obj_frame(a6)
(1) 2300/    1D70 : 600E                		bra.s	.exit_anim
(1) 2301/    1D72 :                     .goToFrame:
(1) 2302/    1D72 : 426E 0024           		clr.w	obj_anim_indx(a6)
(1) 2303/    1D76 : 3D68 0002 0024      		move.w	2(a0),obj_anim_indx(a6)
(1) 2304/    1D7C :                     .lastFrame:
(1) 2305/    1D7C : 422E 0027            		clr.b	obj_anim_spd(a6)
(1) 2306/    1D80 :                     .exit_anim:
(1) 2307/    1D80 : 4CDF 01E0           		movem.l	(sp)+,a0/d5-d7
(1) 2308/    1D84 : 4E75                		rts
(1) 2309/    1D86 :                     
(1) 2310/    1D86 :                     ; --------------------------------------------------------
(1) 2311/    1D86 :                     ; object_Touch
(1) 2312/    1D86 :                     ;
(1) 2313/    1D86 :                     ; Detects collision with another Object
(1) 2314/    1D86 :                     ; from the Object's list, reads TOP to BOTTOM
(1) 2315/    1D86 :                     ;
(1) 2316/    1D86 :                     ; Input:
(1) 2317/    1D86 :                     ; a6   | This object
(1) 2318/    1D86 :                     ; d0.w | Start from slot
(1) 2319/    1D86 :                     ;
(1) 2320/    1D86 :                     ; Returns:
(1) 2321/    1D86 :                     ; d0.l | If Nothing: 0
(1) 2322/    1D86 :                     ;        If Found:   The target's RAM location
(1) 2323/    1D86 :                     ; --------------------------------------------------------
(1) 2324/    1D86 :                     
(1) 2325/    1D86 :                     object_Touch:
(1) 2326/    1D86 : 48E7 7F04           		movem.l	d1-d7/a5,-(sp)
(1) 2327/    1D8A : 7000                		moveq	#0,d0
(1) 2328/    1D8C : 3C2E 0010           		move.w	obj_size_x(a6),d6	; Check if we have a valid size
(1) 2329/    1D90 : 3A2E 0012           		move.w	obj_size_y(a6),d5
(1) 2330/    1D94 : 8C45                		or.w	d5,d6
(1) 2331/    1D96 : 672C                		beq	.exit_this
(1) 2332/    1D98 : 2A78 F168           		movea.l	(RAM_CurrObjList).w,a5
(1) 2333/    1D9C : 3C00                		move.w	d0,d6
(1) 2334/    1D9E : CCFC 0068           		mulu.w	#obj_len,d6
(1) 2335/    1DA2 : DAC6                		adda	d6,a5
(1) 2336/    1DA4 : 3E00                		move.w	d0,d7
(1) 2337/    1DA6 :                     .next:
(1) 2338/    1DA6 : BE78 F184           		cmp.w	(RAM_CurrObjNum).w,d7
(1) 2339/    1DAA : 6C16                		bge.s	.ran_out
(1) 2340/    1DAC : BBCE                		cmp.l	a6,a5			; If reading THIS object, skip
(1) 2341/    1DAE : 670A                		beq.s	.skip
(1) 2342/    1DB0 : 4A95                		tst.l	obj_code(a5)		; This object has code?
(1) 2343/    1DB2 : 6706                		beq.s	.skip
(1) 2344/    1DB4 : 6114                		bsr.s	.check_this
(1) 2345/    1DB6 : 4A40                		tst.w	d0			; Exit if Found.
(1) 2346/    1DB8 : 660A                		bne.s	.exit_this
(1) 2347/    1DBA : DAFC 0068           .skip:		adda	#obj_len,a5
(1) 2348/    1DBE : 51CF FFE6           		dbf	d7,.next
(1) 2349/    1DC2 :                     .ran_out:
(1) 2350/    1DC2 : 7000                		moveq	#0,d0
(1) 2351/    1DC4 :                     .exit_this:
(1) 2352/    1DC4 : 4CDF 20FE           		movem.l	(sp)+,d1-d7/a5
(1) 2353/    1DC8 : 4E75                		rts
(1) 2354/    1DCA :                     
(1) 2355/    1DCA :                     ; main check
(1) 2356/    1DCA :                     .check_this:
(1) 2357/    1DCA : 7000                		moveq	#0,d0			; Reset Return
(1) 2358/    1DCC :                     	; d6 - Y current top
(1) 2359/    1DCC :                     	; d5 - Y current bottom
(1) 2360/    1DCC :                     	; d4 - Y target top
(1) 2361/    1DCC :                     	; d3 - Y target bottom
(1) 2362/    1DCC :                     	; Check X
(1) 2363/    1DCC : 322E 0010           		move.w	obj_size_x(a6),d1	; $LLRR
(1) 2364/    1DD0 : 6700 00B4           		beq	.not_ytop
(1) 2365/    1DD4 : 3C2E 0004           		move.w	obj_x(a6),d6		; d6 - Left point
(1) 2366/    1DD8 : 3A06                		move.w	d6,d5			; d5 - Right point
(1) 2367/    1DDA : 3401                		move.w	d1,d2
(1) 2368/    1DDC : E049                		lsr.w	#8,d1			; d1 - Left size
(1) 2369/    1DDE : 0242 00FF           		andi.w	#$FF,d2			; d2 - Right size
(1) 2370/    1DE2 :                     ; 		lsl.w	#3,d1
(1) 2371/    1DE2 :                     ; 		lsl.w	#3,d2
(1) 2372/    1DE2 : 5342                		subq.w	#1,d2			; X right adjust
(1) 2373/    1DE4 : 9C41                		sub.w	d1,d6
(1) 2374/    1DE6 : DA42                		add.w	d2,d5
(1) 2375/    1DE8 : 322D 0010           		move.w	obj_size_x(a5),d1	; $LLRR
(1) 2376/    1DEC : 6700 0098           		beq	.not_ytop
(1) 2377/    1DF0 : 382D 0004           		move.w	obj_x(a5),d4		; d4 - Left point
(1) 2378/    1DF4 : 3604                		move.w	d4,d3			; d3 - Right point
(1) 2379/    1DF6 : 3401                		move.w	d1,d2
(1) 2380/    1DF8 : E049                		lsr.w	#8,d1			; d1 - Left size
(1) 2381/    1DFA : 0242 00FF           		andi.w	#$FF,d2			; d2 - Right size
(1) 2382/    1DFE :                     ; 		lsl.w	#3,d1
(1) 2383/    1DFE :                     ; 		lsl.w	#3,d2
(1) 2384/    1DFE : 5342                		subq.w	#1,d2
(1) 2385/    1E00 : 9841                		sub.w	d1,d4
(1) 2386/    1E02 : D642                		add.w	d2,d3
(1) 2387/    1E04 : B646                		cmp.w	d6,d3
(1) 2388/    1E06 : 6D7E                		blt	.not_ytop
(1) 2389/    1E08 : B845                		cmp.w	d5,d4
(1) 2390/    1E0A : 6C7A                		bge	.not_ytop
(1) 2391/    1E0C :                     
(1) 2392/    1E0C :                     	; Check Y
(1) 2393/    1E0C : 322E 0012           		move.w	obj_size_y(a6),d1	; $LLRR
(1) 2394/    1E10 : 6774                		beq	.not_ytop
(1) 2395/    1E12 : 3C2E 0008           		move.w	obj_y(a6),d6		; d6 - Left point
(1) 2396/    1E16 : 3A06                		move.w	d6,d5			; d5 - Right point
(1) 2397/    1E18 : 3401                		move.w	d1,d2
(1) 2398/    1E1A : E049                		lsr.w	#8,d1			; d1 - Left size
(1) 2399/    1E1C : 0242 00FF           		andi.w	#$FF,d2			; d2 - Right size
(1) 2400/    1E20 :                     ; 		lsl.w	#3,d1
(1) 2401/    1E20 :                     ; 		lsl.w	#3,d2
(1) 2402/    1E20 : 5342                		subq.w	#1,d2
(1) 2403/    1E22 : 9C41                		sub.w	d1,d6
(1) 2404/    1E24 : DA42                		add.w	d2,d5
(1) 2405/    1E26 : 322D 0012           		move.w	obj_size_y(a5),d1	; $LLRR
(1) 2406/    1E2A : 675A                		beq	.not_ytop
(1) 2407/    1E2C : 382D 0008           		move.w	obj_y(a5),d4		; d4 - Left point
(1) 2408/    1E30 : 3604                		move.w	d4,d3			; d3 - Right point
(1) 2409/    1E32 : 3401                		move.w	d1,d2
(1) 2410/    1E34 : E049                		lsr.w	#8,d1			; d1 - Left size
(1) 2411/    1E36 : 0242 00FF           		andi.w	#$FF,d2			; d2 - Right size
(1) 2412/    1E3A :                     ; 		lsl.w	#3,d1
(1) 2413/    1E3A :                     ; 		lsl.w	#3,d2
(1) 2414/    1E3A : 5342                		subq.w	#1,d2
(1) 2415/    1E3C : 9841                		sub.w	d1,d4
(1) 2416/    1E3E : D642                		add.w	d2,d3
(1) 2417/    1E40 : B646                		cmp.w	d6,d3
(1) 2418/    1E42 : 6D42                		blt.s	.not_ytop
(1) 2419/    1E44 : B845                		cmp.w	d5,d4
(1) 2420/    1E46 : 6C3E                		bge.s	.not_ytop
(1) 2421/    1E48 :                     
(1) 2422/    1E48 :                     	; Special Z check
(1) 2423/    1E48 : 322E 0014           		move.w	obj_size_z(a6),d1	; $LLRR
(1) 2424/    1E4C : 6736                		beq.s	.set_ok
(1) 2425/    1E4E : 3C2E 000C           		move.w	obj_z(a6),d6		; d6 - Left point
(1) 2426/    1E52 : 3A06                		move.w	d6,d5			; d5 - Right point
(1) 2427/    1E54 : 3401                		move.w	d1,d2
(1) 2428/    1E56 : E049                		lsr.w	#8,d1			; d1 - Left size
(1) 2429/    1E58 : 0242 00FF           		andi.w	#$FF,d2			; d2 - Right size
(1) 2430/    1E5C :                     ; 		lsl.w	#3,d1
(1) 2431/    1E5C :                     ; 		lsl.w	#3,d2
(1) 2432/    1E5C : 5342                		subq.w	#1,d2
(1) 2433/    1E5E : 9C41                		sub.w	d1,d6
(1) 2434/    1E60 : DA42                		add.w	d2,d5
(1) 2435/    1E62 : 322D 0014           		move.w	obj_size_z(a5),d1	; $LLRR
(1) 2436/    1E66 : 671C                		beq.s	.set_ok
(1) 2437/    1E68 : 382D 000C           		move.w	obj_z(a5),d4		; d4 - Left point
(1) 2438/    1E6C : 3604                		move.w	d4,d3			; d3 - Right point
(1) 2439/    1E6E : 3401                		move.w	d1,d2
(1) 2440/    1E70 : E049                		lsr.w	#8,d1			; d1 - Left size
(1) 2441/    1E72 : 0242 00FF           		andi.w	#$FF,d2			; d2 - Right size
(1) 2442/    1E76 :                     ; 		lsl.w	#3,d1
(1) 2443/    1E76 :                     ; 		lsl.w	#3,d2
(1) 2444/    1E76 : 5342                		subq.w	#1,d2
(1) 2445/    1E78 : 9841                		sub.w	d1,d4
(1) 2446/    1E7A : D642                		add.w	d2,d3
(1) 2447/    1E7C : B646                		cmp.w	d6,d3
(1) 2448/    1E7E : 6D06                		blt	.not_ytop
(1) 2449/    1E80 : B845                		cmp.w	d5,d4
(1) 2450/    1E82 : 6C02                		bge	.not_ytop
(1) 2451/    1E84 :                     .set_ok:
(1) 2452/    1E84 : 200D                		move.l	a5,d0			; FOUND OBJECT
(1) 2453/    1E86 :                     .not_ytop:
(1) 2454/    1E86 : 4E75                		rts
(1) 2455/    1E88 :                     
(1) 2456/    1E88 :                     ; ============================================================
(1) 2457/    1E88 :                     ; --------------------------------------------------------
(1) 2458/    1E88 :                     ; object_MdMars_GetSprInfo
(1) 2459/    1E88 :                     ;
(1) 2460/    1E88 :                     ; Grabs info from the current object
(1) 2461/    1E88 :                     ; for Video_MdMars_MakeSpr2D and Video_MdMars_MakeSpr3D
(1) 2462/    1E88 :                     ;
(1) 2463/    1E88 :                     ; Input:
(1) 2464/    1E88 :                     ; a6   | This object
(1) 2465/    1E88 :                     ; d0.l | X/Y center: splitw(center_x,center_y)
(1) 2466/    1E88 :                     ;        Set to 0 for 3D Sprites
(1) 2467/    1E88 :                     ; d1.w | Flags
(1) 2468/    1E88 :                     ;
(1) 2469/    1E88 :                     ; Output:
(1) 2470/    1E88 :                     ; d0.l | X and Y position
(1) 2471/    1E88 :                     ; d1.l | Flags and Z Position
(1) 2472/    1E88 :                     ; d2.w | Current frame when using object_Animate
(1) 2473/    1E88 :                     ; --------------------------------------------------------
(1) 2474/    1E88 :                     
(1) 2475/    1E88 :                     object_MdMars_GetSprInfo:
(1) 2490/    1E88 : 4E75                		rts
(1) 2491/    1E8A :                     
     183/    1E8A :                     
     184/    1E8A :                     ; --------------------------------------------------------
     185/    1E8A :                     ; SCREEN MODE MAIN LOOP
     186/    1E8A :                     ;
     187/    1E8A :                     ;  MD/Pico: Direct ROM jump
     188/    1E8A :                     ; CD/CD32X: Reads file from DISC and
     189/    1E8A :                     ;           transfers code to RAM
     190/    1E8A :                     ;      32X: Code is stored on ROM but runs in
     191/    1E8A :                     ;           RAM to prevent conflicts with the
     192/    1E8A :                     ;           SH2
     193/    1E8A :                     ;
     194/    1E8A :                     ; - Returning(rts) in your current screen code return
     195/    1E8A :                     ;   here
     196/    1E8A :                     ; - CD/32X/CD32X:
     197/    1E8A :                     ;   This will turn OFF ALL special features
     198/    1E8A :                     ; --------------------------------------------------------
     199/    1E8A :                     
     200/    1E8A :                     Md_ReadModes:
     201/    1E8A : 007C 0700           		ori.w	#$0700,sr			; Disable interrupts
     209/    1E8E : 7000                		moveq	#0,d0
     210/    1E90 : 3038 F180           		move.w	(RAM_ScreenMode).w,d0		; Read current screen number
     211/    1E94 : C07C 007F           		and.w	#$7F,d0				; <-- CURRENT LIMIT
     212/    1E98 : E948                		lsl.w	#4,d0				; number * $10
     213/    1E9A : 41FB 000A           		lea	.screen_list(pc,d0.w),a0		; Read list
     214/    1E9E :                     	; SCD/CD32X
     234/    1E9E : 207B 0006           		movea.l	.screen_list(pc,d0.w),a0		; a0 - ROM location
     235/    1EA2 : 4E90                		jsr	(a0)
     237/    1EA4 : 60E4                		bra.s	Md_ReadModes			; Loop on rts
     238/    1EA6 :                     
     239/    1EA6 :                     ; ====================================================================
     240/    1EA6 :                     
     241/    1EA6 :                     		include "game/incl_list.asm"
(1)    1/    1EA6 :                     ; ============================================================
(1)    2/    1EA6 :                     ; --------------------------------------------------------
(1)    3/    1EA6 :                     ; SCREEN CODE jump list sorted by ID (RAM_ScreenMode)
(1)    4/    1EA6 :                     ;
(1)    5/    1EA6 :                     ; - CODE banks are at: incl_code.asm
(1)    6/    1EA6 :                     ; - For SCD/CD32X:
(1)    7/    1EA6 :                     ;   Include the Start+End labels and ISO filename
(1)    8/    1EA6 :                     ;   at iso_files.asm
(1)    9/    1EA6 :                     ; --------------------------------------------------------
(1)   10/    1EA6 :                     
(1)   11/    1EA6 :                     .screen_list:
(1)   12/    1EA6 : 0000 3EC8           		dc.l Md_Screen00	; ROM label
(1)   13/    1EAA : 5343 5245 454E      		dc.b "SCREEN00.BIN"	; ISO Filename
             1EB0 : 3030 2E42 494E    
(1)   14/    1EB6 : 0000 3EC8           		dc.l Md_Screen00
(1)   15/    1EBA : 5343 5245 454E      		dc.b "SCREEN00.BIN"
             1EC0 : 3030 2E42 494E    
(1)   16/    1EC6 : 0000 3EC8           		dc.l Md_Screen00
(1)   17/    1ECA : 5343 5245 454E      		dc.b "SCREEN00.BIN"
             1ED0 : 3030 2E42 494E    
(1)   18/    1ED6 : 0000 3EC8           		dc.l Md_Screen00
(1)   19/    1EDA : 5343 5245 454E      		dc.b "SCREEN00.BIN"
             1EE0 : 3030 2E42 494E    
(1)   20/    1EE6 : 0000 3EC8           		dc.l Md_Screen00
(1)   21/    1EEA : 5343 5245 454E      		dc.b "SCREEN00.BIN"
             1EF0 : 3030 2E42 494E    
(1)   22/    1EF6 : 0000 3EC8           		dc.l Md_Screen00
(1)   23/    1EFA : 5343 5245 454E      		dc.b "SCREEN00.BIN"
             1F00 : 3030 2E42 494E    
(1)   24/    1F06 : 0000 3EC8           		dc.l Md_Screen00
(1)   25/    1F0A : 5343 5245 454E      		dc.b "SCREEN00.BIN"
             1F10 : 3030 2E42 494E    
(1)   26/    1F16 : 0000 406C           		dc.l Md_Screen07
(1)   27/    1F1A : 5343 5245 454E      		dc.b "SCREEN07.BIN"
             1F20 : 3037 2E42 494E    
(1)   28/    1F26 :                     
(1)   29/    1F26 :                     ; ============================================================
(1)   30/    1F26 :                     ; --------------------------------------------------------
(1)   31/    1F26 :                     ; CD/CD32X ONLY: Bank filenames at any order
(1)   32/    1F26 :                     ;
(1)   33/    1F26 :                     ; If you forget to reference the label it will crash
(1)   34/    1F26 :                     ; the entire SCD system.
(1)   35/    1F26 :                     ;
(1)   36/    1F26 :                     ; - Include the Start+End labels and ISO filename
(1)   37/    1F26 :                     ;   at iso_files.asm
(1)   38/    1F26 :                     ; --------------------------------------------------------
(1)   39/    1F26 :                     
(1)   40/    1F26 :                     disc_banklist:
(1)   41/    1F26 : 0000 4CFC           		dc.l DATA_BANK0		; Start Label
(1)   42/    1F2A : 424E 4B5F 4D41      		dc.b "BNK_MAIN.BIN"	; ISO filename
             1F30 : 494E 2E42 494E    
(1)   43/    1F36 : FFFF FFFF           		dc.l -1			; END-OF-LIST
(1)   44/    1F3A :                     
     242/    1F3A :                     		align 2
     243/    1F3A :                     
     244/    1F3A :                     ; ====================================================================
     245/    1F3A :                     
     252/    1F3A :                     
     253/    1F3A :                     Md_SysCode_e:
     254/    1F3A :                     		align 2
     255/    1F3A :                     
     256/    1F3A :                     ; ===========================================================================
     257/    1F3A :                     ; ----------------------------------------------------------------
     258/    1F3A :                     ; DATA section shared on both Cartridge or Disc
     259/    1F3A :                     ; ----------------------------------------------------------------
     260/    1F3A :                     
     261/    1F3A :                     ; --------------------------------------------------------
     262/    1F3A :                     ; CD/CD32X ISO header and files
     263/    1F3A :                     ; --------------------------------------------------------
     264/    1F3A :                     
     279/    1F3A :                     
     280/    1F3A :                     ; ===========================================================================
     281/    1F3A :                     ; --------------------------------------------------------
     282/    1F3A :                     ; Z80 driver include
     283/    1F3A :                     ;
     284/    1F3A :                     ; SCD/CD32X: Stored on DISC
     285/    1F3A :                     ; --------------------------------------------------------
     286/    1F3A :                     
     294/    1F3A :                     Z80_CODE:
     298/    1F3A :                     		include "sound/drv/gema_zdrv.asm"
(1)    1/    1F3A :                     ; ===========================================================================
(1)    2/    1F3A :                     ; -------------------------------------------------------------------
(1)    3/    1F3A :                     ; GEMA Z80 code
(1)    4/    1F3A :                     ; -------------------------------------------------------------------
(1)    5/    1F3A :                     
(1)    6/       0 :                     		phase 0
(1)    7/       0 :                     		cpu Z80		; Enter Z80 CPU
(1)    8/       0 :                     
(1)    9/       0 :                     ; --------------------------------------------------------
(1)   10/       0 :                     ; SETTINGS
(1)   11/       0 :                     ; --------------------------------------------------------
(1)   12/       0 :                     
(1)   13/       0 :                     ; !! = HARDCODED
(1)   14/       0 : =9H                  MAX_TRFRPZ	equ 9		; !! Max readRom packets(bytes) **AFFECTS WAVE QUALITY**
(1)   15/       0 : =20H                 MAX_TRKCHN	equ 32		; !! Max internal shared tracker channel slots *** MSB alinged ***
(1)   16/       0 : =20H                 MAX_RCACH	equ 20h		; !! Max storage for ROM pattern data *** 1-BIT SIZES ONLY, MUST BE LSB ALIGNED ***
(1)   17/       0 : =8H                  MAX_BUFFNTRY	equ 4*2		; !! nikona_BuffList buffer entry size **HARDCODED
(1)   18/       0 : =3H                  MAX_SLOTS	equ 3		; !! Number of track buffers
(1)   19/       0 : =20H                 MAX_ZCMND	equ 20h		; !! Size of command array ** 1-bit SIZES ONLY ** (68k uses this label too)
(1)   20/       0 : =12H                 MAX_TBLSIZE	equ 12h		; Maximum size for chip table arrays
(1)   21/       0 : =1AH                 MAX_TRKINDX	equ 26		; Max channel indexes per buffer: 4PSG+6FM+8PCM+8PWM
(1)   22/       0 :                     
(1)   23/       0 :                     ; --------------------------------------------------------
(1)   24/       0 :                     ; Structs
(1)   25/       0 :                     ; --------------------------------------------------------
(1)   26/       0 :                     
(1)   27/       0 :                     ; trkBuff struct
(1)   28/       0 :                     ;
(1)   29/       0 :                     ; seq_Status: %ERP- V--0
(1)   30/       0 :                     ; E - enabled
(1)   31/       0 :                     ; R - Init|Restart track
(1)   32/       0 :                     ; P - refill-on-playback
(1)   33/       0 :                     ; V - volume change flag
(1)   34/       0 :                     ; 0 - Use global sub-beats
(1)   35/       0 : =0H                  seq_Status	equ 00h	; ** Slot Status and flags (MUST BE at 00h)
(1)   36/       0 : =1H                  seq_Num		equ 01h ; ** Sequence number
(1)   37/       0 : =2H                  seq_SetBlk	equ 02h	; ** Start on this block
(1)   38/       0 : =3H                  seq_TickSet	equ 03h	; ** Ticks for this track
(1)   39/       0 : =4H                  seq_Blocks	equ 04h ; ** [W] Current track's blocks
(1)   40/       0 : =6H                  seq_Patt	equ 06h ; ** [W] Current track's heads and patterns
(1)   41/       0 : =8H                  seq_Cach	equ 08h	; ** [W] Current track's cache notedata
(1)   42/       0 : =0AH                 seq_Read	equ 0Ah	; [W] Track current pattern read
(1)   43/       0 : =0CH                 seq_Rows	equ 0Ch	; [W] Track row counter
(1)   44/       0 : =0EH                 seq_VolMaster	equ 0Eh ; [W] Master volume for this track slot (00-max), +80h update
(1)   45/       0 : =10H                 seq_cachHalf	equ 10h ; ROM-cache halfcheck
(1)   46/       0 : =11H                 seq_rowPause	equ 11h	; Row-pause timer
(1)   47/       0 : =12H                 seq_TickTmr	equ 12h	; Ticks timer
(1)   48/       0 : =13H                 seq_currBlk	equ 13h	; Current block
(1)   49/       0 : =14H                 seq_Priority	equ 14h ; Priority level for this buffer
(1)   50/       0 : =15H                 seq_BankHeads	equ 15h ; Header bank
(1)   51/       0 : =16H                 seq_BankBlk	equ 16h	; Block bank
(1)   52/       0 : =17H                 seq_MaxChnl	equ 17h ; MAX channels used in this track
(1)   53/       0 : =18H                 seq_VolFdTarget	equ 18h	; Target fade volume
(1)   54/       0 : =19H                 seq_RomPattRead	equ 19h ; [3b] ROM current pattern data to be cache'd
(1)   55/       0 : =1CH                 seq_RomPatt	equ 1Ch ; [3b] ROM BASE pattern data
(1)   56/       0 : =1FH                 seq_RomInst	equ 1Fh ; [3b] ROM instrument data
(1)   57/       0 : =22H                 seq_RomBlks	equ 22h ; [3b] ROM blocks data
(1)   58/       0 : =25H                 seq_ChnIndx	equ 25h	; CHANNEL INDEXING START HERE
(1)   59/       0 :                     
(1)   60/       0 :                     ; chnBuff struct, 8 BYTES ONLY.
(1)   61/       0 :                     ;
(1)   62/       0 :                     ; chnl_Flags: E0LRevin
(1)   63/       0 :                     ; 	 E - Channel is active
(1)   64/       0 :                     ; 	LR - 1-bit Left/Right panning bits: 0-ON 1-OFF
(1)   65/       0 :                     ; 	 e - Effect*
(1)   66/       0 :                     ; 	 v - Volume*
(1)   67/       0 :                     ; 	 i - Intrument*
(1)   68/       0 :                     ; 	 n - Note*
(1)   69/       0 :                     
(1)   70/       0 : =0H                  chnl_Flags	equ 0	; !! Playback flags: %E0LRevin ** MUST BE LOCATED AT 0 **
(1)   71/       0 : =1H                  chnl_Chip	equ 1	; %ccccpppp c - Current Chip ID / p - Priority level
(1)   72/       0 : =2H                  chnl_Note	equ 2	; IT Music note or command
(1)   73/       0 : =3H                  chnl_Ins	equ 3	; IT Instrument starting from 1 (0 is invalid)
(1)   74/       0 : =4H                  chnl_Vol	equ 4	; IT Volume: MAX(64) to MIN(0)
(1)   75/       0 : =5H                  chnl_EffId	equ 5	; IT Effect number
(1)   76/       0 : =6H                  chnl_EffArg	equ 6	; IT Effect argument
(1)   77/       0 : =7H                  chnl_Type	equ 7	; Impulse type bits
(1)   78/       0 :                     
(1)   79/       0 :                     
(1)   80/       0 :                     ; Table struct
(1)   81/       0 : =0H                  ztbl_Link	equ 00h			; !! current linked channel in trkChnls
(1)   82/       0 : =2H                  ztbl_Priority	equ 02h			; !! 00h-7Fh: Priority level 0-15 + 80h+chipID Silence request
(1)   83/       0 : =3H                  ztbl_Chip	equ 03h			; !! Chip index (YM2612: direct index) *MUST BE ON THE LIST*
(1)   84/       0 : =4H                  ztbl_MasterVol	equ 04h			; MASTER volume for this channel
(1)   85/       0 : =5H                  ztbl_FreqIndx	equ 05h			; Frequency list index (YM2612: %oooiiiii oct|index)
(1)   86/       0 : =6H                  ztbl_PitchBend	equ 06h			; Pitchbend incr/decr
(1)   87/       0 : =7H                  ztbl_Volume	equ 07h			; Current Volume: 00-max
(1)   88/       0 : =8H                  ztbl_VolSlide	equ 08h			; Volume slide incr/decr
(1)   89/       0 : =0AH                 ztbl_InstCach	equ 0Ah			; <-- 8 bytes
(1)   90/       0 :                     
(1)   91/       0 :                     ; --------------------------------------------------------
(1)   92/       0 :                     ; Variables
(1)   93/       0 :                     ; --------------------------------------------------------
(1)   94/       0 :                     
(1)   95/       0 :                     ; Z80 opcode labels for the wave playback routines
(1)   96/       0 : =0H                  zopcNop		equ 00h
(1)   97/       0 : =8H                  zopcEx		equ 08h
(1)   98/       0 : =0C9H                zopcRet		equ 0C9h
(1)   99/       0 : =0D9H                zopcExx		equ 0D9h		; (dac_me ONLY)
(1)  100/       0 : =0F5H                zopcPushAf	equ 0F5h		; (dac_fill ONLY)
(1)  101/       0 :                     
(1)  102/       0 :                     ; PSG
(1)  103/       0 : =0H                  COM		equ 0
(1)  104/       0 : =4H                  LEV		equ 4
(1)  105/       0 : =8H                  ATK		equ 8
(1)  106/       0 : =0CH                 DKY		equ 12
(1)  107/       0 : =10H                 SLV		equ 16
(1)  108/       0 : =14H                 RRT		equ 20
(1)  109/       0 : =18H                 MODE		equ 24
(1)  110/       0 : =1CH                 DTL		equ 28
(1)  111/       0 : =20H                 DTH		equ 32
(1)  112/       0 : =24H                 ALV		equ 36
(1)  113/       0 : =28H                 FLG		equ 40
(1)  114/       0 : =2CH                 ARP		equ 44
(1)  115/       0 : =30H                 MVOL		equ 48
(1)  116/       0 : =34H                 EFFV		equ 52
(1)  117/       0 : =38H                 PTMR		equ 56
(1)  118/       0 :                     
(1)  119/       0 :                     ; ====================================================================
(1)  120/       0 :                     ; --------------------------------------------------------
(1)  121/       0 :                     ; Code starts here
(1)  122/       0 :                     ; --------------------------------------------------------
(1)  123/       0 :                     
(1)  124/       0 : F3                  		di			; Disable interrupts
(1)  125/       1 : ED 56               		im	1		; Interrupt mode 1
(1)  126/       3 : 31 00 20            		ld	sp,2000h	; Set STACK at the end of Z80
(1)  127/       6 : 18 36               		jr	z80_init	; Jump to z80_init
(1)  128/       8 :                     
(1)  129/       8 :                     ; --------------------------------------------------------
(1)  130/       8 :                     ; RST 8 (dac_me)
(1)  131/       8 :                     ;
(1)  132/       8 :                     ; Writes wave data to DAC using data stored
(1)  133/       8 :                     ; on the wave buffer, call this routine every 6 or 8
(1)  134/       8 :                     ; instructions to keep the samplerate stable.
(1)  135/       8 :                     ;
(1)  136/       8 :                     ; Input (EXX):
(1)  137/       8 :                     ;  c - WAVE buffer MSB
(1)  138/       8 :                     ; de - Pitch (xx.00)
(1)  139/       8 :                     ; h  - WAVE buffer LSB (as xx.00)
(1)  140/       8 :                     ;
(1)  141/       8 :                     ; Uses (EXX):
(1)  142/       8 :                     ; b
(1)  143/       8 :                     ;
(1)  144/       8 :                     ; Notes:
(1)  145/       8 :                     ; ONLY USE dac_on and dac_off to turn OFF/ON
(1)  146/       8 :                     ; DAC playback
(1)  147/       8 :                     ;
(1)  148/       8 :                     ; Samplerate is 16000hz with minimal quality loss.
(1)  149/       8 :                     ; --------------------------------------------------------
(1)  150/       8 :                     
(1)  151/       8 :                     ; EXX set:
(1)  152/       8 :                     ; af - temporal
(1)  153/       8 :                     ; bc - l temporal | dWaveBuff MSB
(1)  154/       8 :                     ; de - pitch increment
(1)  155/       8 :                     ; hl - wave buffer position 00.00h
(1)  156/       8 :                     		org 8
(1)  157/       8 : D9                  dac_me:		exx			; * flip registers | Changes between EXX(play) and RET(stop)
(1)  158/       9 : 08                  		ex	af,af'		; Swap af
(1)  159/       A : 45                  		ld	b,l		; Save old hl buff
(1)  160/       B : 6C                  		ld	l,h		;
(1)  161/       C : 61                  		ld	h,c		; h - Set buffer MSB
(1)  162/       D : 3E 2A               		ld	a,2Ah		;
(1)  163/       F : 32 00 40            		ld	(Zym_ctrl_1),a	; Set YM Register 2Ah
(1)  164/      12 : 7E                  		ld	a,(hl)		; Read wave byte and
(1)  165/      13 : 32 01 40            		ld	(Zym_data_1),a	; write it to DAC
(1)  166/      16 : 65                  		ld	h,l		; Get hl buff back
(1)  167/      17 : 68                  		ld	l,b		;
(1)  168/      18 : 19                  		add	hl,de		; Pitch increment hl
(1)  169/      19 : 08                  		ex	af,af'		; Return af
(1)  170/      1A : D9                  		exx			; * return regs
(1)  171/      1B : C9                  		ret
(1)  172/      1C :                     
(1)  173/      1C :                     ; --------------------------------------------------------
(1)  174/      1C :                     ; 1Ch - Master tracklist pointer
(1)  175/      1C :                     gemaMstrListPos:
(1)  176/      1C : 00                  		db 0			; ** 32-bit 68k address **
(1)  177/      1D : 00                  		db 0
(1)  178/      1E : 00                  		db 0
(1)  179/      1F : 00                  		db 0
(1)  180/      20 :                     
(1)  181/      20 :                     ; --------------------------------------------------------
(1)  182/      20 :                     ; RST 20h (dac_me)
(1)  183/      20 :                     ; *** self-modifiable code ***
(1)  184/      20 :                     ;
(1)  185/      20 :                     ; Checks if the WAVE cache needs refilling to keep
(1)  186/      20 :                     ; it playing.
(1)  187/      20 :                     ; --------------------------------------------------------
(1)  188/      20 :                     
(1)  189/      20 :                     		org 20h
(1)  190/      20 : F5                  dac_fill:	push	af		; Save af | Changes between PUSH AF(play) and RET(stop)
(1)  191/      21 : 3A 37 00            		ld	a,(dDacFifoMid)	; a - Get half-way value
(1)  192/      24 : D9                  		exx			; * flip registers
(1)  193/      25 : AC                  		xor	h		; Grab LSB.00
(1)  194/      26 : D9                  		exx			; * restore regs
(1)  195/      27 : E6 80               		and	80h		; Check if LSB 7th bit changed
(1)  196/      29 : C4 40 12            		call	nz,dac_refill	; If yes, call refill and update LSB
(1)  197/      2C : F1                  		pop	af		; Restore af
(1)  198/      2D : C9                  		ret
(1)  199/      2E :                     
(1)  200/      2E :                     ; --------------------------------------------------------
(1)  201/      2E :                     ; 02Eh - User read/write values
(1)  202/      2E :                     
(1)  203/      2E : 00                  commZRead	db 0			; cmd fifo READ pointer (here)
(1)  204/      2F : 00                  psgHatMode	db 0			; Current PSGN mode
(1)  205/      30 : 00                  fmSpecial	db 0			; copy of FM3 enable bit
(1)  206/      31 : 00 00               sbeatAcc	dw 0			; Accumulates on each tick to trigger the sub beats
(1)  207/      33 : D6 00               sbeatPtck	dw 214			; Default global subbeats (this-32 for PAL) 214=125
(1)  208/      35 : 00                  x68ksrclsb	db 0			; readRom temporal LSB
(1)  209/      36 : 00                  x68ksrcmid	db 0			; readRom temporal MID
(1)  210/      37 : 00                  dDacFifoMid	db 0			; WAVE play halfway refill flag (00h/80h)
(1)  211/      38 :                     
(1)  212/      38 :                     ; --------------------------------------------------------
(1)  213/      38 :                     ; Z80 Interrupt at 0038h
(1)  214/      38 :                     ; --------------------------------------------------------
(1)  215/      38 :                     
(1)  216/      38 :                     		org 38h				; Align 38h
(1)  217/      38 : ED 73 F6 1C         		ld	(tickSpSet),sp		; Write TICK flag using current sp (read tickFlag only)
(1)  218/      3C : F3                  		di				; Disable interrupt
(1)  219/      3D : C9                  		ret
(1)  220/      3E :                     
(1)  221/      3E :                     ; --------------------------------------------------------
(1)  222/      3E :                     ; Initialize
(1)  223/      3E :                     ; --------------------------------------------------------
(1)  224/      3E :                     
(1)  225/      3E :                     z80_init:
(1)  226/      3E : CD 1B 0F            		call	gema_init		; Init values
(1)  227/      41 :                     
(1)  228/      41 :                     ; --------------------------------------------------------
(1)  229/      41 :                     ; MAIN LOOP
(1)  230/      41 :                     ; --------------------------------------------------------
(1)  231/      41 :                     
(1)  232/      41 :                     drv_loop:
(1)  233/      41 : CF                  		rst	8
(1)  234/      42 : CD 8D 0F            		call	get_tick		; Check tick on VBlank
(1)  235/      45 : E7                  		rst	20h			; Refill wave here
(1)  236/      46 : CF                  		rst	8
(1)  237/      47 : 06 00               		ld	b,0			; b - Reset current flags (beat|tick)
(1)  238/      49 : 3A F8 1C            		ld	a,(tickCnt)		; Decrement tick counter
(1)  239/      4C : D6 01               		sub	1
(1)  240/      4E : 38 0B               		jr	c,.noticks		; If non-zero, no tick passed.
(1)  241/      50 : 32 F8 1C            		ld	(tickCnt),a
(1)  242/      53 : CD 65 10            		call	chip_env		; Process PSG and YM
(1)  243/      56 : CD 8D 0F            		call	get_tick		; Check for another tick
(1)  244/      59 : 06 01               		ld 	b,01b			; Set TICK and clear BEAT flags (01b)
(1)  245/      5B :                     .noticks:
(1)  246/      5B : 3A 32 00            		ld	a,(sbeatAcc+1)		; check beat counter (scaled by tempo)
(1)  247/      5E : D6 01               		sub	1
(1)  248/      60 : 38 06               		jr	c,.nobeats
(1)  249/      62 : CF                  		rst	8
(1)  250/      63 : 32 32 00            		ld	(sbeatAcc+1),a		; 1/24 beat passed.
(1)  251/      66 : CB C8               		set	1,b			; Set BEAT (10b) flag
(1)  252/      68 :                     .nobeats:
(1)  253/      68 : CF                  		rst	8
(1)  254/      69 : 78                  		ld	a,b			; Any beat/tick bits set?
(1)  255/      6A : B7                  		or	a
(1)  256/      6B : 28 15               		jr	z,.neither
(1)  257/      6D : 32 F9 1C            		ld	(currTickBits),a	; Save BEAT/TICK bits
(1)  258/      70 : E7                  		rst	20h
(1)  259/      71 : CF                  		rst	8
(1)  260/      72 : CD 8D 0F            		call	get_tick
(1)  261/      75 : CD FE 05            		call	set_chips		; Process sound chips
(1)  262/      78 : CD 8D 0F            		call	get_tick
(1)  263/      7B : CF                  		rst	8
(1)  264/      7C : CD 26 02            		call	upd_seq			; Read sequences
(1)  265/      7F : CD 8D 0F            		call	get_tick
(1)  266/      82 :                     .neither:
(1)  267/      82 : E7                  		rst	20h
(1)  274/      83 : CF                  		rst	8
(1)  275/      84 : 00                  		nop
(1)  276/      85 : 00                  		nop
(1)  277/      86 : 00                  		nop
(1)  278/      87 : CD 8D 0F            		call	get_tick
(1)  279/      8A : CF                  		rst	8
(1)  281/      8B :                     .next_cmd:
(1)  282/      8B : 3A 80 1F            		ld	a,(commZWrite)		; Check if commZ R/W indexes
(1)  283/      8E : 47                  		ld	b,a			; are in the same spot a == b
(1)  284/      8F : 3A 2E 00            		ld	a,(commZRead)
(1)  285/      92 : B8                  		cp	b			; If equal, no changes.
(1)  286/      93 : 28 AC               		jr	z,drv_loop
(1)  287/      95 : CF                  		rst	8
(1)  288/      96 : CD AE 00            		call	.grab_arg		; Get command start flag -1
(1)  289/      99 : FE FF               		cp	-1
(1)  290/      9B : 20 A4               		jr	nz,drv_loop		; If not, end of command
(1)  291/      9D : CD AE 00            		call	.grab_arg		; Read command number
(1)  292/      A0 : 87                  		add	a,a			; num*2
(1)  293/      A1 : 21 CD 00            		ld	hl,.list		; Index-jump
(1)  294/      A4 : 16 00               		ld	d,0
(1)  295/      A6 : 5F                  		ld	e,a
(1)  296/      A7 : 19                  		add	hl,de
(1)  297/      A8 : 7E                  		ld	a,(hl)
(1)  298/      A9 : 23                  		inc	hl
(1)  299/      AA : 66                  		ld	h,(hl)
(1)  300/      AB : CF                  		rst	8
(1)  301/      AC : 6F                  		ld	l,a
(1)  302/      AD : E9                  		jp	(hl)			; Jump to label
(1)  303/      AE :                     
(1)  304/      AE :                     ; --------------------------------------------------------
(1)  305/      AE :                     ; Read cmd byte
(1)  306/      AE :                     ; --------------------------------------------------------
(1)  307/      AE :                     
(1)  308/      AE :                     .grab_arg:
(1)  309/      AE : D5                  		push	de
(1)  310/      AF : E5                  		push	hl
(1)  311/      B0 :                     .getcbytel:
(1)  312/      B0 : 3A 80 1F            		ld	a,(commZWrite)
(1)  313/      B3 : 57                  		ld	d,a
(1)  314/      B4 : CF                  		rst	8
(1)  315/      B5 : 3A 2E 00            		ld	a,(commZRead)
(1)  316/      B8 : BA                  		cp	d			; commZ R/W indexes are the same?
(1)  317/      B9 : 28 F5               		jr	z,.getcbytel		; wait until these counters change.
(1)  318/      BB : 16 00               		ld	d,0
(1)  319/      BD : 5F                  		ld	e,a
(1)  320/      BE : 21 60 1F            		ld	hl,commZfifo		; Read commZ list + index
(1)  321/      C1 : 19                  		add	hl,de
(1)  322/      C2 : CF                  		rst	8
(1)  323/      C3 : 3C                  		inc	a
(1)  324/      C4 : E6 1F               		and	MAX_ZCMND-1		; ** commZ list buffer limit
(1)  325/      C6 : 32 2E 00            		ld	(commZRead),a
(1)  326/      C9 : 7E                  		ld	a,(hl)			; a - got this byte from the buffer
(1)  327/      CA : E1                  		pop	hl
(1)  328/      CB : D1                  		pop	de
(1)  329/      CC : C9                  		ret
(1)  330/      CD :                     
(1)  331/      CD :                     ; --------------------------------------------------------
(1)  332/      CD :                     
(1)  333/      CD :                     .list:
(1)  334/      CD : DD 00               		dw .cmnd_0		; 00h - TESTING
(1)  335/      CF : E0 00               		dw .cmnd_1		; 01h - Set Master tracklist
(1)  336/      D1 : F9 00               		dw .cmnd_2		; 02h - Play by track number
(1)  337/      D3 : 33 01               		dw .cmnd_3		; 03h - Stop by track number
(1)  338/      D5 : DD 00               		dw .cmnd_0		; 04h - (free)
(1)  339/      D7 : 71 01               		dw .cmnd_5		; 05h - Fade volume (FadeIn/FadeOut)
(1)  340/      D9 : AA 01               		dw .cmnd_6		; 06h - Set maximum volume to slot
(1)  341/      DB : E3 01               		dw .cmnd_7		; 07h - Set GLOBAL sub-beats
(1)  342/      DD :                     
(1)  343/      DD :                     ; --------------------------------------------------------
(1)  344/      DD :                     ; Command 00h
(1)  345/      DD :                     ;
(1)  346/      DD :                     ; Reserved for TESTING purposes.
(1)  347/      DD :                     ; --------------------------------------------------------
(1)  348/      DD :                     
(1)  349/      DD :                     .cmnd_0:
(1)  350/      DD : C3 8B 00            		jp	.next_cmd
(1)  351/      E0 :                     
(1)  352/      E0 :                     ; --------------------------------------------------------
(1)  353/      E0 :                     ; Command 01h:
(1)  354/      E0 :                     ;
(1)  355/      E0 :                     ; Set the Track MASTER-list.
(1)  356/      E0 :                     ; --------------------------------------------------------
(1)  357/      E0 :                     
(1)  358/      E0 :                     .cmnd_1:
(1)  359/      E0 : 21 1F 00            		ld	hl,gemaMstrListPos+3	; 32-bit big endian
(1)  360/      E3 : CD AE 00            		call	.grab_arg		; $000000xx
(1)  361/      E6 : 77                  		ld	(hl),a
(1)  362/      E7 : 2B                  		dec	hl
(1)  363/      E8 : CD AE 00            		call	.grab_arg		; $0000xx00
(1)  364/      EB : 77                  		ld	(hl),a
(1)  365/      EC : 2B                  		dec	hl
(1)  366/      ED : CD AE 00            		call	.grab_arg		; $00xx0000
(1)  367/      F0 : 77                  		ld	(hl),a
(1)  368/      F1 : 2B                  		dec	hl
(1)  369/      F2 : CD AE 00            		call	.grab_arg		; $xx000000 (filler)
(1)  370/      F5 : 77                  		ld	(hl),a
(1)  371/      F6 : C3 8B 00            		jp	.next_cmd
(1)  372/      F9 :                     
(1)  373/      F9 :                     ; --------------------------------------------------------
(1)  374/      F9 :                     ; Command 02h:
(1)  375/      F9 :                     ;
(1)  376/      F9 :                     ; Make new track by sequence number
(1)  377/      F9 :                     ;
(1)  378/      F9 :                     ; SeqID, BlockPos, SlotIndex(If -1 autofill)
(1)  379/      F9 :                     ; --------------------------------------------------------
(1)  380/      F9 :                     
(1)  381/      F9 :                     .cmnd_2:
(1)  382/      F9 : CD AE 00            		call	.grab_arg		; d1: Sequence ID
(1)  383/      FC : 4F                  		ld	c,a			; copy to c
(1)  384/      FD : CD AE 00            		call	.grab_arg		; d2: Block from
(1)  385/     100 : 47                  		ld	b,a			; copy to b
(1)  386/     101 : CF                  		rst	8
(1)  387/     102 : CD AE 00            		call	.grab_arg		; d0: Slot index
(1)  388/     105 : FD 21 D1 17         		ld	iy,nikona_BuffList	; iy - Slot buffer list
(1)  389/     109 : B7                  		or	a
(1)  390/     10A : FA 19 01            		jp	m,.srch_mode		; If negative, search for all with same ID
(1)  391/     10D : FE 03               		cp	MAX_SLOTS
(1)  392/     10F : D2 8B 00            		jp	nc,.next_cmd		; Exit if maxed out slots
(1)  393/     112 : CF                  		rst	8
(1)  394/     113 : CD 01 02            		call	.cmnd_rdslot
(1)  395/     116 : C3 28 01            		jp	.wrtto_slot
(1)  396/     119 :                     ; -1
(1)  397/     119 :                     .srch_mode:
(1)  398/     119 : CD 13 02            		call	.srch_slot		; Read this slot
(1)  399/     11C : FE FF               		cp	-1
(1)  400/     11E : CA 8B 00            		jp	z,.next_cmd		; if -1, exit.
(1)  401/     121 : CB 7E               		bit	7,(hl)			; Is this track active?
(1)  402/     123 : CA 28 01            		jp	z,.wrtto_slot
(1)  403/     126 : 18 F1               		jr	.srch_mode		; Check next one
(1)  404/     128 :                     .wrtto_slot:
(1)  405/     128 : 36 C0               		ld	(hl),11000000b		; ** Write seq_Status (Enable+FirstFill)
(1)  406/     12A : 23                  		inc	hl
(1)  407/     12B : CF                  		rst	8
(1)  408/     12C : 71                  		ld	(hl),c			; ** seq_Num
(1)  409/     12D : 23                  		inc	hl
(1)  410/     12E : 70                  		ld	(hl),b			; ** seq_SetBlk
(1)  411/     12F : 79                  		ld	a,c
(1)  412/     130 : C3 8B 00            		jp	.next_cmd
(1)  413/     133 :                     
(1)  414/     133 :                     ; --------------------------------------------------------
(1)  415/     133 :                     ; Command 03h:
(1)  416/     133 :                     ;
(1)  417/     133 :                     ; Stop track with the same sequence number
(1)  418/     133 :                     ;
(1)  419/     133 :                     ; SeqID,SlotIndex(If -1, stop all)
(1)  420/     133 :                     ; --------------------------------------------------------
(1)  421/     133 :                     
(1)  422/     133 :                     .cmnd_3:
(1)  423/     133 : CD AE 00            		call	.grab_arg		; d1: Sequence ID
(1)  424/     136 : 4F                  		ld	c,a			; copy to c
(1)  425/     137 : CD AE 00            		call	.grab_arg		; d0: Slot index
(1)  426/     13A : FD 21 D1 17         		ld	iy,nikona_BuffList	; iy - Slot buffer list
(1)  427/     13E : B7                  		or	a
(1)  428/     13F : FA 51 01            		jp	m,.srch_del		; If negative, search for all with same ID
(1)  429/     142 : FE 03               		cp	MAX_SLOTS
(1)  430/     144 : D2 8B 00            		jp	nc,.next_cmd		; Exit if maxed out slots
(1)  431/     147 : CF                  		rst	8
(1)  432/     148 : CD 01 02            		call	.cmnd_rdslot
(1)  433/     14B : CD 5E 01            		call	.wrtto_del
(1)  434/     14E : C3 8B 00            		jp	.next_cmd
(1)  435/     151 :                     ; -1
(1)  436/     151 :                     .srch_del:
(1)  437/     151 : CD 13 02            		call	.srch_slot		; Read this slot
(1)  438/     154 : FE FF               		cp	-1
(1)  439/     156 : CA 8B 00            		jp	z,.next_cmd		; if -1, exit.
(1)  440/     159 : CD 5E 01            		call	.wrtto_del
(1)  441/     15C : 18 F3               		jr	.srch_del
(1)  442/     15E :                     .wrtto_del:
(1)  443/     15E : CB 7E               		bit	7,(hl)			; Slot is active?
(1)  444/     160 : C8                  		ret	z
(1)  445/     161 : CB 79               		bit	7,c			; seq is -1? (lazy bit check)
(1)  446/     163 : 20 05               		jr	nz,.del_all
(1)  447/     165 : DD 7E 01            		ld	a,(ix+seq_Num)
(1)  448/     168 : B9                  		cp	c			; Is this the same seq?
(1)  449/     169 : C0                  		ret	nz			; Return if not.
(1)  450/     16A :                     .del_all:
(1)  451/     16A : 36 FF               		ld	(hl),-1			; stop channel and clear slot
(1)  452/     16C : 23                  		inc	hl
(1)  453/     16D : 36 FF               		ld	(hl),-1			; Reset seqId
(1)  454/     16F : CF                  		rst	8
(1)  455/     170 : C9                  		ret
(1)  456/     171 :                     
(1)  457/     171 :                     ; --------------------------------------------------------
(1)  458/     171 :                     ; Command 05h:
(1)  459/     171 :                     ;
(1)  460/     171 :                     ; Fade volume (FadeIn/FadeOut)
(1)  461/     171 :                     ;
(1)  462/     171 :                     ; Arguments:
(1)  463/     171 :                     ; TargetVol,SlotIndex(If -1 autofill)
(1)  464/     171 :                     ; --------------------------------------------------------
(1)  465/     171 :                     
(1)  466/     171 :                     .cmnd_5:
(1)  467/     171 : CD AE 00            		call	.grab_arg		; d1: Master volume
(1)  468/     174 : 4F                  		ld	c,a			; copy to c
(1)  469/     175 : CD AE 00            		call	.grab_arg		; d0: Slot index
(1)  470/     178 : FD 21 D1 17         		ld	iy,nikona_BuffList	; iy - Slot buffer list
(1)  471/     17C : B7                  		or	a
(1)  472/     17D : FA 8F 01            		jp	m,.srch_fvol		; if -1, search for all with same ID
(1)  473/     180 : FE 03               		cp	MAX_SLOTS
(1)  474/     182 : D2 8B 00            		jp	nc,.next_cmd		; Exit If maxed out slots
(1)  475/     185 : CF                  		rst	8
(1)  476/     186 : CD 01 02            		call	.cmnd_rdslot
(1)  477/     189 : CD 9C 01            		call	.wrtto_fvol
(1)  478/     18C : C3 8B 00            		jp	.next_cmd
(1)  479/     18F :                     ; -1
(1)  480/     18F :                     .srch_fvol:
(1)  481/     18F : CD 13 02            		call	.srch_slot
(1)  482/     192 : FE FF               		cp	-1
(1)  483/     194 : CA 8B 00            		jp	z,.next_cmd		; Then skip, no free slot.
(1)  484/     197 : CD 9C 01            		call	.wrtto_fvol
(1)  485/     19A : 18 F3               		jr	.srch_fvol
(1)  486/     19C :                     .wrtto_fvol:
(1)  487/     19C : CB 7E               		bit	7,(hl)			; Active?
(1)  488/     19E : C8                  		ret	z
(1)  489/     19F : CB DE               		set	3,(hl)			; Volume update flag
(1)  490/     1A1 : DD 71 18            		ld	(ix+seq_VolFdTarget),c
(1)  491/     1A4 : DD 36 0F 00         		ld	(ix+seq_VolMaster+1),0
(1)  492/     1A8 : CF                  		rst	8
(1)  493/     1A9 : C9                  		ret
(1)  494/     1AA :                     
(1)  495/     1AA :                     ; --------------------------------------------------------
(1)  496/     1AA :                     ; Command 06h:
(1)  497/     1AA :                     ;
(1)  498/     1AA :                     ; Set track's master volume
(1)  499/     1AA :                     ;
(1)  500/     1AA :                     ; Arguments:
(1)  501/     1AA :                     ; MasterVol,SlotIndex(If -1 autofill)
(1)  502/     1AA :                     ; --------------------------------------------------------
(1)  503/     1AA :                     
(1)  504/     1AA :                     .cmnd_6:
(1)  505/     1AA : CD AE 00            		call	.grab_arg		; d1: Master volume
(1)  506/     1AD : 4F                  		ld	c,a			; copy to c
(1)  507/     1AE : CD AE 00            		call	.grab_arg		; d0: Slot index
(1)  508/     1B1 : FD 21 D1 17         		ld	iy,nikona_BuffList	; iy - Slot buffer list
(1)  509/     1B5 : B7                  		or	a
(1)  510/     1B6 : FA C8 01            		jp	m,.srch_vol		; if -1, search for all with same ID
(1)  511/     1B9 : FE 03               		cp	MAX_SLOTS		; If maxed out slots
(1)  512/     1BB : D2 8B 00            		jp	nc,.next_cmd
(1)  513/     1BE : CF                  		rst	8
(1)  514/     1BF : CD 01 02            		call	.cmnd_rdslot
(1)  515/     1C2 : CD D5 01            		call	.wrtto_vol
(1)  516/     1C5 : C3 8B 00            		jp	.next_cmd
(1)  517/     1C8 :                     ; -1
(1)  518/     1C8 :                     .srch_vol:
(1)  519/     1C8 : CD 13 02            		call	.srch_slot
(1)  520/     1CB : FE FF               		cp	-1
(1)  521/     1CD : CA 8B 00            		jp	z,.next_cmd		; Then skip, no free slot.
(1)  522/     1D0 : CD D5 01            		call	.wrtto_vol
(1)  523/     1D3 : 18 F3               		jr	.srch_vol
(1)  524/     1D5 :                     .wrtto_vol:
(1)  525/     1D5 : CB DE               		set	3,(hl)			; Volume update flag
(1)  526/     1D7 : DD 71 0E            		ld	(ix+seq_VolMaster),c
(1)  527/     1DA : DD 71 18            		ld	(ix+seq_VolFdTarget),c
(1)  528/     1DD : DD 36 0F 00         		ld	(ix+seq_VolMaster+1),0
(1)  529/     1E1 : CF                  		rst	8
(1)  530/     1E2 : C9                  		ret
(1)  531/     1E3 :                     
(1)  532/     1E3 :                     ; --------------------------------------------------------
(1)  533/     1E3 :                     ; Command 07h:
(1)  534/     1E3 :                     ;
(1)  535/     1E3 :                     ; Set global sub-beats
(1)  536/     1E3 :                     ; --------------------------------------------------------
(1)  537/     1E3 :                     
(1)  538/     1E3 :                     .cmnd_7:
(1)  539/     1E3 : CD AE 00            		call	.grab_arg		; d0.w: $00xx
(1)  540/     1E6 : 4F                  		ld	c,a
(1)  541/     1E7 : CD AE 00            		call	.grab_arg		; d0.w: $xx00
(1)  542/     1EA : 67                  		ld	h,a
(1)  543/     1EB : 69                  		ld	l,c
(1)  544/     1EC : 3A 88 1F            		ld	a,(palMode)		; PAL speed mode?
(1)  545/     1EF : B7                  		or	a
(1)  546/     1F0 : 28 04               		jr	z,.not_pal
(1)  547/     1F2 : 11 28 00            		ld	de,40			; Add 40
(1)  548/     1F5 : 19                  		add	hl,de
(1)  549/     1F6 :                     .not_pal:
(1)  550/     1F6 : 7C                  		ld	a,h
(1)  551/     1F7 : 32 34 00            		ld	(sbeatPtck+1),a
(1)  552/     1FA : 7D                  		ld	a,l
(1)  553/     1FB : 32 33 00            		ld	(sbeatPtck),a
(1)  554/     1FE : C3 8B 00            		jp	.next_cmd
(1)  555/     201 :                     
(1)  556/     201 :                     ; --------------------------------------------------------
(1)  557/     201 :                     ; Shared subs
(1)  558/     201 :                     ; --------------------------------------------------------
(1)  559/     201 :                     
(1)  560/     201 :                     .cmnd_rdslot:
(1)  561/     201 : 87                  		add	a,a			; ** MANUAL MAX_BUFFNTRY
(1)  562/     202 : 87                  		add	a,a			; id*8
(1)  563/     203 : 87                  		add	a,a
(1)  564/     204 : 16 00               		ld	d,0
(1)  565/     206 : 5F                  		ld	e,a
(1)  566/     207 : FD 19               		add	iy,de
(1)  567/     209 : FD 6E 00            		ld	l,(iy)
(1)  568/     20C : FD 66 01            		ld	h,(iy+1)
(1)  569/     20F : E5                  		push	hl
(1)  570/     210 : DD E1               		pop	ix
(1)  571/     212 : C9                  		ret
(1)  572/     213 :                     
(1)  573/     213 :                     ; ------------------------------------------------
(1)  574/     213 :                     ; iy - nikona_BuffList
(1)  575/     213 :                     
(1)  576/     213 :                     .srch_slot:
(1)  577/     213 : FD 7E 00            		ld	a,(iy)
(1)  578/     216 : FE FF               		cp	-1			; End of list?
(1)  579/     218 : C8                  		ret	z
(1)  580/     219 : FD 66 01            		ld	h,(iy+1)		; hl - Current track slot
(1)  581/     21C : 6F                  		ld	l,a
(1)  582/     21D : E5                  		push	hl
(1)  583/     21E : DD E1               		pop	ix
(1)  584/     220 : 11 08 00            		ld	de,MAX_BUFFNTRY
(1)  585/     223 : FD 19               		add	iy,de			; Next entry for later
(1)  586/     225 : C9                  		ret
(1)  587/     226 :                     
(1)  588/     226 :                     ; ====================================================================
(1)  589/     226 :                     ; ----------------------------------------------------------------
(1)  590/     226 :                     ; MAIN Playback section
(1)  591/     226 :                     ; ----------------------------------------------------------------
(1)  592/     226 :                     
(1)  593/     226 :                     ; --------------------------------------------------------
(1)  594/     226 :                     ; Read mini-impulse-tracker data
(1)  595/     226 :                     ; --------------------------------------------------------
(1)  596/     226 :                     
(1)  597/     226 :                     upd_seq:
(1)  598/     226 : CD 8D 0F            		call	get_tick		; Check for tick flag
(1)  599/     229 : FD 21 E2 16         		ld	iy,trkBuff_0		; ** MANUAL BUFFERS
(1)  600/     22D : CD 3B 02            		call	.read_seq
(1)  601/     230 : FD 21 21 17         		ld	iy,trkBuff_1
(1)  602/     234 : CD 3B 02            		call	.read_seq
(1)  603/     237 : FD 21 60 17         		ld	iy,trkBuff_2
(1)  604/     23B :                     
(1)  605/     23B :                     ; ----------------------------------------
(1)  606/     23B :                     ; Read sequence
(1)  607/     23B :                     ;
(1)  608/     23B :                     ; iy - Current sequence buffer
(1)  609/     23B :                     ; ----------------------------------------
(1)  610/     23B :                     
(1)  611/     23B :                     .read_seq:
(1)  612/     23B : FD 46 00            		ld	b,(iy+seq_Status)	; b - Track status and settings
(1)  613/     23E : CB 78               		bit	7,b			; bit7: Track active?
(1)  614/     240 : C8                  		ret	z			; Return if not.
(1)  615/     241 : 78                  		ld	a,b
(1)  616/     242 : FE FF               		cp	-1			; Status is -1?
(1)  617/     244 : C8                  		ret	z			; then skip this
(1)  618/     245 : CF                  		rst	8
(1)  619/     246 :                     	; ----------------------------------------
(1)  620/     246 :                     	; Track volume changes
(1)  621/     246 : FD 6E 0F            		ld	l,(iy+seq_VolMaster+1)
(1)  622/     249 : FD 66 0E            		ld	h,(iy+seq_VolMaster)
(1)  623/     24C : FD 4E 18            		ld	c,(iy+seq_VolFdTarget)
(1)  624/     24F : 11 00 01            		ld	de,0100h		; <-- Manual volfade speed MAX 0100h
(1)  625/     252 : 79                  		ld	a,c
(1)  626/     253 : BC                  		cp	h
(1)  627/     254 : 28 1E               		jr	z,.keep_vol
(1)  628/     256 : 30 06               		jr	nc,.fade_out
(1)  629/     258 : 11 80 FF            		ld	de,-80h
(1)  630/     25B : 19                  		add	hl,de
(1)  631/     25C : 18 0C               		jr	.too_much
(1)  632/     25E :                     .fade_out:
(1)  633/     25E : 19                  		add	hl,de
(1)  634/     25F : CF                  		rst	8
(1)  635/     260 : 7C                  		ld	a,h
(1)  636/     261 : B9                  		cp	c
(1)  637/     262 : 38 06               		jr	c,.too_much
(1)  638/     264 : 61                  		ld	h,c
(1)  639/     265 : 2E 00               		ld	l,0
(1)  640/     267 : FD 71 18            		ld	(iy+seq_VolFdTarget),c
(1)  641/     26A :                     .too_much:
(1)  642/     26A : FD CB 00 DE         		set	3,(iy+seq_Status)	; Volume update flag
(1)  643/     26E : FD 75 0F            		ld	(iy+seq_VolMaster+1),l
(1)  644/     271 : FD 74 0E            		ld	(iy+seq_VolMaster),h
(1)  645/     274 :                     .keep_vol:
(1)  646/     274 :                     	; ----------------------------------------
(1)  647/     274 : 3A F9 1C            		ld	a,(currTickBits)	; a - Tick/Beat bits
(1)  648/     277 : CB 40               		bit	0,b			; bit0: This seq uses Beats?
(1)  649/     279 : 28 03               		jr	z,.sfxmd
(1)  650/     27B : CB 4F               		bit	1,a			; BEAT passed?
(1)  651/     27D : C8                  		ret	z			; No BEAT.
(1)  652/     27E :                     .sfxmd:
(1)  653/     27E : CB 47               		bit	0,a			; TICK passed?
(1)  654/     280 : C8                  		ret	z			; No TICK.
(1)  655/     281 : CF                  		rst	8
(1)  656/     282 :                     	; ----------------------------------------
(1)  657/     282 :                     	; Start reading notes
(1)  658/     282 : CB 70               		bit	6,b			; bit6: Restart/First time?
(1)  659/     284 : C4 0F 05            		call	nz,.first_fill
(1)  660/     287 : CB 68               		bit	5,b			; bit5: FILL request by effect?
(1)  661/     289 : C4 08 05            		call	nz,.effect_fill
(1)  662/     28C : FD 7E 12            		ld	a,(iy+seq_TickTmr)	; TICK ex-timer for this seq
(1)  663/     28F : 3D                  		dec	a
(1)  664/     290 : FD 77 12            		ld	(iy+seq_TickTmr),a
(1)  665/     293 : B7                  		or	a			; Check a
(1)  666/     294 : C0                  		ret	nz			; If Tick timer != 0, exit.
(1)  667/     295 : CF                  		rst	8
(1)  668/     296 : FD 7E 03            		ld	a,(iy+seq_TickSet)	; Set new tick timer
(1)  669/     299 : FD 77 12            		ld	(iy+seq_TickTmr),a
(1)  670/     29C :                     	; ----------------------------------------
(1)  671/     29C : FD 4E 0C            		ld	c,(iy+seq_Rows)		; bc - Set row counter
(1)  672/     29F : FD 46 0D            		ld	b,(iy+(seq_Rows+1))
(1)  673/     2A2 : 79                  		ld	a,c			; Check rowcount
(1)  674/     2A3 : B0                  		or	b
(1)  675/     2A4 : 20 14               		jr	nz,.row_active		; If bc != 0: row is currenly playing.
(1)  676/     2A6 :                     	; ----------------------------------------
(1)  677/     2A6 :                     	; Read next block
(1)  678/     2A6 : CF                  		rst	8
(1)  679/     2A7 : FD 7E 13            		ld	a,(iy+seq_currBlk)	; Next block
(1)  680/     2AA : 3C                  		inc	a
(1)  681/     2AB : FD 77 13            		ld 	(iy+seq_currBlk),a
(1)  682/     2AE : CD 2B 04            		call	.set_track		; Read track data ** ROM ACCESS **
(1)  683/     2B1 : FE FF               		cp	-1			; Track finished?
(1)  684/     2B3 : C8                  		ret	z
(1)  685/     2B4 : FD 4E 0C            		ld	c,(iy+seq_Rows)		; Set new rowcount to bc
(1)  686/     2B7 : FD 46 0D            		ld	b,(iy+(seq_Rows+1))
(1)  687/     2BA :                     	; ----------------------------------------
(1)  688/     2BA :                     	; bc - Row count
(1)  689/     2BA :                     .row_active:
(1)  690/     2BA : CF                  		rst	8
(1)  691/     2BB : FD 6E 0A            		ld	l,(iy+seq_Read)		; hl - CURRENT pattern to read
(1)  692/     2BE : FD 66 0B            		ld	h,(iy+((seq_Read+1)))
(1)  693/     2C1 :                     
(1)  694/     2C1 :                     ; --------------------------------
(1)  695/     2C1 :                     ; Main read-loop
(1)  696/     2C1 :                     ; --------------------------------
(1)  697/     2C1 :                     
(1)  698/     2C1 :                     .next_note:
(1)  699/     2C1 : FD 7E 11            		ld	a,(iy+seq_rowPause)	; Check row timer
(1)  700/     2C4 : B7                  		or	a
(1)  701/     2C5 : 20 16               		jr	nz,.dec_row
(1)  702/     2C7 : 7E                  		ld	a,(hl)			; Check if byte is a timer or a note
(1)  703/     2C8 : B7                  		or	a
(1)  704/     2C9 : 28 06               		jr	z,.exit			; If == 00h: exit
(1)  705/     2CB : FA E8 02            		jp	m,.has_note		; If 80h-0FFh: Note data
(1)  706/     2CE : FD 77 11            		ld	(iy+seq_rowPause),a	; If 01h-07Fh: Row-pause timer
(1)  707/     2D1 :                     
(1)  708/     2D1 :                     ; --------------------------------
(1)  709/     2D1 :                     ; Exit
(1)  710/     2D1 :                     ; --------------------------------
(1)  711/     2D1 :                     
(1)  712/     2D1 :                     .exit:
(1)  713/     2D1 : CF                  		rst	8
(1)  714/     2D2 : CD F3 03            		call	.inc_cpatt		; * Increment patt pos
(1)  715/     2D5 : FD 75 0A            		ld	(iy+seq_Read),l		; Update READ location
(1)  716/     2D8 : FD 74 0B            		ld	(iy+((seq_Read+1))),h
(1)  717/     2DB : 18 03               		jr	.dec_row_e
(1)  718/     2DD :                     .dec_row:
(1)  719/     2DD : FD 35 11            		dec	(iy+seq_rowPause)	; Decrement row-pause timer
(1)  720/     2E0 :                     .dec_row_e:
(1)  721/     2E0 : 0B                  		dec	bc			; Decrement rowcount
(1)  722/     2E1 : FD 71 0C            		ld	(iy+seq_Rows),c		; Write last row to memory
(1)  723/     2E4 : FD 70 0D            		ld	(iy+(seq_Rows+1)),b
(1)  724/     2E7 : C9                  		ret	; Exit sequence
(1)  725/     2E8 :                     
(1)  726/     2E8 :                     ; --------------------------------
(1)  727/     2E8 :                     ; New note request
(1)  728/     2E8 :                     ;
(1)  729/     2E8 :                     ; a - %1tcccccc
(1)  730/     2E8 :                     ;   | t - next byte has new type
(1)  731/     2E8 :                     ;   | c - channel
(1)  732/     2E8 :                     ; --------------------------------
(1)  733/     2E8 :                     
(1)  734/     2E8 :                     .has_note:
(1)  735/     2E8 : CF                  		rst	8
(1)  736/     2E9 : C5                  		push	bc			; Save rowcount
(1)  737/     2EA : 4F                  		ld	c,a			; Copy patt byte control to c
(1)  738/     2EB : CD F3 03            		call	.inc_cpatt		; * Increment patt pos
(1)  739/     2EE : E5                  		push	hl			; Save hl patt pos
(1)  740/     2EF : FD E5               		push	iy			; copy iy to hl
(1)  741/     2F1 : E1                  		pop	hl
(1)  742/     2F2 : DD 21 00 1E         		ld	ix,trkChnls		; ix - Channels playback list
(1)  743/     2F6 : 11 25 00            		ld	de,seq_ChnIndx		; <-- this clears d
(1)  744/     2F9 : CF                  		rst	8
(1)  745/     2FA : 19                  		add	hl,de			; hl - Track's index points buffer
(1)  746/     2FB : 79                  		ld	a,c			; Get patt note index
(1)  747/     2FC : E6 1F               		and	00011111b		; Filter bits
(1)  748/     2FE : 5F                  		ld	e,a			; Save as e
(1)  749/     2FF : 19                  		add	hl,de			; Increment more by this pos
(1)  750/     300 :                     	; hl - trkChnls+index
(1)  751/     300 : 7E                  		ld	a,(hl)			; Check if this index is occupied.
(1)  752/     301 : B7                  		or	a
(1)  753/     302 : 28 15               		jr	z,.srch_new		; If == 0, search new one
(1)  754/     304 : E6 1F               		and	00011111b		; If already taken, read that channel
(1)  755/     306 : 87                  		add	a,a
(1)  756/     307 : 87                  		add	a,a
(1)  757/     308 : 87                  		add	a,a
(1)  758/     309 : 5F                  		ld	e,a
(1)  759/     30A : DD 19               		add	ix,de
(1)  760/     30C : DD 7E 00            		ld	a,(ix)			; Check status (chnl_Flags)
(1)  761/     30F : B7                  		or	a
(1)  762/     310 : F2 15 03            		jp	p,.srch_reroll
(1)  763/     313 : 18 31               		jr	.cont_chnl
(1)  764/     315 :                     ; Make NEW channel
(1)  765/     315 :                     ; ix - channel list start
(1)  766/     315 :                     .srch_reroll:
(1)  767/     315 : DD 36 00 00         		ld	(ix),0
(1)  768/     319 :                     .srch_new:
(1)  769/     319 : CF                  		rst	8
(1)  770/     31A : 06 1F               		ld	b,MAX_TRKCHN-1		; Max channels to check - 1
(1)  771/     31C : 16 00               		ld	d,0			; Reset out index
(1)  772/     31E :                     .next_chnl:
(1)  773/     31E : DD 7E 00            		ld	a,(ix)			; Read chnl_Flags
(1)  774/     321 : B7                  		or	a			; If plus, track channel is free
(1)  775/     322 : F2 3C 03            		jp	p,.chnl_free
(1)  776/     325 : DD 23               		inc	ix			; Search next channel, increment by 8
(1)  777/     327 : DD 23               		inc	ix
(1)  778/     329 : DD 23               		inc	ix
(1)  779/     32B : CF                  		rst	8
(1)  780/     32C : DD 23               		inc	ix
(1)  781/     32E : DD 23               		inc	ix
(1)  782/     330 : DD 23               		inc	ix
(1)  783/     332 : DD 23               		inc	ix
(1)  784/     334 : DD 23               		inc	ix
(1)  785/     336 : CF                  		rst	8
(1)  786/     337 : 14                  		inc	d			; Increment out index
(1)  787/     338 : 00                  		nop
(1)  788/     339 : 00                  		nop
(1)  789/     33A : 10 E2               		djnz	.next_chnl
(1)  790/     33C :                     .chnl_free:
(1)  791/     33C : 7A                  		ld	a,d			; Read index we got
(1)  792/     33D : E6 1F               		and	00011111b		; Filter bits
(1)  793/     33F : F6 80               		or	10000000b		; and set as used
(1)  794/     341 : 77                  		ld	(hl),a			; Write index slot
(1)  795/     342 : DD CB 00 FE         		set	7,(ix+chnl_Flags)	; Enable channel on the list
(1)  796/     346 :                     .cont_chnl:
(1)  797/     346 : E1                  		pop	hl			; Recover patt pos
(1)  798/     347 : CF                  		rst	8
(1)  799/     348 : DD 46 07            		ld	b,(ix+chnl_Type)	; b - current TYPE byte
(1)  800/     34B :                     
(1)  801/     34B :                     	; ix - Current channel
(1)  802/     34B :                     	; c  - Channel and type bits (7-6)
(1)  803/     34B :                     	; b  - Flags: evinEVIN
(1)  804/     34B :                     	;      E-effect/V-volume/I-instrument/N-note
(1)  805/     34B :                     	;      evin: byte is already stored on track-channel buffer
(1)  806/     34B :                     	;      EVIN: next byte(s) contain a new value. for eff:2 bytes
(1)  807/     34B : CB 71               		bit	6,c			; This byte has new TYPE setting?
(1)  808/     34D : 28 08               		jr	z,.old_type
(1)  809/     34F : 7E                  		ld	a,(hl)
(1)  810/     350 : DD 77 07            		ld	(ix+chnl_Type),a	; Update TYPE byte
(1)  811/     353 : 47                  		ld	b,a			; Set to b
(1)  812/     354 : CD F3 03            		call	.inc_cpatt		; Next patt pos
(1)  813/     357 :                     .old_type:
(1)  814/     357 : CF                  		rst	8
(1)  815/     358 : CB 40               		bit	0,b			; New NOTE?
(1)  816/     35A : 28 07               		jr	z,.no_note
(1)  817/     35C : 7E                  		ld	a,(hl)			; Set NOTE and increment patt
(1)  818/     35D : DD 77 02            		ld	(ix+chnl_Note),a
(1)  819/     360 : CD F3 03            		call	.inc_cpatt
(1)  820/     363 :                     .no_note:
(1)  821/     363 : CB 48               		bit	1,b			; New INS?
(1)  822/     365 : 28 07               		jr	z,.no_ins
(1)  823/     367 : 7E                  		ld	a,(hl)			; Set INS and increment patt
(1)  824/     368 : DD 77 03            		ld	(ix+chnl_Ins),a
(1)  825/     36B : CD F3 03            		call	.inc_cpatt
(1)  826/     36E :                     .no_ins:
(1)  827/     36E : CF                  		rst	8
(1)  828/     36F : CB 50               		bit	2,b			; New VOL?
(1)  829/     371 : 28 07               		jr	z,.no_vol
(1)  830/     373 : 7E                  		ld	a,(hl)			; Set VOL and increment patt
(1)  831/     374 : DD 77 04            		ld	(ix+chnl_Vol),a
(1)  832/     377 : CD F3 03            		call	.inc_cpatt
(1)  833/     37A :                     .no_vol:
(1)  834/     37A : CB 58               		bit	3,b			; New EFFECT?
(1)  835/     37C : 28 0F               		jr	z,.no_eff
(1)  836/     37E : 7E                  		ld	a,(hl)			; Set EFFECT ID, incr patt
(1)  837/     37F : DD 77 05            		ld	(ix+chnl_EffId),a
(1)  838/     382 : CD F3 03            		call	.inc_cpatt
(1)  839/     385 : CF                  		rst	8
(1)  840/     386 : 7E                  		ld	a,(hl)			; Set EFFECT ARG, incr patt
(1)  841/     387 : DD 77 06            		ld	(ix+chnl_EffArg),a
(1)  842/     38A : CD F3 03            		call	.inc_cpatt
(1)  843/     38D :                     .no_eff:
(1)  844/     38D : 78                  		ld	a,b			; Merge the Impulse evin bits into main EVIN bits
(1)  845/     38E : 0F                  		rrca
(1)  846/     38F : 0F                  		rrca
(1)  847/     390 : 0F                  		rrca
(1)  848/     391 : 0F                  		rrca
(1)  849/     392 : E6 0F               		and	00001111b		; Filter bits
(1)  850/     394 : 4F                  		ld	c,a			; Save as c
(1)  851/     395 : 78                  		ld	a,b
(1)  852/     396 : E6 0F               		and	00001111b		; Filter again
(1)  853/     398 : B1                  		or	c			; Merge c with a
(1)  854/     399 : CF                  		rst	8
(1)  855/     39A : 4F                  		ld	c,a			; Save bit flags
(1)  856/     39B : DD 7E 00            		ld	a,(ix+chnl_Flags)
(1)  857/     39E : B1                  		or	c
(1)  858/     39F : DD 77 00            		ld	(ix+chnl_Flags),a
(1)  859/     3A2 : C1                  		pop	bc			; Restore rowcount
(1)  860/     3A3 :                     	; ----------------------------------------
(1)  861/     3A3 :                     	; Effects that affect internal playback
(1)  862/     3A3 : DD 7E 00            		ld	a,(ix+chnl_Flags)
(1)  863/     3A6 : E6 08               		and	1000b			; ONLY check for the EFFECT bit
(1)  864/     3A8 : CA C1 02            		jp	z,.next_note
(1)  865/     3AB : DD 7E 05            		ld	a,(ix+chnl_EffId)
(1)  866/     3AE : B7                  		or	a			; 00h = invalid effect
(1)  867/     3AF : CA C1 02            		jp	z,.next_note
(1)  868/     3B2 : FE 01               		cp	1			; Effect A: Tick set
(1)  869/     3B4 : 28 0B               		jr	z,.eff_A
(1)  870/     3B6 : FE 02               		cp	2			; Effect B: Position Jump
(1)  871/     3B8 : 28 18               		jr	z,.eff_B
(1)  872/     3BA : FE 03               		cp	3			; Effect C: Pattern break
(1)  873/     3BC : 28 32               		jr	z,.eff_C
(1)  874/     3BE : C3 C1 02            		jp	.next_note
(1)  875/     3C1 :                     
(1)  876/     3C1 :                     ; ----------------------------------------
(1)  877/     3C1 :                     ; Effect A: Set ticks
(1)  878/     3C1 :                     ; ----------------------------------------
(1)  879/     3C1 :                     
(1)  880/     3C1 :                     .eff_A:
(1)  881/     3C1 : CF                  		rst	8
(1)  882/     3C2 : DD 5E 06            		ld	e,(ix+chnl_EffArg)	; e - ticks number
(1)  883/     3C5 : FD 73 03            		ld	(iy+seq_TickSet),e	; set for both Set and Timer.
(1)  884/     3C8 : FD 73 12            		ld	(iy+seq_TickTmr),e
(1)  885/     3CB : DD CB 00 9E         		res	3,(ix+chnl_Flags)	; <-- Clear EFFECT bit
(1)  886/     3CF : C3 C1 02            		jp	.next_note
(1)  887/     3D2 :                     
(1)  888/     3D2 :                     ; ----------------------------------------
(1)  889/     3D2 :                     ; Effect B: jump to a new block
(1)  890/     3D2 :                     ; ----------------------------------------
(1)  891/     3D2 :                     
(1)  892/     3D2 :                     .eff_B:
(1)  893/     3D2 : DD 5E 06            		ld	e,(ix+chnl_EffArg)	; e - Block SLOT to jump
(1)  894/     3D5 : FD 73 13            		ld 	(iy+seq_currBlk),e
(1)  895/     3D8 : CF                  		rst	8
(1)  896/     3D9 : FD 36 11 00         		ld	(iy+seq_rowPause),0	; Reset rowpause
(1)  897/     3DD : DD CB 00 9E         		res	3,(ix+chnl_Flags)	; <-- Clear EFFECT bit
(1)  898/     3E1 : FD CB 00 EE         		set	5,(iy+seq_Status)	; set fill-from-effect flag on exit
(1)  899/     3E5 : 3E 80               		ld	a,80h
(1)  900/     3E7 : FD 77 15            		ld	(iy+seq_BankHeads),a
(1)  901/     3EA : FD 77 16            		ld	(iy+seq_BankBlk),a
(1)  902/     3ED : C3 C1 02            		jp	.next_note
(1)  903/     3F0 :                     
(1)  904/     3F0 :                     ; ----------------------------------------
(1)  905/     3F0 :                     ; Effect C: Pattern break/exit
(1)  906/     3F0 :                     ;
(1)  907/     3F0 :                     ; Only used on SFX, arguments ignored.
(1)  908/     3F0 :                     ; ----------------------------------------
(1)  909/     3F0 :                     
(1)  910/     3F0 :                     .eff_C:
(1)  911/     3F0 : C3 02 05            		jp	.track_end
(1)  912/     3F3 :                     
(1)  913/     3F3 :                     ; ----------------------------------------
(1)  914/     3F3 :                     ; Increment the current patt position
(1)  915/     3F3 :                     ; and recieve more data
(1)  916/     3F3 :                     ;
(1)  917/     3F3 :                     ; Breaks:
(1)  918/     3F3 :                     ; a,e
(1)  919/     3F3 :                     ; ----------------------------------------
(1)  920/     3F3 :                     
(1)  921/     3F3 :                     .inc_cpatt:
(1)  922/     3F3 : FD 5E 08            		ld	e,(iy+seq_Cach)		; Read curret cache LSB
(1)  923/     3F6 : 7D                  		ld	a,l
(1)  924/     3F7 : 3C                  		inc	a
(1)  925/     3F8 : E6 1F               		and	MAX_RCACH-1
(1)  926/     3FA : FE 1E               		cp	MAX_RCACH-2		; ALMOST RAN OUT of bytes?
(1)  927/     3FC : 30 03               		jr	nc,.ran_out
(1)  928/     3FE : B3                  		or	e
(1)  929/     3FF : 6F                  		ld	l,a
(1)  930/     400 : C9                  		ret
(1)  931/     401 :                     .ran_out:
(1)  932/     401 : FD 6E 08            		ld	l,(iy+seq_Cach)
(1)  933/     404 : E5                  		push	hl
(1)  934/     405 : C5                  		push	bc
(1)  935/     406 : 06 00               		ld	b,0
(1)  936/     408 : 4F                  		ld	c,a
(1)  937/     409 : CF                  		rst	8
(1)  938/     40A : 5D                  		ld	e,l
(1)  939/     40B : 54                  		ld	d,h
(1)  940/     40C : FD 6E 19            		ld	l,(iy+seq_RomPattRead)
(1)  941/     40F : FD 66 1A            		ld	h,(iy+(seq_RomPattRead+1))
(1)  942/     412 : FD 7E 1B            		ld	a,(iy+(seq_RomPattRead+2))
(1)  943/     415 : 09                  		add	hl,bc
(1)  944/     416 : CE 00               		adc	a,0
(1)  945/     418 : FD 75 19            		ld	(iy+seq_RomPattRead),l
(1)  946/     41B : FD 74 1A            		ld	(iy+(seq_RomPattRead+1)),h
(1)  947/     41E : CF                  		rst	8
(1)  948/     41F : FD 77 1B            		ld	(iy+(seq_RomPattRead+2)),a
(1)  949/     422 : 01 20 00            		ld	bc,MAX_RCACH
(1)  950/     425 : CD AE 0F            		call	readRom		; *** ROM ACCESS ***
(1)  951/     428 : C1                  		pop	bc
(1)  952/     429 : E1                  		pop	hl
(1)  953/     42A : C9                  		ret
(1)  954/     42B :                     
(1)  955/     42B :                     ; ----------------------------------------
(1)  956/     42B :                     ; Set track pattern by seq_currBlk
(1)  957/     42B :                     ; ----------------------------------------
(1)  958/     42B :                     
(1)  959/     42B :                     .set_track:
(1)  960/     42B :                     	; ----------------------------------------
(1)  961/     42B :                     	; Make block id list
(1)  962/     42B : FD 5E 04            		ld	e,(iy+seq_Blocks)
(1)  963/     42E : FD 56 05            		ld	d,(iy+(seq_Blocks+1))
(1)  964/     431 : FD 7E 13            		ld	a,(iy+seq_currBlk)
(1)  965/     434 : 4F                  		ld	c,a
(1)  966/     435 : C5                  		push	bc
(1)  967/     436 : D5                  		push	de
(1)  968/     437 : CF                  		rst	8
(1)  969/     438 : 0F                  		rrca
(1)  970/     439 : 0F                  		rrca
(1)  971/     43A : 0F                  		rrca
(1)  972/     43B : E6 1F               		and	00011111b
(1)  973/     43D : FD 4E 16            		ld	c,(iy+seq_BankBlk)	; c - current block bank
(1)  974/     440 : CB 79               		bit	7,c			; First time?
(1)  975/     442 : 20 03               		jr	nz,.first_blk
(1)  976/     444 : B9                  		cp	c			; SAME instrument data?
(1)  977/     445 : 28 1C               		jr	z,.keep_blk
(1)  978/     447 :                     .first_blk:
(1)  979/     447 : CF                  		rst	8
(1)  980/     448 : FD 77 16            		ld	(iy+seq_BankBlk),a	; Save inst number
(1)  981/     44B : 07                  		rlca
(1)  982/     44C : 07                  		rlca
(1)  983/     44D : 07                  		rlca
(1)  984/     44E : 06 00               		ld	b,0
(1)  985/     450 : 4F                  		ld	c,a
(1)  986/     451 : FD 6E 22            		ld	l,(iy+seq_RomBlks)
(1)  987/     454 : FD 66 23            		ld	h,(iy+(seq_RomBlks+1))
(1)  988/     457 : FD 7E 24            		ld	a,(iy+(seq_RomBlks+2))
(1)  989/     45A : 09                  		add	hl,bc
(1)  990/     45B : CE 00               		adc	a,0
(1)  991/     45D : 01 08 00            		ld	bc,8			; 8 blocks stored
(1)  992/     460 : CD AE 0F            		call	readRom			; ** ROM ACCESS **
(1)  993/     463 :                     .keep_blk:
(1)  994/     463 : E1                  		pop	hl
(1)  995/     464 : C1                  		pop	bc
(1)  996/     465 : 79                  		ld	a,c
(1)  997/     466 : E6 07               		and	00000111b
(1)  998/     468 : CF                  		rst	8
(1)  999/     469 : 16 00               		ld	d,0
(1) 1000/     46B : 5F                  		ld	e,a
(1) 1001/     46C : 19                  		add	hl,de
(1) 1002/     46D :                     	; ----------------------------------------
(1) 1003/     46D : 7E                  		ld	a,(hl)			; Read block byte
(1) 1004/     46E : FE FF               		cp	-1			; If block == -1, end track
(1) 1005/     470 : CA 02 05            		jp	z,.track_end
(1) 1006/     473 : CF                  		rst	8
(1) 1007/     474 :                     	; ----------------------------------------
(1) 1008/     474 : FD 5E 06            		ld	e,(iy+seq_Patt)		; Read CACHE patt heads
(1) 1009/     477 : FD 56 07            		ld	d,(iy+(seq_Patt+1))
(1) 1010/     47A : 4F                  		ld	c,a
(1) 1011/     47B : D5                  		push	de
(1) 1012/     47C : C5                  		push	bc
(1) 1013/     47D : CF                  		rst	8
(1) 1014/     47E : 0F                  		rrca
(1) 1015/     47F : 0F                  		rrca
(1) 1016/     480 : 0F                  		rrca
(1) 1017/     481 : E6 1F               		and	00011111b
(1) 1018/     483 : FD 4E 15            		ld	c,(iy+seq_BankHeads)	; c - current intrument loaded
(1) 1019/     486 : CB 79               		bit	7,c			; First time?
(1) 1020/     488 : 20 03               		jr	nz,.first_head
(1) 1021/     48A : B9                  		cp	c			; SAME instrument data?
(1) 1022/     48B : 28 26               		jr	z,.keep_it
(1) 1023/     48D :                     .first_head:
(1) 1024/     48D : CF                  		rst	8
(1) 1025/     48E : FD 77 15            		ld	(iy+seq_BankHeads),a	; Save inst number
(1) 1026/     491 : 47                  		ld	b,a
(1) 1027/     492 : 0F                  		rrca
(1) 1028/     493 : 0F                  		rrca
(1) 1029/     494 : 0F                  		rrca
(1) 1030/     495 : E6 E0               		and	11100000b
(1) 1031/     497 : 4F                  		ld	c,a
(1) 1032/     498 : 78                  		ld	a,b
(1) 1033/     499 : 0F                  		rrca
(1) 1034/     49A : 0F                  		rrca
(1) 1035/     49B : 0F                  		rrca
(1) 1036/     49C : E6 03               		and	00000011b
(1) 1037/     49E : 47                  		ld	b,a
(1) 1038/     49F :                     	; ----------------------------------------
(1) 1039/     49F : FD 6E 1C            		ld	l,(iy+seq_RomPatt)	; Transfer FIRST patt
(1) 1040/     4A2 : FD 66 1D            		ld	h,(iy+(seq_RomPatt+1))	; packet
(1) 1041/     4A5 : FD 7E 1E            		ld	a,(iy+(seq_RomPatt+2))
(1) 1042/     4A8 : E7                  		rst	20h
(1) 1043/     4A9 : CF                  		rst	8
(1) 1044/     4AA : 09                  		add	hl,bc
(1) 1045/     4AB : CE 00               		adc	a,0
(1) 1046/     4AD : 01 20 00            		ld	bc,4*8			; 8 heads stored
(1) 1047/     4B0 : CD AE 0F            		call	readRom			; ** ROM ACCESS **
(1) 1048/     4B3 :                     .keep_it:
(1) 1049/     4B3 : C1                  		pop	bc
(1) 1050/     4B4 : 79                  		ld	a,c
(1) 1051/     4B5 : E6 07               		and	00000111b
(1) 1052/     4B7 : 87                  		add	a,a
(1) 1053/     4B8 : 87                  		add	a,a
(1) 1054/     4B9 : 57                  		ld	d,a
(1) 1055/     4BA : CF                  		rst	8
(1) 1056/     4BB : E6 FC               		and	11111100b
(1) 1057/     4BD : 5F                  		ld	e,a
(1) 1058/     4BE : 7A                  		ld	a,d
(1) 1059/     4BF : E6 03               		and	00000011b
(1) 1060/     4C1 : 57                  		ld	d,a
(1) 1061/     4C2 : E1                  		pop	hl
(1) 1062/     4C3 : 19                  		add	hl,de
(1) 1063/     4C4 : 5E                  		ld	e,(hl)			; de - Pos
(1) 1064/     4C5 : 23                  		inc	hl
(1) 1065/     4C6 : CF                  		rst	8
(1) 1066/     4C7 : 56                  		ld	d,(hl)
(1) 1067/     4C8 : 23                  		inc	hl
(1) 1068/     4C9 : 7E                  		ld	a,(hl)
(1) 1069/     4CA : 23                  		inc	hl
(1) 1070/     4CB : FD 77 0C            		ld	(iy+seq_Rows),a
(1) 1071/     4CE : 7E                  		ld	a,(hl)
(1) 1072/     4CF : 23                  		inc	hl
(1) 1073/     4D0 : FD 77 0D            		ld	(iy+(seq_Rows+1)),a
(1) 1074/     4D3 : FD 6E 1C            		ld	l,(iy+seq_RomPatt)	; Transfer FIRST patt
(1) 1075/     4D6 : FD 66 1D            		ld	h,(iy+(seq_RomPatt+1))	; packet
(1) 1076/     4D9 : CF                  		rst	8
(1) 1077/     4DA : FD 7E 1E            		ld	a,(iy+(seq_RomPatt+2))
(1) 1078/     4DD : 19                  		add	hl,de
(1) 1079/     4DE : CE 00               		adc	a,0
(1) 1080/     4E0 : FD 75 19            		ld	(iy+seq_RomPattRead),l
(1) 1081/     4E3 : FD 74 1A            		ld	(iy+(seq_RomPattRead+1)),h
(1) 1082/     4E6 : FD 77 1B            		ld	(iy+(seq_RomPattRead+2)),a
(1) 1083/     4E9 : FD 5E 08            		ld	e,(iy+seq_Cach)
(1) 1084/     4EC : FD 56 09            		ld	d,(iy+(seq_Cach+1))
(1) 1085/     4EF : FD 73 0A            		ld	(iy+seq_Read),e
(1) 1086/     4F2 : FD 72 0B            		ld	(iy+(seq_Read+1)),d
(1) 1087/     4F5 : 0E 20               		ld	c,MAX_RCACH
(1) 1088/     4F7 : FD 36 10 00         		ld	(iy+seq_cachHalf),0
(1) 1089/     4FB : FD 36 11 00         		ld	(iy+seq_rowPause),0
(1) 1090/     4FF : C3 AE 0F            		jp	readRom			; ** ROM access **
(1) 1091/     502 :                     
(1) 1092/     502 :                     ; ----------------------------------------
(1) 1093/     502 :                     ; **JUMP ONLY**
(1) 1094/     502 :                     .track_end:
(1) 1095/     502 : CF                  		rst	8
(1) 1096/     503 : FD 36 00 FF         		ld	(iy+seq_Status),-1	; Disable track slot
(1) 1097/     507 : C9                  		ret
(1) 1098/     508 :                     
(1) 1099/     508 :                     ; ----------------------------------------
(1) 1100/     508 :                     ; Track refill
(1) 1101/     508 :                     ; ----------------------------------------
(1) 1102/     508 :                     
(1) 1103/     508 :                     .effect_fill:
(1) 1104/     508 : FD CB 00 AE         		res	5,(iy+seq_Status)	; Reset refill-from-effect flag
(1) 1105/     50C : C3 2B 04            		jp	.set_track
(1) 1106/     50F :                     
(1) 1107/     50F :                     ; ----------------------------------------
(1) 1108/     50F :                     ; Track Start/Reset
(1) 1109/     50F :                     ;
(1) 1110/     50F :                     ; iy - Track buffer
(1) 1111/     50F :                     ; ----------------------------------------
(1) 1112/     50F :                     
(1) 1113/     50F :                     .first_fill:
(1) 1114/     50F : FD CB 00 B6         		res	6,(iy+seq_Status)	; Clear FILL flag
(1) 1115/     513 : CD B0 05            		call	track_out
(1) 1116/     516 : FD 36 12 01         		ld	(iy+seq_TickTmr),1	; Reset tick timer
(1) 1117/     51A : FD 7E 02            		ld	a,(iy+seq_SetBlk)	; Make start block as current block
(1) 1118/     51D : CF                  		rst	8
(1) 1119/     51E : FD 77 13            		ld 	(iy+seq_currBlk),a	; block
(1) 1120/     521 : FD 7E 01            		ld	a,(iy+seq_Num)
(1) 1121/     524 : FE FF               		cp	-1			; Sequence -1?
(1) 1122/     526 : C8                  		ret	z
(1) 1123/     527 : 87                  		add	a,a
(1) 1124/     528 : 87                  		add	a,a
(1) 1125/     529 : 16 00               		ld	d,0
(1) 1126/     52B : 5F                  		ld	e,a
(1) 1127/     52C : 21 1C 00            		ld	hl,gemaMstrListPos
(1) 1128/     52F : 23                  		inc	hl
(1) 1129/     530 : 7E                  		ld	a,(hl)			; $00xx0000
(1) 1130/     531 : 23                  		inc	hl
(1) 1131/     532 : 4E                  		ld	c,(hl)			; $0000xx00
(1) 1132/     533 : 23                  		inc	hl
(1) 1133/     534 : 6E                  		ld	l,(hl)			; $000000xx
(1) 1134/     535 : CF                  		rst	8
(1) 1135/     536 : 61                  		ld	h,c
(1) 1136/     537 : 19                  		add	hl,de
(1) 1137/     538 : CE 00               		adc	a,0
(1) 1138/     53A : 11 5A 16            		ld	de,trkInfoCach
(1) 1139/     53D : D5                  		push	de
(1) 1140/     53E : 01 04 00            		ld	bc,4
(1) 1141/     541 : CD AE 0F            		call	readRom			; *** ROM ACCESS ***
(1) 1142/     544 : E1                  		pop	hl
(1) 1143/     545 : 7E                  		ld	a,(hl)
(1) 1144/     546 : 23                  		inc	hl
(1) 1145/     547 : CB 7F               		bit	7,a
(1) 1146/     549 : 28 04               		jr	z,.no_glbl
(1) 1147/     54B : FD CB 00 C6         		set	0,(iy+seq_Status)	; Enable GLOBAL sub-beats
(1) 1148/     54F :                     .no_glbl:
(1) 1149/     54F : CF                  		rst	8
(1) 1150/     550 : E6 7F               		and	01111111b
(1) 1151/     552 : FD 77 03            		ld	(iy+seq_TickSet),a
(1) 1152/     555 : 7E                  		ld	a,(hl)			; Read and temporally
(1) 1153/     556 : 23                  		inc	hl			; grab it's pointers
(1) 1154/     557 : 4E                  		ld	c,(hl)
(1) 1155/     558 : 23                  		inc	hl
(1) 1156/     559 : 6E                  		ld	l,(hl)
(1) 1157/     55A : 61                  		ld	h,c
(1) 1158/     55B : 11 B3 17            		ld	de,headerOut
(1) 1159/     55E : 0E 0E               		ld	c,0Eh
(1) 1160/     560 : CD AE 0F            		call	readRom		; ** ROM access **
(1) 1161/     563 :                     
(1) 1162/     563 :                     	; headerOut:
(1) 1163/     563 :                     	; dc.w numof_chnls
(1) 1164/     563 :                     	; dc.l .blk,.pat,.ins
(1) 1165/     563 :                     	; *** READING BACKWARDS
(1) 1166/     563 : DD 21 C0 17         		ld	ix,headerOut_e-1	; Read temp header BACKWARDS
(1) 1167/     567 : CD 9D 05            		call	.grab_rhead		; Instrument data
(1) 1168/     56A : FD 75 1F            		ld	(iy+seq_RomInst),l
(1) 1169/     56D : FD 74 20            		ld	(iy+(seq_RomInst+1)),h
(1) 1170/     570 : FD 70 21            		ld	(iy+(seq_RomInst+2)),b
(1) 1171/     573 : CD 9D 05            		call	.grab_rhead		; Pattern heads
(1) 1172/     576 : FD 75 1C            		ld	(iy+seq_RomPatt),l	; Save ROM patt base
(1) 1173/     579 : FD 74 1D            		ld	(iy+(seq_RomPatt+1)),h
(1) 1174/     57C : FD 70 1E            		ld	(iy+(seq_RomPatt+2)),b
(1) 1175/     57F : FD 36 15 80         		ld	(iy+seq_BankHeads),80h	; Reset pattern banking
(1) 1176/     583 : CD 9D 05            		call	.grab_rhead		; Block data
(1) 1177/     586 : FD 75 22            		ld	(iy+seq_RomBlks),l	; Save ROM patt base
(1) 1178/     589 : FD 74 23            		ld	(iy+(seq_RomBlks+1)),h
(1) 1179/     58C : FD 70 24            		ld	(iy+(seq_RomBlks+2)),b
(1) 1180/     58F : FD 36 16 80         		ld	(iy+seq_BankBlk),80h	; Reset pattern banking
(1) 1181/     593 : DD 7E 00            		ld	a,(ix)			; dc.w numof_chnls
(1) 1182/     596 : FD 77 17            		ld	(iy+seq_MaxChnl),a
(1) 1183/     599 : CF                  		rst	8
(1) 1184/     59A : C3 2B 04            		jp	.set_track
(1) 1185/     59D :                     
(1) 1186/     59D :                     ; Read 68K pointer:
(1) 1187/     59D :                     ; hl - 00xxxx
(1) 1188/     59D :                     ;  b - xx0000
(1) 1189/     59D :                     .grab_rhead:
(1) 1190/     59D : DD 6E 00            		ld	l,(ix)
(1) 1191/     5A0 : DD 2B               		dec	ix
(1) 1192/     5A2 : DD 66 00            		ld	h,(ix)
(1) 1193/     5A5 : CF                  		rst	8
(1) 1194/     5A6 : DD 2B               		dec	ix
(1) 1195/     5A8 : DD 46 00            		ld	b,(ix)
(1) 1196/     5AB : DD 2B               		dec	ix
(1) 1197/     5AD :                     ; 		ld	c,(ix)
(1) 1198/     5AD : DD 2B               		dec	ix
(1) 1199/     5AF : C9                  		ret
(1) 1200/     5B0 :                     
(1) 1201/     5B0 :                     ; ----------------------------------------
(1) 1202/     5B0 :                     ; Reset tracker channels
(1) 1203/     5B0 :                     ;
(1) 1204/     5B0 :                     ; iy - Track buffer
(1) 1205/     5B0 :                     ;
(1) 1206/     5B0 :                     ; Breaks:
(1) 1207/     5B0 :                     ; b ,de,hl,ix
(1) 1208/     5B0 :                     ; ----------------------------------------
(1) 1209/     5B0 :                     
(1) 1210/     5B0 :                     track_out:
(1) 1211/     5B0 : FD E5               		push	iy
(1) 1212/     5B2 : E1                  		pop	hl
(1) 1213/     5B3 : DD 21 00 1E         		ld	ix,trkChnls
(1) 1214/     5B7 : CF                  		rst	8
(1) 1215/     5B8 : 11 25 00            		ld	de,seq_ChnIndx
(1) 1216/     5BB : 19                  		add	hl,de
(1) 1217/     5BC : FD 7E 17            		ld	a,(iy+seq_MaxChnl)
(1) 1218/     5BF : B7                  		or	a
(1) 1219/     5C0 : 20 02               		jr	nz,.valid
(1) 1220/     5C2 : 3E 1A               		ld	a,MAX_TRKINDX		; If zero, Read ALL channels
(1) 1221/     5C4 :                     .valid:
(1) 1222/     5C4 : 47                  		ld	b,a
(1) 1223/     5C5 :                     .indx_del:
(1) 1224/     5C5 : 7E                  		ld	a,(hl)
(1) 1225/     5C6 : B7                  		or	a
(1) 1226/     5C7 : 28 29               		jr	z,.nothin
(1) 1227/     5C9 : CF                  		rst	8
(1) 1228/     5CA : DD E5               		push	ix
(1) 1229/     5CC : E6 1F               		and	00011111b
(1) 1230/     5CE : 87                  		add	a,a
(1) 1231/     5CF : 87                  		add	a,a
(1) 1232/     5D0 : 87                  		add	a,a
(1) 1233/     5D1 : 5F                  		ld	e,a
(1) 1234/     5D2 : CF                  		rst	8
(1) 1235/     5D3 : DD 19               		add	ix,de
(1) 1236/     5D5 : AF                  		xor	a
(1) 1237/     5D6 : DD 36 02 FE         		ld	(ix+chnl_Note),-2
(1) 1238/     5DA : DD 36 00 01         		ld	(ix+chnl_Flags),1
(1) 1239/     5DE : DD 77 04            		ld	(ix+chnl_Vol),a
(1) 1240/     5E1 : DD 77 05            		ld	(ix+chnl_EffId),a
(1) 1241/     5E4 : DD 77 06            		ld	(ix+chnl_EffArg),a
(1) 1242/     5E7 : CF                  		rst	8
(1) 1243/     5E8 : DD 77 03            		ld	(ix+chnl_Ins),a
(1) 1244/     5EB : DD 77 07            		ld	(ix+chnl_Type),a
(1) 1245/     5EE : DD E1               		pop	ix
(1) 1246/     5F0 : 77                  		ld	(hl),a
(1) 1247/     5F1 : 00                  		nop
(1) 1248/     5F2 :                     .nothin:
(1) 1249/     5F2 : 23                  		inc	hl
(1) 1250/     5F3 : 10 D0               		djnz	.indx_del
(1) 1251/     5F5 : 3E 01               		ld	a,1
(1) 1252/     5F7 : 32 A5 17            		ld	(marsUpd),a
(1) 1253/     5FA : 32 A6 17            		ld	(mcdUpd),a
(1) 1254/     5FD : C9                  		ret
(1) 1255/     5FE :                     
(1) 1256/     5FE :                     ; ============================================================
(1) 1257/     5FE :                     ; --------------------------------------------------------
(1) 1258/     5FE :                     ; Process track channels to the sound chips
(1) 1259/     5FE :                     ; --------------------------------------------------------
(1) 1260/     5FE :                     
(1) 1261/     5FE :                     set_chips:
(1) 1262/     5FE : CD 8D 0F            		call	get_tick
(1) 1263/     601 : FD 21 E2 16         		ld	iy,trkBuff_0		; ** MANUAL BUFFERS
(1) 1264/     605 : CD 3E 06            		call	tblbuff_read
(1) 1265/     608 : FD 21 21 17         		ld	iy,trkBuff_1
(1) 1266/     60C : CD 3E 06            		call	tblbuff_read
(1) 1267/     60F : FD 21 60 17         		ld	iy,trkBuff_2
(1) 1268/     613 : CD 3E 06            		call	tblbuff_read
(1) 1269/     616 : E7                  		rst	20h
(1) 1270/     617 : CD 8D 0F            		call	get_tick
(1) 1271/     61A : FD 21 46 1C         		ld	iy,tblPSGN		; PSG Noise
(1) 1272/     61E : CD 02 08            		call	dtbl_singl
(1) 1273/     621 : FD 21 0E 1C         		ld	iy,tblPSG		; PSG Squares
(1) 1274/     625 : CD EE 07            		call	dtbl_multi
(1) 1275/     628 : FD 21 A0 1B         		ld	iy,tblFM		; FM/FM3/DAC
(1) 1276/     62C : CD EE 07            		call	dtbl_multi
(1) 1277/     62F : E7                  		rst	20h
(1) 1278/     630 : FD 21 0E 1B         		ld	iy,tblPCM		; SEGA CD PCM
(1) 1279/     634 : CD EE 07            		call	dtbl_multi
(1) 1280/     637 : FD 21 58 1C         		ld	iy,tblPWM		; 32X PWM
(1) 1281/     63B : C3 EE 07            		jp	dtbl_multi
(1) 1282/     63E :                     
(1) 1283/     63E :                     ; ----------------------------------------
(1) 1284/     63E :                     ; Read current track
(1) 1285/     63E :                     ;
(1) 1286/     63E :                     ; iy - Buffer
(1) 1287/     63E :                     tblbuff_read:
(1) 1288/     63E : CF                  		rst	8
(1) 1289/     63F : FD 46 00            		ld	b,(iy+seq_Status)	; bit7: Track active?
(1) 1290/     642 : CB 78               		bit	7,b
(1) 1291/     644 : C8                  		ret	z
(1) 1292/     645 : 78                  		ld	a,b			; seq_Status == -1?
(1) 1293/     646 : FE FF               		cp	-1
(1) 1294/     648 : C2 56 06            		jp	nz,.track_cont
(1) 1295/     64B : CD B0 05            		call	track_out
(1) 1296/     64E : FD 36 00 00         		ld	(iy+seq_Status),0
(1) 1297/     652 : FD 36 01 FF         		ld	(iy+seq_Num),-1
(1) 1298/     656 :                     .track_cont:
(1) 1299/     656 : FD E5               		push	iy
(1) 1300/     658 : E1                  		pop	hl
(1) 1301/     659 : CF                  		rst	8
(1) 1302/     65A : DD 21 00 1E         		ld	ix,trkChnls
(1) 1303/     65E : 11 25 00            		ld	de,seq_ChnIndx
(1) 1304/     661 : 19                  		add	hl,de
(1) 1305/     662 : FD 7E 17            		ld	a,(iy+seq_MaxChnl)
(1) 1306/     665 : B7                  		or	a
(1) 1307/     666 : 20 02               		jr	nz,.valid
(1) 1308/     668 : 3E 1A               		ld	a,MAX_TRKINDX		; If zero, Read ALL channels
(1) 1309/     66A :                     .valid:
(1) 1310/     66A : CF                  		rst	8
(1) 1311/     66B : 47                  		ld	b,a
(1) 1312/     66C :                     .next_indx:
(1) 1313/     66C : 7E                  		ld	a,(hl)			; Read index
(1) 1314/     66D : B7                  		or	a
(1) 1315/     66E : 20 02               		jr	nz,.has_indx		; If non-zero: valid
(1) 1316/     670 : 18 1C               		jr	.no_indx
(1) 1317/     672 :                     .has_indx:
(1) 1318/     672 : E6 1F               		and	00011111b
(1) 1319/     674 : 87                  		add	a,a
(1) 1320/     675 : 87                  		add	a,a
(1) 1321/     676 : 87                  		add	a,a
(1) 1322/     677 : CF                  		rst	8
(1) 1323/     678 : 16 00               		ld	d,0
(1) 1324/     67A : 5F                  		ld	e,a
(1) 1325/     67B : C5                  		push	bc			; Save bc, hl and ix
(1) 1326/     67C : E5                  		push	hl
(1) 1327/     67D : DD E5               		push	ix
(1) 1328/     67F : DD 19               		add	ix,de
(1) 1329/     681 : DD 7E 00            		ld	a,(ix)			; Read 0000evin
(1) 1330/     684 : E6 0F               		and	00001111b
(1) 1331/     686 : C4 96 06            		call	nz,.do_chip		; Call if non-zero
(1) 1332/     689 : CF                  		rst	8
(1) 1333/     68A : DD E1               		pop	ix
(1) 1334/     68C : E1                  		pop	hl
(1) 1335/     68D : C1                  		pop	bc
(1) 1336/     68E :                     .no_indx:
(1) 1337/     68E : 23                  		inc	hl
(1) 1338/     68F : 10 DB               		djnz	.next_indx
(1) 1339/     691 : FD CB 00 9E         		res	3,(iy+seq_Status)	; RESET Volume update bit
(1) 1340/     695 : C9                  		ret
(1) 1341/     696 :                     
(1) 1342/     696 :                     ; ----------------------------------------
(1) 1343/     696 :                     ; iy - Track buffer
(1) 1344/     696 :                     ; ix - Current channel
(1) 1345/     696 :                     
(1) 1346/     696 :                     .do_chip:
(1) 1347/     696 : DD 7E 03            		ld	a,(ix+chnl_Ins)		; Check intrument type FIRST
(1) 1348/     699 : B7                  		or	a
(1) 1349/     69A : C8                  		ret	z			; If 0 == stop
(1) 1350/     69B : 3D                  		dec	a			; inst-1
(1) 1351/     69C : E6 7F               		and	01111111b
(1) 1352/     69E : 21 C9 17            		ld	hl,instListOut		; hl - Temporal storage for instrument
(1) 1353/     6A1 : E5                  		push	hl
(1) 1354/     6A2 : CF                  		rst	8
(1) 1355/     6A3 : 07                  		rlca
(1) 1356/     6A4 : 07                  		rlca
(1) 1357/     6A5 : 07                  		rlca
(1) 1358/     6A6 : 47                  		ld	b,a
(1) 1359/     6A7 : E6 F8               		and	11111000b
(1) 1360/     6A9 : 4F                  		ld	c,a
(1) 1361/     6AA : 78                  		ld	a,b
(1) 1362/     6AB : AF                  		xor	a
(1) 1363/     6AC : E6 03               		and	00000011b
(1) 1364/     6AE : CF                  		rst	8
(1) 1365/     6AF : 47                  		ld	b,a
(1) 1366/     6B0 : EB                  		ex	hl,de
(1) 1367/     6B1 : FD 6E 1F            		ld	l,(iy+seq_RomInst)
(1) 1368/     6B4 : FD 66 20            		ld	h,(iy+(seq_RomInst+1))
(1) 1369/     6B7 : FD 7E 21            		ld	a,(iy+(seq_RomInst+2))
(1) 1370/     6BA : 09                  		add	hl,bc
(1) 1371/     6BB : CE 00               		adc	a,0
(1) 1372/     6BD : 01 08 00            		ld	bc,8			; 8 bytes
(1) 1373/     6C0 : CD AE 0F            		call	readRom			; ** ROM access **
(1) 1374/     6C3 : E1                  		pop	hl
(1) 1375/     6C4 : E5                  		push	hl			; <-- save hl
(1) 1376/     6C5 : CD E0 06            		call	.grab_link
(1) 1377/     6C8 : D1                  		pop	de			; --> recover as de
(1) 1378/     6C9 :                     	; hl - current table
(1) 1379/     6C9 :                     	; de - instrument data
(1) 1380/     6C9 : FE FF               		cp	-1			; Found any link?
(1) 1381/     6CB : C8                  		ret	z
(1) 1382/     6CC : 23                  		inc	hl			; MANUAL SETTING ztbl_MasterVol
(1) 1383/     6CD : 23                  		inc	hl
(1) 1384/     6CE : 23                  		inc	hl
(1) 1385/     6CF : 23                  		inc	hl
(1) 1386/     6D0 : CF                  		rst	8
(1) 1387/     6D1 : FD 7E 0E            		ld	a,(iy+seq_VolMaster)
(1) 1388/     6D4 : 77                  		ld	(hl),a
(1) 1389/     6D5 : 01 06 00            		ld	bc,ztbl_InstCach-4	; Move to instr data
(1) 1390/     6D8 : 09                  		add	hl,bc
(1) 1391/     6D9 : EB                  		ex	hl,de			; <-- swap for ldir
(1) 1392/     6DA : 01 08 00            		ld	bc,8
(1) 1393/     6DD : ED B0               		ldir				; COPYPASTE instr data from temporal
(1) 1394/     6DF : C9                  		ret
(1) 1395/     6E0 :                     
(1) 1396/     6E0 :                     ; ----------------------------------------
(1) 1397/     6E0 :                     ; Search for a linked channel on the
(1) 1398/     6E0 :                     ; chip table
(1) 1399/     6E0 :                     ;
(1) 1400/     6E0 :                     ; Input:
(1) 1401/     6E0 :                     ; iy - Track buffer
(1) 1402/     6E0 :                     ; ix - Current channel
(1) 1403/     6E0 :                     ; hl - Intrument data
(1) 1404/     6E0 :                     ;
(1) 1405/     6E0 :                     ; Returns:
(1) 1406/     6E0 :                     ; hl | Channel table to use
(1) 1407/     6E0 :                     ;  a | Return value:
(1) 1408/     6E0 :                     ;       0 | Found
(1) 1409/     6E0 :                     ;      -1 | Not found
(1) 1410/     6E0 :                     ; ----------------------------------------
(1) 1411/     6E0 :                     
(1) 1412/     6E0 :                     .grab_link:
(1) 1413/     6E0 : 7E                  		ld	a,(hl)
(1) 1414/     6E1 : E6 F0               		and	11110000b
(1) 1415/     6E3 : 5F                  		ld	e,a			; e - NEW chip
(1) 1416/     6E4 : DD 7E 01            		ld	a,(ix+chnl_Chip)	; a - CURRENT chip in this channel
(1) 1417/     6E7 : E6 F0               		and	11110000b
(1) 1418/     6E9 : 28 72               		jr	z,.new_chip		; If current is blank, it's a NEW chip
(1) 1419/     6EB : BB                  		cp 	e			; CURRENT chip is same as NEW?
(1) 1420/     6EC : 28 11               		jr	z,.same_link		; If yes, check linked channel.
(1) 1421/     6EE : CF                  		rst	8
(1) 1422/     6EF : 57                  		ld	d,a			; d - Chip to silence
(1) 1423/     6F0 : D5                  		push	de
(1) 1424/     6F1 : CD 0B 07            		call	.srch_link		; Search OLD link
(1) 1425/     6F4 : D1                  		pop	de
(1) 1426/     6F5 : FE FF               		cp	-1
(1) 1427/     6F7 : 28 03               		jr	z,.dont_res
(1) 1428/     6F9 : CD 0B 0F            		call	tblz_clear
(1) 1429/     6FC :                     .dont_res:
(1) 1430/     6FC : CF                  		rst	8
(1) 1431/     6FD : 18 5E               		jr	.new_chip
(1) 1432/     6FF :                     .same_link:
(1) 1433/     6FF : CD 0B 07            		call	.srch_link		; Search link
(1) 1434/     702 : FE FF               		cp	-1
(1) 1435/     704 : C0                  		ret	nz
(1) 1436/     705 : DD 5E 01            		ld	e,(ix+chnl_Chip)
(1) 1437/     708 : CF                  		rst	8
(1) 1438/     709 : 18 52               		jr	.new_chip
(1) 1439/     70B :                     
(1) 1440/     70B :                     ; ----------------------------------------
(1) 1441/     70B :                     ; Search same link
(1) 1442/     70B :                     ;
(1) 1443/     70B :                     ; a - Chip to search for
(1) 1444/     70B :                     ; e - NEW chip
(1) 1445/     70B :                     ; ----------------------------------------
(1) 1446/     70B :                     
(1) 1447/     70B :                     .srch_link:
(1) 1448/     70B : CD D2 07            		call	.pick_tbl		; Pick chip table in hl
(1) 1449/     70E : DD E5               		push	ix			; Copy ix to bc for checking
(1) 1450/     710 : C1                  		pop	bc
(1) 1451/     711 : B7                  		or	a			; Single table?
(1) 1452/     712 : FA 29 07            		jp	m,.singl_link
(1) 1453/     715 :                     .srch_lloop:
(1) 1454/     715 : 7E                  		ld	a,(hl)			; Read Table's LSB
(1) 1455/     716 : FE FF               		cp	-1			; If -1 (EOL) also return -1
(1) 1456/     718 : 28 3F               		jr	z,.not_samel
(1) 1457/     71A : B9                  		cp	c			; Same link LSB?
(1) 1458/     71B : 20 07               		jr	nz,.invldl
(1) 1459/     71D : 23                  		inc	hl
(1) 1460/     71E : CF                  		rst	8
(1) 1461/     71F : 7E                  		ld	a,(hl)
(1) 1462/     720 : 2B                  		dec	hl
(1) 1463/     721 : B8                  		cp	b			; Same link MSB?
(1) 1464/     722 : 28 13               		jr	z,.got_link
(1) 1465/     724 :                     .invldl:
(1) 1466/     724 : CD C9 07            		call	.nextsrch_tbl
(1) 1467/     727 : 18 EC               		jr	.srch_lloop
(1) 1468/     729 :                     
(1) 1469/     729 :                     ; --------------------------------
(1) 1470/     729 :                     ; PSGN/FM3/FM6
(1) 1471/     729 :                     ; --------------------------------
(1) 1472/     729 :                     
(1) 1473/     729 :                     .singl_link:
(1) 1474/     729 : 23                  		inc	hl			; Read MSB first
(1) 1475/     72A : 7E                  		ld	a,(hl)
(1) 1476/     72B : 2B                  		dec	hl
(1) 1477/     72C : CF                  		rst	8
(1) 1478/     72D : B8                  		cp	b			; MSB match?
(1) 1479/     72E : 20 29               		jr	nz,.not_samel
(1) 1480/     730 : 7E                  		ld	a,(hl)			; Read LSB
(1) 1481/     731 : B9                  		cp	c
(1) 1482/     732 : 20 25               		jr	nz,.not_samel
(1) 1483/     734 : C3 5B 07            		jp	.rnot_psg
(1) 1484/     737 :                     
(1) 1485/     737 :                     ; ----------------------------------------
(1) 1486/     737 :                     ; Got the link, do special checks
(1) 1487/     737 :                     ; ----------------------------------------
(1) 1488/     737 :                     
(1) 1489/     737 :                     .got_link:
(1) 1490/     737 : E5                  		push	hl
(1) 1491/     738 : 23                  		inc	hl
(1) 1492/     739 : 23                  		inc	hl
(1) 1493/     73A : 23                  		inc	hl		; <-- ztbl_Chip
(1) 1494/     73B : CF                  		rst	8
(1) 1495/     73C : 4E                  		ld	c,(hl)		; c - ID
(1) 1496/     73D : E1                  		pop	hl
(1) 1497/     73E :                     	; PSG3/PSGN check
(1) 1498/     73E : 7B                  		ld	a,e
(1) 1499/     73F : FE 80               		cp	80h		; PSG?
(1) 1500/     741 : 20 18               		jr	nz,.rnot_psg
(1) 1501/     743 : 3A 2F 00            		ld	a,(psgHatMode)	; Tone3 enabled?
(1) 1502/     746 : E6 03               		and	011b
(1) 1503/     748 : FE 03               		cp	011b
(1) 1504/     74A : 20 0F               		jr	nz,.rnot_psg
(1) 1505/     74C : 79                  		ld	a,c		; Channel 2? (PSG3)
(1) 1506/     74D : FE 02               		cp	2
(1) 1507/     74F : 20 0A               		jr	nz,.rnot_psg
(1) 1508/     751 : CF                  		rst	8
(1) 1509/     752 : D5                  		push	de
(1) 1510/     753 : 16 80               		ld	d,80h		; Force silence
(1) 1511/     755 : CD 0B 0F            		call	tblz_clear
(1) 1512/     758 : D1                  		pop	de
(1) 1513/     759 :                     .not_samel:
(1) 1514/     759 : 18 52               		jr	.set_asfull
(1) 1515/     75B :                     .rnot_psg:
(1) 1516/     75B : AF                  		xor	a
(1) 1517/     75C : C9                  		ret
(1) 1518/     75D :                     
(1) 1519/     75D :                     ; ----------------------------------------
(1) 1520/     75D :                     ; *** NEW CHIP ***
(1) 1521/     75D :                     ;
(1) 1522/     75D :                     ; Input:
(1) 1523/     75D :                     ; e - Chip to set
(1) 1524/     75D :                     ; ----------------------------------------
(1) 1525/     75D :                     
(1) 1526/     75D :                     .new_chip:
(1) 1527/     75D : 7B                  		ld	a,e			; Read NEW chip
(1) 1528/     75E : B7                  		or	a
(1) 1529/     75F : F2 AD 07            		jp	p,.set_asfull		; If Null, mark as full
(1) 1530/     762 : CD D2 07            		call	.pick_tbl		; Pick chip table
(1) 1531/     765 : CF                  		rst	8
(1) 1532/     766 : FD 4E 14            		ld	c,(iy+seq_Priority)	; c - Seq priority level
(1) 1533/     769 : B7                  		or	a			; Chip is single?
(1) 1534/     76A : FA 98 07            		jp	m,.singl_free
(1) 1535/     76D : E5                  		push	hl			; Backup START table
(1) 1536/     76E :                     ; PASS 1
(1) 1537/     76E :                     .srch_free:
(1) 1538/     76E : 7E                  		ld	a,(hl)			; Read LSB
(1) 1539/     76F : FE FF               		cp	-1			; If -1, return -1
(1) 1540/     771 : 28 0F               		jr	z,.pass_2
(1) 1541/     773 : 23                  		inc	hl
(1) 1542/     774 : 46                  		ld	b,(hl)			; Read MSB
(1) 1543/     775 : 2B                  		dec	hl
(1) 1544/     776 : B0                  		or	b
(1) 1545/     777 : 28 05               		jr	z,.found_tnew
(1) 1546/     779 : CD C9 07            		call	.nextsrch_tbl
(1) 1547/     77C : 18 F0               		jr	.srch_free
(1) 1548/     77E :                     .found_tnew:
(1) 1549/     77E : 33                  		inc	sp			; skip backup
(1) 1550/     77F : 33                  		inc	sp
(1) 1551/     780 : 18 36               		jr	.new_link
(1) 1552/     782 :                     ; PASS 2
(1) 1553/     782 :                     .pass_2:
(1) 1554/     782 : E1                  		pop	hl			; Recover START
(1) 1555/     783 :                     .next_prio:
(1) 1556/     783 : 7E                  		ld	a,(hl)			; Read LSB
(1) 1557/     784 : FE FF               		cp	-1			; If -1, return -1
(1) 1558/     786 : C8                  		ret	z
(1) 1559/     787 : 23                  		inc	hl
(1) 1560/     788 : 23                  		inc	hl
(1) 1561/     789 : 7E                  		ld	a,(hl)			; Read priority
(1) 1562/     78A : 2B                  		dec	hl
(1) 1563/     78B : 2B                  		dec	hl
(1) 1564/     78C : B7                  		or	a			; Failsafe zero priority overwrite
(1) 1565/     78D : 28 21               		jr	z,.ovrw_link
(1) 1566/     78F : B9                  		cp	c
(1) 1567/     790 : 38 1E               		jr	c,.ovrw_link		; PRIORITY
(1) 1568/     792 : CF                  		rst	8
(1) 1569/     793 : CD C9 07            		call	.nextsrch_tbl
(1) 1570/     796 : 18 EB               		jr	.next_prio
(1) 1571/     798 :                     
(1) 1572/     798 :                     ; ----------------------------------------
(1) 1573/     798 :                     ; Single slot PSGN/FM3/FM6
(1) 1574/     798 :                     ;
(1) 1575/     798 :                     ; c - priority
(1) 1576/     798 :                     ; e - chip
(1) 1577/     798 :                     ; ----------------------------------------
(1) 1578/     798 :                     
(1) 1579/     798 :                     .singl_free:
(1) 1580/     798 : E5                  		push	hl
(1) 1581/     799 : 46                  		ld	b,(hl)
(1) 1582/     79A : 23                  		inc	hl
(1) 1583/     79B : 7E                  		ld	a,(hl)
(1) 1584/     79C : 23                  		inc	hl
(1) 1585/     79D : 56                  		ld	d,(hl)		; this prio
(1) 1586/     79E : E1                  		pop	hl
(1) 1587/     79F : B0                  		or	b
(1) 1588/     7A0 : 28 0E               		jr	z,.ovrw_link
(1) 1589/     7A2 : CF                  		rst	8
(1) 1590/     7A3 : 7A                  		ld	a,d
(1) 1591/     7A4 : B7                  		or	a
(1) 1592/     7A5 : 28 09               		jr	z,.ovrw_link
(1) 1593/     7A7 : B9                  		cp	c
(1) 1594/     7A8 : 38 06               		jr	c,.ovrw_link	; PRIORITY
(1) 1595/     7AA : 28 04               		jr	z,.ovrw_link	; <-- ALWAYS overwrite
(1) 1596/     7AC : CF                  		rst	8
(1) 1597/     7AD :                     .set_asfull:
(1) 1598/     7AD : 3E FF               		ld	a,-1		; Return -1
(1) 1599/     7AF : C9                  		ret
(1) 1600/     7B0 :                     
(1) 1601/     7B0 :                     ; ----------------------------------------
(1) 1602/     7B0 :                     
(1) 1603/     7B0 :                     .ovrw_link:
(1) 1604/     7B0 : E5                  		push	hl
(1) 1605/     7B1 : DD 56 01            		ld	d,(ix+chnl_Chip)
(1) 1606/     7B4 : CD 0B 0F            		call	tblz_clear
(1) 1607/     7B7 : E1                  		pop	hl
(1) 1608/     7B8 :                     .new_link:
(1) 1609/     7B8 : CF                  		rst	8
(1) 1610/     7B9 : 23                  		inc	hl
(1) 1611/     7BA : 23                  		inc	hl
(1) 1612/     7BB :                     ; hl+2
(1) 1613/     7BB :                     .l_hiprio:
(1) 1614/     7BB : DD 73 01            		ld	(ix+chnl_Chip),e
(1) 1615/     7BE : DD E5               		push	ix
(1) 1616/     7C0 : D1                  		pop	de
(1) 1617/     7C1 : 71                  		ld	(hl),c		; Write priority
(1) 1618/     7C2 : 2B                  		dec	hl
(1) 1619/     7C3 : CF                  		rst	8
(1) 1620/     7C4 : 72                  		ld 	(hl),d		; MSB
(1) 1621/     7C5 : 2B                  		dec	hl
(1) 1622/     7C6 : 73                  		ld	(hl),e		; LSB
(1) 1623/     7C7 : AF                  		xor	a		; Return OK
(1) 1624/     7C8 : C9                  		ret
(1) 1625/     7C9 :                     
(1) 1626/     7C9 :                     ; ----------------------------------------
(1) 1627/     7C9 :                     
(1) 1628/     7C9 :                     .nextsrch_tbl:
(1) 1629/     7C9 : CF                  		rst	8
(1) 1630/     7CA : 00                  		nop
(1) 1631/     7CB : D5                  		push	de
(1) 1632/     7CC : 11 12 00            		ld	de,MAX_TBLSIZE
(1) 1633/     7CF : 19                  		add	hl,de
(1) 1634/     7D0 : D1                  		pop	de
(1) 1635/     7D1 : C9                  		ret
(1) 1636/     7D2 :                     
(1) 1637/     7D2 :                     ; ----------------------------------------
(1) 1638/     7D2 :                     ; Pick chip table
(1) 1639/     7D2 :                     ;
(1) 1640/     7D2 :                     ; Input:
(1) 1641/     7D2 :                     ; a  - Chip ID
(1) 1642/     7D2 :                     ;
(1) 1643/     7D2 :                     ; Output:
(1) 1644/     7D2 :                     ; hl - Current table
(1) 1645/     7D2 :                     ; a  - bit 7 only: multi or single table
(1) 1646/     7D2 :                     ; ----------------------------------------
(1) 1647/     7D2 :                     
(1) 1648/     7D2 :                     .pick_tbl:
(1) 1649/     7D2 : D5                  		push	de
(1) 1650/     7D3 : 0F                  		rrca
(1) 1651/     7D4 : 0F                  		rrca
(1) 1652/     7D5 : 0F                  		rrca
(1) 1653/     7D6 : 0F                  		rrca
(1) 1654/     7D7 : E6 07               		and	00000111b
(1) 1655/     7D9 : 87                  		add	a,a
(1) 1656/     7DA : 21 00 1B            		ld	hl,tblList
(1) 1657/     7DD : E5                  		push	hl
(1) 1658/     7DE : 16 00               		ld	d,0
(1) 1659/     7E0 : 5F                  		ld	e,a
(1) 1660/     7E1 : 19                  		add	hl,de
(1) 1661/     7E2 : 5E                  		ld	e,(hl)
(1) 1662/     7E3 : 23                  		inc	hl
(1) 1663/     7E4 : 7E                  		ld	a,(hl)
(1) 1664/     7E5 : 57                  		ld	d,a
(1) 1665/     7E6 : E6 80               		and	10000000b
(1) 1666/     7E8 : CB BA               		res	7,d
(1) 1667/     7EA : E1                  		pop	hl
(1) 1668/     7EB : 19                  		add	hl,de
(1) 1669/     7EC : D1                  		pop	de
(1) 1670/     7ED : C9                  		ret
(1) 1671/     7EE :                     
(1) 1672/     7EE :                     ; ============================================
(1) 1673/     7EE :                     ; ----------------------------------------
(1) 1674/     7EE :                     ; Process chip using it's table
(1) 1675/     7EE :                     ;
(1) 1676/     7EE :                     ; iy - table to read
(1) 1677/     7EE :                     ; ----------------------------------------
(1) 1678/     7EE :                     
(1) 1679/     7EE :                     dtbl_multi:
(1) 1680/     7EE : FD 7E 00            		ld	a,(iy)
(1) 1681/     7F1 : FE FF               		cp	-1
(1) 1682/     7F3 : C8                  		ret	z
(1) 1683/     7F4 : CF                  		rst	8
(1) 1684/     7F5 : CD 02 08            		call	dtbl_singl
(1) 1685/     7F8 : 11 12 00            		ld	de,MAX_TBLSIZE
(1) 1686/     7FB : FD 19               		add	iy,de
(1) 1687/     7FD : CF                  		rst	8
(1) 1688/     7FE : 00                  		nop
(1) 1689/     7FF : 00                  		nop
(1) 1690/     800 : 18 EC               		jr	dtbl_multi
(1) 1691/     802 :                     dtbl_singl:
(1) 1692/     802 : FD 5E 00            		ld	e,(iy)			; Read link
(1) 1693/     805 : FD 56 01            		ld	d,(iy+1)
(1) 1694/     808 : 7A                  		ld	a,d			; If no-zero, active
(1) 1695/     809 : B3                  		or	e
(1) 1696/     80A : 20 60               		jr	nz,.linked
(1) 1697/     80C : FD 7E 02            		ld	a,(iy+ztbl_Priority)	; Silence request?
(1) 1698/     80F : B7                  		or	a
(1) 1699/     810 : F0                  		ret	p			; Return if not.
(1) 1700/     811 : CF                  		rst	8
(1) 1701/     812 : FD 36 02 00         		ld	(iy+ztbl_Priority),0	; Reset request on memory
(1) 1702/     816 :                     
(1) 1703/     816 :                     ; ----------------------------------------
(1) 1704/     816 :                     ; chip-silence request
(1) 1705/     816 :                     ; iy - Table
(1) 1706/     816 :                     
(1) 1707/     816 : 06 00               		ld	b,0
(1) 1708/     818 : FD 4E 03            		ld	c,(iy+ztbl_Chip)
(1) 1709/     81B : E6 F0               		and	11110000b
(1) 1710/     81D : FE 80               		cp	80h
(1) 1711/     81F : 28 1E               		jr	z,.siln_psg
(1) 1712/     821 : FE 90               		cp	90h
(1) 1713/     823 : 28 16               		jr	z,.siln_psg_n
(1) 1714/     825 : FE A0               		cp	0A0h
(1) 1715/     827 : 28 3D               		jr	z,.siln_fm
(1) 1716/     829 : FE B0               		cp	0B0h
(1) 1717/     82B : 28 39               		jr	z,.siln_fm
(1) 1718/     82D : CF                  		rst	8
(1) 1719/     82E : FE C0               		cp	0C0h
(1) 1720/     830 : 28 31               		jr	z,.siln_dac
(1) 1721/     832 : FE D0               		cp	0D0h
(1) 1722/     834 : 28 0F               		jr	z,.siln_pcm
(1) 1723/     836 : FE E0               		cp	0E0h
(1) 1724/     838 : 28 1C               		jr	z,.siln_pwm
(1) 1725/     83A : C9                  		ret
(1) 1726/     83B :                     .siln_psg_n:
(1) 1727/     83B : AF                  		xor	a
(1) 1728/     83C : 32 2F 00            		ld	(psgHatMode),a
(1) 1729/     83F :                     .siln_psg:
(1) 1730/     83F : CF                  		rst	8
(1) 1731/     840 : 21 22 15            		ld	hl,psgcom
(1) 1732/     843 : 18 1A               		jr	.rcyl_com
(1) 1733/     845 :                     
(1) 1734/     845 :                     ; --------------------------------
(1) 1735/     845 :                     
(1) 1736/     845 :                     .siln_pcm:
(1) 1737/     845 : 3E 01               		ld	a,1
(1) 1738/     847 : 32 A6 17            		ld	(mcdUpd),a
(1) 1739/     84A : CF                  		rst	8
(1) 1740/     84B : 21 CA 14            		ld	hl,pcmcom+32
(1) 1741/     84E : 09                  		add	hl,bc
(1) 1742/     84F : 36 FF               		ld	(hl),-1
(1) 1743/     851 : 21 AA 14            		ld	hl,pcmcom
(1) 1744/     854 : 18 09               		jr	.rcyl_com
(1) 1745/     856 :                     .siln_pwm:
(1) 1746/     856 : 3E 01               		ld	a,1
(1) 1747/     858 : 32 A5 17            		ld	(marsUpd),a
(1) 1748/     85B : CF                  		rst	8
(1) 1749/     85C : 21 EA 14            		ld	hl,pwmcom
(1) 1750/     85F :                     .rcyl_com:
(1) 1751/     85F : 09                  		add	hl,bc
(1) 1752/     860 : 36 04               		ld	(hl),100b	; key-cut
(1) 1753/     862 : C9                  		ret
(1) 1754/     863 :                     
(1) 1755/     863 :                     ; --------------------------------
(1) 1756/     863 :                     
(1) 1757/     863 :                     .siln_dac:
(1) 1758/     863 : CD F7 11            		call	dac_off
(1) 1759/     866 :                     .siln_fm:
(1) 1760/     866 : CD 6D 0A            		call	.fm_tloff
(1) 1761/     869 : C3 65 0A            		jp	.fm_keyoff
(1) 1762/     86C :                     
(1) 1763/     86C :                     ; ----------------------------------------
(1) 1764/     86C :                     ; Process channel now
(1) 1765/     86C :                     ; iy - Table
(1) 1766/     86C :                     ; ix - Tracker channel
(1) 1767/     86C :                     .linked:
(1) 1768/     86C : 1A                  		ld	a,(de)		; ** chnl_Flags
(1) 1769/     86D : 47                  		ld	b,a		; b - flags to check
(1) 1770/     86E : E6 0F               		and	00001111b	; evin flags?
(1) 1771/     870 : C8                  		ret	z
(1) 1772/     871 : 78                  		ld	a,b
(1) 1773/     872 : E6 F0               		and	11110000b	; Keep OTHER bits
(1) 1774/     874 : 12                  		ld	(de),a		; ** clear chnl_Flags
(1) 1775/     875 : CF                  		rst	8
(1) 1776/     876 : FD E5               		push	iy		; table+10h instrment data
(1) 1777/     878 : D5                  		push	de
(1) 1778/     879 : DD E1               		pop	ix
(1) 1779/     87B : E1                  		pop	hl
(1) 1780/     87C : 11 0A 00            		ld	de,ztbl_InstCach	; Go to stored inst data
(1) 1781/     87F : 19                  		add	hl,de
(1) 1782/     880 :                     	; --------------------------------
(1) 1783/     880 :                     	;  b - Flags LR00evin (Eff|Vol|Ins|Note)
(1) 1784/     880 :                     	; iy - Our chip table
(1) 1785/     880 :                     	; ix - Track channel
(1) 1786/     880 :                     	; hl - Intrument data
(1) 1787/     880 : 78                  		ld	a,b		; Note and/or Inst?
(1) 1788/     881 : E6 03               		and	0011b
(1) 1789/     883 : C4 AE 08            		call	nz,.reset_effc	; Reset effects
(1) 1790/     886 : CB 50               		bit	2,b		; Volume
(1) 1791/     888 : C4 15 0D            		call	nz,.volu
(1) 1792/     88B : CF                  		rst	8
(1) 1793/     88C : CB 40               		bit	0,b		; Note
(1) 1794/     88E : C4 B8 0E            		call	nz,.note
(1) 1795/     891 : CB 48               		bit	1,b		; Intrument
(1) 1796/     893 : C4 1E 0D            		call	nz,.inst
(1) 1797/     896 : CB 58               		bit	3,b		; Effect
(1) 1798/     898 : C4 2A 0C            		call	nz,.effc
(1) 1799/     89B : 7E                  		ld	a,(hl)		; Read INS type
(1) 1800/     89C : E6 70               		and	01110000b	; Filter bits
(1) 1801/     89E : 0F                  		rrca
(1) 1802/     89F : CF                  		rst	8
(1) 1803/     8A0 : 0F                  		rrca
(1) 1804/     8A1 : 0F                  		rrca
(1) 1805/     8A2 : 16 00               		ld	d,0
(1) 1806/     8A4 : 5F                  		ld	e,a
(1) 1807/     8A5 : 21 BB 08            		ld	hl,.mk_list
(1) 1808/     8A8 : 19                  		add	hl,de
(1) 1809/     8A9 : 7E                  		ld	a,(hl)
(1) 1810/     8AA : 23                  		inc	hl
(1) 1811/     8AB : 66                  		ld	h,(hl)
(1) 1812/     8AC : 6F                  		ld	l,a
(1) 1813/     8AD : E9                  		jp	(hl)
(1) 1814/     8AE :                     .reset_effc:
(1) 1815/     8AE : FD 36 06 00         		ld	(iy+ztbl_PitchBend),0
(1) 1816/     8B2 : FD 36 08 00         		ld	(iy+ztbl_VolSlide),0
(1) 1817/     8B6 : FD 36 07 00         		ld	(iy+ztbl_Volume),0
(1) 1818/     8BA : C9                  		ret
(1) 1819/     8BB :                     
(1) 1820/     8BB :                     ; --------------------------------
(1) 1821/     8BB :                     .mk_list:
(1) 1822/     8BB : C9 08               		dw .mk_psg
(1) 1823/     8BD : C9 08               		dw .mk_psg
(1) 1824/     8BF : 7C 09               		dw .mk_fm
(1) 1825/     8C1 : 00 0A               		dw .mk_fm_sp
(1) 1826/     8C3 : B4 0B               		dw .mk_dac
(1) 1827/     8C5 : 0A 0C               		dw .mk_pcm
(1) 1828/     8C7 : 0B 0C               		dw .mk_pwm
(1) 1829/     8C9 :                     
(1) 1830/     8C9 :                     ; --------------------------------
(1) 1831/     8C9 :                     ; PSG and PSGN
(1) 1832/     8C9 :                     ; --------------------------------
(1) 1833/     8C9 :                     
(1) 1834/     8C9 :                     .mk_psg:
(1) 1835/     8C9 : DD 4E 02            		ld	c,(ix+chnl_Note)	; c - Note
(1) 1836/     8CC : DD E5               		push	ix			; * Save ix
(1) 1837/     8CE : CF                  		rst	8
(1) 1838/     8CF : DD 21 22 15         		ld	ix,psgcom		; ix - psgcom
(1) 1839/     8D3 : 16 00               		ld	d,0
(1) 1840/     8D5 : FD 5E 03            		ld	e,(iy+ztbl_Chip)
(1) 1841/     8D8 : DD 19               		add	ix,de			; Get com index
(1) 1842/     8DA : 78                  		ld	a,b			; New NOTE and/or INS?
(1) 1843/     8DB : E6 03               		and	0011b
(1) 1844/     8DD : 28 4A               		jr	z,.psgc_proc		; Process only
(1) 1845/     8DF : 79                  		ld	a,c			; c - Note
(1) 1846/     8E0 : B7                  		or	a
(1) 1847/     8E1 : C8                  		ret	z
(1) 1848/     8E2 : CF                  		rst	8
(1) 1849/     8E3 : FE FE               		cp	-2			; Key cut?
(1) 1850/     8E5 : 28 32               		jr	z,.kycut_psg
(1) 1851/     8E7 : FE FF               		cp	-1			; Key off?
(1) 1852/     8E9 : 28 22               		jr	z,.kyoff_psg
(1) 1853/     8EB : DD 36 00 01         		ld	(ix+COM),001b		; Set Key ON
(1) 1854/     8EF : 7B                  		ld	a,e			; a - Channel 0-3
(1) 1855/     8F0 : 11 00 00            		ld	de,0			; Clear de
(1) 1856/     8F3 : FE 03               		cp	3			; NOISE channel?
(1) 1857/     8F5 : 20 0E               		jr	nz,.not_ns
(1) 1858/     8F7 : CF                  		rst	8
(1) 1859/     8F8 : 3A 2F 00            		ld	a,(psgHatMode)		; Tone 3?
(1) 1860/     8FB : E6 03               		and	011b
(1) 1861/     8FD : FE 03               		cp	011b
(1) 1862/     8FF : C2 4C 09            		jp	nz,.psg_keyon		; Normal
(1) 1863/     902 : 11 18 00            		ld	de,12*2			; Add octave to freq
(1) 1864/     905 :                     .not_ns:
(1) 1865/     905 : CD 67 09            		call	.psg_getfreq
(1) 1866/     908 : 18 26               		jr	.psgc_keyon
(1) 1867/     90A :                     
(1) 1868/     90A :                     ; --------------------------------
(1) 1869/     90A :                     ; -1
(1) 1870/     90A :                     .kyoff_psgn:
(1) 1871/     90A : CD 22 09            		call	.kypsgn_hatoff
(1) 1872/     90D :                     .kyoff_psg:
(1) 1873/     90D : DD 36 00 02         		ld	(ix),010b		; Write key off
(1) 1874/     911 : DD E1               		pop	ix			; * Restore ix
(1) 1875/     913 : C3 04 0F            		jp	.chnl_ulnk
(1) 1876/     916 :                     
(1) 1877/     916 :                     ; --------------------------------
(1) 1878/     916 :                     ; -2
(1) 1879/     916 :                     .kycut_psgn:
(1) 1880/     916 : CD 22 09            		call	.kypsgn_hatoff
(1) 1881/     919 :                     .kycut_psg:
(1) 1882/     919 : DD 36 00 04         		ld	(ix),100b		; Write key cut
(1) 1883/     91D : DD E1               		pop	ix			; * Restore ix
(1) 1884/     91F : C3 04 0F            		jp	.chnl_ulnk
(1) 1885/     922 :                     
(1) 1886/     922 :                     
(1) 1887/     922 :                     .kypsgn_hatoff:
(1) 1888/     922 : 3E 00               		ld	a,000b
(1) 1889/     924 : 32 2F 00            		ld	(psgHatMode),a		; ** GLOBAL SETTING
(1) 1890/     927 : CF                  		rst	8
(1) 1891/     928 : C9                  		ret
(1) 1892/     929 :                     
(1) 1893/     929 :                     ; --------------------------------
(1) 1894/     929 :                     ; hl - current freq
(1) 1895/     929 :                     ; ix - psgcom
(1) 1896/     929 :                     ; b - flags
(1) 1897/     929 :                     
(1) 1898/     929 :                     .psgc_proc:
(1) 1899/     929 : CF                  		rst	8
(1) 1900/     92A : DD 6E 1C            		ld	l,(ix+DTL)		; Read saved freq
(1) 1901/     92D : DD 66 20            		ld	h,(ix+DTH)
(1) 1902/     930 :                     .psgc_keyon:
(1) 1903/     930 : FD 7E 06            		ld	a,(iy+ztbl_PitchBend)	; pitchbend
(1) 1904/     933 : B7                  		or	a
(1) 1905/     934 : CA 46 09            		jp	z,.no_req
(1) 1906/     937 : ED 44               		neg	a
(1) 1907/     939 : 5F                  		ld	e,a
(1) 1908/     93A : 4F                  		ld	c,a
(1) 1909/     93B : AF                  		xor	a
(1) 1910/     93C : FD 77 06            		ld	(iy+ztbl_PitchBend),a
(1) 1911/     93F : 3F                  		ccf
(1) 1912/     940 : CB 21               		sla	c
(1) 1913/     942 : 9F                  		sbc	a,a
(1) 1914/     943 : 57                  		ld	d,a
(1) 1915/     944 : CF                  		rst	8
(1) 1916/     945 : 19                  		add	hl,de
(1) 1917/     946 :                     .no_req:
(1) 1918/     946 : DD 75 1C            		ld	(ix+DTL),l
(1) 1919/     949 : DD 74 20            		ld	(ix+DTH),h
(1) 1920/     94C :                     .psg_keyon:
(1) 1921/     94C : FD 7E 08            		ld	a,(iy+ztbl_VolSlide)
(1) 1922/     94F : 87                  		add	a,a
(1) 1923/     950 : 5F                  		ld	e,a
(1) 1924/     951 : FD 7E 07            		ld	a,(iy+ztbl_Volume)	; Set current Volume
(1) 1925/     954 : 93                  		sub	a,e
(1) 1926/     955 : FD 96 04            		sub	a,(iy+ztbl_MasterVol)	; + MASTER vol
(1) 1927/     958 : ED 44               		neg	a
(1) 1928/     95A : CF                  		rst	8
(1) 1929/     95B : 87                  		add	a,a
(1) 1930/     95C : 87                  		add	a,a
(1) 1931/     95D : 30 02               		jr	nc,.vmuch
(1) 1932/     95F : 3E FF               		ld	a,-1
(1) 1933/     961 :                     .vmuch:
(1) 1934/     961 : DD 77 30            		ld	(ix+MVOL),a
(1) 1935/     964 : DD E1               		pop	ix			; * Restore ix
(1) 1936/     966 : C9                  		ret
(1) 1937/     967 :                     
(1) 1938/     967 :                     ; --------------------------------
(1) 1939/     967 :                     ; de - increment
(1) 1940/     967 :                     
(1) 1941/     967 :                     .psg_getfreq:
(1) 1942/     967 : 21 E0 12            		ld	hl,psgFreq_List-(36*2)
(1) 1943/     96A : 19                  		add	hl,de
(1) 1944/     96B : FD 5E 05            		ld	e,(iy+ztbl_FreqIndx)	; de - note*2
(1) 1945/     96E : 19                  		add	hl,de
(1) 1946/     96F : 7E                  		ld	a,(hl)
(1) 1947/     970 : 23                  		inc	hl
(1) 1948/     971 : CF                  		rst	8
(1) 1949/     972 : 66                  		ld	h,(hl)
(1) 1950/     973 : 6F                  		ld	l,a
(1) 1951/     974 : 3A 88 1F            		ld	a,(palMode)
(1) 1952/     977 : B7                  		or	a
(1) 1953/     978 : 28 01               		jr	z,.fnot_pal
(1) 1954/     97A : 2B                  		dec	hl
(1) 1955/     97B :                     .fnot_pal:
(1) 1956/     97B : C9                  		ret
(1) 1957/     97C :                     
(1) 1958/     97C :                     ; --------------------------------
(1) 1959/     97C :                     ; FM
(1) 1960/     97C :                     ; --------------------------------
(1) 1961/     97C :                     
(1) 1962/     97C :                     .mk_fm:
(1) 1963/     97C : FD 4E 03            		ld	c,(iy+ztbl_Chip)	; c - YM key
(1) 1964/     97F : 78                  		ld	a,b			; Get NOTE and/or INS?
(1) 1965/     980 : E6 03               		and	0011b
(1) 1966/     982 : 28 32               		jr	z,.mkfm_proc		; Process only
(1) 1967/     984 : DD 7E 02            		ld	a,(ix+chnl_Note)	; Get IT note
(1) 1968/     987 : B7                  		or	a
(1) 1969/     988 : C8                  		ret	z
(1) 1970/     989 : FE FE               		cp	-2			; Key-cut?
(1) 1971/     98B : CA 59 0A            		jp	z,.fm_cut
(1) 1972/     98E : CF                  		rst	8
(1) 1973/     98F : FE FF               		cp	-1			; Key-off?
(1) 1974/     991 : CA 50 0A            		jp	z,.fm_off
(1) 1975/     994 : CD 65 0A            		call	.fm_keyoff		; Turn FM keys off
(1) 1976/     997 : 79                  		ld	a,c
(1) 1977/     998 : FE 06               		cp	6			; Check FM6
(1) 1978/     99A : 20 05               		jr	nz,.not_dac
(1) 1979/     99C : CD F7 11            		call	dac_off			; Turn DAC off
(1) 1980/     99F : 18 15               		jr	.mkfm_proc
(1) 1981/     9A1 :                     .not_dac:
(1) 1982/     9A1 : FE 02               		cp	2			; Check FM3
(1) 1983/     9A3 : 20 11               		jr	nz,.mkfm_proc
(1) 1984/     9A5 : 3A 30 00            		ld	a,(fmSpecial)		; FM3 Special active?
(1) 1985/     9A8 : B7                  		or	a
(1) 1986/     9A9 : 28 0B               		jr	z,.mkfm_proc
(1) 1987/     9AB : CF                  		rst	8
(1) 1988/     9AC : AF                  		xor	a
(1) 1989/     9AD : 32 30 00            		ld	(fmSpecial),a
(1) 1990/     9B0 : 11 00 27            		ld	de,2700h		; Turn FM3 Special OFF
(1) 1991/     9B3 : CD CC 11            		call	fm_send_1
(1) 1992/     9B6 :                     .mkfm_proc:
(1) 1993/     9B6 : CF                  		rst	8
(1) 1994/     9B7 : C5                  		push	bc
(1) 1995/     9B8 : FD 7E 05            		ld	a,(iy+ztbl_FreqIndx)
(1) 1996/     9BB : 47                  		ld	b,a
(1) 1997/     9BC : E6 1F               		and	00011111b
(1) 1998/     9BE : 5F                  		ld	e,a
(1) 1999/     9BF : 16 00               		ld	d,0
(1) 2000/     9C1 : 21 10 13            		ld	hl,fmFreq_List
(1) 2001/     9C4 : 19                  		add	hl,de
(1) 2002/     9C5 : 7E                  		ld	a,(hl)
(1) 2003/     9C6 : CF                  		rst	8
(1) 2004/     9C7 : 23                  		inc	hl
(1) 2005/     9C8 : 66                  		ld	h,(hl)
(1) 2006/     9C9 : 6F                  		ld	l,a			; hl - Current FM freq
(1) 2007/     9CA : 3A 88 1F            		ld	a,(palMode)		; PAL speed check
(1) 2008/     9CD : B7                  		or	a
(1) 2009/     9CE : 28 04               		jr	z,.not_pal
(1) 2010/     9D0 : 11 04 00            		ld	de,4			; freq + 4
(1) 2011/     9D3 : 19                  		add	hl,de
(1) 2012/     9D4 :                     .not_pal:
(1) 2013/     9D4 : 78                  		ld	a,b
(1) 2014/     9D5 : E6 E0               		and	11100000b
(1) 2015/     9D7 : 0F                  		rrca
(1) 2016/     9D8 : 0F                  		rrca
(1) 2017/     9D9 : B4                  		or	h
(1) 2018/     9DA : 67                  		ld	h,a
(1) 2019/     9DB : FD 5E 06            		ld	e,(iy+ztbl_PitchBend)	; Get pitchbend effect
(1) 2020/     9DE : CF                  		rst	8
(1) 2021/     9DF : AF                  		xor	a			; clear high
(1) 2022/     9E0 : 3F                  		ccf				; clear carry
(1) 2023/     9E1 : CB 23               		sla	e			; pitchbend << 2
(1) 2024/     9E3 : 00                  		nop				; **
(1) 2025/     9E4 : 9F                  		sbc	a,a			; get carry MSB
(1) 2026/     9E5 : 57                  		ld	d,a
(1) 2027/     9E6 : 19                  		add	hl,de			; Pitchbend the freq
(1) 2028/     9E7 : 79                  		ld	a,c
(1) 2029/     9E8 : E6 03               		and	011b
(1) 2030/     9EA : F6 A4               		or	0A4h
(1) 2031/     9EC : 57                  		ld	d,a
(1) 2032/     9ED : 5C                  		ld	e,h
(1) 2033/     9EE : CF                  		rst	8
(1) 2034/     9EF : CD C8 11            		call	fm_autoreg
(1) 2035/     9F2 : 79                  		ld	a,c
(1) 2036/     9F3 : E6 03               		and	011b
(1) 2037/     9F5 : F6 A0               		or	0A0h
(1) 2038/     9F7 : 57                  		ld	d,a
(1) 2039/     9F8 : 5D                  		ld	e,l
(1) 2040/     9F9 : CD C8 11            		call	fm_autoreg
(1) 2041/     9FC : C1                  		pop	bc
(1) 2042/     9FD : C3 9B 0A            		jp	.mkfm_set
(1) 2043/     A00 :                     
(1) 2044/     A00 :                     ; --------------------------------
(1) 2045/     A00 :                     ; FM3 special
(1) 2046/     A00 :                     ; --------------------------------
(1) 2047/     A00 :                     
(1) 2048/     A00 :                     ; TODO: Do to PAL freq increment
(1) 2049/     A00 :                     
(1) 2050/     A00 :                     .mk_fm_sp:
(1) 2051/     A00 : 0E 02               		ld	c,010b			; ** FM3 special ID
(1) 2052/     A02 : 78                  		ld	a,b			; New NOTE and/or INS?
(1) 2053/     A03 : E6 03               		and	0011b
(1) 2054/     A05 : CA 9B 0A            		jp	z,.mkfm_set		; Process only
(1) 2055/     A08 : DD 7E 02            		ld	a,(ix+chnl_Note)
(1) 2056/     A0B : B7                  		or	a
(1) 2057/     A0C : C8                  		ret	z
(1) 2058/     A0D : FE FE               		cp	-2
(1) 2059/     A0F : CA 59 0A            		jp	z,.fm_cut
(1) 2060/     A12 : FE FF               		cp	-1
(1) 2061/     A14 : CA 50 0A            		jp	z,.fm_off
(1) 2062/     A17 : CD 65 0A            		call	.fm_keyoff
(1) 2063/     A1A : CF                  		rst	8
(1) 2064/     A1B : 21 AE 15            		ld	hl,fmcach_3		; DIRECT point to FM3 data
(1) 2065/     A1E : 11 20 00            		ld	de,20h			; point to regs
(1) 2066/     A21 : 19                  		add	hl,de
(1) 2067/     A22 : DD E5               		push	ix
(1) 2068/     A24 : DD 21 48 0A         		ld	ix,.this_regs
(1) 2069/     A28 : 06 08               		ld	b,8
(1) 2070/     A2A :                     .wr_spc:
(1) 2071/     A2A : DD 56 00            		ld	d,(ix)			; Manually write the FM3 freqs
(1) 2072/     A2D : 5E                  		ld	e,(hl)
(1) 2073/     A2E : CD CC 11            		call	fm_send_1
(1) 2074/     A31 : CF                  		rst	8
(1) 2075/     A32 : 23                  		inc	hl
(1) 2076/     A33 : DD 23               		inc	ix
(1) 2077/     A35 : 10 F3               		djnz	.wr_spc
(1) 2078/     A37 : DD E1               		pop	ix
(1) 2079/     A39 : CD 9B 0A            		call	.mkfm_set
(1) 2080/     A3C : 11 40 27            		ld	de,2740h		; Turn FM3 Special mode
(1) 2081/     A3F : CD CC 11            		call	fm_send_1
(1) 2082/     A42 : 3E 01               		ld	a,1
(1) 2083/     A44 : 32 30 00            		ld	(fmSpecial),a
(1) 2084/     A47 : C9                  		ret
(1) 2085/     A48 :                     .this_regs:
(1) 2086/     A48 : AD A9               		db 0ADh,0A9h
(1) 2087/     A4A : AC A8               		db 0ACh,0A8h
(1) 2088/     A4C : AE AA               		db 0AEh,0AAh
(1) 2089/     A4E : A6 A2               		db 0A6h,0A2h
(1) 2090/     A50 :                     
(1) 2091/     A50 :                     ; ----------------------------------------
(1) 2092/     A50 :                     
(1) 2093/     A50 :                     .fm_off:
(1) 2094/     A50 : CD 84 0A            		call	.fm_clrrsave
(1) 2095/     A53 : CD 65 0A            		call	.fm_keyoff
(1) 2096/     A56 : C3 04 0F            		jp	.chnl_ulnk
(1) 2097/     A59 :                     .fm_cut:
(1) 2098/     A59 : CD 84 0A            		call	.fm_clrrsave
(1) 2099/     A5C : CD 65 0A            		call	.fm_keyoff
(1) 2100/     A5F : CD 6D 0A            		call	.fm_tloff
(1) 2101/     A62 : C3 04 0F            		jp	.chnl_ulnk
(1) 2102/     A65 :                     
(1) 2103/     A65 :                     ; ----------------------------------------
(1) 2104/     A65 :                     ; iy - current FM table
(1) 2105/     A65 :                     
(1) 2106/     A65 :                     .fm_keyoff:
(1) 2107/     A65 : 16 28               		ld	d,28h
(1) 2108/     A67 : FD 5E 03            		ld	e,(iy+ztbl_Chip)
(1) 2109/     A6A : C3 CC 11            		jp	fm_send_1
(1) 2110/     A6D :                     
(1) 2111/     A6D :                     .fm_tloff:
(1) 2112/     A6D : 06 04               		ld	b,4
(1) 2113/     A6F : FD 4E 03            		ld	c,(iy+ztbl_Chip)
(1) 2114/     A72 : 79                  		ld	a,c
(1) 2115/     A73 : E6 03               		and	011b
(1) 2116/     A75 : F6 40               		or	40h		; TL regs
(1) 2117/     A77 : 1E 7F               		ld	e,7Fh
(1) 2118/     A79 :                     .tl_down:
(1) 2119/     A79 : 57                  		ld	d,a
(1) 2120/     A7A :                     		; e - 7Fh
(1) 2121/     A7A : CD C8 11            		call	fm_autoreg
(1) 2122/     A7D : CF                  		rst	8
(1) 2123/     A7E : 7A                  		ld	a,d
(1) 2124/     A7F : C6 04               		add	a,4
(1) 2125/     A81 : 10 F6               		djnz	.tl_down
(1) 2126/     A83 : C9                  		ret
(1) 2127/     A84 :                     
(1) 2128/     A84 :                     .fm_clrrsave:
(1) 2129/     A84 : FD 7E 03            		ld	a,(iy+ztbl_Chip)
(1) 2130/     A87 : E6 07               		and	0111b
(1) 2131/     A89 : 87                  		add	a,a
(1) 2132/     A8A : 87                  		add	a,a
(1) 2133/     A8B : 21 4E 16            		ld	hl,fmlist_rsave
(1) 2134/     A8E : 16 00               		ld	d,0
(1) 2135/     A90 : 5F                  		ld	e,a
(1) 2136/     A91 : 19                  		add	hl,de
(1) 2137/     A92 : 36 00               		ld	(hl),0
(1) 2138/     A94 : 23                  		inc	hl
(1) 2139/     A95 : 36 00               		ld	(hl),0
(1) 2140/     A97 : 23                  		inc	hl
(1) 2141/     A98 : 36 00               		ld	(hl),0
(1) 2142/     A9A : C9                  		ret
(1) 2143/     A9B :                     
(1) 2144/     A9B :                     ; ----------------------------------------
(1) 2145/     A9B :                     
(1) 2146/     A9B :                     .mkfm_set:
(1) 2147/     A9B : FD 7E 03            		ld	a,(iy+ztbl_Chip)
(1) 2148/     A9E : CD A4 0B            		call	.get_fmcach
(1) 2149/     AA1 : E5                  		push	hl			; Save TOP
(1) 2150/     AA2 : 11 1C 00            		ld	de,1Ch			; Go to 1Ch (regs B0, B4...)
(1) 2151/     AA5 : 19                  		add	hl,de
(1) 2152/     AA6 : 46                  		ld	b,(hl)			; b - 0B0h algorithm
(1) 2153/     AA7 : E1                  		pop	hl			; Recover TOP
(1) 2154/     AA8 : CF                  		rst	8
(1) 2155/     AA9 : FD 4E 03            		ld	c,(iy+ztbl_Chip)
(1) 2156/     AAC : 79                  		ld	a,c
(1) 2157/     AAD : E6 03               		and	011b
(1) 2158/     AAF : F6 30               		or	30h			; Start at reg 30h
(1) 2159/     AB1 : 57                  		ld	d,a
(1) 2160/     AB2 :                     	; hl - reg data
(1) 2161/     AB2 :                     	; b  - 0B0h algorithm
(1) 2162/     AB2 :                     	;  c - current FM channel 0-6
(1) 2163/     AB2 :                     	; d  - Starting FM reg
(1) 2164/     AB2 : CD 04 0B            		call	.mkfm_wregs		; 30h+
(1) 2165/     AB5 : CD 2D 0B            		call	.mkfm_tlvol		; 40h+
(1) 2166/     AB8 : CD 04 0B            		call	.mkfm_wregs		; 50h+
(1) 2167/     ABB : CD 04 0B            		call	.mkfm_wregs		; 60h+
(1) 2168/     ABE : CD 04 0B            		call	.mkfm_wregs		; 70h+
(1) 2169/     AC1 : CD 04 0B            		call	.mkfm_wregs		; 80h+
(1) 2170/     AC4 : CD 04 0B            		call	.mkfm_wregs		; 90h+
(1) 2171/     AC7 : 78                  		ld	a,b			; 0B0h algorithm
(1) 2172/     AC8 : 23                  		inc	hl
(1) 2173/     AC9 : 5F                  		ld	e,a
(1) 2174/     ACA : 79                  		ld	a,c
(1) 2175/     ACB : E6 03               		and	011b
(1) 2176/     ACD : F6 B0               		or	0B0h
(1) 2177/     ACF : 57                  		ld	d,a
(1) 2178/     AD0 : CD C8 11            		call	fm_autoreg		; Write algorithm
(1) 2179/     AD3 : CF                  		rst	8
(1) 2180/     AD4 : DD 7E 00            		ld	a,(ix+chnl_Flags)	; Read panning bits
(1) 2181/     AD7 : 2F                  		cpl				; REVERSE bits
(1) 2182/     AD8 : E6 30               		and	00110000b
(1) 2183/     ADA : 07                  		rlca				; << 2
(1) 2184/     ADB : 07                  		rlca
(1) 2185/     ADC : 5F                  		ld	e,a			; save as e
(1) 2186/     ADD : 7E                  		ld	a,(hl)			; 0B4h %00aa0ppp
(1) 2187/     ADE : 23                  		inc	hl
(1) 2188/     ADF : E6 3F               		and	00111111b
(1) 2189/     AE1 : B3                  		or	e			; Merge panning
(1) 2190/     AE2 : 5F                  		ld	e,a
(1) 2191/     AE3 : 79                  		ld	a,c
(1) 2192/     AE4 : CF                  		rst	8
(1) 2193/     AE5 : E6 03               		and	011b
(1) 2194/     AE7 : F6 B4               		or	0B4h
(1) 2195/     AE9 : 57                  		ld	d,a
(1) 2196/     AEA : CD C8 11            		call	fm_autoreg
(1) 2197/     AED : 7E                  		ld	a,(hl)			; 022h
(1) 2198/     AEE : 23                  		inc	hl
(1) 2199/     AEF : CB 5F               		bit	3,a			; Intrument wants LFO?
(1) 2200/     AF1 : 28 06               		jr	z,.no_lfo
(1) 2201/     AF3 : 5F                  		ld	e,a
(1) 2202/     AF4 : 16 22               		ld	d,22h
(1) 2203/     AF6 : CD CC 11            		call	fm_send_1
(1) 2204/     AF9 :                     .no_lfo:
(1) 2205/     AF9 :                     
(1) 2206/     AF9 :                     
(1) 2207/     AF9 : CF                  		rst	8
(1) 2208/     AFA : 7E                  		ld	a,(hl)			; 028h
(1) 2209/     AFB : E6 F0               		and	11110000b
(1) 2210/     AFD : B1                  		or	c			; Merge FM channel
(1) 2211/     AFE : 5F                  		ld	e,a
(1) 2212/     AFF : 16 28               		ld	d,28h
(1) 2213/     B01 : C3 CC 11            		jp	fm_send_1		; Set keys
(1) 2214/     B04 :                     
(1) 2215/     B04 :                     ; ----------------------------------------
(1) 2216/     B04 :                     
(1) 2217/     B04 :                     .mkfm_wregs:
(1) 2218/     B04 : CF                  		rst	8
(1) 2219/     B05 : 5E                  		ld	e,(hl)
(1) 2220/     B06 : 23                  		inc	hl
(1) 2221/     B07 : CD C8 11            		call	fm_autoreg
(1) 2222/     B0A : 14                  		inc	d
(1) 2223/     B0B : 14                  		inc	d
(1) 2224/     B0C : 14                  		inc	d
(1) 2225/     B0D : 14                  		inc	d
(1) 2226/     B0E : 5E                  		ld	e,(hl)
(1) 2227/     B0F : 23                  		inc	hl
(1) 2228/     B10 : CF                  		rst	8
(1) 2229/     B11 : CD C8 11            		call	fm_autoreg
(1) 2230/     B14 : 14                  		inc	d
(1) 2231/     B15 : 14                  		inc	d
(1) 2232/     B16 : 14                  		inc	d
(1) 2233/     B17 : 14                  		inc	d
(1) 2234/     B18 : 5E                  		ld	e,(hl)
(1) 2235/     B19 : 23                  		inc	hl
(1) 2236/     B1A : CD C8 11            		call	fm_autoreg
(1) 2237/     B1D : 14                  		inc	d
(1) 2238/     B1E : CF                  		rst	8
(1) 2239/     B1F : 14                  		inc	d
(1) 2240/     B20 : 14                  		inc	d
(1) 2241/     B21 : 14                  		inc	d
(1) 2242/     B22 : 5E                  		ld	e,(hl)
(1) 2243/     B23 : 23                  		inc	hl
(1) 2244/     B24 : CD C8 11            		call	fm_autoreg
(1) 2245/     B27 : 14                  		inc	d
(1) 2246/     B28 : 14                  		inc	d
(1) 2247/     B29 : 14                  		inc	d
(1) 2248/     B2A : 14                  		inc	d
(1) 2249/     B2B : CF                  		rst	8
(1) 2250/     B2C : C9                  		ret
(1) 2251/     B2D :                     
(1) 2252/     B2D :                     ; ----------------------------------------
(1) 2253/     B2D :                     ; Write 40+ TL w/volume
(1) 2254/     B2D :                     
(1) 2255/     B2D :                     ; hl - TL reg data
(1) 2256/     B2D :                     ; b - current 0B0h
(1) 2257/     B2D :                     ; d - 40h+
(1) 2258/     B2D :                     
(1) 2259/     B2D :                     .mkfm_tlvol:
(1) 2260/     B2D : 78                  		ld	a,b			; Read 0B0h copy
(1) 2261/     B2E : C5                  		push	bc
(1) 2262/     B2F : E5                  		push	hl
(1) 2263/     B30 : 21 9C 0B            		ld	hl,.fm_cindx		; hl - jump carry list
(1) 2264/     B33 : E6 07               		and	0111b
(1) 2265/     B35 : 06 00               		ld	b,0
(1) 2266/     B37 : 4F                  		ld	c,a
(1) 2267/     B38 : 09                  		add	hl,bc
(1) 2268/     B39 : CF                  		rst	8
(1) 2269/     B3A : FD 7E 07            		ld	a,(iy+ztbl_Volume)	; Read current Volume
(1) 2270/     B3D : FD 96 08            		sub	a,(iy+ztbl_VolSlide)
(1) 2271/     B40 : FD 96 04            		sub	a,(iy+ztbl_MasterVol)	; + MASTER vol
(1) 2272/     B43 : 4F                  		ld	c,a			; c - Current Volume
(1) 2273/     B44 : 46                  		ld	b,(hl)			; b - Current jump-carry byte
(1) 2274/     B45 : E1                  		pop	hl
(1) 2275/     B46 : CB 08               		rrc	b			; OP1
(1) 2276/     B48 : DC 7F 0B            		call	c,.write_tl
(1) 2277/     B4B : D4 91 0B            		call	nc,.write_ntl
(1) 2278/     B4E : 23                  		inc	hl
(1) 2279/     B4F : 14                  		inc	d
(1) 2280/     B50 : 14                  		inc	d
(1) 2281/     B51 : CF                  		rst	8
(1) 2282/     B52 : 14                  		inc	d
(1) 2283/     B53 : 14                  		inc	d
(1) 2284/     B54 : CB 08               		rrc	b			; OP2
(1) 2285/     B56 : DC 7F 0B            		call	c,.write_tl
(1) 2286/     B59 : D4 91 0B            		call	nc,.write_ntl
(1) 2287/     B5C : 23                  		inc	hl
(1) 2288/     B5D : 14                  		inc	d
(1) 2289/     B5E : 14                  		inc	d
(1) 2290/     B5F : 14                  		inc	d
(1) 2291/     B60 : 14                  		inc	d
(1) 2292/     B61 : CB 08               		rrc	b			; OP3
(1) 2293/     B63 : DC 7F 0B            		call	c,.write_tl
(1) 2294/     B66 : D4 91 0B            		call	nc,.write_ntl
(1) 2295/     B69 : 23                  		inc	hl
(1) 2296/     B6A : CF                  		rst	8
(1) 2297/     B6B : 14                  		inc	d
(1) 2298/     B6C : 14                  		inc	d
(1) 2299/     B6D : 14                  		inc	d
(1) 2300/     B6E : 14                  		inc	d
(1) 2301/     B6F : CB 08               		rrc	b			; OP4
(1) 2302/     B71 : DC 7F 0B            		call	c,.write_tl
(1) 2303/     B74 : D4 91 0B            		call	nc,.write_ntl
(1) 2304/     B77 : 23                  		inc	hl
(1) 2305/     B78 : 14                  		inc	d
(1) 2306/     B79 : 14                  		inc	d
(1) 2307/     B7A : 14                  		inc	d
(1) 2308/     B7B : 14                  		inc	d
(1) 2309/     B7C : CF                  		rst	8
(1) 2310/     B7D : C1                  		pop	bc
(1) 2311/     B7E : C9                  		ret
(1) 2312/     B7F :                     
(1) 2313/     B7F :                     ; --------------------------------
(1) 2314/     B7F :                     
(1) 2315/     B7F :                     .write_tl:
(1) 2316/     B7F : 7E                  		ld	a,(hl)
(1) 2317/     B80 : 91                  		sub	a,c			; reg - volume
(1) 2318/     B81 : F2 86 0B            		jp	p,.keep_tlmx
(1) 2319/     B84 : 3E 7F               		ld	a,7Fh			; <-- maximum TL
(1) 2320/     B86 :                     .keep_tlmx:
(1) 2321/     B86 : C5                  		push	bc
(1) 2322/     B87 : 5F                  		ld	e,a
(1) 2323/     B88 : FD 4E 03            		ld	c,(iy+ztbl_Chip)
(1) 2324/     B8B : CD C8 11            		call	fm_autoreg
(1) 2325/     B8E : CF                  		rst	8
(1) 2326/     B8F : C1                  		pop	bc
(1) 2327/     B90 : C9                  		ret
(1) 2328/     B91 :                     
(1) 2329/     B91 :                     .write_ntl:
(1) 2330/     B91 : C5                  		push	bc
(1) 2331/     B92 : 5E                  		ld	e,(hl)
(1) 2332/     B93 : FD 4E 03            		ld	c,(iy+ztbl_Chip)
(1) 2333/     B96 : CD C8 11            		call	fm_autoreg
(1) 2334/     B99 : CF                  		rst	8
(1) 2335/     B9A : C1                  		pop	bc
(1) 2336/     B9B : C9                  		ret
(1) 2337/     B9C :                     
(1) 2338/     B9C :                     ; --------------------------------
(1) 2339/     B9C :                     ; Jump carry list
(1) 2340/     B9C :                     .fm_cindx:
(1) 2341/     B9C : 08                  		db 1000b
(1) 2342/     B9D : 08                  		db 1000b
(1) 2343/     B9E : 08                  		db 1000b
(1) 2344/     B9F : 08                  		db 1000b
(1) 2345/     BA0 : 0C                  		db 1100b
(1) 2346/     BA1 : 0E                  		db 1110b
(1) 2347/     BA2 : 0E                  		db 1110b
(1) 2348/     BA3 : 0F                  		db 1111b
(1) 2349/     BA4 :                     
(1) 2350/     BA4 :                     ; --------------------------------
(1) 2351/     BA4 :                     ; Input:
(1) 2352/     BA4 :                     ; a - FM id (0-2,4-6)
(1) 2353/     BA4 :                     ;
(1) 2354/     BA4 :                     ; Ouput:
(1) 2355/     BA4 :                     ; hl - instrument data
(1) 2356/     BA4 :                     ;
(1) 2357/     BA4 :                     ; Uses:
(1) 2358/     BA4 :                     ; de
(1) 2359/     BA4 :                     ; --------------------------------
(1) 2360/     BA4 :                     
(1) 2361/     BA4 :                     .get_fmcach:
(1) 2362/     BA4 : 21 9F 17            		ld	hl,fmcach_list
(1) 2363/     BA7 : E6 07               		and	0111b
(1) 2364/     BA9 : 16 00               		ld	d,0
(1) 2365/     BAB : 87                  		add	a,a
(1) 2366/     BAC : 5F                  		ld	e,a
(1) 2367/     BAD : CF                  		rst	8
(1) 2368/     BAE : 19                  		add	hl,de
(1) 2369/     BAF : 7E                  		ld	a,(hl)
(1) 2370/     BB0 : 23                  		inc	hl
(1) 2371/     BB1 : 66                  		ld	h,(hl)
(1) 2372/     BB2 : 6F                  		ld	l,a
(1) 2373/     BB3 : C9                  		ret
(1) 2374/     BB4 :                     
(1) 2375/     BB4 :                     ; --------------------------------
(1) 2376/     BB4 :                     ; DAC
(1) 2377/     BB4 :                     ; --------------------------------
(1) 2378/     BB4 :                     
(1) 2379/     BB4 :                     .mk_dac:
(1) 2380/     BB4 : 78                  		ld	a,b
(1) 2381/     BB5 : E6 03               		and	0011b
(1) 2382/     BB7 : 28 21               		jr	z,.dac_proc
(1) 2383/     BB9 : DD 7E 02            		ld	a,(ix+chnl_Note)
(1) 2384/     BBC : B7                  		or	a
(1) 2385/     BBD : C8                  		ret	z
(1) 2386/     BBE : FE FE               		cp	-2
(1) 2387/     BC0 : CA CE 0B            		jp	z,.dac_cut
(1) 2388/     BC3 : FE FF               		cp	-1
(1) 2389/     BC5 : CA D4 0B            		jp	z,.dac_off
(1) 2390/     BC8 : CD DA 0B            		call	.dac_proc
(1) 2391/     BCB : C3 0C 12            		jp	dac_play
(1) 2392/     BCE :                     .dac_cut:
(1) 2393/     BCE : CD F7 11            		call	dac_off
(1) 2394/     BD1 : C3 04 0F            		jp	.chnl_ulnk
(1) 2395/     BD4 :                     .dac_off:
(1) 2396/     BD4 : CD F7 11            		call	dac_off
(1) 2397/     BD7 : C3 04 0F            		jp	.chnl_ulnk
(1) 2398/     BDA :                     .dac_proc:
(1) 2399/     BDA : 16 00               		ld	d,0			; Freq index
(1) 2400/     BDC : FD 5E 05            		ld	e,(iy+ztbl_FreqIndx)
(1) 2401/     BDF : 21 88 13            		ld	hl,wavFreq_List-(2*36)
(1) 2402/     BE2 : 19                  		add	hl,de
(1) 2403/     BE3 : 7E                  		ld	a,(hl)
(1) 2404/     BE4 : 23                  		inc	hl
(1) 2405/     BE5 : 66                  		ld	h,(hl)
(1) 2406/     BE6 : 6F                  		ld	l,a
(1) 2407/     BE7 : FD 5E 06            		ld	e,(iy+ztbl_PitchBend)	; pitchbend
(1) 2408/     BEA : CF                  		rst	8
(1) 2409/     BEB : AF                  		xor	a			; Clear high
(1) 2410/     BEC : 3F                  		ccf				; Clear carry
(1) 2411/     BED : CB 23               		sla	e			; << 1
(1) 2412/     BEF : 9F                  		sbc	a,a			; Get carry MSB
(1) 2413/     BF0 : 57                  		ld	d,a
(1) 2414/     BF1 : 19                  		add	hl,de
(1) 2415/     BF2 : 22 F3 1C            		ld	(wave_Pitch),hl
(1) 2416/     BF5 : D9                  		exx				; *
(1) 2417/     BF6 : ED 5B F3 1C         		ld	de,(wave_Pitch)		; *
(1) 2418/     BFA : D9                  		exx				; *
(1) 2419/     BFB : DD 7E 00            		ld	a,(ix+chnl_Flags)	; Read panning
(1) 2420/     BFE : 2F                  		cpl				; REVERSE bits
(1) 2421/     BFF : E6 30               		and	00110000b
(1) 2422/     C01 : 07                  		rlca
(1) 2423/     C02 : 07                  		rlca
(1) 2424/     C03 : CF                  		rst	8
(1) 2425/     C04 : 5F                  		ld	e,a
(1) 2426/     C05 : 16 B6               		ld	d,0B6h			; Channel 6 panning
(1) 2427/     C07 : C3 D7 11            		jp	fm_send_2
(1) 2428/     C0A :                     
(1) 2429/     C0A :                     ; --------------------------------
(1) 2430/     C0A :                     ; PCM
(1) 2431/     C0A :                     ; --------------------------------
(1) 2432/     C0A :                     
(1) 2433/     C0A :                     .mk_pcm:
(1) 2511/     C0A : C9                  		ret
(1) 2513/     C0B :                     
(1) 2514/     C0B :                     ; --------------------------------
(1) 2515/     C0B :                     ; PWM
(1) 2516/     C0B :                     ; --------------------------------
(1) 2517/     C0B :                     
(1) 2518/     C0B :                     .mk_pwm:
(1) 2600/     C0B : C9                  		ret
(1) 2602/     C0C :                     
(1) 2603/     C0C :                     ; --------------------------------
(1) 2604/     C0C :                     ; SHARED routine
(1) 2605/     C0C :                     
(1) 2606/     C0C :                     .readfreq_pcm:
(1) 2607/     C0C : 21 EA 13            		ld	hl,wavFreq_CdPcm-(2*36)	; <-- one octave lower
(1) 2608/     C0F : 18 03               		jr	.set_wavfreq
(1) 2609/     C11 :                     .readfreq_pwm:
(1) 2610/     C11 : 21 88 13            		ld	hl,wavFreq_List-(2*36)
(1) 2611/     C14 :                     .set_wavfreq:
(1) 2612/     C14 : 16 00               		ld	d,0			; Freq index
(1) 2613/     C16 : FD 5E 05            		ld	e,(iy+ztbl_FreqIndx)
(1) 2614/     C19 : 19                  		add	hl,de
(1) 2615/     C1A : 7E                  		ld	a,(hl)
(1) 2616/     C1B : 23                  		inc	hl
(1) 2617/     C1C : 66                  		ld	h,(hl)
(1) 2618/     C1D : 6F                  		ld	l,a
(1) 2619/     C1E : FD 5E 06            		ld	e,(iy+ztbl_PitchBend)	; pitchbend
(1) 2620/     C21 : CF                  		rst	8
(1) 2621/     C22 : AF                  		xor	a			; Clear high
(1) 2622/     C23 : 3F                  		ccf				; Clear carry
(1) 2623/     C24 : CB 23               		sla	e			; Get carry MSB
(1) 2624/     C26 : 9F                  		sbc	a,a			; -1 if carry is set
(1) 2625/     C27 : 57                  		ld	d,a
(1) 2626/     C28 : 19                  		add	hl,de
(1) 2627/     C29 : C9                  		ret
(1) 2628/     C2A :                     
(1) 2629/     C2A :                     ; ----------------------------------------
(1) 2630/     C2A :                     ; NEW effect
(1) 2631/     C2A :                     ; ----------------------------------------
(1) 2632/     C2A :                     
(1) 2633/     C2A :                     .effc:
(1) 2634/     C2A : DD 5E 06            		ld	e,(ix+chnl_EffArg)	; e - effect data
(1) 2635/     C2D : DD 7E 05            		ld	a,(ix+chnl_EffId)	; d - effect id
(1) 2636/     C30 : 57                  		ld	d,a
(1) 2637/     C31 : CF                  		rst	8
(1) 2638/     C32 : FE 04               		cp	4			; Effect D?
(1) 2639/     C34 : 28 0F               		jr	z,.effc_D
(1) 2640/     C36 : FE 05               		cp	5			; Effect E?
(1) 2641/     C38 : 28 44               		jr	z,.effc_E
(1) 2642/     C3A : FE 06               		cp	6			; Effect F?
(1) 2643/     C3C : 28 4F               		jr	z,.effc_F
(1) 2644/     C3E : CF                  		rst	8
(1) 2645/     C3F : FE 18               		cp	24			; Effect X?
(1) 2646/     C41 : CA 9E 0C            		jp	z,.effc_X
(1) 2647/     C44 : C9                  		ret
(1) 2648/     C45 :                     
(1) 2649/     C45 :                     ; ----------------------------------------
(1) 2650/     C45 :                     ; Effect D: Volume slide up/down
(1) 2651/     C45 :                     ;
(1) 2652/     C45 :                     ; 00h - DON'T USE HERE
(1) 2653/     C45 :                     ;       (Original: Keep effect)
(1) 2654/     C45 :                     ; 0xh - Slide down normal
(1) 2655/     C45 :                     ; Fxh - Slide down fine
(1) 2656/     C45 :                     ; xFh - Slide up normal
(1) 2657/     C45 :                     ; x0h - Slide up fine
(1) 2658/     C45 :                     ; ----------------------------------------
(1) 2659/     C45 :                     
(1) 2660/     C45 :                     .effc_D:
(1) 2661/     C45 : 7B                  		ld	a,e
(1) 2662/     C46 : 0F                  		rrca
(1) 2663/     C47 : 0F                  		rrca
(1) 2664/     C48 : 0F                  		rrca
(1) 2665/     C49 : 0F                  		rrca
(1) 2666/     C4A : E6 0F               		and	0Fh
(1) 2667/     C4C : 4F                  		ld	c,a
(1) 2668/     C4D :                     	; e - DOWN value: ????dddd
(1) 2669/     C4D :                     	; c - UP value:   0000uuuu
(1) 2670/     C4D :                     
(1) 2671/     C4D : 7B                  		ld	a,e
(1) 2672/     C4E : B7                  		or	a
(1) 2673/     C4F : C8                  		ret	z
(1) 2674/     C50 : E6 F0               		and	0F0h		; 0Xh
(1) 2675/     C52 : 28 1D               		jr	z,.D_down
(1) 2676/     C54 : FE F0               		cp	0F0h		; FXh
(1) 2677/     C56 : 28 14               		jr	z,.D_downhf
(1) 2678/     C58 : 7B                  		ld	a,e
(1) 2679/     C59 : E6 0F               		and	00Fh		; X0h
(1) 2680/     C5B : 28 06               		jr	z,.D_up
(1) 2681/     C5D : FE 0F               		cp	00Fh		; XFh
(1) 2682/     C5F : C0                  		ret	nz
(1) 2683/     C60 :                     ; 		jr	z,.D_uphf
(1) 2684/     C60 :                     ; Go UP
(1) 2685/     C60 :                     .D_uphf:
(1) 2686/     C60 : 79                  		ld	a,c
(1) 2687/     C61 : 18 02               		jr	.setefU_D
(1) 2688/     C63 :                     .D_up:
(1) 2689/     C63 : 79                  		ld	a,c
(1) 2690/     C64 : 87                  		add	a,a
(1) 2691/     C65 :                     .setefU_D:
(1) 2692/     C65 : 5F                  		ld	e,a
(1) 2693/     C66 : FD 7E 08            		ld	a,(iy+ztbl_VolSlide)
(1) 2694/     C69 : 93                  		sub	a,e
(1) 2695/     C6A : 18 0E               		jr	.setef_mcD
(1) 2696/     C6C :                     ; Go DOWN
(1) 2697/     C6C :                     .D_downhf:
(1) 2698/     C6C : 7B                  		ld	a,e
(1) 2699/     C6D : E6 0F               		and	0Fh
(1) 2700/     C6F : 18 04               		jr	.setef_D
(1) 2701/     C71 :                     .D_down:
(1) 2702/     C71 : 7B                  		ld	a,e
(1) 2703/     C72 : E6 0F               		and	0Fh
(1) 2704/     C74 : 87                  		add	a,a
(1) 2705/     C75 :                     .setef_D:
(1) 2706/     C75 : 5F                  		ld	e,a
(1) 2707/     C76 : FD 7E 08            		ld	a,(iy+ztbl_VolSlide)
(1) 2708/     C79 : 83                  		add	a,e
(1) 2709/     C7A :                     ; 		jr	.setef_mcD
(1) 2710/     C7A :                     
(1) 2711/     C7A :                     ; Write slide
(1) 2712/     C7A :                     .setef_mcD:
(1) 2713/     C7A : FD 77 08            		ld	(iy+ztbl_VolSlide),a
(1) 2714/     C7D : C9                  		ret
(1) 2715/     C7E :                     
(1) 2716/     C7E :                     ; ----------------------------------------
(1) 2717/     C7E :                     ; Effect E
(1) 2718/     C7E :                     ; ----------------------------------------
(1) 2719/     C7E :                     
(1) 2720/     C7E :                     .effc_E:
(1) 2721/     C7E : 7B                  		ld	a,e
(1) 2722/     C7F : E6 F0               		and	0F0h
(1) 2723/     C81 : FE F0               		cp	0F0h
(1) 2724/     C83 : C8                  		ret	z
(1) 2725/     C84 : FE E0               		cp	0E0h
(1) 2726/     C86 : C8                  		ret	z
(1) 2727/     C87 : CF                  		rst	8
(1) 2728/     C88 : 7B                  		ld	a,e
(1) 2729/     C89 : ED 44               		neg	a
(1) 2730/     C8B : 18 0B               		jr	.wrt_EF
(1) 2731/     C8D :                     
(1) 2732/     C8D :                     ; ----------------------------------------
(1) 2733/     C8D :                     ; Effect F
(1) 2734/     C8D :                     ; ----------------------------------------
(1) 2735/     C8D :                     
(1) 2736/     C8D :                     .effc_F:
(1) 2737/     C8D : 7B                  		ld	a,e
(1) 2738/     C8E : E6 F0               		and	0F0h
(1) 2739/     C90 : FE F0               		cp	0F0h
(1) 2740/     C92 : C8                  		ret	z
(1) 2741/     C93 : FE E0               		cp	0E0h
(1) 2742/     C95 : C8                  		ret	z
(1) 2743/     C96 : CF                  		rst	8
(1) 2744/     C97 : 7B                  		ld	a,e
(1) 2745/     C98 :                     .wrt_EF:
(1) 2746/     C98 : 87                  		add	a,a
(1) 2747/     C99 : 87                  		add	a,a
(1) 2748/     C9A : FD 77 06            		ld	(iy+ztbl_PitchBend),a
(1) 2749/     C9D : C9                  		ret
(1) 2750/     C9E :                     
(1) 2751/     C9E :                     ; ----------------------------------------
(1) 2752/     C9E :                     ; Effect X
(1) 2753/     C9E :                     ;
(1) 2754/     C9E :                     ; Common panning values:
(1) 2755/     C9E :                     ;  00h LEFT
(1) 2756/     C9E :                     ;  80h MIDDLE
(1) 2757/     C9E :                     ; 0FFh RIGHT
(1) 2758/     C9E :                     ; ----------------------------------------
(1) 2759/     C9E :                     
(1) 2760/     C9E :                     .effc_X:
(1) 2761/     C9E : 16 00               		ld	d,0
(1) 2762/     CA0 : 7E                  		ld	a,(hl)
(1) 2763/     CA1 : E6 F0               		and	11110000b
(1) 2764/     CA3 : FE 80               		cp	80h		; PSG?
(1) 2765/     CA5 : 28 19               		jr	z,.res_pan
(1) 2766/     CA7 : FE 90               		cp	90h		; PSGN?
(1) 2767/     CA9 : 28 15               		jr	z,.res_pan
(1) 2768/     CAB : FE D0               		cp	0D0h		; MCD: write separate PAN values
(1) 2769/     CAD : CC CA 0C            		call	z,.pan_mcd	; <-- CALL, not JP
(1) 2770/     CB0 :                     
(1) 2771/     CB0 :                     	; ----------------------------------------
(1) 2772/     CB0 :                     	; Common panning bits: %00LR0000
(1) 2773/     CB0 :                     	; (REVERSE: 0-on 1-off)
(1) 2774/     CB0 : CF                  		rst	8
(1) 2775/     CB1 : E5                  		push	hl
(1) 2776/     CB2 : 21 ED 0C            		ld	hl,.comn_panlist
(1) 2777/     CB5 : 7B                  		ld	a,e
(1) 2778/     CB6 : 07                  		rlca
(1) 2779/     CB7 : 07                  		rlca
(1) 2780/     CB8 : 07                  		rlca
(1) 2781/     CB9 : E6 07               		and	0111b
(1) 2782/     CBB :                     ; 		ld	d,0
(1) 2783/     CBB : 5F                  		ld	e,a
(1) 2784/     CBC : CF                  		rst	8
(1) 2785/     CBD : 19                  		add	hl,de
(1) 2786/     CBE : 56                  		ld	d,(hl)
(1) 2787/     CBF : E1                  		pop	hl
(1) 2788/     CC0 :                     .res_pan:
(1) 2789/     CC0 : DD 7E 00            		ld	a,(ix+chnl_Flags)	; Save panning
(1) 2790/     CC3 : E6 CF               		and	11001111b
(1) 2791/     CC5 : B2                  		or	d
(1) 2792/     CC6 : DD 77 00            		ld	(ix+chnl_Flags),a
(1) 2793/     CC9 : C9                  		ret
(1) 2794/     CCA :                     
(1) 2795/     CCA :                     	; ----------------------------------------
(1) 2796/     CCA :                     	; MCD panning
(1) 2797/     CCA :                     .pan_mcd:
(1) 2798/     CCA : E5                  		push	hl
(1) 2799/     CCB : D5                  		push	de
(1) 2800/     CCC : 16 00               		ld	d,0
(1) 2801/     CCE : 21 F5 0C            		ld	hl,.pcm_panlist
(1) 2802/     CD1 : 7B                  		ld	a,e
(1) 2803/     CD2 : E6 F8               		and	0F8h
(1) 2804/     CD4 : 0F                  		rrca
(1) 2805/     CD5 : 0F                  		rrca
(1) 2806/     CD6 : 0F                  		rrca
(1) 2807/     CD7 : 5F                  		ld	e,a
(1) 2808/     CD8 : 19                  		add	hl,de
(1) 2809/     CD9 : 7E                  		ld	a,(hl)
(1) 2810/     CDA : 21 CA 14            		ld	hl,pcmcom+32
(1) 2811/     CDD : 16 00               		ld	d,0
(1) 2812/     CDF : FD 5E 03            		ld	e,(iy+ztbl_Chip)
(1) 2813/     CE2 : 19                  		add	hl,de
(1) 2814/     CE3 : 2F                  		cpl
(1) 2815/     CE4 : 77                  		ld	(hl),a
(1) 2816/     CE5 : D1                  		pop	de
(1) 2817/     CE6 : E1                  		pop	hl
(1) 2818/     CE7 : 3E 01               		ld	a,1
(1) 2819/     CE9 : 32 A6 17            		ld	(mcdUpd),a
(1) 2820/     CEC : C9                  		ret
(1) 2821/     CED :                     
(1) 2822/     CED :                     ; 0 - ENABLE, 1 - DISABLE
(1) 2823/     CED :                     ; 00LR0000b
(1) 2824/     CED :                     .comn_panlist:
(1) 2825/     CED : 10                  		db 00010000b
(1) 2826/     CEE : 10                  		db 00010000b
(1) 2827/     CEF : 10                  		db 00010000b
(1) 2828/     CF0 : 00                  		db 00000000b
(1) 2829/     CF1 : 00                  		db 00000000b
(1) 2830/     CF2 : 20                  		db 00100000b
(1) 2831/     CF3 : 20                  		db 00100000b
(1) 2832/     CF4 : 20                  		db 00100000b
(1) 2833/     CF5 :                     
(1) 2834/     CF5 :                     ; REVERSE OUTPUT BITS
(1) 2835/     CF5 :                     ; RRRR | LLLL
(1) 2836/     CF5 :                     .pcm_panlist:
(1) 2837/     CF5 : F0                  		db 0F0h	; 00h
(1) 2838/     CF6 : E0                  		db 0E0h
(1) 2839/     CF7 : D0                  		db 0D0h	; 10h
(1) 2840/     CF8 : C0                  		db 0C0h
(1) 2841/     CF9 : B0                  		db 0B0h	; 20h
(1) 2842/     CFA : A0                  		db 0A0h
(1) 2843/     CFB : 90                  		db 090h	; 30h
(1) 2844/     CFC : 80                  		db 080h
(1) 2845/     CFD : 70                  		db 070h	; 40h
(1) 2846/     CFE : 60                  		db 060h
(1) 2847/     CFF : 50                  		db 050h	; 50h
(1) 2848/     D00 : 40                  		db 040h
(1) 2849/     D01 : 30                  		db 030h	; 60h
(1) 2850/     D02 : 20                  		db 020h
(1) 2851/     D03 : 10                  		db 010h	; 70h
(1) 2852/     D04 : 00                  		db 000h
(1) 2853/     D05 : 00                  		db 000h ; 80h
(1) 2854/     D06 : 01                  		db 001h
(1) 2855/     D07 : 02                  		db 002h ; 90h
(1) 2856/     D08 : 03                  		db 003h
(1) 2857/     D09 : 04                  		db 004h ; A0h
(1) 2858/     D0A : 05                  		db 005h
(1) 2859/     D0B : 06                  		db 006h ; B0h
(1) 2860/     D0C : 07                  		db 007h
(1) 2861/     D0D : 08                  		db 008h ; C0h
(1) 2862/     D0E : 09                  		db 009h
(1) 2863/     D0F : 0A                  		db 00Ah ; D0h
(1) 2864/     D10 : 0B                  		db 00Bh
(1) 2865/     D11 : 0C                  		db 00Ch ; E0h
(1) 2866/     D12 : 0D                  		db 00Dh
(1) 2867/     D13 : 0E                  		db 00Eh ; F0h
(1) 2868/     D14 : 0F                  		db 00Fh
(1) 2869/     D15 :                     
(1) 2870/     D15 :                     ; ----------------------------------------
(1) 2871/     D15 :                     ; NEW volume
(1) 2872/     D15 :                     ; ----------------------------------------
(1) 2873/     D15 :                     
(1) 2874/     D15 :                     .volu:
(1) 2875/     D15 : DD 7E 04            		ld	a,(ix+chnl_Vol)
(1) 2876/     D18 : D6 40               		sub	a,64
(1) 2877/     D1A : FD 77 07            		ld	(iy+ztbl_Volume),a	; BASE volume
(1) 2878/     D1D : C9                  		ret
(1) 2879/     D1E :                     
(1) 2880/     D1E :                     ; ----------------------------------------
(1) 2881/     D1E :                     ; NEW instrument
(1) 2882/     D1E :                     ; ----------------------------------------
(1) 2883/     D1E :                     
(1) 2884/     D1E :                     .inst:
(1) 2885/     D1E : 7E                  		ld	a,(hl)
(1) 2886/     D1F : E6 F0               		and	11110000b
(1) 2887/     D21 : FE 80               		cp	080h
(1) 2888/     D23 : 28 24               		jr	z,.ins_psg
(1) 2889/     D25 : FE 90               		cp	090h
(1) 2890/     D27 : 28 1A               		jr	z,.ins_psgn
(1) 2891/     D29 : FE A0               		cp	0A0h
(1) 2892/     D2B : 28 52               		jr	z,.ins_fm
(1) 2893/     D2D : CF                  		rst	8
(1) 2894/     D2E : FE B0               		cp	0B0h
(1) 2895/     D30 : 28 4D               		jr	z,.ins_fm
(1) 2896/     D32 : FE C0               		cp	0C0h
(1) 2897/     D34 : CA DC 0D            		jp	z,.ins_dac
(1) 2898/     D37 : FE D0               		cp	0D0h
(1) 2899/     D39 : CA 30 0E            		jp	z,.ins_pcm
(1) 2900/     D3C : FE E0               		cp	0E0h
(1) 2901/     D3E : CA 6F 0E            		jp	z,.ins_pwm
(1) 2902/     D41 : CF                  		rst	8
(1) 2903/     D42 :                     .invl_ins:
(1) 2904/     D42 : C9                  		ret
(1) 2905/     D43 :                     
(1) 2906/     D43 :                     ; ----------------------------------------
(1) 2907/     D43 :                     ; PSG
(1) 2908/     D43 :                     
(1) 2909/     D43 :                     .ins_psgn:
(1) 2910/     D43 : 7E                  		ld	a,(hl)		; Grab noise setting
(1) 2911/     D44 : E6 07               		and	0111b
(1) 2912/     D46 : 32 2F 00            		ld	(psgHatMode),a	; ** GLOBAL SETTING
(1) 2913/     D49 :                     .ins_psg:
(1) 2914/     D49 : CF                  		rst	8
(1) 2915/     D4A : DD E5               		push	ix
(1) 2916/     D4C : E5                  		push	hl
(1) 2917/     D4D : 23                  		inc	hl		; Skip ID
(1) 2918/     D4E : DD 21 22 15         		ld	ix,psgcom	; Read psg control
(1) 2919/     D52 : FD 5E 03            		ld	e,(iy+ztbl_Chip)
(1) 2920/     D55 : 16 00               		ld	d,0
(1) 2921/     D57 : DD 19               		add	ix,de
(1) 2922/     D59 : 7E                  		ld	a,(hl)
(1) 2923/     D5A : CF                  		rst	8
(1) 2924/     D5B : 23                  		inc	hl
(1) 2925/     D5C : 7E                  		ld	a,(hl)
(1) 2926/     D5D : DD 77 24            		ld	(ix+ALV),a	; ALV
(1) 2927/     D60 : 23                  		inc	hl
(1) 2928/     D61 : 7E                  		ld	a,(hl)
(1) 2929/     D62 : DD 77 08            		ld	(ix+ATK),a	; ATK
(1) 2930/     D65 : 23                  		inc	hl
(1) 2931/     D66 : 7E                  		ld	a,(hl)
(1) 2932/     D67 : CF                  		rst	8
(1) 2933/     D68 : DD 77 10            		ld	(ix+SLV),a	; SLV
(1) 2934/     D6B : 23                  		inc	hl
(1) 2935/     D6C : 7E                  		ld	a,(hl)
(1) 2936/     D6D : DD 77 0C            		ld	(ix+DKY),a	; DKY
(1) 2937/     D70 : 23                  		inc	hl
(1) 2938/     D71 : 7E                  		ld	a,(hl)
(1) 2939/     D72 : DD 77 14            		ld	(ix+RRT),a	; RRT
(1) 2940/     D75 : 23                  		inc	hl
(1) 2941/     D76 : 7E                  		ld	a,(hl)
(1) 2942/     D77 : CF                  		rst	8
(1) 2943/     D78 : DD 77 2C            		ld	(ix+ARP),a	; ARP
(1) 2944/     D7B : E1                  		pop	hl
(1) 2945/     D7C : DD E1               		pop	ix
(1) 2946/     D7E : C9                  		ret
(1) 2947/     D7F :                     
(1) 2948/     D7F :                     ; ----------------------------------------
(1) 2949/     D7F :                     ; FM/FM3
(1) 2950/     D7F :                     
(1) 2951/     D7F :                     .ins_fm:
(1) 2952/     D7F : FD 7E 03            		ld	a,(iy+ztbl_Chip)
(1) 2953/     D82 : E6 07               		and	0111b
(1) 2954/     D84 : 16 00               		ld	d,0
(1) 2955/     D86 : 87                  		add	a,a
(1) 2956/     D87 : 5F                  		ld	e,a
(1) 2957/     D88 : DD E5               		push	ix
(1) 2958/     D8A : E5                  		push	hl
(1) 2959/     D8B : C5                  		push	bc
(1) 2960/     D8C : DD 21 9F 17         		ld	ix,fmcach_list
(1) 2961/     D90 : DD 19               		add	ix,de
(1) 2962/     D92 : CF                  		rst	8
(1) 2963/     D93 : DD 5E 00            		ld	e,(ix)
(1) 2964/     D96 : DD 23               		inc	ix
(1) 2965/     D98 : DD 56 00            		ld	d,(ix)
(1) 2966/     D9B :                     
(1) 2967/     D9B : DD 21 4E 16         		ld	ix,fmlist_rsave
(1) 2968/     D9F : FD 7E 03            		ld	a,(iy+ztbl_Chip)
(1) 2969/     DA2 : 87                  		add	a,a
(1) 2970/     DA3 : 87                  		add	a,a
(1) 2971/     DA4 : 06 00               		ld	b,0
(1) 2972/     DA6 : 4F                  		ld	c,a
(1) 2973/     DA7 : DD 09               		add	ix,bc
(1) 2974/     DA9 : 23                  		inc	hl			; Skip id and pitch
(1) 2975/     DAA : 23                  		inc	hl
(1) 2976/     DAB : 46                  		ld	b,(hl)
(1) 2977/     DAC : 23                  		inc	hl
(1) 2978/     DAD : 7E                  		ld	a,(hl)
(1) 2979/     DAE : 23                  		inc	hl
(1) 2980/     DAF : 6E                  		ld	l,(hl)
(1) 2981/     DB0 : 67                  		ld	h,a
(1) 2982/     DB1 :                     	;   ix - last MID and LOW bytes
(1) 2983/     DB1 :                     	;   de - current FM cache
(1) 2984/     DB1 :                     	; b,hl - 24-bit ROM address
(1) 2985/     DB1 : DD 7E 02            		ld	a,(ix+2)
(1) 2986/     DB4 : B8                  		cp	b
(1) 2987/     DB5 : 20 0E               		jr	nz,.new_romdat
(1) 2988/     DB7 : CF                  		rst	8
(1) 2989/     DB8 : DD 7E 01            		ld	a,(ix+1)
(1) 2990/     DBB : BC                  		cp	h
(1) 2991/     DBC : 20 07               		jr	nz,.new_romdat
(1) 2992/     DBE : DD 7E 00            		ld	a,(ix)
(1) 2993/     DC1 : BD                  		cp	l
(1) 2994/     DC2 : 28 13               		jr	z,.same_patch
(1) 2995/     DC4 : CF                  		rst	8
(1) 2996/     DC5 :                     .new_romdat:
(1) 2997/     DC5 : DD 70 02            		ld	(ix+2),b
(1) 2998/     DC8 : DD 74 01            		ld	(ix+1),h
(1) 2999/     DCB : DD 75 00            		ld	(ix),l
(1) 3000/     DCE : E7                  		rst	20h			; TODO
(1) 3001/     DCF : CF                  		rst	8
(1) 3002/     DD0 : 78                  		ld	a,b
(1) 3003/     DD1 : 01 28 00            		ld	bc,28h			; <- size
(1) 3004/     DD4 : CD AE 0F            		call	readRom			; *** ROM ACCESS ***
(1) 3005/     DD7 :                     .same_patch:
(1) 3006/     DD7 : C1                  		pop	bc
(1) 3007/     DD8 : E1                  		pop	hl
(1) 3008/     DD9 : DD E1               		pop	ix
(1) 3009/     DDB : C9                  		ret
(1) 3010/     DDC :                     
(1) 3011/     DDC :                     ; ----------------------------------------
(1) 3012/     DDC :                     
(1) 3013/     DDC :                     .ins_dac:
(1) 3014/     DDC : E5                  		push	hl
(1) 3015/     DDD : C5                  		push	bc
(1) 3016/     DDE : CD F7 11            		call	dac_off
(1) 3017/     DE1 : 7E                  		ld	a,(hl)
(1) 3018/     DE2 : E6 0F               		and	00001111b
(1) 3019/     DE4 : 32 F5 1C            		ld	(wave_Flags),a
(1) 3020/     DE7 : CF                  		rst	8
(1) 3021/     DE8 : 23                  		inc	hl
(1) 3022/     DE9 : 23                  		inc	hl
(1) 3023/     DEA : 5E                  		ld	e,(hl)
(1) 3024/     DEB : 23                  		inc	hl
(1) 3025/     DEC : 7E                  		ld	a,(hl)
(1) 3026/     DED : 23                  		inc	hl
(1) 3027/     DEE : 6E                  		ld	l,(hl)
(1) 3028/     DEF : 67                  		ld	h,a
(1) 3029/     DF0 : E5                  		push	hl
(1) 3030/     DF1 : 7B                  		ld	a,e
(1) 3031/     DF2 : 01 06 00            		ld	bc,6		; Skip head
(1) 3032/     DF5 : 09                  		add	hl,bc
(1) 3033/     DF6 : CE 00               		adc	a,0
(1) 3034/     DF8 : 22 EA 1C            		ld	(wave_Start),hl	; Set START point
(1) 3035/     DFB : 32 EC 1C            		ld	(wave_Start+2),a
(1) 3036/     DFE : E1                  		pop	hl
(1) 3037/     DFF : 7B                  		ld	a,e
(1) 3038/     E00 : 11 C3 17            		ld	de,sampleHead
(1) 3039/     E03 : 01 06 00            		ld	bc,6
(1) 3040/     E06 : D5                  		push	de
(1) 3041/     E07 : CF                  		rst	8
(1) 3042/     E08 : CD AE 0F            		call	readRom	; *** ROM ACCESS ***
(1) 3043/     E0B : E1                  		pop	hl
(1) 3044/     E0C :                     	; hl - temporal header
(1) 3045/     E0C : 5E                  		ld	e,(hl)
(1) 3046/     E0D : 23                  		inc	hl
(1) 3047/     E0E : 56                  		ld	d,(hl)
(1) 3048/     E0F : 23                  		inc	hl
(1) 3049/     E10 : 7E                  		ld	a,(hl)
(1) 3050/     E11 : 23                  		inc	hl
(1) 3051/     E12 : ED 53 ED 1C         		ld	(wave_Len),de	; LEN
(1) 3052/     E16 : 32 EF 1C            		ld	(wave_Len+2),a
(1) 3053/     E19 : 5E                  		ld	e,(hl)
(1) 3054/     E1A : 23                  		inc	hl
(1) 3055/     E1B : CF                  		rst	8
(1) 3056/     E1C : 56                  		ld	d,(hl)
(1) 3057/     E1D : 23                  		inc	hl
(1) 3058/     E1E : 7E                  		ld	a,(hl)
(1) 3059/     E1F : 23                  		inc	hl
(1) 3060/     E20 : ED 53 F0 1C         		ld	(wave_Loop),de	; LOOP
(1) 3061/     E24 : 32 F2 1C            		ld	(wave_Loop+2),a
(1) 3062/     E27 : 11 06 28            		ld	de,2806h	; keys off
(1) 3063/     E2A : CD CC 11            		call	fm_send_1
(1) 3064/     E2D : C1                  		pop	bc
(1) 3065/     E2E : E1                  		pop	hl
(1) 3066/     E2F :                     ; .same_dac:
(1) 3067/     E2F : C9                  		ret
(1) 3068/     E30 :                     
(1) 3069/     E30 :                     ; ----------------------------------------
(1) 3070/     E30 :                     
(1) 3071/     E30 :                     .ins_pcm:
(1) 3072/     E30 : DD E5               		push	ix
(1) 3073/     E32 : E5                  		push	hl
(1) 3074/     E33 : C5                  		push	bc
(1) 3075/     E34 : 7E                  		ld	a,(hl)		; Stereo|Loop bits
(1) 3076/     E35 : E6 01               		and	00000001b	; Read loop bit
(1) 3077/     E37 : 0F                  		rrca			; Move to MSB
(1) 3078/     E38 : CF                  		rst	8
(1) 3079/     E39 : 23                  		inc	hl		; Skip ID and Pitch
(1) 3080/     E3A : 23                  		inc	hl
(1) 3081/     E3B : 5E                  		ld	e,(hl)		; Read 24-bit pointer
(1) 3082/     E3C : B3                  		or	e
(1) 3083/     E3D : 5F                  		ld	e,a
(1) 3084/     E3E : 23                  		inc	hl
(1) 3085/     E3F : 7E                  		ld	a,(hl)
(1) 3086/     E40 : 23                  		inc	hl
(1) 3087/     E41 : 6E                  		ld	l,(hl)
(1) 3088/     E42 : 67                  		ld	h,a
(1) 3089/     E43 :                     	; d    - Loop enable bit
(1) 3090/     E43 :                     	; e,hl - 24-bit pointer + loop bit
(1) 3091/     E43 : CF                  		rst	8
(1) 3092/     E44 : DD 21 AA 14         		ld	ix,pcmcom
(1) 3093/     E48 : 06 00               		ld	b,0
(1) 3094/     E4A : FD 4E 03            		ld	c,(iy+ztbl_Chip)
(1) 3095/     E4D : DD 09               		add	ix,bc
(1) 3096/     E4F : 01 28 00            		ld	bc,40		; Go to 40
(1) 3097/     E52 : DD 09               		add	ix,bc
(1) 3098/     E54 : 01 08 00            		ld	bc,8
(1) 3099/     E57 : DD 73 00            		ld	(ix),e		; Write 24-bit pointer
(1) 3100/     E5A : DD 09               		add	ix,bc
(1) 3101/     E5C : DD 74 00            		ld	(ix),h
(1) 3102/     E5F : DD 09               		add	ix,bc
(1) 3103/     E61 : CF                  		rst	8
(1) 3104/     E62 : DD 75 00            		ld	(ix),l
(1) 3105/     E65 : C1                  		pop	bc
(1) 3106/     E66 : E1                  		pop	hl
(1) 3107/     E67 : DD E1               		pop	ix
(1) 3108/     E69 : 3E 01               		ld	a,1
(1) 3109/     E6B : 32 A6 17            		ld	(mcdUpd),a
(1) 3110/     E6E : C9                  		ret
(1) 3111/     E6F :                     
(1) 3112/     E6F :                     ; ----------------------------------------
(1) 3113/     E6F :                     
(1) 3114/     E6F :                     .ins_pwm:
(1) 3115/     E6F : DD E5               		push	ix
(1) 3116/     E71 : E5                  		push	hl
(1) 3117/     E72 : C5                  		push	bc
(1) 3118/     E73 : 7E                  		ld	a,(hl)		; Stereo|Loop bits
(1) 3119/     E74 : E6 03               		and	00000011b
(1) 3120/     E76 : 0F                  		rrca
(1) 3121/     E77 : 0F                  		rrca
(1) 3122/     E78 : 4F                  		ld	c,a
(1) 3123/     E79 : CF                  		rst	8
(1) 3124/     E7A : 23                  		inc	hl		; Skip ID and Pitch
(1) 3125/     E7B : 23                  		inc	hl
(1) 3126/     E7C : 56                  		ld	d,(hl)
(1) 3127/     E7D : 23                  		inc	hl
(1) 3128/     E7E : 5E                  		ld	e,(hl)
(1) 3129/     E7F : 23                  		inc	hl
(1) 3130/     E80 : 7E                  		ld	a,(hl)
(1) 3131/     E81 : 23                  		inc	hl
(1) 3132/     E82 : 6E                  		ld	l,(hl)
(1) 3133/     E83 : 67                  		ld	h,a
(1) 3134/     E84 : 79                  		ld	a,c
(1) 3135/     E85 : B2                  		or	d
(1) 3136/     E86 : 57                  		ld	d,a
(1) 3137/     E87 : CF                  		rst	8
(1) 3138/     E88 :                     	; de,hl - 32-bit PWM pointer
(1) 3139/     E88 : DD 21 EA 14         		ld	ix,pwmcom
(1) 3140/     E8C : 06 00               		ld	b,0
(1) 3141/     E8E : FD 4E 03            		ld	c,(iy+ztbl_Chip)
(1) 3142/     E91 : DD 09               		add	ix,bc
(1) 3143/     E93 : 01 18 00            		ld	bc,24
(1) 3144/     E96 : DD 09               		add	ix,bc		; Move to PWOUTF
(1) 3145/     E98 : 01 08 00            		ld	bc,8
(1) 3146/     E9B : DD 72 00            		ld	(ix),d
(1) 3147/     E9E : DD 09               		add	ix,bc
(1) 3148/     EA0 : DD 73 00            		ld	(ix),e
(1) 3149/     EA3 : DD 09               		add	ix,bc
(1) 3150/     EA5 : DD 74 00            		ld	(ix),h
(1) 3151/     EA8 : CF                  		rst	8
(1) 3152/     EA9 : DD 09               		add	ix,bc
(1) 3153/     EAB : DD 75 00            		ld	(ix),l
(1) 3154/     EAE : C1                  		pop	bc
(1) 3155/     EAF : E1                  		pop	hl
(1) 3156/     EB0 : DD E1               		pop	ix
(1) 3157/     EB2 : 3E 01               		ld	a,1
(1) 3158/     EB4 : 32 A5 17            		ld	(marsUpd),a
(1) 3159/     EB7 : C9                  		ret
(1) 3160/     EB8 :                     
(1) 3161/     EB8 :                     ; ----------------------------------------
(1) 3162/     EB8 :                     ; NEW note
(1) 3163/     EB8 :                     ; ----------------------------------------
(1) 3164/     EB8 :                     
(1) 3165/     EB8 :                     .note:
(1) 3166/     EB8 : 78                  		ld	a,b			; Volume bit?
(1) 3167/     EB9 : E6 04               		and	0100b
(1) 3168/     EBB : 20 05               		jr	nz,.fm_hasvol
(1) 3169/     EBD : FD 36 07 00         		ld	(iy+ztbl_Volume),0	; Reset to default volume
(1) 3170/     EC1 : CF                  		rst	8
(1) 3171/     EC2 :                     .fm_hasvol:
(1) 3172/     EC2 : DD 7E 02            		ld	a,(ix+chnl_Note)
(1) 3173/     EC5 : 4F                  		ld	c,a
(1) 3174/     EC6 : FE FF               		cp	-1
(1) 3175/     EC8 : C8                  		ret	z
(1) 3176/     EC9 : FE FE               		cp	-2
(1) 3177/     ECB : C8                  		ret	z
(1) 3178/     ECC : CF                  		rst	8
(1) 3179/     ECD : 7E                  		ld	a,(hl)
(1) 3180/     ECE : E6 F0               		and	11110000b
(1) 3181/     ED0 : FE A0               		cp	0A0h
(1) 3182/     ED2 : 28 0B               		jr	z,.n_fm
(1) 3183/     ED4 :                     
(1) 3184/     ED4 :                     ; --------------------------------
(1) 3185/     ED4 :                     
(1) 3186/     ED4 :                     .n_indx:
(1) 3187/     ED4 : 79                  		ld	a,c
(1) 3188/     ED5 :                     .n_stfreq:
(1) 3189/     ED5 : 23                  		inc	hl			; Skip ID
(1) 3190/     ED6 : 5E                  		ld	e,(hl)			; Read pitch
(1) 3191/     ED7 : 2B                  		dec	hl
(1) 3192/     ED8 : 83                  		add	a,e			; Note + pitch
(1) 3193/     ED9 : CF                  		rst	8
(1) 3194/     EDA : 87                  		add	a,a			; * 2
(1) 3195/     EDB : FD 77 05            		ld	(iy+ztbl_FreqIndx),a
(1) 3196/     EDE : C9                  		ret
(1) 3197/     EDF :                     
(1) 3198/     EDF :                     ; --------------------------------
(1) 3199/     EDF :                     ; FM custom search
(1) 3200/     EDF :                     
(1) 3201/     EDF :                     .n_fm:
(1) 3202/     EDF : 79                  		ld	a,c
(1) 3203/     EE0 : 23                  		inc	hl		; Skip ID
(1) 3204/     EE1 : 5E                  		ld	e,(hl)		; Read pitch
(1) 3205/     EE2 : 2B                  		dec	hl
(1) 3206/     EE3 : CF                  		rst	8
(1) 3207/     EE4 : 83                  		add	a,e		; Note + pitch
(1) 3208/     EE5 :                     	; Search for octave and note...
(1) 3209/     EE5 : 0E 00               		ld	c,0		; c - octave
(1) 3210/     EE7 : 16 07               		ld	d,7
(1) 3211/     EE9 :                     .get_oct:
(1) 3212/     EE9 : 5F                  		ld	e,a		; e - note
(1) 3213/     EEA : D6 0C               		sub	12
(1) 3214/     EEC : FA F3 0E            		jp	m,.fnd_oct
(1) 3215/     EEF : 0C                  		inc	c
(1) 3216/     EF0 : 15                  		dec	d
(1) 3217/     EF1 : 20 F6               		jr	nz,.get_oct
(1) 3218/     EF3 :                     .fnd_oct:
(1) 3219/     EF3 : CF                  		rst	8
(1) 3220/     EF4 : 7B                  		ld	a,e
(1) 3221/     EF5 : 87                  		add	a,a			; Note * 2
(1) 3222/     EF6 : E6 1F               		and	00011111b
(1) 3223/     EF8 : CB 09               		rrc	c
(1) 3224/     EFA : CB 09               		rrc	c
(1) 3225/     EFC : CB 09               		rrc	c
(1) 3226/     EFE : CF                  		rst	8
(1) 3227/     EFF : B1                  		or	c
(1) 3228/     F00 : FD 77 05            		ld	(iy+ztbl_FreqIndx),a	; Save octave + index: OOOiiiiib
(1) 3229/     F03 : C9                  		ret
(1) 3230/     F04 :                     
(1) 3231/     F04 :                     ; ----------------------------------------
(1) 3232/     F04 :                     ; Unlock channel
(1) 3233/     F04 :                     ; ----------------------------------------
(1) 3234/     F04 :                     
(1) 3235/     F04 :                     .chnl_ulnk:
(1) 3236/     F04 : DD 56 01            		ld	d,(ix+chnl_Chip)
(1) 3237/     F07 : CF                  		rst	8
(1) 3238/     F08 : FD E5               		push	iy
(1) 3239/     F0A : E1                  		pop	hl
(1) 3240/     F0B :                     
(1) 3241/     F0B :                     ; ----------------------------------------
(1) 3242/     F0B :                     ; Reset all table
(1) 3243/     F0B :                     ;
(1) 3244/     F0B :                     ; Input:
(1) 3245/     F0B :                     ; hl - Channel table
(1) 3246/     F0B :                     ; d  - Silence chip
(1) 3247/     F0B :                     ;
(1) 3248/     F0B :                     ; Uses:
(1) 3249/     F0B :                     ; b,de,hl
(1) 3250/     F0B :                     ; ----------------------------------------
(1) 3251/     F0B :                     
(1) 3252/     F0B :                     tblz_clear:
(1) 3253/     F0B : 06 0E               		ld	b,MAX_TBLSIZE-4
(1) 3254/     F0D : AF                  		xor	a
(1) 3255/     F0E : 77                  		ld	(hl),a			; 0 - Delete link
(1) 3256/     F0F : 23                  		inc	hl
(1) 3257/     F10 : 77                  		ld	(hl),a
(1) 3258/     F11 : 23                  		inc	hl
(1) 3259/     F12 : 72                  		ld	(hl),d			; 2 - Write silence request
(1) 3260/     F13 : 23                  		inc	hl
(1) 3261/     F14 : 23                  		inc	hl			; 3 - skip ID
(1) 3262/     F15 :                     .clr_all:
(1) 3263/     F15 : 77                  		ld	(hl),a
(1) 3264/     F16 : 23                  		inc	hl
(1) 3265/     F17 : 10 FC               		djnz	.clr_all
(1) 3266/     F19 : C9                  		ret
(1) 3267/     F1A :                     
(1) 3268/     F1A :                     ; ============================================================
(1) 3269/     F1A :                     ; --------------------------------------------------------
(1) 3270/     F1A :                     ; Communication with the SCD and 32X
(1) 3271/     F1A :                     ;
(1) 3272/     F1A :                     ; SCD: Sends a level2 interrupt to Sub-CPU
(1) 3273/     F1A :                     ;    | Uses: commM,comm18-1F
(1) 3274/     F1A :                     ;    |
(1) 3275/     F1A :                     ; 32X: Interrupts Slave SH2
(1) 3276/     F1A :                     ;    | Uses: comm8-comm11 (CMD request)
(1) 3277/     F1A :                     ;    | two bits of comm14
(1) 3278/     F1A :                     ; --------------------------------------------------------
(1) 3279/     F1A :                     
(1) 3280/     F1A :                     zmars_send:
(1) 3281/     F1A :                     	; ----------------------------------------
(1) 3282/     F1A :                     	; Send PCM table
(1) 3368/     F1A :                     	; ----------------------------------------
(1) 3369/     F1A :                     	; Send PWM table
(1) 3449/     F1A : C9                  		ret
(1) 3450/     F1B :                     
(1) 3451/     F1B :                     ; --------------------------------------------------------
(1) 3452/     F1B :                     ; Set bank to $A10000 area
(1) 3468/     F1B :                     
(1) 3469/     F1B :                     ; ====================================================================
(1) 3470/     F1B :                     ; ----------------------------------------------------------------
(1) 3471/     F1B :                     ; Subroutines
(1) 3472/     F1B :                     ; ----------------------------------------------------------------
(1) 3473/     F1B :                     
(1) 3474/     F1B :                     ; --------------------------------------------------------
(1) 3475/     F1B :                     ; Init sound engine
(1) 3476/     F1B :                     ; --------------------------------------------------------
(1) 3477/     F1B :                     
(1) 3478/     F1B :                     gema_init:
(1) 3479/     F1B : CD 06 13            		call	gema_lastbank		; Set last bank slot, solves problem with 32X
(1) 3480/     F1E : CD F7 11            		call	dac_off
(1) 3481/     F21 : AF                  		xor	a
(1) 3482/     F22 : 32 A5 17            		ld	(marsUpd),a
(1) 3483/     F25 : 32 A6 17            		ld	(mcdUpd),a
(1) 3484/     F28 : 32 87 1F            		ld	(cdRamLen),a
(1) 3485/     F2B : FD 21 D1 17         		ld	iy,nikona_BuffList
(1) 3486/     F2F : 0E 01               		ld	c,1			; Start at this priority
(1) 3487/     F31 :                     .setup_list:
(1) 3488/     F31 : FD 7E 00            		ld	a,(iy)
(1) 3489/     F34 : FE FF               		cp	-1
(1) 3490/     F36 : 28 24               		jr	z,.end_setup
(1) 3491/     F38 : FD 23               		inc	iy
(1) 3492/     F3A : 6F                  		ld	l,a
(1) 3493/     F3B : FD 66 00            		ld	h,(iy)
(1) 3494/     F3E : E5                  		push	hl
(1) 3495/     F3F : DD E1               		pop	ix
(1) 3496/     F41 : DD 71 14            		ld	(ix+seq_Priority),c
(1) 3497/     F44 : DD 36 01 FF         		ld	(ix+seq_Num),-1	; Reset sequence ID
(1) 3498/     F48 : FD 23               		inc	iy
(1) 3499/     F4A :                     	; iy - src
(1) 3500/     F4A :                     	; hl - dst
(1) 3501/     F4A : 11 04 00            		ld	de,seq_Blocks
(1) 3502/     F4D : 19                  		add	hl,de
(1) 3503/     F4E : 06 06               		ld	b,MAX_BUFFNTRY-2
(1) 3504/     F50 :                     .st_copy:
(1) 3505/     F50 : FD 7E 00            		ld	a,(iy)
(1) 3506/     F53 : 77                  		ld	(hl),a
(1) 3507/     F54 : FD 23               		inc	iy
(1) 3508/     F56 : 23                  		inc	hl
(1) 3509/     F57 : 10 F7               		djnz	.st_copy
(1) 3510/     F59 : 0C                  		inc	c
(1) 3511/     F5A : 18 D5               		jr	.setup_list
(1) 3512/     F5C :                     .end_setup:
(1) 3513/     F5C :                     
(1) 3514/     F5C : 11 0B 22            		ld	de,2208h|03h	; Set Default LFO
(1) 3515/     F5F : CD CC 11            		call	fm_send_1
(1) 3516/     F62 : 11 00 27            		ld	de,2700h	; CH3 special/timers OFF
(1) 3517/     F65 : CD CC 11            		call	fm_send_1
(1) 3518/     F68 :                     ; 		ld	de,2800h
(1) 3519/     F68 : 14                  		inc	d		; FM KEYS off
(1) 3520/     F69 : CD CC 11            		call	fm_send_1
(1) 3521/     F6C : 1C                  		inc	e
(1) 3522/     F6D : CD CC 11            		call	fm_send_1
(1) 3523/     F70 : 1C                  		inc	e
(1) 3524/     F71 : CD CC 11            		call	fm_send_1
(1) 3525/     F74 : 1C                  		inc	e
(1) 3526/     F75 : 1C                  		inc	e
(1) 3527/     F76 : CD CC 11            		call	fm_send_1
(1) 3528/     F79 : 1C                  		inc	e
(1) 3529/     F7A : CD CC 11            		call	fm_send_1
(1) 3530/     F7D : 1C                  		inc	e
(1) 3531/     F7E : CD CC 11            		call	fm_send_1
(1) 3532/     F81 : 21 11 7F            		ld	hl,Zpsg_ctrl	; Silence PSG channels
(1) 3533/     F84 : 36 9F               		ld	(hl),09Fh
(1) 3534/     F86 : 36 BF               		ld	(hl),0BFh
(1) 3535/     F88 : 36 DF               		ld	(hl),0DFh
(1) 3536/     F8A : 36 FF               		ld	(hl),0FFh
(1) 3537/     F8C : C9                  		ret
(1) 3538/     F8D :                     
(1) 3539/     F8D :                     ; --------------------------------------------------------
(1) 3540/     F8D :                     ; get_tick
(1) 3541/     F8D :                     ;
(1) 3542/     F8D :                     ; Checks if VBlank triggred a TICK
(1) 3543/     F8D :                     ; (1/150 NTSC, 1/120 PAL)
(1) 3544/     F8D :                     ; --------------------------------------------------------
(1) 3545/     F8D :                     
(1) 3546/     F8D :                     get_tick:
(1) 3547/     F8D : F3                  		di				; Disable ints
(1) 3548/     F8E : F5                  		push	af
(1) 3549/     F8F : E5                  		push	hl
(1) 3550/     F90 : 21 F7 1C            		ld	hl,tickFlag		; read last TICK flag
(1) 3551/     F93 : 7E                  		ld	a,(hl)			; non-zero value (1Fh)?
(1) 3552/     F94 : B7                  		or 	a
(1) 3553/     F95 : 28 13               		jr	z,.ctnotick
(1) 3554/     F97 : 36 00               		ld	(hl),0			; Reset TICK flag
(1) 3555/     F99 : 23                  		inc	hl			; Move to tickCnt
(1) 3556/     F9A : 34                  		inc	(hl)			; and increment
(1) 3557/     F9B : CF                  		rst	8
(1) 3558/     F9C : D5                  		push	de
(1) 3559/     F9D : 2A 31 00            		ld	hl,(sbeatAcc)		; Increment subbeats
(1) 3560/     FA0 : ED 5B 33 00         		ld	de,(sbeatPtck)
(1) 3561/     FA4 : CF                  		rst	8
(1) 3562/     FA5 : 19                  		add	hl,de
(1) 3563/     FA6 : 22 31 00            		ld	(sbeatAcc),hl
(1) 3564/     FA9 : D1                  		pop	de
(1) 3565/     FAA :                     .ctnotick:
(1) 3566/     FAA : E1                  		pop	hl
(1) 3567/     FAB : F1                  		pop	af
(1) 3568/     FAC : FB                  		ei				; Enable ints again
(1) 3569/     FAD : C9                  		ret
(1) 3570/     FAE :                     
(1) 3571/     FAE :                     ; --------------------------------------------------------
(1) 3572/     FAE :                     ; readRom
(1) 3573/     FAE :                     ;
(1) 3574/     FAE :                     ; Transfer bytes from ROM to Z80 RAM.
(1) 3575/     FAE :                     ; This also tells to 68k that we want to access ROM
(1) 3576/     FAE :                     ;
(1) 3577/     FAE :                     ; Input:
(1) 3578/     FAE :                     ; a  | 68K Address $xx0000
(1) 3579/     FAE :                     ;  c | Byte count (size 0 NOT allowed, MAX: 0FFh)
(1) 3580/     FAE :                     ; hl | 68K Address $00xxxx
(1) 3581/     FAE :                     ; de | Destination pointer
(1) 3582/     FAE :                     ;
(1) 3583/     FAE :                     ; Uses:
(1) 3584/     FAE :                     ; b
(1) 3585/     FAE :                     ;
(1) 3586/     FAE :                     ; Notes:
(1) 3587/     FAE :                     ; call RST 20h first, so the currenty playing DAC
(1) 3588/     FAE :                     ; sample has enough data before getting busy here.
(1) 3589/     FAE :                     ; --------------------------------------------------------
(1) 3590/     FAE :                     
(1) 3591/     FAE :                     readRom:
(1) 3592/     FAE : DD E5               		push	ix
(1) 3593/     FB0 : DD 21 81 1F         		ld	ix,commZRomBlk		; ix - rom read/block flags
(1) 3594/     FB4 : FE FF               		cp	0FFh			; Reading from 68k's RAM?
(1) 3595/     FB6 : 28 3D               		jr	z,.from_ram
(1) 3596/     FB8 : CF                  		rst	8
(1) 3597/     FB9 : 22 35 00            		ld	(x68ksrclsb),hl		; Backup midlow address
(1) 3598/     FBC : CB BC               		res	7,h			; Reset MSB bit 7
(1) 3599/     FBE : 06 00               		ld	b,0			; Clear b
(1) 3600/     FC0 : 0B                  		dec	bc			; len-1
(1) 3601/     FC1 : 09                  		add	hl,bc			; Add len to the mid and low to this temp address
(1) 3602/     FC2 : CB 7C               		bit	7,h			; Did it cross the bank?
(1) 3603/     FC4 : 20 0B               		jr	nz,.double		; Then it's a double transfer
(1) 3604/     FC6 : 2A 35 00            		ld	hl,(x68ksrclsb)		; Restore hl
(1) 3605/     FC9 : 0C                  		inc	c			; len+1
(1) 3606/     FCA : 47                  		ld	b,a			; b - $xx0000
(1) 3607/     FCB : CD 15 10            		call	.transfer
(1) 3608/     FCE : DD E1               		pop	ix
(1) 3609/     FD0 : C9                  		ret
(1) 3610/     FD1 :                     .double:
(1) 3611/     FD1 : CF                  		rst	8
(1) 3612/     FD2 : 47                  		ld	b,a			; b - $xx0000
(1) 3613/     FD3 : C5                  		push	bc			; Backup len and midlow address
(1) 3614/     FD4 : E5                  		push	hl
(1) 3615/     FD5 : 79                  		ld	a,c			; len - LSB
(1) 3616/     FD6 : 95                  		sub	a,l
(1) 3617/     FD7 : 4F                  		ld	c,a			; Save new size
(1) 3618/     FD8 : 2A 35 00            		ld	hl,(x68ksrclsb)		; Restore TOP
(1) 3619/     FDB : CD 15 10            		call	.transfer
(1) 3620/     FDE : E1                  		pop	hl			; Restore len and midlow address
(1) 3621/     FDF : C1                  		pop	bc
(1) 3622/     FE0 : 4D                  		ld	c,l			; Get second len
(1) 3623/     FE1 : 0C                  		inc	c
(1) 3624/     FE2 : 3A 36 00            		ld	a,(x68ksrcmid)
(1) 3625/     FE5 : E6 80               		and	80h
(1) 3626/     FE7 : C6 80               		add	a,80h
(1) 3627/     FE9 : 67                  		ld	h,a
(1) 3628/     FEA : 2E 00               		ld	l,0
(1) 3629/     FEC : 30 01               		jr	nc,.x68knocarry
(1) 3630/     FEE : 04                  		inc	b			; Next $xx0000
(1) 3631/     FEF :                     .x68knocarry:
(1) 3632/     FEF : CD 15 10            		call	.transfer
(1) 3633/     FF2 : DD E1               		pop	ix
(1) 3634/     FF4 : C9                  		ret
(1) 3635/     FF5 :                     
(1) 3636/     FF5 :                     ; ------------------------------------------------
(1) 3637/     FF5 :                     ; WORKAROUND FOR READING FROM $FF0000 RAM
(1) 3638/     FF5 :                     ;
(1) 3639/     FF5 :                     ; On the 68K side YOU MUST CALL
(1) 3640/     FF5 :                     ; gemaSendRam manually and every time, normally
(1) 3641/     FF5 :                     ; from a Vblank wait-loop.
(1) 3642/     FF5 :                     ; ------------------------------------------------
(1) 3643/     FF5 :                     
(1) 3644/     FF5 :                     .from_ram:
(1) 3645/     FF5 : ED 53 82 1F         		ld	(cdRamDst),de			; Show variables
(1) 3646/     FF9 : 22 84 1F            		ld	(cdRamSrc),hl
(1) 3647/     FFC : 32 86 1F            		ld	(cdRamSrcB),a
(1) 3648/     FFF : CD 06 13            		call	gema_lastbank			; Set bank to $FF8000 area
(1) 3649/    1002 : CF                  		rst	8
(1) 3650/    1003 : 79                  		ld	a,c
(1) 3651/    1004 : 32 87 1F            		ld	(cdRamLen),a			; Show length
(1) 3652/    1007 : 21 FF FD            		ld	hl,RAM_ZCdFlagD&07FFFh+8000h	; ** 68K LABEL **
(1) 3653/    100A : 36 01               		ld	(hl),1				; WRITE flag
(1) 3654/    100C :                     .wait:
(1) 3655/    100C : 3A 87 1F            		ld	a,(cdRamLen)			; Wait until 68K clears
(1) 3656/    100F : B7                  		or	a
(1) 3657/    1010 : 20 FA               		jr	nz,.wait
(1) 3658/    1012 : DD E1               		pop	ix
(1) 3659/    1014 : C9                  		ret
(1) 3660/    1015 :                     
(1) 3661/    1015 :                     ; ------------------------------------------------
(1) 3662/    1015 :                     ; b  - Source ROM $xx0000
(1) 3663/    1015 :                     ;  c - Bytes to transfer (00h is invalid)
(1) 3664/    1015 :                     ; hl - Source ROM $00xxxx | 8000h
(1) 3665/    1015 :                     ; de - Output location
(1) 3666/    1015 :                     ; ix - ROM-block flag
(1) 3667/    1015 :                     ; ------------------------------------------------
(1) 3668/    1015 :                     
(1) 3669/    1015 :                     .transfer:
(1) 3670/    1015 : CF                  		rst	8
(1) 3671/    1016 : E5                  		push	hl
(1) 3672/    1017 : 7C                  		ld	a,h
(1) 3673/    1018 : 21 00 60            		ld	hl,6000h
(1) 3674/    101B : 07                  		rlca
(1) 3675/    101C : 77                  		ld	(hl),a
(1) 3676/    101D : 78                  		ld	a,b
(1) 3677/    101E : CF                  		rst	8
(1) 3678/    101F : 77                  		ld	(hl),a
(1) 3679/    1020 : 0F                  		rrca
(1) 3680/    1021 : 77                  		ld	(hl),a
(1) 3681/    1022 : 0F                  		rrca
(1) 3682/    1023 : 77                  		ld	(hl),a
(1) 3683/    1024 : 0F                  		rrca
(1) 3684/    1025 : 77                  		ld	(hl),a
(1) 3685/    1026 : 0F                  		rrca
(1) 3686/    1027 : CF                  		rst	8
(1) 3687/    1028 : 77                  		ld	(hl),a
(1) 3688/    1029 : 0F                  		rrca
(1) 3689/    102A : 77                  		ld	(hl),a
(1) 3690/    102B : 0F                  		rrca
(1) 3691/    102C : 77                  		ld	(hl),a
(1) 3692/    102D : 0F                  		rrca
(1) 3693/    102E : 77                  		ld	(hl),a
(1) 3694/    102F : E1                  		pop	hl
(1) 3695/    1030 : CB FC               		set	7,h
(1) 3696/    1032 : CF                  		rst	8
(1) 3697/    1033 :                     	; Transfer ROM data in packets
(1) 3698/    1033 :                     	; while playing the cache'd sample
(1) 3699/    1033 :                     	; *** CRITICAL PROCESS ***
(1) 3700/    1033 :                     	;
(1) 3701/    1033 :                     	; pseudo-ref for ldir:
(1) 3702/    1033 :                     	; ld (de),(hl)	; load memory (hl) to (de)
(1) 3703/    1033 :                     	; inc de	; incr de + 1
(1) 3704/    1033 :                     	; inc hl	; incr hl + 1
(1) 3705/    1033 :                     	; dec bc	; decr bc - 1
(1) 3706/    1033 : 06 00               		ld	b,0
(1) 3707/    1035 : 79                  		ld	a,c		; a - Size counter
(1) 3708/    1036 : D6 09               		sub	MAX_TRFRPZ	; Length lower than MAX_TRFRPZ?
(1) 3709/    1038 : 38 14               		jr	c,.x68klast	; Process single piece only
(1) 3710/    103A :                     .x68kloop:
(1) 3711/    103A : CF                  		rst	8
(1) 3712/    103B : 00                  		nop
(1) 3713/    103C : 0E 08               		ld	c,MAX_TRFRPZ-1
(1) 3714/    103E : DD CB 00 46         		bit	0,(ix)		; Genesis blocks ROM?
(1) 3715/    1042 : C4 5C 10            		call	nz,.x68klpwt
(1) 3716/    1045 : ED B0               		ldir			; (de) to (hl) until bc == 0
(1) 3717/    1047 : CF                  		rst	8
(1) 3718/    1048 : 00                  		nop
(1) 3719/    1049 : D6 08               		sub	a,MAX_TRFRPZ-1
(1) 3720/    104B : D2 3A 10            		jp	nc,.x68kloop
(1) 3721/    104E :                     ; last block
(1) 3722/    104E :                     .x68klast:
(1) 3723/    104E : C6 09               		add	a,MAX_TRFRPZ
(1) 3724/    1050 : 4F                  		ld	c,a
(1) 3725/    1051 : DD CB 00 46         		bit	0,(ix)		; Genesis blocks ROM?
(1) 3726/    1055 : C4 5C 10            		call	nz,.x68klpwt
(1) 3727/    1058 : ED B0               		ldir
(1) 3728/    105A : CF                  		rst	8
(1) 3729/    105B : C9                  		ret
(1) 3730/    105C :                     
(1) 3731/    105C :                     ; Wait here until Genesis unlocks ROM
(1) 3732/    105C :                     .x68klpwt:
(1) 3733/    105C : 00                  		nop
(1) 3734/    105D : CF                  		rst	8
(1) 3735/    105E : DD CB 00 46         		bit	0,(ix)		; 68k finished?
(1) 3736/    1062 : 20 F8               		jr	nz,.x68klpwt
(1) 3737/    1064 : C9                  		ret
(1) 3738/    1065 :                     
(1) 3739/    1065 :                     ; ====================================================================
(1) 3740/    1065 :                     ; ----------------------------------------------------------------
(1) 3741/    1065 :                     ; Sound chip routines
(1) 3742/    1065 :                     ; ----------------------------------------------------------------
(1) 3743/    1065 :                     
(1) 3744/    1065 :                     ; --------------------------------------------------------
(1) 3745/    1065 :                     ; chip_env
(1) 3746/    1065 :                     ;
(1) 3747/    1065 :                     ; Process the PSG
(1) 3748/    1065 :                     ; --------------------------------------------------------
(1) 3749/    1065 :                     
(1) 3750/    1065 :                     chip_env:
(1) 3754/    1065 : FD 21 25 15         		ld	iy,psgcom+3		; Start from NOISE first
(1) 3755/    1069 : DD 21 11 7F         		ld	ix,Zpsg_ctrl
(1) 3756/    106D : 0E E0               		ld	c,0E0h			; c - PSG first ctrl command
(1) 3757/    106F : 06 04               		ld	b,4			; b - 4 channels
(1) 3758/    1071 :                     .vloop:
(1) 3759/    1071 : CF                  		rst	8
(1) 3760/    1072 : FD 5E 00            		ld	e,(iy+COM)		; e - current command
(1) 3761/    1075 : FD 36 00 00         		ld	(iy+COM),0
(1) 3762/    1079 :                     
(1) 3763/    1079 :                     	; ----------------------------
(1) 3764/    1079 :                     	; bit 2 - stop sound
(1) 3765/    1079 : CB 53               		bit	2,e
(1) 3766/    107B : 28 0C               		jr	z,.ckof
(1) 3767/    107D : FD 36 04 FF         		ld	(iy+LEV),-1		; reset level
(1) 3768/    1081 : FD 36 28 01         		ld	(iy+FLG),1		; and update
(1) 3769/    1085 : FD 36 18 00         		ld	(iy+MODE),0		; envelope off
(1) 3770/    1089 :                     .ckof:
(1) 3771/    1089 :                     	; ----------------------------
(1) 3772/    1089 :                     	; bit 1 - key off
(1) 3773/    1089 : CB 4B               		bit	1,e
(1) 3774/    108B : 28 0F               		jr      z,.ckon
(1) 3775/    108D : FD 7E 18            		ld	a,(iy+MODE)		; mode 0?
(1) 3776/    1090 : B7                  		or	a
(1) 3777/    1091 : 28 09               		jr	z,.ckon
(1) 3778/    1093 : FD 36 28 01         		ld	(iy+FLG),1		; psg update flag
(1) 3779/    1097 : FD 36 18 04         		ld	(iy+MODE),100b		; set envelope mode 100b
(1) 3780/    109B : CF                  		rst	8
(1) 3781/    109C :                     .ckon:
(1) 3782/    109C :                     	; ----------------------------
(1) 3783/    109C :                     	; bit 0 - key on
(1) 3784/    109C : CB 43               		bit	0,e
(1) 3785/    109E : 28 1A               		jr	z,.envproc
(1) 3786/    10A0 : FD 36 04 FF         		ld	(iy+LEV),-1		; reset level
(1) 3787/    10A4 : 78                  		ld	a,b
(1) 3788/    10A5 : FE 04               		cp	4			; NOISE channel?
(1) 3789/    10A7 : 20 08               		jr	nz,.nskip
(1) 3790/    10A9 : CF                  		rst	8			; Set NOISE mode
(1) 3791/    10AA : 3A 2F 00            		ld	a,(psgHatMode)		; write hat mode only.
(1) 3792/    10AD : B1                  		or	c
(1) 3793/    10AE : DD 77 00            		ld	(ix),a			; WRITE PSG
(1) 3794/    10B1 :                     .nskip:
(1) 3795/    10B1 : FD 36 28 01         		ld	(iy+FLG),1		; psg update flag
(1) 3796/    10B5 : CF                  		rst	8
(1) 3797/    10B6 : FD 36 18 01         		ld	(iy+MODE),001b		; set to attack mode
(1) 3798/    10BA :                     .nblock:
(1) 3799/    10BA :                     
(1) 3800/    10BA :                     	; ----------------------------
(1) 3801/    10BA :                     	; Process effects
(1) 3802/    10BA :                     	; ----------------------------
(1) 3803/    10BA :                     .envproc:
(1) 3804/    10BA : FD 7E 18            		ld	a,(iy+MODE)
(1) 3805/    10BD : B7                  		or	a			; no modes
(1) 3806/    10BE : CA 44 11            		jp	z,.vedlp
(1) 3807/    10C1 : FE 01               		cp 	001b			; Attack mode
(1) 3808/    10C3 : 20 2C               		jr	nz,.chk2
(1) 3809/    10C5 : FD 36 28 01         		ld	(iy+FLG),1		; psg update flag
(1) 3810/    10C9 : FD 5E 24            		ld	e,(iy+ALV)
(1) 3811/    10CC : FD 7E 08            		ld	a,(iy+ATK)		; if ATK == 0, don't use
(1) 3812/    10CF : B7                  		or	a
(1) 3813/    10D0 : 28 16               		jr	z,.atkend
(1) 3814/    10D2 : 57                  		ld	d,a			; c - attack rate
(1) 3815/    10D3 : 7B                  		ld	a,e			; a - attack level
(1) 3816/    10D4 : CF                  		rst	8
(1) 3817/    10D5 : FD 5E 24            		ld	e,(iy+ALV)		; b - OLD attack level
(1) 3818/    10D8 : 92                  		sub	a,d			; (attack rate) - (level)
(1) 3819/    10D9 : 38 0D               		jr	c,.atkend		; if carry: already finished
(1) 3820/    10DB : 28 0B               		jr	z,.atkend		; if zero: no attack rate
(1) 3821/    10DD : BB                  		cp	e			; attack rate == level?
(1) 3822/    10DE : 38 08               		jr	c,.atkend
(1) 3823/    10E0 : 28 06               		jr	z,.atkend
(1) 3824/    10E2 : FD 77 04            		ld	(iy+LEV),a		; set new level
(1) 3825/    10E5 : CF                  		rst	8
(1) 3826/    10E6 : 18 5C               		jr	.vedlp
(1) 3827/    10E8 :                     .atkend:
(1) 3828/    10E8 : FD 73 04            		ld	(iy+LEV),e		; attack level = new level
(1) 3829/    10EB :                     .atkzero:
(1) 3830/    10EB : FD 36 18 02         		ld	(iy+MODE),010b		; set to decay mode
(1) 3831/    10EF : 18 53               		jr	.vedlp
(1) 3832/    10F1 :                     .chk2:
(1) 3833/    10F1 :                     
(1) 3834/    10F1 : FE 02               		cp	010b			; Decay mode
(1) 3835/    10F3 : 20 31               		jr	nz,.chk4
(1) 3836/    10F5 :                     .dectmr:
(1) 3837/    10F5 : FD 36 28 01         		ld	(iy+FLG),1		; psg update flag
(1) 3838/    10F9 : FD 7E 04            		ld	a,(iy+LEV)		; a - Level
(1) 3839/    10FC : FD 5E 10            		ld	e,(iy+SLV)		; b - Sustain
(1) 3840/    10FF : BB                  		cp	e
(1) 3841/    1100 : 38 0D               		jr	c,.dkadd		; if carry: add
(1) 3842/    1102 : 28 18               		jr	z,.dkyend		; if zero:  finish
(1) 3843/    1104 : CF                  		rst	8
(1) 3844/    1105 : FD 96 0C            		sub	(iy+DKY)		; substract decay rate
(1) 3845/    1108 : 38 12               		jr	c,.dkyend		; finish if wraped.
(1) 3846/    110A : BB                  		cp	e			; compare level
(1) 3847/    110B : 38 0F               		jr	c,.dkyend		; and finish
(1) 3848/    110D : 18 08               		jr	.dksav
(1) 3849/    110F :                     .dkadd:
(1) 3850/    110F : FD 86 0C            		add	a,(iy+DKY)		;  (level) + (decay rate)
(1) 3851/    1112 : 38 08               		jr	c,.dkyend		; finish if wraped.
(1) 3852/    1114 : BB                  		cp	e			; compare level
(1) 3853/    1115 : 30 05               		jr	nc,.dkyend
(1) 3854/    1117 :                     .dksav:
(1) 3855/    1117 : FD 77 04            		ld	(iy+LEV),a		; save new level
(1) 3856/    111A : 18 28               		jr	.vedlp
(1) 3857/    111C :                     .dkyend:
(1) 3858/    111C : CF                  		rst	8
(1) 3859/    111D : FD 73 04            		ld	(iy+LEV),e		; save last attack
(1) 3860/    1120 : FD 36 18 04         		ld	(iy+MODE),100b		; and set to sustain
(1) 3861/    1124 : 18 1E               		jr	.vedlp
(1) 3862/    1126 :                     .chk4:
(1) 3863/    1126 : FE 04               		cp	100b			; Sustain phase
(1) 3864/    1128 : 20 1A               		jr	nz,.vedlp
(1) 3865/    112A : FD 36 28 01         		ld	(iy+FLG),1		; psg update flag
(1) 3866/    112E : FD 7E 04            		ld	a,(iy+LEV)		; a - Level
(1) 3867/    1131 : CF                  		rst	8
(1) 3868/    1132 : FD 86 14            		add 	a,(iy+RRT)		; add Release Rate
(1) 3869/    1135 : 38 05               		jr	c,.killenv		; release done
(1) 3870/    1137 : FD 77 04            		ld	(iy+LEV),a		; set new Level
(1) 3871/    113A : 18 08               		jr	.vedlp
(1) 3872/    113C :                     .killenv:
(1) 3873/    113C : FD 36 04 FF         		ld	(iy+LEV),-1		; Silence this channel
(1) 3874/    1140 : FD 36 18 00         		ld	(iy+MODE),0		; Reset mode
(1) 3875/    1144 :                     .vedlp:
(1) 3876/    1144 :                     	; ----------------------------
(1) 3877/    1144 :                     	; PSG UPDATE
(1) 3878/    1144 :                     	; ----------------------------
(1) 3879/    1144 : FD 7E 28            		ld	a,(iy+FLG)
(1) 3880/    1147 : B7                  		or	a
(1) 3881/    1148 : 28 72               		jr	z,.noupd
(1) 3882/    114A : FD 36 28 00         		ld	(iy+FLG),0	; Reset until next one
(1) 3883/    114E : 59                  		ld	e,c
(1) 3884/    114F : 3A 2F 00            		ld	a,(psgHatMode)
(1) 3885/    1152 : 57                  		ld	d,a
(1) 3886/    1153 : E6 03               		and	011b
(1) 3887/    1155 : FE 03               		cp	011b
(1) 3888/    1157 : 20 1D               		jr	nz,.normal
(1) 3889/    1159 : CF                  		rst	8
(1) 3890/    115A : 78                  		ld	a,b		; Channel 4?
(1) 3891/    115B : FE 03               		cp	3
(1) 3892/    115D : 28 13               		jr	z,.silnc_3
(1) 3893/    115F : FE 04               		cp	4
(1) 3894/    1161 : 20 18               		jr	nz,.do_nfreq
(1) 3895/    1163 : 3A 2F 00            		ld	a,(psgHatMode)
(1) 3896/    1166 : 57                  		ld	d,a
(1) 3897/    1167 : E6 03               		and	011b
(1) 3898/    1169 : CF                  		rst	8
(1) 3899/    116A : FE 03               		cp	011b
(1) 3900/    116C : 20 30               		jr	nz,.vonly
(1) 3901/    116E : 1E C0               		ld	e,0C0h
(1) 3902/    1170 : 18 09               		jr	.do_nfreq
(1) 3903/    1172 :                     .silnc_3:
(1) 3904/    1172 : 3E FF               		ld	a,-1
(1) 3905/    1174 : 18 32               		jr	.vlmuch
(1) 3906/    1176 :                     .normal:
(1) 3907/    1176 : 78                  		ld	a,b
(1) 3908/    1177 : FE 04               		cp	4
(1) 3909/    1179 : 28 23               		jr	z,.vonly
(1) 3910/    117B :                     .do_nfreq:
(1) 3911/    117B : FD 6E 1C            		ld	l,(iy+DTL)
(1) 3912/    117E : FD 66 20            		ld	h,(iy+DTH)
(1) 3913/    1181 :                     	; freq effects go here
(1) 3914/    1181 :                     	; (save e FIRST.)
(1) 3915/    1181 :                     	;	push	de
(1) 3916/    1181 :                     	;	pop	de
(1) 3917/    1181 : 7D                  		ld	a,l		; Grab LSB 4 right bits
(1) 3918/    1182 : E6 0F               		and	00001111b
(1) 3919/    1184 : B3                  		or	e		; OR with channel set in e
(1) 3920/    1185 : CF                  		rst	8
(1) 3921/    1186 : DD 77 00            		ld	(ix),a		; write it
(1) 3922/    1189 : 7D                  		ld	a,l		; Grab LSB 4 left bits
(1) 3923/    118A : 0F                  		rrca
(1) 3924/    118B : 0F                  		rrca
(1) 3925/    118C : 0F                  		rrca
(1) 3926/    118D : 0F                  		rrca
(1) 3927/    118E : E6 0F               		and	00001111b
(1) 3928/    1190 : 5F                  		ld	e,a
(1) 3929/    1191 : 7C                  		ld	a,h		; Grab MSB bits
(1) 3930/    1192 : CF                  		rst	8
(1) 3931/    1193 : 07                  		rlca
(1) 3932/    1194 : 07                  		rlca
(1) 3933/    1195 : 07                  		rlca
(1) 3934/    1196 : 07                  		rlca
(1) 3935/    1197 : E6 30               		and	00110000b
(1) 3936/    1199 : B3                  		or	e
(1) 3937/    119A : DD 77 00            		ld	(ix),a
(1) 3938/    119D : CF                  		rst	8
(1) 3939/    119E :                     .vonly:
(1) 3940/    119E : FD 7E 30            		ld	a,(iy+MVOL)		; c - Level
(1) 3941/    11A1 : FD 86 04            		add	a,(iy+LEV)		; Add MASTER volume
(1) 3942/    11A4 : 30 02               		jr	nc,.vlmuch
(1) 3943/    11A6 : 3E FF               		ld	a,-1
(1) 3944/    11A8 :                     .vlmuch:
(1) 3945/    11A8 : CB 3F               		srl	a			; (Level >> 4)
(1) 3946/    11AA : CB 3F               		srl	a
(1) 3947/    11AC : CB 3F               		srl	a
(1) 3948/    11AE : CF                  		rst	8
(1) 3949/    11AF : CB 3F               		srl	a
(1) 3950/    11B1 : E6 0F               		and	00001111b		; Filter volume value
(1) 3951/    11B3 : B1                  		or	c			; and OR with current channel
(1) 3952/    11B4 : F6 90               		or	90h			; Set volume-set mode
(1) 3953/    11B6 : DD 77 00            		ld	(ix),a			; *** WRITE volume
(1) 3954/    11B9 : FD 34 38            		inc	(iy+PTMR)		; Update general timer
(1) 3955/    11BC :                     .noupd:
(1) 3956/    11BC :                     	; ----------------------------
(1) 3957/    11BC : FD 2B               		dec	iy			; next COM to check (backwards)
(1) 3958/    11BE : 79                  		ld	a,c
(1) 3959/    11BF : CF                  		rst	8
(1) 3960/    11C0 : D6 20               		sub	a,20h			; next PSG (backwards)
(1) 3961/    11C2 : 4F                  		ld	c,a
(1) 3962/    11C3 : 05                  		dec	b
(1) 3963/    11C4 : C2 71 10            		jp	nz,.vloop
(1) 3964/    11C7 : C9                  		ret
(1) 3965/    11C8 :                     
(1) 3966/    11C8 :                     ; ---------------------------------------------
(1) 3967/    11C8 :                     ; FM register writes
(1) 3968/    11C8 :                     ;
(1) 3969/    11C8 :                     ; Input:
(1) 3970/    11C8 :                     ; d - ctrl
(1) 3971/    11C8 :                     ; e - data
(1) 3972/    11C8 :                     ; ---------------------------------------------
(1) 3973/    11C8 :                     
(1) 3974/    11C8 :                     ; c - KeyID
(1) 3975/    11C8 :                     fm_autoreg:
(1) 3976/    11C8 : CB 51               		bit	2,c
(1) 3977/    11CA : 20 0B               		jr	nz,fm_send_2
(1) 3978/    11CC :                     
(1) 3979/    11CC :                     ; Channels 1-3 and global registers
(1) 3980/    11CC :                     fm_send_1:
(1) 3981/    11CC : 7A                  		ld	a,d
(1) 3982/    11CD : 32 00 40            		ld	(Zym_ctrl_1),a
(1) 3983/    11D0 : 00                  		nop
(1) 3984/    11D1 : 7B                  		ld	a,e
(1) 3985/    11D2 : 32 01 40            		ld	(Zym_data_1),a
(1) 3986/    11D5 : 00                  		nop
(1) 3987/    11D6 : C9                  		ret
(1) 3988/    11D7 :                     ; Channels 4-6
(1) 3989/    11D7 :                     fm_send_2:
(1) 3990/    11D7 : 7A                  		ld	a,d
(1) 3991/    11D8 : 32 02 40            		ld	(Zym_ctrl_2),a
(1) 3992/    11DB : 00                  		nop
(1) 3993/    11DC : 7B                  		ld	a,e
(1) 3994/    11DD : 32 03 40            		ld	(Zym_data_2),a
(1) 3995/    11E0 : 00                  		nop
(1) 3996/    11E1 : C9                  		ret
(1) 3997/    11E2 :                     
(1) 3998/    11E2 :                     ; --------------------------------------------------------
(1) 3999/    11E2 :                     ; brute-force WAVE ON/OFF playback
(1) 4000/    11E2 :                     ; --------------------------------------------------------
(1) 4001/    11E2 :                     
(1) 4002/    11E2 :                     dac_on:
(1) 4003/    11E2 : 3E 2B               		ld	a,2Bh
(1) 4004/    11E4 : 32 00 40            		ld	(Zym_ctrl_1),a
(1) 4005/    11E7 : 3E 80               		ld	a,80h
(1) 4006/    11E9 : 32 01 40            		ld	(Zym_data_1),a
(1) 4007/    11EC : 3E D9               		ld 	a,zopcExx
(1) 4008/    11EE : 32 08 00            		ld	(dac_me),a
(1) 4009/    11F1 : 3E F5               		ld 	a,zopcPushAf
(1) 4010/    11F3 : 32 20 00            		ld	(dac_fill),a
(1) 4011/    11F6 : C9                  		ret
(1) 4012/    11F7 :                     dac_off:
(1) 4013/    11F7 : 3E 2B               		ld	a,2Bh
(1) 4014/    11F9 : 32 00 40            		ld	(Zym_ctrl_1),a
(1) 4015/    11FC : 3E 00               		ld	a,00h
(1) 4016/    11FE : 32 01 40            		ld	(Zym_data_1),a
(1) 4017/    1201 : 3E C9               		ld 	a,zopcRet
(1) 4018/    1203 : 32 08 00            		ld	(dac_me),a
(1) 4019/    1206 : 3E C9               		ld 	a,zopcRet
(1) 4020/    1208 : 32 20 00            		ld	(dac_fill),a
(1) 4021/    120B : C9                  		ret
(1) 4022/    120C :                     
(1) 4023/    120C :                     ; --------------------------------------------------------
(1) 4024/    120C :                     ; dac_play
(1) 4025/    120C :                     ;
(1) 4026/    120C :                     ; Plays a new sample
(1) 4027/    120C :                     ;
(1) 4028/    120C :                     ; NOTE:
(1) 4029/    120C :                     ; Set wave_Flags and wave_Pitch externally
(1) 4030/    120C :                     ; getting here.
(1) 4031/    120C :                     ; --------------------------------------------------------
(1) 4032/    120C :                     
(1) 4033/    120C :                     dac_play:
(1) 4034/    120C : F3                  		di
(1) 4035/    120D : CD F7 11            		call	dac_off
(1) 4036/    1210 : D9                  		exx				; flip exx regs
(1) 4037/    1211 : 01 1D 00            		ld	bc,dWaveBuff>>8		; bc - WAVFIFO MSB
(1) 4038/    1214 : ED 5B F3 1C         		ld	de,(wave_Pitch)		; de - Pitch
(1) 4039/    1218 : 21 00 00            		ld	hl,(dWaveBuff&0FFh)<<8	; hl - WAVFIFO LSB pointer (xx.00)
(1) 4040/    121B : D9                  		exx				; move them back
(1) 4041/    121C : 2A EA 1C            		ld	hl,(wave_Start)		; copy Start and length
(1) 4042/    121F : 3A EC 1C            		ld 	a,(wave_Start+2)
(1) 4043/    1222 : 22 AD 17            		ld	(dDacPntr),hl
(1) 4044/    1225 : 32 AF 17            		ld	(dDacPntr+2),a
(1) 4045/    1228 : 2A ED 1C            		ld	hl,(wave_Len)
(1) 4046/    122B : 3A EF 1C            		ld 	a,(wave_Len+2)
(1) 4047/    122E : 22 B0 17            		ld	(dDacCntr),hl
(1) 4048/    1231 : 32 B2 17            		ld	(dDacCntr+2),a
(1) 4049/    1234 : AF                  		xor	a
(1) 4050/    1235 : 32 37 00            		ld	(dDacFifoMid),a		; Reset half-way
(1) 4051/    1238 : CD 40 12            		call	dac_refill
(1) 4052/    123B : CD E2 11            		call	dac_on
(1) 4053/    123E : FB                  		ei
(1) 4054/    123F : C9                  		ret
(1) 4055/    1240 :                     
(1) 4056/    1240 :                     ; --------------------------------------------------------
(1) 4057/    1240 :                     
(1) 4058/    1240 :                     dac_refill:
(1) 4059/    1240 : CF                  		rst	8
(1) 4060/    1241 : C5                  		push	bc
(1) 4061/    1242 : D5                  		push	de
(1) 4062/    1243 : E5                  		push	hl
(1) 4063/    1244 : 3A F5 1C            		ld	a,(wave_Flags)	; Already finished?
(1) 4064/    1247 : FE 07               		cp	111b
(1) 4065/    1249 : D2 FF 12            		jp	nc,.dacfill_end
(1) 4066/    124C : 3A B2 17            		ld	a,(dDacCntr+2)	; Last bytes
(1) 4067/    124F : 2A B0 17            		ld	hl,(dDacCntr)
(1) 4068/    1252 : 01 80 00            		ld	bc,80h
(1) 4069/    1255 : 37                  		scf
(1) 4070/    1256 : 3F                  		ccf
(1) 4071/    1257 : ED 42               		sbc	hl,bc
(1) 4072/    1259 : DE 00               		sbc	a,0
(1) 4073/    125B : 32 B2 17            		ld	(dDacCntr+2),a
(1) 4074/    125E : 22 B0 17            		ld	(dDacCntr),hl
(1) 4075/    1261 : 16 1D               		ld	d,dWaveBuff>>8
(1) 4076/    1263 : B7                  		or	a
(1) 4077/    1264 : FA 8E 12            		jp	m,.dac_over
(1) 4078/    1267 : 3A 37 00            		ld	a,(dDacFifoMid)	; Update halfway value
(1) 4079/    126A : 5F                  		ld	e,a
(1) 4080/    126B : C6 80               		add 	a,80h
(1) 4081/    126D : 32 37 00            		ld	(dDacFifoMid),a
(1) 4082/    1270 : 2A AD 17            		ld	hl,(dDacPntr)
(1) 4083/    1273 : 3A AF 17            		ld	a,(dDacPntr+2)
(1) 4084/    1276 : CD AE 0F            		call	readRom	; *** ROM ACCESS ***
(1) 4085/    1279 : 2A AD 17            		ld	hl,(dDacPntr)
(1) 4086/    127C : 3A AF 17            		ld	a,(dDacPntr+2)
(1) 4087/    127F : 01 80 00            		ld	bc,80h
(1) 4088/    1282 : 09                  		add	hl,bc
(1) 4089/    1283 : CE 00               		adc	a,0
(1) 4090/    1285 : 22 AD 17            		ld	(dDacPntr),hl
(1) 4091/    1288 : 32 AF 17            		ld	(dDacPntr+2),a
(1) 4092/    128B : C3 02 13            		jp	.dacfill_ret
(1) 4093/    128E :                     ; NOTE: This doesn't finish at the exact END point
(1) 4094/    128E :                     ; but the USER won't notice it.
(1) 4095/    128E :                     .dac_over:
(1) 4096/    128E : 16 1D               		ld	d,dWaveBuff>>8
(1) 4097/    1290 : 3A F5 1C            		ld	a,(wave_Flags)	; LOOP enabled?
(1) 4098/    1293 : E6 01               		and	001b
(1) 4099/    1295 : C2 B8 12            		jp	nz,.dacfill_loop
(1) 4100/    1298 : 7D                  		ld	a,l
(1) 4101/    1299 : C6 80               		add	a,80h
(1) 4102/    129B : 4F                  		ld	c,a
(1) 4103/    129C : 06 00               		ld	b,0
(1) 4104/    129E : C5                  		push	bc
(1) 4105/    129F : 3A 37 00            		ld	a,(dDacFifoMid)
(1) 4106/    12A2 : 5F                  		ld	e,a
(1) 4107/    12A3 : C6 80               		add	a,80h
(1) 4108/    12A5 : 32 37 00            		ld	(dDacFifoMid),a
(1) 4109/    12A8 : C1                  		pop	bc
(1) 4110/    12A9 : 79                  		ld	a,c
(1) 4111/    12AA : B0                  		or	b
(1) 4112/    12AB : 28 52               		jr	z,.dacfill_end
(1) 4113/    12AD : 2A AD 17            		ld	hl,(dDacPntr)
(1) 4114/    12B0 : 3A AF 17            		ld	a,(dDacPntr+2)
(1) 4115/    12B3 : CD AE 0F            		call	readRom	; *** ROM ACCESS ***
(1) 4116/    12B6 : 18 47               		jr	.dacfill_end
(1) 4117/    12B8 :                     ; loop sample
(1) 4118/    12B8 :                     .dacfill_loop:
(1) 4119/    12B8 : C5                  		push	bc
(1) 4120/    12B9 : D5                  		push	de
(1) 4121/    12BA : 3A F2 1C            		ld	a,(wave_Loop+2)
(1) 4122/    12BD : 4F                  		ld	c,a
(1) 4123/    12BE : ED 5B F0 1C         		ld	de,(wave_Loop)
(1) 4124/    12C2 : 2A EA 1C            		ld	hl,(wave_Start)
(1) 4125/    12C5 : 3A EC 1C            		ld 	a,(wave_Start+2)
(1) 4126/    12C8 : 81                  		add	a,c
(1) 4127/    12C9 : 19                  		add	hl,de
(1) 4128/    12CA : CE 00               		adc	a,0
(1) 4129/    12CC : 22 AD 17            		ld	(dDacPntr),hl
(1) 4130/    12CF : 32 AF 17            		ld	(dDacPntr+2),a
(1) 4131/    12D2 : 2A ED 1C            		ld	hl,(wave_Len)
(1) 4132/    12D5 : 3A EF 1C            		ld 	a,(wave_Len+2)
(1) 4133/    12D8 : 91                  		sub	a,c
(1) 4134/    12D9 : 37                  		scf
(1) 4135/    12DA : 3F                  		ccf
(1) 4136/    12DB : ED 52               		sbc	hl,de
(1) 4137/    12DD : DE 00               		sbc	a,0
(1) 4138/    12DF : 22 B0 17            		ld	(dDacCntr),hl
(1) 4139/    12E2 : 32 B2 17            		ld	(dDacCntr+2),a
(1) 4140/    12E5 : D1                  		pop	de
(1) 4141/    12E6 : C1                  		pop	bc
(1) 4142/    12E7 : 78                  		ld	a,b
(1) 4143/    12E8 : B1                  		or	c
(1) 4144/    12E9 : 28 17               		jr	z,.dacfill_ret
(1) 4145/    12EB : 3A 37 00            		ld	a,(dDacFifoMid)
(1) 4146/    12EE : 5F                  		ld	e,a
(1) 4147/    12EF : C6 80               		add	a,80h
(1) 4148/    12F1 : 32 37 00            		ld	(dDacFifoMid),a
(1) 4149/    12F4 : 2A AD 17            		ld	hl,(dDacPntr)
(1) 4150/    12F7 : 3A AF 17            		ld	a,(dDacPntr+2)
(1) 4151/    12FA : CD AE 0F            		call	readRom	; *** ROM ACCESS ***
(1) 4152/    12FD : 18 03               		jr	.dacfill_ret
(1) 4153/    12FF :                     .dacfill_end:
(1) 4154/    12FF : CD F7 11            		call	dac_off		; DAC finished
(1) 4155/    1302 :                     .dacfill_ret:
(1) 4156/    1302 : E1                  		pop	hl
(1) 4157/    1303 : D1                  		pop	de
(1) 4158/    1304 : C1                  		pop	bc
(1) 4159/    1305 : C9                  		ret
(1) 4160/    1306 :                     
(1) 4161/    1306 :                     ; ----------------------------------------------------------------
(1) 4162/    1306 :                     ; gema_lastbank
(1) 4163/    1306 :                     ;
(1) 4164/    1306 :                     ; Two purposes:
(1) 4165/    1306 :                     ; - Set the BANK to the very last part of memory for the
(1) 4166/    1306 :                     ;   readRom to read from RAM
(1) 4167/    1306 :                     ; - On 32X this sets the bank out of the ROM-reading areas due
(1) 4168/    1306 :                     ;   to a conflict with the PSG according to a Tech Bulletin.
(1) 4169/    1306 :                     ;
(1) 4170/    1306 :                     ; Uses:
(1) 4171/    1306 :                     ; hl,b
(1) 4172/    1306 :                     ; ----------------------------------------------------------------
(1) 4173/    1306 :                     
(1) 4174/    1306 :                     gema_lastbank:
(1) 4175/    1306 : 21 00 60            		ld	hl,6000h
(1) 4176/    1309 : 06 09               		ld	b,9		; 9 bits
(1) 4177/    130B :                     .write:
(1) 4178/    130B : 36 01               		ld	(hl),1
(1) 4179/    130D : 10 FC               		djnz	.write
(1) 4180/    130F : C9                  		ret
(1) 4181/    1310 :                     
(1) 4182/    1310 :                     ; ====================================================================
(1) 4183/    1310 :                     ; ----------------------------------------------------------------
(1) 4184/    1310 :                     ; Frequency tables
(1) 4185/    1310 :                     ; ----------------------------------------------------------------
(1) 4186/    1310 :                     
(1) 4187/    1310 : 84 02               fmFreq_List:	dw 644
(1) 4188/    1312 : A9 02               		dw 681
(1) 4189/    1314 : D2 02               		dw 722
(1) 4190/    1316 : FD 02               		dw 765
(1) 4191/    1318 : 2A 03               		dw 810
(1) 4192/    131A : 5A 03               		dw 858
(1) 4193/    131C : 8E 03               		dw 910
(1) 4194/    131E : C4 03               		dw 964
(1) 4195/    1320 : FD 03               		dw 1021
(1) 4196/    1322 : 39 04               		dw 1081
(1) 4197/    1324 : 7A 04               		dw 1146
(1) 4198/    1326 : BE 04               		dw 1214
(1) 4199/    1328 :                     
(1) 4200/    1328 :                     ; ----------------------------------------
(1) 4201/    1328 :                     ; DAC and PWM
(1) 4202/    1328 :                     ; ----------------------------------------
(1) 4203/    1328 :                     
(1) 4204/    1328 :                     psgFreq_List:
(1) 4205/    1328 :                     ; 	dw    -1,   -1,   -1,   -1,   -1,   -1,   -1,   -1,   -1,   -1,   -1,   -1	; x-0
(1) 4206/    1328 :                     ; 	dw    -1,   -1,   -1,   -1,   -1,   -1,   -1,   -1,   -1,   -1,   -1,   -1	; x-1
(1) 4207/    1328 :                     ; 	dw    -1,   -1,   -1,   -1,   -1,   -1,   -1,   -1,   -1,   -1,   -1,   -1	; x-2
(1) 4208/    1328 : FF FF FF FF FF FF   	dw    -1,   -1,   -1,   -1,   -1,   -1,   -1,   -1,   -1,03F8h,03BFh,0389h	; x-3
             132E : FF FF FF FF FF FF 
             1334 : FF FF FF FF FF FF 
             133A : F8 03 BF 03 89 03 
(1) 4209/    1340 : 56 03 26 03 F9 02   	dw 0356h,0326h,02F9h,02CEh,02A5h,0280h,025Ch,023Ah,021Ah,01FBh,01DFh,01C4h	; x-4
             1346 : CE 02 A5 02 80 02 
             134C : 5C 02 3A 02 1A 02 
             1352 : FB 01 DF 01 C4 01 
(1) 4210/    1358 : AB 01 93 01 7D 01   	dw 01ABh,0193h,017Dh,0167h,0153h,0140h,012Eh,011Dh,010Dh,00FEh,00EFh,00E2h	; x-5
             135E : 67 01 53 01 40 01 
             1364 : 2E 01 1D 01 0D 01 
             136A : FE 00 EF 00 E2 00 
(1) 4211/    1370 : D6 00 C9 00 BE 00   	dw 00D6h,00C9h,00BEh,00B4h,00A9h,00A0h,0097h,008Fh,0087h,007Fh,0078h,0071h	; x-6
             1376 : B4 00 A9 00 A0 00 
             137C : 97 00 8F 00 87 00 
             1382 : 7F 00 78 00 71 00 
(1) 4212/    1388 : 6B 00 65 00 5F 00   	dw 006Bh,0065h,005Fh,005Ah,0055h,0050h,004Bh,0047h,0043h,0040h,003Ch,0039h	; x-7
             138E : 5A 00 55 00 50 00 
             1394 : 4B 00 47 00 43 00 
             139A : 40 00 3C 00 39 00 
(1) 4213/    13A0 : 36 00 33 00 30 00   	dw 0036h,0033h,0030h,002Dh,002Bh,0028h,0026h,0024h,0022h,0020h,001Fh,001Dh	; x-8 *UNTESTED*
             13A6 : 2D 00 2B 00 28 00 
             13AC : 26 00 24 00 22 00 
             13B2 : 20 00 1F 00 1D 00 
(1) 4214/    13B8 : 1B 00 1A 00 18 00   	dw 001Bh,001Ah,0018h,0017h,0016h,0015h,0013h,0012h,0011h,0010h,0009h,0001h	; x-9 *RESERVED FOR NOISE* Set to +47
             13BE : 17 00 16 00 15 00 
             13C4 : 13 00 12 00 11 00 
             13CA : 10 00 09 00 01 00 
(1) 4215/    13D0 :                     
(1) 4216/    13D0 :                     ; ----------------------------------------
(1) 4217/    13D0 :                     ; DAC and PWM shared list
(1) 4218/    13D0 :                     ; ----------------------------------------
(1) 4219/    13D0 :                     
(1) 4220/    13D0 :                     wavFreq_List:
(1) 4221/    13D0 :                     	;   C     C#    D     D#    E     F     F#    G     G#    A     A#    B
(1) 4222/    13D0 :                     ; 	dw 0100h,0100h,0100h,0100h,0100h,0100h,0100h,0100h,0100h,0100h,0100h,0100h	; x-0
(1) 4223/    13D0 :                     ; 	dw 0100h,0100h,0100h,0100h,0100h,0100h,0100h,0100h,0100h,0100h,0100h,0100h	; x-1
(1) 4224/    13D0 :                     ; 	dw 0100h,0100h,0100h,0100h,0100h,0100h,0100h,0100h,0100h,0100h,0036h,003Bh	; x-2
(1) 4225/    13D0 : 40 00 44 00 48 00   	dw 0040h,0044h,0048h,004Ch,0051h,0056h,005Bh,0060h,0066h,006Ch,0073h,0079h	; x-3 4000 ok
             13D6 : 4C 00 51 00 56 00 
             13DC : 5B 00 60 00 66 00 
             13E2 : 6C 00 73 00 79 00 
(1) 4226/    13E8 : 80 00 88 00 90 00   	dw 0080h,0088h,0090h,0099h,00A2h,00ACh,00B6h,00C1h,00CCh,00D8h,00E5h,00F2h	; x-4 8000 ok
             13EE : 99 00 A2 00 AC 00 
             13F4 : B6 00 C1 00 CC 00 
             13FA : D8 00 E5 00 F2 00 
(1) 4227/    1400 : 00 01 10 01 20 01   	dw 0100h,0110h,0120h,0132h,0145h,0158h,016Ch,0182h,0198h,01AEh,01C7h,01E0h	; x-5 16000 ok
             1406 : 32 01 45 01 58 01 
             140C : 6C 01 82 01 98 01 
             1412 : AE 01 C7 01 E0 01 
(1) 4228/    1418 : 00 02 20 02 40 02   	dw 0200h,0220h,0240h,0260h,0280h,02A0h,02D0h,02F8h,0328h,0352h,0390h,03C8h	; x-6 32000 bad/ok
             141E : 60 02 80 02 A0 02 
             1424 : D0 02 F8 02 28 03 
             142A : 52 03 90 03 C8 03 
(1) 4229/    1430 : 00 04               	dw 0400h;,0100h,0100h,0100h,0100h,0100h,0100h,0100h,0100h,0100h,0100h,0100h	; x-7
(1) 4230/    1432 :                     ; 	dw 0100h,0100h,0100h,0100h,0100h,0100h,0100h,0100h,0100h,0100h,0100h,0100h	; x-8
(1) 4231/    1432 :                     ; 	dw 0100h,0100h,0100h,0100h,0100h,0100h,0100h,0100h,0100h,0100h,0100h,0100h	; x-9
(1) 4232/    1432 :                     
(1) 4233/    1432 :                     ; ----------------------------------------
(1) 4234/    1432 :                     ; SegaCD PCM
(1) 4235/    1432 :                     ; ----------------------------------------
(1) 4236/    1432 :                     wavFreq_CdPcm:
(1) 4237/    1432 :                     	;     C     C#     D      D#     E      F      F#     G      G#     A      A#     B
(1) 4238/    1432 :                     ; 	dw  0100h, 0100h, 0100h, 0100h, 0100h, 0100h, 0100h, 0100h, 0100h, 0100h, 0100h, 0100h	; x-0
(1) 4239/    1432 :                     ; 	dw  0100h, 0100h, 0100h, 0100h, 0100h, 0100h, 0100h, 0100h, 0100h, 0100h, 0100h, 0100h	; x-1
(1) 4240/    1432 : F8 00 08 01 1C 01   	dw  00F8h, 0108h, 011Ch, 0128h, 013Ch, 014Ch, 0160h, 017Ch, 0188h, 01AAh, 01BCh, 01DCh	; x-2  4000 ok
             1438 : 28 01 3C 01 4C 01 
             143E : 60 01 7C 01 88 01 
             1444 : AA 01 BC 01 DC 01 
(1) 4241/    144A : F8 01 14 02 3C 02   	dw  01F8h, 0214h, 023Ch, 0258h, 027Ch, 02A0h, 02C8h, 02FCh, 031Ch, 0354h, 037Ch, 03B8h	; x-3  8000 ok
             1450 : 58 02 7C 02 A0 02 
             1456 : C8 02 FC 02 1C 03 
             145C : 54 03 7C 03 B8 03 
(1) 4242/    1462 : F0 03 28 04 68 04   	dw  03F0h, 0428h, 0468h, 04ACh, 04ECh, 0540h, 0590h, 05E4h, 063Ch, 0698h, 0704h, 0760h	; x-4 16000 ok
             1468 : AC 04 EC 04 40 05 
             146E : 90 05 E4 05 3C 06 
             1474 : 98 06 04 07 60 07 
(1) 4243/    147A : DC 07 48 08 D4 08   	dw  07DCh, 0848h, 08D4h, 0960h, 09F0h, 0A64h, 0B04h, 0BAAh, 0C60h, 0D18h, 0DE4h, 0EB8h	; x-5 32000 ok
             1480 : 60 09 F0 09 64 0A 
             1486 : 04 0B AA 0B 60 0C 
             148C : 18 0D E4 0D B8 0E 
(1) 4244/    1492 : B0 0F 74 10 84 11   	dw  0FB0h, 1074h, 1184h, 1280h, 139Ch, 14C8h, 1624h, 174Ch, 18DCh, 1A38h, 1BE0h, 1D94h	; x-6 64000 untested
             1498 : 80 12 9C 13 C8 14 
             149E : 24 16 4C 17 DC 18 
             14A4 : 38 1A E0 1B 94 1D 
(1) 4245/    14AA :                     ; 	dw  1F64h, 20FCh, 2330h, 2524h, 2750h, 29B4h, 2C63h, 2F63h, 31E0h, 347Bh, 377Bh, 3B41h	; x-7 128000 bad
(1) 4246/    14AA :                     ; 	dw  3EE8h, 4206h, 4684h, 4A5Ah, 4EB5h, 5379h, 58E1h, 5DE0h, 63C0h, 68FFh, 6EFFh, 783Ch	; x-8 256000 bad
(1) 4247/    14AA :                     ; 	dw  7FC2h, 83FCh, 8D14h, 9780h,0AA5Dh,0B1F9h,   -1 ,   -1 ,   -1 ,   -1 ,   -1 ,   -1 	; x-9 bad
(1) 4248/    14AA :                     
(1) 4249/    14AA :                     ; ====================================================================
(1) 4250/    14AA :                     ; ----------------------------------------------------------------
(1) 4251/    14AA :                     ; Chip buffers
(1) 4252/    14AA :                     ; ----------------------------------------------------------------
(1) 4253/    14AA :                     
(1) 4254/    14AA : 00 00 00 00 00 00   pcmcom:	db 00h,00h,00h,00h,00h,00h,00h,00h	; 0 - Playback bits: %0000PCOK Pitchbend/keyCut/keyOff/KeyOn
             14B0 : 00 00             
(1) 4255/    14B2 : 00 00 00 00 00 00   	db 00h,00h,00h,00h,00h,00h,00h,00h	; 8 - Pitch MSB
             14B8 : 00 00             
(1) 4256/    14BA : 00 00 00 00 00 00   	db 00h,00h,00h,00h,00h,00h,00h,00h	; 16 - Pitch LSB
             14C0 : 00 00             
(1) 4257/    14C2 : FF FF FF FF FF FF   	db -1,-1,-1,-1,-1,-1,-1,-1		; 24 - Volume
             14C8 : FF FF             
(1) 4258/    14CA : FF FF FF FF FF FF   	db -1,-1,-1,-1,-1,-1,-1,-1		; 32 - CURRENT Panning %RRRRLLLL
             14D0 : FF FF             
(1) 4259/    14D2 : 00 00 00 00 00 00   	db 00h,00h,00h,00h,00h,00h,00h,00h	; 40 - 24-bit sample location in Sub-CPU area
             14D8 : 00 00             
(1) 4260/    14DA : 00 00 00 00 00 00   	db 00h,00h,00h,00h,00h,00h,00h,00h	; 48
             14E0 : 00 00             
(1) 4261/    14E2 : 00 00 00 00 00 00   	db 00h,00h,00h,00h,00h,00h,00h,00h	; 56
             14E8 : 00 00             
(1) 4262/    14EA :                     
(1) 4263/    14EA : 00 00 00 00 00 00   pwmcom:	db 00h,00h,00h,00h,00h,00h,00h,00h	; 0 - Playback bits: %0000PCOK Pitchbend/keyCut/keyOff/KeyOn
             14F0 : 00 00             
(1) 4264/    14F2 : 00 00 00 00 00 00   	db 00h,00h,00h,00h,00h,00h,00h,00h	; 8 - Volume | Pitch MSB
             14F8 : 00 00             
(1) 4265/    14FA : 00 00 00 00 00 00   	db 00h,00h,00h,00h,00h,00h,00h,00h	; 16 - Pitch LSB
             1500 : 00 00             
(1) 4266/    1502 : 00 00 00 00 00 00   	db 00h,00h,00h,00h,00h,00h,00h,00h	; 24 - Flags+MSB bits of sample %SlLRxxxx Stereo/Loop/Left/Right
             1508 : 00 00             
(1) 4267/    150A : 00 00 00 00 00 00   	db 00h,00h,00h,00h,00h,00h,00h,00h	; 32 - ''
             1510 : 00 00             
(1) 4268/    1512 : 00 00 00 00 00 00   	db 00h,00h,00h,00h,00h,00h,00h,00h
             1518 : 00 00             
(1) 4269/    151A : 00 00 00 00 00 00   	db 00h,00h,00h,00h,00h,00h,00h,00h
             1520 : 00 00             
(1) 4270/    1522 :                     
(1) 4271/    1522 : 00 00 00 00         psgcom:	db 00h,00h,00h,00h	;  0 - command 1 = key on, 2 = key off, 4 = stop snd
(1) 4272/    1526 : FF FF FF FF         	db -1, -1, -1, -1	;  4 - output level attenuation (%llll.0000, -1 = silent)
(1) 4273/    152A : 00 00 00 00         	db 00h,00h,00h,00h	;  8 - attack rate (START)
(1) 4274/    152E : 00 00 00 00         	db 00h,00h,00h,00h	; 12 - decay rate
(1) 4275/    1532 : 00 00 00 00         	db 00h,00h,00h,00h	; 16 - sustain level attenuation (MAXIMUM)
(1) 4276/    1536 : 00 00 00 00         	db 00h,00h,00h,00h	; 20 - release rate
(1) 4277/    153A : 00 00 00 00         	db 00h,00h,00h,00h	; 24 - envelope mode 0 = off, 1 = attack, 2 = decay, 3 = sustain
(1) 4278/    153E : 00 00 00 00         	db 00h,00h,00h,00h	; 28 - freq bottom 4 bits
(1) 4279/    1542 : 00 00 00 00         	db 00h,00h,00h,00h	; 32 - freq upper 6 bits
(1) 4280/    1546 : 00 00 00 00         	db 00h,00h,00h,00h	; 36 - attack level attenuation
(1) 4281/    154A : 00 00 00 00         	db 00h,00h,00h,00h	; 40 - flags to indicate hardware should be updated
(1) 4282/    154E : 00 00 00 00         	db 00h,00h,00h,00h	; 44 - timer for sustain
(1) 4283/    1552 : 00 00 00 00         	db 00h,00h,00h,00h	; 48 - MAX Volume
(1) 4284/    1556 : 00 00 00 00         	db 00h,00h,00h,00h	; 52 - Vibrato value
(1) 4285/    155A : 00 00 00 00         	db 00h,00h,00h,00h	; 56 - General timer
(1) 4286/    155E :                     
(1) 4287/    155E :                     ; --------------------------------------------------------
(1) 4288/    155E :                     fmcach_1	ds 28h
(1) 4289/    1586 :                     fmcach_2	ds 28h
(1) 4290/    15AE :                     fmcach_3	ds 28h
(1) 4291/    15D6 :                     fmcach_4	ds 28h
(1) 4292/    15FE :                     fmcach_5	ds 28h
(1) 4293/    1626 :                     fmcach_6	ds 28h
(1) 4294/    164E :                     fmlist_rsave	ds 4*3		; 4 bytes per channel: 0000h,00h,00h
(1) 4295/    165A :                     trkInfoCach	ds 4
(1) 4296/    165E :                     		ds 4*3		; _rsave followup
(1) 4297/    166A :                     
(1) 4298/    166A :                     ; ====================================================================
(1) 4299/    166A :                     ; ----------------------------------------------------------------
(1) 4300/    166A :                     ; Track buffers
(1) 4301/    166A :                     ; ----------------------------------------------------------------
(1) 4302/    166A :                     
(1) 4303/    166A :                     trkHdrs_0	ds 8*4			; dw point,rowcntr
(1) 4304/    168A :                     trkHdrs_1	ds 8*4
(1) 4305/    16AA :                     trkHdrs_2	ds 8*4
(1) 4306/    16CA :                     trkBlks_0	ds 8
(1) 4307/    16D2 :                     trkBlks_1	ds 8
(1) 4308/    16DA :                     trkBlks_2	ds 8
(1) 4309/    16E2 :                     trkBuff_0	ds seq_ChnIndx+MAX_TRKINDX
(1) 4310/    1721 :                     trkBuff_1	ds seq_ChnIndx+MAX_TRKINDX
(1) 4311/    1760 :                     trkBuff_2	ds seq_ChnIndx+MAX_TRKINDX
(1) 4312/    179F : 5E 15               fmcach_list:	dw fmcach_1
(1) 4313/    17A1 : 86 15               		dw fmcach_2
(1) 4314/    17A3 : AE 15               		dw fmcach_3
(1) 4315/    17A5 : 00                  marsUpd		db 0			; Flag to request a PWM transfer
(1) 4316/    17A6 : 00                  mcdUpd		db 0			; Flag to request a PCM transfer
(1) 4317/    17A7 : D6 15               		dw fmcach_4		; Followup
(1) 4318/    17A9 : FE 15               		dw fmcach_5
(1) 4319/    17AB : 26 16               		dw fmcach_6
(1) 4320/    17AD : 00 00 00            dDacPntr	db 0,0,0	; WAVE play current ROM position
(1) 4321/    17B0 : 00 00 00            dDacCntr	db 0,0,0	; WAVE play length counter
(1) 4322/    17B3 :                     headerOut	ds 00Eh		; Temporal storage for 68k pointers
(1) 4323/    17C1 :                     headerOut_e	ds 2		; <-- reverse readpoint
(1) 4324/    17C3 :                     sampleHead	ds 006h
(1) 4325/    17C9 :                     instListOut	ds 8
(1) 4326/    17D1 :                     
(1) 4327/    17D1 :                     ; ====================================================================
(1) 4328/    17D1 :                     ; --------------------------------------------------------
(1) 4329/    17D1 :                     ; MASTER buffers list
(1) 4330/    17D1 :                     ;
(1) 4331/    17D1 :                     ; dw track_buffer
(1) 4332/    17D1 :                     ; dw channel_list,block_cache,header_cache,track_cache*
(1) 4333/    17D1 :                     ;
(1) 4334/    17D1 :                     ; * Cache MUST be aligned and in 1-bit sizes
(1) 4335/    17D1 :                     ; --------------------------------------------------------
(1) 4336/    17D1 :                     
(1) 4337/    17D1 :                     nikona_BuffList:
(1) 4338/    17D1 : E2 16 CA 16 6A 16   	dw trkBuff_0,trkBlks_0,trkHdrs_0,trkCach_0
             17D7 : 00 1F             
(1) 4339/    17D9 : 21 17 D2 16 8A 16   	dw trkBuff_1,trkBlks_1,trkHdrs_1,trkCach_1
             17DF : 20 1F             
(1) 4340/    17E1 : 60 17 DA 16 AA 16   	dw trkBuff_2,trkBlks_2,trkHdrs_2,trkCach_2
             17E7 : 40 1F             
(1) 4341/    17E9 :                     nikona_BuffList_e:
(1) 4342/    17E9 : FF FF               	dw -1	; ENDOFLIST
(1) 4343/    17EB :                     
(1) 4344/    17EB :                     ; ====================================================================
(1) 4345/    17EB :                     ; --------------------------------------------------------
(1) 4346/    17EB :                     ; Channel tables
(1) 4347/    17EB :                     ;
(1) 4348/    17EB :                     ; PSG   80h
(1) 4349/    17EB :                     ; PSGN  90h
(1) 4350/    17EB :                     ; FM   0A0h
(1) 4351/    17EB :                     ; FM3  0B0h
(1) 4352/    17EB :                     ; DAC  0C0h
(1) 4353/    17EB :                     ; PCM  0D0h
(1) 4354/    17EB :                     ; PWM  0E0h
(1) 4355/    17EB :                     ; --------------------------------------------------------
(1) 4356/    17EB :                     
(1) 4357/    1B00 :                     		org 1B00h			; <-- MUST BE x0h ALIGNED
(1) 4358/    1B00 : 0E 01               tblList:	dw tblPSG-tblList		;  80h
(1) 4359/    1B02 : 46 81               		dw tblPSGN-tblList|8000h	;  90h *
(1) 4360/    1B04 : A0 00               		dw tblFM-tblList		; 0A0h
(1) 4361/    1B06 : E8 80               		dw tblFM3-tblList|8000h		; 0B0h *
(1) 4362/    1B08 : FA 80               		dw tblFM6-tblList|8000h		; 0C0h *
(1) 4363/    1B0A : 0E 00               		dw tblPCM-tblList		; 0D0h
(1) 4364/    1B0C : 58 01               		dw tblPWM-tblList		; 0E0h
(1) 4365/    1B0E :                     ; 		dw 0				; 0F0h
(1) 4366/    1B0E :                     ; --------------------------------------------------------
(1) 4367/    1B0E : 00 00 00 00 00 00   tblPCM:		db 00h,00h,00h,00h,00h,00h,00h,00h,00h,00h	; Channel 1
             1B14 : 00 00 00 00       
(1) 4368/    1B18 : 00 00 00 00 00 00   		db 00h,00h,00h,00h,00h,00h,00h,00h
             1B1E : 00 00             
(1) 4369/    1B20 : 00 00 00 01 00 00   		db 00h,00h,00h,01h,00h,00h,00h,00h,00h,00h	; Channel 2
             1B26 : 00 00 00 00       
(1) 4370/    1B2A : 00 00 00 00 00 00   		db 00h,00h,00h,00h,00h,00h,00h,00h
             1B30 : 00 00             
(1) 4371/    1B32 : 00 00 00 02 00 00   		db 00h,00h,00h,02h,00h,00h,00h,00h,00h,00h	; Channel 3
             1B38 : 00 00 00 00       
(1) 4372/    1B3C : 00 00 00 00 00 00   		db 00h,00h,00h,00h,00h,00h,00h,00h
             1B42 : 00 00             
(1) 4373/    1B44 : 00 00 00 03 00 00   		db 00h,00h,00h,03h,00h,00h,00h,00h,00h,00h	; Channel 4
             1B4A : 00 00 00 00       
(1) 4374/    1B4E : 00 00 00 00 00 00   		db 00h,00h,00h,00h,00h,00h,00h,00h
             1B54 : 00 00             
(1) 4375/    1B56 : 00 00 00 04 00 00   		db 00h,00h,00h,04h,00h,00h,00h,00h,00h,00h	; Channel 5
             1B5C : 00 00 00 00       
(1) 4376/    1B60 : 00 00 00 00 00 00   		db 00h,00h,00h,00h,00h,00h,00h,00h
             1B66 : 00 00             
(1) 4377/    1B68 : 00 00 00 05 00 00   		db 00h,00h,00h,05h,00h,00h,00h,00h,00h,00h	; Channel 6
             1B6E : 00 00 00 00       
(1) 4378/    1B72 : 00 00 00 00 00 00   		db 00h,00h,00h,00h,00h,00h,00h,00h
             1B78 : 00 00             
(1) 4379/    1B7A : 00 00 00 06 00 00   		db 00h,00h,00h,06h,00h,00h,00h,00h,00h,00h	; Channel 7
             1B80 : 00 00 00 00       
(1) 4380/    1B84 : 00 00 00 00 00 00   		db 00h,00h,00h,00h,00h,00h,00h,00h
             1B8A : 00 00             
(1) 4381/    1B8C : 00 00 00 07 00 00   		db 00h,00h,00h,07h,00h,00h,00h,00h,00h,00h	; Channel 8
             1B92 : 00 00 00 00       
(1) 4382/    1B96 : 00 00 00 00 00 00   		db 00h,00h,00h,00h,00h,00h,00h,00h
             1B9C : 00 00             
(1) 4383/    1B9E : FF FF               		dw -1	; end-of-list
(1) 4384/    1BA0 : 00 00 00 00 00 00   tblFM:		db 00h,00h,00h,00h,00h,00h,00h,00h,00h,00h	; Channel 1
             1BA6 : 00 00 00 00       
(1) 4385/    1BAA : 00 00 00 00 00 00   		db 00h,00h,00h,00h,00h,00h,00h,00h
             1BB0 : 00 00             
(1) 4386/    1BB2 : 00 00 00 01 00 00   		db 00h,00h,00h,01h,00h,00h,00h,00h,00h,00h	; Channel 2
             1BB8 : 00 00 00 00       
(1) 4387/    1BBC : 00 00 00 00 00 00   		db 00h,00h,00h,00h,00h,00h,00h,00h
             1BC2 : 00 00             
(1) 4388/    1BC4 : 00 00 00 04 00 00   		db 00h,00h,00h,04h,00h,00h,00h,00h,00h,00h	; Channel 4 <--
             1BCA : 00 00 00 00       
(1) 4389/    1BCE : 00 00 00 00 00 00   		db 00h,00h,00h,00h,00h,00h,00h,00h
             1BD4 : 00 00             
(1) 4390/    1BD6 : 00 00 00 05 00 00   		db 00h,00h,00h,05h,00h,00h,00h,00h,00h,00h	; Channel 5
             1BDC : 00 00 00 00       
(1) 4391/    1BE0 : 00 00 00 00 00 00   		db 00h,00h,00h,00h,00h,00h,00h,00h
             1BE6 : 00 00             
(1) 4392/    1BE8 : 00 00 00 02 00 00   tblFM3:		db 00h,00h,00h,02h,00h,00h,00h,00h,00h,00h	; Channel 3 <--
             1BEE : 00 00 00 00       
(1) 4393/    1BF2 : 00 00 00 00 00 00   		db 00h,00h,00h,00h,00h,00h,00h,00h
             1BF8 : 00 00             
(1) 4394/    1BFA : 00 00 00 06 00 00   tblFM6:		db 00h,00h,00h,06h,00h,00h,00h,00h,00h,00h	; Channel 6 <--
             1C00 : 00 00 00 00       
(1) 4395/    1C04 : 00 00 00 00 00 00   		db 00h,00h,00h,00h,00h,00h,00h,00h
             1C0A : 00 00             
(1) 4396/    1C0C : FF FF               		dw -1	; end-of-list
(1) 4397/    1C0E : 00 00 00 00 00 00   tblPSG:		db 00h,00h,00h,00h,00h,00h,00h,00h,00h,00h	; Channel 1
             1C14 : 00 00 00 00       
(1) 4398/    1C18 : 00 00 00 00 00 00   		db 00h,00h,00h,00h,00h,00h,00h,00h
             1C1E : 00 00             
(1) 4399/    1C20 : 00 00 00 01 00 00   		db 00h,00h,00h,01h,00h,00h,00h,00h,00h,00h	; Channel 2
             1C26 : 00 00 00 00       
(1) 4400/    1C2A : 00 00 00 00 00 00   		db 00h,00h,00h,00h,00h,00h,00h,00h
             1C30 : 00 00             
(1) 4401/    1C32 : 00 00 00 02 00 00   		db 00h,00h,00h,02h,00h,00h,00h,00h,00h,00h	; Channel 3
             1C38 : 00 00 00 00       
(1) 4402/    1C3C : 00 00 00 00 00 00   		db 00h,00h,00h,00h,00h,00h,00h,00h
             1C42 : 00 00             
(1) 4403/    1C44 : FF FF               		dw -1	; end-of-list
(1) 4404/    1C46 : 00 00 00 03 00 00   tblPSGN:	db 00h,00h,00h,03h,00h,00h,00h,00h,00h,00h	; Noise
             1C4C : 00 00 00 00       
(1) 4405/    1C50 : 00 00 00 00 00 00   		db 00h,00h,00h,00h,00h,00h,00h,00h
             1C56 : 00 00             
(1) 4406/    1C58 : 00 00 00 00 00 00   tblPWM:		db 00h,00h,00h,00h,00h,00h,00h,00h,00h,00h	; Channel 1
             1C5E : 00 00 00 00       
(1) 4407/    1C62 : 00 00 00 00 00 00   		db 00h,00h,00h,00h,00h,00h,00h,00h
             1C68 : 00 00             
(1) 4408/    1C6A : 00 00 00 01 00 00   		db 00h,00h,00h,01h,00h,00h,00h,00h,00h,00h	; Channel 2
             1C70 : 00 00 00 00       
(1) 4409/    1C74 : 00 00 00 00 00 00   		db 00h,00h,00h,00h,00h,00h,00h,00h
             1C7A : 00 00             
(1) 4410/    1C7C : 00 00 00 02 00 00   		db 00h,00h,00h,02h,00h,00h,00h,00h,00h,00h	; Channel 3
             1C82 : 00 00 00 00       
(1) 4411/    1C86 : 00 00 00 00 00 00   		db 00h,00h,00h,00h,00h,00h,00h,00h
             1C8C : 00 00             
(1) 4412/    1C8E : 00 00 00 03 00 00   		db 00h,00h,00h,03h,00h,00h,00h,00h,00h,00h	; Channel 4
             1C94 : 00 00 00 00       
(1) 4413/    1C98 : 00 00 00 00 00 00   		db 00h,00h,00h,00h,00h,00h,00h,00h
             1C9E : 00 00             
(1) 4414/    1CA0 : 00 00 00 04 00 00   		db 00h,00h,00h,04h,00h,00h,00h,00h,00h,00h	; Channel 5
             1CA6 : 00 00 00 00       
(1) 4415/    1CAA : 00 00 00 00 00 00   		db 00h,00h,00h,00h,00h,00h,00h,00h
             1CB0 : 00 00             
(1) 4416/    1CB2 : 00 00 00 05 00 00   		db 00h,00h,00h,05h,00h,00h,00h,00h,00h,00h	; Channel 6
             1CB8 : 00 00 00 00       
(1) 4417/    1CBC : 00 00 00 00 00 00   		db 00h,00h,00h,00h,00h,00h,00h,00h
             1CC2 : 00 00             
(1) 4418/    1CC4 : 00 00 00 06 00 00   		db 00h,00h,00h,06h,00h,00h,00h,00h,00h,00h	; Channel 7
             1CCA : 00 00 00 00       
(1) 4419/    1CCE : 00 00 00 00 00 00   		db 00h,00h,00h,00h,00h,00h,00h,00h
             1CD4 : 00 00             
(1) 4420/    1CD6 : 00 00 00 07 00 00   		db 00h,00h,00h,07h,00h,00h,00h,00h,00h,00h	; Channel 8
             1CDC : 00 00 00 00       
(1) 4421/    1CE0 : 00 00 00 00 00 00   		db 00h,00h,00h,00h,00h,00h,00h,00h
             1CE6 : 00 00             
(1) 4422/    1CE8 : FF FF               		dw -1	; end-of-list
(1) 4423/    1CEA :                     ; ----------------------------------------------------------------
(1) 4424/    1CEA : 00 00               wave_Start	dw 0		; START: 68k 24-bit pointer
(1) 4425/    1CEC : 00                  		db 0
(1) 4426/    1CED : 00 00               wave_Len	dw 0		; LENGTH 24-bit
(1) 4427/    1CEF : 00                  		db 0
(1) 4428/    1CF0 : 00 00               wave_Loop	dw 0		; LOOP POINT 24-bit
(1) 4429/    1CF2 : 00                  		db 0
(1) 4430/    1CF3 : 00 01               wave_Pitch	dw 0100h	; 01.00h
(1) 4431/    1CF5 : 00                  wave_Flags	db 0		; WAVE playback flags (%10x: 1 loop / 0 no loop)
(1) 4432/    1CF6 :                     
(1) 4433/    1CF6 : 00                  tickSpSet	db 0		; **
(1) 4434/    1CF7 : 00                  tickFlag	db 0		; Tick flag from VBlank
(1) 4435/    1CF8 : 00                  tickCnt		db 0		; ** Tick counter (PUT THIS AFTER tickFlag)
(1) 4436/    1CF9 : 00                  currTickBits	db 0		; Current Tick/Subbeat flags (000000BTb B-beat, T-tick)
(1) 4437/    1CFA :                     
(1) 4438/    1CFA :                     ; ====================================================================
(1) 4439/    1CFA :                     ; ----------------------------------------------------------------
(1) 4440/    1CFA :                     ; Special aligned buffers
(1) 4441/    1CFA :                     ;
(1) 4442/    1CFA :                     ; Located at 1D00h
(1) 4443/    1CFA :                     ; ----------------------------------------------------------------
(1) 4444/    1CFA :                     
(1) 4445/    1D00 :                     		org 1D00h
(1) 4446/    1D00 :                     dWaveBuff	ds 100h				; WAVE data buffer: 100h bytes
(1) 4447/    1E00 :                     trkChnls	ds 8*MAX_TRKCHN
(1) 4448/    1F00 :                     trkCach_0	ds MAX_RCACH
(1) 4449/    1F20 :                     trkCach_1	ds MAX_RCACH
(1) 4450/    1F40 :                     trkCach_2	ds MAX_RCACH
(1) 4451/    1F60 :                     
(1) 4452/    1F60 :                     ; ====================================================================
(1) 4453/    1F60 :                     ; ----------------------------------------------------------------
(1) 4454/    1F60 :                     ; Control area
(1) 4455/    1F60 :                     ; * MANUAL ORDER, check gema.asm *
(1) 4456/    1F60 :                     ; ----------------------------------------------------------------
(1) 4457/    1F60 :                     
(1) 4458/    1F60 :                     		org 1F60h
(1) 4459/    1F60 :                     commZfifo	ds MAX_ZCMND			; Buffer for commands from 68k side
(1) 4460/    1F80 : 00                  commZWrite	db 0				; cmd fifo wptr (from 68k)
(1) 4461/    1F81 : 00                  commZRomBlk	db 0				; 68k ROM block flag
(1) 4462/    1F82 : 00 00               cdRamDst	db 0,0				; ** Z80 destination
(1) 4463/    1F84 : 00 00               cdRamSrc	db 0,0				; ** 68k 24-bit source
(1) 4464/    1F86 : 00                  cdRamSrcB	db 0				; **
(1) 4465/    1F87 : 00                  cdRamLen	db 0				; Size + status flag
(1) 4466/    1F88 : 00                  palMode		db 0				; PAL mode flag
(1) 4467/    1F89 : 00                  mcdBlock	db 0				; Flag to BLOCK PCM transfers.
(1) 4468/    1F8A : 00                  marsBlock	db 0				; Flag to BLOCK PWM transfers.
(1) 4469/    1F8B :                     
(1) 4470/    1F8B :                     ; --------------------------------------------------------
(1) 4471/    3EC5 :                     		dephase
(1) 4472/    3EC5 :                     		cpu 68000		; [AS] Return to 68k
(1) 4473/    3EC5 :                     		padding off		; [AS] NO padding
(1) 4474/    3EC5 :                     		align 2
(1) 4475/    3EC6 :                     
     302/    3EC6 :                     Z80_CODE_END:
     309/    3EC6 :                     Z80_CODE_EOF:
     310/    3EC6 :                     
     311/    3EC6 :                     ; ====================================================================
     312/    3EC6 :                     ; --------------------------------------------------------
     313/    3EC6 :                     ; SEGA CD SUB-CPU data
     314/    3EC6 :                     ; --------------------------------------------------------
     315/    3EC6 :                     
     330/    3EC6 :                     
     331/    3EC6 :                     ; ====================================================================
     332/    3EC6 :                     ; ----------------------------------------------------------------
     333/    3EC6 :                     ; SH2 code sent to SDRAM area
     334/    3EC6 :                     ; ----------------------------------------------------------------
     335/    3EC6 :                     
     341/    3EC6 :                     MARS_RAMCODE:
     347/    3EC6 :                     		align 4
     349/    3EC8 :                     MARS_RAMCODE_E:
     354/    3EC8 :                     
     355/    3EC8 :                     ; ====================================================================
     356/    3EC8 :                     ; --------------------------------------------------------
     357/    3EC8 :                     ; CODE
     358/    3EC8 :                     ; --------------------------------------------------------
     359/    3EC8 :                     
     360/    3EC8 :                     		include "game/incl_code.asm"
(1)    1/    3EC8 :                     ; ====================================================================
(1)    2/    3EC8 :                     ; ----------------------------------------------------------------
(1)    3/    3EC8 :                     ; CODE Section
(1)    4/    3EC8 :                     ; ----------------------------------------------------------------
(1)    5/    3EC8 :                     
(1)    6/    3EC8 :                     ; ------------------------------------------------------------
(1)    7/    3EC8 :                     ; Usage:
(1)    8/    3EC8 :                     ; 	code_bank START_LABEL,END_LABEL,CODE_PATH
(1)    9/    3EC8 :                     ;
(1)   10/    3EC8 :                     ; Go to incl_list.asm add an entry in .screen_list:
(1)   11/    3EC8 :                     ; 	dc.l START_LABEL		; Label
(1)   12/    3EC8 :                     ; 	dc.b "SCR_EXMP.BIN"		; ISO filename
(1)   13/    3EC8 :                     ; * IN ORDER by ID *
(1)   14/    3EC8 :                     ;
(1)   15/    3EC8 :                     ; CD/CD32X:
(1)   16/    3EC8 :                     ; Labels and ISO filename at iso_files.asm
(1)   17/    3EC8 :                     ; ------------------------------------------------------------
(1)   18/    3EC8 :                     
(1)   19/    3EC8 : (MACRO)              	code_bank Md_Screen00,Md_Screen00_e,"game/code/main.asm"
(1)   19/    3EC8 : =$3EC8               MD_SCREEN00 label *                        ; Register start label
(1)   19/    3EC8 :                     mctopscrn:
(1)   19/    3EC8 :                     mcscrn_s:
(1)   19/    3EC8 :                             include "game/code/main.asm";"game/screenX/code.asm"
(2)    1/    3EC8 :                     ; ===========================================================================
(2)    2/    3EC8 :                     ; ----------------------------------------------------------------
(2)    3/    3EC8 :                     ; SCREEN CODE
(2)    4/    3EC8 :                     ; ----------------------------------------------------------------
(2)    5/    3EC8 :                     
(2)    6/    3EC8 :                     ; ====================================================================
(2)    7/    3EC8 :                     ; ------------------------------------------------------
(2)    8/    3EC8 :                     ; Variables
(2)    9/    3EC8 :                     ; ------------------------------------------------------
(2)   10/    3EC8 :                     
(2)   11/    3EC8 : =$4                  MAX_SC0_OPTIONS		equ 4
(2)   12/    3EC8 :                     
(2)   13/    3EC8 :                     ; ====================================================================
(2)   14/    3EC8 :                     ; ------------------------------------------------------
(2)   15/    3EC8 :                     ; Structs
(2)   16/    3EC8 :                     ; ------------------------------------------------------
(2)   17/    3EC8 :                     
(2)   18/    3EC8 :                     ; 			memory 2
(2)   19/    3EC8 :                     ; 			ds.b 2
(2)   20/    3EC8 :                     ; thisVram_BG		ds.b $419
(2)   21/    3EC8 :                     ; thisVram_BG_e		ds.b 0
(2)   22/    3EC8 :                     ; 			endmemory
(2)   23/    3EC8 :                     
(2)   24/    3EC8 :                     ; ====================================================================
(2)   25/    3EC8 :                     ; ------------------------------------------------------
(2)   26/    3EC8 :                     ; This screen's RAM
(2)   27/    3EC8 :                     ; ------------------------------------------------------
(2)   28/    3EC8 :                     
(2)   29/    3EC8 :  (MACRO-2)           			memory RAM_ScrnBuff
(2)   29/    3EC8 : =$3EC8               GLBL_LASTPC     := *
(2)   29/    3EC8 :                                     dephase
(2)   29/FFFFFFFFFFFFB000 :                                     phase RAM_SCRNBUFF
(2)   29/FFFFFFFFFFFFB000 : =$FFFFFFFFFFFFB000   GLBL_LASTORG    := *
(2)   30/FFFFFFFFFFFFB000 :                     RAM_SC0_CurrOption	ds.w 1
(2)   31/FFFFFFFFFFFFB002 :                     RAM_SC0_OldOption	ds.w 1
(2)   32/FFFFFFFFFFFFB004 :                     .sizeof_this		ds.l 0
(2)   33/FFFFFFFFFFFFB008 :  (MACRO-2)           			endmemory
(2)   33/    3ED0 :                     .here:          dephase
(2)   33/    3ED0 :                                     ds.b -(.here-GLBL_LASTORG)
(2)   33/    3EC8 :                                     phase GLBL_LASTPC
(2)   34/    3EC8 :  (MACRO-2)           			erreport "This screen",.sizeof_this-RAM_ScrnBuff,MAX_ScrnBuff
(2)   35/    3EC8 :                     
(2)   36/    3EC8 :                     ; ====================================================================
(2)   37/    3EC8 :                     ; ------------------------------------------------------
(2)   38/    3EC8 :                     ; Init
(2)   39/    3EC8 :                     ; ------------------------------------------------------
(2)   40/    3EC8 :                     
(2)   41/    3EC8 : 6100 C978           		bsr	Video_DisplayOff			; Disable VDP Display
(2)   42/    3ECC : 6100 DA18           		bsr	System_Default				; Default system settings
(2)   43/    3ED0 :                     	; ----------------------------------------------
(2)   44/    3ED0 :                     	; Init/Load save
(2)   45/    3ED0 :                     ; 		addq.l	#1,(RAM_Save_Counter).w
(2)   46/    3ED0 :                     ; 		bsr	System_SramSave				; Save to SRAM/BRAM
(2)   47/    3ED0 :                     	; ----------------------------------------------
(2)   48/    3ED0 :                     	; Init Print
(2)   49/    3ED0 : 203C 0000 4CFC      		move.l	#DATA_BANK0,d0				; Load MAIN DATA bank
(2)   50/    3ED6 : 6100 DD08           		bsr	System_SetDataBank
(2)   51/    3EDA : 203C 0003 700A      		move.l	#ASCII_FONT,d0
(2)   52/    3EE0 : 323C 05A0           		move.w	#DEF_PrintVram,d1
(2)   53/    3EE4 : 6100 D1AE           		bsr	Video_PrintInit
(2)   54/    3EE8 : 203C 0003 7C0A      		move.l	#ASCII_FONT_W,d0
(2)   55/    3EEE : 323C 04E0           		move.w	#DEF_PrintVramW,d1
(2)   56/    3EF2 : 6100 D19A           		bsr	Video_PrintInitW
(2)   57/    3EF6 : 6100 D1A6           		bsr	Video_PrintDefPal_Fade
(2)   58/    3EFA :                     	; ----------------------------------------------
(2)   59/    3EFA :                     ; 		move.l	#ART_TESTBG,d0
(2)   60/    3EFA :                     ; 		move.w	#cell_num(thisVram_BG),d1
(2)   61/    3EFA :                     ; 		move.w	#cell_num(thisVram_BG_e-thisVram_BG),d2
(2)   62/    3EFA :                     ; 		bsr	Video_LoadArt
(2)   63/    3EFA :                     ; 		lea	(MAP_TESTBG),a0
(2)   64/    3EFA :                     ; 		move.l	#splitw(0,0),d0
(2)   65/    3EFA :                     ; 		move.l	#splitw(320/8,224/8),d1
(2)   66/    3EFA :                     ; 		move.l	#splitw(DEF_HSIZE_64,DEF_VRAM_BG),d2
(2)   67/    3EFA :                     ; 		move.w	#thisVram_BG|$4000,d3
(2)   68/    3EFA :                     ; 		bsr	Video_LoadMap
(2)   69/    3EFA :                     ; 		lea	(PAL_TESTBG),a0
(2)   70/    3EFA :                     ; 		moveq	#32,d0
(2)   71/    3EFA :                     ; 		moveq	#16,d1
(2)   72/    3EFA :                     ; 		bsr	Video_FadePal
(2)   89/    3EFA :                     	; ----------------------------------------------
(2)   90/    3EFA : 41FA 0158           		lea	str_MenuText(pc),a0
(2)   91/    3EFE : 7001                		moveq	#1,d0					; X/Y position: 1,1
(2)   92/    3F00 : 7201                		moveq	#1,d1
(2)   93/    3F02 : 343C 64E0           		move.w	#DEF_PrintVramW|DEF_PrintPal,d2		; FG VRAM location
(2)   94/    3F06 : 263C 0080 C000      		move.l	#splitw(DEF_HSIZE_64,DEF_VRAM_FG),d3	; FG width
(2)   95/    3F0C : 6100 D238           		bsr	Video_PrintW
(2)   96/    3F10 :                     ; 		lea	(RAM_Save_Counter).w,a0
(2)   97/    3F10 :                     ; 		move.l	#3,a1
(2)   98/    3F10 :                     ; 		moveq	#1,d0
(2)   99/    3F10 :                     ; 		moveq	#3,d1
(2)  100/    3F10 :                     ; 		move.w	#DEF_PrintVramW|DEF_PrintPal,d2
(2)  101/    3F10 :                     ; 		move.l	#splitw(DEF_HSIZE_64,DEF_VRAM_FG),d3
(2)  102/    3F10 :                     ; 		bsr	Video_PrintValW
(2)  103/    3F10 : 6128                		bsr	.loop_print				; Draw counter
(2)  104/    3F12 :                     ; 		moveq	#0,d0
(2)  105/    3F12 :                     ; 		moveq	#0,d1
(2)  106/    3F12 :                     ; 		bsr	gemaPlaySeqAuto
(2)  107/    3F12 :                     	; ----------------------------------------------
(2)  108/    3F12 : 6100 C922           		bsr	Video_DisplayOn				; Enable VDP Display
(2)  109/    3F16 : 6100 D09C           		bsr	Video_FadeIn_Full			; Full fade-in w/Delay
(2)  110/    3F1A :                     
(2)  111/    3F1A :                     ; ====================================================================
(2)  112/    3F1A :                     ; ------------------------------------------------------
(2)  113/    3F1A :                     ; Loop
(2)  114/    3F1A :                     ; ------------------------------------------------------
(2)  115/    3F1A :                     
(2)  116/    3F1A :                     .loop:
(2)  117/    3F1A : 6100 D6E2           		bsr	System_Render
(2)  118/    3F1E : 611A                		bsr	.loop_print
(2)  119/    3F20 :                     
(2)  125/    3F20 :                     
(2)  126/    3F20 :                     	; CD only
(2)  127/    3F20 :                     	; check ABC+Start "home" combo
(2)  132/    3F20 :                     
(2)  133/    3F20 :                     		;!@
(2)  134/    3F20 :                     		;lea	(Controller_1).w,a6
(2)  135/    3F20 :                     		;move.w	pad_press(a6),d7
(2)  136/    3F20 :                     		;Check if ANY controllers have had Start button pressed
(2)  137/    3F20 : 6134                		bsr		.joyHandler
(2)  138/    3F22 : 3E39 FFFF D00A      		move.w	(RAM_Glbl_joy_press).l,d7
(2)  139/    3F28 : 0807 0007           		btst	#bitJoyStart,d7
(2)  140/    3F2C : 67EC                		beq.s	.loop
(2)  141/    3F2E :                     		
(2)  142/    3F2E : 6100 D096           		bsr	Video_FadeOut_Full
(2)  143/    3F32 : 31FC 0007 F180      		move.w	#7,(RAM_ScreenMode).w			; Go to Screen $07: GEMA tester
(2)  144/    3F38 : 4E75                		rts
(2)  145/    3F3A :                     		
(2)  146/    3F3A :                     ; ------------------------------------------------------
(2)  147/    3F3A :                     ; Show framecounter and input
(2)  148/    3F3A :                     ; ------------------------------------------------------
(2)  149/    3F3A :                     
(2)  150/    3F3A :                     .loop_print:
(2)  151/    3F3A : 41F8 F0DC           		lea	(RAM_Framecount).w,a0			; Memory location to print
(2)  152/    3F3E : 227C 0000 0003      		move.l	#3,a1					; Display type 3
(2)  153/    3F44 : 701F                		moveq	#31,d0
(2)  154/    3F46 : 7201                		moveq	#1,d1
(2)  155/    3F48 : 343C 64E0           		move.w	#DEF_PrintVramW|DEF_PrintPal,d2		; VRAM ascii location w/attr
(2)  156/    3F4C : 263C 0080 C000      		move.l	#splitw(DEF_HSIZE_64,DEF_VRAM_FG),d3	; VRAM output location and width size
(2)  157/    3F52 : 6000 D33C           		bra	Video_PrintValW
(2)  158/    3F56 :                     		
(2)  159/    3F56 :                     ; ------------------------------------------------------
(2)  160/    3F56 :                     ; !@ Joypad handler
(2)  161/    3F56 :                     ; Uses: a6,d7
(2)  162/    3F56 :                     ; ------------------------------------------------------		
(2)  163/    3F56 :                     .joyHandler:
(2)  164/    3F56 :                     	;Handle hold states
(2)  165/    3F56 : 4DF8 F0F8           	lea	(Controller_1).w,a6					;Put controller1_hold into RAM_Glbl_joy_hold (will be pico_pen in pico mode)
(2)  166/    3F5A : 3E2E 0002           	move.w	pad_hold(a6),d7
(2)  167/    3F5E : 33C7 FFFF D008      	move.w	d7,(RAM_Glbl_joy_hold).l
(2)  168/    3F64 : 4DF8 F10C           	lea	(Controller_2).w,a6					;Put controller2_hold into RAM_Glbl_joy2_hold (will be pico_ext in pico mode, P2 in Genesis mode)
(2)  169/    3F68 : 3E2E 0002           	move.w	pad_hold(a6),d7
(2)  170/    3F6C : 33C7 FFFF D00E      	move.w	d7,(RAM_Glbl_joy2_hold).l
(2)  171/    3F72 : 4DF8 F120           	lea	(Controller_3).w,a6					;Put controller3_hold into d7
(2)  172/    3F76 : 3E2E 0002           	move.w	pad_hold(a6),d7
(2)  173/    3F7A : 8F79 FFFF D00E      	or.w	d7,(RAM_Glbl_joy2_hold).l		;OR (RAM_Glbl_joy2_hold,d7)
(2)  174/    3F80 : 4DF8 F134           	lea	(Controller_4).w,a6					;Ditto OR for controller4_hold
(2)  175/    3F84 : 3E2E 0002           	move.w	pad_hold(a6),d7
(2)  176/    3F88 : 8F79 FFFF D00E      	or.w	d7,(RAM_Glbl_joy2_hold).l	
(2)  177/    3F8E : 4DF8 F148           	lea	(Controller_5).w,a6					;Ditto OR for controller5_hold
(2)  178/    3F92 : 3E2E 0002           	move.w	pad_hold(a6),d7
(2)  179/    3F96 : 8F79 FFFF D00E      	or.w	d7,(RAM_Glbl_joy2_hold).l
(2)  180/    3F9C :                     		
(2)  181/    3F9C :                     	;Repeat everything above, but for controller_press
(2)  182/    3F9C : 4DF8 F0F8           	lea	(Controller_1).w,a6
(2)  183/    3FA0 : 3E2E 0004           	move.w	pad_press(a6),d7
(2)  184/    3FA4 : 33C7 FFFF D00A      	move.w	d7,(RAM_Glbl_joy_press).l
(2)  185/    3FAA : 4DF8 F10C           	lea	(Controller_2).w,a6
(2)  186/    3FAE : 3E2E 0004           	move.w	pad_press(a6),d7
(2)  187/    3FB2 : 33C7 FFFF D010      	move.w	d7,(RAM_Glbl_joy2_press).l
(2)  188/    3FB8 : 4DF8 F120           	lea	(Controller_3).w,a6
(2)  189/    3FBC : 3E2E 0004           	move.w	pad_press(a6),d7
(2)  190/    3FC0 : 8F79 FFFF D010      	or.w	d7,(RAM_Glbl_joy2_press).l	
(2)  191/    3FC6 : 4DF8 F134           	lea	(Controller_4).w,a6
(2)  192/    3FCA : 3E2E 0004           	move.w	pad_press(a6),d7
(2)  193/    3FCE : 8F79 FFFF D010      	or.w	d7,(RAM_Glbl_joy2_press).l	
(2)  194/    3FD4 : 4DF8 F148           	lea	(Controller_5).w,a6
(2)  195/    3FD8 : 3E2E 0004           	move.w	pad_press(a6),d7
(2)  196/    3FDC : 8F79 FFFF D010      	or.w	d7,(RAM_Glbl_joy2_press).l
(2)  197/    3FE2 :                     	
(2)  198/    3FE2 :                     	;Repeat everything above, but for controller_release
(2)  199/    3FE2 : 4DF8 F0F8           	lea	(Controller_1).w,a6
(2)  200/    3FE6 : 3E2E 0006           	move.w	pad_release(a6),d7
(2)  201/    3FEA : 33C7 FFFF D00C      	move.w	d7,(RAM_Glbl_joy_release).l
(2)  202/    3FF0 : 4DF8 F10C           	lea	(Controller_2).w,a6
(2)  203/    3FF4 : 3E2E 0006           	move.w	pad_release(a6),d7
(2)  204/    3FF8 : 33C7 FFFF D012      	move.w	d7,(RAM_Glbl_joy2_release).l
(2)  205/    3FFE : 4DF8 F120           	lea	(Controller_3).w,a6
(2)  206/    4002 : 3E2E 0006           	move.w	pad_release(a6),d7
(2)  207/    4006 : 8F79 FFFF D012      	or.w	d7,(RAM_Glbl_joy2_release).l	
(2)  208/    400C : 4DF8 F134           	lea	(Controller_4).w,a6
(2)  209/    4010 : 3E2E 0006           	move.w	pad_release(a6),d7
(2)  210/    4014 : 8F79 FFFF D012      	or.w	d7,(RAM_Glbl_joy2_release).l	
(2)  211/    401A : 4DF8 F148           	lea	(Controller_5).w,a6
(2)  212/    401E : 3E2E 0006           	move.w	pad_release(a6),d7
(2)  213/    4022 : 8F79 FFFF D012      	or.w	d7,(RAM_Glbl_joy2_release).l
(2)  214/    4028 :                     	
(2)  215/    4028 :                     	;Concatenate everything for final hold,press,release logical bitfields
(2)  216/    4028 : 4DF9 FFFF D008      	lea		(RAM_Glbl_joy_hold).l,a6	;Load final joy_hold into a6
(2)  217/    402E : 3E39 FFFF D00E      	move.w	(RAM_Glbl_joy2_hold).l,d7	;Move joy2_hold value into d7
(2)  218/    4034 : 8F56                	or.w	d7,(a6)						;OR d7,valueAt(a6)
(2)  219/    4036 :                     	;Repeat for joy_press
(2)  220/    4036 : 4DF9 FFFF D00A      	lea		(RAM_Glbl_joy_press).l,a6
(2)  221/    403C : 3E39 FFFF D010      	move.w	(RAM_Glbl_joy2_press).l,d7
(2)  222/    4042 : 8F56                	or.w	d7,(a6)	
(2)  223/    4044 :                     	;Repeat for joy_release
(2)  224/    4044 : 4DF9 FFFF D00C      	lea		(RAM_Glbl_joy_release).l,a6
(2)  225/    404A : 3E39 FFFF D012      	move.w	(RAM_Glbl_joy2_release).l,d7
(2)  226/    4050 : 8F56                	or.w	d7,(a6)
(2)  227/    4052 :                     	
(2)  228/    4052 :                     	;If Genesis mode, overwrite joy2_hold,_press,_release with just final bitfield. We dont care
(2)  242/    4052 : 4E75                	rts
(2)  243/    4054 :                     
(2)  244/    4054 :                     ; ; ------------------------------------------------------
(2)  245/    4054 :                     
(2)  246/    4054 :                     ; ------------------------------------------------------
(2)  247/    4054 :                     ; SCD ONLY
(2)  248/    4054 :                     ; ------------------------------------------------------
(2)  249/    4054 :                     
(2)  255/    4054 :                     
(2)  256/    4054 :                     ; ====================================================================
(2)  257/    4054 :                     ; ------------------------------------------------------
(2)  258/    4054 :                     ; Objects
(2)  259/    4054 :                     ; ------------------------------------------------------
(2)  260/    4054 :                     
(2)  261/    4054 :                     ; ====================================================================
(2)  262/    4054 :                     ; ------------------------------------------------------
(2)  263/    4054 :                     ; Custom VBlank
(2)  264/    4054 :                     ; ------------------------------------------------------
(2)  265/    4054 :                     
(2)  266/    4054 :                     ; ------------------------------------------------------
(2)  267/    4054 :                     ; Custom HBlank
(2)  268/    4054 :                     ; ------------------------------------------------------
(2)  269/    4054 :                     
(2)  270/    4054 :                     ; ====================================================================
(2)  271/    4054 :                     ; ------------------------------------------------------
(2)  272/    4054 :                     ; Includes for this screen
(2)  273/    4054 :                     ; ------------------------------------------------------
(2)  274/    4054 :                     
(2)  275/    4054 :                     ; ====================================================================
(2)  276/    4054 :                     ; ------------------------------------------------------
(2)  277/    4054 :                     ; Small data section
(2)  278/    4054 :                     ; ------------------------------------------------------
(2)  279/    4054 :                     
(2)  280/    4054 :                     str_MenuText:
(2)  281/    4054 : 4E69 6B6F 6E61      		dc.b "Nikona screen template",$0A
             405A : 2073 6372 6565 
             4060 : 6E20 7465 6D70 
             4066 : 6C61 7465 0A       
(2)  282/    406B : 00                  		dc.b 0
(2)  283/    406C :                     		align 2
(2)  284/    406C :                     
(2)  285/    406C :                     ; ====================================================================
(2)  286/    406C :                     
(1)   19/    406C :                     mcscrn_e:
(1)   19/    406C : =$406C               MD_SCREEN00_E label *
(1)   19/    406C :  (MACRO-2)                   erreport "SCREEN CODE: MD_SCREEN00",mcscrn_e-mcscrn_s,MAX_UserCode
(1)   20/    406C : (MACRO)              	code_bank Md_Screen07,Md_Screen07_e,"game/code/sound_test.asm"
(1)   20/    406C : =$406C               MD_SCREEN07 label *                        ; Register start label
(1)   20/    406C :                     mctopscrn:
(1)   20/    406C :                     mcscrn_s:
(1)   20/    406C :                             include "game/code/sound_test.asm";"game/screenX/code.asm"
(2)    1/    406C :                     ; ===========================================================================
(2)    2/    406C :                     ; ===========================================================================
(2)    3/    406C :                     ; ----------------------------------------------------------------
(2)    4/    406C :                     ; GEMA SOUND TESTER
(2)    5/    406C :                     ; ----------------------------------------------------------------
(2)    6/    406C :                     
(2)    7/    406C :                     ; ====================================================================
(2)    8/    406C :                     ; ------------------------------------------------------
(2)    9/    406C :                     ; Settings
(2)   10/    406C :                     ; ------------------------------------------------------
(2)   11/    406C :                     
(2)   12/    406C : =$1                  VIEW_GEMAINFO		equ True	; ** Using this causes loss of DAC quality **
(2)   13/    406C : =$1                  VIEW_FAIRY		equ True		; Show status Dodo/Mifi/Fifi/Pifi
(2)   14/    406C :                     
(2)   15/    406C :                     ; ====================================================================
(2)   16/    406C :                     ; ------------------------------------------------------
(2)   17/    406C :                     ; Variables
(2)   18/    406C :                     ; ------------------------------------------------------
(2)   19/    406C :                     
(2)   20/    406C : =$7                  MAX_SNDPICK		equ 7
(2)   21/    406C : =$10                 SET_SNDVIEWY		equ 16
(2)   22/    406C :                     
(2)   23/    406C :                     ; ====================================================================
(2)   24/    406C :                     ; ------------------------------------------------------
(2)   25/    406C :                     ; Structs
(2)   26/    406C :                     ; ------------------------------------------------------
(2)   27/    406C :                     
(2)   28/    406C :  (MACRO-2)           			memory 2
(2)   28/    406C : =$406C               GLBL_LASTPC     := *
(2)   28/    406C :                                     dephase
(2)   28/       2 :                                     phase 2
(2)   28/       2 : =$2                  GLBL_LASTORG    := *
(2)   29/       2 :                     setVram_Dodo		ds.b $30
(2)   30/      32 :                     setVram_Mimi		ds.b $30
(2)   31/      62 :                     setVram_Fifi		ds.b $30
(2)   32/      92 :                     setVram_Pifi		ds.b $30	;!@ New
(2)   33/      C2 :  (MACRO-2)           			endmemory
(2)   33/    412C :                     .here:          dephase
(2)   33/    412C :                                     ds.b -(.here-GLBL_LASTORG)
(2)   33/    406C :                                     phase GLBL_LASTPC
(2)   34/    406C :                     
(2)   35/    406C :                     ; ====================================================================
(2)   36/    406C :                     ; ------------------------------------------------------
(2)   37/    406C :                     ; This mode's RAM
(2)   38/    406C :                     ; ------------------------------------------------------
(2)   39/    406C :                     
(2)   40/    406C :  (MACRO-2)           			memory RAM_ScrnBuff
(2)   40/    406C : =$406C               GLBL_LASTPC     := *
(2)   40/    406C :                                     dephase
(2)   40/FFFFFFFFFFFFB000 :                                     phase RAM_SCRNBUFF
(2)   40/FFFFFFFFFFFFB000 : =$FFFFFFFFFFFFB000   GLBL_LASTORG    := *
(2)   41/FFFFFFFFFFFFB000 :                     RAM_ThisObjList		ds.b obj_len*64
(2)   42/FFFFFFFFFFFFCA00 :                     RAM_GemaCache_PSG	ds.l 3
(2)   43/FFFFFFFFFFFFCA0C :                     RAM_GemaCache_PSGN	ds.l 1
(2)   44/FFFFFFFFFFFFCA10 :                     RAM_GemaCache_FM	ds.l 4
(2)   45/FFFFFFFFFFFFCA20 :                     RAM_GemaCache_FM3	ds.l 1
(2)   46/FFFFFFFFFFFFCA24 :                     RAM_GemaCache_FM6	ds.l 1
(2)   47/FFFFFFFFFFFFCA28 :                     RAM_GemaCache_PCM	ds.l 8
(2)   48/FFFFFFFFFFFFCA48 :                     RAM_GemaCache_PWM	ds.l 8
(2)   49/FFFFFFFFFFFFCA68 :                     RAM_CurrPick		ds.w 1
(2)   50/FFFFFFFFFFFFCA6A :                     RAM_LastPick		ds.w 1
(2)   51/FFFFFFFFFFFFCA6C :                     RAM_GemaSeq		ds.w 1		; ''
(2)   52/FFFFFFFFFFFFCA6E :                     RAM_GemaBlk		ds.w 1		; ''
(2)   53/FFFFFFFFFFFFCA70 :                     RAM_GemaIndx		ds.w 1		; DONT MOVE
(2)   54/FFFFFFFFFFFFCA72 :                     RAM_GemaStatus		ds.w 4
(2)   55/FFFFFFFFFFFFCA7A :                     RAM_FairyVars		ds.w 1
(2)   56/FFFFFFFFFFFFCA7C :                     RAM_CurrBeats		ds.w 1
(2)   57/FFFFFFFFFFFFCA7E :                     RAM_Copy_fmSpecial	ds.w 1
(2)   58/FFFFFFFFFFFFCA80 :                     RAM_Copy_HasDac		ds.w 1
(2)   59/FFFFFFFFFFFFCA82 :                     RAM_ScratchW		ds.w 1	;!@ Scratch word
(2)   60/FFFFFFFFFFFFCA84 :                     RAM_ScratchB		ds.b 1	;!@ Scratch byte
(2)   61/FFFFFFFFFFFFCA85 :                     sizeof_thisbuff		ds.l 0
(2)   62/FFFFFFFFFFFFCA88 :  (MACRO-2)           			endmemory
(2)   62/    5AF4 :                     .here:          dephase
(2)   62/    5AF4 :                                     ds.b -(.here-GLBL_LASTORG)
(2)   62/    406C :                                     phase GLBL_LASTPC
(2)   63/    406C :                     
(2)   64/    406C :  (MACRO-2)           	erreport "THIS SCREEN",sizeof_thisbuff-RAM_ScrnBuff,MAX_ScrnBuff
(2)   65/    406C :                     
(2)   66/    406C :                     ; ====================================================================
(2)   67/    406C :                     ; ------------------------------------------------------
(2)   68/    406C :                     ; Init
(2)   69/    406C :                     ; ------------------------------------------------------				
(2)   70/    406C : 6100 C7D4           		bsr	Video_DisplayOff
(2)   71/    4070 : 6100 D874           		bsr	System_Default
(2)   72/    4074 :                     	; ----------------------------------------------
(2)   73/    4074 :                     	; Load assets
(2)   74/    4074 : 203C 0000 4CFC      		move.l	#DATA_BANK0,d0
(2)   75/    407A : 6100 DB64           		bsr	System_SetDataBank
(2)   76/    407E :                     	; ----------------------------------------------
(2)   77/    407E : 203C 0003 700A      		move.l	#ASCII_FONT,d0			; Load and setup PRINT system
(2)   78/    4084 : 323C 65A0           		move.w	#DEF_PrintVram|$6000,d1
(2)   79/    4088 : 6100 D00A           		bsr	Video_PrintInit
(2)   80/    408C : 203C 0003 7C0A      		move.l	#ASCII_FONT_W,d0
(2)   81/    4092 : 323C 64E0           		move.w	#DEF_PrintVramW|$6000,d1
(2)   82/    4096 : 6100 CFF6           		bsr	Video_PrintInitW
(2)   83/    409A : 41F8 EF10           		lea	(RAM_PaletteFade+$40).w,a0
(2)   84/    409E : 30BC 0000           		move.w	#$0000,(a0)
(2)   85/    40A2 : 317C 00E0 0002      		move.w	#$00E0,2(a0)
(2)   86/    40A8 : 317C 00A0 0004      		move.w	#$00A0,4(a0)
(2)   87/    40AE : 317C 0080 0004      		move.w	#$0080,4(a0)
(2)   88/    40B4 : D0FC 0020           		adda	#$20,a0
(2)   89/    40B8 : 30BC 0000           		move.w	#$0000,(a0)
(2)   90/    40BC : 317C 0EEE 0002      		move.w	#$0EEE,2(a0)
(2)   91/    40C2 : 317C 0AAA 0004      		move.w	#$0AAA,4(a0)
(2)   92/    40C8 : 317C 0888 0004      		move.w	#$0888,4(a0)
(2)   93/    40CE : 41F9 0003 A58C      		lea	(objPal_Dodo+2),a0
(2)   94/    40D4 : 7001                		moveq	#1,d0
(2)   95/    40D6 : 323C 000F           		move.w	#15,d1
(2)   96/    40DA : 6100 CF3C           		bsr	Video_FadePal
(2)   97/    40DE : 41FA 077C           		lea	ArtList_Stuff(pc),a0
(2)   98/    40E2 : 6100 CA02           		bsr	Video_LoadArt_List
(2)   99/    40E6 :                     	; ----------------------------------------------
(2)  100/    40E6 : 41FA 0796           		lea	str_TesterTitle(pc),a0
(2)  101/    40EA : 700C                		moveq	#12,d0
(2)  102/    40EC : 7202                		moveq	#2,d1
(2)  103/    40EE : 343C 64E0           		move.w	#DEF_PrintVramW|DEF_PrintPal,d2
(2)  104/    40F2 : 263C 0080 C000      		move.l	#splitw(DEF_HSIZE_64,DEF_VRAM_FG),d3
(2)  105/    40F8 : 6100 D04C           		bsr	Video_PrintW
(2)  106/    40FC :                     		
(2)  107/    40FC :                     	;!@ Subtitle
(2)  116/    40FC :                     		
(2)  117/    40FC : 41FA 07A4           		lea	str_TesterInfo(pc),a0
(2)  119/    4100 : 7006                		moveq	#6,d0
(2)  123/    4102 : 7207                		moveq	#7,d1
(2)  124/    4104 : 343C 45A0           		move.w	#DEF_PrintVram|$4000,d2
(2)  125/    4108 : 6100 CFB2           		bsr	Video_Print
(2)  126/    410C :                     		
(2)  127/    410C : 41FA 07F6           		lea	str_Instruc(pc),a0
(2)  128/    4110 : 7002                		moveq	#2,d0
(2)  129/    4112 :                     		;!@ moveq	#21,d1
(2)  130/    4112 : 7216                		moveq	#22,d1
(2)  131/    4114 : 343C 45A0           		move.w	#DEF_PrintVram|$4000,d2
(2)  132/    4118 : 6100 CFA2           		bsr	Video_Print
(2)  133/    411C : 6100 02AE           		bsr	.gema_viewinit
(2)  134/    4120 :                     ; 		bsr	.show_cursor
(2)  135/    4120 :                     	; ----------------------------------------------
(2)  136/    4120 : 6100 C158           		bsr	gemaReset				; Load default GEMA sound data
(2)  137/    4124 : 6100 015E           		bsr	.show_me
(2)  138/    4128 : 6100 02E2           		bsr	.gema_view
(2)  139/    412C :                     ; 		bsr	.steal_vars
(2)  140/    412C :                     	; ----------------------------------------------
(2)  141/    412C : 6100 C708           		bsr	Video_DisplayOn
(2)  142/    4130 : 6100 DAE2           		bsr	Objects_Run
(2)  143/    4134 : 6100 C4A4           		bsr	Video_BuildSprites
(2)  144/    4138 : 6100 D4C4           		bsr	System_Render
(2)  145/    413C : 6100 CE76           		bsr	Video_FadeIn_Full
(2)  146/    4140 :                     ; ====================================================================
(2)  147/    4140 :                     ; ------------------------------------------------------
(2)  148/    4140 :                     ; Loop
(2)  149/    4140 :                     ; ------------------------------------------------------
(2)  150/    4140 :                     
(2)  151/    4140 :                     .loop:
(2)  152/    4140 : 6100 D4BC           		bsr	System_Render		
(2)  153/    4144 :                     ; 		bsr	.show_cursor
(2)  154/    4144 : 6100 02C6           		bsr	.gema_view
(2)  155/    4148 : 6100 DACA           		bsr	Objects_Run
(2)  156/    414C : 6100 C48C           		bsr	Video_BuildSprites
(2)  157/    4150 :                     
(2)  158/    4150 :                     	; NEW controls
(2)  159/    4150 : 6100 0498           		bsr	.joyHandler		;!@		
(2)  160/    4154 :                     		;!@ lea	(Controller_1).w,a6
(2)  161/    4154 :                     	; LEFT/RIGHT
(2)  162/    4154 :                     		;If any genesis controller has pressed start, then exit screen
(2)  163/    4154 :                     		;!@ move.w	pad_press(a6),d7
(2)  164/    4154 : 3E39 FFFF D010      		move.w	(RAM_Glbl_joy2_press).l,d7	;!@
(2)  165/    415A : 3C07                		move.w	d7,d6
(2)  166/    415C : 0246 0080           		andi.w	#JoyStart,d6
(2)  167/    4160 : 6600 00EE           		bne	.exit_this
(2)  168/    4164 :                     		
(2)  169/    4164 :                     		;!@ Check if any controller has pressed left/right
(2)  170/    4164 : 3E39 FFFF D00A      		move.w	(RAM_Glbl_joy_press).l,d7	;!@
(2)  171/    416A : 0247 000C           		andi.w	#JoyLeft+JoyRight,d7
(2)  172/    416E : 6718                		beq.s	.lr_seq
(2)  173/    4170 : 7001                		moveq	#1,d0
(2)  174/    4172 : 0247 0004           		andi.w	#JoyLeft,d7
(2)  175/    4176 : 6708                		beq.s	.lr_right
(2)  176/    4178 : 4A78 CA6C           		tst.w	(RAM_GemaSeq).w
(2)  177/    417C : 670A                		beq.s	.lr_seq
(2)  178/    417E : 4440                		neg.w	d0
(2)  179/    4180 :                     .lr_right:
(2)  180/    4180 : D178 CA6C           		add.w	d0,(RAM_GemaSeq).w
(2)  181/    4184 : 6100 00FE           		bsr	.show_me
(2)  182/    4188 :                     .lr_seq:
(2)  183/    4188 :                     
(2)  184/    4188 :                     	; UP/DOWN
(2)  185/    4188 :                     		;!@ move.w	pad_press(a6),d7
(2)  186/    4188 :                     		;Check if any controller has pressed Up/Down
(2)  187/    4188 : 3E39 FFFF D00A      		move.w	(RAM_Glbl_joy_press).l,d7	;!@
(2)  188/    418E : 0247 0003           		andi.w	#JoyUp+JoyDown,d7
(2)  189/    4192 : 6718                		beq.s	.ud_seq
(2)  190/    4194 : 7001                		moveq	#1,d0
(2)  191/    4196 :                     ; 		andi.w	#JoyUp,d7
(2)  192/    4196 : 0247 0001           		andi.w	#JoyUp,d7
(2)  193/    419A : 6708                		beq.s	.ud_right
(2)  194/    419C : 4A78 CA6E           		tst.w	(RAM_GemaBlk).w
(2)  195/    41A0 : 670A                		beq.s	.ud_seq
(2)  196/    41A2 : 4440                		neg.w	d0
(2)  197/    41A4 :                     .ud_right:
(2)  198/    41A4 : D178 CA6E           		add.w	d0,(RAM_GemaBlk).w
(2)  199/    41A8 : 6100 00DA           		bsr	.show_me
(2)  200/    41AC :                     .ud_seq:
(2)  201/    41AC :                     
(2)  202/    41AC :                     	; X/Y
(2)  203/    41AC :                     		;!@ move.w	pad_press(a6),d7
(2)  204/    41AC :                     		; Check if any Genesis controller has pressed X/Y
(2)  205/    41AC : 3E39 FFFF D010      		move.w	(RAM_Glbl_joy2_press).l,d7	;!@
(2)  206/    41B2 : 0247 0600           		andi.w	#JoyX+JoyY,d7
(2)  207/    41B6 : 6718                		beq.s	.xy_seq
(2)  208/    41B8 : 7001                		moveq	#1,d0
(2)  209/    41BA : 0247 0400           		andi.w	#JoyX,d7
(2)  210/    41BE : 6708                		beq.s	.xy_right
(2)  211/    41C0 : 4A78 CA70           		tst.w	(RAM_GemaIndx).w
(2)  212/    41C4 : 670A                		beq.s	.xy_seq
(2)  213/    41C6 : 4440                		neg.w	d0
(2)  214/    41C8 :                     .xy_right:
(2)  215/    41C8 : D178 CA70           		add.w	d0,(RAM_GemaIndx).w
(2)  216/    41CC : 6100 00B6           		bsr	.show_me
(2)  217/    41D0 :                     .xy_seq:
(2)  218/    41D0 :                     
(2)  219/    41D0 :                     	; C BUTTON / Start (Pico)
(2)  220/    41D0 :                     		; 
(2)  221/    41D0 :                     		;!@ If PICO mode, check if pico pen has pressed start (pen button down)
(2)  223/    41D0 : 4DF8 F0F8           		lea		(Controller_1).w,a6
(2)  224/    41D4 : 3E2E 0004           		move.w	pad_press(a6),d7	;!@
(2)  225/    41D8 : 0247 0080           		andi.w	#JoyStart,d7
(2)  226/    41DC : 6706                		beq.s	.cz_gen_check
(2)  227/    41DE : 3438 CA70           		move.w	(RAM_GemaIndx).w,d2
(2)  228/    41E2 : 6018                		bra.s	.not_auto
(2)  230/    41E4 :                     		
(2)  231/    41E4 :                     .cz_gen_check:
(2)  232/    41E4 :                     		;Check if any Genesis controllers have pressed C/Z
(2)  233/    41E4 :                     		;!@ move.w	pad_press(a6),d7
(2)  234/    41E4 : 3E39 FFFF D010      		move.w	(RAM_Glbl_joy2_press).l,d7
(2)  235/    41EA : 0247 0120           		andi.w	#JoyC+JoyZ,d7
(2)  236/    41EE : 6730                		beq.s	.c_press
(2)  237/    41F0 : 3438 CA70           		move.w	(RAM_GemaIndx).w,d2
(2)  238/    41F4 : 0247 0100           		andi.w	#JoyZ,d7
(2)  239/    41F8 : 6702                		beq.s	.not_auto
(2)  240/    41FA : 74FF                		moveq	#-1,d2
(2)  241/    41FC :                     .not_auto:
(2)  242/    41FC : 3038 CA6C           		move.w	(RAM_GemaSeq).w,d0
(2)  243/    4200 : 3238 CA6E           		move.w	(RAM_GemaBlk).w,d1
(2)  244/    4204 : 6100 C15C           		bsr	gemaPlaySeq
(2)  245/    4208 :                     
(2)  246/    4208 : 3038 CA6C           		move.w	(RAM_GemaSeq).w,d0	; External beats
(2)  247/    420C : 3200                		move.w	d0,d1
(2)  248/    420E : D241                		add.w	d1,d1
(2)  249/    4210 : 41FA 061A           		lea	exgema_beats(pc),a0
(2)  250/    4214 : 3030 1000           		move.w	(a0,d1.w),d0
(2)  251/    4218 : 31C0 CA7C           		move.w	d0,(RAM_CurrBeats).w
(2)  252/    421C : 6100 C1DC           		bsr	gemaSetBeats
(2)  253/    4220 :                     .c_press:
(2)  254/    4220 :                     	; B BUTTON
(2)  255/    4220 :                     		;!@ move.w	pad_press(a6),d7
(2)  256/    4220 :                     		;If any controller has pressed B, then Stop Sequence
(2)  257/    4220 : 3E39 FFFF D00A      		move.w	(RAM_Glbl_joy_press).l,d7
(2)  258/    4226 : 0247 0010           		andi.w	#JoyB,d7
(2)  259/    422A : 670C                		beq.s	.b_press
(2)  260/    422C : 3038 CA6C           		move.w	(RAM_GemaSeq).w,d0
(2)  261/    4230 : 3238 CA70           		move.w	(RAM_GemaIndx).w,d1
(2)  262/    4234 : 6100 C15C           		bsr	gemaStopSeq
(2)  263/    4238 :                     .b_press:
(2)  264/    4238 :                     		;!@ move.w	pad_press(a6),d7
(2)  265/    4238 :                     		;If any Genesis controller has pressed A, then StopAll
(2)  266/    4238 : 3E39 FFFF D010      		move.w	(RAM_Glbl_joy2_press).l,d7
(2)  267/    423E : 0247 0040           		andi.w	#JoyA,d7
(2)  268/    4242 : 6704                		beq.s	.a_press
(2)  269/    4244 : 6100 C162           		bsr	gemaStopAll
(2)  270/    4248 :                     .a_press:
(2)  271/    4248 :                     ; 		move.w	pad_hold(a6),d7
(2)  272/    4248 :                     ; 		andi.w	#JoyA+JoyB+JoyC,d7
(2)  273/    4248 :                     ; 		bne.s	.n_up
(2)  274/    4248 :                     ; 		move.w	pad_press(a6),d7
(2)  275/    4248 :                     ; 		btst	#bitJoyDown,d7
(2)  276/    4248 :                     ; 		beq.s	.n_down
(2)  277/    4248 :                     ; 		addq.w	#1,(a5)
(2)  278/    4248 :                     ; 		cmp.w	#MAX_SNDPICK,(a5)		; MAX OPTIONS
(2)  279/    4248 :                     ; 		ble.s	.n_downd
(2)  280/    4248 :                     ; 		clr.w	(a5)
(2)  281/    4248 :                     ; .n_downd:
(2)  282/    4248 :                     ; 		bsr.s	.show_me
(2)  283/    4248 :                     ; .n_down:
(2)  284/    4248 :                     ; 		move.w	pad_press(a6),d7
(2)  285/    4248 :                     ; 		btst	#bitJoyUp,d7
(2)  286/    4248 :                     ; 		beq.s	.n_up
(2)  287/    4248 :                     ; 		subq.w	#1,(a5)
(2)  288/    4248 :                     ; 		bpl.s	.n_ups
(2)  289/    4248 :                     ; 		move.w	#MAX_SNDPICK,(a5)
(2)  290/    4248 :                     ; .n_ups:
(2)  291/    4248 :                     ; 		bsr.s	.show_me
(2)  292/    4248 :                     ; .n_up:
(2)  293/    4248 :                     ; 		move.w	(RAM_CurrPick).w,d7
(2)  294/    4248 :                     ; 		lsl.w	#2,d7
(2)  295/    4248 :                     ; 		jsr	.jump_list(pc,d7.w)
(2)  296/    4248 :                     ; 		tst.w	(RAM_ScreenMode).w	; Check -1
(2)  297/    4248 :                     ; 		bpl.s	.n_cbtn
(2)  298/    4248 :                     
(2)  299/    4248 :                     ; .n_cbtn:
(2)  300/    4248 : 6100 009C           		bsr	.show_me2	;!@ Update pico-hardware debug
(2)  301/    424C : 6000 FEF2           		bra	.loop
(2)  302/    4250 :                     
(2)  303/    4250 :                     .exit_this:
(2)  304/    4250 : 6100 CD74           		bsr	Video_FadeOut_Full
(2)  305/    4254 :                     	; Stop ALL sequences
(2)  306/    4254 : 6100 C152           		bsr	gemaStopAll
(2)  307/    4258 :                     	rept 4
(2)  308/    4258 :                     		bsr	System_Render		; Wait 4 frames...
(2)  309/    4258 :                     	endm
(2)  308/    4258 : 6100 D3A4           		bsr	System_Render		; Wait 4 frames...
(2)  308/    425C : 6100 D3A0           		bsr	System_Render		; Wait 4 frames...
(2)  308/    4260 : 6100 D39C           		bsr	System_Render		; Wait 4 frames...
(2)  308/    4264 : 6100 D398           		bsr	System_Render		; Wait 4 frames...
(2)  310/    4268 : 31FC 0000 F180      		move.w	#0,(RAM_ScreenMode).w	; Set Screen Mode $07
(2)  311/    426E : 4E75                		rts				; <-- RTS
(2)  312/    4270 :                     
(2)  313/    4270 :                     ; ------------------------------------------------------
(2)  314/    4270 :                     
(2)  315/    4270 :                     .exit_shell:
(2)  316/    4270 : 6100 CD54           		bsr	Video_FadeOut_Full
(2)  317/    4274 : 6100 C132           		bsr	gemaStopAll
(2)  318/    4278 : 6100 D384           		bsr	System_Render
(2)  319/    427C : 6100 D380           		bsr	System_Render
(2)  320/    4280 : 6000 D930           		bra	System_MdMcd_ExitShell
(2)  321/    4284 :                     
(2)  322/    4284 :                     ; ------------------------------------------------------
(2)  323/    4284 :                     
(2)  324/    4284 :                     .show_me:
(2)  325/    4284 : 3038 CA6C           		move.w	(RAM_GemaSeq).w,d0	; External beats
(2)  326/    4288 : 3200                		move.w	d0,d1
(2)  327/    428A : D241                		add.w	d1,d1
(2)  328/    428C : 41FA 059E           		lea	exgema_beats(pc),a0
(2)  329/    4290 : 3030 1000           		move.w	(a0,d1.w),d0
(2)  330/    4294 : 31C0 CA7C           		move.w	d0,(RAM_CurrBeats).w
(2)  331/    4298 :                     
(2)  332/    4298 : 41F8 CA7C           		lea	(RAM_CurrBeats).w,a0
(2)  333/    429C : 227C 0000 0001      		move.l	#1,a1
(2)  335/    42A2 : 700D                		moveq	#13,d0
(2)  339/    42A4 :                     		;!@ moveq	#12,d1
(2)  340/    42A4 : 720A                		moveq	#10,d1
(2)  341/    42A6 : 343C 65A0           		move.w	#DEF_PrintVram|DEF_PrintPal,d2
(2)  342/    42AA : 263C 0080 C000      		move.l	#splitw(DEF_HSIZE_64,DEF_VRAM_FG),d3
(2)  343/    42B0 : 6100 CF88           		bsr	Video_PrintVal
(2)  344/    42B4 : 41F8 CA6D           		lea	(RAM_GemaSeq+1).w,a0
(2)  345/    42B8 : 227C 0000 0000      		move.l	#0,a1
(2)  347/    42BE : 7007                		moveq	#7,d0
(2)  351/    42C0 :                     		;!@ moveq	#9,d1
(2)  352/    42C0 : 7208                		moveq	#8,d1
(2)  353/    42C2 : 343C 64E0           		move.w	#DEF_PrintVramW|DEF_PrintPal,d2
(2)  354/    42C6 : 263C 0080 C000      		move.l	#splitw(DEF_HSIZE_64,DEF_VRAM_FG),d3
(2)  355/    42CC : 6100 CFC2           		bsr	Video_PrintValW
(2)  356/    42D0 : D0FC 0002           		adda	#2,a0
(2)  357/    42D4 : 5A40                		addq.w	#5,d0
(2)  358/    42D6 : 6100 CFB8           		bsr	Video_PrintValW
(2)  359/    42DA : D0FC 0002           		adda	#2,a0
(2)  360/    42DE : 5A40                		addq.w	#5,d0
(2)  361/    42E0 : 6100 CFAE           		bsr	Video_PrintValW
(2)  362/    42E4 : 4E75                		rts 
(2)  363/    42E6 :                     		
(2)  364/    42E6 :                     .show_me2:
(2)  365/    42E6 :                     	;!@ New code for Pico PenX/Y, btn, version/type
(2)  367/    42E6 :                     		;Show Pico headers
(2)  368/    42E6 : 41FA 05D4           		lea	str_TesterInfo2(pc),a0
(2)  370/    42EA : 7006                		moveq	#6,d0
(2)  374/    42EC : 720B                		moveq	#$0B,d1
(2)  375/    42EE : 343C 45A0           		move.w	#DEF_PrintVram|$4000,d2
(2)  376/    42F2 : 263C 0080 C000      		move.l	#splitw(DEF_HSIZE_64,DEF_VRAM_FG),d3
(2)  377/    42F8 : 6100 CDC2           		bsr	Video_Print
(2)  378/    42FC :                     		
(2)  379/    42FC : 41FA 05F0           		lea	str_TesterInfo3(pc),a0
(2)  380/    4300 : 7002                		moveq	#2,d0
(2)  381/    4302 : 720E                		moveq	#$0E,d1
(2)  382/    4304 : 343C 45A0           		move.w	#DEF_PrintVram|$4000,d2
(2)  383/    4308 : 263C 0080 C000      		move.l	#splitw(DEF_HSIZE_64,DEF_VRAM_FG),d3
(2)  384/    430E : 6100 CDAC           		bsr	Video_Print
(2)  385/    4312 :                     		
(2)  386/    4312 :                     		;Show Pico values
(2)  387/    4312 : 343C 65A0           		move.w	#DEF_PrintVram|DEF_PrintPal,d2
(2)  388/    4316 : 263C 0080 C000      		move.l	#splitw(DEF_HSIZE_64,DEF_VRAM_FG),d3
(2)  389/    431C :                     		
(2)  390/    431C :                     		;Type/Ver
(2)  391/    431C : 41F8 CA82           		lea	(RAM_ScratchW).w,a0
(2)  392/    4320 : 227C 0000 0001      		move.l	#1,a1
(2)  393/    4326 :                     
(2)  394/    4326 :                     		;Calculate word-sized Pico ver/type combo
(2)  395/    4326 : 1039 0080 000F      		move.b	(pico_copType).l,d0
(2)  396/    432C : E148                		lsl.w	#8,d0
(2)  397/    432E : 1239 0080 0001      		move.b	(pico_ver).l,d1
(2)  398/    4334 : 8041                		or.w	d1,d0
(2)  399/    4336 : 3080                		move.w	d0,(a0)		
(2)  401/    4338 : 7016                		moveq	#22,d0
(2)  405/    433A : 720B                		moveq	#11,d1
(2)  406/    433C : 6100 CEFC           		bsr	Video_PrintVal
(2)  407/    4340 :                     		
(2)  408/    4340 :                     		
(2)  409/    4340 :                     		;PenX
(2)  410/    4340 : 41F8 CA82           		lea	(RAM_ScratchW).w,a0
(2)  411/    4344 : 227C 0000 0001      		move.l	#1,a1
(2)  412/    434A :                     		
(2)  413/    434A :                     		;GetPen
(2)  414/    434A : 4DF8 F0F8           		lea		(Controller_1).w,a6
(2)  415/    434E : 302E 0008           		move.w	pad_x(a6),d0
(2)  416/    4352 : 3080                		move.w	d0,(a0)		
(2)  418/    4354 : 700E                		moveq	#14,d0
(2)  422/    4356 : 720C                		moveq	#12,d1
(2)  423/    4358 : 6100 CEE0           		bsr	Video_PrintVal
(2)  424/    435C :                     		
(2)  425/    435C :                     		
(2)  426/    435C :                     		;PenY
(2)  427/    435C : 41F8 CA82           		lea	(RAM_ScratchW).w,a0
(2)  428/    4360 : 227C 0000 0001      		move.l	#1,a1
(2)  429/    4366 :                     		
(2)  430/    4366 :                     		;GetPen
(2)  431/    4366 :                     		;lea	(Controller_1).w,a6
(2)  432/    4366 : 302E 000A           		move.w	pad_y(a6),d0
(2)  433/    436A : 3080                		move.w	d0,(a0)		
(2)  435/    436C : 7014                		moveq	#20,d0
(2)  439/    436E : 720C                		moveq	#12,d1
(2)  440/    4370 : 6100 CEC8           		bsr	Video_PrintVal
(2)  441/    4374 :                     		
(2)  442/    4374 :                     		
(2)  443/    4374 :                     		;Book
(2)  444/    4374 : 41F8 CA84           		lea	(RAM_ScratchB).w,a0
(2)  445/    4378 : 227C 0000 0000      		move.l	#0,a1
(2)  446/    437E :                     		
(2)  447/    437E :                     		;GetBook
(2)  448/    437E :                     		;lea	(Controller_1).w,a6
(2)  449/    437E : 102E 000C           		move.b	pad_page(a6),d0
(2)  450/    4382 : 1080                		move.b	d0,(a0)
(2)  452/    4384 : 700D                		moveq	#13,d0
(2)  456/    4386 : 720D                		moveq	#13,d1
(2)  457/    4388 : 6100 CEB0           		bsr	Video_PrintVal
(2)  458/    438C :                     		
(2)  459/    438C :                     		
(2)  460/    438C :                     		;Handle buttons
(2)  461/    438C :                     		;Btn		
(2)  462/    438C : 227C 0000 0001      		move.l	#1,a1			;Word type button holds
(2)  463/    4392 : 720E                		moveq	#14,d1			;ypos
(2)  464/    4394 : 41F8 CA82           		lea	(RAM_ScratchW).w,a0	;Value memory addr		
(2)  465/    4398 :                     		
(2)  466/    4398 :                     		;Get pen button
(2)  467/    4398 : 4DF8 F0F8           		lea	(Controller_1).w,a6	;Lead c1 addr into a5
(2)  468/    439C : 302E 0002           		move.w	pad_hold(a6),d0	;Move pad_hold of controller into d0
(2)  469/    43A0 : 3080                		move.w	d0,(a0)			;Move d0 pad_hold value into a0 addr
(2)  470/    43A2 : 7008                		moveq	#08,d0			;Set xpos
(2)  471/    43A4 : 6100 CE94           		bsr	Video_PrintVal		;Print value
(2)  472/    43A8 :                     		
(2)  473/    43A8 :                     		;GetBtn, controller 2
(2)  474/    43A8 : 4DF8 F10C           		lea	(Controller_2).w,a6
(2)  475/    43AC : 302E 0002           		move.w	pad_hold(a6),d0
(2)  476/    43B0 : 3080                		move.w	d0,(a0)
(2)  477/    43B2 : 700D                		moveq	#13,d0
(2)  478/    43B4 : 6100 CE84           		bsr	Video_PrintVal
(2)  479/    43B8 :                     		
(2)  480/    43B8 :                     		;Handle PICO_MODS expansion Genesis controllers
(2)  502/    43B8 :                     		
(2)  503/    43B8 :                     		;Display final value (final result from all controllers)
(2)  504/    43B8 : 3039 FFFF D008      		move.w	(RAM_Glbl_joy_hold).l,d0	;Move final hold value into d0
(2)  505/    43BE : 3080                		move.w	d0,(a0)						;Move d0 into a0 addr
(2)  506/    43C0 :                     		
(2)  507/    43C0 :                     		;Determine proper xpos based on flags
(2)  511/    43C0 : 7012                		moveq	#18,d0	;If not, set xpos to 3rd slot
(2)  513/    43C2 : 343C 45A0           		move.w	#DEF_PrintVram|$4000,d2		;Green font
(2)  514/    43C6 : 6100 CE72           		bsr		Video_PrintVal
(2)  516/    43CA : 4E75                		rts
(2)  517/    43CC :                     		
(2)  518/    43CC :                     ; ; ------------------------------------------------------
(2)  519/    43CC :                     ;
(2)  520/    43CC :                     ; .jump_list:
(2)  521/    43CC :                     ; 		bra.w	.nothing
(2)  522/    43CC :                     ; 		bra.w	.option_1
(2)  523/    43CC :                     ; 		bra.w	.option_2
(2)  524/    43CC :                     ; 		bra.w	.option_3
(2)  525/    43CC :                     ; 		bra.w	.option_4
(2)  526/    43CC :                     ; 		bra.w	.option_5
(2)  527/    43CC :                     ; 		bra.w	.option_6
(2)  528/    43CC :                     ; 		bra.w	.option_7
(2)  529/    43CC :                     ;
(2)  530/    43CC :                     ; ; ------------------------------------------------------
(2)  531/    43CC :                     ; ; OPTION 0
(2)  532/    43CC :                     ; ; ------------------------------------------------------
(2)  533/    43CC :                     ;
(2)  534/    43CC :                     ; .nothing:
(2)  535/    43CC :                     ; 		move.w	pad_press(a6),d7
(2)  536/    43CC :                     ; 		btst	#bitJoyStart,d7
(2)  537/    43CC :                     ; 		beq.s	.no_press
(2)  538/    43CC :                     ; 		bsr.s	.show_me
(2)  539/    43CC :                     ; 		bra	gemaTest
(2)  540/    43CC :                     ; .no_press:
(2)  541/    43CC :                     ; 		rts
(2)  542/    43CC :                     ;
(2)  543/    43CC :                     ; ------------------------------------------------------
(2)  544/    43CC :                     ; OPTION 1
(2)  545/    43CC :                     ; ------------------------------------------------------
(2)  546/    43CC :                     
(2)  547/    43CC :                     ; 		bra.s	.show_me
(2)  548/    43CC :                     ; .option1_args:
(2)  549/    43CC :                     ; 		move.w	pad_hold(a6),d7
(2)  550/    43CC :                     ; 		move.w	d7,d6
(2)  551/    43CC :                     ; 		andi.w	#JoyA+JoyB+JoyC,d6
(2)  552/    43CC :                     ; 		beq.s	.no_press
(2)  553/    43CC :                     ; 		btst	#bitJoyB,d7
(2)  554/    43CC :                     ; 		beq.s	.d2_opt
(2)  555/    43CC :                     ; 		adda	#2,a5
(2)  556/    43CC :                     ; .d2_opt:
(2)  557/    43CC :                     ; 		btst	#bitJoyC,d7
(2)  558/    43CC :                     ; 		beq.s	.d3_opt
(2)  559/    43CC :                     ; 		adda	#4,a5
(2)  560/    43CC :                     ; .d3_opt:
(2)  561/    43CC :                     ; 		move.w	pad_press(a6),d7
(2)  562/    43CC :                     ; 		btst	#bitJoyRight,d7
(2)  563/    43CC :                     ; 		beq.s	.op1_right
(2)  564/    43CC :                     ; 		addq.w	#1,(a5)
(2)  565/    43CC :                     ; 		bra	.show_me
(2)  566/    43CC :                     ; .op1_right:
(2)  567/    43CC :                     ; 		btst	#bitJoyLeft,d7
(2)  568/    43CC :                     ; 		beq.s	.op1_left
(2)  569/    43CC :                     ; 		subq.w	#1,(a5)
(2)  570/    43CC :                     ; 		bra	.show_me
(2)  571/    43CC :                     ; .op1_left:
(2)  572/    43CC :                     ; 		move.w	pad_hold(a6),d7
(2)  573/    43CC :                     ; 		btst	#bitJoyUp,d7
(2)  574/    43CC :                     ; 		beq.s	.op1_down
(2)  575/    43CC :                     ; 		addq.w	#1,(a5)
(2)  576/    43CC :                     ; 		bra	.show_me
(2)  577/    43CC :                     ; .op1_down:
(2)  578/    43CC :                     ; 		btst	#bitJoyDown,d7
(2)  579/    43CC :                     ; 		beq.s	.op1_up
(2)  580/    43CC :                     ; 		subq.w	#1,(a5)
(2)  581/    43CC :                     ; 		bra	.show_me
(2)  582/    43CC :                     ; .op1_up:
(2)  583/    43CC :                     ;
(2)  584/    43CC :                     ; 		rts
(2)  585/    43CC :                     ;
(2)  586/    43CC :                     ; ; ------------------------------------------------------
(2)  587/    43CC :                     ; ; OPTION 2
(2)  588/    43CC :                     ; ; ------------------------------------------------------
(2)  589/    43CC :                     ;
(2)  590/    43CC :                     ; .option_2:
(2)  591/    43CC :                     ; 		lea	(RAM_GemaIndx).w,a5
(2)  592/    43CC :                     ; 		move.w	pad_press(a6),d7
(2)  593/    43CC :                     ; 		btst	#bitJoyStart,d7
(2)  594/    43CC :                     ; 		beq.s	.option1_args
(2)  595/    43CC :                     ; 		move.w	(a5)+,d0
(2)  596/    43CC :                     ; 		move.w	(a5)+,d1
(2)  597/    43CC :                     ; 		bra	gemaStopSeq
(2)  598/    43CC :                     ;
(2)  599/    43CC :                     ; ; ------------------------------------------------------
(2)  600/    43CC :                     ; ; OPTION 3
(2)  601/    43CC :                     ; ; ------------------------------------------------------
(2)  602/    43CC :                     ;
(2)  603/    43CC :                     ; .option_3:
(2)  604/    43CC :                     ; 		lea	(RAM_GemaArg3).w,a5
(2)  605/    43CC :                     ; 		move.w	pad_press(a6),d7
(2)  606/    43CC :                     ; 		btst	#bitJoyStart,d7
(2)  607/    43CC :                     ; 		beq	.option1_args
(2)  608/    43CC :                     ; 		move.w	(a5)+,d0
(2)  609/    43CC :                     ; 		move.w	(a5)+,d1
(2)  610/    43CC :                     ; 		bra	gemaFadeSeq
(2)  611/    43CC :                     ;
(2)  612/    43CC :                     ; ; ------------------------------------------------------
(2)  613/    43CC :                     ; ; OPTION 4
(2)  614/    43CC :                     ; ; ------------------------------------------------------
(2)  615/    43CC :                     ;
(2)  616/    43CC :                     ; .option_4:
(2)  617/    43CC :                     ; 		lea	(RAM_GemaArg3).w,a5
(2)  618/    43CC :                     ; 		move.w	pad_press(a6),d7
(2)  619/    43CC :                     ; 		btst	#bitJoyStart,d7
(2)  620/    43CC :                     ; 		beq	.option1_args
(2)  621/    43CC :                     ; 		move.w	(a5)+,d0
(2)  622/    43CC :                     ; 		move.w	(a5)+,d1
(2)  623/    43CC :                     ; 		bra	gemaSetSeqVol
(2)  624/    43CC :                     ;
(2)  625/    43CC :                     ; ; ------------------------------------------------------
(2)  626/    43CC :                     ; ; OPTION 5
(2)  627/    43CC :                     ; ; ------------------------------------------------------
(2)  628/    43CC :                     ;
(2)  629/    43CC :                     ; .option_5:
(2)  630/    43CC :                     ; 		move.w	pad_press(a6),d7
(2)  631/    43CC :                     ; 		btst	#bitJoyStart,d7
(2)  632/    43CC :                     ; 		beq.s	.no_press2
(2)  633/    43CC :                     ; 		bsr	.show_me
(2)  634/    43CC :                     ; 		bra	gemaStopAll
(2)  635/    43CC :                     ; .no_press2:
(2)  636/    43CC :                     ; 		rts
(2)  637/    43CC :                     ;
(2)  638/    43CC :                     ; ; ------------------------------------------------------
(2)  639/    43CC :                     ; ; OPTION 6
(2)  640/    43CC :                     ; ; ------------------------------------------------------
(2)  641/    43CC :                     ;
(2)  642/    43CC :                     ; .option_6:
(2)  643/    43CC :                     ; 		lea	(RAM_GemaArg6).w,a5
(2)  644/    43CC :                     ; 		move.w	pad_hold(a6),d7
(2)  645/    43CC :                     ; 		andi.w	#JoyA,d7
(2)  646/    43CC :                     ; 		beq.s	.no_press2
(2)  647/    43CC :                     ; 		move.w	pad_press(a6),d7
(2)  648/    43CC :                     ; 		btst	#bitJoyRight,d7
(2)  649/    43CC :                     ; 		beq.s	.op2_right
(2)  650/    43CC :                     ; 		addq.w	#1,(a5)
(2)  651/    43CC :                     ; 		bra	.show_me_2
(2)  652/    43CC :                     ; .op2_right:
(2)  653/    43CC :                     ; 		btst	#bitJoyLeft,d7
(2)  654/    43CC :                     ; 		beq.s	.op2_left
(2)  655/    43CC :                     ; 		subq.w	#1,(a5)
(2)  656/    43CC :                     ; 		bsr	.show_me_2
(2)  657/    43CC :                     ; .op2_left:
(2)  658/    43CC :                     ; 		move.w	pad_hold(a6),d7
(2)  659/    43CC :                     ; 		btst	#bitJoyDown,d7
(2)  660/    43CC :                     ; 		beq.s	.op2_down
(2)  661/    43CC :                     ; 		addq.w	#1,(a5)
(2)  662/    43CC :                     ; 		bsr	.show_me_2
(2)  663/    43CC :                     ; .op2_down:
(2)  664/    43CC :                     ; 		btst	#bitJoyUp,d7
(2)  665/    43CC :                     ; 		beq.s	.op2_up
(2)  666/    43CC :                     ; 		subq.w	#1,(a5)
(2)  667/    43CC :                     ; 		bsr	.show_me_2
(2)  668/    43CC :                     ; .op2_up:
(2)  669/    43CC :                     ; 		move.w	pad_press(a6),d7
(2)  670/    43CC :                     ; 		btst	#bitJoyStart,d7
(2)  671/    43CC :                     ; 		beq.s	.no_press2
(2)  672/    43CC :                     ; .show_me_2:
(2)  673/    43CC :                     ; 		bsr	.show_me
(2)  674/    43CC :                     ; 		move.w	(a5),d0
(2)  675/    43CC :                     ; 		bra	gemaSetBeats
(2)  676/    43CC :                     ;
(2)  677/    43CC :                     ; ; ------------------------------------------------------
(2)  678/    43CC :                     ; ; OPTION 7
(2)  679/    43CC :                     ; ; ------------------------------------------------------
(2)  680/    43CC :                     ;
(2)  681/    43CC :                     ; .option_7:
(2)  682/    43CC :                     ; 		move.w	pad_press(a6),d7
(2)  683/    43CC :                     ; 		btst	#bitJoyStart,d7
(2)  684/    43CC :                     ; 		beq.s	.no_press2
(2)  685/    43CC :                     ; 		move.w	#-1,(RAM_ScreenMode).w	; risky but works.
(2)  686/    43CC :                     ; 		rts
(2)  687/    43CC :                     
(2)  688/    43CC :                     ; ------------------------------------------------------
(2)  689/    43CC :                     
(2)  690/    43CC :                     .gema_viewinit:
(2)  691/    43CC : 41F8 B000           		lea	(RAM_ThisObjList).w,a0
(2)  692/    43D0 : 303C 0004           		move.w	#4,d0
(2)  693/    43D4 : 6100 D81C           		bsr	Objects_Enable
(2)  695/    43D8 : 203C 0000 46E8      		move.l	#obj_Fairy,d0		; <-- If you don't like the fairies comment out or
(2)  696/    43DE : 7200                		moveq	#0,d1			; delete all of this
(2)  697/    43E0 : 6100 D86C           		bsr	Objects_Make		;
(2)  698/    43E4 : 5241                		addq.w	#1,d1			;
(2)  699/    43E6 : 6100 D866           		bsr	Objects_Make		;
(2)  700/    43EA : 5241                		addq.w	#1,d1			;
(2)  701/    43EC : 6100 D860           		bsr	Objects_Make		;
(2)  702/    43F0 :                     		;!@ New fairy for mouse sprite
(2)  703/    43F0 : 5241                		addq.w	#1,d1			;
(2)  704/    43F2 : 6100 D85A           		bsr	Objects_Make		; <-- until here
(2)  706/    43F6 :                     
(2)  708/    43F6 : 41FA 058C           		lea	str_VmInfo(pc),a0
(2)  709/    43FA : 7002                		moveq	#2,d0
(2)  710/    43FC : 7210                		moveq	#SET_SNDVIEWY,d1
(2)  711/    43FE : 343C 65A0           		move.w	#DEF_PrintVram|DEF_PrintPal,d2
(2)  712/    4402 : 263C 0080 C000      		move.l	#splitw(DEF_HSIZE_64,DEF_VRAM_FG),d3
(2)  713/    4408 : 6100 CCB2           		bsr	Video_Print
(2)  715/    440C :                     
(2)  716/    440C :                     .gema_view:
(2)  718/    440C : 33FC 0100 00A1      		move.w	#$0100,(z80_bus).l
             4412 : 1100             
(2)  719/    4414 : 43F8 CA72           		lea	(RAM_GemaStatus),a1
(2)  720/    4418 : 7000                		moveq	#0,d0
(2)  721/    441A : 7200                		moveq	#0,d1
(2)  722/    441C : 7400                		moveq	#0,d2
(2)  723/    441E : 0839 0000 00A1      .wait:		btst	#0,(z80_bus).l
             4424 : 1100             
(2)  724/    4426 : 66F6                		bne.s	.wait
(2)  725/    4428 : 1039 00A0 16E2      		move.b	(z80_cpu+trkBuff_0),d0
(2)  726/    442E : 1239 00A0 1721      		move.b	(z80_cpu+trkBuff_1),d1
(2)  727/    4434 : 1439 00A0 1760      		move.b	(z80_cpu+trkBuff_2),d2
(2)  728/    443A : 6100 BE54           		bsr	sndUnlockZ80
(2)  729/    443E : 32C0                		move.w	d0,(a1)+
(2)  730/    4440 : 32C1                		move.w	d1,(a1)+
(2)  731/    4442 : 32C2                		move.w	d2,(a1)+
(2)  733/    4444 :                     
(2)  735/    4444 : 6100 BE48           		bsr	sndLockZ80
(2)  736/    4448 : 41F9 00A0 1C0E      		lea	(z80_cpu+tblPSG),a0
(2)  737/    444E : 43F8 CA00           		lea	(RAM_GemaCache_PSG),a1
(2)  738/    4452 : 7E02                		moveq	#3-1,d7
(2)  739/    4454 : 6100 010A           		bsr	.copy_me
(2)  740/    4458 : 41F9 00A0 1C46      		lea	(z80_cpu+tblPSGN),a0
(2)  741/    445E : 43F8 CA0C           		lea	(RAM_GemaCache_PSGN),a1
(2)  742/    4462 : 7E00                		moveq	#1-1,d7
(2)  743/    4464 : 6100 00FA           		bsr	.copy_me
(2)  744/    4468 : 41F9 00A0 1BA0      		lea	(z80_cpu+tblFM),a0
(2)  745/    446E : 43F8 CA10           		lea	(RAM_GemaCache_FM),a1
(2)  746/    4472 : 7E05                		moveq	#6-1,d7
(2)  747/    4474 : 6100 00EA           		bsr	.copy_me
(2)  748/    4478 : 41F9 00A0 1B0E      		lea	(z80_cpu+tblPCM),a0
(2)  749/    447E : 43F8 CA28           		lea	(RAM_GemaCache_PCM),a1
(2)  750/    4482 : 7E07                		moveq	#8-1,d7
(2)  751/    4484 : 6100 00DA           		bsr	.copy_me
(2)  752/    4488 : 41F9 00A0 1C58      		lea	(z80_cpu+tblPWM),a0
(2)  753/    448E : 43F8 CA48           		lea	(RAM_GemaCache_PWM),a1
(2)  754/    4492 : 7E07                		moveq	#8-1,d7
(2)  755/    4494 : 6100 00CA           		bsr	.copy_me
(2)  756/    4498 : 7E00                		moveq	#0,d7
(2)  757/    449A : 1E39 00A0 0030      		move.b	(z80_cpu+fmSpecial),d7
(2)  758/    44A0 : 31C7 CA7E           		move.w	d7,(RAM_Copy_fmSpecial).w
(2)  759/    44A4 : 1E39 00A0 0008      		move.b	(z80_cpu+8),d7
(2)  760/    44AA : 31C7 CA80           		move.w	d7,(RAM_Copy_HasDac).w
(2)  761/    44AE : 6100 BDE0           		bsr	sndUnlockZ80
(2)  763/    44B2 :                     
(2)  765/    44B2 : 343C 65A0           		move.w	#DEF_PrintVram|DEF_PrintPal,d2
(2)  766/    44B6 : 263C 0080 C000      		move.l	#splitw(DEF_HSIZE_64,DEF_VRAM_FG),d3
(2)  767/    44BC : 47F8 CA00           		lea	(RAM_GemaCache_PSG),a3
(2)  768/    44C0 : 7007                		moveq	#7,d0
(2)  769/    44C2 : 7210                		moveq	#SET_SNDVIEWY,d1
(2)  770/    44C4 : 7E02                		moveq	#3-1,d7
(2)  771/    44C6 : 6100 0100           		bsr	.show_table
(2)  772/    44CA : 47F8 CA0C           		lea	(RAM_GemaCache_PSGN),a3
(2)  773/    44CE : 7013                		moveq	#7+12,d0
(2)  774/    44D0 : 7210                		moveq	#SET_SNDVIEWY,d1
(2)  775/    44D2 : 7E00                		moveq	#1-1,d7
(2)  776/    44D4 : 6100 00F2           		bsr	.show_table
(2)  777/    44D8 : 47F8 CA10           		lea	(RAM_GemaCache_FM),a3
(2)  778/    44DC : 7007                		moveq	#7,d0
(2)  779/    44DE : 7211                		moveq	#SET_SNDVIEWY+1,d1
(2)  780/    44E0 : 7E04                		moveq	#5-1,d7
(2)  781/    44E2 : 6100 009E           		bsr	.show_table_fm
(2)  782/    44E6 : 47F8 CA20           		lea	(RAM_GemaCache_FM3),a3
(2)  783/    44EA : 7017                		moveq	#7+16,d0
(2)  784/    44EC : 7211                		moveq	#SET_SNDVIEWY+1,d1
(2)  785/    44EE : 3E38 CA7E           		move.w	(RAM_Copy_fmSpecial).w,d7
(2)  786/    44F2 : 4A07                		tst.b	d7
(2)  787/    44F4 : 6712                		beq.s	.no_spec
(2)  788/    44F6 : 41F8 4CA0           		lea	(strL_FmOnly),a0
(2)  789/    44FA : 4A53                		tst.w	(a3)
(2)  790/    44FC : 6B04                		bmi.s	.no_prnt3
(2)  791/    44FE : 41F8 4CF4           		lea	(str_Speci),a0
(2)  792/    4502 :                     .no_prnt3:
(2)  793/    4502 : 6100 CBB8           		bsr	Video_Print
(2)  794/    4506 : 6004                		bra.s	.b_sampl
(2)  795/    4508 :                     .no_spec:
(2)  796/    4508 : 7E00                		moveq	#1-1,d7
(2)  797/    450A : 6176                		bsr	.show_table_fm
(2)  798/    450C :                     .b_sampl:
(2)  799/    450C :                     
(2)  800/    450C : 701B                		moveq	#7+20,d0
(2)  801/    450E : 7211                		moveq	#SET_SNDVIEWY+1,d1
(2)  802/    4510 : 3E38 CA80           		move.w	(RAM_Copy_HasDac).w,d7
(2)  803/    4514 : BE3C 00D9           		cmp.b	#$D9,d7
(2)  804/    4518 : 660A                		bne.s	.no_sampl
(2)  805/    451A : 41F8 4CF8           		lea	(str_Sampl),a0
(2)  806/    451E : 6100 CB9C           		bsr	Video_Print
(2)  807/    4522 : 6008                		bra.s	.c_sampl
(2)  808/    4524 :                     .no_sampl:
(2)  809/    4524 : 47F8 CA24           		lea	(RAM_GemaCache_FM6),a3
(2)  810/    4528 : 7E00                		moveq	#1-1,d7
(2)  811/    452A : 6156                		bsr	.show_table_fm
(2)  812/    452C :                     .c_sampl:
(2)  813/    452C : 47F8 CA28           		lea	(RAM_GemaCache_PCM),a3
(2)  814/    4530 : 7007                		moveq	#7,d0
(2)  815/    4532 : 7212                		moveq	#SET_SNDVIEWY+2,d1
(2)  816/    4534 : 7E07                		moveq	#8-1,d7
(2)  817/    4536 : 6100 0090           		bsr	.show_table
(2)  818/    453A : 47F8 CA48           		lea	(RAM_GemaCache_PWM),a3
(2)  819/    453E : 7007                		moveq	#7,d0
(2)  820/    4540 : 7213                		moveq	#SET_SNDVIEWY+3,d1
(2)  821/    4542 : 7E07                		moveq	#8-1,d7
(2)  822/    4544 : 6100 0082           		bsr	.show_table
(2)  823/    4548 :                     		
(2)  824/    4548 :                     		;!@ PCM_Pico code
(2)  825/    4548 :                     		;if PICO
(2)  826/    4548 : 41FA 044E           		lea		strL_NoteNull(pc),a0
(2)  827/    454C : 7007                		moveq	#$07,d0
(2)  828/    454E : 7214                		moveq	#SET_SNDVIEWY+$04,d1
(2)  829/    4550 : 343C 65A0           		move.w	#DEF_PrintVram|DEF_PrintPal,d2
(2)  830/    4554 : 263C 0080 C000      		move.l	#splitw(DEF_HSIZE_64,DEF_VRAM_FG),d3
(2)  831/    455A : 6100 CB60           		bsr		Video_Print
(2)  832/    455E :                     		;endif
(2)  834/    455E :                     
(2)  835/    455E : 4E75                		rts
(2)  836/    4560 :                     
(2)  837/    4560 :                     ; ----------------------------------------------
(2)  838/    4560 :                     
(2)  839/    4560 :                     .copy_me:
(2)  840/    4560 : 7200                		moveq	#0,d1
(2)  841/    4562 :                     ; 		bsr	sndLockZ80
(2)  842/    4562 : 1228 0005           		move.b	ztbl_FreqIndx(a0),d1
(2)  843/    4566 : 1428 0001           		move.b	ztbl_Link+1(a0),d2
(2)  844/    456A : 1010                		move.b	ztbl_Link(a0),d0
(2)  845/    456C :                     ; 		bsr	sndUnlockZ80
(2)  846/    456C : 8002                		or.b	d2,d0
(2)  847/    456E : 6602                		bne.s	.link_ok
(2)  848/    4570 : 72FF                		moveq	#-1,d1
(2)  849/    4572 :                     .link_ok:
(2)  850/    4572 : 3281                		move.w	d1,(a1)
(2)  851/    4574 : D0FC 0012           		adda	#MAX_TBLSIZE,a0		; *** EXTERNAL LABEL
(2)  852/    4578 : D2FC 0004           		adda	#4,a1
(2)  853/    457C : 51CF FFE2           		dbf	d7,.copy_me
(2)  854/    4580 : 4E75                		rts
(2)  855/    4582 :                     
(2)  856/    4582 :                     ; ----------------------------------------------
(2)  857/    4582 :                     
(2)  858/    4582 :                     .show_table_fm:
(2)  859/    4582 : 41F8 4CA0           		lea	(strL_FmOnly),a0
(2)  860/    4586 : 7C00                		moveq	#0,d6
(2)  861/    4588 : 7A00                		moveq	#0,d5
(2)  862/    458A : 3C13                		move.w	(a3),d6
(2)  863/    458C : 6A06                		bpl.s	.is_fmgood
(2)  864/    458E : 6100 CB2C           		bsr	Video_Print
(2)  865/    4592 : 6028                		bra.s	.from_fmbad
(2)  866/    4594 :                     .is_fmgood:
(2)  867/    4594 : 3A06                		move.w	d6,d5
(2)  868/    4596 : D0FC 0004           		adda	#4,a0
(2)  869/    459A : 0246 001F           		andi.w	#%00011111,d6
(2)  870/    459E : E34E                		lsl.w	#1,d6
(2)  871/    45A0 : D0C6                		adda	d6,a0
(2)  872/    45A2 : 6100 CB18           		bsr	Video_Print
(2)  873/    45A6 : 3800                		move.w	d0,d4
(2)  874/    45A8 : 5440                		addq.w	#2,d0
(2)  875/    45AA : 0245 00E0           		andi.w	#%11100000,d5
(2)  876/    45AE : E84D                		lsr.w	#4,d5
(2)  877/    45B0 : 41F8 4CE0           		lea	(strL_LazyVal),a0
(2)  878/    45B4 : D0C5                		adda	d5,a0
(2)  879/    45B6 : 6100 CB04           		bsr	Video_Print
(2)  880/    45BA : 3004                		move.w	d4,d0
(2)  881/    45BC :                     .from_fmbad:
(2)  882/    45BC :                     ; 		addq.w	#1,d1
(2)  883/    45BC : 5840                		addq.w	#4,d0
(2)  884/    45BE : D6FC 0004           		adda	#4,a3
(2)  885/    45C2 : 51CF FFBE           		dbf	d7,.show_table_fm
(2)  886/    45C6 : 4E75                		rts
(2)  887/    45C8 :                     
(2)  888/    45C8 :                     .show_table:
(2)  889/    45C8 : 41F8 499C           		lea	(strL_NoteList),a0
(2)  890/    45CC : 7C00                		moveq	#0,d6
(2)  891/    45CE : 3C13                		move.w	(a3),d6
(2)  892/    45D0 : 6B08                		bmi.s	.val_bad
(2)  893/    45D2 : D0FC 0004           		adda	#4,a0
(2)  894/    45D6 : DC46                		add.w	d6,d6
(2)  895/    45D8 : D0C6                		adda	d6,a0
(2)  896/    45DA :                     .val_bad:
(2)  897/    45DA : 6100 CAE0           		bsr	Video_Print
(2)  898/    45DE :                     ; 		addq.w	#1,d1
(2)  899/    45DE : 5840                		addq.w	#4,d0
(2)  900/    45E0 : D6FC 0004           		adda	#4,a3
(2)  901/    45E4 : 51CF FFE2           		dbf	d7,.show_table
(2)  902/    45E8 : 4E75                		rts
(2)  903/    45EA :                     		
(2)  904/    45EA :                     ; ------------------------------------------------------
(2)  905/    45EA :                     ; !@ Joypad handler
(2)  906/    45EA :                     ; Uses: a6,d7
(2)  907/    45EA :                     ; ------------------------------------------------------		
(2)  908/    45EA :                     .joyHandler:
(2)  909/    45EA :                     	;Handle hold states
(2)  910/    45EA : 4DF8 F0F8           	lea	(Controller_1).w,a6					;Put controller1_hold into RAM_Glbl_joy_hold (will be pico_pen in pico mode)
(2)  911/    45EE : 3E2E 0002           	move.w	pad_hold(a6),d7
(2)  912/    45F2 : 33C7 FFFF D008      	move.w	d7,(RAM_Glbl_joy_hold).l
(2)  913/    45F8 : 4DF8 F10C           	lea	(Controller_2).w,a6					;Put controller2_hold into RAM_Glbl_joy2_hold (will be pico_ext in pico mode, P2 in Genesis mode)
(2)  914/    45FC : 3E2E 0002           	move.w	pad_hold(a6),d7
(2)  915/    4600 : 33C7 FFFF D00E      	move.w	d7,(RAM_Glbl_joy2_hold).l
(2)  916/    4606 : 4DF8 F120           	lea	(Controller_3).w,a6					;Put controller3_hold into d7
(2)  917/    460A : 3E2E 0002           	move.w	pad_hold(a6),d7
(2)  918/    460E : 8F79 FFFF D00E      	or.w	d7,(RAM_Glbl_joy2_hold).l		;OR (RAM_Glbl_joy2_hold,d7)
(2)  919/    4614 : 4DF8 F134           	lea	(Controller_4).w,a6					;Ditto OR for controller4_hold
(2)  920/    4618 : 3E2E 0002           	move.w	pad_hold(a6),d7
(2)  921/    461C : 8F79 FFFF D00E      	or.w	d7,(RAM_Glbl_joy2_hold).l	
(2)  922/    4622 : 4DF8 F148           	lea	(Controller_5).w,a6					;Ditto OR for controller5_hold
(2)  923/    4626 : 3E2E 0002           	move.w	pad_hold(a6),d7
(2)  924/    462A : 8F79 FFFF D00E      	or.w	d7,(RAM_Glbl_joy2_hold).l
(2)  925/    4630 :                     		
(2)  926/    4630 :                     	;Repeat everything above, but for controller_press
(2)  927/    4630 : 4DF8 F0F8           	lea	(Controller_1).w,a6
(2)  928/    4634 : 3E2E 0004           	move.w	pad_press(a6),d7
(2)  929/    4638 : 33C7 FFFF D00A      	move.w	d7,(RAM_Glbl_joy_press).l
(2)  930/    463E : 4DF8 F10C           	lea	(Controller_2).w,a6
(2)  931/    4642 : 3E2E 0004           	move.w	pad_press(a6),d7
(2)  932/    4646 : 33C7 FFFF D010      	move.w	d7,(RAM_Glbl_joy2_press).l
(2)  933/    464C : 4DF8 F120           	lea	(Controller_3).w,a6
(2)  934/    4650 : 3E2E 0004           	move.w	pad_press(a6),d7
(2)  935/    4654 : 8F79 FFFF D010      	or.w	d7,(RAM_Glbl_joy2_press).l	
(2)  936/    465A : 4DF8 F134           	lea	(Controller_4).w,a6
(2)  937/    465E : 3E2E 0004           	move.w	pad_press(a6),d7
(2)  938/    4662 : 8F79 FFFF D010      	or.w	d7,(RAM_Glbl_joy2_press).l	
(2)  939/    4668 : 4DF8 F148           	lea	(Controller_5).w,a6
(2)  940/    466C : 3E2E 0004           	move.w	pad_press(a6),d7
(2)  941/    4670 : 8F79 FFFF D010      	or.w	d7,(RAM_Glbl_joy2_press).l
(2)  942/    4676 :                     	
(2)  943/    4676 :                     	;Repeat everything above, but for controller_release
(2)  944/    4676 : 4DF8 F0F8           	lea	(Controller_1).w,a6
(2)  945/    467A : 3E2E 0006           	move.w	pad_release(a6),d7
(2)  946/    467E : 33C7 FFFF D00C      	move.w	d7,(RAM_Glbl_joy_release).l
(2)  947/    4684 : 4DF8 F10C           	lea	(Controller_2).w,a6
(2)  948/    4688 : 3E2E 0006           	move.w	pad_release(a6),d7
(2)  949/    468C : 33C7 FFFF D012      	move.w	d7,(RAM_Glbl_joy2_release).l
(2)  950/    4692 : 4DF8 F120           	lea	(Controller_3).w,a6
(2)  951/    4696 : 3E2E 0006           	move.w	pad_release(a6),d7
(2)  952/    469A : 8F79 FFFF D012      	or.w	d7,(RAM_Glbl_joy2_release).l	
(2)  953/    46A0 : 4DF8 F134           	lea	(Controller_4).w,a6
(2)  954/    46A4 : 3E2E 0006           	move.w	pad_release(a6),d7
(2)  955/    46A8 : 8F79 FFFF D012      	or.w	d7,(RAM_Glbl_joy2_release).l	
(2)  956/    46AE : 4DF8 F148           	lea	(Controller_5).w,a6
(2)  957/    46B2 : 3E2E 0006           	move.w	pad_release(a6),d7
(2)  958/    46B6 : 8F79 FFFF D012      	or.w	d7,(RAM_Glbl_joy2_release).l
(2)  959/    46BC :                     	
(2)  960/    46BC :                     	;Concatenate everything for final hold,press,release logical bitfields
(2)  961/    46BC : 4DF9 FFFF D008      	lea		(RAM_Glbl_joy_hold).l,a6	;Load final joy_hold into a6
(2)  962/    46C2 : 3E39 FFFF D00E      	move.w	(RAM_Glbl_joy2_hold).l,d7	;Move joy2_hold value into d7
(2)  963/    46C8 : 8F56                	or.w	d7,(a6)						;OR d7,valueAt(a6)
(2)  964/    46CA :                     	;Repeat for joy_press
(2)  965/    46CA : 4DF9 FFFF D00A      	lea		(RAM_Glbl_joy_press).l,a6
(2)  966/    46D0 : 3E39 FFFF D010      	move.w	(RAM_Glbl_joy2_press).l,d7
(2)  967/    46D6 : 8F56                	or.w	d7,(a6)	
(2)  968/    46D8 :                     	;Repeat for joy_release
(2)  969/    46D8 : 4DF9 FFFF D00C      	lea		(RAM_Glbl_joy_release).l,a6
(2)  970/    46DE : 3E39 FFFF D012      	move.w	(RAM_Glbl_joy2_release).l,d7
(2)  971/    46E4 : 8F56                	or.w	d7,(a6)
(2)  972/    46E6 :                     	
(2)  973/    46E6 :                     	;If Genesis mode, overwrite joy2_hold,_press,_release with just final bitfield. We dont care
(2)  987/    46E6 : 4E75                	rts
(2)  988/    46E8 :                     
(2)  989/    46E8 :                     ; ====================================================================
(2)  990/    46E8 :                     ; ------------------------------------------------------
(2)  991/    46E8 :                     ; Objects
(2)  992/    46E8 :                     ; ------------------------------------------------------
(2)  993/    46E8 :                     
(2)  994/    46E8 :                     ; --------------------------------------------------
(2)  995/    46E8 :                     ; Sisi
(2)  996/    46E8 :                     ; --------------------------------------------------
(2)  997/    46E8 :                     
(2)  998/    46E8 :                     obj_Fairy:
(2)  999/    46E8 : 7000                		moveq	#0,d0
(2) 1000/    46EA : 102E 001C           		move.b	obj_index(a6),d0
(2) 1001/    46EE : D040                		add.w	d0,d0
(2) 1002/    46F0 : 323B 0006           		move.w	.list(pc,d0.w),d1
(2) 1003/    46F4 : 4EFB 1002           		jmp	.list(pc,d1.w)
(2) 1004/    46F8 :                     ; ----------------------------------------------
(2) 1005/    46F8 : 0004                .list:		dc.w .init-.list
(2) 1006/    46FA : 003A                		dc.w .main-.list
(2) 1007/    46FC :                     ; ----------------------------------------------
(2) 1008/    46FC :                     .init:
(2) 1009/    46FC : 1D7C 0001 001C      		move.b	#1,obj_index(a6)
(2) 1010/    4702 : 426E 0020           		clr.w	obj_frame(a6)
(2) 1011/    4706 : 6100 D5B2           		bsr	object_ResetAnim
(2) 1012/    470A :                     
(2) 1013/    470A : 1E2E 001D           		move.b	obj_subid(a6),d7
(2) 1014/    470E : 3C07                		move.w	d7,d6
(2) 1015/    4710 : E54E                		lsl.w	#2,d6
(2) 1016/    4712 : 41FA 0108           		lea	.fixd_pos(pc),a0
(2) 1017/    4716 : 43EE 0028           		lea	obj_ram(a6),a1
(2) 1018/    471A : D0C6                		adda	d6,a0
(2) 1019/    471C : 32D8                		move.w	(a0)+,(a1)+
(2) 1020/    471E : 32D8                		move.w	(a0)+,(a1)+
(2) 1021/    4720 :                     
(2) 1022/    4720 : 1E2E 001D           		move.b	obj_subid(a6),d7
(2) 1023/    4724 : CEFC 002A           		mulu.w	#42,d7
(2) 1024/    4728 : EB4F                		lsl.w	#5,d7
(2) 1025/    472A : 2007                		move.l	d7,d0
(2) 1026/    472C : 6100 D23E           		bsr	System_DiceRoll
(2) 1027/    4730 :                     ; 		neg.w	d7
(2) 1028/    4730 : 32C0                		move.w	d0,(a1)+
(2) 1029/    4732 :                     
(2) 1030/    4732 :                     ; ----------------------------------------------
(2) 1031/    4732 :                     .main:
(2) 1032/    4732 : 4BEE 0028           		lea	obj_ram(a6),a5
(2) 1033/    4736 : 49F8 CA72           		lea	(RAM_GemaStatus).w,a4
(2) 1034/    473A :                     	; a5
(2) 1035/    473A :                     	; 0 - X base
(2) 1036/    473A :                     	; 2 - Y base
(2) 1037/    473A :                     	; 4 - Tan
(2) 1038/    473A : 7600                		moveq	#0,d3
(2) 1039/    473C : 162E 001D           		move.b	obj_subid(a6),d3
(2) 1040/    4740 : D643                		add.w	d3,d3
(2) 1041/    4742 : D8C3                		adda	d3,a4
(2) 1042/    4744 :                     ; 		lsl.w	#3,d3
(2) 1043/    4744 : 3415                		move.w	(a5),d2
(2) 1044/    4746 : 362D 0002           		move.w	2(a5),d3
(2) 1045/    474A : 383C 0002           		move.w	#2,d4			; Multiply
(2) 1046/    474E : 082C 0007 0001      		btst	#7,1(a4)
(2) 1047/    4754 : 6704                		beq.s	.not_enbls
(2) 1048/    4756 : 383C 0004           		move.w	#4,d4
(2) 1049/    475A :                     .not_enbls:
(2) 1050/    475A : 302D 0004           		move.w	4(a5),d0
(2) 1051/    475E : E848                		lsr.w	#4,d0
(2) 1052/    4760 : 6100 D22E           		bsr	System_SineWave
(2) 1053/    4764 : C3C4                		muls.w	d4,d1
(2) 1054/    4766 : E041                		asr.w	#8,d1
(2) 1055/    4768 : 9441                		sub.w	d1,d2
(2) 1056/    476A : 302D 0004           		move.w	4(a5),d0
(2) 1057/    476E : E848                		lsr.w	#4,d0
(2) 1058/    4770 : 082C 0000 0001      		btst	#0,1(a4)
(2) 1059/    4776 : 6702                		beq.s	.not_enbl2
(2) 1060/    4778 : D040                		add.w	d0,d0
(2) 1061/    477A :                     .not_enbl2:
(2) 1062/    477A : 6100 D20A           		bsr	System_SineWave_Cos
(2) 1063/    477E : C3C4                		muls.w	d4,d1
(2) 1064/    4780 : E041                		asr.w	#8,d1
(2) 1065/    4782 : 9641                		sub.w	d1,d3
(2) 1066/    4784 :                     
(2) 1067/    4784 : 383C 0040           		move.w	#$40,d4
(2) 1068/    4788 : 082C 0007 0001      		btst	#7,1(a4)
(2) 1069/    478E : 6704                		beq.s	.not_enbl
(2) 1070/    4790 : 383C 0090           		move.w	#$90,d4
(2) 1071/    4794 :                     .not_enbl:
(2) 1072/    4794 : D96D 0004           		addi.w	d4,4(a5)
(2) 1073/    4798 :                     		
(2) 1074/    4798 :                     		;!@ Mouse moving sprite
(2) 1075/    4798 : 182E 001D           		move.b	obj_subid(a6),d4
(2) 1076/    479C : 0C04 0003           		cmpi.b	#$03,d4
(2) 1077/    47A0 : 6D14                		blt.s	.regular
(2) 1078/    47A2 : 4E71                		nop		
(2) 1080/    47A4 : 4BF9 FFFF F0F8      		lea	(Controller_1).l,a5
(2) 1081/    47AA : 342D 0008           		move.w	pad_x(a5),d2
(2) 1082/    47AE : 362D 000A           		move.w	pad_y(a5),d3
(2) 1083/    47B2 : 0243 00FF           		andi.w	#$00FF,d3
(2) 1085/    47B6 :                     .regular:
(2) 1086/    47B6 : 3D42 0004           		move.w	d2,obj_x(a6)
(2) 1087/    47BA : 3D43 0008           		move.w	d3,obj_y(a6)
(2) 1088/    47BE :                     
(2) 1089/    47BE :                     .not_mouse:
(2) 1090/    47BE : 41FA 002E           		lea	.anim_data(pc),a0
(2) 1091/    47C2 : 6100 D52E           		bsr	object_Animate
(2) 1092/    47C6 :                     
(2) 1093/    47C6 : 7000                		moveq	#0,d0
(2) 1094/    47C8 : 102E 001D           		move.b	obj_subid(a6),d0
(2) 1095/    47CC : E748                		lsl.w	#3,d0
(2) 1096/    47CE : 41FB 002C           		lea	.sub_ids(pc,d0.w),a0
(2) 1097/    47D2 : 3428 0004           		move.w	4(a0),d2
(2) 1098/    47D6 : 2250                		move.l	(a0),a1
(2) 1099/    47D8 : 207C 0000 0000      		move.l	#0,a0
(2) 1100/    47DE : 302E 0004           		move.w	obj_x(a6),d0
(2) 1101/    47E2 : 322E 0008           		move.w	obj_y(a6),d1
(2) 1102/    47E6 : 362E 0020           		move.w	obj_frame(a6),d3
(2) 1103/    47EA : 6000 CD10           		bra	Video_MakeSprMap
(2) 1104/    47EE :                     
(2) 1105/    47EE :                     ; ----------------------------------------------
(2) 1106/    47EE :                     
(2) 1107/    47EE :                     .anim_data:
(2) 1108/    47EE : 0002                		dc.w .anim_00-.anim_data
(2) 1109/    47F0 :                     .anim_00:
(2) 1110/    47F0 : 0008                		dc.w 8
(2) 1111/    47F2 : 0000 0001 0002      		dc.w 0,1,2,1
             47F8 : 0001             
(2) 1112/    47FA : FFFE                		dc.w -2
(2) 1113/    47FC :                     		align 2
(2) 1114/    47FC :                     .sub_ids:
(2) 1115/    47FC : 0003 A5AA           		dc.l objMap_Dodo
(2) 1116/    4800 : 0002 0000           		dc.w setVram_Dodo,0
(2) 1117/    4804 : 0003 A5CE           		dc.l objMap_Mimi
(2) 1118/    4808 : 0032 0000           		dc.w setVram_Mimi,0
(2) 1119/    480C : 0003 A5F2           		dc.l objMap_Fifi
(2) 1120/    4810 : 0062 0000           		dc.w setVram_Fifi,0
(2) 1121/    4814 :                     		;!@ New fairy for mouse ptr
(2) 1122/    4814 : 0003 A5F2           		dc.l objMap_Fifi
(2) 1123/    4818 : 0092 0000           		dc.w setVram_Pifi,0
(2) 1124/    481C :                     		align 2
(2) 1125/    481C :                     
(2) 1126/    481C :                     .fixd_pos:
(2) 1127/    481C :                     		;!@
(2) 1128/    481C :                     		;dc.w $B8,$50
(2) 1129/    481C :                     		;dc.w $B8+$24,$50
(2) 1130/    481C :                     		;dc.w $B8+$48,$50
(2) 1131/    481C : 00B8 0040           		dc.w $B8,$40
(2) 1132/    4820 : 00DC 0040           		dc.w $B8+$24,$40
(2) 1133/    4824 : 0100 0040           		dc.w $B8+$48,$40
(2) 1134/    4828 : 012A 0040           		dc.w $B8+$72,$40
(2) 1135/    482C :                     		align 2
(2) 1136/    482C :                     
(2) 1137/    482C :                     ; ====================================================================
(2) 1138/    482C :                     ; ------------------------------------------------------
(2) 1139/    482C :                     ; Subroutines
(2) 1140/    482C :                     ; ------------------------------------------------------
(2) 1141/    482C :                     
(2) 1142/    482C :                     ; ====================================================================
(2) 1143/    482C :                     ; ------------------------------------------------------
(2) 1144/    482C :                     ; Includes for this screen
(2) 1145/    482C :                     ; ------------------------------------------------------
(2) 1146/    482C :                     
(2) 1147/    482C :                     ; ====================================================================
(2) 1148/    482C :                     ; ------------------------------------------------------
(2) 1149/    482C :                     ; Custom VBlank
(2) 1150/    482C :                     ; ------------------------------------------------------
(2) 1151/    482C :                     
(2) 1152/    482C :                     ; ------------------------------------------------------
(2) 1153/    482C :                     ; Custom HBlank
(2) 1154/    482C :                     ; ------------------------------------------------------
(2) 1155/    482C :                     
(2) 1156/    482C :                     ; ====================================================================
(2) 1157/    482C :                     ; ------------------------------------------------------
(2) 1158/    482C :                     ; Small data section
(2) 1159/    482C :                     ; ------------------------------------------------------
(2) 1160/    482C :                     
(2) 1161/    482C :                     ; EXTERNAL BEATS FOR EACH TRACK
(2) 1162/    482C :                     exgema_beats:
(2) 1163/    482C : 00D6                	dc.w 214
(2) 1164/    482E : 00D6                	dc.w 214
(2) 1165/    4830 : 00D6                	dc.w 214
(2) 1166/    4832 : 00C0                	dc.w 192
(2) 1167/    4834 : 00C0                	dc.w 192
(2) 1168/    4836 : 00D6                	dc.w 214
(2) 1169/    4838 : 00B8                	dc.w $00B8
(2) 1170/    483A : 00C0                	dc.w 192
(2) 1171/    483C : 00C0                	dc.w 192
(2) 1172/    483E : 00D6                	dc.w 214
(2) 1173/    4840 : 00D6                	dc.w 214
(2) 1174/    4842 : 00D6                	dc.w 214
(2) 1175/    4844 : 00D6                	dc.w 214
(2) 1176/    4846 : 00D6                	dc.w 214
(2) 1177/    4848 : 00D6                	dc.w 214
(2) 1178/    484A : 00D6                	dc.w 214
(2) 1179/    484C : 00D6                	dc.w 214
(2) 1180/    484E : 00D6                	dc.w 214
(2) 1181/    4850 : 00D6                	dc.w 214
(2) 1182/    4852 : 00D6                	dc.w 214
(2) 1183/    4854 : 00D6                	dc.w 214
(2) 1184/    4856 : 00D6                	dc.w 214
(2) 1185/    4858 : 00D6                	dc.w 214
(2) 1186/    485A : 00D6                	dc.w 214
(2) 1187/    485C :                     
(2) 1188/    485C :                     ArtList_Stuff:
(2) 1189/    485C :                     		;!@ dc.w 3
(2) 1190/    485C : 0004                		dc.w 4
(2) 1191/    485E : 0003 940A           		dc.l Art_FairyDodo
(2) 1192/    4862 : 0040                		dc.w cell_num(setVram_Dodo)
(2) 1193/    4864 : 0600                		dc.w cell_num($30)
(2) 1194/    4866 : 0003 9A0A           		dc.l Art_FairyMimi
(2) 1195/    486A : 0640                		dc.w cell_num(setVram_Mimi)
(2) 1196/    486C : 0600                		dc.w cell_num($30)
(2) 1197/    486E : 0003 A00A           		dc.l Art_FairyFifi
(2) 1198/    4872 : 0C40                		dc.w cell_num(setVram_Fifi)
(2) 1199/    4874 : 0600                		dc.w cell_num($30)
(2) 1200/    4876 :                     		;!@
(2) 1201/    4876 : 0003 A00A           		dc.l Art_FairyFifi
(2) 1202/    487A : 1240                		dc.w cell_num(setVram_Pifi)
(2) 1203/    487C : 0600                		dc.w cell_num($30)
(2) 1204/    487E :                     		align 2
(2) 1205/    487E :                     
(2) 1206/    487E :                     str_TesterTitle:
(2) 1207/    487E : 4745 4D41 2053      		dc.b "GEMA Sound Test",0
             4884 : 6F75 6E64 2054 
             488A : 6573 7400          
(2) 1208/    488E :                     		align 2
(2) 1209/    488E :                     ;!@
(2) 1210/    488E :                     str_TesterTitle2:
(2) 1211/    488E : 4D65 6761 2D50      		dc.b "Mega-Pico mode test",0
             4894 : 6963 6F20 6D6F 
             489A : 6465 2074 6573 
             48A0 : 7400             
(2) 1212/    48A2 :                     		align 2
(2) 1213/    48A2 :                     
(2) 1214/    48A2 :                     str_TesterInfo:
(2) 1215/    48A2 : 5365 7123 2042      		dc.b "Seq# Blk# Indx",$0A
             48A8 : 6C6B 2320 496E 
             48AE : 6478 0A          
(2) 1216/    48B1 :                     		;!@ dc.b $0A,$0A,$0A,$0A
(2) 1217/    48B1 : 0A0A                		dc.b $0A,$0A
(2) 1218/    48B3 : 4265 6174 733A 20   		dc.b "Beats: "
(2) 1219/    48BA : 00                  		dc.b 0
(2) 1220/    48BB :                     		align 2
(2) 1221/    48BC :                     str_TesterInfo2:
(2) 1222/    48BC :                     		     ;01234567890123456789
(2) 1223/    48BC : 5069 636F 2054      		dc.b "Pico Type/Ver: $    ",$0A
             48C2 : 7970 652F 5665 
             48C8 : 723A 2024 2020 
             48CE : 2020 0A          
(2) 1224/    48D1 :                     			 ;01234567890123456789
(2) 1225/    48D1 : 5065 6E58 593A      		dc.b "PenXY: $    ,     ",$0A
             48D7 : 2024 2020 2020 
             48DD : 2C20 2020 2020 0A 
(2) 1226/    48E4 :                     		     ;01234567890123456789
(2) 1227/    48E4 : 426F 6F6B 3A20      		dc.b "Book: $  "		
             48EA : 2420 20          
(2) 1228/    48ED : 00                  		dc.b 0
(2) 1229/    48EE :                     		align 2
(2) 1230/    48EE :                     str_TesterInfo3:
(2) 1234/    48EE : 4274 6E3A 2024      		dc.b "Btn: $    ,    ,    "
             48F4 : 2020 2020 2C20 
             48FA : 2020 202C 2020 
             4900 : 2020             
(2) 1235/    4902 : 00                  		dc.b 0
(2) 1237/    4903 :                     		align 2
(2) 1238/    4904 :                     str_Instruc:
(2) 1240/    4904 : 5047 2F4C 5220      		dc.b "PG/LR - Seq. Num#   XY - Track index",$0A
             490A : 2D20 5365 712E 
             4910 : 204E 756D 2320 
             4916 : 2020 5859 202D 
             491C : 2054 7261 636B 
             4922 : 2069 6E64 6578 0A 
(2) 1241/    4929 : 574F 2F55 4420      		dc.b "WO/UD - Seq. Blk#",$0A
             492F : 2D20 5365 712E 
             4935 : 2042 6C6B 230A    
(2) 1242/    493B : 2020 2020 4120      		dc.b "    A - STOP ALL",$0A
             4941 : 2D20 5354 4F50 
             4947 : 2041 4C4C 0A       
(2) 1243/    494C : 5245 442F 4220      		dc.b "RED/B - STOP Seq.",$0A
             4952 : 2D20 5354 4F50 
             4958 : 2053 6571 2E0A    
(2) 1244/    495E : 5045 4E2F 4320      		dc.b "PEN/C - PLAY Seq. Z - PLAY auto-fill"
             4964 : 2D20 504C 4159 
             496A : 2053 6571 2E20 
             4970 : 5A20 2D20 504C 
             4976 : 4159 2061 7574 
             497C : 6F2D 6669 6C6C    
(2) 1245/    4982 : 00                  		dc.b 0
(2) 1254/    4983 :                     		align 2
(2) 1255/    4984 :                     
(2) 1256/    4984 :                     str_VmInfo:
(2) 1257/    4984 : 5053 470A           		dc.b "PSG",$0A
(2) 1258/    4988 : 464D 0A             		dc.b "FM",$0A
(2) 1259/    498B : 5043 4D0A           		dc.b "PCM",$0A
(2) 1260/    498F : 5057 4D0A           		dc.b "PWM",$0A
(2) 1261/    4993 :                     		;!@
(2) 1262/    4993 :                     		;if PICO
(2) 1263/    4993 : 5043 4F             		dc.b "PCO"
(2) 1264/    4996 :                     		;endif
(2) 1265/    4996 : 00                  		dc.b 0
(2) 1266/    4997 :                     		align 2
(2) 1267/    4998 :                     		
(2) 1268/    4998 :                     ;!@
(2) 1269/    4998 :                     strL_NoteNull:
(2) 1270/    4998 : 2D2D 2D00           		dc.b "---",0
(2) 1271/    499C :                     		align 2
(2) 1272/    499C :                     
(2) 1273/    499C : 2D2D 2D00           strL_NoteList:	dc.b "---",0
(2) 1274/    49A0 : 432D 3000 4323      		dc.b "C-0",0,"C#0",0,"D-0",0,"D#0",0,"E-0",0,"F-0",0,"F#0",0,"G-0",0,"G#0",0,"A-0",0,"A#0",0,"B-0",0
             49A6 : 3000 442D 3000 
             49AC : 4423 3000 452D 
             49B2 : 3000 462D 3000 
             49B8 : 4623 3000 472D 
             49BE : 3000 4723 3000 
             49C4 : 412D 3000 4123 
             49CA : 3000 422D 3000    
(2) 1275/    49D0 : 432D 3100 4323      		dc.b "C-1",0,"C#1",0,"D-1",0,"D#1",0,"E-1",0,"F-1",0,"F#1",0,"G-1",0,"G#1",0,"A-1",0,"A#1",0,"B-1",0
             49D6 : 3100 442D 3100 
             49DC : 4423 3100 452D 
             49E2 : 3100 462D 3100 
             49E8 : 4623 3100 472D 
             49EE : 3100 4723 3100 
             49F4 : 412D 3100 4123 
             49FA : 3100 422D 3100    
(2) 1276/    4A00 : 432D 3200 4323      		dc.b "C-2",0,"C#2",0,"D-2",0,"D#2",0,"E-2",0,"F-2",0,"F#2",0,"G-2",0,"G#2",0,"A-2",0,"A#2",0,"B-2",0
             4A06 : 3200 442D 3200 
             4A0C : 4423 3200 452D 
             4A12 : 3200 462D 3200 
             4A18 : 4623 3200 472D 
             4A1E : 3200 4723 3200 
             4A24 : 412D 3200 4123 
             4A2A : 3200 422D 3200    
(2) 1277/    4A30 : 432D 3300 4323      		dc.b "C-3",0,"C#3",0,"D-3",0,"D#3",0,"E-3",0,"F-3",0,"F#3",0,"G-3",0,"G#3",0,"A-3",0,"A#3",0,"B-3",0
             4A36 : 3300 442D 3300 
             4A3C : 4423 3300 452D 
             4A42 : 3300 462D 3300 
             4A48 : 4623 3300 472D 
             4A4E : 3300 4723 3300 
             4A54 : 412D 3300 4123 
             4A5A : 3300 422D 3300    
(2) 1278/    4A60 : 432D 3400 4323      		dc.b "C-4",0,"C#4",0,"D-4",0,"D#4",0,"E-4",0,"F-4",0,"F#4",0,"G-4",0,"G#4",0,"A-4",0,"A#4",0,"B-4",0
             4A66 : 3400 442D 3400 
             4A6C : 4423 3400 452D 
             4A72 : 3400 462D 3400 
             4A78 : 4623 3400 472D 
             4A7E : 3400 4723 3400 
             4A84 : 412D 3400 4123 
             4A8A : 3400 422D 3400    
(2) 1279/    4A90 : 432D 3500 4323      		dc.b "C-5",0,"C#5",0,"D-5",0,"D#5",0,"E-5",0,"F-5",0,"F#5",0,"G-5",0,"G#5",0,"A-5",0,"A#5",0,"B-5",0
             4A96 : 3500 442D 3500 
             4A9C : 4423 3500 452D 
             4AA2 : 3500 462D 3500 
             4AA8 : 4623 3500 472D 
             4AAE : 3500 4723 3500 
             4AB4 : 412D 3500 4123 
             4ABA : 3500 422D 3500    
(2) 1280/    4AC0 : 432D 3600 4323      		dc.b "C-6",0,"C#6",0,"D-6",0,"D#6",0,"E-6",0,"F-6",0,"F#6",0,"G-6",0,"G#6",0,"A-6",0,"A#6",0,"B-6",0
             4AC6 : 3600 442D 3600 
             4ACC : 4423 3600 452D 
             4AD2 : 3600 462D 3600 
             4AD8 : 4623 3600 472D 
             4ADE : 3600 4723 3600 
             4AE4 : 412D 3600 4123 
             4AEA : 3600 422D 3600    
(2) 1281/    4AF0 : 432D 3700 4323      		dc.b "C-7",0,"C#7",0,"D-7",0,"D#7",0,"E-7",0,"F-7",0,"F#7",0,"G-7",0,"G#7",0,"A-7",0,"A#7",0,"B-7",0
             4AF6 : 3700 442D 3700 
             4AFC : 4423 3700 452D 
             4B02 : 3700 462D 3700 
             4B08 : 4623 3700 472D 
             4B0E : 3700 4723 3700 
             4B14 : 412D 3700 4123 
             4B1A : 3700 422D 3700    
(2) 1282/    4B20 : 432D 3800 4323      		dc.b "C-8",0,"C#8",0,"D-8",0,"D#8",0,"E-8",0,"F-8",0,"F#8",0,"G-8",0,"G#8",0,"A-8",0,"A#8",0,"B-8",0
             4B26 : 3800 442D 3800 
             4B2C : 4423 3800 452D 
             4B32 : 3800 462D 3800 
             4B38 : 4623 3800 472D 
             4B3E : 3800 4723 3800 
             4B44 : 412D 3800 4123 
             4B4A : 3800 422D 3800    
(2) 1283/    4B50 : 432D 3900 4323      		dc.b "C-9",0,"C#9",0,"D-9",0,"D#9",0,"E-9",0,"F-9",0,"F#9",0,"G-9",0,"G#9",0,"A-9",0,"A#9",0,"B-9",0
             4B56 : 3900 442D 3900 
             4B5C : 4423 3900 452D 
             4B62 : 3900 462D 3900 
             4B68 : 4623 3900 472D 
             4B6E : 3900 4723 3900 
             4B74 : 412D 3900 4123 
             4B7A : 3900 422D 3900    
(2) 1284/    4B80 : 3F2D 4100 3F2D      		dc.b "?-A",0,"?-A",0,"?-A",0,"?-A",0,"?-A",0,"?-A",0,"?-A",0,"?-A",0,"?-A",0,"?-A",0,"?-A",0,"?-A",0
             4B86 : 4100 3F2D 4100 
             4B8C : 3F2D 4100 3F2D 
             4B92 : 4100 3F2D 4100 
             4B98 : 3F2D 4100 3F2D 
             4B9E : 4100 3F2D 4100 
             4BA4 : 3F2D 4100 3F2D 
             4BAA : 4100 3F2D 4100    
(2) 1285/    4BB0 : 3F2D 4200 3F2D      		dc.b "?-B",0,"?-B",0,"?-B",0,"?-B",0,"?-B",0,"?-B",0,"?-B",0,"?-B",0,"?-B",0,"?-B",0,"?-B",0,"?-B",0
             4BB6 : 4200 3F2D 4200 
             4BBC : 3F2D 4200 3F2D 
             4BC2 : 4200 3F2D 4200 
             4BC8 : 3F2D 4200 3F2D 
             4BCE : 4200 3F2D 4200 
             4BD4 : 3F2D 4200 3F2D 
             4BDA : 4200 3F2D 4200    
(2) 1286/    4BE0 : 3F2D 4300 3F2D      		dc.b "?-C",0,"?-C",0,"?-C",0,"?-C",0,"?-C",0,"?-C",0,"?-C",0,"?-C",0,"?-C",0,"?-C",0,"?-C",0,"?-C",0
             4BE6 : 4300 3F2D 4300 
             4BEC : 3F2D 4300 3F2D 
             4BF2 : 4300 3F2D 4300 
             4BF8 : 3F2D 4300 3F2D 
             4BFE : 4300 3F2D 4300 
             4C04 : 3F2D 4300 3F2D 
             4C0A : 4300 3F2D 4300    
(2) 1287/    4C10 : 3F2D 4400 3F2D      		dc.b "?-D",0,"?-D",0,"?-D",0,"?-D",0,"?-D",0,"?-D",0,"?-D",0,"?-D",0,"?-D",0,"?-D",0,"?-D",0,"?-D",0
             4C16 : 4400 3F2D 4400 
             4C1C : 3F2D 4400 3F2D 
             4C22 : 4400 3F2D 4400 
             4C28 : 3F2D 4400 3F2D 
             4C2E : 4400 3F2D 4400 
             4C34 : 3F2D 4400 3F2D 
             4C3A : 4400 3F2D 4400    
(2) 1288/    4C40 : 3F2D 4500 3F2D      		dc.b "?-E",0,"?-E",0,"?-E",0,"?-E",0,"?-E",0,"?-E",0,"?-E",0,"?-E",0,"?-E",0,"?-E",0,"?-E",0,"?-E",0
             4C46 : 4500 3F2D 4500 
             4C4C : 3F2D 4500 3F2D 
             4C52 : 4500 3F2D 4500 
             4C58 : 3F2D 4500 3F2D 
             4C5E : 4500 3F2D 4500 
             4C64 : 3F2D 4500 3F2D 
             4C6A : 4500 3F2D 4500    
(2) 1289/    4C70 : 3F2D 4600 3F2D      		dc.b "?-F",0,"?-F",0,"?-F",0,"?-F",0,"?-F",0,"?-F",0,"?-F",0,"?-F",0,"?-F",0,"?-F",0,"?-F",0,"?-F",0
             4C76 : 4600 3F2D 4600 
             4C7C : 3F2D 4600 3F2D 
             4C82 : 4600 3F2D 4600 
             4C88 : 3F2D 4600 3F2D 
             4C8E : 4600 3F2D 4600 
             4C94 : 3F2D 4600 3F2D 
             4C9A : 4600 3F2D 4600    
(2) 1290/    4CA0 : 2D2D 2D00           strL_FmOnly:	dc.b "---",0
(2) 1291/    4CA4 : 432D 2000 4323      		dc.b "C- ",0,"C# ",0,"D- ",0,"D# ",0,"E- ",0,"F- ",0,"F# ",0,"G- ",0,"G# ",0,"A- ",0,"A# ",0,"B- ",0
             4CAA : 2000 442D 2000 
             4CB0 : 4423 2000 452D 
             4CB6 : 2000 462D 2000 
             4CBC : 4623 2000 472D 
             4CC2 : 2000 4723 2000 
             4CC8 : 412D 2000 4123 
             4CCE : 2000 422D 2000    
(2) 1292/    4CD4 : 3F2D 2000 3F2D      		dc.b "?- ",0,"?- ",0,"?- ",0
             4CDA : 2000 3F2D 2000    
(2) 1293/    4CE0 : 3000 3100 3200      strL_LazyVal:	dc.b "0",0,"1",0,"2",0,"3",0,"4",0,"5",0,"6",0,"7",0,"8",0,"9",0
             4CE6 : 3300 3400 3500 
             4CEC : 3600 3700 3800 
             4CF2 : 3900             
(2) 1294/    4CF4 :                     
(2) 1295/    4CF4 : 464D 3300           str_Speci:	dc.b "FM3",0
(2) 1296/    4CF8 : 4441 4300           str_Sampl:	dc.b "DAC",0
(1)   20/    4CFC :                     mcscrn_e:
(1)   20/    4CFC : =$4CFC               MD_SCREEN07_E label *
(1)   20/    4CFC :  (MACRO-2)                   erreport "SCREEN CODE: MD_SCREEN07",mcscrn_e-mcscrn_s,MAX_UserCode
(1)   21/    4CFC :                     
     361/    4CFC :                     
     362/    4CFC :                     ; ====================================================================
     363/    4CFC :                     ; ----------------------------------------------------------------
     364/    4CFC :                     ; DATA
     365/    4CFC :                     ; ----------------------------------------------------------------
     366/    4CFC :                     
     367/    4CFC :                     		include "game/incl_data.asm"
(1)    1/    4CFC :                     ; ====================================================================
(1)    2/    4CFC :                     ; ----------------------------------------------------------------
(1)    3/    4CFC :                     ; DATA Section
(1)    4/    4CFC :                     ; ----------------------------------------------------------------
(1)    5/    4CFC :                     
(1)    6/    4CFC :                     ; ------------------------------------------------------------
(1)    7/    4CFC :                     ; Usage:
(1)    8/    4CFC :                     ;	data_bank LABEL_START
(1)    9/    4CFC :                     ;	include "game/data/your_bank.asm"
(1)   10/    4CFC :                     ;	dend_bank LABEL_END
(1)   11/    4CFC :                     ;
(1)   12/    4CFC :                     ; CD/CD32X ONLY:
(1)   13/    4CFC :                     ; Go to incl_list.asm add an entry in disc_banklist:
(1)   14/    4CFC :                     ; 	dc.l DATA_BANK			; Label
(1)   15/    4CFC :                     ; 	dc.b "BNK_EXMP.BIN"		; ISO filename
(1)   16/    4CFC :                     ;
(1)   17/    4CFC :                     ; And add the labels and ISO filename at iso_files.asm
(1)   18/    4CFC :                     ;
(1)   19/    4CFC :                     ; * This is ONLY required for CD/CD32X, if you forget to
(1)   20/    4CFC :                     ; include it it will crash the entire system.
(1)   21/    4CFC :                     ;
(1)   22/    4CFC :                     ; During your screen code load banks with:
(1)   23/    4CFC :                     ; 	move.l	#DATA_BANK,d0
(1)   24/    4CFC :                     ; 	bsr	System_SetDataBank
(1)   25/    4CFC :                     ;
(1)   26/    4CFC :                     ; You MUST use the banks for compatibility to all systems
(1)   27/    4CFC :                     ; even if the standard Genesis doesn't require it.
(1)   28/    4CFC :                     ; DO note that on SCD and CD32X the DATA banks are stored
(1)   29/    4CFC :                     ; on DISC so loading banks will be SLOW.
(1)   30/    4CFC :                     ; ------------------------------------------------------------
(1)   31/    4CFC :                     
(1)   32/    4CFC : (MACRO)              	data_bank DATA_BANK0
(1)   32/    4CFC : =$4CFC               DATA_BANK0 label *                        ; Register label
(1)   32/    4CFC : =$4CFC               GLBL_MDATA_ST := *                      ; Save current pos globally
(1)   33/    4CFC :                     	include "game/data/bank_main.asm"
(2)    1/    4CFC :                     ; ===========================================================================
(2)    2/    4CFC :                     ; ----------------------------------------------------------------
(2)    3/    4CFC :                     ; BANK data
(2)    4/    4CFC :                     ;
(2)    5/    4CFC :                     ; Special macros:
(2)    6/    4CFC :                     ;
(2)    7/    4CFC :                     ; - VDP graphics:
(2)    8/    4CFC :                     ;	binclude_dma   LABEL_START,"filename"		; For single label
(2)    9/    4CFC :                     ;	binclude_dma_e LABEL_START,LABEL_END,"filename"	; Start and End labels
(2)   10/    4CFC :                     ;
(2)   11/    4CFC :                     ; - 32X SVDP graphics:
(2)   12/    4CFC :                     ; GfxPack_Start:
(2)   13/    4CFC :                     ; 	marsVramData
(2)   14/    4CFC :                     ;
(2)   15/    4CFC :                     ; example_0:
(2)   16/    4CFC :                     ; 	include "your_svdp_graphics.bin"
(2)   17/    4CFC :                     ; 	align 4						; ** Don't forget to align by 4 at the end **
(2)   18/    4CFC :                     ; example_1:
(2)   19/    4CFC :                     ; 	include "more_svdp.bin"
(2)   20/    4CFC :                     ;	align 4
(2)   21/    4CFC :                     ;
(2)   22/    4CFC :                     ;	marsVramDEnd
(2)   23/    4CFC :                     ; GfxPack_End:
(2)   24/    4CFC :                     ; ----------------------------------------------------------------
(2)   25/    4CFC :                     
(2)   26/    4CFC :                     		include "sound/data.asm"		; GEMA sound data
(3)    1/    4CFC :                     ; ===========================================================================
(3)    2/    4CFC :                     ; -------------------------------------------------------------------
(3)    3/    4CFC :                     ; Main sound data
(3)    4/    4CFC :                     ; -------------------------------------------------------------------
(3)    5/    4CFC :                     
(3)    6/    4CFC :                     MainGemaSeqList:
(3)    7/    4CFC : (MACRO)              	gemaTrk 1,3,gtrk_Test0
(3)    7/    4CFC : 8300 4D04                   dc.l ((1&$01)<<31)|((3&$7F)<<24)|(GTRK_TEST0&$FFFFFF)
(3)    8/    4D00 : (MACRO)              	gemaTrk 1,3,gtrk_Test1	; $0F
(3)    8/    4D00 : 8300 4D28                   dc.l ((1&$01)<<31)|((3&$7F)<<24)|(GTRK_TEST1&$FFFFFF)
(3)    9/    4D04 :                     
(3)   10/    4D04 :                     ; ----------------------------------------------------
(3)   11/    4D04 :                     gtrk_Test0:
(3)   12/    4D04 : (MACRO)              	gemaHead .blk,.pat,.ins,10
(3)   12/    4D04 : 000A                        dc.w 10
(3)   12/    4D06 : 0000 4D12                   dc.l .BLK
(3)   12/    4D0A : 0000 4D14                   dc.l .PAT
(3)   12/    4D0E : 0000 4D20                   dc.l .INS
(3)   13/    4D12 :                     .blk:	binclude "sound/seq/test_blk.bin"
(3)   14/    4D14 :                     .pat:	binclude "sound/seq/test_patt.bin"
(3)   15/    4D20 :                     .ins:
(3)   16/    4D20 : (MACRO)              	gInsDac 0,DacIns_TEST,1
(3)   16/    4D20 : C100 00F7                   dc.b $C0|1,0,((DACINS_TEST>>16)&$FF),((DACINS_TEST>>8)&$FF)
(3)   16/    4D24 : 9C00 0000                   dc.b DACINS_TEST&$FF,0,0,0
(3)   17/    4D28 :                     ; 	gInsDac 0,DacIns_Snare_Rap,0
(3)   18/    4D28 :                     
(3)   19/    4D28 :                     ; ----------------------------------------------------
(3)   20/    4D28 :                     gtrk_Test1:
(3)   21/    4D28 : (MACRO)              	gemaHead .blk,.pat,.ins,10
(3)   21/    4D28 : 000A                        dc.w 10
(3)   21/    4D2A : 0000 4D36                   dc.l .BLK
(3)   21/    4D2E : 0000 4D44                   dc.l .PAT
(3)   21/    4D32 : 0000 8E42                   dc.l .INS
(3)   22/    4D36 :                     .blk:	binclude "sound/seq/axe_blk.bin"
(3)   23/    4D44 :                     .pat:	binclude "sound/seq/axe_patt.bin"
(3)   24/    8E42 :                     .ins:
(3)   25/    8E42 : (MACRO)              	gInsFm 0,FmIns_Vibraphone_1
(3)   25/    8E42 : A000 0092                   dc.b $A0,0,((FMINS_VIBRAPHONE_1>>16)&$FF),((FMINS_VIBRAPHONE_1>>8)&$FF)
(3)   25/    8E46 : FA00 0000                   dc.b FMINS_VIBRAPHONE_1&$FF,$00,$00,$00
(3)   26/    8E4A : (MACRO)              	gInsFm 0,FmIns_Organ_drawbar
(3)   26/    8E4A : A000 0092                   dc.b $A0,0,((FMINS_ORGAN_DRAWBAR>>16)&$FF),((FMINS_ORGAN_DRAWBAR>>8)&$FF)
(3)   26/    8E4E : 9A00 0000                   dc.b FMINS_ORGAN_DRAWBAR&$FF,$00,$00,$00
(3)   27/    8E52 : (MACRO)              	gInsFm -12,FmIns_Bass_Groove_1
(3)   27/    8E52 : A0F4 0090                   dc.b $A0,-12,((FMINS_BASS_GROOVE_1>>16)&$FF),((FMINS_BASS_GROOVE_1>>8)&$FF)
(3)   27/    8E56 : 7A00 0000                   dc.b FMINS_BASS_GROOVE_1&$FF,$00,$00,$00
(3)   28/    8E5A : (MACRO)              	gInsFm +12,FmIns_bass_italo
(3)   28/    8E5A : A00C 0098                   dc.b $A0,+12,((FMINS_BASS_ITALO>>16)&$FF),((FMINS_BASS_ITALO>>8)&$FF)
(3)   28/    8E5E : DA00 0000                   dc.b FMINS_BASS_ITALO&$FF,$00,$00,$00
(3)   29/    8E62 : (MACRO)              	gInsDac 0,DacIns_conga,0
(3)   29/    8E62 : C000 00A9                   dc.b $C0|0,0,((DACINS_CONGA>>16)&$FF),((DACINS_CONGA>>8)&$FF)
(3)   29/    8E66 : 7A00 0000                   dc.b DACINS_CONGA&$FF,0,0,0
(3)   30/    8E6A : (MACRO)              	gInsDac 0,DacIns_conga_low,0
(3)   30/    8E6A : C000 00B4                   dc.b $C0|0,0,((DACINS_CONGA_LOW>>16)&$FF),((DACINS_CONGA_LOW>>8)&$FF)
(3)   30/    8E6E : 5400 0000                   dc.b DACINS_CONGA_LOW&$FF,0,0,0
(3)   31/    8E72 : (MACRO)              	gInsDac -12,DacIns_clap,0
(3)   31/    8E72 : C0F4 00A0                   dc.b $C0|0,-12,((DACINS_CLAP>>16)&$FF),((DACINS_CLAP>>8)&$FF)
(3)   31/    8E76 : 0000 0000                   dc.b DACINS_CLAP&$FF,0,0,0
(3)   32/    8E7A : (MACRO)              	gInsFm 0,FmIns_Flaute_1
(3)   32/    8E7A : A000 0092                   dc.b $A0,0,((FMINS_FLAUTE_1>>16)&$FF),((FMINS_FLAUTE_1>>8)&$FF)
(3)   32/    8E7E : BA00 0000                   dc.b FMINS_FLAUTE_1&$FF,$00,$00,$00
(3)   33/    8E82 : (MACRO)              	gInsFm 0,FmIns_Hats_1
(3)   33/    8E82 : A000 0093                   dc.b $A0,0,((FMINS_HATS_1>>16)&$FF),((FMINS_HATS_1>>8)&$FF)
(3)   33/    8E86 : DA00 0000                   dc.b FMINS_HATS_1&$FF,$00,$00,$00
(3)   34/    8E8A : (MACRO)              	gInsDac +24+2,DacIns_Kick_Strong,0
(3)   34/    8E8A : C01A 00C3                   dc.b $C0|0,+24+2,((DACINS_KICK_STRONG>>16)&$FF),((DACINS_KICK_STRONG>>8)&$FF)
(3)   34/    8E8E : 2E00 0000                   dc.b DACINS_KICK_STRONG&$FF,0,0,0
(3)   35/    8E92 : (MACRO)              	gInsDac +12,DacIns_Snare,0
(3)   35/    8E92 : C00C 00DD                   dc.b $C0|0,+12,((DACINS_SNARE>>16)&$FF),((DACINS_SNARE>>8)&$FF)
(3)   35/    8E96 : F800 0000                   dc.b DACINS_SNARE&$FF,0,0,0
(3)   36/    8E9A : (MACRO)              	gInsNull
(3)   36/    8E9A : 0000 0000                   dc.b $00,$00,$00,$00
(3)   36/    8E9E : 0000 0000                   dc.b $00,$00,$00,$00
(3)   37/    8EA2 : (MACRO)              	gInsPsg 0,$00,$00,$00,$00,$02,$00
(3)   37/    8EA2 : 8000 0000                   dc.b $80,0,$00,$00
(3)   37/    8EA6 : 0000 0200                   dc.b $00,$00,$02,$00
(3)   38/    8EAA : (MACRO)              	gInsNull
(3)   38/    8EAA : 0000 0000                   dc.b $00,$00,$00,$00
(3)   38/    8EAE : 0000 0000                   dc.b $00,$00,$00,$00
(3)   39/    8EB2 : (MACRO)              	gInsNull
(3)   39/    8EB2 : 0000 0000                   dc.b $00,$00,$00,$00
(3)   39/    8EB6 : 0000 0000                   dc.b $00,$00,$00,$00
(3)   40/    8EBA : (MACRO)              	gInsNull
(3)   40/    8EBA : 0000 0000                   dc.b $00,$00,$00,$00
(3)   40/    8EBE : 0000 0000                   dc.b $00,$00,$00,$00
(3)   41/    8EC2 : (MACRO)              	gInsNull
(3)   41/    8EC2 : 0000 0000                   dc.b $00,$00,$00,$00
(3)   41/    8EC6 : 0000 0000                   dc.b $00,$00,$00,$00
(3)   42/    8ECA : (MACRO)              	gInsNull
(3)   42/    8ECA : 0000 0000                   dc.b $00,$00,$00,$00
(3)   42/    8ECE : 0000 0000                   dc.b $00,$00,$00,$00
(3)   43/    8ED2 : (MACRO)              	gInsNull
(3)   43/    8ED2 : 0000 0000                   dc.b $00,$00,$00,$00
(3)   43/    8ED6 : 0000 0000                   dc.b $00,$00,$00,$00
(3)   44/    8EDA :                     
(3)   45/    8EDA :                     ; ===========================================================================
(3)   46/    8EDA :                     ; -------------------------------------------------------------------
(3)   47/    8EDA :                     ; GEMA/Nikona FM instruments
(3)   48/    8EDA :                     ; -------------------------------------------------------------------
(3)   49/    8EDA :                     
(3)   50/    8EDA :                     ; -----------------------------------------------------------
(3)   51/    8EDA :                     ; Normal FM Instruments
(3)   52/    8EDA :                     ; -----------------------------------------------------------
(3)   53/    8EDA :                     
(3)   54/    8EDA :                     FmIns_Bass_big_81:
(3)   55/    8EDA :                     		binclude "sound/ins/fm/bin/bass_big_82.bin"
(3)   56/    8EFA :                     FmIns_Bass_big_110:
(3)   57/    8EFA :                     		binclude "sound/ins/fm/bin/bass_big_110.bin"
(3)   58/    8F1A :                     FmIns_Bass_big_114:
(3)   59/    8F1A :                     		binclude "sound/ins/fm/bin/bass_big_114.bin"
(3)   60/    8F3A :                     FmIns_Bass_big_122:
(3)   61/    8F3A :                     		binclude "sound/ins/fm/bin/bass_big_122.bin"
(3)   62/    8F5A :                     FmIns_Bass_cave_47:
(3)   63/    8F5A :                     		binclude "sound/ins/fm/bin/bass_cave_47.bin"
(3)   64/    8F7A :                     FmIns_Bass_club_108:
(3)   65/    8F7A :                     		binclude "sound/ins/fm/bin/bass_club_108.bin"
(3)   66/    8F9A :                     FmIns_Bass_foot_75:
(3)   67/    8F9A :                     		binclude "sound/ins/fm/bin/bass_foot_75.bin"
(3)   68/    8FBA :                     FmIns_Bass_gem_26:
(3)   69/    8FBA :                     		binclude "sound/ins/fm/bin/bass_gem_26.bin"
(3)   70/    8FDA :                     FmIns_Bass_groove_119:
(3)   71/    8FDA :                     		binclude "sound/ins/fm/bin/bass_groove_119.bin"
(3)   72/    8FFA :                     FmIns_Bass_heavy_107:
(3)   73/    8FFA :                     		binclude "sound/ins/fm/bin/bass_heavy_107.bin"
(3)   74/    901A :                     FmIns_Bass_heavy_118:
(3)   75/    901A :                     		binclude "sound/ins/fm/bin/bass_heavy_118.bin"
(3)   76/    903A :                     FmIns_Bass_loud_117:
(3)   77/    903A :                     		binclude "sound/ins/fm/bin/bass_loud_117.bin"
(3)   78/    905A :                     FmIns_bass_low_46:
(3)   79/    905A :                     		binclude "sound/ins/fm/bin/bass_low_46.bin"
(3)   80/    907A :                     FmIns_Bass_Groove_1:
(3)   81/    907A :                     		binclude "sound/ins/fm/bin/bass_groove_1.bin"
(3)   82/    909A :                     FmIns_bass_low_81:
(3)   83/    909A :                     		binclude "sound/ins/fm/bin/bass_low_81.bin"
(3)   84/    90BA :                     FmIns_bass_low_103:
(3)   85/    90BA :                     		binclude "sound/ins/fm/bin/bass_low_103.bin"
(3)   86/    90DA :                     FmIns_bass_low_106:
(3)   87/    90DA :                     		binclude "sound/ins/fm/bin/bass_low_106.bin"
(3)   88/    90FA :                     FmIns_bass_low_126:
(3)   89/    90FA :                     		binclude "sound/ins/fm/bin/bass_low_126.bin"
(3)   90/    911A :                     FmIns_bass_mid_19:
(3)   91/    911A :                     		binclude "sound/ins/fm/bin/bass_mid_19.bin"
(3)   92/    913A :                     FmIns_bass_mid_80:
(3)   93/    913A :                     		binclude "sound/ins/fm/bin/bass_mid_80.bin"
(3)   94/    915A :                     FmIns_bass_mid_111:
(3)   95/    915A :                     		binclude "sound/ins/fm/bin/bass_mid_111.bin"
(3)   96/    917A :                     FmIns_bass_power_123:
(3)   97/    917A :                     		binclude "sound/ins/fm/bin/bass_power_123.bin"
(3)   98/    919A :                     FmIns_bass_silent_53:
(3)   99/    919A :                     		binclude "sound/ins/fm/bin/bass_silent_53.bin"
(3)  100/    91BA :                     FmIns_bass_slap_10:
(3)  101/    91BA :                     		binclude "sound/ins/fm/bin/bass_slap_10.bin"
(3)  102/    91DA :                     FmIns_bass_slap_105:
(3)  103/    91DA :                     		binclude "sound/ins/fm/bin/bass_slap_105.bin"
(3)  104/    91FA :                     FmIns_bass_synth_60:
(3)  105/    91FA :                     		binclude "sound/ins/fm/bin/bass_synth_60.bin"
(3)  106/    921A :                     FmIns_bass_synth_61:
(3)  107/    921A :                     		binclude "sound/ins/fm/bin/bass_synth_61.bin"
(3)  108/    923A :                     FmIns_bass_synth_72:
(3)  109/    923A :                     		binclude "sound/ins/fm/bin/bass_synth_72.bin"
(3)  110/    925A :                     FmIns_bass_synth_73:
(3)  111/    925A :                     		binclude "sound/ins/fm/bin/bass_synth_73.bin"
(3)  112/    927A :                     FmIns_bass_vlow_74:
(3)  113/    927A :                     		binclude "sound/ins/fm/bin/bass_vlow_74.bin"
(3)  114/    929A :                     FmIns_Organ_drawbar:
(3)  115/    929A :                     		binclude "sound/ins/fm/bin/organ_drawbar.bin"
(3)  116/    92BA :                     FmIns_Flaute_1:
(3)  117/    92BA :                     		binclude "sound/ins/fm/bin/flaute_1.bin"
(3)  118/    92DA :                     FmIns_Flaute_2:
(3)  119/    92DA :                     		binclude "sound/ins/fm/bin/flaute_2.bin"
(3)  120/    92FA :                     FmIns_Vibraphone_1:
(3)  121/    92FA :                     		binclude "sound/ins/fm/bin/vibraphone_1.bin"
(3)  122/    931A :                     FmIns_Vibraphone_2:
(3)  123/    931A :                     		binclude "sound/ins/fm/bin/vibraphone_2.bin"
(3)  124/    933A :                     FmIns_Xylophone:
(3)  125/    933A :                     		binclude "sound/ins/fm/bin/xylophone2_43.bin"
(3)  126/    935A :                     FmIns_Bass_low81:
(3)  127/    935A :                     		binclude "sound/ins/fm/bin/bass_low_46.bin"
(3)  128/    937A :                     FmIns_Trumpet_low:
(3)  129/    937A :                     		binclude "sound/ins/fm/bin/trumpet_low.bin"
(3)  130/    939A :                     FmIns_Trumpet_genie:
(3)  131/    939A :                     		binclude "sound/ins/fm/bin/trumpet_genie.bin"
(3)  132/    93BA :                     FmIns_Trumpet_bus:
(3)  133/    93BA :                     		binclude "sound/ins/fm/bin/trumpet_bus.bin"
(3)  134/    93DA :                     FmIns_Hats_1:
(3)  135/    93DA :                     		binclude "sound/ins/fm/bin/hats_96.bin"
(3)  136/    93FA :                     FmIns_Bell_mid36:
(3)  137/    93FA :                     		binclude "sound/ins/fm/bin/bell_mid_36.bin"
(3)  138/    941A :                     FmIns_Bell_62:
(3)  139/    941A :                     		binclude "sound/ins/fm/bin/bell_62.bin"
(3)  140/    943A :                     FmIns_Bell_93:
(3)  141/    943A :                     		binclude "sound/ins/fm/bin/bell_93.bin"
(3)  142/    945A :                     FmIns_Bell_low13:
(3)  143/    945A :                     		binclude "sound/ins/fm/bin/bell_low_13.bin"
(3)  144/    947A :                     
(3)  145/    947A :                     FmIns_Drum_Kick:
(3)  146/    947A :                     		binclude "sound/ins/fm/bin/kick_low.bin"
(3)  147/    949A :                     FmIns_Tick:
(3)  148/    949A :                     		binclude "sound/ins/fm/bin/tick_44.bin"
(3)  149/    94BA :                     
(3)  150/    94BA :                     ; -----------------------------------------------------------
(3)  151/    94BA :                     ; Special FM3 Instruments
(3)  152/    94BA :                     ; -----------------------------------------------------------
(3)  153/    94BA :                     
(3)  154/    94BA :                     FmSpIns_clack_1:
(3)  155/    94BA :                     		binclude "sound/ins/fm/bin/fm3_clack_1.bin"
(3)  156/    94E2 :                     FmSpIns_cowbell_h:
(3)  157/    94E2 :                     		binclude "sound/ins/fm/bin/fm3_cowbell_h.bin"
(3)  158/    950A :                     FmSpIns_cowbell_l:
(3)  159/    950A :                     		binclude "sound/ins/fm/bin/fm3_cowbell_l.bin"
(3)  160/    9532 :                     FmSpIns_hats_hq:
(3)  161/    9532 :                     		binclude "sound/ins/fm/bin/fm3_hats_hq.bin"
(3)  162/    955A :                     FmSpIns_sfx_alien:
(3)  163/    955A :                     		binclude "sound/ins/fm/bin/fm3_sfx_alien.bin"
(3)  164/    9582 :                     FmSpIns_sfx_knckbuzz:
(3)  165/    9582 :                     		binclude "sound/ins/fm/bin/fm3_sfx_knckbuzz.bin"
(3)  166/    95AA :                     FmSpIns_sfx_knock_h:
(3)  167/    95AA :                     		binclude "sound/ins/fm/bin/fm3_sfx_knock_h.bin"
(3)  168/    95D2 :                     FmSpIns_sfx_knock_l:
(3)  169/    95D2 :                     		binclude "sound/ins/fm/bin/fm3_sfx_knock_l.bin"
(3)  170/    95FA :                     FmSpIns_sfx_laser:
(3)  171/    95FA :                     		binclude "sound/ins/fm/bin/fm3_sfx_laser.bin"
(3)  172/    9622 :                     
(3)  173/    9622 :                     ; -----------------------------------------------------------
(3)  174/    9622 :                     ; FM sound effects
(3)  175/    9622 :                     ; -----------------------------------------------------------
(3)  176/    9622 :                     
(3)  177/    9622 :                     FmIns_sfx_punch:
(3)  178/    9622 :                     		binclude "sound/ins/fm/bin/sfx_punch.bin"
(3)  179/    9642 :                     FmIns_sfx_explode:
(3)  180/    9642 :                     		binclude "sound/ins/fm/bin/sfx_explode.bin"
(3)  181/    9662 :                     FmIns_sfx_slash:
(3)  182/    9662 :                     		binclude "sound/ins/fm/bin/sfx_slash.bin"
(3)  183/    9682 :                     FmIns_sfx_alien1:
(3)  184/    9682 :                     		binclude "sound/ins/fm/bin/sfx_alien_83.bin"
(3)  185/    96A2 :                     FmIns_sfx_alien2:
(3)  186/    96A2 :                     		binclude "sound/ins/fm/bin/sfx_alien_84.bin"
(3)  187/    96C2 :                     
(3)  188/    96C2 :                     ; ====================================================================
(3)  189/    96C2 :                     
(3)  190/    96C2 :                     ; FM3 Special
(3)  191/    96C2 :                     FmIns_Sp_OpenHat:
(3)  192/    96C2 :                     		binclude "sound/ins/fm/gsx/fm3_openhat.gsx",$2478,$28
(3)  193/    96EA :                     FmIns_Sp_ClosedHat:
(3)  194/    96EA :                     		binclude "sound/ins/fm/gsx/fm3_closedhat.gsx",$2478,$28
(3)  195/    9712 :                     FmIns_Sp_Cowbell:
(3)  196/    9712 :                     		binclude "sound/ins/fm/gsx/fm3_cowbell.gsx",$2478,$28
(3)  197/    973A :                     FmIns_Drums_Kick1:
(3)  198/    973A :                     		binclude "sound/ins/fm/gsx/drum_kick_gem.gsx",$2478,$20
(3)  199/    975A :                     FmIns_Piano_Aqua:
(3)  200/    975A :                     		binclude "sound/ins/fm/gsx/piano_aqua.gsx",$2478,$20
(3)  201/    977A :                     FmIns_HBeat_tom:
(3)  202/    977A :                     		binclude "sound/ins/fm/gsx/nadia_tom.gsx",$2478,$20
(3)  203/    979A :                     FmIns_Trumpet_1:
(3)  204/    979A :                     		binclude "sound/ins/fm/gsx/trumpet_1.gsx",$2478,$20
(3)  205/    97BA :                     FmIns_Bass_duck:
(3)  206/    97BA :                     		binclude "sound/ins/fm/gsx/bass_duck.gsx",$2478,$20
(3)  207/    97DA :                     FmIns_ClosedHat:
(3)  208/    97DA :                     		binclude "sound/ins/fm/gsx/hats_closed.gsx",$2478,$20
(3)  209/    97FA :                     FmIns_Trumpet_carnival:
(3)  210/    97FA :                     		binclude "sound/ins/fm/gsx/OLD_trumpet_carnivl.gsx",$2478,$20
(3)  211/    981A :                     FmIns_Bass_club:
(3)  212/    981A :                     		binclude "sound/ins/fm/gsx/OLD_bass_club.gsx",$2478,$20
(3)  213/    983A :                     FmIns_Bass_groove_2:
(3)  214/    983A :                     		binclude "sound/ins/fm/gsx/bass_groove_2.gsx",$2478,$20
(3)  215/    985A :                     FmIns_PSynth_plus:
(3)  216/    985A :                     		binclude "sound/ins/fm/gsx/psynth_plus.gsx",$2478,$20
(3)  217/    987A :                     FmIns_Brass_7:
(3)  218/    987A :                     		binclude "sound/ins/fm/gsx/brass_7.gsx",$2478,$20
(3)  219/    989A :                     
(3)  220/    989A :                     FmIns_sfx_punch_2:
(3)  221/    989A :                     		binclude "sound/ins/fm/gsx/fmsfx_punch.gsx",$2478,$20
(3)  222/    98BA :                     FmIns_sfx_smash:
(3)  223/    98BA :                     		binclude "sound/ins/fm/gsx/fmsfx_smash.gsx",$2478,$20
(3)  224/    98DA :                     
(3)  225/    98DA :                     FmIns_bass_italo:
(3)  226/    98DA :                     		binclude "sound/ins/fm/gsx/bass_italo.gsx",$2478,$20
(3)  227/    98FA :                     FmIns_Guitar_bball:
(3)  228/    98FA :                     		binclude "sound/ins/fm/gsx/guitar_bball.gsx",$2478,$20
(3)  229/    991A :                     
(3)  230/    991A :                     ; ===========================================================================
(3)  231/    991A :                     ; -------------------------------------------------------------------
(3)  232/    991A :                     ; GEMA/Nikona DAC samples
(3)  233/    991A :                     ;
(3)  234/    991A :                     ; 16000hz base
(3)  235/    991A :                     ; -------------------------------------------------------------------
(3)  236/    991A :                     
(3)  237/    991A :                     		align $800
(3)  238/    A000 :                     		;gSmplData Label,"file_path",loop_start
(3)  239/    A000 : (MACRO)              		gSmplData DacIns_clap,"sound/ins/smpl/clap.wav",0
(3)  239/    A000 : =$A000               DACINS_CLAP    label *
(3)  239/    A000 : 7409 00                     dc.b ((DACINS_CLAP_e-DACINS_CLAP_s)&$FF),(((DACINS_CLAP_e-DACINS_CLAP_s)>>8)&$FF),(((DACINS_CLAP_e-DACINS_CLAP_s)>>16)&$FF)       ; dc.b 1,2,3 Length
(3)  239/    A003 : 0000 00                     dc.b ((0)&$FF),(((0)>>8)&$FF),(((0)>>16)&$FF)                                  ; dc.b 4,5,6 Start 0
(3)  239/    A006 :                     DACINS_CLAP_s:
(3)  239/    A006 :                             binclude "sound/ins/smpl/clap.wav",$2C       ; dc.b (data)
(3)  239/    A97A :                     DACINS_CLAP_e:
(3)  240/    A97A : (MACRO)              		gSmplData DacIns_conga,"sound/ins/smpl/conga.wav",0
(3)  240/    A97A : =$A97A               DACINS_CONGA    label *
(3)  240/    A97A : D40A 00                     dc.b ((DACINS_CONGA_e-DACINS_CONGA_s)&$FF),(((DACINS_CONGA_e-DACINS_CONGA_s)>>8)&$FF),(((DACINS_CONGA_e-DACINS_CONGA_s)>>16)&$FF)       ; dc.b 1,2,3 Length
(3)  240/    A97D : 0000 00                     dc.b ((0)&$FF),(((0)>>8)&$FF),(((0)>>16)&$FF)                                  ; dc.b 4,5,6 Start 0
(3)  240/    A980 :                     DACINS_CONGA_s:
(3)  240/    A980 :                             binclude "sound/ins/smpl/conga.wav",$2C       ; dc.b (data)
(3)  240/    B454 :                     DACINS_CONGA_e:
(3)  241/    B454 : (MACRO)              		gSmplData DacIns_conga_low,"sound/ins/smpl/conga_low.wav",0
(3)  241/    B454 : =$B454               DACINS_CONGA_LOW    label *
(3)  241/    B454 : D40E 00                     dc.b ((DACINS_CONGA_LOW_e-DACINS_CONGA_LOW_s)&$FF),(((DACINS_CONGA_LOW_e-DACINS_CONGA_LOW_s)>>8)&$FF),(((DACINS_CONGA_LOW_e-DACINS_CONGA_LOW_s)>>16)&$FF)       ; dc.b 1,2,3 Length
(3)  241/    B457 : 0000 00                     dc.b ((0)&$FF),(((0)>>8)&$FF),(((0)>>16)&$FF)                                  ; dc.b 4,5,6 Start 0
(3)  241/    B45A :                     DACINS_CONGA_LOW_s:
(3)  241/    B45A :                             binclude "sound/ins/smpl/conga_low.wav",$2C       ; dc.b (data)
(3)  241/    C32E :                     DACINS_CONGA_LOW_e:
(3)  242/    C32E : (MACRO)              		gSmplData DacIns_Kick_Strong,"sound/ins/smpl/kick_strong.wav",0
(3)  242/    C32E : =$C32E               DACINS_KICK_STRONG    label *
(3)  242/    C32E : C41A 00                     dc.b ((DACINS_KICK_STRONG_e-DACINS_KICK_STRONG_s)&$FF),(((DACINS_KICK_STRONG_e-DACINS_KICK_STRONG_s)>>8)&$FF),(((DACINS_KICK_STRONG_e-DACINS_KICK_STRONG_s)>>16)&$FF)       ; dc.b 1,2,3 Length
(3)  242/    C331 : 0000 00                     dc.b ((0)&$FF),(((0)>>8)&$FF),(((0)>>16)&$FF)                                  ; dc.b 4,5,6 Start 0
(3)  242/    C334 :                     DACINS_KICK_STRONG_s:
(3)  242/    C334 :                             binclude "sound/ins/smpl/kick_strong.wav",$2C       ; dc.b (data)
(3)  242/    DDF8 :                     DACINS_KICK_STRONG_e:
(3)  243/    DDF8 : (MACRO)              		gSmplData DacIns_Snare,"sound/ins/smpl/snare.wav",0
(3)  243/    DDF8 : =$DDF8               DACINS_SNARE    label *
(3)  243/    DDF8 : F40E 00                     dc.b ((DACINS_SNARE_e-DACINS_SNARE_s)&$FF),(((DACINS_SNARE_e-DACINS_SNARE_s)>>8)&$FF),(((DACINS_SNARE_e-DACINS_SNARE_s)>>16)&$FF)       ; dc.b 1,2,3 Length
(3)  243/    DDFB : 0000 00                     dc.b ((0)&$FF),(((0)>>8)&$FF),(((0)>>16)&$FF)                                  ; dc.b 4,5,6 Start 0
(3)  243/    DDFE :                     DACINS_SNARE_s:
(3)  243/    DDFE :                             binclude "sound/ins/smpl/snare.wav",$2C       ; dc.b (data)
(3)  243/    ECF2 :                     DACINS_SNARE_e:
(3)  244/    ECF2 : (MACRO)              		gSmplData DacIns_Snare_Rap,"sound/ins/smpl/snare_rap.wav",0
(3)  244/    ECF2 : =$ECF2               DACINS_SNARE_RAP    label *
(3)  244/    ECF2 : A40A 00                     dc.b ((DACINS_SNARE_RAP_e-DACINS_SNARE_RAP_s)&$FF),(((DACINS_SNARE_RAP_e-DACINS_SNARE_RAP_s)>>8)&$FF),(((DACINS_SNARE_RAP_e-DACINS_SNARE_RAP_s)>>16)&$FF)       ; dc.b 1,2,3 Length
(3)  244/    ECF5 : 0000 00                     dc.b ((0)&$FF),(((0)>>8)&$FF),(((0)>>16)&$FF)                                  ; dc.b 4,5,6 Start 0
(3)  244/    ECF8 :                     DACINS_SNARE_RAP_s:
(3)  244/    ECF8 :                             binclude "sound/ins/smpl/snare_rap.wav",$2C       ; dc.b (data)
(3)  244/    F79C :                     DACINS_SNARE_RAP_e:
(3)  245/    F79C : (MACRO)              		gSmplData DacIns_TEST,"sound/ins/smpl/test.wav",0
(3)  245/    F79C : =$F79C               DACINS_TEST    label *
(3)  245/    F79C : 6878 02                     dc.b ((DACINS_TEST_e-DACINS_TEST_s)&$FF),(((DACINS_TEST_e-DACINS_TEST_s)>>8)&$FF),(((DACINS_TEST_e-DACINS_TEST_s)>>16)&$FF)       ; dc.b 1,2,3 Length
(3)  245/    F79F : 0000 00                     dc.b ((0)&$FF),(((0)>>8)&$FF),(((0)>>16)&$FF)                                  ; dc.b 4,5,6 Start 0
(3)  245/    F7A2 :                     DACINS_TEST_s:
(3)  245/    F7A2 :                             binclude "sound/ins/smpl/test.wav",$2C       ; dc.b (data)
(3)  245/   3700A :                     DACINS_TEST_e:
(3)  246/   3700A :                     
(3)  247/   3700A :                     ; 		gSmplData DacIns_Kick_2,"sound/ins/smpl/kick_2.wav",0
(3)  248/   3700A :                     ; 		gSmplData DacIns_Snare_2,"sound/ins/smpl/snare_2.wav",0
(3)  249/   3700A :                     ; 		gSmplData DacIns_Timpani,"sound/ins/smpl/timpani.wav",0
(3)  250/   3700A :                     ; 		gSmplData DacIns_wegot_kick,"sound/ins/smpl/wegot_kick.wav",0
(3)  251/   3700A :                     ; 		gSmplData DacIns_wegot_crash,"sound/ins/smpl/wegot_crash.wav",0
(3)  252/   3700A :                     
(2)   27/   3700A : (MACRO)              		binclude_dma ASCII_FONT,"game/data/md/tilesets/font_8/art.bin"
(2)   27/   3700A :                             ; 32X: Temporally show ROM position
(2)   27/   3700A :                     
(2)   27/   3700A :                                     align 2
(2)   27/   3700A : =$3700A              ASCII_FONT        label *
(2)   27/   3700A :                                     binclude "game/data/md/tilesets/font_8/art.bin"
(2)   27/   37C0A :                                     align 2
(2)   27/   37C0A :                             ; 32X: Return to last phase
(2)   28/   37C0A : (MACRO)              		binclude_dma ASCII_FONT_W,"game/data/md/tilesets/font_16/art.bin"
(2)   28/   37C0A :                             ; 32X: Temporally show ROM position
(2)   28/   37C0A :                     
(2)   28/   37C0A :                                     align 2
(2)   28/   37C0A : =$37C0A              ASCII_FONT_W        label *
(2)   28/   37C0A :                                     binclude "game/data/md/tilesets/font_16/art.bin"
(2)   28/   3940A :                                     align 2
(2)   28/   3940A :                             ; 32X: Return to last phase
(2)   29/   3940A : (MACRO)              		binclude_dma Art_FairyDodo,"game/data/md/sprites/dodo/art.bin"
(2)   29/   3940A :                             ; 32X: Temporally show ROM position
(2)   29/   3940A :                     
(2)   29/   3940A :                                     align 2
(2)   29/   3940A : =$3940A              ART_FAIRYDODO        label *
(2)   29/   3940A :                                     binclude "game/data/md/sprites/dodo/art.bin"
(2)   29/   39A0A :                                     align 2
(2)   29/   39A0A :                             ; 32X: Return to last phase
(2)   30/   39A0A : (MACRO)              		binclude_dma Art_FairyMimi,"game/data/md/sprites/mimi/art.bin"
(2)   30/   39A0A :                             ; 32X: Temporally show ROM position
(2)   30/   39A0A :                     
(2)   30/   39A0A :                                     align 2
(2)   30/   39A0A : =$39A0A              ART_FAIRYMIMI        label *
(2)   30/   39A0A :                                     binclude "game/data/md/sprites/mimi/art.bin"
(2)   30/   3A00A :                                     align 2
(2)   30/   3A00A :                             ; 32X: Return to last phase
(2)   31/   3A00A : (MACRO)              		binclude_dma Art_FairyFifi,"game/data/md/sprites/fifi/art.bin"
(2)   31/   3A00A :                             ; 32X: Temporally show ROM position
(2)   31/   3A00A :                     
(2)   31/   3A00A :                                     align 2
(2)   31/   3A00A : =$3A00A              ART_FAIRYFIFI        label *
(2)   31/   3A00A :                                     binclude "game/data/md/sprites/fifi/art.bin"
(2)   31/   3A58A :                                     align 2
(2)   31/   3A58A :                             ; 32X: Return to last phase
(2)   32/   3A58A :                     ; 		binclude_dma ART_TESTBG,"game/data/md/maps/test/art.bin"
(2)   33/   3A58A :                     ; PAL_TESTBG:	binclude "game/data/md/maps/test/pal.bin"
(2)   34/   3A58A :                     ; 		align 2
(2)   35/   3A58A :                     ; MAP_TESTBG:	binclude "game/data/md/maps/test/map.bin"
(2)   36/   3A58A :                     ; 		align 2
(2)   37/   3A58A :                     objPal_Dodo:	binclude "game/data/md/sprites/dodo/pal.bin"
(2)   38/   3A5AA :                     		align 2
(2)   39/   3A5AA :                     objMap_Dodo:	binclude "game/data/md/sprites/dodo/map.bin"
(2)   40/   3A5CE :                     		align 2
(2)   41/   3A5CE :                     objMap_Mimi:	binclude "game/data/md/sprites/mimi/map.bin"
(2)   42/   3A5F2 :                     		align 2
(2)   43/   3A5F2 :                     objMap_Fifi:	binclude "game/data/md/sprites/fifi/map.bin"
(2)   44/   3A62E :                     		align 2
(2)   45/   3A62E :                     
(2)   46/   3A62E :                     ; ----------------------------------------------------------------
(2)   47/   3A62E :                     
(2)   48/   3A62E :                     MPal_Test:
(2)   49/   3A62E :                     	binclude "game/data/mars/objects/test/mtrl/002_pal.bin"
(2)   50/   3A82E :                     	align 2
(2)   51/   3A82E :                     
(2)   52/   3A82E :                     MVram_test:
(2)   53/   3A82E : (MACRO)              	marsVramData
(2)   53/       0 :                                     phase 0
(2)   54/       0 :                     Textr_test:
(2)   55/       0 :                     	binclude "game/data/mars/objects/test/mtrl/002_art.bin"
(2)   56/    8DC2 :                     	align 8
(2)   57/    8DC8 : (MACRO)              	marsVramDEnd
(2)   57/    8DC8 :                                     align 8
(2)   57/    8DC8 :                     .end:
(2)   57/    8DC8 :  (MACRO-2)                           erreport "This 32X graphics data",.end,$18000
(2)   57/   435F6 :                                     dephase
(2)   58/   435F6 :                     MVram_test_e:
(2)   59/   435F6 :                     
(2)   60/   435F6 :                     ; ----------------------------------------------------------------
(2)   61/   435F6 :                     
(1)   34/   435F6 : (MACRO)              	dend_bank DATA_BANK0_e
(1)   34/   435F6 : =$3E8FA              GLBL_MDATA_RP := *-GLBL_MDATA_ST        ; Get used size to report
(1)   34/   435F6 :                     
(1)   34/   435F6 :                             ; Set 32X bank end
(1)   35/   435F6 :                     
     368/   435F6 :                     
     369/   435F6 :                     ; ====================================================================
     370/   435F6 :                     ; ----------------------------------------------------------------
     371/   435F6 :                     ; Cartridge-ONLY Section, direct label access
     372/   435F6 :                     ;
     373/   435F6 :                     ; For Genesis, 32X Cartridge and Pico ONLY.
     374/   435F6 :                     ; ----------------------------------------------------------------
     375/   435F6 :                     
     377/   435F6 :                     
     378/   435F6 :                     ; --------------------------------------------------------
     379/   435F6 :                     ; ROM-only DATA
     380/   435F6 :                     ; --------------------------------------------------------
     381/   435F6 :                     
     382/   435F6 :                     		include "game/data/md/ROM_bank0.asm"
(1)    1/   435F6 :                     ; ===========================================================================
(1)    2/   435F6 :                     ; ----------------------------------------------------------------
(1)    3/   435F6 :                     ; 1MB Cartridge-ONLY data
(1)    4/   435F6 :                     ; ----------------------------------------------------------------
(1)    5/   435F6 :                     
     383/   435F6 :                     
     384/   435F6 :                     ; --------------------------------------------------------
     385/   435F6 :                     ; ROM-only DMA-graphics
     386/   435F6 :                     ; --------------------------------------------------------
     387/   435F6 :                     
     388/   435F6 :                     		include "game/data/md/ROM_dmavdp.asm"
(1)    1/   435F6 :                     ; ===========================================================================
(1)    2/   435F6 :                     ; ----------------------------------------------------------------
(1)    3/   435F6 :                     ; DMA Genesis graphics for Cartridge ONLY
(1)    4/   435F6 :                     ; ----------------------------------------------------------------
(1)    5/   435F6 :                     		align 2
(1)    6/   435F6 :                     ; --------------------------------------------------------
(1)    7/   435F6 :                     
     389/   435F6 :                     
     390/   435F6 :                     ; --------------------------------------------------------
     391/   435F6 :                     ; ROM-only 32X data
     392/   435F6 :                     ;
     393/   435F6 :                     ; In the case of RV bit during DMA:
     394/   435F6 :                     ; Only the PWM samples are protected, everything else
     395/   435F6 :                     ; will be trashed.
     396/   435F6 :                     ; --------------------------------------------------------
     397/   435F6 :                     
     398/ 20435F6 :                     		phase CS1+*
     399/ 20435F6 :                     		align 4
     400/ 20435F8 :                     		include "game/data/mars/ROM_mars.asm"		; 32X-only data
(1)    1/ 20435F8 :                     ; ===========================================================================
(1)    2/ 20435F8 :                     ; ----------------------------------------------------------------
(1)    3/ 20435F8 :                     ; 1MB Cartridge-ONLY data
(1)    4/ 20435F8 :                     ; ----------------------------------------------------------------
(1)    5/ 20435F8 :                     
     401/ 20435F8 :                     		include "game/data/mars/objects/ROM_list.asm"	; 3D objects
(1)    1/ 20435F8 :                     ; ===========================================================================
(1)    2/ 20435F8 :                     ; ----------------------------------------------------------------
(1)    3/ 20435F8 :                     ; Special include for the 3D models, ROM-ONLY VERSION
(1)    4/ 20435F8 :                     ;
(1)    5/ 20435F8 :                     ; THIS CAN'T BE USED ON SCD/CD32X
(1)    6/ 20435F8 :                     ; ----------------------------------------------------------------
(1)    7/ 20435F8 :                     
(1)    8/ 20435F8 :                     ; 		include "game/data/mars/objects/test/head.asm"
(1)    9/ 20435F8 :                     ; 		include "game/data/mars/objects/test_2/head.asm"
(1)   10/ 20435F8 :                     ; 		include "game/data/mars/objects/test_3/head.asm"
(1)   11/ 20435F8 :                     	;	include "game/data/mars/objects/rubia/head.asm"
(1)   12/ 20435F8 :                     
     402/ 20435F8 :                     		include "sound/ROM_smpl_pwm.asm"		; PWM samples
(1)    1/ 20435F8 :                     ; ===========================================================================
(1)    2/ 20435F8 :                     ; -------------------------------------------------------------------
(1)    3/ 20435F8 :                     ; GEMA/Nikona PWM instruments on Cartridge ONLY
(1)    4/ 20435F8 :                     ;
(1)    5/ 20435F8 :                     ; - Samples located here CANNOT be used on CD32X
(1)    6/ 20435F8 :                     ; - If the Genesis does DMA that requires the RV bit this
(1)    7/ 20435F8 :                     ;   section will get protected ASAP before the DMA starts
(1)    8/ 20435F8 :                     ;
(1)    9/ 20435F8 :                     ; MACRO:
(1)   10/ 20435F8 :                     ; gSmplData Label,"file_path",loop_start
(1)   11/ 20435F8 :                     ; Set loop_start to 0 if not using it.
(1)   12/ 20435F8 :                     ;
(1)   13/ 20435F8 :                     ; BASE C-5 samplerate is 16000hz
(1)   14/ 20435F8 :                     ; -------------------------------------------------------------------
(1)   15/ 20435F8 :                     
(1)   16/ 20435F8 :                     	align 4
(1)   17/ 20435F8 :                     	;gSmplData Label,"file_path",loop_start
(1)   18/ 20435F8 :                     ; 	gSmplData PwmIns_Nadie,"sound/ins/smpl/inga_st.wav",0
(1)   19/ 20435F8 :                     
     403/   435F8 :                     		dephase
     404/   435F8 :                     
     405/   435F8 :                     ; ----------------------------------------------------------------
     406/   435F8 :                     
     408/   435F8 :                     
     409/   435F8 :                     ; ====================================================================
     410/   435F8 :                     ; ------------------------------------------------
     411/   435F8 :                     ; End
     412/   435F8 :                     ; ------------------------------------------------
     413/   435F8 :                     
     414/   435F8 :                     ROM_END:
     415/   435F8 : 00                  		dc.b 0
     416/   435F9 :                     		align $8000
     417/   48000 :                     
 AS V1.42 Beta [Bld 212] - Source File main.asm - Page 2 - 5/24/2025 15:10:16


  Symbol Table (* = unused):
  --------------------------

*ADAPTER :                        0 - | *ADEN :                           1 - |
 ALV :                           24 - | *ARCHITECTURE :     "AMD64-Windows" - |
 ARP :                           2C - |  ART_FAIRYDODO :              3940A C |
 ART_FAIRYFIFI :              3A00A C |  ART_FAIRYMIMI :              39A0A C |
 ASCII_FONT :                 3700A C |  ASCII_FONT_W :               37C0A C |
 ATK :                            8 - | *ATTRH :                        800 - |
*ATTRPRIO :                    8000 - | *ATTRV :                       1000 - |
*BANKSET :                        4 - | *BIGENDIAN :                      0 - |
*BITATTRH :                       3 - | *BITATTRPRIO :                    7 - |
*BITATTRV :                       4 - | *BITCLICKL :                      0 - |
*BITCLICKM :                      2 - | *BITCLICKR :                      1 - |
*BITCLICKS :                      3 - |  BITDISPENBL :                    6 - |
 BITDMA :                         1 - |  BITDMAENBL :                     4 - |
*BITFIFOE :                       9 - | *BITFIFOF :                       8 - |
*BITHBLK :                        2 - | *BITHINTENBL :                    4 - |
*BITHVSTOP :                      1 - | *BITJOYA :                        6 - |
*BITJOYB :                        4 - | *BITJOYC :                        5 - |
*BITJOYDOWN :                     1 - | *BITJOYLEFT :                     2 - |
*BITJOYMODE :                     B - | *BITJOYPEN :                      7 - |
*BITJOYRED :                      4 - | *BITJOYRIGHT :                    3 - |
 BITJOYSTART :                    7 - | *BITJOYUP :                       0 - |
*BITJOYX :                        A - | *BITJOYY :                        9 - |
*BITJOYZ :                        8 - | *BITMAPMD :                       1 - |
*BITODD :                         4 - | *BITPAL :                         0 - |
*BITSPRCOL :                      5 - | *BITSPROVR :                      6 - |
*BITV30 :                         3 - |  BITVBLK :                        3 - |
*BITVINT :                        7 - | *BITVINTENBL :                    5 - |
*BITWRAMMODE :                    2 - | *BRANCHEXT :                      0 - |
*CASESENSITIVE :                  0 - |  CDRAMDST :                    1F82 C |
 CDRAMLEN :                    1F87 C |  CDRAMSRC :                    1F84 C |
 CDRAMSRCB :                   1F86 C |  CHIP_ENV :                    1065 C |
 CHIP_ENV.ATKEND :             10E8 C | *CHIP_ENV.ATKZERO :            10EB C |
 CHIP_ENV.CHK2 :               10F1 C |  CHIP_ENV.CHK4 :               1126 C |
 CHIP_ENV.CKOF :               1089 C |  CHIP_ENV.CKON :               109C C |
*CHIP_ENV.DECTMR :             10F5 C |  CHIP_ENV.DKADD :              110F C |
 CHIP_ENV.DKSAV :              1117 C |  CHIP_ENV.DKYEND :             111C C |
 CHIP_ENV.DO_NFREQ :           117B C |  CHIP_ENV.ENVPROC :            10BA C |
 CHIP_ENV.KILLENV :            113C C | *CHIP_ENV.NBLOCK :             10BA C |
 CHIP_ENV.NORMAL :             1176 C |  CHIP_ENV.NOUPD :              11BC C |
 CHIP_ENV.NSKIP :              10B1 C |  CHIP_ENV.SILNC_3 :            1172 C |
 CHIP_ENV.VEDLP :              1144 C |  CHIP_ENV.VLMUCH :             11A8 C |
 CHIP_ENV.VLOOP :              1071 C |  CHIP_ENV.VONLY :              119E C |
 CHNL_CHIP :                      1 - |  CHNL_EFFARG :                    6 - |
 CHNL_EFFID :                     5 - |  CHNL_FLAGS :                     0 - |
 CHNL_INS :                       3 - |  CHNL_NOTE :                      2 - |
 CHNL_TYPE :                      7 - |  CHNL_VOL :                       4 - |
*CLICKL :                         2 - | *CLICKM :                         4 - |
*CLICKR :                         1 - | *CLICKS :                         8 - |
*CMDINTCLR :                     1A - | *CMDIRQ_ON :                      2 - |
 COM :                            0 - | *COMM0 :                         20 - |
*COMM1 :                         21 - | *COMM10 :                        2A - |
*COMM11 :                        2B - | *COMM12 :                        2C - |
*COMM13 :                        2D - | *COMM14 :                        2E - |
*COMM15 :                        2F - | *COMM2 :                         22 - |
*COMM3 :                         23 - | *COMM4 :                         24 - |
*COMM5 :                         25 - | *COMM6 :                         26 - |
*COMM7 :                         27 - | *COMM8 :                         28 - |
*COMM9 :                         29 - |  COMMZFIFO :                   1F60 C |
 COMMZREAD :                     2E C |  COMMZROMBLK :                 1F81 C |
 COMMZWRITE :                  1F80 C | *COMPMODE :                       0 - |
*CONSTPI :        3.141592653589793 - |  CONTROLLER_1 :    FFFFFFFFFFFFF0F8 - |
 CONTROLLER_2 :    FFFFFFFFFFFFF10C - |  CONTROLLER_3 :    FFFFFFFFFFFFF120 - |
 CONTROLLER_4 :    FFFFFFFFFFFFF134 - |  CONTROLLER_5 :    FFFFFFFFFFFFF148 - |
 COPERA :                         0 - | *COPR_YM712B_A0 :            BFF840 - |
*COPR_YMF262_A0 :            BFF824 - | *COPR_YMF262_A1 :            BFF834 - |
*COPR_YMF262_D0 :            BFF828 - | *COPR_YMZ263B_A0 :           BFF801 - |
*COPR_YMZ263B_A1 :           BFF805 - | *COPR_YMZ263B_D0 :           BFF803 - |
*COPR_YMZ263B_D1 :           BFF807 - | *CS0 :                            0 - |
 CS1 :                      2000000 - |  CS2 :                      4000000 - |
*CS3 :                      6000000 - |  CURRTICKBITS :                1CF9 C |
*CUSTOM :                         0 - | *CYCLE :                         32 - |
 DACINS_CLAP :                 A000 C |  DACINS_CONGA :                A97A C |
 DACINS_CONGA_LOW :            B454 C |  DACINS_KICK_STRONG :          C32E C |
 DACINS_SNARE :                DDF8 C | *DACINS_SNARE_RAP :            ECF2 C |
 DACINS_TEST :                 F79C C |  DAC_FILL :                      20 C |
 DAC_ME :                         8 C |  DAC_OFF :                     11F7 C |
 DAC_ON :                      11E2 C |  DAC_PLAY :                    120C C |
 DAC_REFILL :                  1240 C |  DAC_REFILL.DACFILL_END :      12FF C |
 DAC_REFILL.DACFILL_LOOP :     12B8 C |  DAC_REFILL.DACFILL_RET :      1302 C |
 DAC_REFILL.DAC_OVER :         128E C |  DATA_BANK0 :                  4CFC C |
*DATE :                 "5/24/2025" - |  DDACCNTR :                    17B0 C |
 DDACFIFOMID :                   37 C |  DDACPNTR :                    17AD C |
*DEF_HSIZE_128 :                100 - | *DEF_HSIZE_32 :                  40 - |
 DEF_HSIZE_64 :                  80 - | *DEF_MAXSTAMPCOUT :              60 - |
 DEF_PRINTPAL :                6000 - |  DEF_PRINTVRAM :                5A0 - |
 DEF_PRINTVRAMW :               4E0 - | *DEF_SAVEINFO :                1BD0 C |
 DEF_VRAM_BG :                 E000 - |  DEF_VRAM_FG :                 C000 - |
 DEF_VRAM_HSCRL :              FC00 - |  DEF_VRAM_SPR :                F800 - |
 DEF_VRAM_WD :                 D000 - | *DISC_BANKLIST :               1F26 C |
*DISPENBL :                      40 - |  DKY :                            C - |
*DMAENBL :                       10 - | *DREQCTL :                        6 - |
*DREQDEST :                       C - | *DREQFIFO :                      12 - |
*DREQLEN :                       10 - | *DREQSOURCE :                     8 - |
 DRV_LOOP :                      41 C |  DRV_LOOP.CMND_0 :               DD C |
 DRV_LOOP.CMND_1 :               E0 C |  DRV_LOOP.CMND_2 :               F9 C |
 DRV_LOOP.CMND_3 :              133 C |  DRV_LOOP.CMND_5 :              171 C |
 DRV_LOOP.CMND_6 :              1AA C |  DRV_LOOP.CMND_7 :              1E3 C |
 DRV_LOOP.CMND_RDSLOT :         201 C |  DRV_LOOP.DEL_ALL :             16A C |
 DRV_LOOP.GETCBYTEL :            B0 C |  DRV_LOOP.GRAB_ARG :             AE C |
 DRV_LOOP.LIST :                 CD C |  DRV_LOOP.NEITHER :              82 C |
 DRV_LOOP.NEXT_CMD :             8B C |  DRV_LOOP.NOBEATS :              68 C |
 DRV_LOOP.NOTICKS :              5B C |  DRV_LOOP.NOT_PAL :             1F6 C |
 DRV_LOOP.SRCH_DEL :            151 C |  DRV_LOOP.SRCH_FVOL :           18F C |
 DRV_LOOP.SRCH_MODE :           119 C |  DRV_LOOP.SRCH_SLOT :           213 C |
 DRV_LOOP.SRCH_VOL :            1C8 C |  DRV_LOOP.WRTTO_DEL :           15E C |
 DRV_LOOP.WRTTO_FVOL :          19C C |  DRV_LOOP.WRTTO_SLOT :          128 C |
 DRV_LOOP.WRTTO_VOL :           1D5 C |  DTBL_MULTI :                   7EE C |
 DTBL_SINGL :                   802 C |  DTBL_SINGL.CHNL_ULNK :         F04 C |
 DTBL_SINGL.COMN_PANLIST :      CED C |  DTBL_SINGL.DAC_CUT :           BCE C |
 DTBL_SINGL.DAC_OFF :           BD4 C |  DTBL_SINGL.DAC_PROC :          BDA C |
 DTBL_SINGL.D_DOWN :            C71 C |  DTBL_SINGL.D_DOWNHF :          C6C C |
 DTBL_SINGL.D_UP :              C63 C | *DTBL_SINGL.D_UPHF :            C60 C |
 DTBL_SINGL.EFFC :              C2A C |  DTBL_SINGL.EFFC_D :            C45 C |
 DTBL_SINGL.EFFC_E :            C7E C |  DTBL_SINGL.EFFC_F :            C8D C |
 DTBL_SINGL.EFFC_X :            C9E C |  DTBL_SINGL.FM_CINDX :          B9C C |
 DTBL_SINGL.FM_CLRRSAVE :       A84 C |  DTBL_SINGL.FM_CUT :            A59 C |
 DTBL_SINGL.FM_HASVOL :         EC2 C |  DTBL_SINGL.FM_KEYOFF :         A65 C |
 DTBL_SINGL.FM_OFF :            A50 C |  DTBL_SINGL.FM_TLOFF :          A6D C |
 DTBL_SINGL.FND_OCT :           EF3 C |  DTBL_SINGL.FNOT_PAL :          97B C |
 DTBL_SINGL.GET_FMCACH :        BA4 C |  DTBL_SINGL.GET_OCT :           EE9 C |
 DTBL_SINGL.INST :              D1E C |  DTBL_SINGL.INS_DAC :           DDC C |
 DTBL_SINGL.INS_FM :            D7F C |  DTBL_SINGL.INS_PCM :           E30 C |
 DTBL_SINGL.INS_PSG :           D49 C |  DTBL_SINGL.INS_PSGN :          D43 C |
 DTBL_SINGL.INS_PWM :           E6F C | *DTBL_SINGL.INVL_INS :          D42 C |
 DTBL_SINGL.KEEP_TLMX :         B86 C |  DTBL_SINGL.KYCUT_PSG :         919 C |
*DTBL_SINGL.KYCUT_PSGN :        916 C |  DTBL_SINGL.KYOFF_PSG :         90D C |
*DTBL_SINGL.KYOFF_PSGN :        90A C |  DTBL_SINGL.KYPSGN_HATOFF :     922 C |
 DTBL_SINGL.LINKED :            86C C |  DTBL_SINGL.MKFM_PROC :         9B6 C |
 DTBL_SINGL.MKFM_SET :          A9B C |  DTBL_SINGL.MKFM_TLVOL :        B2D C |
 DTBL_SINGL.MKFM_WREGS :        B04 C |  DTBL_SINGL.MK_DAC :            BB4 C |
 DTBL_SINGL.MK_FM :             97C C |  DTBL_SINGL.MK_FM_SP :          A00 C |
 DTBL_SINGL.MK_LIST :           8BB C |  DTBL_SINGL.MK_PCM :            C0A C |
 DTBL_SINGL.MK_PSG :            8C9 C |  DTBL_SINGL.MK_PWM :            C0B C |
 DTBL_SINGL.NEW_ROMDAT :        DC5 C |  DTBL_SINGL.NOTE :              EB8 C |
 DTBL_SINGL.NOT_DAC :           9A1 C |  DTBL_SINGL.NOT_NS :            905 C |
 DTBL_SINGL.NOT_PAL :           9D4 C |  DTBL_SINGL.NO_LFO :            AF9 C |
 DTBL_SINGL.NO_REQ :            946 C |  DTBL_SINGL.N_FM :              EDF C |
*DTBL_SINGL.N_INDX :            ED4 C | *DTBL_SINGL.N_STFREQ :          ED5 C |
 DTBL_SINGL.PAN_MCD :           CCA C |  DTBL_SINGL.PCM_PANLIST :       CF5 C |
 DTBL_SINGL.PSGC_KEYON :        930 C |  DTBL_SINGL.PSGC_PROC :         929 C |
 DTBL_SINGL.PSG_GETFREQ :       967 C |  DTBL_SINGL.PSG_KEYON :         94C C |
 DTBL_SINGL.RCYL_COM :          85F C | *DTBL_SINGL.READFREQ_PCM :      C0C C |
*DTBL_SINGL.READFREQ_PWM :      C11 C |  DTBL_SINGL.RESET_EFFC :        8AE C |
 DTBL_SINGL.RES_PAN :           CC0 C |  DTBL_SINGL.SAME_PATCH :        DD7 C |
 DTBL_SINGL.SETEFU_D :          C65 C |  DTBL_SINGL.SETEF_D :           C75 C |
 DTBL_SINGL.SETEF_MCD :         C7A C |  DTBL_SINGL.SET_WAVFREQ :       C14 C |
 DTBL_SINGL.SILN_DAC :          863 C |  DTBL_SINGL.SILN_FM :           866 C |
 DTBL_SINGL.SILN_PCM :          845 C |  DTBL_SINGL.SILN_PSG :          83F C |
 DTBL_SINGL.SILN_PSG_N :        83B C |  DTBL_SINGL.SILN_PWM :          856 C |
 DTBL_SINGL.THIS_REGS :         A48 C |  DTBL_SINGL.TL_DOWN :           A79 C |
 DTBL_SINGL.VMUCH :             961 C |  DTBL_SINGL.VOLU :              D15 C |
 DTBL_SINGL.WRITE_NTL :         B91 C |  DTBL_SINGL.WRITE_TL :          B7F C |
 DTBL_SINGL.WRT_EF :            C98 C |  DTBL_SINGL.WR_SPC :            A2A C |
 DTH :                           20 - |  DTL :                           1C - |
 DWAVEBUFF :                   1D00 C | *EFFV :                          34 - |
*EMU :                            0 - |  EXTINT_DEFAULT :              1906 C |
*FALSE :                          0 - | *FEN :                            2 - |
*FILLDATA :                       8 - | *FILLLENGTH :                     4 - |
*FILLSTART :                      6 - |  FLG :                           28 - |
*FM :                            80 - |  FMCACH_1 :                    155E C |
 FMCACH_2 :                    1586 C |  FMCACH_3 :                    15AE C |
 FMCACH_4 :                    15D6 C |  FMCACH_5 :                    15FE C |
 FMCACH_6 :                    1626 C |  FMCACH_LIST :                 179F C |
 FMFREQ_LIST :                 1310 C | *FMINS_BASS_BIG_110 :          8EFA C |
*FMINS_BASS_BIG_114 :          8F1A C | *FMINS_BASS_BIG_122 :          8F3A C |
*FMINS_BASS_BIG_81 :           8EDA C | *FMINS_BASS_CAVE_47 :          8F5A C |
*FMINS_BASS_CLUB :             981A C | *FMINS_BASS_CLUB_108 :         8F7A C |
*FMINS_BASS_DUCK :             97BA C | *FMINS_BASS_FOOT_75 :          8F9A C |
*FMINS_BASS_GEM_26 :           8FBA C |  FMINS_BASS_GROOVE_1 :         907A C |
*FMINS_BASS_GROOVE_119 :       8FDA C | *FMINS_BASS_GROOVE_2 :         983A C |
*FMINS_BASS_HEAVY_107 :        8FFA C | *FMINS_BASS_HEAVY_118 :        901A C |
 FMINS_BASS_ITALO :            98DA C | *FMINS_BASS_LOUD_117 :         903A C |
*FMINS_BASS_LOW81 :            935A C | *FMINS_BASS_LOW_103 :          90BA C |
*FMINS_BASS_LOW_106 :          90DA C | *FMINS_BASS_LOW_126 :          90FA C |
*FMINS_BASS_LOW_46 :           905A C | *FMINS_BASS_LOW_81 :           909A C |
*FMINS_BASS_MID_111 :          915A C | *FMINS_BASS_MID_19 :           911A C |
*FMINS_BASS_MID_80 :           913A C | *FMINS_BASS_POWER_123 :        917A C |
*FMINS_BASS_SILENT_53 :        919A C | *FMINS_BASS_SLAP_10 :          91BA C |
*FMINS_BASS_SLAP_105 :         91DA C | *FMINS_BASS_SYNTH_60 :         91FA C |
*FMINS_BASS_SYNTH_61 :         921A C | *FMINS_BASS_SYNTH_72 :         923A C |
*FMINS_BASS_SYNTH_73 :         925A C | *FMINS_BASS_VLOW_74 :          927A C |
*FMINS_BELL_62 :               941A C | *FMINS_BELL_93 :               943A C |
*FMINS_BELL_LOW13 :            945A C | *FMINS_BELL_MID36 :            93FA C |
*FMINS_BRASS_7 :               987A C | *FMINS_CLOSEDHAT :             97DA C |
*FMINS_DRUMS_KICK1 :           973A C | *FMINS_DRUM_KICK :             947A C |
 FMINS_FLAUTE_1 :              92BA C | *FMINS_FLAUTE_2 :              92DA C |
*FMINS_GUITAR_BBALL :          98FA C |  FMINS_HATS_1 :                93DA C |
*FMINS_HBEAT_TOM :             977A C |  FMINS_ORGAN_DRAWBAR :         929A C |
*FMINS_PIANO_AQUA :            975A C | *FMINS_PSYNTH_PLUS :           985A C |
*FMINS_SFX_ALIEN1 :            9682 C | *FMINS_SFX_ALIEN2 :            96A2 C |
*FMINS_SFX_EXPLODE :           9642 C | *FMINS_SFX_PUNCH :             9622 C |
*FMINS_SFX_PUNCH_2 :           989A C | *FMINS_SFX_SLASH :             9662 C |
*FMINS_SFX_SMASH :             98BA C | *FMINS_SP_CLOSEDHAT :          96EA C |
*FMINS_SP_COWBELL :            9712 C | *FMINS_SP_OPENHAT :            96C2 C |
*FMINS_TICK :                  949A C | *FMINS_TRUMPET_1 :             979A C |
*FMINS_TRUMPET_BUS :           93BA C | *FMINS_TRUMPET_CARNIVAL :      97FA C |
*FMINS_TRUMPET_GENIE :         939A C | *FMINS_TRUMPET_LOW :           937A C |
 FMINS_VIBRAPHONE_1 :          92FA C | *FMINS_VIBRAPHONE_2 :          931A C |
*FMINS_XYLOPHONE :             933A C |  FMLIST_RSAVE :                164E C |
 FMSPECIAL :                     30 C | *FMSPINS_CLACK_1 :             94BA C |
*FMSPINS_COWBELL_H :           94E2 C | *FMSPINS_COWBELL_L :           950A C |
*FMSPINS_HATS_HQ :             9532 C | *FMSPINS_SFX_ALIEN :           955A C |
*FMSPINS_SFX_KNCKBUZZ :        9582 C | *FMSPINS_SFX_KNOCK_H :         95AA C |
*FMSPINS_SFX_KNOCK_L :         95D2 C | *FMSPINS_SFX_LASER :           95FA C |
 FM_AUTOREG :                  11C8 C |  FM_SEND_1 :                   11CC C |
 FM_SEND_2 :                   11D7 C | *FRAMECTL :                       B - |
*FS :                             1 - | *FULLPMMU :                       1 - |
 GEMADMAPAUSE :                 346 C |  GEMADMARESUME :                348 C |
*GEMAFADESEQ :                  3C2 C |  GEMAINIT :                     27A C |
 GEMAMSTRLISTPOS :               1C C |  GEMAPLAYSEQ :                  362 C |
*GEMAPLAYSEQAUTO :              378 C |  GEMARESET :                    27A C |
 GEMASENDRAM :                  292 C |  GEMASENDRAM.COPY_BYTES :       2D0 C |
 GEMASENDRAM.NO_SIZE :          2DE C |  GEMASENDRAM.NO_TASK :          2E4 C |
 GEMASETBEATS :                 3FA C |  GEMASETMASTERLIST :            354 C |
*GEMASETSEQVOL :                3DE C |  GEMASTOPALL :                  3A8 C |
 GEMASTOPSEQ :                  392 C | *GEMATEST :                     34A C |
 GEMA_INIT :                    F1B C |  GEMA_INIT.END_SETUP :          F5C C |
 GEMA_INIT.SETUP_LIST :         F31 C |  GEMA_INIT.ST_COPY :            F50 C |
 GEMA_LASTBANK :               1306 C |  GEMA_LASTBANK.WRITE :         130B C |
 GET_TICK :                     F8D C |  GET_TICK.CTNOTICK :            FAA C |
 GLBL_LASTORG :    FFFFFFFFFFFFB000 - |
*GLBL_LASTORG.END :                                        FFFFFFFFFFFF0000 C |
 GLBL_LASTPC :                 406C - | *GLBL_MDATA_RP :              3E8FA - |
 GLBL_MDATA_ST :               4CFC - |  GTRK_TEST0 :                  4D04 C |
 GTRK_TEST0.BLK :              4D12 C |  GTRK_TEST0.INS :              4D20 C |
 GTRK_TEST0.PAT :              4D14 C |  GTRK_TEST1 :                  4D28 C |
 GTRK_TEST1.BLK :              4D36 C |  GTRK_TEST1.INS :              8E42 C |
 GTRK_TEST1.PAT :              4D44 C | *HAS64 :                          1 - |
*HASDSP :                         0 - | *HASFPU :                         0 - |
*HASPMMU :                        0 - | *HBLK :                          40 - |
 HEADEROUT :                   17B3 C |  HEADEROUT_E :                 17C1 C |
*HINTCLR :                       18 - | *HINTENBL :                      10 - |
 HINT_DEFAULT :                1906 C | *HIRQ_ON :                        4 - |
 HTAG_CDSAVE :        "NIKONACD___" - | *HTAG_CDVER :                   102 - |
 HTAG_DATEINFO : "(C)GF64 2025.???" - | *HTAG_DISCID :        "NIKONACD   " - |
*HTAG_DISCID_M :      "NIKONACD32X" - | *HTAG_MARSCDSAV :     "NIKONACD32X" - |
*HTAG_NDM_MARS :         "Nikona SUPER32X                                 " - |
*HTAG_NDM_MARSCD :       "Nikona CD32X                                    " - |
*HTAG_NDM_MCD :          "Nikona MCD                                      " - |
*HTAG_NDM_MD :           "Nikona MD                                       " - |
 HTAG_NDM_PICO :         "Nikona PICO                                     " - |
*HTAG_NOV_MARS :         "Nikona 32X                                      " - |
*HTAG_NOV_MARSCD :       "Nikona CD32X                                    " - |
*HTAG_NOV_MCD :          "Nikona SCD                                      " - |
*HTAG_NOV_MD :           "Nikona GENESIS                                  " - |
 HTAG_NOV_PICO :         "Nikona PICO                                     " - |
 HTAG_REGIONS :  "F               " - |  HTAG_SERIAL :     "GM HOMEBREW-02" - |
*HTAG_SYSNAME :       "NIKONA-SDK " - |
*HTAG_SYS_COPERA :                                       "SEGA COPERA     " - |
*HTAG_SYS_MARS : "SEGA 32X        " - |
*HTAG_SYS_MARSCD :                                       "SEGA GENESIS    " - |
*HTAG_SYS_MCD :  "SEGA GENESIS    " - | *HTAG_SYS_MD :   "SEGA GENESIS    " - |
*HTAG_SYS_MEGAPICO :                                     "SEGA MEGA PICO  " - |
 HTAG_SYS_PICO : "SEGA PICO       " - | *HVSTOP :                         2 - |
*INEXTMODE :                      0 - | *INLWORDMODE :                    0 - |
*INMAXMODE :                      0 - | *INSRCMODE :                      0 - |
 INSTLISTOUT :                 17C9 C | *INSUPMODE :                      1 - |
*INTMASK :                        1 - |  JOYA :                          40 - |
 JOYB :                          10 - |  JOYC :                          20 - |
 JOYCOUNT :                       5 - |  JOYDOWN :                        2 - |
*JOYID_MD :                       D - | *JOYID_MOUSE :                    3 - |
*JOYID_MS :                       F - |  JOYLEFT :                        4 - |
*JOYMODE :                      800 - | *JOYPEN :                        80 - |
*JOYRED :                        10 - |  JOYRIGHT :                       8 - |
 JOYSTART :                      80 - |  JOYUP :                          1 - |
 JOYX :                         400 - |  JOYY :                         200 - |
 JOYZ :                         100 - | *LCHWIDTH :                      34 - |
 LEV :                            4 - | *LISTON :                         3 - |
*MACEXP :                         7 - |  MAINGEMASEQLIST :             4CFC C |
 MARS :                           0 - | *MARSBLOCK :                   1F8A C |
 MARSCD :                         0 - |  MARSUPD :                     17A5 C |
*MARS_RAMCODE :                3EC6 C | *MARS_RAMCODE_E :              3EC8 C |
 MAX_BUFFNTRY :                   8 - |  MAX_GLOBALS :                 1000 - |
*MAX_LIBCODE :                 3000 - |  MAX_MDDMATSK :                  18 - |
 MAX_MDMAPSPR :                  18 - |  MAX_PALFDREQ :                   8 - |
 MAX_RCACH :                     20 - | *MAX_SC0_OPTIONS :                4 - |
 MAX_SCRNBUFF :                2000 - |  MAX_SLOTS :                      3 - |
*MAX_SNDPICK :                    7 - |  MAX_TBLSIZE :                   12 - |
 MAX_TRFRPZ :                     9 - |  MAX_TRKCHN :                    20 - |
 MAX_TRKINDX :                   1A - | *MAX_USERCODE :                7800 - |
*MAX_WRAMBANK :               3F800 - |  MAX_ZCMND :                     20 - |
 MCD :                            0 - | *MCDBLOCK :                    1F89 C |
 MCDUPD :                      17A6 C | *MCD_COMM_M :                     E - |
*MCD_COMM_S :                     F - | *MCD_DCOMM_M :                   10 - |
*MCD_DCOMM_S :                   20 - | *MCD_HINT :                       6 - |
*MCD_INTMASK :                   32 - |  MCD_MEMORY :                     3 - |
*MDSTMP_BUFFINCR :               1A - | *MDSTMP_CELLSTORAGE :            12 - |
*MDSTMP_CURROUTFLIP :             E - | *MDSTMP_DOTINCR :                16 - |
*MDSTMP_FDROP :                  10 - | *MDSTMP_FLAGS :                   0 - |
*MDSTMP_LEN :                    1E - | *MDSTMP_STMPOUTB :                C - |
*MDSTMP_VRAMINCR :                A - | *MDSTMP_VRAMLEN :                 8 - |
*MDSTMP_VRAMMAIN :                2 - | *MDSTMP_VRAMSEC :                 4 - |
*MDSTMP_VRAMSIZE :                6 - | *MD_BANK_SRAM :              A130F1 - |
 MD_READMODES :                1E8A C |  MD_READMODES.SCREEN_LIST :    1EA6 C |
 MD_SCREEN00 :                 3EC8 C | *MD_SCREEN00_E :               406C C |
 MD_SCREEN07 :                 406C C | *MD_SCREEN07_E :               4CFC C |
*MD_SYSCODE_E :                1F3A C |  MODE :                          18 - |
*MOMCPU :                     68000 - | *MOMCPUNAME :               "68000" - |
*MONOWIDTH :                     38 - | *MPAL_TEST :                  3A62E C |
 MVOL :                          30 - | *MVRAM_TEST :                 3A82E C |
*MVRAM_TEST_E :               435F6 C | *NESTMAX :                      100 - |
 NIKONA_BUFFLIST :             17D1 C | *NIKONA_BUFFLIST_E :           17E9 C |
 OBJECTS_ENABLE :              1BF2 C |  OBJECTS_ENABLE.CLR_FIRST :    1C00 C |
 OBJECTS_INIT :                1BE2 C |  OBJECTS_MAKE :                1C4E C |
 OBJECTS_MAKE.SEARCH :         1C5E C |  OBJECTS_RUN :                 1C14 C |
 OBJECTS_RUN.INVLD_NUM :       1C38 C |  OBJECTS_RUN.NEXT_ONE :        1C24 C |
 OBJECTS_RUN.NO_CODE :         1C30 C | *OBJECTS_SET :                 1C3A C |
 OBJECT_ANIMATE :              1CF2 C |  OBJECT_ANIMATE.EXIT_ANIM :    1D80 C |
 OBJECT_ANIMATE.GOTOFRAME :    1D72 C |  OBJECT_ANIMATE.KEEPSPD :      1D38 C |
 OBJECT_ANIMATE.LASTFRAME :    1D7C C |  OBJECT_ANIMATE.NOANIM :       1D64 C |
 OBJECT_ANIMATE.RETURN :       1D62 C |  OBJECT_ANIMATE.SAMETHING :    1D10 C |
*OBJECT_MDMARS_GETSPRINFO :    1E88 C | *OBJECT_RESET :                1CA0 C |
 OBJECT_RESET.CLR_RAM :        1CAE C |  OBJECT_RESETANIM :            1CBA C |
*OBJECT_SPEED :                1CC2 C | *OBJECT_TOUCH :                1D86 C |
 OBJECT_TOUCH.CHECK_THIS :     1DCA C |  OBJECT_TOUCH.EXIT_THIS :      1DC4 C |
 OBJECT_TOUCH.NEXT :           1DA6 C |  OBJECT_TOUCH.NOT_YTOP :       1E86 C |
 OBJECT_TOUCH.RAN_OUT :        1DC2 C |  OBJECT_TOUCH.SET_OK :         1E84 C |
 OBJECT_TOUCH.SKIP :           1DBA C |  OBJMAP_DODO :                3A5AA C |
 OBJMAP_FIFI :                3A5F2 C |  OBJMAP_MIMI :                3A5CE C |
 OBJPAL_DODO :                3A58A C |  OBJSET_ERROR :                1C72 C |
 OBJSET_GO :                   1C7C C |  OBJSET_GO.CLR :               1C90 C |
 OBJSET_GO.EXIT_THIS :         1C96 C |  OBJSET_GO.FROM_DEL :          1C8A C |
 OBJ_ANIM_ICUR :                 26 - |  OBJ_ANIM_INDX :                 24 - |
 OBJ_ANIM_NUM :                  22 - |  OBJ_ANIM_SPD :                  27 - |
*OBJ_ATTR :                      1F - |  OBJ_CODE :                       0 - |
 OBJ_FRAME :                     20 - |  OBJ_INDEX :                     1C - |
 OBJ_LEN :                       68 - |  OBJ_RAM :                       28 - |
 OBJ_SIZE_X :                    10 - |  OBJ_SIZE_Y :                    12 - |
 OBJ_SIZE_Z :                    14 - | *OBJ_STATUS :                    1E - |
 OBJ_SUBID :                     1D - |  OBJ_X :                          4 - |
 OBJ_X_SPD :                     16 - |  OBJ_Y :                          8 - |
 OBJ_Y_SPD :                     18 - |  OBJ_Z :                          C - |
 OBJ_Z_SPD :                     1A - | *PACKING :                        0 - |
*PADDING :                        0 - | *PAD_EXT :                        E - |
 PAD_HOLD :                       2 - |  PAD_ID :                         0 - |
 PAD_LEN :                       14 - |  PAD_PAGE :                       C - |
 PAD_PORT :                      10 - |  PAD_PRESS :                      4 - |
 PAD_RELEASE :                    6 - |  PAD_VER :                        1 - |
 PAD_X :                          8 - |  PAD_Y :                          A - |
 PALFD_DELAY :                    1 - |  PALFD_INCR :                     3 - |
 PALFD_LEN :                      8 - |  PALFD_NUM :                      6 - |
 PALFD_REQ :                      0 - |  PALFD_START :                    2 - |
*PALFD_TARGET :                   4 - |  PALFD_TIMER :                    5 - |
 PALMODE :                     1F88 C |  PCMCOM :                      14AA C |
*PEN :                           20 - |  PICO :                           1 - |
*PICO_BOOKPAGE :             80000D - |  PICO_BTN :                  800003 - |
 PICO_COPTYPE :              80000F - |  PICO_ENTRY :                   208 C |
 PICO_ENTRY.LOOP_RAM :          234 C |  PICO_ENTRY.PALCLEAR :          256 C |
*PICO_ENTRY.WAIT :              264 C |  PICO_ENTRY.WAIT_DMA :          240 C |
 PICO_ERRADDR :                 200 C |  PICO_ERRBUS :                  200 C |
 PICO_ERRCHK :                  200 C |  PICO_ERRILL :                  200 C |
 PICO_ERROR :                   200 C |  PICO_ERROREX :                 200 C |
 PICO_ERRPRIVL :                200 C |  PICO_ERRTRAPV :                200 C |
 PICO_ERRZDIV :                 200 C |  PICO_LINE1010 :                200 C |
 PICO_LINE1111 :                200 C |  PICO_MODS :                      0 - |
 PICO_PCMINT :                  206 C | *PICO_PCM_CTRL :             800012 - |
*PICO_PCM_DATA :             800010 - | *PICO_PENX_HI :              800005 - |
*PICO_PENX_LO :              800007 - | *PICO_PENY_HI :              800009 - |
*PICO_PENY_LO :              80000B - |  PICO_PORT_1_CTRL :          800017 - |
 PICO_PORT_1_DATA :          800015 - |  PICO_REV :                       0 - |
 PICO_SECURITY_ADDR :        800019 - | *PICO_START :                800000 - |
 PICO_TRACE :                   200 C |  PICO_UNKINT :                  206 C |
*PICO_USERINT :                 206 C |  PICO_VER :                  800001 - |
 PSGCOM :                      1522 C |  PSGFREQ_LIST :                1328 C |
 PSGHATMODE :                    2F C | *PSG_CTRL :                  C00011 - |
 PTMR :                          38 - |  PWMCOM :                      14EA C |
*PWMCTL :                        31 - | *PWMINTCLR :                     1C - |
*PWMIRQ_ON :                      1 - |  RAM_CURROBJLIST : FFFFFFFFFFFFF168 C |
 RAM_CURROBJNUM :  FFFFFFFFFFFFF184 C |  RAM_EXRESERVED :          FFFFFD00 - |
 RAM_EXTERNALJUMP :                                        FFFFFFFFFFFFF178 C |
 RAM_FRAMECOUNT :  FFFFFFFFFFFFF0DC C |
*RAM_GLBL_EXAMPLE_B :                                      FFFFFFFFFFFFD006 C |
*RAM_GLBL_EXAMPLE_L :                                      FFFFFFFFFFFFD000 C |
*RAM_GLBL_EXAMPLE_W :                                      FFFFFFFFFFFFD004 C |
 RAM_GLBL_JOY2_HOLD :                                      FFFFFFFFFFFFD00E C |
 RAM_GLBL_JOY2_PRESS :                                     FFFFFFFFFFFFD010 C |
 RAM_GLBL_JOY2_RELEASE :                                   FFFFFFFFFFFFD012 C |
 RAM_GLBL_JOY_HOLD :                                       FFFFFFFFFFFFD008 C |
 RAM_GLBL_JOY_PRESS :                                      FFFFFFFFFFFFD00A C |
 RAM_GLBL_JOY_RELEASE :                                    FFFFFFFFFFFFD00C C |
 RAM_GLOBALS :     FFFFFFFFFFFFD000 C |  RAM_HBLANKJUMP :  FFFFFFFFFFFFF172 C |
 RAM_HORSCROLL :   FFFFFFFFFFFFE100 C |  RAM_INDXPALFADE : FFFFFFFFFFFFF0E0 C |
 RAM_INPUTDATA :   FFFFFFFFFFFFF0F8 C |  RAM_MDSYSTEM :    FFFFFFFFFFFFF0F8 C |
 RAM_MDVIDCLR_E :  FFFFFFFFFFFFEF58 C |  RAM_MDVIDEO :     FFFFFFFFFFFFEA90 C |
 RAM_PALETTE :     FFFFFFFFFFFFEA10 C |  RAM_PALETTEFADE : FFFFFFFFFFFFEED0 C |
 RAM_PALFADELIST : FFFFFFFFFFFFEA90 C |  RAM_SAVEDATA :    FFFFFFFFFFFFE000 C |
*RAM_SAVEENABLE :  FFFFFFFFFFFFF17E C |
*RAM_SAVE_COUNTER :                                        FFFFFFFFFFFFE004 C |
*RAM_SAVE_TAG :    FFFFFFFFFFFFE000 C |  RAM_SCREENMODE :  FFFFFFFFFFFFF180 C |
*RAM_SCREENOPTION :                                        FFFFFFFFFFFFF182 C |
 RAM_SCRNBUFF :    FFFFFFFFFFFFB000 C |  RAM_SPRITES :     FFFFFFFFFFFFE510 C |
 RAM_SPRLINKNUM :  FFFFFFFFFFFFF0E2 C |  RAM_SPRMAPLIST :  FFFFFFFFFFFFEAD0 C |
 RAM_SPROFFSETX :  FFFFFFFFFFFFEF54 C |  RAM_SPROFFSETY :  FFFFFFFFFFFFEF56 C |
 RAM_SPRPZLIST :   FFFFFFFFFFFFEC50 C |  RAM_STACK :                      0 - |
 RAM_SYSLASTBANK : FFFFFFFFFFFFF164 C |  RAM_SYSRANDOM :   FFFFFFFFFFFFF160 C |
*RAM_SYSRANDVAL :  FFFFFFFFFFFFF15C C |  RAM_VBLANKJUMP :  FFFFFFFFFFFFF16C C |
 RAM_VDPDMAINDX :  FFFFFFFFFFFFEF50 C |  RAM_VDPDMALIST :  FFFFFFFFFFFFEF5C C |
 RAM_VDPDMAMOD :   FFFFFFFFFFFFEF52 C |  RAM_VDPMAPSIZE :  FFFFFFFFFFFFF0EE C |
 RAM_VDPREGSET0 :  FFFFFFFFFFFFF0F0 C |  RAM_VDPREGSET1 :  FFFFFFFFFFFFF0F2 C |
 RAM_VDPREGSETB :  FFFFFFFFFFFFF0F4 C |  RAM_VDPREGSETC :  FFFFFFFFFFFFF0F6 C |
 RAM_VDPVRAMBG :   FFFFFFFFFFFFF0E6 C |  RAM_VDPVRAMFG :   FFFFFFFFFFFFF0E4 C |
 RAM_VDPVRAMHSCRL :                                        FFFFFFFFFFFFF0EC C |
 RAM_VDPVRAMSPR :  FFFFFFFFFFFFF0EA C |  RAM_VDPVRAMWD :   FFFFFFFFFFFFF0E8 C |
 RAM_VERSCROLL :   FFFFFFFFFFFFE4C0 C |  RAM_ZCDFLAGD :            FFFFFDFF - |
*RCHWIDTH :                      36 - |  READROM :                      FAE C |
 READROM.DOUBLE :               FD1 C |  READROM.FROM_RAM :             FF5 C |
 READROM.TRANSFER :            1015 C |  READROM.WAIT :                100C C |
 READROM.X68KLAST :            104E C |  READROM.X68KLOOP :            103A C |
 READROM.X68KLPWT :            105C C |  READROM.X68KNOCARRY :          FEF C |
*RELAXED :                        0 - | *RES :                            2 - |
 ROM_END :                    435F8 C |  RRT :                           14 - |
 SAMPLEHEAD :                  17C3 C |  SBEATACC :                      31 C |
 SBEATPTCK :                     33 C |  SEQ_BANKBLK :                   16 - |
 SEQ_BANKHEADS :                 15 - |  SEQ_BLOCKS :                     4 - |
 SEQ_CACH :                       8 - |  SEQ_CACHHALF :                  10 - |
 SEQ_CHNINDX :                   25 - |  SEQ_CURRBLK :                   13 - |
 SEQ_MAXCHNL :                   17 - |  SEQ_NUM :                        1 - |
 SEQ_PATT :                       6 - |  SEQ_PRIORITY :                  14 - |
 SEQ_READ :                       A - |  SEQ_ROMBLKS :                   22 - |
 SEQ_ROMINST :                   1F - |  SEQ_ROMPATT :                   1C - |
 SEQ_ROMPATTREAD :               19 - |  SEQ_ROWPAUSE :                  11 - |
 SEQ_ROWS :                       C - |  SEQ_SETBLK :                     2 - |
 SEQ_STATUS :                     0 - |  SEQ_TICKSET :                    3 - |
 SEQ_TICKTMR :                   12 - |  SEQ_VOLFDTARGET :               18 - |
 SEQ_VOLMASTER :                  E - |  SET_CHIPS :                    5FE C |
*SET_DEFAUTODMA :               480 - |  SET_ENBLSAVE :                   1 - |
 SET_FIRSTSCRN :                  0 - |  SET_NULLVRAM :                 7FE - |
 SET_RAMLIMIT :              FFFD00 - |  SET_SNDVIEWY :                  10 - |
 SET_SRAMSIZE :                 100 - | *SHIFT :                          2 - |
 SIZEOF_MDGLBL :   FFFFFFFFFFFFD016 C |  SIZEOF_MDRAM :    FFFFFFFFFFFFF186 C |
 SIZEOF_MDSYS :    FFFFFFFFFFFFF186 C |  SIZEOF_MDVID :    FFFFFFFFFFFFF0F8 C |
 SIZEOF_SAVEINFO : FFFFFFFFFFFFE00A C |  SLV :                           10 - |
 SNDLOCKZ80 :                   28E C |  SNDREQ_ENTER :                 2E6 C |
*SNDREQ_ENTER.WAIT :            304 C |  SNDREQ_EXIT :                  30A C |
*SNDREQ_SADDR :                 330 C |  SNDREQ_SBYTE :                 338 C |
 SNDREQ_SCMD :                  31E C |  SNDREQ_SLONG :                 32C C |
 SNDREQ_SWORD :                 334 C |  SNDUNLOCKZ80 :                 290 C |
 SOUND_INIT :                  1648 C |  SOUND_UPDATE :                164C C |
*STANDBY :                        3 - |  SYSBCD_SPOUT :                1B0A C |
*SYSMARS_FRAMEBUFFER :       840000 - | *SYSMARS_ID :                A130EC - |
*SYSMARS_OVERWRITE :         860000 - | *SYSMARS_REG :               A15100 - |
*SYSMARS_SVDP :              A15180 - |  SYSMCD_REG :                A12000 - |
*SYSMCD_WRAM :               200000 - |  SYSMDMCD_SETCDDA :            1BC6 C |
 SYSRND_MKVALUE :              1922 C |  SYSRND_MKVALUE.HAS_SEED :     1934 C |
*SYSTEM_BCD_ADDB :             1AE2 C |  SYSTEM_BCD_ADDL :             1AF0 C |
*SYSTEM_BCD_ADDW :             1AEA C | *SYSTEM_BCD_SUBB :             1ABA C |
 SYSTEM_BCD_SUBL :             1AC8 C | *SYSTEM_BCD_SUBW :             1AC2 C |
 SYSTEM_DEFAULT :              18E6 C |  SYSTEM_DEFAULT.CLR_LOOP :     18F4 C |
 SYSTEM_DICEROLL :             196C C | *SYSTEM_DICEROLL_SEED :        194C C |
 SYSTEM_DMAENTER_RAM :         1640 C |  SYSTEM_DMAENTER_ROM :         163A C |
 SYSTEM_DMAEXIT_RAM :          1644 C |  SYSTEM_DMAEXIT_ROM :          163E C |
 SYSTEM_INIT :                 15A6 C |  SYSTEM_INIT.CLRINPUT :        15E8 C |
 SYSTEM_INPUT :                1696 C |  SYSTEM_INPUT.BAD_Y :          16F0 C |
 SYSTEM_INPUT.EXIT :           174C C |  SYSTEM_INPUT.ID_03 :          17A2 C |
 SYSTEM_INPUT.ID_0D :          184C C |  SYSTEM_INPUT.INVALID :        1846 C |
 SYSTEM_INPUT.LIST :           1782 C |  SYSTEM_INPUT.NO_BIT :         1702 C |
 SYSTEM_INPUT.OLDPAD :         18D2 C |  SYSTEM_INPUT.PAGE_IT :        16FC C |
 SYSTEM_INPUT.PICK_ID :        1752 C |  SYSTEM_INPUT.READ :           1768 C |
 SYSTEM_INPUT.STEP_1 :         1774 C |  SYSTEM_INPUT.STEP_2 :         1780 C |
 SYSTEM_INPUT.THIS_ONE :       1734 C |  SYSTEM_INPUT.X_NEG :          1814 C |
 SYSTEM_INPUT.X_VALID :        16D8 C |  SYSTEM_INPUT.Y_NEG :          1840 C |
 SYSTEM_INPUT_INIT :           1650 C | *SYSTEM_MDMARS_SENDDATA :      1BE0 C |
*SYSTEM_MDMARS_UPDATE :        1BE0 C | *SYSTEM_MDMCD_CDDAFADE :       1BCE C |
*SYSTEM_MDMCD_CDDAPLAY :       1BB4 C | *SYSTEM_MDMCD_CDDAPLAYL :      1BBE C |
*SYSTEM_MDMCD_CDDASTOP :       1BCC C | *SYSTEM_MDMCD_CHECKHOME :      1B82 C |
 SYSTEM_MDMCD_CHECKHOME.NOT_PRESS :                                    1BA8 C |
*SYSTEM_MDMCD_CHECKWRAM :      1B5C C |
 SYSTEM_MDMCD_CHECKWRAM.NO_RET :                                       1B6C C |
 SYSTEM_MDMCD_EXITSHELL :      1BB2 C |  SYSTEM_MDMCD_GIVEWRAM :       1B72 C |
*SYSTEM_MDMCD_INTERRUPT :      1B3C C | *SYSTEM_MDMCD_RDFILE_RAM :     1B7E C |
*SYSTEM_MDMCD_RDFILE_WRAM :    1B80 C | *SYSTEM_MDMCD_SUBENTER :       1B4C C |
*SYSTEM_MDMCD_SUBTASK :        1B4E C | *SYSTEM_MDMCD_SUBWAIT :        1B4A C |
 SYSTEM_MDMCD_WAITWRAM :       1B50 C |  SYSTEM_RANDOM :               1912 C |
 SYSTEM_RANDOM_SEED :          1908 C |  SYSTEM_RENDER :               15FE C |
 SYSTEM_RENDER.FORGOT_DISP :   1624 C | *SYSTEM_RENDER.FROM_LATE :     161C C |
 SYSTEM_RENDER.WAIT_EARLY :    160C C |  SYSTEM_RENDER.WAIT_VBLANK :   1626 C |
 SYSTEM_SETDATABANK :          1BE0 C |  SYSTEM_SETINTJUMPS :          1B22 C |
 SYSTEM_SETINTJUMPS.NO_EXINT : 1B3A C |  SYSTEM_SETINTJUMPS.NO_HINT :  1B32 C |
 SYSTEM_SETINTJUMPS.NO_VINT :  1B2A C |  SYSTEM_SINEWAVE :             1990 C |
 SYSTEM_SINEWAVE_COS :         1986 C |  SYSTEM_SRAMINIT :             18D8 C |
*SYSTEM_SRAMINIT.ALREADY_SET : 18DC C | *SYSTEM_SRAMINIT.CANT_USE :    18DA C |
 SYSTEM_SRAMLOAD :             18DE C | *SYSTEM_SRAMSAVE :             18E2 C |
*SYS_CTRL_1 :                A10009 - | *SYS_CTRL_2 :                A1000B - |
*SYS_CTRL_3 :                A1000D - | *SYS_DATA_1 :                A10003 - |
*SYS_DATA_2 :                A10005 - | *SYS_DATA_3 :                A10007 - |
*SYS_IO :                    A10001 - |  SYS_SINEWAVE :                1994 C |
 SYS_SINEWAVE.LOC_7EFA :       19A2 C |  SYS_SINEWAVE.LOC_7F0C :       19B4 C |
 SYS_SINEWAVE.SINE_DATA :      19BA C | *SYS_SRAM :                  200000 - |
*SYS_TMSS :                  A14000 - | *TAG_SRAMDATA :              "SAVE" - |
 TBLBUFF_READ :                 63E C |  TBLBUFF_READ.DONT_RES :        6FC C |
 TBLBUFF_READ.DO_CHIP :         696 C |  TBLBUFF_READ.FOUND_TNEW :      77E C |
 TBLBUFF_READ.GOT_LINK :        737 C |  TBLBUFF_READ.GRAB_LINK :       6E0 C |
 TBLBUFF_READ.HAS_INDX :        672 C |  TBLBUFF_READ.INVLDL :          724 C |
*TBLBUFF_READ.L_HIPRIO :        7BB C |  TBLBUFF_READ.NEW_CHIP :        75D C |
 TBLBUFF_READ.NEW_LINK :        7B8 C |  TBLBUFF_READ.NEXTSRCH_TBL :    7C9 C |
 TBLBUFF_READ.NEXT_INDX :       66C C |  TBLBUFF_READ.NEXT_PRIO :       783 C |
 TBLBUFF_READ.NOT_SAMEL :       759 C |  TBLBUFF_READ.NO_INDX :         68E C |
 TBLBUFF_READ.OVRW_LINK :       7B0 C |  TBLBUFF_READ.PASS_2 :          782 C |
 TBLBUFF_READ.PICK_TBL :        7D2 C |  TBLBUFF_READ.RNOT_PSG :        75B C |
 TBLBUFF_READ.SAME_LINK :       6FF C |  TBLBUFF_READ.SET_ASFULL :      7AD C |
 TBLBUFF_READ.SINGL_FREE :      798 C |  TBLBUFF_READ.SINGL_LINK :      729 C |
 TBLBUFF_READ.SRCH_FREE :       76E C |  TBLBUFF_READ.SRCH_LINK :       70B C |
 TBLBUFF_READ.SRCH_LLOOP :      715 C |  TBLBUFF_READ.TRACK_CONT :      656 C |
 TBLBUFF_READ.VALID :           66A C |  TBLFM :                       1BA0 C |
 TBLFM3 :                      1BE8 C |  TBLFM6 :                      1BFA C |
 TBLLIST :                     1B00 C |  TBLPCM :                      1B0E C |
 TBLPSG :                      1C0E C |  TBLPSGN :                     1C46 C |
 TBLPWM :                      1C58 C |  TBLZ_CLEAR :                   F0B C |
 TBLZ_CLEAR.CLR_ALL :           F15 C | *TEXTR_TEST :                     0 C |
 TH :                      20000000 - |  TICKCNT :                     1CF8 C |
 TICKFLAG :                    1CF7 C |  TICKSPSET :                   1CF6 C |
*TIME :                  "15:10:14" - | *TIMERCTL :                      30 - |
 TRACK_OUT :                    5B0 C |  TRACK_OUT.INDX_DEL :           5C5 C |
 TRACK_OUT.NOTHIN :             5F2 C |  TRACK_OUT.VALID :              5C4 C |
 TRKBLKS_0 :                   16CA C |  TRKBLKS_1 :                   16D2 C |
 TRKBLKS_2 :                   16DA C |  TRKBUFF_0 :                   16E2 C |
 TRKBUFF_1 :                   1721 C |  TRKBUFF_2 :                   1760 C |
 TRKCACH_0 :                   1F00 C |  TRKCACH_1 :                   1F20 C |
 TRKCACH_2 :                   1F40 C |  TRKCHNLS :                    1E00 C |
 TRKHDRS_0 :                   166A C |  TRKHDRS_1 :                   168A C |
 TRKHDRS_2 :                   16AA C |  TRKINFOCACH :                 165A C |
 TRUE :                           1 - | *TVMODE :                         0 - |
 UPD_SEQ :                      226 C |  UPD_SEQ.CHNL_FREE :            33C C |
 UPD_SEQ.CONT_CHNL :            346 C |  UPD_SEQ.DEC_ROW :              2DD C |
 UPD_SEQ.DEC_ROW_E :            2E0 C |  UPD_SEQ.EFFECT_FILL :          508 C |
 UPD_SEQ.EFF_A :                3C1 C |  UPD_SEQ.EFF_B :                3D2 C |
 UPD_SEQ.EFF_C :                3F0 C |  UPD_SEQ.EXIT :                 2D1 C |
 UPD_SEQ.FADE_OUT :             25E C |  UPD_SEQ.FIRST_BLK :            447 C |
 UPD_SEQ.FIRST_FILL :           50F C |  UPD_SEQ.FIRST_HEAD :           48D C |
 UPD_SEQ.GRAB_RHEAD :           59D C |  UPD_SEQ.HAS_NOTE :             2E8 C |
 UPD_SEQ.INC_CPATT :            3F3 C |  UPD_SEQ.KEEP_BLK :             463 C |
 UPD_SEQ.KEEP_IT :              4B3 C |  UPD_SEQ.KEEP_VOL :             274 C |
 UPD_SEQ.NEXT_CHNL :            31E C |  UPD_SEQ.NEXT_NOTE :            2C1 C |
 UPD_SEQ.NO_EFF :               38D C |  UPD_SEQ.NO_GLBL :              54F C |
 UPD_SEQ.NO_INS :               36E C |  UPD_SEQ.NO_NOTE :              363 C |
 UPD_SEQ.NO_VOL :               37A C |  UPD_SEQ.OLD_TYPE :             357 C |
 UPD_SEQ.RAN_OUT :              401 C |  UPD_SEQ.READ_SEQ :             23B C |
 UPD_SEQ.ROW_ACTIVE :           2BA C |  UPD_SEQ.SET_TRACK :            42B C |
 UPD_SEQ.SFXMD :                27E C |  UPD_SEQ.SRCH_NEW :             319 C |
 UPD_SEQ.SRCH_REROLL :          315 C |  UPD_SEQ.TOO_MUCH :             26A C |
 UPD_SEQ.TRACK_END :            502 C | *VATTR_FLIPH :                  800 - |
*VATTR_FLIPV :                 1000 - | *VATTR_HI :                    8000 - |
*VATTR_PAL1 :                  2000 - | *VATTR_PAL2 :                  4000 - |
*VATTR_PAL3 :                  6000 - | *VBLK :                          80 - |
*VDPSTS :                         A - |  VDP_CTRL :                  C00004 - |
 VDP_DATA :                  C00000 - | *VERSION :                     142F - |
 VIDEO_BUILDSPRITES :           5DA C |
 VIDEO_BUILDSPRITES.CHK_SPR_MR :                                        79A C |
 VIDEO_BUILDSPRITES.CHK_SPR_R : 778 C |  VIDEO_BUILDSPRITES.DONT_ADD :  74C C |
 VIDEO_BUILDSPRITES.EX_VRAM :   690 C |  VIDEO_BUILDSPRITES.EX_VRAMS :  6B4 C |
 VIDEO_BUILDSPRITES.EX_YEXT :   720 C |  VIDEO_BUILDSPRITES.FIRST_SPR : 5FA C |
 VIDEO_BUILDSPRITES.MK_PZ :     666 C |  VIDEO_BUILDSPRITES.NEXT :      642 C |
 VIDEO_BUILDSPRITES.NEXT_PZ :   602 C |  VIDEO_BUILDSPRITES.NO_MAP :    760 C |
 VIDEO_BUILDSPRITES.NO_PZ :     75C C | *VIDEO_BUILDSPRITES.NO_SLOT :   766 C |
 VIDEO_BUILDSPRITES.NO_SLOT_MR :                                        7AE C |
 VIDEO_BUILDSPRITES.NO_SLOT_R : 78C C |  VIDEO_BUILDSPRITES.NO_SLOT_S : 632 C |
 VIDEO_BUILDSPRITES.STOP_ALL :  76A C |  VIDEO_BUILDSPRITES.VRAM_H :    6E4 C |
 VIDEO_BUILDSPRITES.VRAM_V :    6CC C |  VIDEO_CLEAR :                  7E8 C |
 VIDEO_CLEAR.CLR_ME :           7F2 C | *VIDEO_CLEARSCREEN :            808 C |
 VIDEO_CLEARSCREEN.NOT_SMALL :  82E C | *VIDEO_COPY :                   B7E C |
 VIDEO_COPY.DMAW :              B88 C |  VIDEO_COPY.DMA_W :             BE4 C |
 VIDEO_DEFAULT :                49C C |  VIDEO_DISPLAYOFF :             842 C |
 VIDEO_DISPLAYON :              836 C |  VIDEO_DMAOFF :                 85A C |
 VIDEO_DMAON :                  84E C |  VIDEO_FADEIN_FULL :            FB4 C |
 VIDEO_FADEOUT_FULL :           FC6 C |  VIDEO_FADEPAL :               1018 C |
*VIDEO_FADEPAL_LIST :          106E C |  VIDEO_FADEPAL_LIST.INVALID :  1088 C |
 VIDEO_FADEPAL_LIST.NEXT_ONE : 107C C |  VIDEO_FILL :                   B06 C |
 VIDEO_INIT :                   410 C |  VIDEO_INIT.CLR_D :             446 C |
 VIDEO_INIT.CLR_PREQ :          45E C |  VIDEO_INIT.CLR_RAM :           41A C |
 VIDEO_INIT.COPY_DMA :          42C C |  VIDEO_INIT.DEF_REGSET :        494 C |
 VIDEO_INIT.DMA_ENTRY :         484 C | *VIDEO_INTENABLE :              872 C |
 VIDEO_LOADART :                9F4 C |  VIDEO_LOADART.BAD_SIZE :       A8E C |
 VIDEO_LOADART.LAST_SET :       A44 C |  VIDEO_LOADART.MK_SET :         A4C C |
 VIDEO_LOADART.NORMAL :         A3E C |  VIDEO_LOADART.RAM_WRITE :      A90 C |
 VIDEO_LOADART.SHARED_SETUP :   AA4 C |  VIDEO_LOADART_LIST :           AE6 C |
 VIDEO_LOADART_LIST.INVALID :   B00 C |  VIDEO_LOADART_LIST.NEXT_ONE :  AF2 C |
*VIDEO_LOADMAP :                CC0 C |  VIDEO_LOADMAP.BAD_SIZE :       D30 C |
 VIDEO_LOADMAP.MK_CELL :        D20 C |  VIDEO_LOADMAP.NON_BLANK :      D1E C |
 VIDEO_LOADMAP.X_LOOP :         D0E C |  VIDEO_LOADMAP.Y_LOOP :         CFA C |
*VIDEO_LOADMAPV :               D36 C |  VIDEO_LOADMAPV.BAD_SIZE :      DB8 C |
 VIDEO_LOADMAPV.BAD_SIZE_D :    E20 C |  VIDEO_LOADMAPV.DBLE_MODE :     DBE C |
 VIDEO_LOADMAPV.MK_CELL :       DA2 C |  VIDEO_LOADMAPV.MK_CELL_D :     E0A C |
 VIDEO_LOADMAPV.NON_BLANK :     DA0 C |  VIDEO_LOADMAPV.NON_BLANK_D :   E02 C |
 VIDEO_LOADMAPV.X_LOOP :        D7A C |  VIDEO_LOADMAPV.X_LOOP_D :      DD8 C |
 VIDEO_LOADMAPV.Y_LOOP :        D80 C |  VIDEO_LOADMAPV.Y_LOOP_D :      DDE C |
 VIDEO_LOADPAL :               1022 C | *VIDEO_LOADPAL_LIST :          104E C |
 VIDEO_LOADPAL_LIST.INVALID :  1068 C |  VIDEO_LOADPAL_LIST.NEXT_ONE : 105C C |
 VIDEO_MAKEDMAENTRY :           BFA C |  VIDEO_MAKEDMAENTRY.LAST_SET :  C4A C |
 VIDEO_MAKEDMAENTRY.MK_SET :    C52 C |  VIDEO_MAKEDMAENTRY.NORMAL :    C44 C |
 VIDEO_MAKEDMAENTRY.RAN_OUT :   CBE C |  VIDEO_MAKEFADE :               FDA C |
*VIDEO_MAKESPR :               144C C |  VIDEO_MAKESPR.CHK_FREE :      1458 C |
 VIDEO_MAKESPR.MK_SPR :        146A C |  VIDEO_MAKESPRMAP :            14FC C |
 VIDEO_MAKESPRMAP.CHK_FREE :   1508 C |  VIDEO_MAKESPRMAP.MK_SPR :     1518 C |
*VIDEO_MAKESPRMAP_DMA :        14E4 C | *VIDEO_MDMARS_MAKEFADE :        FD8 C |
 VIDEO_PRINT :                 10BC C |  VIDEO_PRINT.EXIT :            1128 C |
 VIDEO_PRINT.LOOP :            10F0 C |  VIDEO_PRINT.NEXT :            1122 C |
 VIDEO_PRINT.Q_LOOP :          1106 C |  VIDEO_PRINT.SPECIAL :         112E C |
*VIDEO_PRINTDEFPAL :           10A6 C |  VIDEO_PRINTDEFPAL_FADE :      109E C |
 VIDEO_PRINTINIT :             1094 C |  VIDEO_PRINTINITW :            108E C |
 VIDEO_PRINTVAL :              123A C | *VIDEO_PRINTVAL.LOOP :         126E C |
*VIDEO_PRINTVAL.Q_LOOP :       1284 C |  VIDEO_PRINTVALW :             1290 C |
*VIDEO_PRINTVALW.LOOP :        12E4 C |  VIDEO_PRINTVALW.NO_DBLE_Y :   12B8 C |
 VIDEO_PRINTW :                1146 C |  VIDEO_PRINTW.EXIT :           121A C |
 VIDEO_PRINTW.LOOP :           119A C |  VIDEO_PRINTW.NEXT :           1212 C |
 VIDEO_PRINTW.NO_DBLE_Y :      116E C |  VIDEO_PRINTW.SPECIAL :        1220 C |
 VIDEO_PRINTW.VER_CONT :       120C C |  VIDEO_PRINTW.VER_NORMAL :     11DA C |
 VIDEO_RENDER :                 4EA C |  VIDEO_RENDER.END :             5CE C |
 VIDEO_RENDER.EXIT :            5D8 C |  VIDEO_RENDER.NEXT :            5B4 C |
 VIDEO_RESOLUTION :             8C4 C |  VIDEO_RESOLUTION.EX_BIT :      8F8 C |
 VIDEO_RUNFADE :                E24 C |  VIDEO_RUNFADE.ALL_BLACK :      EF0 C |
 VIDEO_RUNFADE.BUSY_TIMER :     E6A C |  VIDEO_RUNFADE.FADE_IN :        EFE C |
 VIDEO_RUNFADE.FADE_LIST :      E76 C |  VIDEO_RUNFADE.FADE_OUT :       E8E C |
*VIDEO_RUNFADE.FDIN_NEND :      F94 C | *VIDEO_RUNFADE.FDOUT_NEND :     EFC C |
 VIDEO_RUNFADE.NEXT_COLOR :     E9C C |  VIDEO_RUNFADE.NEXT_IN :        F0A C |
 VIDEO_RUNFADE.NEXT_REQ :       E28 C |  VIDEO_RUNFADE.NOTHING :        E86 C |
 VIDEO_RUNFADE.NO_REQ :         E70 C |  VIDEO_RUNFADE.PFADE_DEL :      E86 C |
 VIDEO_RUNFADE.SAME_IN :        F7E C |  VIDEO_SETMAPSIZE :             9A0 C |
 VIDEO_SETMAPSIZE.SIZE_TBL :    9D4 C | *VIDEO_SETSPR :                1442 C |
 VIDEO_SETSPRMAP :             14DA C | *VIDEO_SETSPRMAP_DMA :         14D0 C |
 VIDEO_UPDMAPVRAM :             914 C |  VIDEO_UPDSPRHVRAM :            966 C |
 VIDEO_WAITFADE :               F96 C |  VIDEO_WAITFADE.LOOP :          F96 C |
 VIDEO_WAITFADE.NEXT_ONE :      FA4 C |  VIDMDSPR_MKSPR :              146C C |
 VIDMDSPR_MKSPR.DONT_ADD :     1496 C |  VIDMDSPR_MKSPRMAP :           151A C |
 VIDMD_CERROR :                14C6 C | *VIDMD_CFREEZE :               14CE C |
 VIDMD_PAL :                   102A C |  VIDMD_PAL.BAD :               1048 C |
 VIDMD_PAL.LOOP :              1042 C |  VIDMKFADE_GO :                 FF2 C |
 VIDPRINT_INIT :               1098 C |  VID_CHECKLASTSPR :             7B6 C |
 VID_CHECKLASTSPR.BLNK_FIRST :  7D0 C |  VID_CHECKLASTSPR.LAST_ONE :    7D6 C |
 VID_CHECKLASTSPR.SPR_EXIT :    7E6 C | *VID_FILLGO :                   B0E C |
 VID_FILLGO.DMAW :              B14 C |  VID_FILLGO.DMA_W :             B68 C |
 VID_FONTDEFPAL :              10AC C |  VID_MKDMACARRY :              14F6 C |
 VID_MKDMANEXT :               14EC C |  VID_MKMAPDMA :                1556 C |
 VID_MKMAPDMA.NEXT_PZ :        1576 C |  VID_MKMAPDMA.NO_DMA :         15A0 C |
 VID_PRINTTVAL :               12F8 C |  VID_PRINTTVAL.HEX_INCR :      1352 C |
 VID_PRINTTVAL.MK_VALUE :      1330 C |  VID_PRINTTVAL.SHOW_24 :       1324 C |
*VID_PRINTTVAL.SHOW_BYTE :     1314 C |  VID_PRINTTVAL.SHOW_LONG :     132C C |
 VID_PRINTTVAL.SHOW_NIBBL :    1342 C |  VID_PRINTTVAL.SHOW_WORD :     131C C |
 VID_PRINTTVALW :              1364 C |  VID_PRINTTVALW.GET_PREVAL :   142E C |
 VID_PRINTTVALW.HEX_INCR :     143C C |  VID_PRINTTVALW.MK_VALUE :     13A0 C |
 VID_PRINTTVALW.MK_VALUE_IN :  139C C |  VID_PRINTTVALW.NIBBL_CONT :   1426 C |
 VID_PRINTTVALW.NIBBL_NORM :   13F0 C |  VID_PRINTTVALW.SHOW_24 :      1390 C |
*VID_PRINTTVALW.SHOW_BYTE :    1380 C |  VID_PRINTTVALW.SHOW_LONG :    1398 C |
 VID_PRINTTVALW.SHOW_NIBBL :   13B2 C |  VID_PRINTTVALW.SHOW_WORD :    1388 C |
 VID_WRTREG01 :                 864 C |  VIEW_FAIRY :                     1 - |
 VIEW_GEMAINFO :                  1 - | *VINTCLR :                       16 - |
*VINTENBL :                      20 - |  VINT_DEFAULT :                1906 C |
*VIRQ_ON :                        8 - | *VRESINTCLR :                    14 - |
 WAVE_FLAGS :                  1CF5 C |  WAVE_LEN :                    1CED C |
 WAVE_LOOP :                   1CF0 C |  WAVE_PITCH :                  1CF3 C |
 WAVE_START :                  1CEA C |  WAVFREQ_CDPCM :               1432 C |
 WAVFREQ_LIST :                13D0 C |  X68KSRCLSB :                    35 C |
 X68KSRCMID :                    36 C | *YM_CTRL_1 :                 A04000 - |
*YM_CTRL_2 :                 A04002 - | *YM_DATA_1 :                 A04001 - |
*YM_DATA_2 :                 A04003 - | *Z80SYNTAX :                      0 - |
 Z80_BUS :                   A11100 - | *Z80_CODE :                    1F3A C |
*Z80_CODE_END :                3EC6 C | *Z80_CODE_EOF :                3EC6 C |
 Z80_CPU :                   A00000 - |  Z80_INIT :                      3E C |
*Z80_RESET :                 A11200 - | *ZBANK :                       6000 - |
 ZDRVFIFO :                    1F60 - |  ZDRVFWRT :                    1F80 - |
*ZDRVMARSBLK :                 1F89 - |  ZDRVMAXCMND :                   20 - |
*ZDRVMCDBLK :                  1F8A - | *ZDRVPALMODE :                 1F88 - |
 ZDRVRAMLEN :                  1F87 - |  ZDRVRAMSRC :                  1F86 - |
*ZDRVROMBLK :                  1F81 - | *ZMARS_SEND :                   F1A C |
*ZOPCEX :                         8 - |  ZOPCEXX :                       D9 - |
*ZOPCNOP :                        0 - |  ZOPCPUSHAF :                    F5 - |
 ZOPCRET :                       C9 - |  ZPSG_CTRL :                   7F11 - |
 ZTBL_CHIP :                      3 - |  ZTBL_FREQINDX :                  5 - |
 ZTBL_INSTCACH :                  A - |  ZTBL_LINK :                      0 - |
 ZTBL_MASTERVOL :                 4 - |  ZTBL_PITCHBEND :                 6 - |
 ZTBL_PRIORITY :                  2 - |  ZTBL_VOLSLIDE :                  8 - |
 ZTBL_VOLUME :                    7 - |  ZYM_CTRL_1 :                  4000 - |
 ZYM_CTRL_2 :                  4002 - |  ZYM_DATA_1 :                  4001 - |
 ZYM_DATA_2 :                  4003 - | *_CCR :                    FFFFFE92 - |
*_DMACHANNEL0 :            FFFFFF8C - | *_DMACHANNEL1 :            FFFFFF9C - |
*_DMACOUNT0 :              FFFFFF88 - | *_DMACOUNT1 :              FFFFFF98 - |
*_DMADEST0 :               FFFFFF84 - | *_DMADEST1 :               FFFFFF94 - |
*_DMAOPERATION :           FFFFFFB0 - | *_DMAREQACK0 :             FFFFFFB4 - |
*_DMAREQACK1 :             FFFFFFB8 - | *_DMASOURCE0 :             FFFFFF80 - |
*_DMASOURCE1 :             FFFFFF90 - | *_DMAVECTORE0 :            FFFFFFA4 - |
*_DMAVECTORE1 :            FFFFFFAC - | *_DMAVECTORN0 :            FFFFFFA0 - |
*_DMAVECTORN1 :            FFFFFFA8 - | *_FRAMEBUFFER :            24000000 - |
*_FRC_H :                         2 - | *_FRC_L :                         3 - |
*_FRT :                    FFFFFE10 - | *_HRH :                    FFFFFF10 - |
*_HRL :                    FFFFFF14 - | *_HRL32 :                  FFFFFF04 - |
*_JR :                     FFFFFF00 - | *_OCR_H :                         4 - |
*_OCR_L :                         5 - | *_OVERWRITE :              24020000 - |
*_PALETTE :                20004200 - | *_SERIAL :                 FFFFFE00 - |
*_SYSREG :                 20004000 - | *_TCR :                           6 - |
*_TCSR :                          1 - | *_TIER :                          0 - |
*_TOCR :                          7 - | *_VDPREG :                 20004100 - |

   1342 symbols
    452 unused symbols

 AS V1.42 Beta [Bld 212] - Source File main.asm - Page 3 - 5/24/2025 15:10:16


  Defined Macros:
  ---------------

BINCLUDE_DMA                          | BINCLUDE_DMA_E                       
CODE_BANK                             | DATA_BANK                            
DEND_BANK                             | ENDMEMORY                            
ERREPORT                              | FILLSECTORS                          
FS_FILE                               | FS_MKLIST                            
GEMAHEAD                              | GEMATRK                              
GINSDAC                               | GINSFM                               
GINSFM3                               | GINSNULL                             
GINSPCM                               | GINSPSG                              
GINSPSGN                              | GINSPWM                              
GSMPLDATA                             | GSMPLRAW                             
MARSVRAMDATA                          | MARSVRAMDEND                         
MCDSTAMPDATA                          | MCDSTAMPDEND                         
MEMORY                                | REPORT                               
ROMPAD                                | VDP_SHOWME                           

     30 macros

 AS V1.42 Beta [Bld 212] - Source File main.asm - Page 4 - 5/24/2025 15:10:16


  Defined Structures/Unions:
  --------------------------

MDSTMP
  0      (I16) FLAGS
  2      (I16) VRAMMAIN
  4      (I16) VRAMSEC
  6      (I16) VRAMSIZE
  8      (I16) VRAMLEN
  A      (I16) VRAMINCR
  C      (I16) STMPOUTB
  E      (I16) CURROUTFLIP
 10      (I16) FDROP
 12      (I32) CELLSTORAGE
 16      (I32) DOTINCR
 1A      (I32) BUFFINCR

OBJ
  0      (I32) CODE
  4      (I32) X
  8      (I32) Y
  C      (I32) Z
 10      (I16) SIZE_X
 12      (I16) SIZE_Y
 14      (I16) SIZE_Z
 16      (I16) X_SPD
 18      (I16) Y_SPD
 1A      (I16) Z_SPD
 1C      (I8) INDEX
 1D      (I8) SUBID
 1E      (I8) STATUS
 1F      (I8) ATTR
 20      (I16) FRAME
 22      (I16) ANIM_NUM
 24      (I16) ANIM_INDX
 26      (I8) ANIM_ICUR
 27      (I8) ANIM_SPD
 28      (I8) RAM

PAD
  0      (I8) ID
  1      (I8) VER
  2      (I16) HOLD
  4      (I16) PRESS
  6      (I16) RELEASE
  8      (I16) X
  A      (I16) Y
  C      (I16) PAGE
  E      (I16) EXT
 10      (I32) PORT

PALFD
  0      (I8) REQ
  1      (I8) DELAY
  2      (I8) START
  3      (I8) INCR
  4      (I8) TARGET
  5      (I8) TIMER
  6      (I16) NUM
4 structures
 AS V1.42 Beta [Bld 212] - Source File main.asm - Page 5 - 5/24/2025 15:10:16


  Defined Functions:
  ------------------

VDP_WRTL                              | FULL_LOC                             
CELL_NUM                              | SPLITW                               

 AS V1.42 Beta [Bld 212] - Source File main.asm - Page 6 - 5/24/2025 15:10:16


  Code Pages:
  ----------

STANDARD (0 changed characters)

1 code page

2.49 seconds assembly time

  15367 lines source file
  15864 lines incl. macro expansions
      6 passes
      0 errors
      0 warnings
